#VRML V2.0 utf8
# 3D model generated by easyeda2kicad.py (https://github.com/uPesy/easyeda2kicad.py)

Shape{
    appearance Appearance {
        material  Material 	{
            diffuseColor 0.25098039215686274 0.25098039215686274 0.25098039215686274
            specularColor 0.12549019607843137 0.12549019607843137 0.12549019607843137
            ambientIntensity 0.251
            transparency 0.0
            shininess 0.5
        }
    }
    geometry IndexedFaceSet {
        ccw TRUE
        solid FALSE
        coord DEF co Coordinate {
            point [
                3.191 -1.3058 2.2053, 3.191 -1.2849 2.1878, 3.191 -1.3516 2.4097, 3.191 -1.1875 2.7559, 3.191 -1.1737 2.7484, 3.191 -1.233 2.8881, 3.191 -1.0619 2.8907, 3.191 -1.0294 2.9082, 3.191 -1.089 3.0079, 3.191 -0.6814 2.7924, 3.191 -0.6656 2.7587, 3.191 -0.5557 2.7962, 3.191 -0.6547 2.7231, 3.191 -0.6494 2.6929, 3.191 -1.1607 2.4143, 3.191 -1.1427 2.4087, 3.191 -1.1027 2.5233, 3.191 -0.5768 2.4052, 3.191 -0.6034 2.3971, 3.191 -0.5751 2.2833, 3.191 -1.3535 2.2815, 3.191 -1.3418 2.2536, 3.191 -1.3259 2.2281, 3.191 -0.7126 2.5035, 3.191 -0.7719 2.6049, 3.191 -0.9804 2.3619, 3.191 -1.0283 2.471, 3.191 -0.9804 2.3428, 3.191 -1.084 2.1729, 3.191 -0.982 2.3182, 3.191 -1.058 2.1892, 3.191 -1.0366 2.2076, 3.191 -1.1908 2.2682, 3.191 -1.1982 2.1532, 3.191 -1.1737 2.2662, 3.191 -1.1718 2.1514, 3.191 -1.1554 2.2685, 3.191 -1.2237 2.2855, 3.191 -1.2085 2.2749, 3.191 -1.2582 2.1717, 3.191 -1.2291 2.16, 3.191 -1.1051 2.3703, 3.191 -1.1 2.3529, 3.191 -1.0994 2.3343, 3.191 -1.1034 2.3158, 3.191 -1.1119 2.2991, 3.191 -1.3303 2.7689, 3.191 -1.3549 2.882, 3.191 -1.3922 2.8697, 3.191 -0.6112 2.2777, 3.191 -0.6226 2.3944, 3.191 -0.724 2.2777, 3.191 -0.7087 2.3944, 3.191 -0.7336 2.2791, 3.191 -1.0484 3.0248, 3.191 -0.9946 2.9211, 3.191 -1.0065 3.037, 3.191 -1.3792 2.4251, 3.191 -1.4118 2.3027, 3.191 -1.3752 2.2879, 3.191 -1.3595 2.7574, 3.191 -1.4278 2.8526, 3.191 -1.3864 2.7412, 3.191 -1.4613 2.8309, 3.191 -1.4102 2.7209, 3.191 -1.0164 2.2315, 3.191 -1.0002 2.2584, 3.191 -0.9886 2.2875, 3.191 -1.2479 2.333, 3.191 -1.2438 2.3153, 3.191 -1.2358 2.2995, 3.191 -1.0749 2.5099, 3.191 -1.1269 2.3989, 3.191 -1.0499 2.4923, 3.191 -0.4912 2.5866, 3.191 -0.3898 2.6493, 3.191 -0.5016 2.6123, 3.191 -0.4071 2.6813, 3.191 -0.5166 2.6356, 3.191 -0.4289 2.7113, 3.191 -0.5355 2.6556, 3.191 -0.4547 2.7381, 3.191 -0.5574 2.6716, 3.191 -1.4255 2.4679, 3.191 -1.5066 2.3734, 3.191 -1.404 2.4446, 3.191 -1.4775 2.3454, 3.191 -1.4459 2.3218, 3.191 -1.3164 2.8894, 3.191 -1.2996 2.7755, 3.191 -1.277 2.8919, 3.191 -1.2751 2.7771, 3.191 -1.255 2.8907, 3.191 -1.2453 2.7746, 3.191 -1.2162 2.7676, 3.191 -1.2475 2.3517, 3.191 -1.2425 2.3699, 3.191 -1.3431 2.4294, 3.191 -1.233 2.3861, 3.191 -1.1737 2.4155, 3.191 -1.2022 2.5335, 3.191 -1.1917 2.4133, 3.191 -1.2313 2.5264, 3.191 -1.2085 2.4068, 3.191 -1.1327 2.5321, 3.191 -1.1618 2.5358, 3.191 -1.1718 2.536, 3.191 -1.1241 2.2851, 3.191 -1.1387 2.2749, 3.191 -1.1119 2.1611, 3.191 -1.1411 2.1539, 3.191 -0.5405 2.2937, 3.191 -0.5074 2.3088, 3.191 -0.5524 2.418, 3.191 -0.4765 2.3285, 3.191 -0.531 2.435, 3.191 -0.448 2.3526, 3.191 -0.5222 2.4441, 3.191 -0.437 2.3638, 3.191 -0.5062 2.466, 3.191 -1.1281 2.9862, 3.191 -1.1488 2.9723, 3.191 -1.0917 2.869, 3.191 -1.1792 2.9478, 3.191 -1.1182 2.8433, 3.191 -1.2069 2.9198, 3.191 -1.1409 2.8143, 3.191 -1.1594 2.7827, 3.191 -0.5724 2.8346, 3.191 -0.5936 2.8711, 3.191 -0.7017 2.8237, 3.191 -0.6196 2.9061, 3.191 -0.726 2.8518, 3.191 -1.4633 2.5514, 3.191 -1.577 2.5043, 3.191 -1.4551 2.521, 3.191 -1.5647 2.4667, 3.191 -1.4419 2.4924, 3.191 -1.5476 2.4308, 3.191 -1.526 2.3971, 3.191 -1.114 2.3856, 3.191 -0.4873 2.5162, 3.191 -0.3668 2.5289, 3.191 -0.4849 2.5437, 3.191 -0.3662 2.5456, 3.191 -0.4857 2.5593, 3.191 -0.3693 2.5813, 3.191 -0.3772 2.6158, 3.191 -0.4142 2.3923, 3.191 -0.3956 2.4233, 3.191 -0.4945 2.4903, 3.191 -0.3813 2.4568, 3.191 -0.3716 2.4922, 3.191 -1.2591 2.5146, 3.191 -1.2825 2.5002, 3.191 -1.2235 2.3964, 3.191 -1.3063 2.4801, 3.191 -1.3267 2.4563, 3.191 -0.718 2.3962, 3.191 -0.7646 2.2981, 3.191 -0.7589 2.2924, 3.191 -0.9192 3.0469, 3.191 -0.9173 2.9321, 3.191 -0.9059 3.0467, 3.191 -0.8808 2.9296, 3.191 -1.445 2.6736, 3.191 -1.5623 2.7034, 3.191 -1.4568 2.6457, 3.191 -1.5754 2.6661, 3.191 -1.464 2.6165, 3.191 -1.5837 2.6273, 3.191 -1.4664 2.5858, 3.191 -1.5869 2.59, 3.191 -1.4664 2.5803, 3.191 -1.587 2.5819, 3.191 -1.5845 2.5427, 3.191 -0.6341 2.6929, 3.191 -0.607 2.6905, 3.191 -0.5484 2.7938, 3.191 -0.5814 2.6833, 3.191 -0.5164 2.7803, 3.191 -0.4841 2.7613, 3.191 -0.7795 2.337, 3.191 -0.7778 2.3232, 3.191 -0.7729 2.3102, 3.191 -0.7123 2.3949, 3.191 -0.7463 2.2838, 3.191 -0.9635 3.0444, 3.191 -0.9581 2.9291, 3.191 -0.9229 2.932, 3.191 -0.7345 2.3946, 3.191 -0.7477 2.3895, 3.191 -0.7793 2.3428, 3.191 -0.7595 2.3813, 3.191 -0.7689 2.3708, 3.191 -0.7759 2.3574, 3.191 -1.4904 2.8066, 3.191 -1.4971 2.8001, 3.191 -1.4287 2.6995, 3.191 -1.5229 2.7707, 3.191 -1.5446 2.7384, 3.191 -0.7202 2.3964, 3.191 -0.6501 2.9391, 3.191 -0.659 2.9474, 3.191 -0.7495 2.873, 3.191 -0.6954 2.9757, 3.191 -0.7796 2.8939, 3.191 -0.7344 2.9996, 3.191 -0.8118 2.9104, 3.191 -0.7755 3.0189, 3.191 -0.8457 2.9224, 3.191 -0.8181 3.0332, 3.191 -0.8617 3.0425, 3.187 -0.7719 2.6049, 3.187 -0.7126 2.5035, 3.187 -1.0283 2.471, 3.187 -0.9804 2.3619, 3.187 -1.084 2.1729, 3.187 -0.9804 2.3428, 3.187 -0.982 2.3182, 3.187 -1.058 2.1892, 3.187 -1.0366 2.2076, 3.187 -1.1917 2.4133, 3.187 -1.2085 2.4068, 3.187 -1.3516 2.4097, 3.187 -1.2235 2.3964, 3.187 -1.0294 2.9082, 3.187 -1.0619 2.8907, 3.187 -1.1281 2.9862, 3.187 -1.3058 2.2053, 3.187 -1.3259 2.2281, 3.187 -1.2425 2.3699, 3.187 -1.3418 2.2536, 3.187 -1.3535 2.2815, 3.187 -1.1119 2.2991, 3.187 -1.1034 2.3158, 3.187 -1.0994 2.3343, 3.187 -1.1 2.3529, 3.187 -1.4551 2.521, 3.187 -1.4419 2.4924, 3.187 -1.5476 2.4308, 3.187 -0.9886 2.2875, 3.187 -1.0002 2.2584, 3.187 -1.0164 2.2315, 3.187 -1.1737 2.2662, 3.187 -1.1554 2.2685, 3.187 -1.1411 2.1539, 3.187 -1.3595 2.7574, 3.187 -1.3922 2.8697, 3.187 -1.3303 2.7689, 3.187 -1.3549 2.882, 3.187 -1.2996 2.7755, 3.187 -1.3164 2.8894, 3.187 -1.2751 2.7771, 3.187 -1.526 2.3971, 3.187 -1.4255 2.4679, 3.187 -1.5066 2.3734, 3.187 -1.404 2.4446, 3.187 -1.4775 2.3454, 3.187 -1.4459 2.3218, 3.187 -1.3792 2.4251, 3.187 -1.4118 2.3027, 3.187 -1.3752 2.2879, 3.187 -1.233 2.3861, 3.187 -0.7017 2.8237, 3.187 -0.5936 2.8711, 3.187 -0.6814 2.7924, 3.187 -0.5724 2.8346, 3.187 -0.6656 2.7587, 3.187 -0.5557 2.7962, 3.187 -0.6547 2.7231, 3.187 -1.1488 2.9723, 3.187 -1.0917 2.869, 3.187 -1.1792 2.9478, 3.187 -0.5814 2.6833, 3.187 -0.607 2.6905, 3.187 -1.2475 2.3517, 3.187 -1.2479 2.333, 3.187 -1.2438 2.3153, 3.187 -1.2069 2.9198, 3.187 -1.1182 2.8433, 3.187 -1.233 2.8881, 3.187 -1.1409 2.8143, 3.187 -1.1594 2.7827, 3.187 -0.4945 2.4903, 3.187 -0.3956 2.4233, 3.187 -0.5062 2.466, 3.187 -0.4142 2.3923, 3.187 -0.5222 2.4441, 3.187 -0.437 2.3638, 3.187 -0.531 2.435, 3.187 -0.448 2.3526, 3.187 -0.5524 2.418, 3.187 -0.5016 2.6123, 3.187 -0.3898 2.6493, 3.187 -0.4912 2.5866, 3.187 -0.3772 2.6158, 3.187 -0.4857 2.5593, 3.187 -0.3693 2.5813, 3.187 -0.4849 2.5437, 3.187 -0.6341 2.6929, 3.187 -0.6494 2.6929, 3.187 -1.2085 2.2749, 3.187 -1.2849 2.1878, 3.187 -1.2237 2.2855, 3.187 -1.2358 2.2995, 3.187 -1.1737 2.4155, 3.187 -1.1618 2.5358, 3.187 -1.1607 2.4143, 3.187 -1.1327 2.5321, 3.187 -1.1427 2.4087, 3.187 -1.277 2.8919, 3.187 -1.255 2.8907, 3.187 -1.2453 2.7746, 3.187 -1.2162 2.7676, 3.187 -1.1119 2.1611, 3.187 -1.1387 2.2749, 3.187 -1.1241 2.2851, 3.187 -1.1027 2.5233, 3.187 -1.0749 2.5099, 3.187 -1.1269 2.3989, 3.187 -1.0499 2.4923, 3.187 -1.114 2.3856, 3.187 -1.1051 2.3703, 3.187 -1.2591 2.5146, 3.187 -1.2313 2.5264, 3.187 -1.1875 2.7559, 3.187 -1.1737 2.7484, 3.187 -0.7589 2.2924, 3.187 -0.7646 2.2981, 3.187 -0.718 2.3962, 3.187 -0.7729 2.3102, 3.187 -0.3662 2.5456, 3.187 -0.3668 2.5289, 3.187 -0.4873 2.5162, 3.187 -0.3716 2.4922, 3.187 -0.3813 2.4568, 3.187 -0.5484 2.7938, 3.187 -0.5164 2.7803, 3.187 -0.5574 2.6716, 3.187 -0.4841 2.7613, 3.187 -0.5355 2.6556, 3.187 -0.4547 2.7381, 3.187 -0.5166 2.6356, 3.187 -0.4289 2.7113, 3.187 -0.4071 2.6813, 3.187 -1.1718 2.1514, 3.187 -1.1982 2.1532, 3.187 -1.1908 2.2682, 3.187 -1.2291 2.16, 3.187 -1.2582 2.1717, 3.187 -1.3267 2.4563, 3.187 -1.3063 2.4801, 3.187 -1.2825 2.5002, 3.187 -1.2022 2.5335, 3.187 -1.1718 2.536, 3.187 -1.4568 2.6457, 3.187 -1.5623 2.7034, 3.187 -1.445 2.6736, 3.187 -1.5446 2.7384, 3.187 -1.4287 2.6995, 3.187 -1.5647 2.4667, 3.187 -1.577 2.5043, 3.187 -1.4633 2.5514, 3.187 -1.5845 2.5427, 3.187 -1.4664 2.5803, 3.187 -1.587 2.5819, 3.187 -1.4664 2.5858, 3.187 -1.5869 2.59, 3.187 -1.464 2.6165, 3.187 -1.5837 2.6273, 3.187 -1.5754 2.6661, 3.187 -0.4765 2.3285, 3.187 -0.5074 2.3088, 3.187 -0.5768 2.4052, 3.187 -0.5405 2.2937, 3.187 -0.6034 2.3971, 3.187 -0.5751 2.2833, 3.187 -0.6226 2.3944, 3.187 -0.6112 2.2777, 3.187 -0.7087 2.3944, 3.187 -0.724 2.2777, 3.187 -0.7123 2.3949, 3.187 -0.7336 2.2791, 3.187 -0.7463 2.2838, 3.187 -0.7778 2.3232, 3.187 -0.7795 2.337, 3.187 -0.7793 2.3428, 3.187 -1.3431 2.4294, 3.187 -1.5229 2.7707, 3.187 -1.4971 2.8001, 3.187 -1.4102 2.7209, 3.187 -1.4904 2.8066, 3.187 -1.3864 2.7412, 3.187 -1.4613 2.8309, 3.187 -1.4278 2.8526, 3.187 -0.7759 2.3574, 3.187 -0.7689 2.3708, 3.187 -0.7595 2.3813, 3.187 -0.7477 2.3895, 3.187 -0.7495 2.873, 3.187 -0.659 2.9474, 3.187 -0.726 2.8518, 3.187 -0.6501 2.9391, 3.187 -0.6196 2.9061, 3.187 -1.089 3.0079, 3.187 -1.0484 3.0248, 3.187 -0.9946 2.9211, 3.187 -1.0065 3.037, 3.187 -0.9581 2.9291, 3.187 -0.9635 3.0444, 3.187 -0.9229 2.932, 3.187 -0.9192 3.0469, 3.187 -0.9173 2.9321, 3.187 -0.9059 3.0467, 3.187 -0.8808 2.9296, 3.187 -0.8617 3.0425, 3.187 -0.8457 2.9224, 3.187 -0.8181 3.0332, 3.187 -0.8118 2.9104, 3.187 -0.7755 3.0189, 3.187 -0.7796 2.8939, 3.187 -0.7344 2.9996, 3.187 -0.6954 2.9757, 3.187 -0.7345 2.3946, 3.187 -0.7202 2.3964
            ]
        }
        coordIndex [
            0,1,2,-1,3,4,5,-1,6,7,8,-1,9,10,11,-1,11,10,12,-1,11,12,13,-1,14,15,16,-1,17,18,19,-1,20,21,2,-1,2,21,22,-1,2,22,0,-1,23,24,25,-1,25,24,26,-1,25,26,27,-1,27,26,28,-1,27,28,29,-1,29,28,30,-1,29,30,31,-1,32,33,34,-1,34,33,35,-1,34,35,36,-1,37,1,38,-1,38,1,39,-1,38,39,32,-1,32,39,40,-1,32,40,33,-1,41,42,26,-1,26,42,43,-1,26,43,28,-1,28,43,44,-1,28,44,45,-1,46,47,48,-1,19,18,49,-1,49,18,50,-1,49,50,51,-1,51,50,52,-1,51,52,53,-1,8,7,54,-1,54,7,55,-1,54,55,56,-1,57,58,2,-1,2,58,59,-1,2,59,20,-1,46,48,60,-1,60,48,61,-1,60,61,62,-1,62,61,63,-1,62,63,64,-1,31,65,29,-1,29,65,66,-1,29,66,67,-1,68,2,69,-1,69,2,1,-1,69,1,70,-1,70,1,37,-1,16,15,71,-1,71,15,72,-1,71,72,73,-1,74,75,76,-1,76,75,77,-1,76,77,78,-1,78,77,79,-1,78,79,80,-1,80,79,81,-1,80,81,82,-1,83,84,85,-1,85,84,86,-1,85,86,57,-1,57,86,87,-1,57,87,58,-1,47,46,88,-1,88,46,89,-1,88,89,90,-1,90,89,91,-1,90,91,92,-1,92,91,93,-1,92,93,5,-1,5,93,94,-1,5,94,3,-1,68,95,2,-1,2,95,96,-1,2,96,97,-1,97,96,98,-1,99,100,101,-1,101,100,102,-1,101,102,103,-1,16,104,14,-1,14,104,105,-1,14,105,99,-1,99,105,106,-1,99,106,100,-1,45,107,28,-1,28,107,108,-1,28,108,109,-1,109,108,36,-1,109,36,110,-1,110,36,35,-1,19,111,17,-1,17,111,112,-1,17,112,113,-1,113,112,114,-1,113,114,115,-1,115,114,116,-1,115,116,117,-1,117,116,118,-1,117,118,119,-1,8,120,6,-1,6,120,121,-1,6,121,122,-1,122,121,123,-1,122,123,124,-1,124,123,125,-1,124,125,126,-1,126,125,5,-1,126,5,127,-1,127,5,4,-1,11,128,9,-1,9,128,129,-1,9,129,130,-1,130,129,131,-1,130,131,132,-1,133,134,135,-1,135,134,136,-1,135,136,137,-1,137,136,138,-1,137,138,83,-1,83,138,139,-1,83,139,84,-1,73,72,26,-1,26,72,140,-1,26,140,41,-1,141,142,143,-1,143,142,144,-1,143,144,145,-1,145,144,146,-1,145,146,74,-1,74,146,147,-1,74,147,75,-1,118,148,119,-1,119,148,149,-1,119,149,150,-1,150,149,151,-1,150,151,141,-1,141,151,152,-1,141,152,142,-1,102,153,103,-1,103,153,154,-1,103,154,155,-1,155,154,156,-1,155,156,98,-1,98,156,157,-1,98,157,97,-1,158,159,160,-1,161,162,163,-1,163,162,164,-1,165,166,167,-1,167,166,168,-1,167,168,169,-1,169,168,170,-1,169,170,171,-1,171,170,172,-1,171,172,173,-1,173,172,174,-1,173,174,133,-1,133,174,175,-1,133,175,134,-1,13,176,11,-1,11,176,177,-1,11,177,178,-1,178,177,179,-1,178,179,180,-1,180,179,82,-1,180,82,181,-1,181,82,81,-1,182,183,158,-1,158,183,184,-1,158,184,159,-1,52,185,53,-1,53,185,158,-1,53,158,186,-1,186,158,160,-1,56,55,187,-1,187,55,188,-1,187,188,161,-1,161,188,189,-1,161,189,162,-1,190,191,192,-1,191,193,192,-1,192,193,194,-1,192,194,195,-1,63,196,64,-1,64,196,197,-1,64,197,198,-1,198,197,199,-1,198,199,165,-1,165,199,200,-1,165,200,166,-1,182,158,192,-1,192,158,201,-1,192,201,190,-1,131,202,132,-1,132,202,203,-1,132,203,204,-1,204,203,205,-1,204,205,206,-1,206,205,207,-1,206,207,208,-1,208,207,209,-1,208,209,210,-1,210,209,211,-1,210,211,164,-1,164,211,212,-1,164,212,163,-1,213,214,215,-1,215,214,216,-1,215,216,217,-1,216,218,217,-1,217,218,219,-1,217,219,220,-1,220,219,221,-1,222,223,224,-1,224,223,225,-1,226,227,228,-1,229,230,231,-1,231,230,232,-1,231,232,233,-1,234,235,217,-1,217,235,236,-1,217,236,215,-1,215,236,237,-1,238,239,240,-1,241,242,219,-1,219,242,243,-1,219,243,221,-1,244,245,246,-1,247,248,249,-1,249,248,250,-1,249,250,251,-1,251,250,252,-1,251,252,253,-1,240,239,254,-1,254,239,255,-1,254,255,256,-1,256,255,257,-1,256,257,258,-1,258,257,259,-1,259,257,260,-1,259,260,261,-1,261,260,224,-1,261,224,262,-1,262,224,225,-1,262,225,233,-1,233,225,263,-1,233,263,231,-1,264,265,266,-1,266,265,267,-1,266,267,268,-1,268,267,269,-1,268,269,270,-1,228,227,271,-1,271,227,272,-1,271,272,273,-1,274,275,269,-1,231,276,229,-1,229,276,277,-1,229,277,278,-1,273,272,279,-1,279,272,280,-1,279,280,281,-1,281,280,282,-1,281,282,283,-1,284,285,286,-1,286,285,287,-1,286,287,288,-1,288,287,289,-1,288,289,290,-1,290,289,291,-1,290,291,292,-1,293,294,295,-1,295,294,296,-1,295,296,297,-1,297,296,298,-1,297,298,299,-1,275,300,269,-1,269,300,301,-1,269,301,270,-1,302,303,304,-1,304,303,229,-1,304,229,305,-1,305,229,278,-1,306,307,308,-1,308,307,309,-1,308,309,310,-1,252,311,253,-1,253,311,312,-1,253,312,313,-1,313,312,281,-1,313,281,314,-1,246,245,315,-1,315,245,316,-1,315,316,217,-1,217,316,317,-1,217,317,234,-1,309,318,310,-1,310,318,319,-1,310,319,320,-1,320,319,321,-1,320,321,322,-1,322,321,215,-1,322,215,323,-1,323,215,237,-1,306,324,325,-1,314,281,326,-1,326,281,283,-1,326,283,327,-1,328,329,330,-1,330,329,331,-1,298,332,299,-1,299,332,333,-1,299,333,334,-1,334,333,335,-1,334,335,284,-1,284,335,336,-1,284,336,285,-1,269,337,274,-1,274,337,338,-1,274,338,339,-1,339,338,340,-1,339,340,341,-1,341,340,342,-1,341,342,343,-1,343,342,344,-1,343,344,293,-1,293,344,345,-1,293,345,294,-1,246,346,244,-1,244,346,347,-1,244,347,348,-1,348,347,349,-1,348,349,302,-1,302,349,350,-1,302,350,303,-1,351,352,306,-1,306,352,353,-1,306,353,324,-1,325,354,306,-1,306,354,355,-1,306,355,307,-1,356,357,358,-1,358,357,359,-1,358,359,360,-1,240,361,238,-1,238,361,362,-1,238,362,363,-1,363,362,364,-1,363,364,365,-1,365,364,366,-1,365,366,367,-1,367,366,368,-1,367,368,369,-1,369,368,370,-1,369,370,356,-1,356,370,371,-1,356,371,357,-1,291,372,292,-1,292,372,373,-1,292,373,374,-1,374,373,375,-1,374,375,376,-1,376,375,377,-1,376,377,378,-1,378,377,379,-1,378,379,380,-1,380,379,381,-1,380,381,382,-1,382,381,383,-1,382,383,330,-1,330,383,384,-1,330,384,328,-1,331,385,330,-1,330,385,386,-1,330,386,387,-1,222,224,306,-1,306,224,388,-1,306,388,351,-1,359,389,360,-1,360,389,390,-1,360,390,391,-1,391,390,392,-1,391,392,393,-1,393,392,394,-1,393,394,247,-1,247,394,395,-1,247,395,248,-1,396,397,387,-1,387,397,398,-1,387,398,399,-1,400,401,402,-1,402,401,403,-1,402,403,264,-1,264,403,404,-1,264,404,265,-1,228,405,226,-1,226,405,406,-1,226,406,407,-1,407,406,408,-1,407,408,409,-1,409,408,410,-1,409,410,411,-1,411,410,412,-1,411,412,413,-1,413,412,414,-1,413,414,415,-1,415,414,416,-1,415,416,417,-1,417,416,418,-1,417,418,419,-1,419,418,420,-1,419,420,421,-1,421,420,422,-1,421,422,400,-1,400,422,423,-1,400,423,401,-1,399,424,387,-1,387,424,425,-1,387,425,330,-1,144,332,298,-1,144,298,146,-1,146,298,296,-1,146,296,147,-1,147,296,294,-1,147,294,75,-1,75,294,345,-1,75,345,77,-1,77,345,344,-1,77,344,79,-1,79,344,342,-1,79,342,81,-1,81,342,340,-1,81,340,181,-1,181,340,338,-1,181,338,180,-1,180,338,337,-1,180,337,178,-1,178,337,269,-1,178,269,11,-1,11,269,267,-1,11,267,128,-1,128,267,265,-1,128,265,129,-1,129,265,404,-1,129,404,131,-1,131,404,403,-1,131,403,202,-1,202,403,401,-1,202,401,203,-1,203,401,423,-1,203,423,205,-1,205,423,422,-1,205,422,207,-1,207,422,420,-1,207,420,209,-1,209,420,418,-1,209,418,211,-1,211,418,416,-1,211,416,212,-1,212,416,414,-1,212,414,163,-1,163,414,412,-1,163,412,161,-1,161,412,410,-1,161,410,187,-1,187,410,408,-1,187,408,56,-1,56,408,406,-1,56,406,54,-1,54,406,405,-1,54,405,8,-1,8,405,228,-1,8,228,120,-1,120,228,271,-1,120,271,121,-1,121,271,273,-1,121,273,123,-1,123,273,279,-1,123,279,125,-1,125,279,281,-1,125,281,5,-1,5,281,312,-1,5,312,92,-1,92,312,311,-1,92,311,90,-1,90,311,252,-1,90,252,88,-1,88,252,250,-1,88,250,47,-1,47,250,248,-1,47,248,48,-1,48,248,395,-1,48,395,61,-1,61,395,394,-1,61,394,63,-1,63,394,392,-1,63,392,196,-1,196,392,390,-1,196,390,197,-1,197,390,389,-1,197,389,199,-1,199,389,359,-1,199,359,200,-1,200,359,357,-1,200,357,166,-1,166,357,371,-1,166,371,168,-1,168,371,370,-1,168,370,170,-1,170,370,368,-1,170,368,172,-1,172,368,366,-1,172,366,174,-1,174,366,364,-1,174,364,175,-1,175,364,362,-1,175,362,134,-1,134,362,361,-1,134,361,136,-1,136,361,240,-1,136,240,138,-1,138,240,254,-1,138,254,139,-1,139,254,256,-1,139,256,84,-1,84,256,258,-1,84,258,86,-1,86,258,259,-1,86,259,87,-1,87,259,261,-1,87,261,58,-1,58,261,262,-1,58,262,59,-1,59,262,233,-1,59,233,20,-1,20,233,232,-1,20,232,21,-1,21,232,230,-1,21,230,22,-1,22,230,229,-1,22,229,0,-1,0,229,303,-1,0,303,1,-1,1,303,350,-1,1,350,39,-1,39,350,349,-1,39,349,40,-1,40,349,347,-1,40,347,33,-1,33,347,346,-1,33,346,35,-1,35,346,246,-1,35,246,110,-1,110,246,315,-1,110,315,109,-1,109,315,217,-1,109,217,28,-1,28,217,220,-1,28,220,30,-1,30,220,221,-1,30,221,31,-1,31,221,243,-1,31,243,65,-1,65,243,242,-1,65,242,66,-1,66,242,241,-1,66,241,67,-1,67,241,219,-1,67,219,29,-1,29,219,218,-1,29,218,27,-1,25,27,216,-1,216,27,218,-1,23,25,214,-1,214,25,216,-1,24,23,213,-1,213,23,214,-1,26,24,215,-1,215,24,213,-1,26,215,321,-1,26,321,73,-1,73,321,319,-1,73,319,71,-1,71,319,318,-1,71,318,16,-1,16,318,309,-1,16,309,104,-1,104,309,307,-1,104,307,105,-1,105,307,355,-1,105,355,106,-1,106,355,354,-1,106,354,100,-1,100,354,325,-1,100,325,102,-1,102,325,324,-1,102,324,153,-1,153,324,353,-1,153,353,154,-1,154,353,352,-1,154,352,156,-1,156,352,351,-1,156,351,157,-1,157,351,388,-1,157,388,97,-1,97,388,224,-1,97,224,2,-1,2,224,260,-1,2,260,57,-1,57,260,257,-1,57,257,85,-1,85,257,255,-1,85,255,83,-1,83,255,239,-1,83,239,137,-1,137,239,238,-1,137,238,135,-1,135,238,363,-1,135,363,133,-1,133,363,365,-1,133,365,173,-1,173,365,367,-1,173,367,171,-1,171,367,369,-1,171,369,169,-1,169,369,356,-1,169,356,167,-1,167,356,358,-1,167,358,165,-1,165,358,360,-1,165,360,198,-1,198,360,391,-1,198,391,64,-1,64,391,393,-1,64,393,62,-1,62,393,247,-1,62,247,60,-1,60,247,249,-1,60,249,46,-1,46,249,251,-1,46,251,89,-1,89,251,253,-1,89,253,91,-1,91,253,313,-1,91,313,93,-1,93,313,314,-1,93,314,94,-1,94,314,326,-1,94,326,3,-1,3,326,327,-1,3,327,4,-1,4,327,283,-1,4,283,127,-1,127,283,282,-1,127,282,126,-1,126,282,280,-1,126,280,124,-1,124,280,272,-1,124,272,122,-1,122,272,227,-1,122,227,6,-1,6,227,226,-1,6,226,7,-1,7,226,407,-1,7,407,55,-1,55,407,409,-1,55,409,188,-1,188,409,411,-1,188,411,189,-1,189,411,413,-1,189,413,162,-1,162,413,415,-1,162,415,164,-1,164,415,417,-1,164,417,210,-1,210,417,419,-1,210,419,208,-1,208,419,421,-1,208,421,206,-1,206,421,400,-1,206,400,204,-1,204,400,402,-1,204,402,132,-1,132,402,264,-1,132,264,130,-1,130,264,266,-1,130,266,9,-1,9,266,268,-1,9,268,10,-1,10,268,270,-1,10,270,12,-1,12,270,301,-1,12,301,13,-1,176,13,300,-1,300,13,301,-1,176,300,275,-1,176,275,177,-1,177,275,274,-1,177,274,179,-1,179,274,339,-1,179,339,82,-1,82,339,341,-1,82,341,80,-1,80,341,343,-1,80,343,78,-1,78,343,293,-1,78,293,76,-1,76,293,295,-1,76,295,74,-1,74,295,297,-1,74,297,145,-1,145,297,299,-1,145,299,143,-1,143,299,334,-1,143,334,141,-1,141,334,284,-1,141,284,150,-1,150,284,286,-1,150,286,119,-1,119,286,288,-1,119,288,117,-1,117,288,290,-1,117,290,115,-1,115,290,292,-1,115,292,113,-1,113,292,374,-1,113,374,17,-1,17,374,376,-1,17,376,18,-1,18,376,378,-1,18,378,50,-1,52,50,380,-1,380,50,378,-1,52,380,382,-1,52,382,185,-1,185,382,330,-1,185,330,158,-1,158,330,425,-1,158,425,201,-1,201,425,424,-1,201,424,190,-1,190,424,399,-1,190,399,191,-1,191,399,398,-1,191,398,193,-1,193,398,397,-1,193,397,194,-1,194,397,396,-1,194,396,195,-1,195,396,387,-1,195,387,192,-1,192,387,386,-1,192,386,182,-1,182,386,385,-1,182,385,183,-1,183,385,331,-1,183,331,184,-1,184,331,329,-1,184,329,159,-1,159,329,328,-1,159,328,160,-1,160,328,384,-1,160,384,186,-1,186,384,383,-1,186,383,53,-1,53,383,381,-1,53,381,51,-1,49,51,379,-1,379,51,381,-1,49,379,377,-1,49,377,19,-1,19,377,375,-1,19,375,111,-1,111,375,373,-1,111,373,112,-1,112,373,372,-1,112,372,114,-1,114,372,291,-1,114,291,116,-1,116,291,289,-1,116,289,118,-1,118,289,287,-1,118,287,148,-1,148,287,285,-1,148,285,149,-1,149,285,336,-1,149,336,151,-1,151,336,335,-1,151,335,152,-1,152,335,333,-1,152,333,142,-1,142,333,332,-1,142,332,144,-1,99,306,308,-1,99,308,14,-1,14,308,310,-1,14,310,15,-1,15,310,320,-1,15,320,72,-1,72,320,322,-1,72,322,140,-1,140,322,323,-1,140,323,41,-1,41,323,237,-1,41,237,42,-1,42,237,236,-1,42,236,43,-1,43,236,235,-1,43,235,44,-1,44,235,234,-1,44,234,45,-1,45,234,317,-1,45,317,107,-1,107,317,316,-1,107,316,108,-1,108,316,245,-1,108,245,36,-1,36,245,244,-1,36,244,34,-1,34,244,348,-1,34,348,32,-1,32,348,302,-1,32,302,38,-1,38,302,304,-1,38,304,37,-1,37,304,305,-1,37,305,70,-1,70,305,278,-1,70,278,69,-1,69,278,277,-1,69,277,68,-1,68,277,276,-1,68,276,95,-1,95,276,231,-1,95,231,96,-1,96,231,263,-1,96,263,98,-1,98,263,225,-1,98,225,155,-1,155,225,223,-1,155,223,103,-1,103,223,222,-1,103,222,101,-1,101,222,306,-1,101,306,99,-1,
        ]
    }
}
Shape{
    appearance Appearance {
        material  Material 	{
            diffuseColor 0.7529411764705882 0.7529411764705882 0.7529411764705882
            specularColor 0.3764705882352941 0.3764705882352941 0.3764705882352941
            ambientIntensity 0.7529
            transparency 0.0
            shininess 0.5
        }
    }
    geometry IndexedFaceSet {
        ccw TRUE
        solid FALSE
        coord DEF co Coordinate {
            point [
                0.0741 3.6625 -0.0, 0.0531 3.6768 -0.0, 0.2737 3.8113 -0.0, 0.0295 3.4599 -0.0, 0.0531 3.4693 -0.0, 0.3918 3.2011 -0.0, 0.0741 3.4835 -0.0, 0.0916 3.502 -0.0, 0.0295 3.6862 -0.0, 0.0044 3.6903 -0.0, -0.2775 3.8113 -0.0, -0.0209 3.6889 -0.0, -0.0454 3.6821 -0.0, -0.1026 3.5125 -0.0, -0.0872 3.4923 -0.0, -0.3956 3.2011 -0.0, -0.0678 3.4758 -0.0, -0.3956 3.6932 -0.0, -0.3934 3.7162 -0.0, -0.1132 3.6105 -0.0, -0.1187 3.5857 -0.0, -0.1187 3.5603 -0.0, -0.1132 3.5355 -0.0, -0.0454 3.4639 -0.0, -0.0209 3.4571 -0.0, 0.0044 3.4558 -0.0, 0.1046 3.5237 -0.0, 0.1128 3.5478 -0.0, 0.3918 3.6932 -0.0, 0.1155 3.573 -0.0, 0.1128 3.5983 -0.0, 0.3895 3.7162 -0.0, 0.1046 3.6223 -0.0, 0.3828 3.7384 -0.0, -0.3866 3.7384 -0.0, -0.3757 3.7588 -0.0, -0.1026 3.6336 -0.0, -0.361 3.7767 -0.0, -0.3431 3.7914 -0.0, 0.0916 3.6441 -0.0, 0.2967 3.809 -0.0, 0.3189 3.8023 -0.0, 0.3393 3.7914 -0.0, -0.0678 3.6702 -0.0, -0.0872 3.6538 -0.0, -0.3006 3.809 -0.0, -0.3227 3.8023 -0.0, 0.3572 3.7767 -0.0, 0.3719 3.7588 -0.0, -0.2775 3.8113 0.1378, 0.2737 3.8113 0.1378, 0.0741 3.4835 0.1378, 0.0531 3.4693 0.1378, 0.3918 3.2208 0.1378, 0.1128 3.5478 0.1378, 0.1046 3.5237 0.1378, 0.0916 3.502 0.1378, -0.0209 3.6889 0.1378, 0.0044 3.6903 0.1378, 0.0295 3.6862 0.1378, -0.0209 3.4571 0.1378, -0.3956 3.2208 0.1378, 0.0044 3.4558 0.1378, 0.0295 3.4599 0.1378, 0.1155 3.573 0.1378, 0.3918 3.6932 0.1378, 0.1128 3.5983 0.1378, 0.3895 3.7162 0.1378, 0.1046 3.6223 0.1378, 0.3828 3.7384 0.1378, 0.3719 3.7588 0.1378, 0.0531 3.6768 0.1378, 0.0741 3.6625 0.1378, 0.2967 3.809 0.1378, 0.0916 3.6441 0.1378, 0.3189 3.8023 0.1378, -0.0454 3.4639 0.1378, -0.0678 3.4758 0.1378, -0.0872 3.4923 0.1378, 0.3572 3.7767 0.1378, 0.3393 3.7914 0.1378, -0.0872 3.6538 0.1378, -0.0678 3.6702 0.1378, -0.0454 3.6821 0.1378, -0.1026 3.5125 0.1378, -0.1132 3.5355 0.1378, -0.3956 3.6932 0.1378, -0.1026 3.6336 0.1378, -0.3006 3.809 0.1378, -0.3227 3.8023 0.1378, -0.3431 3.7914 0.1378, -0.361 3.7767 0.1378, -0.1132 3.6105 0.1378, -0.3757 3.7588 0.1378, -0.1187 3.5603 0.1378, -0.1187 3.5857 0.1378, -0.3934 3.7162 0.1378, -0.3866 3.7384 0.1378, 0.3918 3.2208 0.3937, -0.3956 3.2208 0.3937, 0.3918 3.083 0.3937, -0.3956 3.083 0.3937, 0.3918 3.083 0.1181, -0.3956 3.083 0.1181, -0.3956 3.0852 0.0951, 0.3918 3.0852 0.0951, -0.3956 3.092 0.0729, 0.3918 3.092 0.0729, -0.3956 3.1029 0.0525, 0.3918 3.1029 0.0525, -0.3956 3.1176 0.0346, 0.3918 3.1176 0.0346, -0.3956 3.1355 0.0199, 0.3918 3.1355 0.0199, -0.3956 3.1559 0.009, 0.3918 3.1559 0.009, -0.3956 3.178 0.0023, 0.3918 3.178 0.0023
            ]
        }
        coordIndex [
            0,1,2,-1,3,4,5,-1,5,4,6,-1,5,6,7,-1,1,8,2,-1,2,8,9,-1,2,9,10,-1,10,9,11,-1,10,11,12,-1,13,14,15,-1,15,14,16,-1,17,18,19,-1,19,20,17,-1,17,20,21,-1,17,21,15,-1,15,21,22,-1,15,22,13,-1,16,23,15,-1,15,23,24,-1,15,24,5,-1,5,24,25,-1,5,25,3,-1,7,26,5,-1,5,26,27,-1,5,27,28,-1,27,29,28,-1,28,29,30,-1,28,30,31,-1,31,30,32,-1,31,32,33,-1,18,34,19,-1,19,34,35,-1,19,35,36,-1,36,35,37,-1,36,37,38,-1,0,2,39,-1,39,2,40,-1,39,40,32,-1,32,40,41,-1,32,41,42,-1,12,43,10,-1,10,43,44,-1,10,44,45,-1,45,44,36,-1,45,36,46,-1,46,36,38,-1,42,47,32,-1,32,47,48,-1,32,48,33,-1,49,50,10,-1,10,50,2,-1,51,52,53,-1,54,55,53,-1,53,55,56,-1,53,56,51,-1,49,57,50,-1,50,57,58,-1,50,58,59,-1,60,61,62,-1,62,61,53,-1,62,53,63,-1,63,53,52,-1,54,53,64,-1,64,53,65,-1,64,65,66,-1,66,65,67,-1,66,67,68,-1,68,67,69,-1,68,69,70,-1,59,71,50,-1,50,71,72,-1,50,72,73,-1,73,72,74,-1,73,74,75,-1,75,74,68,-1,60,76,61,-1,61,76,77,-1,61,77,78,-1,70,79,68,-1,68,79,80,-1,68,80,75,-1,81,82,49,-1,49,82,83,-1,49,83,57,-1,78,84,61,-1,61,84,85,-1,61,85,86,-1,81,49,87,-1,87,49,88,-1,87,88,89,-1,89,90,87,-1,87,90,91,-1,87,91,92,-1,92,91,93,-1,85,94,86,-1,86,94,95,-1,86,95,96,-1,96,95,92,-1,96,92,97,-1,97,92,93,-1,98,53,99,-1,99,53,61,-1,100,98,101,-1,101,98,99,-1,102,100,103,-1,103,100,101,-1,102,103,104,-1,102,104,105,-1,105,104,106,-1,105,106,107,-1,107,106,108,-1,107,108,109,-1,109,108,110,-1,109,110,111,-1,111,110,112,-1,111,112,113,-1,113,112,114,-1,113,114,115,-1,115,114,116,-1,115,116,117,-1,117,116,15,-1,117,15,5,-1,53,98,100,-1,28,65,5,-1,5,65,53,-1,100,102,53,-1,53,102,105,-1,53,105,107,-1,107,109,53,-1,53,109,111,-1,53,111,113,-1,113,115,53,-1,53,115,117,-1,53,117,5,-1,106,61,108,-1,108,61,110,-1,101,99,103,-1,103,99,61,-1,103,61,104,-1,104,61,106,-1,86,17,61,-1,61,17,15,-1,61,15,116,-1,116,114,61,-1,61,114,112,-1,61,112,110,-1,17,86,96,-1,17,96,18,-1,18,96,97,-1,18,97,34,-1,34,97,93,-1,34,93,35,-1,35,93,91,-1,35,91,37,-1,37,91,90,-1,37,90,38,-1,38,90,89,-1,38,89,46,-1,46,89,88,-1,46,88,45,-1,45,88,49,-1,45,49,10,-1,65,28,31,-1,65,31,67,-1,67,31,33,-1,67,33,69,-1,69,33,48,-1,69,48,70,-1,70,48,47,-1,70,47,79,-1,79,47,42,-1,79,42,80,-1,80,42,41,-1,80,41,75,-1,75,41,40,-1,75,40,73,-1,73,40,2,-1,73,2,50,-1,29,64,30,-1,30,64,66,-1,30,66,32,-1,32,66,68,-1,32,68,39,-1,39,68,74,-1,39,74,0,-1,0,74,72,-1,0,72,1,-1,1,72,71,-1,1,71,8,-1,8,71,59,-1,8,59,9,-1,9,59,58,-1,9,58,11,-1,11,58,57,-1,11,57,12,-1,12,57,83,-1,12,83,43,-1,43,83,82,-1,43,82,44,-1,44,82,81,-1,44,81,36,-1,36,81,87,-1,36,87,19,-1,19,87,92,-1,19,92,20,-1,20,92,95,-1,20,95,21,-1,21,95,94,-1,21,94,22,-1,22,94,85,-1,22,85,13,-1,13,85,84,-1,13,84,14,-1,14,84,78,-1,14,78,16,-1,16,78,77,-1,16,77,23,-1,23,77,76,-1,23,76,24,-1,24,76,60,-1,24,60,25,-1,25,60,62,-1,25,62,3,-1,3,62,63,-1,3,63,4,-1,4,63,52,-1,4,52,6,-1,6,52,51,-1,6,51,7,-1,7,51,56,-1,7,56,26,-1,26,56,55,-1,26,55,27,-1,27,55,54,-1,27,54,29,-1,29,54,64,-1,
        ]
    }
}
Shape{
    appearance Appearance {
        material  Material 	{
            diffuseColor 0.25098039215686274 0.25098039215686274 0.25098039215686274
            specularColor 0.12549019607843137 0.12549019607843137 0.12549019607843137
            ambientIntensity 0.251
            transparency 0.0
            shininess 0.5
        }
    }
    geometry IndexedFaceSet {
        ccw TRUE
        solid FALSE
        coord DEF co Coordinate {
            point [
                3.191 -0.0039 2.7363, 3.191 -0.0039 2.7056, 3.187 -0.0039 2.7363, 3.187 -0.0039 2.7056, 3.191 -0.1111 2.7363, 3.187 -0.1111 2.7363, 3.191 -0.1111 2.9747, 3.187 -0.1111 2.9747, 3.191 -0.1458 2.9747, 3.187 -0.1458 2.9747, 3.191 -0.1458 2.7056, 3.187 -0.1458 2.7056, 3.191 0.1341 2.701, 3.187 0.1341 2.701, 3.187 0.1505 2.7016, 3.191 0.1505 2.7016, 3.187 0.1658 2.7033, 3.191 0.1658 2.7033, 3.187 0.1795 2.706, 3.191 0.1795 2.706, 3.187 0.1919 2.7096, 3.191 0.1919 2.7096, 3.187 0.2031 2.714, 3.191 0.2031 2.714, 3.187 0.2086 2.7167, 3.191 0.2086 2.7167, 3.191 0.2086 2.75, 3.187 0.2086 2.75, 3.187 0.1984 2.7445, 3.191 0.1984 2.7445, 3.187 0.1877 2.74, 3.191 0.1877 2.74, 3.187 0.1764 2.7365, 3.191 0.1764 2.7365, 3.187 0.1644 2.734, 3.191 0.1644 2.734, 3.187 0.1516 2.7325, 3.191 0.1516 2.7325, 3.187 0.1391 2.732, 3.191 0.1391 2.732, 3.187 0.1274 2.7326, 3.191 0.1274 2.7326, 3.187 0.1164 2.7342, 3.191 0.1164 2.7342, 3.187 0.1062 2.737, 3.191 0.1062 2.737, 3.187 0.0968 2.7407, 3.191 0.0968 2.7407, 3.187 0.0881 2.7454, 3.191 0.0881 2.7454, 3.187 0.0801 2.751, 3.191 0.0801 2.751, 3.187 0.0725 2.7577, 3.191 0.0725 2.7577, 3.187 0.07 2.7603, 3.191 0.07 2.7603, 3.187 0.0634 2.7682, 3.191 0.0634 2.7682, 3.187 0.0578 2.7768, 3.191 0.0578 2.7768, 3.187 0.0532 2.786, 3.191 0.0532 2.786, 3.187 0.0494 2.796, 3.191 0.0494 2.796, 3.187 0.0465 2.8068, 3.191 0.0465 2.8068, 3.187 0.0446 2.8186, 3.191 0.0446 2.8186, 3.187 0.0436 2.8314, 3.191 0.0436 2.8314, 3.187 0.0435 2.8371, 3.191 0.0435 2.8371, 3.187 0.0441 2.851, 3.191 0.0441 2.851, 3.187 0.0458 2.8641, 3.191 0.0458 2.8641, 3.187 0.0485 2.876, 3.191 0.0485 2.876, 3.187 0.0522 2.8869, 3.191 0.0522 2.8869, 3.187 0.0567 2.8969, 3.191 0.0567 2.8969, 3.187 0.0622 2.906, 3.191 0.0622 2.906, 3.187 0.0686 2.9144, 3.191 0.0686 2.9144, 3.187 0.0718 2.918, 3.191 0.0718 2.918, 3.187 0.0796 2.9254, 3.191 0.0796 2.9254, 3.187 0.0879 2.9317, 3.191 0.0879 2.9317, 3.187 0.0967 2.9369, 3.191 0.0967 2.9369, 3.187 0.106 2.9411, 3.191 0.106 2.9411, 3.187 0.1159 2.9443, 3.191 0.1159 2.9443, 3.187 0.1264 2.9465, 3.191 0.1264 2.9465, 3.187 0.1377 2.9477, 3.191 0.1377 2.9477, 3.187 0.1451 2.9479, 3.191 0.1451 2.9479, 3.187 0.1581 2.9473, 3.191 0.1581 2.9473, 3.187 0.1705 2.9456, 3.191 0.1705 2.9456, 3.187 0.1824 2.9428, 3.191 0.1824 2.9428, 3.187 0.1937 2.9389, 3.191 0.1937 2.9389, 3.187 0.2046 2.934, 3.191 0.2046 2.934, 3.187 0.2086 2.9319, 3.191 0.2086 2.9319, 3.191 0.2086 2.9682, 3.187 0.2086 2.9682, 3.187 0.1982 2.9721, 3.191 0.1982 2.9721, 3.187 0.1867 2.9752, 3.191 0.1867 2.9752, 3.187 0.1738 2.9774, 3.191 0.1738 2.9774, 3.187 0.1593 2.9788, 3.191 0.1593 2.9788, 3.187 0.1448 2.9792, 3.191 0.1448 2.9792, 3.187 0.1308 2.9787, 3.191 0.1308 2.9787, 3.187 0.1174 2.977, 3.191 0.1174 2.977, 3.187 0.1048 2.9742, 3.191 0.1048 2.9742, 3.187 0.093 2.9704, 3.191 0.093 2.9704, 3.187 0.0819 2.9657, 3.191 0.0819 2.9657, 3.187 0.0713 2.9599, 3.191 0.0713 2.9599, 3.187 0.0614 2.9531, 3.191 0.0614 2.9531, 3.187 0.0519 2.9453, 3.191 0.0519 2.9453, 3.187 0.0459 2.9396, 3.191 0.0459 2.9396, 3.187 0.0377 2.9304, 3.191 0.0377 2.9304, 3.187 0.0305 2.9206, 3.191 0.0305 2.9206, 3.187 0.0242 2.9102, 3.191 0.0242 2.9102, 3.187 0.019 2.8992, 3.191 0.019 2.8992, 3.187 0.0147 2.8875, 3.191 0.0147 2.8875, 3.187 0.0113 2.8751, 3.191 0.0113 2.8751, 3.187 0.0089 2.8619, 3.191 0.0089 2.8619, 3.187 0.0075 2.8477, 3.191 0.0075 2.8477, 3.187 0.0071 2.835, 3.191 0.0071 2.835, 3.187 0.0076 2.8199, 3.191 0.0076 2.8199, 3.187 0.0093 2.8057, 3.191 0.0093 2.8057, 3.187 0.0121 2.7925, 3.191 0.0121 2.7925, 3.187 0.0158 2.7803, 3.191 0.0158 2.7803, 3.187 0.0204 2.769, 3.191 0.0204 2.769, 3.187 0.026 2.7585, 3.191 0.026 2.7585, 3.187 0.0325 2.7487, 3.191 0.0325 2.7487, 3.187 0.0395 2.7401, 3.191 0.0395 2.7401, 3.187 0.0416 2.7378, 3.191 0.0416 2.7378, 3.187 0.05 2.7297, 3.191 0.05 2.7297, 3.187 0.0589 2.7227, 3.191 0.0589 2.7227, 3.187 0.0685 2.7167, 3.191 0.0685 2.7167, 3.187 0.0786 2.7117, 3.191 0.0786 2.7117, 3.187 0.0893 2.7076, 3.191 0.0893 2.7076, 3.187 0.1008 2.7045, 3.191 0.1008 2.7045, 3.187 0.113 2.7023, 3.191 0.113 2.7023, 3.187 0.1262 2.7012, 3.191 0.1262 2.7012, 3.191 0.4072 2.7363, 3.191 0.4072 2.7056, 3.187 0.4072 2.7363, 3.187 0.4072 2.7056, 3.191 0.2972 2.7363, 3.187 0.2972 2.7363, 3.191 0.2972 2.8268, 3.187 0.2972 2.8268, 3.191 0.3934 2.8268, 3.187 0.3934 2.8268, 3.191 0.3934 2.8576, 3.187 0.3934 2.8576, 3.191 0.2972 2.8576, 3.187 0.2972 2.8576, 3.191 0.2972 2.9437, 3.187 0.2972 2.9437, 3.191 0.401 2.9437, 3.187 0.401 2.9437, 3.191 0.401 2.9747, 3.187 0.401 2.9747, 3.191 0.2624 2.9747, 3.187 0.2624 2.9747, 3.191 0.2624 2.7056, 3.187 0.2624 2.7056, 3.191 0.5818 2.7449, 3.191 0.6004 2.7192, 3.191 0.5916 2.7495, 3.191 0.6116 2.7249, 3.191 0.6004 2.7549, 3.191 0.6221 2.7316, 3.191 0.6084 2.7612, 3.191 0.632 2.7392, 3.191 0.6118 2.7643, 3.191 0.6365 2.7433, 3.191 0.6186 2.7717, 3.191 0.6451 2.7521, 3.191 0.6245 2.7798, 3.191 0.6527 2.7615, 3.191 0.6295 2.7886, 3.191 0.6592 2.7714, 3.191 0.6335 2.7982, 3.191 0.6383 2.8686, 3.191 0.6721 2.8827, 3.191 0.6356 2.8797, 3.191 0.6683 2.8941, 3.191 0.632 2.8897, 3.191 0.6635 2.9046, 3.191 0.6275 2.8987, 3.191 0.6578 2.9145, 3.191 0.6222 2.9067, 3.191 0.6511 2.9238, 3.191 0.6434 2.9325, 3.191 0.616 2.9138, 3.191 0.6365 2.9391, 3.191 0.6111 2.9184, 3.191 0.6266 2.9471, 3.191 0.6027 2.9248, 3.191 0.616 2.954, 3.191 0.5937 2.9303, 3.191 0.605 2.96, 3.191 0.584 2.9348, 3.191 0.5933 2.9649, 3.191 0.5735 2.9385, 3.191 0.581 2.9688, 3.191 0.5621 2.9412, 3.191 0.5681 2.9718, 3.191 0.5498 2.943, 3.191 0.5543 2.9737, 3.191 0.5368 2.9437, 3.191 0.5398 2.9746, 3.191 0.5334 2.9437, 3.191 0.5348 2.9747, 3.191 0.4927 2.9437, 3.191 0.458 2.9747, 3.191 0.4927 2.7363, 3.191 0.458 2.7056, 3.191 0.5318 2.7363, 3.191 0.532 2.7056, 3.191 0.546 2.7368, 3.191 0.5474 2.7062, 3.191 0.5591 2.7385, 3.191 0.5621 2.7079, 3.191 0.571 2.7412, 3.191 0.5757 2.7106, 3.191 0.5885 2.7144, 3.191 0.6646 2.7819, 3.191 0.6691 2.793, 3.191 0.6367 2.8086, 3.191 0.6726 2.8047, 3.191 0.639 2.82, 3.191 0.6751 2.8173, 3.191 0.6403 2.8324, 3.191 0.6767 2.8306, 3.191 0.6406 2.8426, 3.191 0.6771 2.8436, 3.191 0.64 2.8561, 3.191 0.6765 2.8574, 3.191 0.6748 2.8705, 3.187 0.6027 2.9248, 3.187 0.6266 2.9471, 3.187 0.6111 2.9184, 3.187 0.6365 2.9391, 3.187 0.616 2.9138, 3.187 0.6434 2.9325, 3.187 0.6222 2.9067, 3.187 0.6511 2.9238, 3.187 0.6275 2.8987, 3.187 0.6578 2.9145, 3.187 0.632 2.8897, 3.187 0.6635 2.9046, 3.187 0.6356 2.8797, 3.187 0.5916 2.7495, 3.187 0.6004 2.7192, 3.187 0.5818 2.7449, 3.187 0.5885 2.7144, 3.187 0.571 2.7412, 3.187 0.5757 2.7106, 3.187 0.5591 2.7385, 3.187 0.5621 2.7079, 3.187 0.546 2.7368, 3.187 0.5474 2.7062, 3.187 0.5318 2.7363, 3.187 0.532 2.7056, 3.187 0.4927 2.7363, 3.187 0.458 2.7056, 3.187 0.4927 2.9437, 3.187 0.458 2.9747, 3.187 0.5334 2.9437, 3.187 0.5348 2.9747, 3.187 0.5368 2.9437, 3.187 0.5398 2.9746, 3.187 0.5498 2.943, 3.187 0.5543 2.9737, 3.187 0.5621 2.9412, 3.187 0.5681 2.9718, 3.187 0.5735 2.9385, 3.187 0.581 2.9688, 3.187 0.584 2.9348, 3.187 0.5933 2.9649, 3.187 0.5937 2.9303, 3.187 0.605 2.96, 3.187 0.616 2.954, 3.187 0.6367 2.8086, 3.187 0.6691 2.793, 3.187 0.6335 2.7982, 3.187 0.6646 2.7819, 3.187 0.6295 2.7886, 3.187 0.6592 2.7714, 3.187 0.6245 2.7798, 3.187 0.6527 2.7615, 3.187 0.6186 2.7717, 3.187 0.6451 2.7521, 3.187 0.6118 2.7643, 3.187 0.6365 2.7433, 3.187 0.6084 2.7612, 3.187 0.632 2.7392, 3.187 0.6004 2.7549, 3.187 0.6221 2.7316, 3.187 0.6116 2.7249, 3.187 0.6683 2.8941, 3.187 0.6721 2.8827, 3.187 0.6383 2.8686, 3.187 0.6748 2.8705, 3.187 0.64 2.8561, 3.187 0.6765 2.8574, 3.187 0.6406 2.8426, 3.187 0.6771 2.8436, 3.187 0.6403 2.8324, 3.187 0.6767 2.8306, 3.187 0.639 2.82, 3.187 0.6751 2.8173, 3.187 0.6726 2.8047, 3.191 0.7673 2.8096, 3.191 0.7563 2.7792, 3.191 0.8576 2.8096, 3.191 0.8684 2.7792, 3.191 0.8075 2.9214, 3.191 0.7945 2.9747, 3.191 0.692 2.7056, 3.191 0.7304 2.7056, 3.191 0.8099 2.9295, 3.191 0.8119 2.9403, 3.191 0.8317 2.9747, 3.191 0.8128 2.9403, 3.191 0.8149 2.9289, 3.191 0.817 2.9214, 3.191 0.9342 2.7056, 3.191 0.8958 2.7056, 3.187 0.8576 2.8096, 3.187 0.817 2.9214, 3.187 0.8317 2.9747, 3.187 0.8149 2.9289, 3.187 0.8128 2.9403, 3.187 0.7945 2.9747, 3.187 0.8119 2.9403, 3.187 0.8099 2.9295, 3.187 0.8075 2.9214, 3.187 0.7673 2.8096, 3.187 0.692 2.7056, 3.187 0.9342 2.7056, 3.187 0.8958 2.7056, 3.187 0.8684 2.7792, 3.187 0.7304 2.7056, 3.187 0.7563 2.7792, 3.191 -0.0011 2.3093, 3.191 -0.0011 2.2787, 3.187 -0.0011 2.3093, 3.187 -0.0011 2.2787, 3.191 -0.1111 2.3093, 3.187 -0.1111 2.3093, 3.191 -0.1111 2.3999, 3.187 -0.1111 2.3999, 3.191 -0.0149 2.3999, 3.187 -0.0149 2.3999, 3.191 -0.0149 2.4307, 3.187 -0.0149 2.4307, 3.191 -0.1111 2.4307, 3.187 -0.1111 2.4307, 3.191 -0.1111 2.5168, 3.187 -0.1111 2.5168, 3.191 -0.0072 2.5168, 3.187 -0.0072 2.5168, 3.191 -0.0072 2.5478, 3.187 -0.0072 2.5478, 3.191 -0.1458 2.5478, 3.187 -0.1458 2.5478, 3.191 -0.1458 2.2787, 3.187 -0.1458 2.2787, 3.191 0.1519 2.2787, 3.191 0.1856 2.2787, 3.191 0.1519 2.3084, 3.191 0.1856 2.4023, 3.191 0.1261 2.4462, 3.191 0.1314 2.4443, 3.191 0.1453 2.4711, 3.191 0.0661 2.3852, 3.191 0.0589 2.3816, 3.191 0.0781 2.3602, 3.191 0.0743 2.3572, 3.191 0.152 2.4685, 3.191 0.136 2.4417, 3.191 0.158 2.4653, 3.191 0.1399 2.4386, 3.191 0.1634 2.4615, 3.191 0.0717 2.314, 3.191 0.069 2.318, 3.191 0.0409 2.2969, 3.191 0.0527 2.3775, 3.191 0.0474 2.373, 3.191 0.0712 2.3536, 3.191 0.0745 2.3883, 3.191 0.0828 2.3628, 3.191 0.0842 2.3909, 3.191 0.0887 2.3651, 3.191 0.0949 2.3928, 3.191 0.1682 2.4571, 3.191 0.1432 2.4347, 3.191 0.1725 2.452, 3.191 0.146 2.4302, 3.191 0.1762 2.4461, 3.191 0.0463 2.3719, 3.191 0.042 2.3669, 3.191 0.0687 2.3494, 3.191 0.0385 2.3614, 3.191 0.0669 2.3447, 3.191 0.1452 2.3283, 3.191 0.151 2.3084, 3.191 0.1417 2.3227, 3.191 0.1493 2.3056, 3.191 0.1079 2.3022, 3.191 0.1156 2.2778, 3.191 0.1145 2.3034, 3.191 0.1223 2.2805, 3.191 0.1205 2.3054, 3.191 0.1285 2.284, 3.191 0.1261 2.3082, 3.191 0.1519 2.3549, 3.191 0.1513 2.3476, 3.191 0.15 2.3407, 3.191 0.148 2.3343, 3.191 0.1794 2.4394, 3.191 0.1483 2.4249, 3.191 0.182 2.4318, 3.191 0.1501 2.4188, 3.191 0.184 2.4231, 3.191 0.0751 2.3104, 3.191 0.0586 2.2815, 3.191 0.0792 2.3073, 3.191 0.0649 2.2787, 3.191 0.0838 2.3049, 3.191 0.0717 2.2765, 3.191 0.089 2.3032, 3.191 0.0449 2.2919, 3.191 0.0477 2.2892, 3.191 0.0529 2.285, 3.191 0.0658 2.3274, 3.191 0.0328 2.3149, 3.191 0.067 2.3224, 3.191 0.0348 2.3083, 3.191 0.0375 2.3023, 3.191 0.1519 2.3751, 3.191 0.1519 2.4008, 3.191 0.1069 2.369, 3.191 0.0964 2.3672, 3.191 0.1342 2.2882, 3.191 0.1396 2.2932, 3.191 0.1312 2.3117, 3.191 0.1446 2.2989, 3.191 0.136 2.316, 3.191 0.1374 2.3175, 3.191 0.1852 2.4132, 3.191 0.1513 2.4116, 3.191 0.1519 2.4033, 3.191 0.1519 2.3567, 3.191 0.0792 2.275, 3.191 0.0874 2.2742, 3.191 0.0947 2.3021, 3.191 0.0921 2.2741, 3.191 0.1008 2.3018, 3.191 0.1005 2.2745, 3.191 0.1083 2.2758, 3.191 0.0356 2.3555, 3.191 0.0335 2.349, 3.191 0.0658 2.3393, 3.191 0.032 2.3419, 3.191 0.0653 2.3329, 3.191 0.1379 2.4731, 3.191 0.1296 2.4745, 3.191 0.1199 2.4475, 3.191 0.1203 2.4752, 3.191 0.1129 2.4479, 3.191 0.1161 2.4753, 3.191 0.1095 2.4478, 3.191 0.1048 2.4748, 3.191 0.1005 2.4471, 3.191 0.0939 2.4736, 3.191 0.0917 2.4455, 3.191 0.0836 2.4715, 3.191 0.0831 2.4432, 3.191 0.0739 2.4687, 3.191 0.0747 2.4399, 3.191 0.0647 2.4652, 3.191 0.0663 2.4358, 3.191 0.0559 2.4609, 3.191 0.058 2.4307, 3.191 0.0499 2.4574, 3.191 0.0499 2.4246, 3.191 0.0312 2.3342, 3.191 0.0312 2.3301, 3.191 0.0316 2.3222, 3.187 0.058 2.4307, 3.187 0.0499 2.4246, 3.187 0.0499 2.4574, 3.187 0.136 2.4417, 3.187 0.158 2.4653, 3.187 0.1399 2.4386, 3.187 0.1634 2.4615, 3.187 0.1432 2.4347, 3.187 0.15 2.3407, 3.187 0.1513 2.3476, 3.187 0.1856 2.4023, 3.187 0.0717 2.314, 3.187 0.0409 2.2969, 3.187 0.069 2.318, 3.187 0.0375 2.3023, 3.187 0.067 2.3224, 3.187 0.1682 2.4571, 3.187 0.1725 2.452, 3.187 0.146 2.4302, 3.187 0.1762 2.4461, 3.187 0.1483 2.4249, 3.187 0.1199 2.4475, 3.187 0.1296 2.4745, 3.187 0.1261 2.4462, 3.187 0.1379 2.4731, 3.187 0.1314 2.4443, 3.187 0.1453 2.4711, 3.187 0.152 2.4685, 3.187 0.148 2.3343, 3.187 0.1519 2.3084, 3.187 0.1519 2.2787, 3.187 0.1856 2.2787, 3.187 0.0743 2.3572, 3.187 0.0589 2.3816, 3.187 0.0781 2.3602, 3.187 0.0661 2.3852, 3.187 0.0828 2.3628, 3.187 0.0745 2.3883, 3.187 0.0887 2.3651, 3.187 0.0842 2.3909, 3.187 0.0964 2.3672, 3.187 0.0949 2.3928, 3.187 0.0712 2.3536, 3.187 0.0474 2.373, 3.187 0.0527 2.3775, 3.187 0.0751 2.3104, 3.187 0.0477 2.2892, 3.187 0.0449 2.2919, 3.187 0.0792 2.3073, 3.187 0.0586 2.2815, 3.187 0.0529 2.285, 3.187 0.1519 2.3751, 3.187 0.1852 2.4132, 3.187 0.1519 2.3567, 3.187 0.1519 2.3549, 3.187 0.0687 2.3494, 3.187 0.042 2.3669, 3.187 0.0463 2.3719, 3.187 0.1794 2.4394, 3.187 0.182 2.4318, 3.187 0.1501 2.4188, 3.187 0.184 2.4231, 3.187 0.1513 2.4116, 3.187 0.1519 2.4033, 3.187 0.0348 2.3083, 3.187 0.0328 2.3149, 3.187 0.0658 2.3274, 3.187 0.1519 2.4008, 3.187 0.1069 2.369, 3.187 0.0663 2.4358, 3.187 0.0559 2.4609, 3.187 0.0747 2.4399, 3.187 0.0647 2.4652, 3.187 0.0831 2.4432, 3.187 0.0739 2.4687, 3.187 0.0917 2.4455, 3.187 0.0836 2.4715, 3.187 0.1005 2.4471, 3.187 0.0939 2.4736, 3.187 0.1095 2.4478, 3.187 0.1048 2.4748, 3.187 0.1129 2.4479, 3.187 0.1161 2.4753, 3.187 0.1203 2.4752, 3.187 0.0658 2.3393, 3.187 0.0335 2.349, 3.187 0.0669 2.3447, 3.187 0.0356 2.3555, 3.187 0.0385 2.3614, 3.187 0.0316 2.3222, 3.187 0.0312 2.3301, 3.187 0.0653 2.3329, 3.187 0.0312 2.3342, 3.187 0.032 2.3419, 3.187 0.1493 2.3056, 3.187 0.1446 2.2989, 3.187 0.1312 2.3117, 3.187 0.1396 2.2932, 3.187 0.1261 2.3082, 3.187 0.1342 2.2882, 3.187 0.1205 2.3054, 3.187 0.1285 2.284, 3.187 0.1145 2.3034, 3.187 0.0947 2.3021, 3.187 0.0874 2.2742, 3.187 0.089 2.3032, 3.187 0.0792 2.275, 3.187 0.0838 2.3049, 3.187 0.0717 2.2765, 3.187 0.0649 2.2787, 3.187 0.1223 2.2805, 3.187 0.1156 2.2778, 3.187 0.1079 2.3022, 3.187 0.1083 2.2758, 3.187 0.1008 2.3018, 3.187 0.1005 2.2745, 3.187 0.0921 2.2741, 3.187 0.136 2.316, 3.187 0.1374 2.3175, 3.187 0.151 2.3084, 3.187 0.1417 2.3227, 3.187 0.1452 2.3283, 3.191 0.2867 2.3016, 3.187 0.2867 2.3016, 3.187 0.2781 2.302, 3.191 0.2781 2.302, 3.187 0.2697 2.3032, 3.191 0.2697 2.3032, 3.187 0.2615 2.3052, 3.191 0.2615 2.3052, 3.187 0.2534 2.3079, 3.191 0.2534 2.3079, 3.187 0.2455 2.3115, 3.191 0.2455 2.3115, 3.187 0.2377 2.3159, 3.191 0.2377 2.3159, 3.187 0.2313 2.3202, 3.191 0.2313 2.3202, 3.191 0.2313 2.2854, 3.187 0.2313 2.2854, 3.187 0.2393 2.2818, 3.191 0.2393 2.2818, 3.187 0.2479 2.2789, 3.191 0.2479 2.2789, 3.187 0.2569 2.2767, 3.191 0.2569 2.2767, 3.187 0.2665 2.2751, 3.191 0.2665 2.2751, 3.187 0.2767 2.2743, 3.191 0.2767 2.2743, 3.187 0.2834 2.2741, 3.191 0.2834 2.2741, 3.187 0.2941 2.2745, 3.191 0.2941 2.2745, 3.187 0.3041 2.2757, 3.191 0.3041 2.2757, 3.187 0.3132 2.2776, 3.191 0.3132 2.2776, 3.187 0.3215 2.2801, 3.191 0.3215 2.2801, 3.187 0.329 2.2833, 3.191 0.329 2.2833, 3.187 0.3358 2.287, 3.191 0.3358 2.287, 3.187 0.3394 2.2894, 3.191 0.3394 2.2894, 3.187 0.3448 2.2936, 3.191 0.3448 2.2936, 3.187 0.3495 2.2983, 3.191 0.3495 2.2983, 3.187 0.3532 2.3032, 3.191 0.3532 2.3032, 3.187 0.3562 2.3085, 3.191 0.3562 2.3085, 3.187 0.3585 2.314, 3.191 0.3585 2.314, 3.187 0.3601 2.32, 3.191 0.3601 2.32, 3.187 0.3609 2.3264, 3.191 0.3609 2.3264, 3.187 0.3611 2.3309, 3.191 0.3611 2.3309, 3.187 0.3607 2.3378, 3.191 0.3607 2.3378, 3.187 0.3595 2.3442, 3.191 0.3595 2.3442, 3.187 0.3576 2.35, 3.191 0.3576 2.35, 3.187 0.3551 2.3554, 3.191 0.3551 2.3554, 3.187 0.3518 2.3603, 3.191 0.3518 2.3603, 3.187 0.3498 2.3627, 3.191 0.3498 2.3627, 3.187 0.3456 2.3669, 3.191 0.3456 2.3669, 3.187 0.3402 2.371, 3.191 0.3402 2.371, 3.187 0.3332 2.3754, 3.191 0.3332 2.3754, 3.187 0.3245 2.38, 3.191 0.3245 2.38, 3.187 0.3137 2.3847, 3.191 0.3137 2.3847, 3.187 0.3063 2.3876, 3.191 0.3063 2.3876, 3.187 0.2917 2.3937, 3.191 0.2917 2.3937, 3.187 0.2826 2.3982, 3.191 0.2826 2.3982, 3.187 0.2767 2.4017, 3.191 0.2767 2.4017, 3.187 0.2736 2.4041, 3.191 0.2736 2.4041, 3.187 0.2708 2.4071, 3.191 0.2708 2.4071, 3.187 0.2686 2.4106, 3.191 0.2686 2.4106, 3.187 0.2672 2.4144, 3.191 0.2672 2.4144, 3.187 0.2664 2.4188, 3.191 0.2664 2.4188, 3.187 0.2662 2.422, 3.191 0.2662 2.422, 3.187 0.2666 2.4264, 3.191 0.2666 2.4264, 3.187 0.2678 2.4304, 3.191 0.2678 2.4304, 3.187 0.2697 2.434, 3.191 0.2697 2.434, 3.187 0.2723 2.4372, 3.191 0.2723 2.4372, 3.187 0.2756 2.4401, 3.191 0.2756 2.4401, 3.187 0.2765 2.4407, 3.191 0.2765 2.4407, 3.187 0.2809 2.4434, 3.191 0.2809 2.4434, 3.187 0.2859 2.4454, 3.191 0.2859 2.4454, 3.187 0.2915 2.4469, 3.191 0.2915 2.4469, 3.187 0.2978 2.4477, 3.191 0.2978 2.4477, 3.187 0.303 2.4479, 3.191 0.303 2.4479, 3.187 0.312 2.4475, 3.191 0.312 2.4475, 3.187 0.3207 2.4463, 3.191 0.3207 2.4463, 3.187 0.3289 2.4444, 3.191 0.3289 2.4444, 3.187 0.3368 2.4417, 3.191 0.3368 2.4417, 3.187 0.3443 2.4383, 3.191 0.3443 2.4383, 3.187 0.3519 2.434, 3.191 0.3519 2.434, 3.191 0.3519 2.4667, 3.187 0.3519 2.4667, 3.187 0.3431 2.4699, 3.191 0.3431 2.4699, 3.187 0.3341 2.4723, 3.191 0.3341 2.4723, 3.187 0.3248 2.474, 3.191 0.3248 2.474, 3.187 0.3149 2.475, 3.191 0.3149 2.475, 3.187 0.3063 2.4753, 3.191 0.3063 2.4753, 3.187 0.2964 2.4749, 3.191 0.2964 2.4749, 3.187 0.2871 2.4737, 3.191 0.2871 2.4737, 3.187 0.2785 2.4718, 3.191 0.2785 2.4718, 3.187 0.2705 2.4692, 3.191 0.2705 2.4692, 3.187 0.2631 2.4659, 3.191 0.2631 2.4659, 3.187 0.2562 2.4621, 3.191 0.2562 2.4621, 3.187 0.2531 2.46, 3.191 0.2531 2.46, 3.187 0.2475 2.4555, 3.191 0.2475 2.4555, 3.187 0.2428 2.4507, 3.191 0.2428 2.4507, 3.187 0.239 2.4457, 3.191 0.239 2.4457, 3.187 0.236 2.4403, 3.191 0.236 2.4403, 3.187 0.2338 2.4348, 3.191 0.2338 2.4348, 3.187 0.2323 2.4288, 3.191 0.2323 2.4288, 3.187 0.2316 2.4225, 3.191 0.2316 2.4225, 3.187 0.2315 2.419, 3.191 0.2315 2.419, 3.187 0.2319 2.412, 3.191 0.2319 2.412, 3.187 0.233 2.4054, 3.191 0.233 2.4054, 3.187 0.2349 2.3994, 3.191 0.2349 2.3994, 3.187 0.2375 2.3939, 3.191 0.2375 2.3939, 3.187 0.2406 2.3892, 3.191 0.2406 2.3892, 3.187 0.241 2.3886, 3.191 0.241 2.3886, 3.187 0.2445 2.3847, 3.191 0.2445 2.3847, 3.187 0.249 2.3808, 3.191 0.249 2.3808, 3.187 0.2551 2.3766, 3.191 0.2551 2.3766, 3.187 0.263 2.372, 3.191 0.263 2.372, 3.187 0.273 2.3672, 3.191 0.273 2.3672, 3.187 0.2825 2.3631, 3.191 0.2825 2.3631, 3.187 0.2973 2.3572, 3.191 0.2973 2.3572, 3.187 0.307 2.3527, 3.191 0.307 2.3527, 3.187 0.3137 2.3489, 3.191 0.3137 2.3489, 3.187 0.3178 2.3459, 3.191 0.3178 2.3459, 3.187 0.3211 2.3426, 3.191 0.3211 2.3426, 3.187 0.3237 2.339, 3.191 0.3237 2.339, 3.187 0.3253 2.3352, 3.191 0.3253 2.3352, 3.187 0.3263 2.3311, 3.191 0.3263 2.3311, 3.187 0.3265 2.3276, 3.191 0.3265 2.3276, 3.187 0.3261 2.3228, 3.191 0.3261 2.3228, 3.187 0.3249 2.3184, 3.191 0.3249 2.3184, 3.187 0.3231 2.3147, 3.191 0.3231 2.3147, 3.187 0.3206 2.3115, 3.191 0.3206 2.3115, 3.187 0.3175 2.3088, 3.191 0.3175 2.3088, 3.187 0.3135 2.3064, 3.191 0.3135 2.3064, 3.187 0.3088 2.3045, 3.191 0.3088 2.3045, 3.187 0.303 2.303, 3.191 0.303 2.303, 3.187 0.296 2.302, 3.191 0.296 2.302, 3.191 0.5282 2.4709, 3.191 0.5631 2.4709, 3.187 0.5282 2.4709, 3.187 0.5631 2.4709, 3.191 0.4757 2.3261, 3.187 0.4757 2.3261, 3.187 0.4731 2.3172, 3.191 0.4731 2.3172, 3.187 0.4716 2.3106, 3.191 0.4716 2.3106, 3.191 0.4707 2.3106, 3.187 0.4707 2.3106, 3.191 0.4665 2.3264, 3.187 0.4665 2.3264, 3.191 0.4163 2.4709, 3.187 0.4163 2.4709, 3.191 0.3786 2.4709, 3.187 0.3786 2.4709, 3.191 0.454 2.2791, 3.187 0.454 2.2791, 3.191 0.4392 2.2441, 3.187 0.4392 2.2441, 3.187 0.4353 2.2361, 3.191 0.4353 2.2361, 3.187 0.4313 2.2302, 3.191 0.4313 2.2302, 3.187 0.4265 2.2251, 3.191 0.4265 2.2251, 3.187 0.4216 2.2215, 3.191 0.4216 2.2215, 3.187 0.4162 2.2189, 3.191 0.4162 2.2189, 3.187 0.4105 2.2175, 3.191 0.4105 2.2175, 3.187 0.4047 2.217, 3.191 0.4047 2.217, 3.187 0.3974 2.2176, 3.191 0.3974 2.2176, 3.187 0.39 2.2193, 3.191 0.39 2.2193, 3.187 0.3856 2.2209, 3.191 0.3856 2.2209, 3.191 0.3856 2.1909, 3.187 0.3856 2.1909, 3.187 0.3935 2.1891, 3.191 0.3935 2.1891, 3.187 0.4028 2.1882, 3.191 0.4028 2.1882, 3.187 0.4073 2.1881, 3.191 0.4073 2.1881, 3.187 0.4156 2.1887, 3.191 0.4156 2.1887, 3.187 0.4234 2.1903, 3.191 0.4234 2.1903, 3.187 0.4308 2.1931, 3.191 0.4308 2.1931, 3.187 0.4379 2.1969, 3.191 0.4379 2.1969, 3.187 0.4446 2.2018, 3.191 0.4446 2.2018, 3.187 0.4512 2.208, 3.191 0.4512 2.208, 3.187 0.4575 2.2155, 3.191 0.4575 2.2155, 3.187 0.4636 2.2245, 3.191 0.4636 2.2245, 3.187 0.4695 2.2351, 3.191 0.4695 2.2351, 3.187 0.475 2.2475, 3.191 0.475 2.2475, 3.187 0.4759 2.2496, 3.191 0.4759 2.2496, 3.191 0.7442 2.3093, 3.191 0.7442 2.2787, 3.187 0.7442 2.3093, 3.187 0.7442 2.2787, 3.191 0.6342 2.3093, 3.187 0.6342 2.3093, 3.191 0.6342 2.3999, 3.187 0.6342 2.3999, 3.191 0.7304 2.3999, 3.187 0.7304 2.3999, 3.191 0.7304 2.4307, 3.187 0.7304 2.4307, 3.191 0.6342 2.4307, 3.187 0.6342 2.4307, 3.191 0.6342 2.5168, 3.187 0.6342 2.5168, 3.191 0.7381 2.5168, 3.187 0.7381 2.5168, 3.191 0.7381 2.5478, 3.187 0.7381 2.5478, 3.191 0.5994 2.5478, 3.187 0.5994 2.5478, 3.191 0.5994 2.2787, 3.187 0.5994 2.2787, 3.191 0.9188 2.318, 3.191 0.9374 2.2923, 3.191 0.9286 2.3225, 3.191 0.9486 2.298, 3.191 0.9374 2.328, 3.191 0.9591 2.3046, 3.191 0.9454 2.3342, 3.191 0.969 2.3123, 3.191 0.9488 2.3374, 3.191 0.9735 2.3164, 3.191 0.9556 2.3448, 3.191 0.9821 2.3251, 3.191 0.9615 2.3529, 3.191 0.9897 2.3345, 3.191 0.9665 2.3617, 3.191 0.9962 2.3445, 3.191 0.9705 2.3713, 3.191 0.9753 2.4416, 3.191 1.0091 2.4558, 3.191 0.9726 2.4528, 3.191 1.0053 2.4671, 3.191 0.969 2.4628, 3.191 1.0006 2.4777, 3.191 0.9645 2.4717, 3.191 0.9948 2.4876, 3.191 0.9592 2.4797, 3.191 0.9881 2.4969, 3.191 0.9804 2.5056, 3.191 0.953 2.4869, 3.191 0.9735 2.5121, 3.191 0.9481 2.4915, 3.191 0.9636 2.5201, 3.191 0.9398 2.4979, 3.191 0.953 2.5271, 3.191 0.9307 2.5034, 3.191 0.942 2.533, 3.191 0.921 2.5079, 3.191 0.9303 2.538, 3.191 0.9105 2.5115, 3.191 0.918 2.5419, 3.191 0.8991 2.5143, 3.191 0.9051 2.5449, 3.191 0.8868 2.516, 3.191 0.8913 2.5468, 3.191 0.8738 2.5168, 3.191 0.8768 2.5477, 3.191 0.8704 2.5168, 3.191 0.8718 2.5478, 3.191 0.8298 2.5168, 3.191 0.795 2.5478, 3.191 0.8298 2.3093, 3.191 0.795 2.2787, 3.191 0.8688 2.3093, 3.191 0.869 2.2787, 3.191 0.883 2.3099, 3.191 0.8845 2.2792, 3.191 0.8961 2.3116, 3.191 0.8991 2.2809, 3.191 0.9081 2.3143, 3.191 0.9128 2.2837, 3.191 0.9255 2.2875, 3.191 1.0016 2.3549, 3.191 1.0061 2.366, 3.191 0.9737 2.3817, 3.191 1.0096 2.3778, 3.191 0.976 2.3931, 3.191 1.0122 2.3903, 3.191 0.9773 2.4055, 3.191 1.0137 2.4037, 3.191 0.9776 2.4157, 3.191 1.0141 2.4167, 3.191 0.977 2.4292, 3.191 1.0136 2.4305, 3.191 1.0118 2.4436, 3.187 0.9398 2.4979, 3.187 0.9636 2.5201, 3.187 0.9481 2.4915, 3.187 0.9735 2.5121, 3.187 0.953 2.4869, 3.187 0.9804 2.5056, 3.187 0.9592 2.4797, 3.187 0.9881 2.4969, 3.187 0.9645 2.4717, 3.187 0.9948 2.4876, 3.187 0.969 2.4628, 3.187 1.0006 2.4777, 3.187 0.9726 2.4528, 3.187 0.9286 2.3225, 3.187 0.9374 2.2923, 3.187 0.9188 2.318, 3.187 0.9255 2.2875, 3.187 0.9081 2.3143, 3.187 0.9128 2.2837, 3.187 0.8961 2.3116, 3.187 0.8991 2.2809, 3.187 0.883 2.3099, 3.187 0.8845 2.2792, 3.187 0.8688 2.3093, 3.187 0.869 2.2787, 3.187 0.8298 2.3093, 3.187 0.795 2.2787, 3.187 0.8298 2.5168, 3.187 0.795 2.5478, 3.187 0.8704 2.5168, 3.187 0.8718 2.5478, 3.187 0.8738 2.5168, 3.187 0.8768 2.5477, 3.187 0.8868 2.516, 3.187 0.8913 2.5468, 3.187 0.8991 2.5143, 3.187 0.9051 2.5449, 3.187 0.9105 2.5115, 3.187 0.918 2.5419, 3.187 0.921 2.5079, 3.187 0.9303 2.538, 3.187 0.9307 2.5034, 3.187 0.942 2.533, 3.187 0.953 2.5271, 3.187 0.9737 2.3817, 3.187 1.0061 2.366, 3.187 0.9705 2.3713, 3.187 1.0016 2.3549, 3.187 0.9665 2.3617, 3.187 0.9962 2.3445, 3.187 0.9615 2.3529, 3.187 0.9897 2.3345, 3.187 0.9556 2.3448, 3.187 0.9821 2.3251, 3.187 0.9488 2.3374, 3.187 0.9735 2.3164, 3.187 0.9454 2.3342, 3.187 0.969 2.3123, 3.187 0.9374 2.328, 3.187 0.9591 2.3046, 3.187 0.9486 2.298, 3.187 1.0053 2.4671, 3.187 1.0091 2.4558, 3.187 0.9753 2.4416, 3.187 1.0118 2.4436, 3.187 0.977 2.4292, 3.187 1.0136 2.4305, 3.187 0.9776 2.4157, 3.187 1.0141 2.4167, 3.187 0.9773 2.4055, 3.187 1.0137 2.4037, 3.187 0.976 2.3931, 3.187 1.0122 2.3903, 3.187 1.0096 2.3778, 3.191 1.1043 2.3827, 3.191 1.0933 2.3523, 3.191 1.1946 2.3827, 3.191 1.2054 2.3523, 3.191 1.1446 2.4945, 3.191 1.1316 2.5478, 3.191 1.0291 2.2787, 3.191 1.0674 2.2787, 3.191 1.1469 2.5026, 3.191 1.149 2.5134, 3.191 1.1687 2.5478, 3.191 1.1498 2.5134, 3.191 1.152 2.502, 3.191 1.154 2.4945, 3.191 1.2712 2.2787, 3.191 1.2328 2.2787, 3.187 1.1946 2.3827, 3.187 1.154 2.4945, 3.187 1.1687 2.5478, 3.187 1.152 2.502, 3.187 1.1498 2.5134, 3.187 1.1316 2.5478, 3.187 1.149 2.5134, 3.187 1.1469 2.5026, 3.187 1.1446 2.4945, 3.187 1.1043 2.3827, 3.187 1.0291 2.2787, 3.187 1.2712 2.2787, 3.187 1.2328 2.2787, 3.187 1.2054 2.3523, 3.187 1.0674 2.2787, 3.187 1.0933 2.3523, -2.5352 -0.1258 0.1575, -2.5352 -0.8147 0.1575, -2.5352 -0.1258 0.3858, -2.5352 -0.8147 0.3858
            ]
        }
        coordIndex [
            0,1,2,-1,2,1,3,-1,4,0,5,-1,5,0,2,-1,6,4,7,-1,7,4,5,-1,8,6,9,-1,9,6,7,-1,10,8,11,-1,11,8,9,-1,1,10,3,-1,3,10,11,-1,6,8,4,-1,4,8,10,-1,4,10,0,-1,0,10,1,-1,2,3,5,-1,5,3,11,-1,5,11,7,-1,7,11,9,-1,12,13,14,-1,12,14,15,-1,15,14,16,-1,15,16,17,-1,17,16,18,-1,17,18,19,-1,19,18,20,-1,19,20,21,-1,21,20,22,-1,21,22,23,-1,23,22,24,-1,23,24,25,-1,26,25,27,-1,27,25,24,-1,26,27,28,-1,26,28,29,-1,29,28,30,-1,29,30,31,-1,31,30,32,-1,31,32,33,-1,33,32,34,-1,33,34,35,-1,35,34,36,-1,35,36,37,-1,37,36,38,-1,37,38,39,-1,39,38,40,-1,39,40,41,-1,41,40,42,-1,41,42,43,-1,43,42,44,-1,43,44,45,-1,45,44,46,-1,45,46,47,-1,47,46,48,-1,47,48,49,-1,49,48,50,-1,49,50,51,-1,51,50,52,-1,51,52,53,-1,53,52,54,-1,53,54,55,-1,55,54,56,-1,55,56,57,-1,57,56,58,-1,57,58,59,-1,59,58,60,-1,59,60,61,-1,61,60,62,-1,61,62,63,-1,63,62,64,-1,63,64,65,-1,65,64,66,-1,65,66,67,-1,67,66,68,-1,67,68,69,-1,69,68,70,-1,69,70,71,-1,71,70,72,-1,71,72,73,-1,73,72,74,-1,73,74,75,-1,75,74,76,-1,75,76,77,-1,77,76,78,-1,77,78,79,-1,79,78,80,-1,79,80,81,-1,81,80,82,-1,81,82,83,-1,83,82,84,-1,83,84,85,-1,85,84,86,-1,85,86,87,-1,87,86,88,-1,87,88,89,-1,89,88,90,-1,89,90,91,-1,91,90,92,-1,91,92,93,-1,93,92,94,-1,93,94,95,-1,95,94,96,-1,95,96,97,-1,97,96,98,-1,97,98,99,-1,99,98,100,-1,99,100,101,-1,101,100,102,-1,101,102,103,-1,103,102,104,-1,103,104,105,-1,105,104,106,-1,105,106,107,-1,107,106,108,-1,107,108,109,-1,109,108,110,-1,109,110,111,-1,111,110,112,-1,111,112,113,-1,113,112,114,-1,113,114,115,-1,116,115,117,-1,117,115,114,-1,116,117,118,-1,116,118,119,-1,119,118,120,-1,119,120,121,-1,121,120,122,-1,121,122,123,-1,123,122,124,-1,123,124,125,-1,125,124,126,-1,125,126,127,-1,127,126,128,-1,127,128,129,-1,129,128,130,-1,129,130,131,-1,131,130,132,-1,131,132,133,-1,133,132,134,-1,133,134,135,-1,135,134,136,-1,135,136,137,-1,137,136,138,-1,137,138,139,-1,139,138,140,-1,139,140,141,-1,141,140,142,-1,141,142,143,-1,143,142,144,-1,143,144,145,-1,145,144,146,-1,145,146,147,-1,147,146,148,-1,147,148,149,-1,149,148,150,-1,149,150,151,-1,151,150,152,-1,151,152,153,-1,153,152,154,-1,153,154,155,-1,155,154,156,-1,155,156,157,-1,157,156,158,-1,157,158,159,-1,159,158,160,-1,159,160,161,-1,161,160,162,-1,161,162,163,-1,163,162,164,-1,163,164,165,-1,165,164,166,-1,165,166,167,-1,167,166,168,-1,167,168,169,-1,169,168,170,-1,169,170,171,-1,171,170,172,-1,171,172,173,-1,173,172,174,-1,173,174,175,-1,175,174,176,-1,175,176,177,-1,177,176,178,-1,177,178,179,-1,179,178,180,-1,179,180,181,-1,181,180,182,-1,181,182,183,-1,183,182,184,-1,183,184,185,-1,185,184,186,-1,185,186,187,-1,187,186,188,-1,187,188,189,-1,189,188,190,-1,189,190,191,-1,191,190,192,-1,191,192,193,-1,193,192,194,-1,193,194,195,-1,195,194,196,-1,195,196,197,-1,197,196,13,-1,197,13,12,-1,113,115,116,-1,57,177,179,-1,57,179,55,-1,55,179,181,-1,55,181,53,-1,53,181,183,-1,53,183,51,-1,51,183,185,-1,51,185,49,-1,49,185,187,-1,49,187,47,-1,33,21,31,-1,31,21,23,-1,31,23,29,-1,29,23,25,-1,29,25,26,-1,187,189,47,-1,47,189,191,-1,47,191,45,-1,45,191,193,-1,45,193,43,-1,43,193,195,-1,43,195,41,-1,41,195,197,-1,41,197,39,-1,39,197,12,-1,39,12,37,-1,37,12,15,-1,37,15,35,-1,35,15,17,-1,35,17,33,-1,33,17,19,-1,33,19,21,-1,89,143,87,-1,87,143,145,-1,87,145,85,-1,85,145,147,-1,85,147,83,-1,83,147,149,-1,83,149,81,-1,81,149,151,-1,81,151,79,-1,79,151,153,-1,79,153,77,-1,77,153,155,-1,77,155,75,-1,113,116,111,-1,111,116,119,-1,111,119,109,-1,109,119,121,-1,109,121,107,-1,107,121,123,-1,107,123,105,-1,105,123,125,-1,105,125,103,-1,103,125,127,-1,103,127,101,-1,101,127,129,-1,101,129,99,-1,99,129,131,-1,99,131,97,-1,97,131,133,-1,97,133,95,-1,95,133,135,-1,95,135,93,-1,93,135,137,-1,93,137,91,-1,91,137,139,-1,91,139,89,-1,89,139,141,-1,89,141,143,-1,177,57,175,-1,175,57,59,-1,175,59,173,-1,173,59,61,-1,173,61,171,-1,171,61,63,-1,171,63,169,-1,169,63,65,-1,169,65,167,-1,167,65,165,-1,165,65,67,-1,165,67,163,-1,155,157,75,-1,75,157,159,-1,75,159,73,-1,73,159,161,-1,73,161,71,-1,71,161,163,-1,71,163,69,-1,69,163,67,-1,28,27,24,-1,28,24,30,-1,44,190,46,-1,46,190,188,-1,46,188,48,-1,48,188,186,-1,48,186,50,-1,50,186,184,-1,50,184,52,-1,52,184,182,-1,52,182,54,-1,114,112,117,-1,117,112,110,-1,117,110,118,-1,118,110,108,-1,182,180,54,-1,54,180,178,-1,54,178,56,-1,56,178,176,-1,56,176,58,-1,58,176,174,-1,58,174,60,-1,60,174,172,-1,60,172,62,-1,24,22,30,-1,30,22,20,-1,30,20,32,-1,32,20,18,-1,32,18,34,-1,34,18,16,-1,34,16,36,-1,36,16,14,-1,36,14,38,-1,38,14,13,-1,38,13,40,-1,40,13,196,-1,40,196,42,-1,42,196,194,-1,42,194,44,-1,44,194,192,-1,44,192,190,-1,82,146,84,-1,84,146,144,-1,84,144,86,-1,86,144,142,-1,86,142,88,-1,88,142,140,-1,88,140,90,-1,90,140,138,-1,90,138,92,-1,92,138,136,-1,92,136,94,-1,94,136,134,-1,94,134,96,-1,96,134,132,-1,96,132,98,-1,98,132,130,-1,98,130,100,-1,100,130,128,-1,100,128,102,-1,102,128,126,-1,102,126,104,-1,104,126,124,-1,104,124,106,-1,106,124,122,-1,106,122,108,-1,108,122,120,-1,108,120,118,-1,162,160,72,-1,72,160,158,-1,72,158,74,-1,74,158,156,-1,74,156,76,-1,76,156,154,-1,76,154,78,-1,78,154,152,-1,78,152,80,-1,80,152,150,-1,80,150,82,-1,82,150,148,-1,82,148,146,-1,172,170,62,-1,62,170,168,-1,62,168,64,-1,64,168,166,-1,64,166,66,-1,66,166,164,-1,66,164,68,-1,68,164,162,-1,68,162,70,-1,70,162,72,-1,198,199,200,-1,200,199,201,-1,202,198,203,-1,203,198,200,-1,204,202,205,-1,205,202,203,-1,206,204,207,-1,207,204,205,-1,208,206,209,-1,209,206,207,-1,210,208,211,-1,211,208,209,-1,212,210,213,-1,213,210,211,-1,214,212,215,-1,215,212,213,-1,216,214,217,-1,217,214,215,-1,218,216,219,-1,219,216,217,-1,220,218,221,-1,221,218,219,-1,199,220,201,-1,201,220,221,-1,220,199,198,-1,198,202,220,-1,220,202,204,-1,220,204,218,-1,214,216,212,-1,212,216,218,-1,212,218,210,-1,210,218,204,-1,210,204,208,-1,208,204,206,-1,200,201,203,-1,203,201,221,-1,203,221,205,-1,217,215,219,-1,219,215,213,-1,219,213,211,-1,209,207,211,-1,211,207,205,-1,211,205,219,-1,219,205,221,-1,222,223,224,-1,224,223,225,-1,224,225,226,-1,226,225,227,-1,226,227,228,-1,228,227,229,-1,228,229,230,-1,230,229,231,-1,230,231,232,-1,232,231,233,-1,232,233,234,-1,234,233,235,-1,234,235,236,-1,236,235,237,-1,236,237,238,-1,239,240,241,-1,241,240,242,-1,241,242,243,-1,243,242,244,-1,243,244,245,-1,245,244,246,-1,245,246,247,-1,246,248,247,-1,247,248,249,-1,247,249,250,-1,250,249,251,-1,250,251,252,-1,252,251,253,-1,252,253,254,-1,254,253,255,-1,254,255,256,-1,256,255,257,-1,256,257,258,-1,258,257,259,-1,258,259,260,-1,260,259,261,-1,260,261,262,-1,262,261,263,-1,262,263,264,-1,264,263,265,-1,264,265,266,-1,266,265,267,-1,266,267,268,-1,268,267,269,-1,268,269,270,-1,270,269,271,-1,270,271,272,-1,272,271,273,-1,272,273,274,-1,274,273,275,-1,274,275,276,-1,276,275,277,-1,276,277,278,-1,278,277,279,-1,278,279,280,-1,280,279,281,-1,280,281,222,-1,222,281,282,-1,222,282,223,-1,237,283,238,-1,238,283,284,-1,238,284,285,-1,285,284,286,-1,285,286,287,-1,287,286,288,-1,287,288,289,-1,289,288,290,-1,289,290,291,-1,291,290,292,-1,291,292,293,-1,293,292,294,-1,293,294,239,-1,239,294,295,-1,239,295,240,-1,296,297,298,-1,298,297,299,-1,298,299,300,-1,300,299,301,-1,300,301,302,-1,302,301,303,-1,302,303,304,-1,304,303,305,-1,304,305,306,-1,306,305,307,-1,306,307,308,-1,309,310,311,-1,311,310,312,-1,311,312,313,-1,313,312,314,-1,313,314,315,-1,315,314,316,-1,315,316,317,-1,317,316,318,-1,317,318,319,-1,319,318,320,-1,319,320,321,-1,321,320,322,-1,321,322,323,-1,323,322,324,-1,323,324,325,-1,325,324,326,-1,325,326,327,-1,327,326,328,-1,327,328,329,-1,329,328,330,-1,329,330,331,-1,331,330,332,-1,331,332,333,-1,333,332,334,-1,333,334,335,-1,335,334,336,-1,335,336,337,-1,337,336,338,-1,337,338,296,-1,296,338,339,-1,296,339,297,-1,340,341,342,-1,342,341,343,-1,342,343,344,-1,344,343,345,-1,344,345,346,-1,346,345,347,-1,346,347,348,-1,348,347,349,-1,348,349,350,-1,350,349,351,-1,350,351,352,-1,352,351,353,-1,352,353,354,-1,354,353,355,-1,354,355,309,-1,309,355,356,-1,309,356,310,-1,307,357,308,-1,308,357,358,-1,308,358,359,-1,359,358,360,-1,359,360,361,-1,361,360,362,-1,361,362,363,-1,363,362,364,-1,363,364,365,-1,365,364,366,-1,365,366,367,-1,367,366,368,-1,367,368,340,-1,340,368,369,-1,340,369,341,-1,275,273,320,-1,320,273,322,-1,275,320,318,-1,275,318,277,-1,277,318,316,-1,277,316,279,-1,279,316,314,-1,279,314,281,-1,281,314,312,-1,281,312,282,-1,282,312,310,-1,282,310,223,-1,223,310,356,-1,223,356,225,-1,225,356,355,-1,225,355,227,-1,227,355,353,-1,227,353,229,-1,229,353,351,-1,229,351,231,-1,231,351,349,-1,231,349,233,-1,233,349,347,-1,233,347,235,-1,235,347,345,-1,235,345,237,-1,237,345,343,-1,237,343,283,-1,283,343,341,-1,283,341,284,-1,284,341,369,-1,284,369,286,-1,286,369,368,-1,286,368,288,-1,288,368,366,-1,288,366,290,-1,290,366,364,-1,290,364,292,-1,292,364,362,-1,292,362,294,-1,294,362,360,-1,294,360,295,-1,295,360,358,-1,295,358,240,-1,240,358,357,-1,240,357,242,-1,242,357,307,-1,242,307,244,-1,244,307,305,-1,244,305,246,-1,246,305,303,-1,246,303,248,-1,248,303,301,-1,248,301,249,-1,249,301,299,-1,249,299,251,-1,251,299,297,-1,251,297,253,-1,253,297,339,-1,253,339,255,-1,255,339,338,-1,255,338,257,-1,257,338,336,-1,257,336,259,-1,259,336,334,-1,259,334,261,-1,261,334,332,-1,261,332,263,-1,263,332,330,-1,263,330,265,-1,265,330,328,-1,265,328,267,-1,267,328,326,-1,267,326,269,-1,271,269,324,-1,324,269,326,-1,273,271,322,-1,322,271,324,-1,268,270,325,-1,325,270,323,-1,270,272,323,-1,323,272,321,-1,272,274,321,-1,321,274,319,-1,230,350,352,-1,230,352,228,-1,228,352,354,-1,228,354,226,-1,226,354,309,-1,226,309,224,-1,224,309,311,-1,224,311,222,-1,222,311,313,-1,222,313,280,-1,280,313,315,-1,280,315,278,-1,278,315,317,-1,278,317,276,-1,276,317,319,-1,276,319,274,-1,291,363,365,-1,291,365,289,-1,289,365,367,-1,289,367,287,-1,287,367,340,-1,287,340,285,-1,285,340,342,-1,285,342,238,-1,238,342,344,-1,238,344,236,-1,236,344,346,-1,236,346,234,-1,234,346,348,-1,234,348,232,-1,232,348,350,-1,232,350,230,-1,252,298,300,-1,252,300,250,-1,250,300,302,-1,250,302,247,-1,247,302,304,-1,247,304,245,-1,245,304,306,-1,245,306,243,-1,243,306,308,-1,243,308,241,-1,241,308,359,-1,241,359,239,-1,239,359,361,-1,239,361,293,-1,293,361,363,-1,293,363,291,-1,268,325,327,-1,268,327,266,-1,266,327,329,-1,266,329,264,-1,264,329,331,-1,264,331,262,-1,262,331,333,-1,262,333,260,-1,260,333,335,-1,260,335,258,-1,258,335,337,-1,258,337,256,-1,256,337,296,-1,256,296,254,-1,254,296,298,-1,254,298,252,-1,370,371,372,-1,372,371,373,-1,374,375,370,-1,370,375,376,-1,370,376,371,-1,371,376,377,-1,374,378,375,-1,375,378,379,-1,375,379,380,-1,380,379,381,-1,380,381,382,-1,382,383,380,-1,380,383,372,-1,380,372,384,-1,384,372,373,-1,384,373,385,-1,386,387,388,-1,387,389,388,-1,388,389,390,-1,388,390,391,-1,391,390,392,-1,391,392,393,-1,393,394,391,-1,391,394,395,-1,391,395,396,-1,397,398,399,-1,400,396,401,-1,401,396,395,-1,401,395,399,-1,399,395,386,-1,399,386,397,-1,397,386,388,-1,380,384,388,-1,388,384,397,-1,375,380,391,-1,391,380,388,-1,376,375,396,-1,396,375,391,-1,377,376,400,-1,400,376,396,-1,371,377,401,-1,401,377,400,-1,373,371,399,-1,399,371,401,-1,385,373,398,-1,398,373,399,-1,384,385,397,-1,397,385,398,-1,370,372,395,-1,395,372,386,-1,372,383,386,-1,386,383,387,-1,381,390,389,-1,381,389,382,-1,382,389,387,-1,382,387,383,-1,381,379,390,-1,390,379,392,-1,374,394,393,-1,374,393,378,-1,378,393,392,-1,378,392,379,-1,374,370,394,-1,394,370,395,-1,402,403,404,-1,404,403,405,-1,406,402,407,-1,407,402,404,-1,408,406,409,-1,409,406,407,-1,410,408,411,-1,411,408,409,-1,412,410,413,-1,413,410,411,-1,414,412,415,-1,415,412,413,-1,416,414,417,-1,417,414,415,-1,418,416,419,-1,419,416,417,-1,420,418,421,-1,421,418,419,-1,422,420,423,-1,423,420,421,-1,424,422,425,-1,425,422,423,-1,403,424,405,-1,405,424,425,-1,418,420,416,-1,416,420,422,-1,416,422,414,-1,403,402,424,-1,424,402,406,-1,424,406,408,-1,410,412,408,-1,408,412,414,-1,408,414,424,-1,424,414,422,-1,423,421,419,-1,419,417,423,-1,423,417,415,-1,423,415,425,-1,404,405,407,-1,407,405,425,-1,407,425,409,-1,409,425,415,-1,409,415,411,-1,411,415,413,-1,426,427,428,-1,428,427,429,-1,430,431,432,-1,433,434,435,-1,435,434,436,-1,432,431,437,-1,437,431,438,-1,437,438,439,-1,439,438,440,-1,439,440,441,-1,442,443,444,-1,434,445,436,-1,436,445,446,-1,436,446,447,-1,433,435,448,-1,448,435,449,-1,448,449,450,-1,450,449,451,-1,450,451,452,-1,441,440,453,-1,453,440,454,-1,453,454,455,-1,455,454,456,-1,455,456,457,-1,446,458,447,-1,447,458,459,-1,447,459,460,-1,460,459,461,-1,460,461,462,-1,428,463,464,-1,464,463,465,-1,464,465,466,-1,467,468,469,-1,469,468,470,-1,469,470,471,-1,471,470,472,-1,471,472,473,-1,474,475,429,-1,429,475,476,-1,429,476,428,-1,428,476,477,-1,428,477,463,-1,457,456,478,-1,478,456,479,-1,478,479,480,-1,480,479,481,-1,480,481,482,-1,483,484,485,-1,485,484,486,-1,485,486,487,-1,487,486,488,-1,487,488,489,-1,444,490,442,-1,442,490,491,-1,442,491,483,-1,483,491,492,-1,483,492,484,-1,493,494,495,-1,495,494,496,-1,495,496,443,-1,443,496,497,-1,443,497,444,-1,498,499,500,-1,500,499,452,-1,500,452,501,-1,501,452,451,-1,472,502,473,-1,473,502,503,-1,473,503,504,-1,504,503,505,-1,504,505,506,-1,506,505,466,-1,506,466,507,-1,507,466,465,-1,482,481,508,-1,508,481,509,-1,508,509,510,-1,510,499,508,-1,508,499,498,-1,508,498,429,-1,429,498,511,-1,429,511,474,-1,488,512,489,-1,489,512,513,-1,489,513,514,-1,514,513,515,-1,514,515,516,-1,516,515,517,-1,516,517,467,-1,467,517,518,-1,467,518,468,-1,461,519,462,-1,462,519,520,-1,462,520,521,-1,521,520,522,-1,521,522,523,-1,432,524,430,-1,430,524,525,-1,430,525,526,-1,526,525,527,-1,526,527,528,-1,528,527,529,-1,528,529,530,-1,530,529,531,-1,530,531,532,-1,532,531,533,-1,532,533,534,-1,534,533,535,-1,534,535,536,-1,536,535,537,-1,536,537,538,-1,538,537,539,-1,538,539,540,-1,540,539,541,-1,540,541,542,-1,542,541,543,-1,542,543,544,-1,522,545,523,-1,523,545,546,-1,523,546,493,-1,493,546,547,-1,493,547,494,-1,548,549,550,-1,551,552,553,-1,553,552,554,-1,553,554,555,-1,556,557,558,-1,559,560,561,-1,561,560,562,-1,561,562,563,-1,554,564,555,-1,555,564,565,-1,555,565,566,-1,566,565,567,-1,566,567,568,-1,569,570,571,-1,571,570,572,-1,571,572,573,-1,573,572,574,-1,573,574,551,-1,551,574,575,-1,551,575,552,-1,576,556,577,-1,577,556,558,-1,577,558,578,-1,578,558,579,-1,580,581,582,-1,582,581,583,-1,582,583,584,-1,584,583,585,-1,584,585,586,-1,586,585,587,-1,586,587,588,-1,588,587,589,-1,590,591,580,-1,580,591,592,-1,580,592,581,-1,593,594,559,-1,559,594,595,-1,559,595,560,-1,596,597,593,-1,593,597,598,-1,593,598,594,-1,599,600,601,-1,601,600,558,-1,601,558,602,-1,602,558,557,-1,603,604,590,-1,590,604,605,-1,590,605,591,-1,567,606,568,-1,568,606,607,-1,568,607,608,-1,608,607,609,-1,608,609,610,-1,610,609,600,-1,610,600,611,-1,562,612,563,-1,563,612,613,-1,563,613,614,-1,611,600,615,-1,615,600,599,-1,615,599,589,-1,589,599,616,-1,589,616,588,-1,548,550,617,-1,617,550,618,-1,617,618,619,-1,619,618,620,-1,619,620,621,-1,621,620,622,-1,621,622,623,-1,623,622,624,-1,623,624,625,-1,625,624,626,-1,625,626,627,-1,627,626,628,-1,627,628,629,-1,629,628,630,-1,629,630,569,-1,569,630,631,-1,569,631,570,-1,632,633,634,-1,634,633,635,-1,634,635,603,-1,603,635,636,-1,603,636,604,-1,613,637,614,-1,614,637,638,-1,614,638,639,-1,639,638,640,-1,639,640,632,-1,632,640,641,-1,632,641,633,-1,642,643,644,-1,644,643,645,-1,644,645,646,-1,646,645,647,-1,646,647,648,-1,648,647,649,-1,648,649,650,-1,651,652,653,-1,653,652,654,-1,653,654,655,-1,655,654,656,-1,655,656,596,-1,596,656,657,-1,596,657,597,-1,649,658,650,-1,650,658,659,-1,650,659,660,-1,660,659,661,-1,660,661,662,-1,662,661,663,-1,662,663,651,-1,651,663,664,-1,651,664,652,-1,644,665,642,-1,642,665,666,-1,642,666,667,-1,667,666,668,-1,667,668,577,-1,577,668,669,-1,577,669,576,-1,529,630,628,-1,529,628,531,-1,531,628,626,-1,531,626,533,-1,533,626,624,-1,533,624,535,-1,535,624,622,-1,535,622,537,-1,537,622,620,-1,537,620,539,-1,539,620,618,-1,539,618,541,-1,541,618,550,-1,541,550,543,-1,544,543,549,-1,549,543,550,-1,544,549,548,-1,544,548,542,-1,542,548,617,-1,542,617,540,-1,540,617,619,-1,540,619,538,-1,538,619,621,-1,538,621,536,-1,536,621,623,-1,536,623,534,-1,534,623,625,-1,534,625,532,-1,532,625,627,-1,532,627,530,-1,530,627,629,-1,530,629,528,-1,528,629,569,-1,528,569,526,-1,526,569,571,-1,526,571,430,-1,430,571,573,-1,430,573,431,-1,431,573,551,-1,431,551,438,-1,438,551,553,-1,438,553,440,-1,440,553,555,-1,440,555,454,-1,454,555,566,-1,454,566,456,-1,456,566,568,-1,456,568,479,-1,479,568,608,-1,479,608,481,-1,481,608,610,-1,481,610,509,-1,509,610,611,-1,509,611,510,-1,510,611,615,-1,510,615,499,-1,452,499,589,-1,589,499,615,-1,452,589,587,-1,452,587,450,-1,450,587,585,-1,450,585,448,-1,448,585,583,-1,448,583,433,-1,433,583,581,-1,433,581,434,-1,434,581,592,-1,434,592,445,-1,445,592,591,-1,445,591,446,-1,446,591,605,-1,446,605,458,-1,458,605,604,-1,458,604,459,-1,459,604,636,-1,459,636,461,-1,461,636,635,-1,461,635,519,-1,519,635,633,-1,519,633,520,-1,520,633,641,-1,520,641,522,-1,522,641,640,-1,522,640,545,-1,545,640,638,-1,545,638,546,-1,546,638,637,-1,546,637,547,-1,547,637,613,-1,547,613,494,-1,494,613,612,-1,494,612,496,-1,496,612,562,-1,496,562,497,-1,497,562,560,-1,497,560,444,-1,444,560,595,-1,444,595,490,-1,490,595,594,-1,490,594,491,-1,491,594,598,-1,491,598,492,-1,492,598,597,-1,492,597,484,-1,484,597,657,-1,484,657,486,-1,486,657,656,-1,486,656,488,-1,488,656,654,-1,488,654,512,-1,512,654,652,-1,512,652,513,-1,513,652,664,-1,513,664,515,-1,515,664,663,-1,515,663,517,-1,517,663,661,-1,517,661,518,-1,518,661,659,-1,518,659,468,-1,468,659,658,-1,468,658,470,-1,470,658,649,-1,470,649,472,-1,472,649,647,-1,472,647,502,-1,502,647,645,-1,502,645,503,-1,503,645,643,-1,503,643,505,-1,505,643,642,-1,505,642,466,-1,466,642,667,-1,466,667,464,-1,428,464,577,-1,577,464,667,-1,426,428,578,-1,578,428,577,-1,427,426,579,-1,579,426,578,-1,429,427,558,-1,558,427,579,-1,429,558,600,-1,429,600,508,-1,508,600,609,-1,508,609,482,-1,482,609,607,-1,482,607,480,-1,480,607,606,-1,480,606,478,-1,478,606,567,-1,478,567,457,-1,457,567,565,-1,457,565,455,-1,455,565,564,-1,455,564,453,-1,453,564,554,-1,453,554,441,-1,441,554,552,-1,441,552,439,-1,439,552,575,-1,439,575,437,-1,437,575,574,-1,437,574,432,-1,432,574,572,-1,432,572,524,-1,524,572,570,-1,524,570,525,-1,525,570,631,-1,525,631,527,-1,527,631,630,-1,527,630,529,-1,436,580,582,-1,436,582,435,-1,435,582,584,-1,435,584,449,-1,449,584,586,-1,449,586,451,-1,451,586,588,-1,451,588,501,-1,501,588,616,-1,501,616,500,-1,523,639,632,-1,523,632,521,-1,521,632,634,-1,521,634,462,-1,462,634,603,-1,462,603,460,-1,460,603,590,-1,460,590,447,-1,447,590,580,-1,447,580,436,-1,483,593,559,-1,483,559,442,-1,442,559,561,-1,442,561,443,-1,443,561,563,-1,443,563,495,-1,495,563,614,-1,495,614,493,-1,493,614,639,-1,493,639,523,-1,516,662,651,-1,516,651,514,-1,514,651,653,-1,514,653,489,-1,489,653,655,-1,489,655,487,-1,487,655,596,-1,487,596,485,-1,485,596,593,-1,485,593,483,-1,507,666,665,-1,507,665,506,-1,506,665,644,-1,506,644,504,-1,504,644,646,-1,504,646,473,-1,473,646,648,-1,473,648,471,-1,471,648,650,-1,471,650,469,-1,469,650,660,-1,469,660,467,-1,467,660,662,-1,467,662,516,-1,511,601,602,-1,511,602,474,-1,474,602,557,-1,474,557,475,-1,475,557,556,-1,475,556,476,-1,476,556,576,-1,476,576,477,-1,477,576,669,-1,477,669,463,-1,463,669,668,-1,463,668,465,-1,465,668,666,-1,465,666,507,-1,511,498,601,-1,601,498,599,-1,498,500,599,-1,599,500,616,-1,670,671,672,-1,670,672,673,-1,673,672,674,-1,673,674,675,-1,675,674,676,-1,675,676,677,-1,677,676,678,-1,677,678,679,-1,679,678,680,-1,679,680,681,-1,681,680,682,-1,681,682,683,-1,683,682,684,-1,683,684,685,-1,686,685,687,-1,687,685,684,-1,686,687,688,-1,686,688,689,-1,689,688,690,-1,689,690,691,-1,691,690,692,-1,691,692,693,-1,693,692,694,-1,693,694,695,-1,695,694,696,-1,695,696,697,-1,697,696,698,-1,697,698,699,-1,699,698,700,-1,699,700,701,-1,701,700,702,-1,701,702,703,-1,703,702,704,-1,703,704,705,-1,705,704,706,-1,705,706,707,-1,707,706,708,-1,707,708,709,-1,709,708,710,-1,709,710,711,-1,711,710,712,-1,711,712,713,-1,713,712,714,-1,713,714,715,-1,715,714,716,-1,715,716,717,-1,717,716,718,-1,717,718,719,-1,719,718,720,-1,719,720,721,-1,721,720,722,-1,721,722,723,-1,723,722,724,-1,723,724,725,-1,725,724,726,-1,725,726,727,-1,727,726,728,-1,727,728,729,-1,729,728,730,-1,729,730,731,-1,731,730,732,-1,731,732,733,-1,733,732,734,-1,733,734,735,-1,735,734,736,-1,735,736,737,-1,737,736,738,-1,737,738,739,-1,739,738,740,-1,739,740,741,-1,741,740,742,-1,741,742,743,-1,743,742,744,-1,743,744,745,-1,745,744,746,-1,745,746,747,-1,747,746,748,-1,747,748,749,-1,749,748,750,-1,749,750,751,-1,751,750,752,-1,751,752,753,-1,753,752,754,-1,753,754,755,-1,755,754,756,-1,755,756,757,-1,757,756,758,-1,757,758,759,-1,759,758,760,-1,759,760,761,-1,761,760,762,-1,761,762,763,-1,763,762,764,-1,763,764,765,-1,765,764,766,-1,765,766,767,-1,767,766,768,-1,767,768,769,-1,769,768,770,-1,769,770,771,-1,771,770,772,-1,771,772,773,-1,773,772,774,-1,773,774,775,-1,775,774,776,-1,775,776,777,-1,777,776,778,-1,777,778,779,-1,779,778,780,-1,779,780,781,-1,781,780,782,-1,781,782,783,-1,783,782,784,-1,783,784,785,-1,785,784,786,-1,785,786,787,-1,787,786,788,-1,787,788,789,-1,789,788,790,-1,789,790,791,-1,791,790,792,-1,791,792,793,-1,793,792,794,-1,793,794,795,-1,795,794,796,-1,795,796,797,-1,797,796,798,-1,797,798,799,-1,799,798,800,-1,799,800,801,-1,801,800,802,-1,801,802,803,-1,803,802,804,-1,803,804,805,-1,806,805,807,-1,807,805,804,-1,806,807,808,-1,806,808,809,-1,809,808,810,-1,809,810,811,-1,811,810,812,-1,811,812,813,-1,813,812,814,-1,813,814,815,-1,815,814,816,-1,815,816,817,-1,817,816,818,-1,817,818,819,-1,819,818,820,-1,819,820,821,-1,821,820,822,-1,821,822,823,-1,823,822,824,-1,823,824,825,-1,825,824,826,-1,825,826,827,-1,827,826,828,-1,827,828,829,-1,829,828,830,-1,829,830,831,-1,831,830,832,-1,831,832,833,-1,833,832,834,-1,833,834,835,-1,835,834,836,-1,835,836,837,-1,837,836,838,-1,837,838,839,-1,839,838,840,-1,839,840,841,-1,841,840,842,-1,841,842,843,-1,843,842,844,-1,843,844,845,-1,845,844,846,-1,845,846,847,-1,847,846,848,-1,847,848,849,-1,849,848,850,-1,849,850,851,-1,851,850,852,-1,851,852,853,-1,853,852,854,-1,853,854,855,-1,855,854,856,-1,855,856,857,-1,857,856,858,-1,857,858,859,-1,859,858,860,-1,859,860,861,-1,861,860,862,-1,861,862,863,-1,863,862,864,-1,863,864,865,-1,865,864,866,-1,865,866,867,-1,867,866,868,-1,867,868,869,-1,869,868,870,-1,869,870,871,-1,871,870,872,-1,871,872,873,-1,873,872,874,-1,873,874,875,-1,875,874,876,-1,875,876,877,-1,877,876,878,-1,877,878,879,-1,879,878,880,-1,879,880,881,-1,881,880,882,-1,881,882,883,-1,883,882,884,-1,883,884,885,-1,885,884,886,-1,885,886,887,-1,887,886,888,-1,887,888,889,-1,889,888,890,-1,889,890,891,-1,891,890,892,-1,891,892,893,-1,893,892,894,-1,893,894,895,-1,895,894,896,-1,895,896,897,-1,897,896,898,-1,897,898,899,-1,899,898,900,-1,899,900,901,-1,901,900,902,-1,901,902,903,-1,903,902,904,-1,903,904,905,-1,905,904,906,-1,905,906,907,-1,907,906,671,-1,907,671,670,-1,683,685,686,-1,803,805,806,-1,713,715,897,-1,897,715,895,-1,777,837,775,-1,775,837,839,-1,775,839,773,-1,715,717,895,-1,895,717,719,-1,895,719,893,-1,779,833,777,-1,777,833,835,-1,777,835,837,-1,713,897,711,-1,711,897,899,-1,711,899,709,-1,709,899,901,-1,709,901,707,-1,707,901,903,-1,707,903,705,-1,855,765,853,-1,853,765,767,-1,737,883,735,-1,735,883,885,-1,839,841,773,-1,773,841,843,-1,773,843,771,-1,843,845,771,-1,771,845,847,-1,771,847,769,-1,769,847,849,-1,769,849,767,-1,767,849,851,-1,767,851,853,-1,855,857,765,-1,765,857,859,-1,765,859,763,-1,763,859,861,-1,763,861,761,-1,761,861,863,-1,761,863,759,-1,759,863,865,-1,759,865,757,-1,889,729,887,-1,887,729,731,-1,887,731,885,-1,885,731,733,-1,885,733,735,-1,719,721,893,-1,893,721,723,-1,893,723,891,-1,891,723,725,-1,891,725,889,-1,889,725,727,-1,889,727,729,-1,737,739,883,-1,883,739,741,-1,883,741,881,-1,881,741,743,-1,881,743,879,-1,879,743,745,-1,879,745,877,-1,877,745,747,-1,877,747,875,-1,705,903,703,-1,703,903,905,-1,703,905,701,-1,701,905,907,-1,701,907,699,-1,699,907,670,-1,699,670,697,-1,697,670,673,-1,697,673,695,-1,695,673,675,-1,695,675,693,-1,693,675,677,-1,693,677,691,-1,691,677,679,-1,691,679,689,-1,689,679,686,-1,686,679,681,-1,686,681,683,-1,747,749,875,-1,875,749,751,-1,875,751,873,-1,873,751,753,-1,873,753,871,-1,871,753,755,-1,871,755,869,-1,869,755,757,-1,869,757,867,-1,867,757,865,-1,803,806,801,-1,801,806,809,-1,801,809,799,-1,799,809,811,-1,799,811,797,-1,797,811,813,-1,797,813,795,-1,795,813,815,-1,795,815,793,-1,793,815,817,-1,793,817,791,-1,791,817,819,-1,791,819,789,-1,789,819,821,-1,789,821,787,-1,787,821,823,-1,787,823,785,-1,785,823,825,-1,785,825,783,-1,783,825,827,-1,783,827,781,-1,781,827,829,-1,781,829,779,-1,779,829,831,-1,779,831,833,-1,894,714,896,-1,896,714,712,-1,896,712,898,-1,898,712,710,-1,898,710,900,-1,776,774,836,-1,856,764,858,-1,858,764,762,-1,892,718,894,-1,894,718,716,-1,894,716,714,-1,886,884,732,-1,732,884,734,-1,734,884,882,-1,734,882,736,-1,856,854,764,-1,764,854,852,-1,764,852,766,-1,766,852,850,-1,766,850,768,-1,880,740,882,-1,882,740,738,-1,882,738,736,-1,770,842,772,-1,772,842,840,-1,772,840,774,-1,774,840,838,-1,774,838,836,-1,890,722,892,-1,892,722,720,-1,892,720,718,-1,850,848,768,-1,768,848,846,-1,768,846,770,-1,770,846,844,-1,770,844,842,-1,710,708,900,-1,900,708,706,-1,900,706,902,-1,902,706,704,-1,902,704,904,-1,904,704,702,-1,904,702,906,-1,906,702,700,-1,906,700,671,-1,671,700,698,-1,671,698,672,-1,672,698,696,-1,672,696,674,-1,674,696,694,-1,674,694,676,-1,732,730,886,-1,886,730,728,-1,886,728,888,-1,888,728,726,-1,888,726,890,-1,890,726,724,-1,890,724,722,-1,694,692,676,-1,676,692,690,-1,676,690,678,-1,678,690,688,-1,678,688,680,-1,680,688,687,-1,680,687,682,-1,682,687,684,-1,872,870,754,-1,754,870,868,-1,754,868,756,-1,756,868,866,-1,756,866,758,-1,758,866,864,-1,758,864,760,-1,760,864,862,-1,760,862,762,-1,762,862,860,-1,762,860,858,-1,836,834,776,-1,776,834,832,-1,776,832,778,-1,778,832,830,-1,778,830,780,-1,780,830,828,-1,780,828,782,-1,782,828,826,-1,782,826,784,-1,784,826,824,-1,784,824,786,-1,786,824,822,-1,786,822,788,-1,788,822,820,-1,788,820,790,-1,790,820,818,-1,790,818,792,-1,792,818,816,-1,792,816,794,-1,794,816,814,-1,794,814,796,-1,796,814,812,-1,796,812,798,-1,798,812,810,-1,798,810,800,-1,800,810,808,-1,800,808,802,-1,802,808,807,-1,802,807,804,-1,754,752,872,-1,872,752,750,-1,872,750,874,-1,874,750,748,-1,874,748,876,-1,876,748,746,-1,876,746,878,-1,878,746,744,-1,878,744,880,-1,880,744,742,-1,880,742,740,-1,908,909,910,-1,910,909,911,-1,912,908,913,-1,913,908,910,-1,912,913,914,-1,912,914,915,-1,915,914,916,-1,915,916,917,-1,918,917,919,-1,919,917,916,-1,920,918,921,-1,921,918,919,-1,922,920,923,-1,923,920,921,-1,924,922,925,-1,925,922,923,-1,926,924,927,-1,927,924,925,-1,928,926,929,-1,929,926,927,-1,928,929,930,-1,928,930,931,-1,931,930,932,-1,931,932,933,-1,933,932,934,-1,933,934,935,-1,935,934,936,-1,935,936,937,-1,937,936,938,-1,937,938,939,-1,939,938,940,-1,939,940,941,-1,941,940,942,-1,941,942,943,-1,943,942,944,-1,943,944,945,-1,945,944,946,-1,945,946,947,-1,947,946,948,-1,947,948,949,-1,950,949,951,-1,951,949,948,-1,950,951,952,-1,950,952,953,-1,953,952,954,-1,953,954,955,-1,955,954,956,-1,955,956,957,-1,957,956,958,-1,957,958,959,-1,959,958,960,-1,959,960,961,-1,961,960,962,-1,961,962,963,-1,963,962,964,-1,963,964,965,-1,965,964,966,-1,965,966,967,-1,967,966,968,-1,967,968,969,-1,969,968,970,-1,969,970,971,-1,971,970,972,-1,971,972,973,-1,973,972,974,-1,973,974,975,-1,975,974,976,-1,975,976,977,-1,977,976,978,-1,977,978,979,-1,909,979,911,-1,911,979,978,-1,915,917,979,-1,909,908,979,-1,979,908,912,-1,979,912,915,-1,922,924,920,-1,920,924,926,-1,920,926,918,-1,933,935,967,-1,967,935,965,-1,965,935,937,-1,965,937,963,-1,963,937,939,-1,963,939,961,-1,961,939,959,-1,959,939,941,-1,959,941,957,-1,957,941,943,-1,957,943,955,-1,967,969,933,-1,933,969,971,-1,933,971,931,-1,931,971,973,-1,931,973,928,-1,955,943,953,-1,953,943,945,-1,953,945,950,-1,950,945,947,-1,950,947,949,-1,973,975,928,-1,928,975,977,-1,928,977,926,-1,926,977,979,-1,926,979,918,-1,918,979,917,-1,940,938,960,-1,927,925,923,-1,910,911,913,-1,913,911,978,-1,960,938,962,-1,962,938,936,-1,962,936,964,-1,960,958,940,-1,940,958,956,-1,940,956,942,-1,942,956,954,-1,942,954,944,-1,944,954,952,-1,944,952,946,-1,946,952,951,-1,946,951,948,-1,964,936,966,-1,966,936,934,-1,966,934,968,-1,968,934,932,-1,968,932,970,-1,970,932,930,-1,970,930,972,-1,972,930,974,-1,974,930,929,-1,974,929,976,-1,919,916,978,-1,978,916,914,-1,978,914,913,-1,923,921,927,-1,927,921,919,-1,927,919,929,-1,929,919,978,-1,929,978,976,-1,980,981,982,-1,982,981,983,-1,984,980,985,-1,985,980,982,-1,986,984,987,-1,987,984,985,-1,988,986,989,-1,989,986,987,-1,990,988,991,-1,991,988,989,-1,992,990,993,-1,993,990,991,-1,994,992,995,-1,995,992,993,-1,996,994,997,-1,997,994,995,-1,998,996,999,-1,999,996,997,-1,1000,998,1001,-1,1001,998,999,-1,1002,1000,1003,-1,1003,1000,1001,-1,981,1002,983,-1,983,1002,1003,-1,996,998,994,-1,994,998,1000,-1,994,1000,992,-1,981,980,1002,-1,1002,980,984,-1,1002,984,986,-1,988,990,986,-1,986,990,992,-1,986,992,1002,-1,1002,992,1000,-1,1001,999,997,-1,997,995,1001,-1,1001,995,993,-1,1001,993,1003,-1,982,983,985,-1,985,983,1003,-1,985,1003,987,-1,987,1003,993,-1,987,993,989,-1,989,993,991,-1,1004,1005,1006,-1,1006,1005,1007,-1,1006,1007,1008,-1,1008,1007,1009,-1,1008,1009,1010,-1,1010,1009,1011,-1,1010,1011,1012,-1,1012,1011,1013,-1,1012,1013,1014,-1,1014,1013,1015,-1,1014,1015,1016,-1,1016,1015,1017,-1,1016,1017,1018,-1,1018,1017,1019,-1,1018,1019,1020,-1,1021,1022,1023,-1,1023,1022,1024,-1,1023,1024,1025,-1,1025,1024,1026,-1,1025,1026,1027,-1,1027,1026,1028,-1,1027,1028,1029,-1,1028,1030,1029,-1,1029,1030,1031,-1,1029,1031,1032,-1,1032,1031,1033,-1,1032,1033,1034,-1,1034,1033,1035,-1,1034,1035,1036,-1,1036,1035,1037,-1,1036,1037,1038,-1,1038,1037,1039,-1,1038,1039,1040,-1,1040,1039,1041,-1,1040,1041,1042,-1,1042,1041,1043,-1,1042,1043,1044,-1,1044,1043,1045,-1,1044,1045,1046,-1,1046,1045,1047,-1,1046,1047,1048,-1,1048,1047,1049,-1,1048,1049,1050,-1,1050,1049,1051,-1,1050,1051,1052,-1,1052,1051,1053,-1,1052,1053,1054,-1,1054,1053,1055,-1,1054,1055,1056,-1,1056,1055,1057,-1,1056,1057,1058,-1,1058,1057,1059,-1,1058,1059,1060,-1,1060,1059,1061,-1,1060,1061,1062,-1,1062,1061,1063,-1,1062,1063,1004,-1,1004,1063,1064,-1,1004,1064,1005,-1,1019,1065,1020,-1,1020,1065,1066,-1,1020,1066,1067,-1,1067,1066,1068,-1,1067,1068,1069,-1,1069,1068,1070,-1,1069,1070,1071,-1,1071,1070,1072,-1,1071,1072,1073,-1,1073,1072,1074,-1,1073,1074,1075,-1,1075,1074,1076,-1,1075,1076,1021,-1,1021,1076,1077,-1,1021,1077,1022,-1,1078,1079,1080,-1,1080,1079,1081,-1,1080,1081,1082,-1,1082,1081,1083,-1,1082,1083,1084,-1,1084,1083,1085,-1,1084,1085,1086,-1,1086,1085,1087,-1,1086,1087,1088,-1,1088,1087,1089,-1,1088,1089,1090,-1,1091,1092,1093,-1,1093,1092,1094,-1,1093,1094,1095,-1,1095,1094,1096,-1,1095,1096,1097,-1,1097,1096,1098,-1,1097,1098,1099,-1,1099,1098,1100,-1,1099,1100,1101,-1,1101,1100,1102,-1,1101,1102,1103,-1,1103,1102,1104,-1,1103,1104,1105,-1,1105,1104,1106,-1,1105,1106,1107,-1,1107,1106,1108,-1,1107,1108,1109,-1,1109,1108,1110,-1,1109,1110,1111,-1,1111,1110,1112,-1,1111,1112,1113,-1,1113,1112,1114,-1,1113,1114,1115,-1,1115,1114,1116,-1,1115,1116,1117,-1,1117,1116,1118,-1,1117,1118,1119,-1,1119,1118,1120,-1,1119,1120,1078,-1,1078,1120,1121,-1,1078,1121,1079,-1,1122,1123,1124,-1,1124,1123,1125,-1,1124,1125,1126,-1,1126,1125,1127,-1,1126,1127,1128,-1,1128,1127,1129,-1,1128,1129,1130,-1,1130,1129,1131,-1,1130,1131,1132,-1,1132,1131,1133,-1,1132,1133,1134,-1,1134,1133,1135,-1,1134,1135,1136,-1,1136,1135,1137,-1,1136,1137,1091,-1,1091,1137,1138,-1,1091,1138,1092,-1,1089,1139,1090,-1,1090,1139,1140,-1,1090,1140,1141,-1,1141,1140,1142,-1,1141,1142,1143,-1,1143,1142,1144,-1,1143,1144,1145,-1,1145,1144,1146,-1,1145,1146,1147,-1,1147,1146,1148,-1,1147,1148,1149,-1,1149,1148,1150,-1,1149,1150,1122,-1,1122,1150,1151,-1,1122,1151,1123,-1,1057,1055,1102,-1,1102,1055,1104,-1,1057,1102,1100,-1,1057,1100,1059,-1,1059,1100,1098,-1,1059,1098,1061,-1,1061,1098,1096,-1,1061,1096,1063,-1,1063,1096,1094,-1,1063,1094,1064,-1,1064,1094,1092,-1,1064,1092,1005,-1,1005,1092,1138,-1,1005,1138,1007,-1,1007,1138,1137,-1,1007,1137,1009,-1,1009,1137,1135,-1,1009,1135,1011,-1,1011,1135,1133,-1,1011,1133,1013,-1,1013,1133,1131,-1,1013,1131,1015,-1,1015,1131,1129,-1,1015,1129,1017,-1,1017,1129,1127,-1,1017,1127,1019,-1,1019,1127,1125,-1,1019,1125,1065,-1,1065,1125,1123,-1,1065,1123,1066,-1,1066,1123,1151,-1,1066,1151,1068,-1,1068,1151,1150,-1,1068,1150,1070,-1,1070,1150,1148,-1,1070,1148,1072,-1,1072,1148,1146,-1,1072,1146,1074,-1,1074,1146,1144,-1,1074,1144,1076,-1,1076,1144,1142,-1,1076,1142,1077,-1,1077,1142,1140,-1,1077,1140,1022,-1,1022,1140,1139,-1,1022,1139,1024,-1,1024,1139,1089,-1,1024,1089,1026,-1,1026,1089,1087,-1,1026,1087,1028,-1,1028,1087,1085,-1,1028,1085,1030,-1,1030,1085,1083,-1,1030,1083,1031,-1,1031,1083,1081,-1,1031,1081,1033,-1,1033,1081,1079,-1,1033,1079,1035,-1,1035,1079,1121,-1,1035,1121,1037,-1,1037,1121,1120,-1,1037,1120,1039,-1,1039,1120,1118,-1,1039,1118,1041,-1,1041,1118,1116,-1,1041,1116,1043,-1,1043,1116,1114,-1,1043,1114,1045,-1,1045,1114,1112,-1,1045,1112,1047,-1,1047,1112,1110,-1,1047,1110,1049,-1,1049,1110,1108,-1,1049,1108,1051,-1,1053,1051,1106,-1,1106,1051,1108,-1,1055,1053,1104,-1,1104,1053,1106,-1,1050,1052,1107,-1,1107,1052,1105,-1,1052,1054,1105,-1,1105,1054,1103,-1,1054,1056,1103,-1,1103,1056,1101,-1,1012,1132,1134,-1,1012,1134,1010,-1,1010,1134,1136,-1,1010,1136,1008,-1,1008,1136,1091,-1,1008,1091,1006,-1,1006,1091,1093,-1,1006,1093,1004,-1,1004,1093,1095,-1,1004,1095,1062,-1,1062,1095,1097,-1,1062,1097,1060,-1,1060,1097,1099,-1,1060,1099,1058,-1,1058,1099,1101,-1,1058,1101,1056,-1,1073,1145,1147,-1,1073,1147,1071,-1,1071,1147,1149,-1,1071,1149,1069,-1,1069,1149,1122,-1,1069,1122,1067,-1,1067,1122,1124,-1,1067,1124,1020,-1,1020,1124,1126,-1,1020,1126,1018,-1,1018,1126,1128,-1,1018,1128,1016,-1,1016,1128,1130,-1,1016,1130,1014,-1,1014,1130,1132,-1,1014,1132,1012,-1,1034,1080,1082,-1,1034,1082,1032,-1,1032,1082,1084,-1,1032,1084,1029,-1,1029,1084,1086,-1,1029,1086,1027,-1,1027,1086,1088,-1,1027,1088,1025,-1,1025,1088,1090,-1,1025,1090,1023,-1,1023,1090,1141,-1,1023,1141,1021,-1,1021,1141,1143,-1,1021,1143,1075,-1,1075,1143,1145,-1,1075,1145,1073,-1,1050,1107,1109,-1,1050,1109,1048,-1,1048,1109,1111,-1,1048,1111,1046,-1,1046,1111,1113,-1,1046,1113,1044,-1,1044,1113,1115,-1,1044,1115,1042,-1,1042,1115,1117,-1,1042,1117,1040,-1,1040,1117,1119,-1,1040,1119,1038,-1,1038,1119,1078,-1,1038,1078,1036,-1,1036,1078,1080,-1,1036,1080,1034,-1,1152,1153,1154,-1,1154,1153,1155,-1,1156,1157,1152,-1,1152,1157,1158,-1,1152,1158,1153,-1,1153,1158,1159,-1,1156,1160,1157,-1,1157,1160,1161,-1,1157,1161,1162,-1,1162,1161,1163,-1,1162,1163,1164,-1,1164,1165,1162,-1,1162,1165,1154,-1,1162,1154,1166,-1,1166,1154,1155,-1,1166,1155,1167,-1,1168,1169,1170,-1,1169,1171,1170,-1,1170,1171,1172,-1,1170,1172,1173,-1,1173,1172,1174,-1,1173,1174,1175,-1,1175,1176,1173,-1,1173,1176,1177,-1,1173,1177,1178,-1,1179,1180,1181,-1,1182,1178,1183,-1,1183,1178,1177,-1,1183,1177,1181,-1,1181,1177,1168,-1,1181,1168,1179,-1,1179,1168,1170,-1,1162,1166,1170,-1,1170,1166,1179,-1,1157,1162,1173,-1,1173,1162,1170,-1,1158,1157,1178,-1,1178,1157,1173,-1,1159,1158,1182,-1,1182,1158,1178,-1,1153,1159,1183,-1,1183,1159,1182,-1,1155,1153,1181,-1,1181,1153,1183,-1,1167,1155,1180,-1,1180,1155,1181,-1,1166,1167,1179,-1,1179,1167,1180,-1,1152,1154,1177,-1,1177,1154,1168,-1,1154,1165,1168,-1,1168,1165,1169,-1,1163,1172,1171,-1,1163,1171,1164,-1,1164,1171,1169,-1,1164,1169,1165,-1,1163,1161,1172,-1,1172,1161,1174,-1,1156,1176,1175,-1,1156,1175,1160,-1,1160,1175,1174,-1,1160,1174,1161,-1,1156,1152,1176,-1,1176,1152,1177,-1,1184,1185,1186,-1,1186,1185,1187,-1,
        ]
    }
}
Shape{
    appearance Appearance {
        material  Material 	{
            diffuseColor 0.7529411764705882 0.7529411764705882 0.7529411764705882
            specularColor 0.3764705882352941 0.3764705882352941 0.3764705882352941
            ambientIntensity 0.7529
            transparency 0.0
            shininess 0.5
        }
    }
    geometry IndexedFaceSet {
        ccw TRUE
        solid FALSE
        coord DEF co Coordinate {
            point [
                -2.5622 0.0855 0.0692, -2.5622 0.3664 0.0692, -2.5622 0.0855 0.207, -2.5622 0.3664 0.207, 2.5584 0.3664 0.207, 2.5584 0.3664 0.0692, 2.5584 0.0855 0.207, 2.5584 0.0855 0.0692
            ]
        }
        coordIndex [
            0,1,2,-1,2,1,3,-1,4,5,6,-1,6,5,7,-1,
        ]
    }
}
Shape{
    appearance Appearance {
        material  Material 	{
            diffuseColor 0.25098039215686274 0.25098039215686274 0.25098039215686274
            specularColor 0.12549019607843137 0.12549019607843137 0.12549019607843137
            ambientIntensity 0.251
            transparency 0.0
            shininess 0.5
        }
    }
    geometry IndexedFaceSet {
        ccw TRUE
        solid FALSE
        coord DEF co Coordinate {
            point [
                2.5313 0.0318 0.1575, 2.5313 0.7601 0.1575, 2.5313 0.0318 0.3858, 2.5313 0.7601 0.3858
            ]
        }
        coordIndex [
            0,1,2,-1,2,1,3,-1,
        ]
    }
}
Shape{
    appearance Appearance {
        material  Material 	{
            diffuseColor 0.7529411764705882 0.7529411764705882 0.7529411764705882
            specularColor 0.3764705882352941 0.3764705882352941 0.3764705882352941
            ambientIntensity 0.7529
            transparency 0.0
            shininess 0.5
        }
    }
    geometry IndexedFaceSet {
        ccw TRUE
        solid FALSE
        coord DEF co Coordinate {
            point [
                -3.0531 2.4535 1.6261, -3.0531 2.4535 1.6064, -3.1909 2.4535 1.6261, -3.1909 2.4535 1.6064
            ]
        }
        coordIndex [
            0,1,2,-1,2,1,3,-1,
        ]
    }
}
Shape{
    appearance Appearance {
        material  Material 	{
            diffuseColor 0.25098039215686274 0.25098039215686274 0.25098039215686274
            specularColor 0.12549019607843137 0.12549019607843137 0.12549019607843137
            ambientIntensity 0.251
            transparency 0.0
            shininess 0.5
        }
    }
    geometry IndexedFaceSet {
        ccw TRUE
        solid FALSE
        coord DEF co Coordinate {
            point [
                -3.0531 2.6411 1.6328, -3.0531 2.6888 1.6525, -3.0531 2.8472 1.6064, -3.0531 2.7297 1.6838, -3.0531 2.4535 2.571, -3.0531 2.4535 2.5907, -3.0531 2.5899 2.571, -3.0531 2.8472 2.5907, -3.0531 2.6411 2.5643, -3.0531 2.6888 2.5446, -3.0531 2.5899 1.6261, -3.0531 2.4535 1.6064, -3.0531 2.4535 1.6261, -3.0531 2.7726 1.7476, -3.0531 2.7809 1.772, -3.0531 2.786 2.3998, -3.0531 2.7809 2.4251, -3.0531 2.7726 2.4495, -3.0531 2.7612 2.4726, -3.0531 2.786 1.7973, -3.0531 2.7877 1.823, -3.0531 2.7877 2.3741, -3.0531 2.7468 2.494, -3.0531 2.7297 2.5133, -3.0531 2.7468 1.7031, -3.0531 2.7612 1.7245
            ]
        }
        coordIndex [
            0,1,2,-1,2,1,3,-1,4,5,6,-1,6,5,7,-1,6,7,8,-1,8,7,9,-1,0,2,10,-1,10,2,11,-1,10,11,12,-1,13,14,2,-1,15,16,7,-1,7,16,17,-1,7,17,18,-1,14,19,2,-1,2,19,20,-1,2,20,7,-1,7,20,21,-1,7,21,15,-1,18,22,7,-1,7,22,23,-1,7,23,9,-1,3,24,2,-1,2,24,25,-1,2,25,13,-1,
        ]
    }
}
Shape{
    appearance Appearance {
        material  Material 	{
            diffuseColor 0.7529411764705882 0.7529411764705882 0.7529411764705882
            specularColor 0.3764705882352941 0.3764705882352941 0.3764705882352941
            ambientIntensity 0.7529
            transparency 0.0
            shininess 0.5
        }
    }
    geometry IndexedFaceSet {
        ccw TRUE
        solid FALSE
        coord DEF co Coordinate {
            point [
                -3.0531 2.4535 3.9883, -3.0531 2.4535 3.9686, -3.1909 2.4535 3.9883, -3.1909 2.4535 3.9686
            ]
        }
        coordIndex [
            0,1,2,-1,2,1,3,-1,
        ]
    }
}
Shape{
    appearance Appearance {
        material  Material 	{
            diffuseColor 0.25098039215686274 0.25098039215686274 0.25098039215686274
            specularColor 0.12549019607843137 0.12549019607843137 0.12549019607843137
            ambientIntensity 0.251
            transparency 0.0
            shininess 0.5
        }
    }
    geometry IndexedFaceSet {
        ccw TRUE
        solid FALSE
        coord DEF co Coordinate {
            point [
                -3.0531 2.6411 3.995, -3.0531 2.6888 4.0147, -3.0531 2.8472 3.9686, -3.0531 2.7297 4.046, -3.0531 2.4535 4.9332, -3.0531 2.4535 4.9529, -3.0531 2.5899 4.9332, -3.0531 2.8472 4.9529, -3.0531 2.6411 4.9265, -3.0531 2.6888 4.9068, -3.0531 2.5899 3.9883, -3.0531 2.4535 3.9686, -3.0531 2.4535 3.9883, -3.0531 2.7726 4.1098, -3.0531 2.7809 4.1342, -3.0531 2.786 4.762, -3.0531 2.7809 4.7873, -3.0531 2.7726 4.8117, -3.0531 2.7612 4.8348, -3.0531 2.786 4.1595, -3.0531 2.7877 4.1852, -3.0531 2.7877 4.7363, -3.0531 2.7468 4.8562, -3.0531 2.7297 4.8755, -3.0531 2.7468 4.0653, -3.0531 2.7612 4.0867
            ]
        }
        coordIndex [
            0,1,2,-1,2,1,3,-1,4,5,6,-1,6,5,7,-1,6,7,8,-1,8,7,9,-1,0,2,10,-1,10,2,11,-1,10,11,12,-1,13,14,2,-1,15,16,7,-1,7,16,17,-1,7,17,18,-1,14,19,2,-1,2,19,20,-1,2,20,7,-1,7,20,21,-1,7,21,15,-1,18,22,7,-1,7,22,23,-1,7,23,9,-1,3,24,2,-1,2,24,25,-1,2,25,13,-1,
        ]
    }
}
Shape{
    appearance Appearance {
        material  Material 	{
            diffuseColor 0.7529411764705882 0.7529411764705882 0.7529411764705882
            specularColor 0.3764705882352941 0.3764705882352941 0.3764705882352941
            ambientIntensity 0.7529
            transparency 0.0
            shininess 0.5
        }
    }
    geometry IndexedFaceSet {
        ccw TRUE
        solid FALSE
        coord DEF co Coordinate {
            point [
                -3.1909 2.4535 2.5907, -3.1909 2.4535 2.571, -3.1909 2.3066 0.3937, -3.1909 2.8472 3.9686, -3.1909 2.8472 4.9529, -3.1909 3.0551 6.365, -3.1909 2.3066 5.8268, -3.1909 2.4535 4.9529, -3.1909 2.4535 4.9332, -3.1909 2.517 4.9332, -3.1909 2.517 3.9883, -3.1909 2.4535 3.9883, -3.1909 2.4535 3.9686, -3.1909 2.5169 5.8268, -3.1909 3.0551 0.3937, -3.1909 2.8472 2.5907, -3.1909 2.517 2.571, -3.1909 2.517 1.6261, -3.1909 2.4535 1.6261, -3.1909 2.4535 1.6064, -3.1909 2.8472 1.6064, 3.187 2.4535 1.6064, 3.0492 2.4535 1.6064, 3.187 2.4535 1.6261, 3.0492 2.4535 1.6261
            ]
        }
        coordIndex [
            0,1,2,-1,3,4,5,-1,6,7,8,-1,9,10,8,-1,8,10,11,-1,8,11,6,-1,6,11,12,-1,7,6,4,-1,4,6,13,-1,4,13,5,-1,5,14,3,-1,3,14,15,-1,3,15,12,-1,12,15,0,-1,12,0,6,-1,6,0,2,-1,16,17,1,-1,1,17,18,-1,1,18,2,-1,2,18,19,-1,2,19,14,-1,14,19,20,-1,14,20,15,-1,21,22,23,-1,23,22,24,-1,
        ]
    }
}
Shape{
    appearance Appearance {
        material  Material 	{
            diffuseColor 0.25098039215686274 0.25098039215686274 0.25098039215686274
            specularColor 0.12549019607843137 0.12549019607843137 0.12549019607843137
            ambientIntensity 0.251
            transparency 0.0
            shininess 0.5
        }
    }
    geometry IndexedFaceSet {
        ccw TRUE
        solid FALSE
        coord DEF co Coordinate {
            point [
                3.0492 2.6411 2.5643, 3.0492 2.6888 2.5446, 3.0492 2.8472 2.5907, 3.0492 2.7297 2.5133, 3.0492 2.4535 1.6261, 3.0492 2.4535 1.6064, 3.0492 2.5899 1.6261, 3.0492 2.8472 1.6064, 3.0492 2.6411 1.6328, 3.0492 2.6888 1.6525, 3.0492 2.5899 2.571, 3.0492 2.4535 2.5907, 3.0492 2.4535 2.571, 3.0492 2.7809 2.4251, 3.0492 2.786 2.3998, 3.0492 2.7726 2.4495, 3.0492 2.7468 2.494, 3.0492 2.7612 2.4726, 3.0492 2.7877 2.3741, 3.0492 2.7877 1.823, 3.0492 2.786 1.7973, 3.0492 2.7809 1.772, 3.0492 2.7726 1.7476, 3.0492 2.7612 1.7245, 3.0492 2.7468 1.7031, 3.0492 2.7297 1.6838
            ]
        }
        coordIndex [
            0,1,2,-1,2,1,3,-1,4,5,6,-1,6,5,7,-1,6,7,8,-1,8,7,9,-1,0,2,10,-1,10,2,11,-1,10,11,12,-1,13,14,2,-1,13,2,15,-1,3,16,2,-1,2,16,17,-1,2,17,15,-1,14,18,2,-1,2,18,19,-1,2,19,7,-1,7,19,20,-1,20,21,7,-1,7,21,22,-1,7,22,23,-1,23,24,7,-1,7,24,25,-1,7,25,9,-1,
        ]
    }
}
Shape{
    appearance Appearance {
        material  Material 	{
            diffuseColor 0.7529411764705882 0.7529411764705882 0.7529411764705882
            specularColor 0.3764705882352941 0.3764705882352941 0.3764705882352941
            ambientIntensity 0.7529
            transparency 0.0
            shininess 0.5
        }
    }
    geometry IndexedFaceSet {
        ccw TRUE
        solid FALSE
        coord DEF co Coordinate {
            point [
                3.187 2.4535 3.9686, 3.0492 2.4535 3.9686, 3.187 2.4535 3.9883, 3.0492 2.4535 3.9883
            ]
        }
        coordIndex [
            0,1,2,-1,2,1,3,-1,
        ]
    }
}
Shape{
    appearance Appearance {
        material  Material 	{
            diffuseColor 0.25098039215686274 0.25098039215686274 0.25098039215686274
            specularColor 0.12549019607843137 0.12549019607843137 0.12549019607843137
            ambientIntensity 0.251
            transparency 0.0
            shininess 0.5
        }
    }
    geometry IndexedFaceSet {
        ccw TRUE
        solid FALSE
        coord DEF co Coordinate {
            point [
                3.0492 2.6411 4.9265, 3.0492 2.6888 4.9068, 3.0492 2.8472 4.9529, 3.0492 2.7297 4.8755, 3.0492 2.4535 3.9883, 3.0492 2.4535 3.9686, 3.0492 2.5899 3.9883, 3.0492 2.8472 3.9686, 3.0492 2.6411 3.995, 3.0492 2.6888 4.0147, 3.0492 2.5899 4.9332, 3.0492 2.4535 4.9529, 3.0492 2.4535 4.9332, 3.0492 2.7809 4.7873, 3.0492 2.786 4.762, 3.0492 2.7726 4.8117, 3.0492 2.7809 4.1342, 3.0492 2.7726 4.1098, 3.0492 2.7612 4.0867, 3.0492 2.7877 4.7363, 3.0492 2.7877 4.1852, 3.0492 2.786 4.1595, 3.0492 2.7468 4.0653, 3.0492 2.7297 4.046, 3.0492 2.7468 4.8562, 3.0492 2.7612 4.8348
            ]
        }
        coordIndex [
            0,1,2,-1,2,1,3,-1,4,5,6,-1,6,5,7,-1,6,7,8,-1,8,7,9,-1,0,2,10,-1,10,2,11,-1,10,11,12,-1,13,14,2,-1,13,2,15,-1,16,17,7,-1,7,17,18,-1,14,19,2,-1,2,19,20,-1,2,20,7,-1,7,20,21,-1,7,21,16,-1,18,22,7,-1,7,22,23,-1,7,23,9,-1,3,24,2,-1,2,24,25,-1,2,25,15,-1,
        ]
    }
}
Shape{
    appearance Appearance {
        material  Material 	{
            diffuseColor 0.7529411764705882 0.7529411764705882 0.7529411764705882
            specularColor 0.3764705882352941 0.3764705882352941 0.3764705882352941
            ambientIntensity 0.7529
            transparency 0.0
            shininess 0.5
        }
    }
    geometry IndexedFaceSet {
        ccw TRUE
        solid FALSE
        coord DEF co Coordinate {
            point [
                3.0214 3.083 6.4764, 3.0214 3.083 6.365, 3.0214 3.0873 6.4764, 3.0214 3.0916 6.4764, 3.0214 3.2208 6.365, 3.0214 3.2208 6.4764, 3.0214 3.1519 6.4764, 3.0214 3.1174 6.4764, 3.0214 3.1088 6.4764, 3.0214 3.1002 6.4764, 3.0214 3.0959 6.4764
            ]
        }
        coordIndex [
            0,1,2,-1,2,1,3,-1,1,4,5,-1,5,6,1,-1,1,6,7,-1,1,7,8,-1,8,9,1,-1,1,9,10,-1,1,10,3,-1,
        ]
    }
}
Shape{
    appearance Appearance {
        material  Material 	{
            diffuseColor 0.25098039215686274 0.25098039215686274 0.25098039215686274
            specularColor 0.12549019607843137 0.12549019607843137 0.12549019607843137
            ambientIntensity 0.251
            transparency 0.0
            shininess 0.5
        }
    }
    geometry IndexedFaceSet {
        ccw TRUE
        solid FALSE
        coord DEF co Coordinate {
            point [
                3.0492 -3.1375 6.365, 3.0492 -3.1097 6.365, 3.0492 -3.1375 6.4764, 3.0492 -3.1375 6.4807, 3.0492 -3.1372 6.5453, 3.0492 -3.1373 6.5108, 3.0492 -3.1374 6.5022, 3.0492 -3.1374 6.4936, 3.0492 -3.1374 6.4893, 3.0492 -3.1375 6.485, 3.0492 3.0551 6.365, 3.0492 3.0823 6.6142, 3.0492 2.5169 5.8268, 3.0492 2.4516 5.9843, 3.0492 -2.5714 5.8268, 3.0492 -2.5062 5.9843, 3.0492 -3.1368 6.6142, 3.0492 3.083 6.365, 3.0492 3.083 6.4764, 3.0492 3.0829 6.4807, 3.0492 3.0829 6.485, 3.0492 3.0829 6.4893, 3.0492 3.0829 6.4936, 3.0492 3.0828 6.5022, 3.0492 3.0828 6.5108, 3.0492 3.0826 6.5453, 3.0214 3.083 6.4764, 3.0229 3.083 6.4764, 3.0214 3.083 6.365, 3.0245 3.083 6.4764, 3.026 3.083 6.4764, 3.0275 3.083 6.4764, 3.0292 3.083 6.4764, 3.0308 3.083 6.4764, 3.0326 3.083 6.4764, 3.0343 3.083 6.4764, 3.0362 3.083 6.4764, 3.0381 3.083 6.4764, 3.04 3.083 6.4764, 3.0419 3.083 6.4764, 3.0435 3.083 6.4764, 3.045 3.083 6.4764, 3.0465 3.083 6.4764, 3.048 3.083 6.4764
            ]
        }
        coordIndex [
            0,1,2,-1,2,1,3,-1,4,5,1,-1,1,5,6,-1,1,6,7,-1,7,8,1,-1,1,8,9,-1,1,9,3,-1,10,11,12,-1,12,11,13,-1,12,13,14,-1,14,13,15,-1,14,15,1,-1,1,15,16,-1,1,16,4,-1,17,18,10,-1,10,18,19,-1,10,19,20,-1,20,21,10,-1,10,21,22,-1,10,22,23,-1,23,24,10,-1,10,24,25,-1,10,25,11,-1,26,27,28,-1,28,27,29,-1,28,29,30,-1,30,31,28,-1,28,31,32,-1,28,32,33,-1,33,34,28,-1,28,34,35,-1,28,35,17,-1,35,36,17,-1,17,36,37,-1,17,37,38,-1,38,39,17,-1,17,39,40,-1,17,40,41,-1,41,42,17,-1,17,42,43,-1,17,43,18,-1,
        ]
    }
}
Shape{
    appearance Appearance {
        material  Material 	{
            diffuseColor 0.7529411764705882 0.7529411764705882 0.7529411764705882
            specularColor 0.3764705882352941 0.3764705882352941 0.3764705882352941
            ambientIntensity 0.7529
            transparency 0.0
            shininess 0.5
        }
    }
    geometry IndexedFaceSet {
        ccw TRUE
        solid FALSE
        coord DEF co Coordinate {
            point [
                -3.0253 3.083 6.365, -3.0253 3.083 6.4764, -3.0253 3.0873 6.4764, -3.0253 3.0916 6.4764, -3.0253 3.0959 6.4764, -3.0253 3.1002 6.4764, -3.0253 3.1088 6.4764, -3.0253 3.1174 6.4764, -3.0253 3.2208 6.365, -3.0253 3.1519 6.4764, -3.0253 3.2208 6.4764
            ]
        }
        coordIndex [
            0,1,2,-1,2,3,0,-1,0,3,4,-1,0,4,5,-1,5,6,0,-1,0,6,7,-1,0,7,8,-1,8,7,9,-1,8,9,10,-1,
        ]
    }
}
Shape{
    appearance Appearance {
        material  Material 	{
            diffuseColor 0.25098039215686274 0.25098039215686274 0.25098039215686274
            specularColor 0.12549019607843137 0.12549019607843137 0.12549019607843137
            ambientIntensity 0.251
            transparency 0.0
            shininess 0.5
        }
    }
    geometry IndexedFaceSet {
        ccw TRUE
        solid FALSE
        coord DEF co Coordinate {
            point [
                -3.0531 3.0829 6.4893, -3.0531 3.0829 6.485, -3.0531 3.0551 6.365, -3.0531 3.0826 6.5453, -3.0531 3.0828 6.5108, -3.0531 3.0829 6.4807, -3.0531 3.083 6.4764, -3.0531 3.083 6.365, -3.0531 -3.1097 6.365, -3.0531 -3.1375 6.365, -3.0531 -3.1375 6.4764, -3.0531 3.0828 6.5022, -3.0531 3.0829 6.4936, -3.0531 -3.1375 6.4807, -3.0531 -3.1375 6.485, -3.0531 -3.1374 6.4893, -3.0531 -3.1374 6.4936, -3.0531 -3.1374 6.5022, -3.0531 -3.1373 6.5108, -3.0531 -3.1372 6.5453, -3.0531 -3.1368 6.6142, -3.0531 -2.5714 5.8268, -3.0531 -2.5062 5.9843, -3.0531 2.5169 5.8268, -3.0531 2.4516 5.9843, -3.0531 3.0823 6.6142, -3.0519 3.083 6.4764, -3.0504 3.083 6.4764, -3.0489 3.083 6.4764, -3.0473 3.083 6.4764, -3.0457 3.083 6.4764, -3.0439 3.083 6.4764, -3.042 3.083 6.4764, -3.0401 3.083 6.4764, -3.0253 3.083 6.365, -3.0382 3.083 6.4764, -3.0365 3.083 6.4764, -3.0347 3.083 6.4764, -3.033 3.083 6.4764, -3.0314 3.083 6.4764, -3.0299 3.083 6.4764, -3.0284 3.083 6.4764, -3.0268 3.083 6.4764, -3.0253 3.083 6.4764
            ]
        }
        coordIndex [
            0,1,2,-1,3,4,2,-1,1,5,2,-1,2,5,6,-1,2,6,7,-1,8,9,10,-1,4,11,2,-1,2,11,12,-1,2,12,0,-1,10,13,8,-1,8,13,14,-1,8,14,15,-1,15,16,8,-1,8,16,17,-1,8,17,18,-1,18,19,8,-1,8,19,20,-1,8,20,21,-1,21,20,22,-1,21,22,23,-1,23,22,24,-1,23,24,2,-1,2,24,25,-1,2,25,3,-1,6,26,7,-1,7,26,27,-1,7,27,28,-1,28,29,7,-1,7,29,30,-1,7,30,31,-1,31,32,7,-1,7,32,33,-1,7,33,34,-1,33,35,34,-1,34,35,36,-1,34,36,37,-1,37,38,34,-1,34,38,39,-1,34,39,40,-1,40,41,34,-1,34,41,42,-1,34,42,43,-1,
        ]
    }
}
Shape{
    appearance Appearance {
        material  Material 	{
            diffuseColor 0.7529411764705882 0.7529411764705882 0.7529411764705882
            specularColor 0.3764705882352941 0.3764705882352941 0.3764705882352941
            ambientIntensity 0.7529
            transparency 0.0
            shininess 0.5
        }
    }
    geometry IndexedFaceSet {
        ccw TRUE
        solid FALSE
        coord DEF co Coordinate {
            point [
                -3.1909 -0.6178 0.3937, -3.0531 -0.6178 0.3937, -3.1909 -3.1097 0.3937, -3.0531 -3.1375 0.3937, -3.1853 -3.1525 0.3937, -3.1687 -3.1925 0.3937, 3.0492 -0.6178 0.3937, 3.187 -0.6178 0.3937, 3.0492 -3.1375 0.3937, 3.187 -3.1097 0.3937, 3.1814 -3.1525 0.3937, 3.1648 -3.1925 0.3937, 3.1385 -3.2268 0.3937, 3.1042 -3.2531 0.3937, 3.0643 -3.2697 0.3937, 3.0214 -3.2753 0.3937, -3.0253 -3.2753 0.3937, -3.0681 -3.2697 0.3937, -3.1081 -3.2531 0.3937, -3.1424 -3.2268 0.3937
            ]
        }
        coordIndex [
            0,1,2,-1,2,1,3,-1,2,3,4,-1,4,3,5,-1,6,7,8,-1,8,7,9,-1,8,9,10,-1,10,11,8,-1,8,11,12,-1,8,12,13,-1,13,14,8,-1,8,14,15,-1,8,15,3,-1,3,15,16,-1,3,16,17,-1,17,18,3,-1,3,18,19,-1,3,19,5,-1,
        ]
    }
}
Shape{
    appearance Appearance {
        material  Material 	{
            diffuseColor 0.25098039215686274 0.25098039215686274 0.25098039215686274
            specularColor 0.12549019607843137 0.12549019607843137 0.12549019607843137
            ambientIntensity 0.251
            transparency 0.0
            shininess 0.5
        }
    }
    geometry IndexedFaceSet {
        ccw TRUE
        solid FALSE
        coord DEF co Coordinate {
            point [
                -3.0531 -0.8147 0.3858, -3.0531 -0.8147 0.1575, -3.0531 -2.5648 0.1575, -3.0531 -2.5648 0.0787, -3.0531 -3.1375 0.0787, -3.0531 -3.1375 0.3937, -3.0531 -0.6178 0.3937, -3.0531 -0.6178 0.3858, -2.5908 -0.214 0.207, -2.5622 -0.1794 0.207, -2.5533 -0.1651 0.3858, -2.5622 -0.1794 0.0692, -2.5908 0.1201 0.3858, -2.6397 0.1576 0.207, -2.6397 0.1576 0.3858, -2.6967 0.1812 0.207, -2.6967 0.1812 0.3858, -2.7578 0.1893 0.207, -2.7578 0.1893 0.3858, -2.819 0.1812 0.207, -2.819 0.1812 0.3858, -2.876 0.1576 0.207, -2.876 0.1576 0.3858, -2.9249 0.1201 0.207, -2.9249 0.1201 0.3858, -2.9624 0.0711 0.207, -2.9624 0.0711 0.3858, -2.986 0.0142 0.207, -2.986 0.0142 0.3858, -2.9941 -0.047 0.207, -2.9941 -0.047 0.3858, -2.986 -0.1081 0.207, -2.986 -0.1081 0.3858, -2.9624 -0.1651 0.207, -2.9624 -0.1651 0.3858, -2.9249 -0.214 0.207, -2.9249 -0.214 0.3858, -2.876 -0.2515 0.207, -2.876 -0.2515 0.3858, -2.819 -0.2751 0.207, -2.819 -0.2751 0.3858, -2.7578 -0.2832 0.207, -2.7578 -0.2832 0.3858, -2.6967 -0.2751 0.207, -2.6967 -0.2751 0.3858, -2.6397 -0.2515 0.207, -2.6397 -0.2515 0.3858, -2.5908 -0.214 0.3858, -2.5908 0.1201 0.0692, -2.5622 0.0855 0.0692, -2.5533 0.0711 -0.2756, -2.5533 0.0711 0.3858, -2.5622 0.0855 0.207, -2.5908 0.1201 0.207, -2.5908 0.1201 -0.2756, -2.6397 0.1576 -0.2756, -2.6397 0.1576 0.0692, -2.6967 0.1812 -0.2756, -2.6967 0.1812 0.0692, -2.7578 0.1893 -0.2756, -2.7578 0.1893 0.0692, -2.819 0.1812 -0.2756, -2.819 0.1812 0.0692, -2.876 0.1576 -0.2756, -2.876 0.1576 0.0692, -2.9249 0.1201 -0.2756, -2.9249 0.1201 0.0692, -2.9624 0.0711 -0.2756, -2.9624 0.0711 0.0692, -2.986 0.0142 -0.2756, -2.986 0.0142 0.0692, -2.9941 -0.047 -0.2756, -2.9941 -0.047 0.0692, -2.986 -0.1081 -0.2756, -2.986 -0.1081 0.0692, -2.9624 -0.1651 -0.2756, -2.9624 -0.1651 0.0692, -2.9249 -0.214 -0.2756, -2.9249 -0.214 0.0692, -2.876 -0.2515 -0.2756, -2.876 -0.2515 0.0692, -2.819 -0.2751 -0.2756, -2.819 -0.2751 0.0692, -2.7578 -0.2832 -0.2756, -2.7578 -0.2832 0.0692, -2.6967 -0.2751 -0.2756, -2.6967 -0.2751 0.0692, -2.6397 -0.2515 -0.2756, -2.6397 -0.2515 0.0692, -2.5908 -0.214 -0.2756, -2.5908 -0.214 0.0692, -2.5297 -0.1081 0.1575, -2.5352 -0.1258 0.1575, -2.5533 -0.1651 -0.2756, -2.5352 -0.1258 0.3858, -2.5297 -0.1081 -0.2756, -2.5216 -0.047 -0.2756, -2.5216 -0.047 0.1575, -2.5297 0.0142 -0.2756, -2.5297 0.0142 0.1575, -2.5352 0.0318 0.3858, -2.5352 0.0318 0.1575
            ]
        }
        coordIndex [
            0,1,2,-1,3,4,2,-1,2,4,5,-1,2,5,0,-1,0,5,6,-1,0,6,7,-1,8,9,10,-1,10,9,11,-1,12,13,14,-1,14,13,15,-1,14,15,16,-1,16,15,17,-1,16,17,18,-1,18,17,19,-1,18,19,20,-1,20,19,21,-1,20,21,22,-1,22,21,23,-1,22,23,24,-1,24,23,25,-1,24,25,26,-1,26,25,27,-1,26,27,28,-1,28,27,29,-1,28,29,30,-1,30,29,31,-1,30,31,32,-1,32,31,33,-1,32,33,34,-1,34,33,35,-1,34,35,36,-1,36,35,37,-1,36,37,38,-1,38,37,39,-1,38,39,40,-1,40,39,41,-1,40,41,42,-1,42,41,43,-1,42,43,44,-1,44,43,45,-1,44,45,46,-1,46,45,8,-1,46,8,47,-1,47,8,10,-1,48,49,50,-1,51,52,12,-1,12,52,53,-1,12,53,13,-1,50,54,48,-1,48,54,55,-1,48,55,56,-1,56,55,57,-1,56,57,58,-1,58,57,59,-1,58,59,60,-1,60,59,61,-1,60,61,62,-1,62,61,63,-1,62,63,64,-1,64,63,65,-1,64,65,66,-1,66,65,67,-1,66,67,68,-1,68,67,69,-1,68,69,70,-1,70,69,71,-1,70,71,72,-1,72,71,73,-1,72,73,74,-1,74,73,75,-1,74,75,76,-1,76,75,77,-1,76,77,78,-1,78,77,79,-1,78,79,80,-1,80,79,81,-1,80,81,82,-1,82,81,83,-1,82,83,84,-1,84,83,85,-1,84,85,86,-1,86,85,87,-1,86,87,88,-1,88,87,89,-1,88,89,90,-1,91,92,93,-1,90,89,11,-1,11,89,93,-1,11,93,10,-1,10,93,92,-1,10,92,94,-1,93,95,91,-1,91,95,96,-1,91,96,97,-1,97,96,98,-1,97,98,99,-1,51,100,101,-1,99,98,101,-1,101,98,50,-1,101,50,51,-1,51,50,49,-1,51,49,52,-1,
        ]
    }
}
Shape{
    appearance Appearance {
        material  Material 	{
            diffuseColor 0.7529411764705882 0.7529411764705882 0.7529411764705882
            specularColor 0.3764705882352941 0.3764705882352941 0.3764705882352941
            ambientIntensity 0.7529
            transparency 0.0
            shininess 0.5
        }
    }
    geometry IndexedFaceSet {
        ccw TRUE
        solid FALSE
        coord DEF co Coordinate {
            point [
                2.4022 0.6572 6.4764, 2.4022 0.7359 6.4764, 2.4219 0.6572 6.4764, 2.54 0.7359 6.4764, 2.4219 0.0273 6.4764, 2.54 -0.0515 6.4764, 2.4022 0.0273 6.4764, 2.4022 -0.0515 6.4764, -2.4061 0.0273 6.4764, -2.4061 -0.0515 6.4764, -2.4258 0.0273 6.4764, -2.5439 -0.0515 6.4764, -2.4258 0.6572 6.4764, -2.5439 0.7359 6.4764, -2.4061 0.6572 6.4764, -2.4061 0.7359 6.4764, 3.187 -3.1097 6.365, 3.0492 -3.1097 6.365, 3.1814 -3.1525 6.365, 3.0492 -3.1375 6.365, 3.1648 -3.1925 6.365, 3.0214 -3.2753 6.365, 3.0643 -3.2697 6.365, 3.0214 -3.1375 6.365, 3.1042 -3.2531 6.365, 3.1385 -3.2268 6.365, 3.0492 0.5633 0.3858, 3.0492 0.5633 0.2267, 3.0492 -0.6178 0.3858, 3.0492 -0.6178 0.2267, -3.1909 -3.1097 6.365, -3.1853 -3.1525 6.365, -3.0531 -3.1097 6.365, -3.1687 -3.1925 6.365, -3.0531 -3.1375 6.365, -3.1424 -3.2268 6.365, -3.1081 -3.2531 6.365, -3.0253 -3.1375 6.365, -3.0681 -3.2697 6.365, -3.0253 -3.2753 6.365, 2.5584 -0.1794 0.0692, 2.5584 -0.421 0.0692, 2.5584 -0.1794 0.207, 2.5584 -0.421 0.207, -3.0253 -3.1375 6.4764, -3.0253 -3.1418 6.4764, -3.0253 -3.1461 6.4764, -3.0253 -3.2753 6.4764, -3.0253 -3.2064 6.4764, -3.0253 -3.1633 6.4764, -3.0253 -3.1547 6.4764, -3.0253 -3.1504 6.4764, -3.0253 -3.172 6.4764, 3.0214 -3.1375 6.4764, 3.0214 -3.1418 6.4764, 3.0214 -3.1461 6.4764, 3.0214 -3.1504 6.4764, 3.0214 -3.1547 6.4764, 3.0214 -3.1633 6.4764, 3.0214 -3.172 6.4764, 3.0214 -3.2064 6.4764, 3.0214 -3.2753 6.4764, 2.4219 0.0273 6.6142, 2.4022 0.0273 6.6128, 2.4022 0.0273 6.6142, -2.4258 0.6572 6.6142, -2.4061 0.6572 6.6128, -2.4061 0.6572 6.6142, -1.6741 2.6345 6.6142, -1.0949 2.6345 6.6142, -1.0949 3.083 6.6142, 2.775 1.8545 6.6142, 1.8425 1.8545 6.6142, 1.6702 1.5547 6.6142, 1.6702 2.6345 6.6142, -2.288 -0.0515 6.6142, -2.4061 -0.0515 6.6142, -2.288 -0.8703 6.6142, -3.0531 -3.1368 6.6142, 2.2841 -0.8703 6.6142, 3.0492 -3.1368 6.6142, 2.2841 -0.0515 6.6142, 2.4022 -0.0515 6.6142, -3.0531 3.0823 6.6142, -2.7789 2.4079 6.6142, -1.8463 2.4079 6.6142, 2.2841 1.5547 6.6142, 2.2841 0.7359 6.6142, 2.4022 0.7359 6.6142, 3.0492 3.0823 6.6142, 1.091 3.083 6.6142, 1.091 2.6345 6.6142, -2.4258 0.0273 6.6142, -2.7789 1.8545 6.6142, -2.4061 0.7359 6.6142, -2.4061 0.0273 6.6142, -2.288 0.7359 6.6142, -2.288 1.5547 6.6142, -1.8463 1.8545 6.6142, -1.6741 1.5547 6.6142, 2.4022 0.6572 6.6142, 2.4219 0.6572 6.6142, 1.8425 2.4079 6.6142, 2.775 2.4079 6.6142, -2.288 -0.0515 6.4764, -2.288 -0.8703 6.4764, 2.2841 0.7359 6.4764, 2.2841 1.5547 6.4764, 2.2841 -0.0515 6.4764, 2.2841 -0.8703 6.4764, -3.0427 3.1595 6.591, -3.0458 3.1381 6.6017, -1.0949 3.1385 6.6025, -1.0949 3.106 6.6122, -3.0516 3.0951 6.6136, -3.0519 3.0927 6.6137, -3.0471 3.1288 6.6063, -3.049 3.1148 6.6094, -3.0501 3.1058 6.6113, -3.0458 3.138 6.6017, -3.0382 3.1856 6.5678, -1.0949 3.1677 6.5851, -3.037 3.1909 6.5605, -1.0949 3.1916 6.5611, -3.0347 3.2015 6.5457, -3.0386 3.1838 6.5703, -3.0414 3.1671 6.5845, -3.042 3.1636 6.5875, -3.0341 3.2039 6.5424, -1.0949 3.2091 6.532, -3.0326 3.2082 6.5316, -3.0283 3.2179 6.4993, -3.0283 3.2178 6.4999, -3.0297 3.2165 6.5103, -3.0314 3.2118 6.5224, -1.0949 3.2188 6.4995, -1.0949 3.2208 6.4764, -3.0253 3.2208 6.4764, -3.1909 2.4516 5.9843, -3.1909 -2.5062 5.9843, -3.1909 2.9438 6.4764, -3.1909 -2.9983 6.4764, 3.0672 -3.1349 6.613, 3.0672 3.0804 6.613, 3.0849 -3.1314 6.6095, 3.0849 3.0769 6.6095, 3.102 -3.1256 6.6037, 3.102 3.0711 6.6037, 3.1181 -3.1177 6.5957, 3.1181 3.0631 6.5957, 3.1331 3.0531 6.5857, 3.1331 -3.1076 6.5857, 3.1467 3.0412 6.5738, 3.1467 -3.0958 6.5738, 3.1686 -3.0672 6.5453, 3.1686 3.0127 6.5453, 3.1823 -3.034 6.512, 3.1823 2.9794 6.512, 3.187 -2.9983 6.4764, 3.187 2.9438 6.4764, 3.187 2.4516 5.9843, 3.187 -2.5062 5.9843, -3.0711 3.0804 6.613, -3.0711 -3.1349 6.613, -3.0888 3.0769 6.6095, -3.0888 -3.1314 6.6095, -3.1059 3.0711 6.6037, -3.1059 -3.1256 6.6037, -3.122 3.0631 6.5957, -3.122 -3.1177 6.5957, -3.137 -3.1076 6.5857, -3.137 3.0531 6.5857, -3.1506 -3.0958 6.5738, -3.1506 3.0412 6.5738, -3.1725 3.0127 6.5453, -3.1725 -3.0672 6.5453, -3.1862 2.9794 6.512, -3.1862 -3.034 6.512
            ]
        }
        coordIndex [
            0,1,2,-1,2,1,3,-1,2,3,4,-1,4,3,5,-1,4,5,6,-1,6,5,7,-1,8,9,10,-1,10,9,11,-1,10,11,12,-1,12,11,13,-1,12,13,14,-1,14,13,15,-1,16,17,18,-1,18,17,19,-1,18,19,20,-1,21,22,23,-1,23,22,24,-1,23,24,19,-1,19,24,25,-1,19,25,20,-1,26,27,28,-1,28,27,29,-1,30,31,32,-1,32,31,33,-1,32,33,34,-1,33,35,34,-1,34,35,36,-1,34,36,37,-1,37,36,38,-1,37,38,39,-1,40,41,42,-1,42,41,43,-1,44,37,45,-1,45,37,46,-1,39,47,48,-1,49,50,37,-1,37,50,51,-1,37,51,46,-1,39,48,37,-1,37,48,52,-1,37,52,49,-1,23,53,54,-1,54,55,23,-1,23,55,56,-1,23,56,57,-1,57,58,23,-1,23,58,59,-1,23,59,21,-1,21,59,60,-1,21,60,61,-1,62,63,64,-1,65,66,67,-1,68,69,70,-1,71,72,73,-1,73,72,74,-1,75,76,77,-1,77,76,78,-1,77,78,79,-1,79,78,80,-1,79,80,81,-1,81,80,82,-1,83,84,85,-1,73,86,71,-1,71,86,87,-1,71,87,88,-1,89,90,74,-1,74,90,91,-1,92,65,93,-1,93,65,67,-1,93,67,94,-1,84,83,93,-1,93,83,78,-1,93,78,92,-1,92,78,76,-1,92,76,95,-1,94,96,93,-1,93,96,97,-1,93,97,98,-1,98,97,99,-1,98,99,85,-1,85,99,68,-1,85,68,83,-1,83,68,70,-1,88,100,71,-1,71,100,101,-1,71,101,62,-1,72,102,74,-1,74,102,103,-1,74,103,89,-1,89,103,71,-1,89,71,80,-1,80,71,62,-1,80,62,82,-1,82,62,64,-1,75,77,104,-1,104,77,105,-1,87,86,106,-1,106,86,107,-1,108,109,81,-1,81,109,79,-1,110,111,112,-1,113,114,70,-1,70,114,115,-1,70,115,83,-1,116,117,113,-1,113,117,118,-1,113,118,114,-1,112,111,113,-1,113,111,119,-1,113,119,116,-1,120,121,122,-1,122,121,123,-1,122,123,124,-1,120,125,121,-1,121,125,126,-1,121,126,112,-1,112,126,127,-1,112,127,110,-1,124,123,128,-1,128,123,129,-1,128,129,130,-1,131,132,129,-1,132,133,129,-1,129,133,134,-1,129,134,130,-1,129,135,131,-1,131,135,136,-1,131,136,137,-1,138,139,140,-1,140,139,141,-1,89,80,142,-1,89,142,143,-1,143,142,144,-1,143,144,145,-1,145,144,146,-1,145,146,147,-1,147,146,148,-1,147,148,149,-1,149,148,150,-1,150,148,151,-1,150,151,152,-1,151,153,152,-1,152,153,154,-1,152,154,155,-1,155,154,156,-1,155,156,157,-1,157,156,158,-1,157,158,159,-1,160,159,161,-1,161,159,158,-1,78,83,162,-1,78,162,163,-1,163,162,164,-1,163,164,165,-1,165,164,166,-1,165,166,167,-1,167,166,168,-1,167,168,169,-1,169,168,170,-1,170,168,171,-1,170,171,172,-1,171,173,172,-1,172,173,174,-1,172,174,175,-1,175,174,176,-1,175,176,177,-1,177,176,140,-1,177,140,141,-1,
        ]
    }
}
Shape{
    appearance Appearance {
        material  Material 	{
            diffuseColor 1.0 1.0 1.0
            specularColor 0.5019607843137255 0.5019607843137255 0.5019607843137255
            ambientIntensity 1.0
            transparency 0.0
            shininess 0.5
        }
    }
    geometry IndexedFaceSet {
        ccw TRUE
        solid FALSE
        coord DEF co Coordinate {
            point [
                3.0245 -3.2052 6.4882, 3.0245 -3.2724 6.4999, 3.0214 -3.2753 6.4764, 3.0432 -3.1833 6.6063, 3.0419 -3.1926 6.6017, 3.0419 -3.165 6.5389, 3.0477 -3.1497 6.6136, 3.0451 -3.1694 6.6094, 3.045 -3.1535 6.5431, 3.0229 -3.1461 6.4771, 3.0245 -3.146 6.4779, 3.0245 -3.1502 6.4786, 3.026 -3.1458 6.4786, 3.0275 -3.1456 6.4793, 3.0275 -3.1496 6.4807, 3.0343 -3.1565 6.4933, 3.0343 -3.1628 6.499, 3.0308 -3.1669 6.4935, 3.0465 -3.1382 6.4806, 3.048 -3.1378 6.4807, 3.048 -3.1381 6.485, 3.048 -3.1375 6.4764, 3.0465 -3.1375 6.4764, 3.045 -3.1375 6.4764, 3.0419 -3.1375 6.4764, 3.0435 -3.1375 6.4764, 3.0435 -3.1389 6.4804, 3.045 -3.1385 6.4806, 3.045 -3.1395 6.4847, 3.04 -3.1375 6.4764, 3.0419 -3.1392 6.4803, 3.0435 -3.1402 6.4845, 3.045 -3.1405 6.4889, 3.0381 -3.145 6.4867, 3.0381 -3.1425 6.4833, 3.04 -3.1417 6.4838, 3.0381 -3.14 6.4798, 3.04 -3.1396 6.4801, 3.0381 -3.1375 6.4764, 3.0343 -3.147 6.4849, 3.0343 -3.1438 6.482, 3.0362 -3.1432 6.4827, 3.0343 -3.1407 6.4792, 3.0362 -3.1404 6.4795, 3.0343 -3.1375 6.4764, 3.0362 -3.1375 6.4764, 3.0381 -3.1574 6.5039, 3.0381 -3.1525 6.497, 3.0381 -3.1475 6.4901, 3.0326 -3.1444 6.4814, 3.0326 -3.1409 6.4789, 3.0326 -3.1375 6.4764, 3.0275 -3.202 6.4994, 3.0308 -3.1963 6.5107, 3.0343 -3.1881 6.5216, 3.0381 -3.1774 6.5314, 3.0308 -3.1485 6.4828, 3.0292 -3.1452 6.48, 3.0308 -3.1449 6.4807, 3.0292 -3.1414 6.4782, 3.0308 -3.1412 6.4785, 3.0292 -3.1375 6.4764, 3.0308 -3.1375 6.4764, 3.0214 -3.1633 6.4764, 3.0214 -3.1547 6.4764, 3.0245 -3.1544 6.4793, 3.0275 -3.1375 6.4764, 3.0275 -3.1415 6.4778, 3.026 -3.1375 6.4764, 3.026 -3.1417 6.4775, 3.0245 -3.1375 6.4764, 3.0245 -3.1417 6.4771, 3.0229 -3.1375 6.4764, 3.0229 -3.1418 6.4768, 3.0214 -3.1504 6.4764, 3.0214 -3.1461 6.4764, 3.0214 -3.1418 6.4764, 3.0214 -3.1375 6.4764, 3.0214 -3.172 6.4764, 3.0245 -3.1629 6.4808, 3.0275 -3.1536 6.4821, 3.0214 -3.2064 6.4764, 3.0245 -3.1714 6.4823, 3.0275 -3.1617 6.485, 3.0308 -3.1522 6.485, 3.0492 -3.1368 6.6142, 3.048 -3.1472 6.6137, 3.0492 -3.1372 6.5453, 3.048 -3.1424 6.5451, 3.0492 -3.1373 6.5108, 3.048 -3.1399 6.5107, 3.0492 -3.1374 6.5022, 3.048 -3.1393 6.5021, 3.0492 -3.1374 6.4936, 3.048 -3.1387 6.4936, 3.0492 -3.1374 6.4893, 3.048 -3.1384 6.4893, 3.0492 -3.1375 6.485, 3.0492 -3.1375 6.4807, 3.0492 -3.1375 6.4764, 3.045 -3.1455 6.5098, 3.045 -3.1435 6.5014, 3.045 -3.1415 6.4931, 3.0419 -3.1512 6.5076, 3.0419 -3.1478 6.4998, 3.0419 -3.1444 6.492, 3.0419 -3.1427 6.4881, 3.0419 -3.1409 6.4842, 3.0388 -3.2141 6.591, 3.0381 -3.2182 6.5875, 3.0347 -3.2383 6.5703, 3.0308 -3.2561 6.5457, 3.0303 -3.2585 6.5424, 3.0275 -3.2663 6.5224, 3.0258 -3.2711 6.5103, 3.0343 -3.1502 6.4877, 3.0308 -3.1596 6.4892, 3.0275 -3.1697 6.4879, -3.0268 -3.2748 6.4886, -3.0283 -3.2723 6.4999, -3.0284 -3.2052 6.4882, -3.0357 -3.2521 6.5529, -3.0382 -3.2396 6.5676, -3.0382 -3.1881 6.5216, -3.0398 -3.2314 6.5772, -3.042 -3.2177 6.5871, -3.042 -3.1774 6.5314, -3.0443 -3.2035 6.5973, -3.0458 -3.1925 6.6017, -3.0457 -3.165 6.5389, -3.0268 -3.1418 6.4768, -3.0253 -3.1418 6.4764, -3.0253 -3.1461 6.4764, -3.0531 -3.1375 6.4807, -3.0531 -3.1375 6.4764, -3.0519 -3.1375 6.4764, -3.0489 -3.1395 6.4847, -3.0519 -3.1381 6.485, -3.0519 -3.1378 6.4807, -3.0531 -3.1375 6.485, -3.0504 -3.1382 6.4806, -3.0504 -3.1375 6.4764, -3.0489 -3.1385 6.4806, -3.0473 -3.1402 6.4845, -3.0457 -3.1427 6.4881, -3.0489 -3.1375 6.4764, -3.0473 -3.1375 6.4764, -3.0473 -3.1389 6.4804, -3.0457 -3.1392 6.4803, -3.0457 -3.1409 6.4842, -3.0439 -3.1417 6.4838, -3.042 -3.145 6.4867, -3.0457 -3.1375 6.4764, -3.0439 -3.1375 6.4764, -3.0439 -3.1396 6.4801, -3.042 -3.14 6.4798, -3.042 -3.1425 6.4833, -3.0401 -3.1432 6.4827, -3.0382 -3.147 6.4849, -3.042 -3.1375 6.4764, -3.0401 -3.1404 6.4795, -3.0382 -3.1438 6.482, -3.0401 -3.1375 6.4764, -3.0382 -3.1375 6.4764, -3.0382 -3.1407 6.4792, -3.0365 -3.1409 6.4789, -3.0365 -3.1444 6.4814, -3.0347 -3.1449 6.4807, -3.0347 -3.1485 6.4828, -3.0365 -3.1375 6.4764, -3.0347 -3.1375 6.4764, -3.0347 -3.1412 6.4785, -3.033 -3.1414 6.4782, -3.033 -3.1452 6.48, -3.0314 -3.1456 6.4793, -3.0314 -3.1496 6.4807, -3.033 -3.1375 6.4764, -3.0314 -3.1375 6.4764, -3.0314 -3.1415 6.4778, -3.0299 -3.1417 6.4775, -3.0299 -3.1458 6.4786, -3.0284 -3.146 6.4779, -3.0284 -3.1502 6.4786, -3.0253 -3.1375 6.4764, -3.0268 -3.1375 6.4764, -3.0284 -3.1375 6.4764, -3.0299 -3.1375 6.4764, -3.0284 -3.1417 6.4771, -3.0268 -3.1461 6.4771, -3.0253 -3.1504 6.4764, -3.0518 -3.1471 6.6129, -3.0531 -3.1368 6.6142, -3.0519 -3.1424 6.5451, -3.0531 -3.1372 6.5453, -3.0519 -3.1399 6.5107, -3.0531 -3.1373 6.5108, -3.0519 -3.1393 6.5021, -3.0531 -3.1374 6.5022, -3.0519 -3.1387 6.4936, -3.0531 -3.1374 6.4936, -3.0519 -3.1384 6.4893, -3.0531 -3.1374 6.4893, -3.0487 -3.1715 6.6099, -3.0489 -3.1535 6.5431, -3.0489 -3.1455 6.5098, -3.0489 -3.1435 6.5014, -3.0489 -3.1415 6.4931, -3.0489 -3.1405 6.4889, -3.0457 -3.1512 6.5076, -3.0457 -3.1478 6.4998, -3.0457 -3.1444 6.492, -3.042 -3.1574 6.5039, -3.042 -3.1525 6.497, -3.042 -3.1475 6.4901, -3.0382 -3.1628 6.499, -3.0382 -3.1565 6.4933, -3.0382 -3.1502 6.4877, -3.0346 -3.2559 6.5454, -3.0347 -3.1963 6.5107, -3.0347 -3.1669 6.4935, -3.0347 -3.1596 6.4892, -3.0347 -3.1522 6.485, -3.0313 -3.2675 6.5222, -3.0314 -3.202 6.4994, -3.0314 -3.1697 6.4879, -3.0314 -3.1617 6.485, -3.0314 -3.1536 6.4821, -3.0284 -3.1714 6.4823, -3.0284 -3.1629 6.4808, -3.0284 -3.1544 6.4793, -3.0253 -3.2753 6.4764, -3.0253 -3.2064 6.4764, -3.0253 -3.172 6.4764, -3.0253 -3.1633 6.4764, -3.0253 -3.1547 6.4764
            ]
        }
        coordIndex [
            0,1,2,-1,3,4,5,-1,6,7,8,-1,9,10,11,-1,12,13,14,-1,15,16,17,-1,18,19,20,-1,21,19,22,-1,22,19,18,-1,22,18,23,-1,24,25,26,-1,26,25,27,-1,26,27,28,-1,29,24,30,-1,30,24,26,-1,30,26,31,-1,31,26,28,-1,31,28,32,-1,33,34,35,-1,35,34,36,-1,35,36,37,-1,37,36,38,-1,37,38,29,-1,39,40,41,-1,41,40,42,-1,41,42,43,-1,43,42,44,-1,43,44,45,-1,46,16,47,-1,47,16,15,-1,47,15,48,-1,39,49,40,-1,40,49,50,-1,40,50,42,-1,42,50,51,-1,42,51,44,-1,52,17,53,-1,53,17,16,-1,53,16,54,-1,54,16,46,-1,54,46,55,-1,56,57,58,-1,58,57,59,-1,58,59,60,-1,60,59,61,-1,60,61,62,-1,63,64,65,-1,65,64,11,-1,65,11,14,-1,14,11,10,-1,14,10,12,-1,66,67,68,-1,68,67,69,-1,68,69,70,-1,70,69,71,-1,70,71,72,-1,72,71,73,-1,67,13,69,-1,69,13,12,-1,69,12,71,-1,71,12,10,-1,71,10,73,-1,73,10,9,-1,64,74,11,-1,11,74,75,-1,11,75,9,-1,9,75,76,-1,9,76,73,-1,73,76,77,-1,73,77,72,-1,78,63,79,-1,79,63,65,-1,79,65,80,-1,80,65,14,-1,80,14,56,-1,56,14,13,-1,56,13,57,-1,57,13,67,-1,57,67,59,-1,59,67,66,-1,59,66,61,-1,81,78,82,-1,82,78,79,-1,82,79,83,-1,83,79,80,-1,83,80,84,-1,84,80,56,-1,84,56,39,-1,39,56,58,-1,39,58,49,-1,49,58,60,-1,49,60,50,-1,50,60,62,-1,50,62,51,-1,85,86,87,-1,87,86,88,-1,87,88,89,-1,89,88,90,-1,89,90,91,-1,91,90,92,-1,91,92,93,-1,93,92,94,-1,93,94,95,-1,95,94,96,-1,95,96,97,-1,97,96,20,-1,97,20,98,-1,98,20,19,-1,98,19,99,-1,99,19,21,-1,86,6,88,-1,88,6,8,-1,88,8,90,-1,90,8,100,-1,90,100,92,-1,92,100,101,-1,92,101,94,-1,94,101,102,-1,94,102,96,-1,96,102,32,-1,96,32,20,-1,20,32,28,-1,20,28,18,-1,18,28,27,-1,18,27,23,-1,23,27,25,-1,7,3,8,-1,8,3,5,-1,8,5,100,-1,100,5,103,-1,100,103,101,-1,101,103,104,-1,101,104,102,-1,102,104,105,-1,102,105,32,-1,32,105,106,-1,32,106,31,-1,31,106,107,-1,31,107,30,-1,4,108,5,-1,5,108,55,-1,5,55,103,-1,103,55,46,-1,103,46,104,-1,104,46,47,-1,104,47,105,-1,105,47,48,-1,105,48,106,-1,108,109,55,-1,55,109,110,-1,55,110,54,-1,54,110,111,-1,54,111,53,-1,53,111,112,-1,53,112,52,-1,52,112,113,-1,52,113,114,-1,29,30,37,-1,37,30,107,-1,37,107,35,-1,35,107,106,-1,35,106,33,-1,33,106,48,-1,33,48,115,-1,115,48,15,-1,115,15,116,-1,116,15,17,-1,116,17,117,-1,117,17,52,-1,117,52,0,-1,0,52,114,-1,0,114,1,-1,2,81,0,-1,0,81,82,-1,0,82,117,-1,117,82,83,-1,117,83,116,-1,116,83,84,-1,116,84,115,-1,115,84,39,-1,115,39,33,-1,33,39,41,-1,33,41,34,-1,34,41,43,-1,34,43,36,-1,36,43,45,-1,36,45,38,-1,118,119,120,-1,121,122,123,-1,124,125,126,-1,127,128,129,-1,130,131,132,-1,133,134,135,-1,136,137,138,-1,138,137,139,-1,138,139,133,-1,133,135,138,-1,138,135,140,-1,138,140,136,-1,135,141,140,-1,140,141,142,-1,140,142,136,-1,136,142,143,-1,136,143,144,-1,145,146,147,-1,147,146,148,-1,147,148,149,-1,149,148,150,-1,149,150,151,-1,152,153,154,-1,154,153,155,-1,154,155,156,-1,156,155,157,-1,156,157,158,-1,153,159,155,-1,155,159,160,-1,155,160,157,-1,157,160,161,-1,157,161,158,-1,162,163,164,-1,164,163,165,-1,164,165,166,-1,166,165,167,-1,166,167,168,-1,169,170,171,-1,171,170,172,-1,171,172,173,-1,173,172,174,-1,173,174,175,-1,176,177,178,-1,178,177,179,-1,178,179,180,-1,180,179,181,-1,180,181,182,-1,183,131,184,-1,184,131,130,-1,184,130,185,-1,186,185,187,-1,187,185,130,-1,187,130,188,-1,188,130,132,-1,188,132,189,-1,190,191,192,-1,192,191,193,-1,192,193,194,-1,194,193,195,-1,194,195,196,-1,196,195,197,-1,196,197,198,-1,198,197,199,-1,198,199,200,-1,200,199,201,-1,202,190,203,-1,203,190,192,-1,203,192,204,-1,204,192,194,-1,204,194,205,-1,205,194,196,-1,205,196,206,-1,206,196,198,-1,206,198,207,-1,207,198,200,-1,128,202,129,-1,129,202,203,-1,129,203,208,-1,208,203,204,-1,208,204,209,-1,209,204,205,-1,209,205,210,-1,210,205,206,-1,210,206,144,-1,144,206,207,-1,144,207,136,-1,136,207,200,-1,136,200,137,-1,137,200,201,-1,137,201,139,-1,125,127,126,-1,126,127,129,-1,126,129,211,-1,211,129,208,-1,211,208,212,-1,212,208,209,-1,212,209,213,-1,213,209,210,-1,213,210,151,-1,151,210,144,-1,151,144,149,-1,149,144,143,-1,149,143,147,-1,147,143,142,-1,147,142,145,-1,145,142,141,-1,122,124,123,-1,123,124,126,-1,123,126,214,-1,214,126,211,-1,214,211,215,-1,215,211,212,-1,215,212,216,-1,216,212,213,-1,216,213,158,-1,158,213,151,-1,158,151,156,-1,156,151,150,-1,156,150,154,-1,154,150,148,-1,154,148,152,-1,152,148,146,-1,217,121,218,-1,218,121,123,-1,218,123,219,-1,219,123,214,-1,219,214,220,-1,220,214,215,-1,220,215,221,-1,221,215,216,-1,221,216,168,-1,168,216,158,-1,168,158,166,-1,166,158,161,-1,166,161,164,-1,164,161,160,-1,164,160,162,-1,162,160,159,-1,222,217,223,-1,223,217,218,-1,223,218,224,-1,224,218,219,-1,224,219,225,-1,225,219,220,-1,225,220,226,-1,226,220,221,-1,226,221,175,-1,175,221,168,-1,175,168,173,-1,173,168,167,-1,173,167,171,-1,171,167,165,-1,171,165,169,-1,169,165,163,-1,119,222,120,-1,120,222,223,-1,120,223,227,-1,227,223,224,-1,227,224,228,-1,228,224,225,-1,228,225,229,-1,229,225,226,-1,229,226,182,-1,182,226,175,-1,182,175,180,-1,180,175,174,-1,180,174,178,-1,178,174,172,-1,178,172,176,-1,176,172,170,-1,230,118,231,-1,231,118,120,-1,231,120,232,-1,232,120,227,-1,232,227,233,-1,233,227,228,-1,233,228,234,-1,234,228,229,-1,234,229,189,-1,189,229,182,-1,189,182,188,-1,188,182,181,-1,188,181,187,-1,187,181,179,-1,187,179,186,-1,186,179,177,-1,
        ]
    }
}
Shape{
    appearance Appearance {
        material  Material 	{
            diffuseColor 0.7529411764705882 0.7529411764705882 0.7529411764705882
            specularColor 0.3764705882352941 0.3764705882352941 0.3764705882352941
            ambientIntensity 0.7529
            transparency 0.0
            shininess 0.5
        }
    }
    geometry IndexedFaceSet {
        ccw TRUE
        solid FALSE
        coord DEF co Coordinate {
            point [
                -3.0501 -3.1605 6.6113, 3.0463 -3.1604 6.6113, -3.0518 -3.1471 6.6129, 3.0477 -3.1497 6.6136, -3.0531 -3.1368 6.6142, 3.048 -3.1472 6.6137, 3.0492 -3.1368 6.6142, 3.0432 -3.1833 6.6063, -3.0458 -3.1925 6.6017, 3.0419 -3.1926 6.6017, -3.0458 -3.1927 6.6016, -3.0487 -3.1715 6.6099, 3.0451 -3.1694 6.6094, -3.0443 -3.2035 6.5973, 3.0375 -3.2217 6.5845, 3.0381 -3.2182 6.5875, 3.0388 -3.2141 6.591, 3.0419 -3.1927 6.6017, -3.0398 -3.2314 6.5772, 3.0331 -3.2454 6.5605, -3.0414 -3.2216 6.5843, 3.0343 -3.2401 6.5678, -3.042 -3.2177 6.5871, 3.0347 -3.2384 6.5703, -3.0382 -3.2396 6.5676, -3.037 -3.2456 6.5606, 3.0308 -3.2561 6.5457, 3.0303 -3.2585 6.5424, -3.0357 -3.2521 6.5529, 3.0288 -3.2627 6.5316, -3.0346 -3.2559 6.5454, -3.0326 -3.2628 6.5315, -3.0313 -3.2675 6.5222, 3.0244 -3.2724 6.4993, 3.0245 -3.2724 6.4999, 3.0258 -3.2711 6.5103, 3.0275 -3.2663 6.5224, -3.0283 -3.2723 6.4999, -3.0283 -3.2724 6.4993, 3.0214 -3.2753 6.4764, -3.0268 -3.2748 6.4886, -3.0253 -3.2753 6.4764
            ]
        }
        coordIndex [
            0,1,2,-1,2,1,3,-1,2,3,4,-1,4,3,5,-1,4,5,6,-1,7,8,9,-1,9,8,10,-1,0,11,1,-1,1,11,8,-1,1,8,12,-1,12,8,7,-1,13,14,10,-1,10,14,15,-1,15,16,10,-1,10,16,17,-1,10,17,9,-1,18,19,20,-1,20,19,21,-1,13,22,14,-1,14,22,20,-1,14,20,23,-1,23,20,21,-1,18,24,19,-1,19,24,25,-1,19,25,26,-1,26,25,27,-1,27,25,28,-1,27,28,29,-1,29,28,30,-1,29,30,31,-1,32,33,31,-1,31,33,34,-1,34,35,31,-1,31,35,36,-1,31,36,29,-1,32,37,33,-1,33,37,38,-1,33,38,39,-1,39,38,40,-1,39,40,41,-1,
        ]
    }
}
Shape{
    appearance Appearance {
        material  Material 	{
            diffuseColor 1.0 1.0 1.0
            specularColor 0.5019607843137255 0.5019607843137255 0.5019607843137255
            ambientIntensity 1.0
            transparency 0.0
            shininess 0.5
        }
    }
    geometry IndexedFaceSet {
        ccw TRUE
        solid FALSE
        coord DEF co Coordinate {
            point [
                3.1477 2.1272 0.3937, 3.187 2.1272 0.3937, 3.187 0.5633 0.3937, 3.1814 3.098 0.3937, 3.187 3.0551 0.3937, 3.0492 3.083 0.3937, 3.1648 3.1379 0.3937, 3.0492 0.5633 0.3937, 3.1477 2.3066 0.3937, 3.187 2.3066 0.3937, -3.1515 2.3066 0.3937, -3.0531 3.083 0.3937, -3.1515 2.1272 0.3937, -3.0531 0.5633 0.3937, -3.1909 2.1272 0.3937, -3.1909 0.5633 0.3937, -3.1909 2.3066 0.3937, -3.1909 3.0551 0.3937, -3.1853 3.098 0.3937, 3.0643 3.2151 0.3937, 3.1042 3.1986 0.3937, 3.1385 3.1722 0.3937, -3.1687 3.1379 0.3937, -3.1424 3.1722 0.3937, -3.1081 3.1986 0.3937, -3.0681 3.2151 0.3937, -3.0253 3.2208 0.3937, 3.0214 3.2208 0.3937
            ]
        }
        coordIndex [
            0,1,2,-1,3,4,5,-1,3,5,6,-1,2,7,0,-1,0,7,5,-1,0,5,8,-1,8,5,4,-1,8,4,9,-1,10,11,12,-1,12,11,13,-1,12,13,14,-1,14,13,15,-1,10,16,11,-1,11,16,17,-1,11,17,18,-1,19,20,5,-1,5,20,21,-1,5,21,6,-1,18,22,11,-1,11,22,23,-1,11,23,24,-1,24,25,11,-1,11,25,26,-1,11,26,5,-1,5,26,27,-1,5,27,19,-1,
        ]
    }
}
Shape{
    appearance Appearance {
        material  Material 	{
            diffuseColor 0.7529411764705882 0.7529411764705882 0.7529411764705882
            specularColor 0.3764705882352941 0.3764705882352941 0.3764705882352941
            ambientIntensity 0.7529
            transparency 0.0
            shininess 0.5
        }
    }
    geometry IndexedFaceSet {
        ccw TRUE
        solid FALSE
        coord DEF co Coordinate {
            point [
                -3.0253 -3.2753 0.3937, 3.0214 -3.2753 0.3937, -3.0253 -3.2753 6.365, 3.0214 -3.2753 6.365, -3.0253 -3.2753 6.4764, 3.0214 -3.2753 6.4764, -3.0284 3.1507 6.4882, -3.0283 3.2178 6.4999, -3.0253 3.2208 6.4764, -3.0471 3.1288 6.6063, -3.0458 3.138 6.6017, -3.0457 3.1104 6.5389, -3.0516 3.0951 6.6136, -3.049 3.1148 6.6094, -3.0489 3.0989 6.5431, -3.0268 3.0915 6.4771, -3.0284 3.0914 6.4779, -3.0284 3.0957 6.4786, -3.0299 3.0913 6.4786, -3.0314 3.091 6.4793, -3.0314 3.095 6.4807, -3.0382 3.1019 6.4933, -3.0382 3.1083 6.499, -3.0347 3.1124 6.4935, -3.0504 3.0836 6.4806, -3.0519 3.0833 6.4807, -3.0519 3.0836 6.485, -3.0519 3.083 6.4764, -3.0504 3.083 6.4764, -3.0489 3.083 6.4764, -3.0457 3.083 6.4764, -3.0473 3.083 6.4764, -3.0473 3.0843 6.4804, -3.0489 3.084 6.4806, -3.0489 3.085 6.4847, -3.0439 3.083 6.4764, -3.0457 3.0847 6.4803, -3.0473 3.0857 6.4845, -3.0489 3.086 6.4889, -3.042 3.0904 6.4867, -3.042 3.0879 6.4833, -3.0439 3.0872 6.4838, -3.042 3.0855 6.4798, -3.0439 3.0851 6.4801, -3.042 3.083 6.4764, -3.0382 3.0924 6.4849, -3.0382 3.0893 6.482, -3.0401 3.0886 6.4827, -3.0382 3.0861 6.4792, -3.0401 3.0858 6.4795, -3.0382 3.083 6.4764, -3.0401 3.083 6.4764, -3.042 3.1029 6.5039, -3.042 3.0979 6.497, -3.042 3.0929 6.4901, -3.0365 3.0898 6.4814, -3.0365 3.0864 6.4789, -3.0365 3.083 6.4764, -3.0314 3.1474 6.4994, -3.0347 3.1418 6.5107, -3.0382 3.1336 6.5216, -3.042 3.1228 6.5314, -3.0347 3.094 6.4828, -3.033 3.0907 6.48, -3.0347 3.0903 6.4807, -3.033 3.0868 6.4782, -3.0347 3.0866 6.4785, -3.033 3.083 6.4764, -3.0347 3.083 6.4764, -3.0253 3.1088 6.4764, -3.0253 3.1002 6.4764, -3.0284 3.0999 6.4793, -3.0314 3.083 6.4764, -3.0314 3.087 6.4778, -3.0299 3.083 6.4764, -3.0299 3.0871 6.4775, -3.0284 3.083 6.4764, -3.0284 3.0872 6.4771, -3.0268 3.083 6.4764, -3.0268 3.0872 6.4768, -3.0253 3.0959 6.4764, -3.0253 3.0916 6.4764, -3.0253 3.0873 6.4764, -3.0253 3.083 6.4764, -3.0253 3.1174 6.4764, -3.0284 3.1084 6.4808, -3.0314 3.0991 6.4821, -3.0253 3.1519 6.4764, -3.0284 3.1168 6.4823, -3.0314 3.1071 6.485, -3.0347 3.0977 6.485, -3.0531 3.0823 6.6142, -3.0519 3.0927 6.6137, -3.0531 3.0826 6.5453, -3.0519 3.0878 6.5451, -3.0531 3.0828 6.5108, -3.0519 3.0854 6.5107, -3.0531 3.0828 6.5022, -3.0519 3.0848 6.5021, -3.0531 3.0829 6.4936, -3.0519 3.0842 6.4936, -3.0531 3.0829 6.4893, -3.0519 3.0839 6.4893, -3.0531 3.0829 6.485, -3.0531 3.0829 6.4807, -3.0531 3.083 6.4764, -3.0489 3.091 6.5098, -3.0489 3.089 6.5014, -3.0489 3.087 6.4931, -3.0457 3.0967 6.5076, -3.0457 3.0933 6.4998, -3.0457 3.0898 6.492, -3.0457 3.0881 6.4881, -3.0457 3.0864 6.4842, -3.0427 3.1595 6.591, -3.042 3.1636 6.5875, -3.0386 3.1838 6.5703, -3.0347 3.2015 6.5457, -3.0341 3.2039 6.5424, -3.0314 3.2118 6.5224, -3.0297 3.2165 6.5103, -3.0382 3.0956 6.4877, -3.0347 3.105 6.4892, -3.0314 3.1152 6.4879, 3.023 3.2202 6.4886, 3.0245 3.2178 6.4999, 3.0245 3.1507 6.4882, 3.0318 3.1975 6.5529, 3.0343 3.1851 6.5676, 3.0343 3.1336 6.5216, 3.036 3.1769 6.5772, 3.0381 3.1632 6.5871, 3.0381 3.1228 6.5314, 3.0404 3.149 6.5973, 3.0419 3.138 6.6017, 3.0419 3.1104 6.5389, 3.0229 3.0872 6.4768, 3.0214 3.0873 6.4764, 3.0214 3.0916 6.4764, 3.0492 3.0829 6.4807, 3.0492 3.083 6.4764, 3.048 3.083 6.4764, 3.045 3.085 6.4847, 3.048 3.0836 6.485, 3.048 3.0833 6.4807, 3.0492 3.0829 6.485, 3.0465 3.0836 6.4806, 3.0465 3.083 6.4764, 3.045 3.084 6.4806, 3.0435 3.0857 6.4845, 3.0419 3.0881 6.4881, 3.045 3.083 6.4764, 3.0435 3.083 6.4764, 3.0435 3.0843 6.4804, 3.0419 3.0847 6.4803, 3.0419 3.0864 6.4842, 3.04 3.0872 6.4838, 3.0381 3.0904 6.4867, 3.0419 3.083 6.4764, 3.04 3.083 6.4764, 3.04 3.0851 6.4801, 3.0381 3.0855 6.4798, 3.0381 3.0879 6.4833, 3.0362 3.0886 6.4827, 3.0343 3.0924 6.4849, 3.0381 3.083 6.4764, 3.0362 3.0858 6.4795, 3.0343 3.0893 6.482, 3.0362 3.083 6.4764, 3.0343 3.083 6.4764, 3.0343 3.0861 6.4792, 3.0326 3.0864 6.4789, 3.0326 3.0898 6.4814, 3.0308 3.0903 6.4807, 3.0308 3.094 6.4828, 3.0326 3.083 6.4764, 3.0308 3.083 6.4764, 3.0308 3.0866 6.4785, 3.0292 3.0868 6.4782, 3.0292 3.0907 6.48, 3.0275 3.091 6.4793, 3.0275 3.095 6.4807, 3.0292 3.083 6.4764, 3.0275 3.083 6.4764, 3.0275 3.087 6.4778, 3.026 3.0871 6.4775, 3.026 3.0913 6.4786, 3.0245 3.0914 6.4779, 3.0245 3.0957 6.4786, 3.0214 3.083 6.4764, 3.0229 3.083 6.4764, 3.0245 3.083 6.4764, 3.026 3.083 6.4764, 3.0245 3.0872 6.4771, 3.0229 3.0915 6.4771, 3.0214 3.0959 6.4764, 3.0479 3.0926 6.6129, 3.0492 3.0823 6.6142, 3.048 3.0878 6.5451, 3.0492 3.0826 6.5453, 3.048 3.0854 6.5107, 3.0492 3.0828 6.5108, 3.048 3.0848 6.5021, 3.0492 3.0828 6.5022, 3.048 3.0842 6.4936, 3.0492 3.0829 6.4936, 3.048 3.0839 6.4893, 3.0492 3.0829 6.4893, 3.0448 3.1169 6.6099, 3.045 3.0989 6.5431, 3.045 3.091 6.5098, 3.045 3.089 6.5014, 3.045 3.087 6.4931, 3.045 3.086 6.4889, 3.0419 3.0967 6.5076, 3.0419 3.0933 6.4998, 3.0419 3.0898 6.492, 3.0381 3.1029 6.5039, 3.0381 3.0979 6.497, 3.0381 3.0929 6.4901, 3.0343 3.1083 6.499, 3.0343 3.1019 6.4933, 3.0343 3.0956 6.4877, 3.0308 3.2013 6.5454, 3.0308 3.1418 6.5107, 3.0308 3.1124 6.4935, 3.0308 3.105 6.4892, 3.0308 3.0977 6.485, 3.0274 3.2129 6.5222, 3.0275 3.1474 6.4994, 3.0275 3.1152 6.4879, 3.0275 3.1071 6.485, 3.0275 3.0991 6.4821, 3.0245 3.1168 6.4823, 3.0245 3.1084 6.4808, 3.0245 3.0999 6.4793, 3.0214 3.2208 6.4764, 3.0214 3.1519 6.4764, 3.0214 3.1174 6.4764, 3.0214 3.1088 6.4764, 3.0214 3.1002 6.4764, 1.091 3.2208 6.4764, 3.023 3.2202 6.4886, 1.091 3.2188 6.4995, 3.0288 3.2082 6.5315, 3.0274 3.2129 6.5222, 1.091 3.2091 6.532, 3.0244 3.2179 6.4993, 1.091 3.1916 6.5611, 3.0375 3.1671 6.5843, 3.036 3.1769 6.5772, 1.091 3.1677 6.5851, 3.0343 3.1851 6.5676, 3.0331 3.191 6.5606, 1.091 3.1385 6.6025, 3.0404 3.1489 6.5973, 3.0462 3.1059 6.6113, 3.0448 3.1169 6.6099, 1.091 3.106 6.6122, 3.0419 3.138 6.6017, 3.0419 3.1382 6.6016, 3.0479 3.0926 6.6129, 1.091 3.083 6.6142, -3.0253 3.2208 6.365, -1.0949 3.2208 6.4764, 3.0214 3.2208 6.365, 3.0214 3.2208 0.3937, -3.0253 3.2208 0.3937
            ]
        }
        coordIndex [
            0,1,2,-1,2,1,3,-1,2,3,4,-1,4,3,5,-1,6,7,8,-1,9,10,11,-1,12,13,14,-1,15,16,17,-1,18,19,20,-1,21,22,23,-1,24,25,26,-1,27,25,28,-1,28,25,24,-1,28,24,29,-1,30,31,32,-1,32,31,33,-1,32,33,34,-1,35,30,36,-1,36,30,32,-1,36,32,37,-1,37,32,34,-1,37,34,38,-1,39,40,41,-1,41,40,42,-1,41,42,43,-1,43,42,44,-1,43,44,35,-1,45,46,47,-1,47,46,48,-1,47,48,49,-1,49,48,50,-1,49,50,51,-1,52,22,53,-1,53,22,21,-1,53,21,54,-1,45,55,46,-1,46,55,56,-1,46,56,48,-1,48,56,57,-1,48,57,50,-1,58,23,59,-1,59,23,22,-1,59,22,60,-1,60,22,52,-1,60,52,61,-1,62,63,64,-1,64,63,65,-1,64,65,66,-1,66,65,67,-1,66,67,68,-1,69,70,71,-1,71,70,17,-1,71,17,20,-1,20,17,16,-1,20,16,18,-1,72,73,74,-1,74,73,75,-1,74,75,76,-1,76,75,77,-1,76,77,78,-1,78,77,79,-1,73,19,75,-1,75,19,18,-1,75,18,77,-1,77,18,16,-1,77,16,79,-1,79,16,15,-1,70,80,17,-1,17,80,81,-1,17,81,15,-1,15,81,82,-1,15,82,79,-1,79,82,83,-1,79,83,78,-1,84,69,85,-1,85,69,71,-1,85,71,86,-1,86,71,20,-1,86,20,62,-1,62,20,19,-1,62,19,63,-1,63,19,73,-1,63,73,65,-1,65,73,72,-1,65,72,67,-1,87,84,88,-1,88,84,85,-1,88,85,89,-1,89,85,86,-1,89,86,90,-1,90,86,62,-1,90,62,45,-1,45,62,64,-1,45,64,55,-1,55,64,66,-1,55,66,56,-1,56,66,68,-1,56,68,57,-1,91,92,93,-1,93,92,94,-1,93,94,95,-1,95,94,96,-1,95,96,97,-1,97,96,98,-1,97,98,99,-1,99,98,100,-1,99,100,101,-1,101,100,102,-1,101,102,103,-1,103,102,26,-1,103,26,104,-1,104,26,25,-1,104,25,105,-1,105,25,27,-1,92,12,94,-1,94,12,14,-1,94,14,96,-1,96,14,106,-1,96,106,98,-1,98,106,107,-1,98,107,100,-1,100,107,108,-1,100,108,102,-1,102,108,38,-1,102,38,26,-1,26,38,34,-1,26,34,24,-1,24,34,33,-1,24,33,29,-1,29,33,31,-1,13,9,14,-1,14,9,11,-1,14,11,106,-1,106,11,109,-1,106,109,107,-1,107,109,110,-1,107,110,108,-1,108,110,111,-1,108,111,38,-1,38,111,112,-1,38,112,37,-1,37,112,113,-1,37,113,36,-1,10,114,11,-1,11,114,61,-1,11,61,109,-1,109,61,52,-1,109,52,110,-1,110,52,53,-1,110,53,111,-1,111,53,54,-1,111,54,112,-1,114,115,61,-1,61,115,116,-1,61,116,60,-1,60,116,117,-1,60,117,59,-1,59,117,118,-1,59,118,58,-1,58,118,119,-1,58,119,120,-1,35,36,43,-1,43,36,113,-1,43,113,41,-1,41,113,112,-1,41,112,39,-1,39,112,54,-1,39,54,121,-1,121,54,21,-1,121,21,122,-1,122,21,23,-1,122,23,123,-1,123,23,58,-1,123,58,6,-1,6,58,120,-1,6,120,7,-1,8,87,6,-1,6,87,88,-1,6,88,123,-1,123,88,89,-1,123,89,122,-1,122,89,90,-1,122,90,121,-1,121,90,45,-1,121,45,39,-1,39,45,47,-1,39,47,40,-1,40,47,49,-1,40,49,42,-1,42,49,51,-1,42,51,44,-1,124,125,126,-1,127,128,129,-1,130,131,132,-1,133,134,135,-1,136,137,138,-1,139,140,141,-1,142,143,144,-1,144,143,145,-1,144,145,139,-1,139,141,144,-1,144,141,146,-1,144,146,142,-1,141,147,146,-1,146,147,148,-1,146,148,142,-1,142,148,149,-1,142,149,150,-1,151,152,153,-1,153,152,154,-1,153,154,155,-1,155,154,156,-1,155,156,157,-1,158,159,160,-1,160,159,161,-1,160,161,162,-1,162,161,163,-1,162,163,164,-1,159,165,161,-1,161,165,166,-1,161,166,163,-1,163,166,167,-1,163,167,164,-1,168,169,170,-1,170,169,171,-1,170,171,172,-1,172,171,173,-1,172,173,174,-1,175,176,177,-1,177,176,178,-1,177,178,179,-1,179,178,180,-1,179,180,181,-1,182,183,184,-1,184,183,185,-1,184,185,186,-1,186,185,187,-1,186,187,188,-1,189,137,190,-1,190,137,136,-1,190,136,191,-1,192,191,193,-1,193,191,136,-1,193,136,194,-1,194,136,138,-1,194,138,195,-1,196,197,198,-1,198,197,199,-1,198,199,200,-1,200,199,201,-1,200,201,202,-1,202,201,203,-1,202,203,204,-1,204,203,205,-1,204,205,206,-1,206,205,207,-1,208,196,209,-1,209,196,198,-1,209,198,210,-1,210,198,200,-1,210,200,211,-1,211,200,202,-1,211,202,212,-1,212,202,204,-1,212,204,213,-1,213,204,206,-1,134,208,135,-1,135,208,209,-1,135,209,214,-1,214,209,210,-1,214,210,215,-1,215,210,211,-1,215,211,216,-1,216,211,212,-1,216,212,150,-1,150,212,213,-1,150,213,142,-1,142,213,206,-1,142,206,143,-1,143,206,207,-1,143,207,145,-1,131,133,132,-1,132,133,135,-1,132,135,217,-1,217,135,214,-1,217,214,218,-1,218,214,215,-1,218,215,219,-1,219,215,216,-1,219,216,157,-1,157,216,150,-1,157,150,155,-1,155,150,149,-1,155,149,153,-1,153,149,148,-1,153,148,151,-1,151,148,147,-1,128,130,129,-1,129,130,132,-1,129,132,220,-1,220,132,217,-1,220,217,221,-1,221,217,218,-1,221,218,222,-1,222,218,219,-1,222,219,164,-1,164,219,157,-1,164,157,162,-1,162,157,156,-1,162,156,160,-1,160,156,154,-1,160,154,158,-1,158,154,152,-1,223,127,224,-1,224,127,129,-1,224,129,225,-1,225,129,220,-1,225,220,226,-1,226,220,221,-1,226,221,227,-1,227,221,222,-1,227,222,174,-1,174,222,164,-1,174,164,172,-1,172,164,167,-1,172,167,170,-1,170,167,166,-1,170,166,168,-1,168,166,165,-1,228,223,229,-1,229,223,224,-1,229,224,230,-1,230,224,225,-1,230,225,231,-1,231,225,226,-1,231,226,232,-1,232,226,227,-1,232,227,181,-1,181,227,174,-1,181,174,179,-1,179,174,173,-1,179,173,177,-1,177,173,171,-1,177,171,175,-1,175,171,169,-1,125,228,126,-1,126,228,229,-1,126,229,233,-1,233,229,230,-1,233,230,234,-1,234,230,231,-1,234,231,235,-1,235,231,232,-1,235,232,188,-1,188,232,181,-1,188,181,186,-1,186,181,180,-1,186,180,184,-1,184,180,178,-1,184,178,182,-1,182,178,176,-1,236,124,237,-1,237,124,126,-1,237,126,238,-1,238,126,233,-1,238,233,239,-1,239,233,234,-1,239,234,240,-1,240,234,235,-1,240,235,195,-1,195,235,188,-1,195,188,194,-1,194,188,187,-1,194,187,193,-1,193,187,185,-1,193,185,192,-1,192,185,183,-1,236,241,242,-1,242,241,243,-1,244,245,246,-1,246,245,125,-1,246,125,243,-1,243,125,247,-1,243,247,242,-1,248,127,246,-1,246,127,223,-1,246,223,244,-1,249,250,251,-1,251,250,252,-1,251,252,248,-1,248,252,253,-1,248,253,127,-1,249,251,131,-1,131,251,254,-1,131,254,255,-1,256,257,258,-1,258,257,259,-1,258,259,254,-1,254,259,260,-1,254,260,255,-1,256,258,261,-1,261,258,262,-1,261,262,197,-1,263,8,264,-1,236,265,241,-1,241,265,266,-1,241,266,264,-1,264,266,267,-1,264,267,263,-1,
        ]
    }
}
Shape{
    appearance Appearance {
        material  Material 	{
            diffuseColor 0.25098039215686274 0.25098039215686274 0.25098039215686274
            specularColor 0.12549019607843137 0.12549019607843137 0.12549019607843137
            ambientIntensity 0.251
            transparency 0.0
            shininess 0.5
        }
    }
    geometry IndexedFaceSet {
        ccw TRUE
        solid FALSE
        coord DEF co Coordinate {
            point [
                3.0492 0.7601 0.3858, 3.0492 0.7601 0.1575, 3.0492 2.5103 0.1575, 3.0492 2.5103 0.0787, 3.0492 3.083 0.0787, 3.0492 3.083 0.3937, 3.0492 0.5633 0.3937, 3.0492 0.5633 0.3858, 3.1781 2.9926 6.5252, 3.187 2.9438 6.4764, 3.0749 3.0792 6.6118, 3.187 2.4516 5.9843, 3.0492 2.4516 5.9843, 3.0492 3.0823 6.6142, 3.1013 3.0713 6.604, 3.1288 3.0563 6.5889, 3.156 3.0309 6.5635, 3.0492 -2.5062 5.9843, 3.187 -2.5062 5.9843, 3.0492 -3.1368 6.6142, 3.187 -2.9983 6.4764, 3.0749 -3.1337 6.6118, 3.1781 -3.0471 6.5252, 3.156 -3.0855 6.5635, 3.1288 -3.1108 6.5889, 3.1013 -3.1259 6.604, -3.0531 3.083 0.0787, -3.0531 2.5103 0.0787, -3.0531 3.083 0.3937, -3.0531 2.5103 0.1575, -3.0531 0.5633 0.3858, -3.0531 0.5633 0.3937, -3.0531 0.7601 0.3858, -3.0531 0.7601 0.1575, -3.182 -3.0471 6.5252, -3.1909 -2.9983 6.4764, -3.0788 -3.1337 6.6118, -3.1909 -2.5062 5.9843, -3.0531 -2.5062 5.9843, -3.0531 -3.1368 6.6142, -3.1052 -3.1259 6.604, -3.1327 -3.1108 6.5889, -3.1599 -3.0855 6.5635, -3.0531 2.4516 5.9843, -3.1909 2.4516 5.9843, -3.0531 3.0823 6.6142, -3.1909 2.9438 6.4764, -3.0788 3.0792 6.6118, -3.182 2.9926 6.5252, -3.1599 3.0309 6.5635, -3.1327 3.0563 6.5889, -3.1052 3.0713 6.604, -2.288 0.7359 6.4764, -2.2683 0.7359 6.4764, -2.288 1.5547 6.4764, -2.2683 1.535 6.4764, -1.6741 1.5547 6.4764, -1.6544 1.535 6.4764, -1.6741 2.6345 6.4764, -1.6544 2.6148 6.4764, -1.0949 2.6345 6.4764, -1.0752 2.6148 6.4764, -1.0752 2.9452 6.4764, 2.2644 0.7359 6.4764, 2.2841 0.7359 6.4764, 2.2644 1.535 6.4764, 2.2841 1.5547 6.4764, 1.6505 1.535 6.4764, 1.6702 1.5547 6.4764, 1.6505 2.6148 6.4764, 1.6702 2.6345 6.4764, 1.0713 2.6148 6.4764, 1.091 2.6345 6.4764, 1.0713 2.9452 6.4764, 1.091 3.2208 6.4764, -1.0949 3.2208 6.4764
            ]
        }
        coordIndex [
            0,1,2,-1,3,4,2,-1,2,4,5,-1,2,5,0,-1,0,5,6,-1,0,6,7,-1,8,9,10,-1,11,12,9,-1,9,12,13,-1,9,13,10,-1,14,15,10,-1,10,15,16,-1,10,16,8,-1,17,12,18,-1,18,12,11,-1,17,18,19,-1,19,18,20,-1,19,20,21,-1,21,20,22,-1,22,23,21,-1,21,23,24,-1,21,24,25,-1,26,27,28,-1,28,27,29,-1,30,31,32,-1,32,31,28,-1,32,28,33,-1,33,28,29,-1,34,35,36,-1,37,38,35,-1,35,38,39,-1,35,39,36,-1,40,41,36,-1,36,41,42,-1,36,42,34,-1,43,38,44,-1,44,38,37,-1,43,44,45,-1,45,44,46,-1,45,46,47,-1,47,46,48,-1,48,49,47,-1,47,49,50,-1,47,50,51,-1,52,53,54,-1,54,53,55,-1,54,55,56,-1,56,55,57,-1,56,57,58,-1,58,57,59,-1,58,59,60,-1,60,59,61,-1,60,61,62,-1,63,64,65,-1,65,64,66,-1,65,66,67,-1,67,66,68,-1,67,68,69,-1,69,68,70,-1,69,70,71,-1,71,70,72,-1,71,72,73,-1,73,72,74,-1,73,74,62,-1,62,74,75,-1,62,75,60,-1,
        ]
    }
}
Shape{
    appearance Appearance {
        material  Material 	{
            diffuseColor 0.7529411764705882 0.7529411764705882 0.7529411764705882
            specularColor 0.3764705882352941 0.3764705882352941 0.3764705882352941
            ambientIntensity 0.7529
            transparency 0.0
            shininess 0.5
        }
    }
    geometry IndexedFaceSet {
        ccw TRUE
        solid FALSE
        coord DEF co Coordinate {
            point [
                2.2841 -0.8703 6.4764, -2.288 -0.8703 6.4764, 2.2841 -0.8703 6.6142, -2.288 -0.8703 6.6142, -2.288 0.7359 6.4764, -2.288 1.5547 6.4764, -2.288 0.7359 6.6142, -2.288 1.5547 6.6142, -1.6741 1.5547 6.4764, -1.6741 1.5547 6.6142, -1.6741 2.6345 6.4764, -1.6741 2.6345 6.6142, -1.0949 2.6345 6.4764, -1.0949 2.6345 6.6142, -1.0949 3.2161 6.512, -1.0949 3.2023 6.5453, -1.0949 3.1804 6.5738, -1.0949 3.083 6.6142, -1.0949 3.2208 6.4764, -1.0949 3.1186 6.6095, -1.0949 3.1519 6.5957, 1.091 3.2208 6.4764, 1.091 2.6345 6.4764, 1.091 2.6345 6.6142, 1.091 3.083 6.6142, 1.091 3.1186 6.6095, 1.091 3.2161 6.512, 1.091 3.2023 6.5453, 1.091 3.1519 6.5957, 1.091 3.1804 6.5738, 1.6702 2.6345 6.4764, 1.6702 2.6345 6.6142, 1.6702 1.5547 6.4764, 1.6702 1.5547 6.6142, 2.2841 1.5547 6.4764, 2.2841 1.5547 6.6142
            ]
        }
        coordIndex [
            0,1,2,-1,2,1,3,-1,4,5,6,-1,6,5,7,-1,5,8,7,-1,7,8,9,-1,8,10,9,-1,9,10,11,-1,10,12,11,-1,11,12,13,-1,14,15,16,-1,13,12,17,-1,17,12,18,-1,17,18,19,-1,14,16,18,-1,18,16,20,-1,18,20,19,-1,21,22,23,-1,23,24,21,-1,21,24,25,-1,21,25,26,-1,26,25,27,-1,27,25,28,-1,27,28,29,-1,22,30,23,-1,23,30,31,-1,30,32,31,-1,31,32,33,-1,32,34,33,-1,33,34,35,-1,
        ]
    }
}
Shape{
    appearance Appearance {
        material  Material 	{
            diffuseColor 0.25098039215686274 0.25098039215686274 0.25098039215686274
            specularColor 0.12549019607843137 0.12549019607843137 0.12549019607843137
            ambientIntensity 0.251
            transparency 0.0
            shininess 0.5
        }
    }
    geometry IndexedFaceSet {
        ccw TRUE
        solid FALSE
        coord DEF co Coordinate {
            point [
                2.1857 -0.0515 1.752, 2.1857 -0.0515 6.3976, 2.54 -0.0515 1.752, 2.2644 -0.0515 6.4764, 2.2841 -0.0515 6.4764, 2.54 -0.0515 6.4764, 2.4022 -0.0515 6.4764, 2.4022 -0.0515 6.6142, 2.2841 -0.0515 6.6142
            ]
        }
        coordIndex [
            0,1,2,-1,2,1,3,-1,2,3,4,-1,5,2,6,-1,6,2,4,-1,6,4,7,-1,7,4,8,-1,
        ]
    }
}
Shape{
    appearance Appearance {
        material  Material 	{
            diffuseColor 0.7529411764705882 0.7529411764705882 0.7529411764705882
            specularColor 0.3764705882352941 0.3764705882352941 0.3764705882352941
            ambientIntensity 0.7529
            transparency 0.0
            shininess 0.5
        }
    }
    geometry IndexedFaceSet {
        ccw TRUE
        solid FALSE
        coord DEF co Coordinate {
            point [
                2.4022 0.0273 6.4764, 2.4022 -0.0515 6.4764, 2.4022 0.0273 6.6128, 2.4022 -0.0515 6.6142, 2.4022 0.0273 6.6142
            ]
        }
        coordIndex [
            0,1,2,-1,2,1,3,-1,2,3,4,-1,
        ]
    }
}
Shape{
    appearance Appearance {
        material  Material 	{
            diffuseColor 0.25098039215686274 0.25098039215686274 0.25098039215686274
            specularColor 0.12549019607843137 0.12549019607843137 0.12549019607843137
            ambientIntensity 0.251
            transparency 0.0
            shininess 0.5
        }
    }
    geometry IndexedFaceSet {
        ccw TRUE
        solid FALSE
        coord DEF co Coordinate {
            point [
                2.54 0.7359 1.752, 2.54 0.7359 6.4764, 2.4022 0.7359 6.4764, 2.1857 0.7359 6.3976, 2.1857 0.7359 1.752, 2.2644 0.7359 6.4764, 2.2841 0.7359 6.4764, 2.2841 0.7359 6.6142, 2.4022 0.7359 6.6142
            ]
        }
        coordIndex [
            0,1,2,-1,3,4,5,-1,5,4,0,-1,5,0,6,-1,6,0,2,-1,6,2,7,-1,7,2,8,-1,
        ]
    }
}
Shape{
    appearance Appearance {
        material  Material 	{
            diffuseColor 0.7529411764705882 0.7529411764705882 0.7529411764705882
            specularColor 0.3764705882352941 0.3764705882352941 0.3764705882352941
            ambientIntensity 0.7529
            transparency 0.0
            shininess 0.5
        }
    }
    geometry IndexedFaceSet {
        ccw TRUE
        solid FALSE
        coord DEF co Coordinate {
            point [
                2.4022 0.6572 6.6142, 2.4022 0.7359 6.6142, 2.4022 0.6572 6.6128, 2.4022 0.7359 6.4764, 2.4022 0.6572 6.4764, -2.4061 0.6572 6.4764, -2.4061 0.7359 6.4764, -2.4061 0.6572 6.6128, -2.4061 0.7359 6.6142, -2.4061 0.6572 6.6142
            ]
        }
        coordIndex [
            0,1,2,-1,2,1,3,-1,2,3,4,-1,5,6,7,-1,7,6,8,-1,7,8,9,-1,
        ]
    }
}
Shape{
    appearance Appearance {
        material  Material 	{
            diffuseColor 0.25098039215686274 0.25098039215686274 0.25098039215686274
            specularColor 0.12549019607843137 0.12549019607843137 0.12549019607843137
            ambientIntensity 0.251
            transparency 0.0
            shininess 0.5
        }
    }
    geometry IndexedFaceSet {
        ccw TRUE
        solid FALSE
        coord DEF co Coordinate {
            point [
                -2.1895 0.7359 1.752, -2.1895 0.7359 6.3976, -2.5439 0.7359 1.752, -2.2683 0.7359 6.4764, -2.288 0.7359 6.4764, -2.5439 0.7359 6.4764, -2.4061 0.7359 6.4764, -2.4061 0.7359 6.6142, -2.288 0.7359 6.6142, -2.5439 -0.0515 1.752, -2.5439 -0.0515 6.4764, -2.4061 -0.0515 6.4764, -2.1895 -0.0515 6.3976, -2.1895 -0.0515 1.752, -2.2683 -0.0515 6.4764, -2.288 -0.0515 6.4764, -2.288 -0.0515 6.6142, -2.4061 -0.0515 6.6142
            ]
        }
        coordIndex [
            0,1,2,-1,2,1,3,-1,2,3,4,-1,5,2,6,-1,6,2,4,-1,6,4,7,-1,7,4,8,-1,9,10,11,-1,12,13,14,-1,14,13,9,-1,14,9,15,-1,15,9,11,-1,15,11,16,-1,16,11,17,-1,
        ]
    }
}
Shape{
    appearance Appearance {
        material  Material 	{
            diffuseColor 0.7529411764705882 0.7529411764705882 0.7529411764705882
            specularColor 0.3764705882352941 0.3764705882352941 0.3764705882352941
            ambientIntensity 0.7529
            transparency 0.0
            shininess 0.5
        }
    }
    geometry IndexedFaceSet {
        ccw TRUE
        solid FALSE
        coord DEF co Coordinate {
            point [
                -2.4061 0.0273 6.6142, -2.4061 -0.0515 6.6142, -2.4061 0.0273 6.6128, -2.4061 -0.0515 6.4764, -2.4061 0.0273 6.4764, -2.4258 0.0273 6.6142, 2.4219 0.6572 6.6142, 2.4022 0.6572 6.6142, 2.4022 0.6572 6.6128, -2.3951 0.0273 6.6107, -2.288 0.0273 6.4764, -2.2914 0.0273 6.507, -2.3016 0.0273 6.5362, -2.318 0.0273 6.5623, -2.3398 0.0273 6.5841, -2.366 0.0273 6.6005, -2.4061 0.6572 6.4764, -2.4061 0.6572 6.6128, -2.3951 0.6572 6.6107, -2.366 0.6572 6.6005, -2.3398 0.6572 6.5841, -2.318 0.6572 6.5623, -2.3016 0.6572 6.5362, -2.2914 0.6572 6.507, -2.288 0.6572 6.4764, -2.4258 0.6572 6.6142, -2.288 0.6572 5.4331, -2.4258 0.6572 5.4331, -2.4258 0.6572 6.4764, -2.4258 0.0273 6.4764, -2.4258 0.0273 5.4331, -2.288 0.0273 5.4331, 2.4022 0.0273 6.6128, 2.3862 0.0273 6.6095, 2.4022 0.0273 6.4764, 2.353 0.0273 6.5957, 2.3244 0.0273 6.5738, 2.3025 0.0273 6.5453, 2.2888 0.0273 6.512, 2.2841 0.0273 6.4764, 2.2841 0.6572 6.4764, 2.2888 0.6572 6.512, 2.4022 0.6572 6.4764, 2.3025 0.6572 6.5453, 2.3244 0.6572 6.5738, 2.353 0.6572 6.5957, 2.3862 0.6572 6.6095, 2.4219 0.0273 6.6142, 2.2841 0.0273 5.4331, 2.4219 0.0273 5.4331, 2.4219 0.0273 6.4764, 2.4219 0.6572 6.4764, 2.4219 0.6572 5.4331, 2.2841 0.6572 5.4331, 3.0214 -3.2753 6.365, 3.0214 -3.2753 0.3937, 3.0643 -3.2697 0.3937, 3.0643 -3.2697 6.365, 3.1042 -3.2531 0.3937, 3.1042 -3.2531 6.365, 3.1385 -3.2268 0.3937, 3.1385 -3.2268 6.365, 3.1648 -3.1925 0.3937, 3.1648 -3.1925 6.365, 3.1814 -3.1525 0.3937, 3.1814 -3.1525 6.365, 3.187 -3.1097 0.3937, 3.187 -3.1097 6.365, 3.187 2.517 3.9883, 3.187 2.517 4.9332, 3.187 2.4535 3.9883, 3.187 2.4535 4.9332, 3.187 2.4535 2.5907, 3.187 2.8472 2.5907, 3.187 2.8472 3.9686, 3.187 3.0551 0.3937, 3.187 2.8472 1.6064, 3.187 2.3066 0.3937, 3.187 2.4535 1.6064, 3.187 2.4535 1.6261, 3.187 2.517 1.6261, 3.187 2.517 2.571, 3.187 2.4535 2.571, 3.187 2.4535 3.9686, 3.187 2.3066 5.8268, 3.187 2.4535 4.9529, 3.187 2.5169 5.8268, 3.187 2.8472 4.9529, 3.187 3.0551 6.365, 3.187 0.5633 0.3937, 3.187 2.1272 0.3937, 3.187 2.1272 5.8268, 3.187 -0.6178 0.3937, 3.187 -0.6178 0.2267, 3.187 0.5633 0.2267, 3.187 -2.5714 5.8268
            ]
        }
        coordIndex [
            0,1,2,-1,2,1,3,-1,2,3,4,-1,5,0,2,-1,6,7,8,-1,9,2,4,-1,10,11,4,-1,4,11,12,-1,4,12,13,-1,13,14,4,-1,4,14,15,-1,4,15,9,-1,16,17,18,-1,18,19,16,-1,16,19,20,-1,16,20,21,-1,21,22,16,-1,16,22,23,-1,16,23,24,-1,18,15,19,-1,19,15,14,-1,19,14,20,-1,20,14,13,-1,20,13,21,-1,21,13,12,-1,21,12,22,-1,22,12,11,-1,22,11,23,-1,23,11,10,-1,23,10,24,-1,25,5,17,-1,17,5,2,-1,17,2,18,-1,18,2,9,-1,18,9,15,-1,24,26,16,-1,16,26,27,-1,16,27,28,-1,29,30,4,-1,4,30,31,-1,4,31,10,-1,26,31,27,-1,27,31,30,-1,10,31,24,-1,24,31,26,-1,30,29,27,-1,27,29,28,-1,32,33,34,-1,34,33,35,-1,34,35,36,-1,36,37,34,-1,34,37,38,-1,34,38,39,-1,40,41,42,-1,42,41,43,-1,42,43,44,-1,44,45,42,-1,42,45,46,-1,42,46,8,-1,33,45,35,-1,35,45,44,-1,35,44,36,-1,36,44,43,-1,36,43,37,-1,37,43,41,-1,37,41,38,-1,38,41,40,-1,38,40,39,-1,47,6,32,-1,32,6,8,-1,32,8,33,-1,33,8,46,-1,33,46,45,-1,39,48,34,-1,34,48,49,-1,34,49,50,-1,51,52,42,-1,42,52,53,-1,42,53,40,-1,48,53,49,-1,49,53,52,-1,40,53,39,-1,39,53,48,-1,52,51,49,-1,49,51,50,-1,54,55,56,-1,54,56,57,-1,57,56,58,-1,57,58,59,-1,59,58,60,-1,59,60,61,-1,61,60,62,-1,61,62,63,-1,63,62,64,-1,63,64,65,-1,65,64,66,-1,65,66,67,-1,68,69,70,-1,70,69,71,-1,72,73,74,-1,75,76,77,-1,77,76,78,-1,77,78,79,-1,80,81,79,-1,79,81,82,-1,79,82,77,-1,77,82,72,-1,77,72,83,-1,83,72,74,-1,83,70,77,-1,77,70,71,-1,77,71,84,-1,84,71,85,-1,84,85,86,-1,86,85,87,-1,86,87,88,-1,88,87,74,-1,88,74,75,-1,75,74,73,-1,75,73,76,-1,89,90,91,-1,92,93,94,-1,94,89,92,-1,92,89,91,-1,92,91,66,-1,66,91,95,-1,66,95,67,-1,
        ]
    }
}
Shape{
    appearance Appearance {
        material  Material 	{
            diffuseColor 0.25098039215686274 0.25098039215686274 0.25098039215686274
            specularColor 0.12549019607843137 0.12549019607843137 0.12549019607843137
            ambientIntensity 0.251
            transparency 0.0
            shininess 0.5
        }
    }
    geometry IndexedFaceSet {
        ccw TRUE
        solid FALSE
        coord DEF co Coordinate {
            point [
                3.0492 -2.5714 5.8268, 3.0492 -3.1097 6.365, 3.187 -2.5714 5.8268, 3.187 -3.1097 6.365, 3.187 2.5169 5.8268, 3.187 3.0551 6.365, 3.0492 2.5169 5.8268, 3.0492 3.0551 6.365, 3.187 2.3066 5.8268, 3.1477 2.3066 5.8268, 3.1477 2.1272 5.8268, 3.187 2.1272 5.8268
            ]
        }
        coordIndex [
            0,1,2,-1,2,1,3,-1,4,5,6,-1,6,5,7,-1,8,4,9,-1,9,4,6,-1,9,6,10,-1,10,6,0,-1,10,0,11,-1,11,0,2,-1,
        ]
    }
}
Shape{
    appearance Appearance {
        material  Material 	{
            diffuseColor 0.7529411764705882 0.7529411764705882 0.7529411764705882
            specularColor 0.3764705882352941 0.3764705882352941 0.3764705882352941
            ambientIntensity 0.7529
            transparency 0.0
            shininess 0.5
        }
    }
    geometry IndexedFaceSet {
        ccw TRUE
        solid FALSE
        coord DEF co Coordinate {
            point [
                3.1477 2.3066 5.8268, 3.1477 2.3066 0.3937, 3.187 2.3066 5.8268, 3.187 2.3066 0.3937, 3.1477 2.1272 0.3937, 3.1477 2.1272 5.8268, 3.187 2.1272 0.3937, 3.187 2.1272 5.8268, -3.1909 -3.1097 6.365, -3.1909 -3.1097 0.3937, -3.1853 -3.1525 0.3937, -3.1853 -3.1525 6.365, -3.1687 -3.1925 0.3937, -3.1687 -3.1925 6.365, -3.1424 -3.2268 0.3937, -3.1424 -3.2268 6.365, -3.1081 -3.2531 0.3937, -3.1081 -3.2531 6.365, -3.0681 -3.2697 0.3937, -3.0681 -3.2697 6.365, -3.0253 -3.2753 0.3937, -3.0253 -3.2753 6.365, -3.1909 0.5633 0.2267, -3.1909 -0.6178 0.2267, -3.1909 0.5633 0.3937, -3.1909 -0.6178 0.3937, -3.1909 2.1272 0.3937, -3.1909 2.1272 5.8268, -3.1909 -2.5714 5.8268
            ]
        }
        coordIndex [
            0,1,2,-1,2,1,3,-1,4,5,6,-1,6,5,7,-1,5,4,0,-1,0,4,1,-1,8,9,10,-1,8,10,11,-1,11,10,12,-1,11,12,13,-1,13,12,14,-1,13,14,15,-1,15,14,16,-1,15,16,17,-1,17,16,18,-1,17,18,19,-1,19,18,20,-1,19,20,21,-1,22,23,24,-1,24,23,25,-1,26,24,27,-1,27,24,25,-1,27,25,28,-1,28,25,9,-1,28,9,8,-1,
        ]
    }
}
Shape{
    appearance Appearance {
        material  Material 	{
            diffuseColor 0.25098039215686274 0.25098039215686274 0.25098039215686274
            specularColor 0.12549019607843137 0.12549019607843137 0.12549019607843137
            ambientIntensity 0.251
            transparency 0.0
            shininess 0.5
        }
    }
    geometry IndexedFaceSet {
        ccw TRUE
        solid FALSE
        coord DEF co Coordinate {
            point [
                -3.0531 2.5169 5.8268, -3.0531 3.0551 6.365, -3.1909 2.5169 5.8268, -3.1909 3.0551 6.365, -3.0531 -2.5714 5.8268, -3.1909 -2.5714 5.8268, -3.0531 -3.1097 6.365, -3.1909 -3.1097 6.365, -3.1515 2.1272 5.8268, -3.1909 2.1272 5.8268, -3.1909 2.3066 5.8268, -3.1515 2.3066 5.8268
            ]
        }
        coordIndex [
            0,1,2,-1,2,1,3,-1,4,5,6,-1,6,5,7,-1,8,9,5,-1,0,2,10,-1,10,11,0,-1,0,11,8,-1,0,8,4,-1,4,8,5,-1,
        ]
    }
}
Shape{
    appearance Appearance {
        material  Material 	{
            diffuseColor 0.7529411764705882 0.7529411764705882 0.7529411764705882
            specularColor 0.3764705882352941 0.3764705882352941 0.3764705882352941
            ambientIntensity 0.7529
            transparency 0.0
            shininess 0.5
        }
    }
    geometry IndexedFaceSet {
        ccw TRUE
        solid FALSE
        coord DEF co Coordinate {
            point [
                -3.1515 2.3066 0.3937, -3.1515 2.3066 5.8268, -3.1909 2.3066 0.3937, -3.1909 2.3066 5.8268, -3.1515 2.1272 5.8268, -3.1515 2.1272 0.3937, -3.1909 2.1272 5.8268, -3.1909 2.1272 0.3937, 2.5869 0.1201 0.0692, 2.5584 0.0855 0.0692, 2.5584 0.3664 0.0692, 2.9585 -0.1651 0.0692, 3.0296 -0.6178 0.0692, 2.921 -0.214 0.0692, 2.8721 -0.2515 0.0692, 3.0296 0.5633 0.0692, 2.9585 0.0711 0.0692, 2.921 0.1201 0.0692, 2.7552 -0.6178 0.0692, 2.754 -0.2832 0.0692, 2.8151 -0.2751 0.0692, 2.5584 -0.1794 0.0692, 2.5869 -0.214 0.0692, 2.5584 -0.421 0.0692, 2.6359 -0.2515 0.0692, 2.5651 -0.4719 0.0692, 2.6928 -0.2751 0.0692, 2.5847 -0.5194 0.0692, 2.5651 0.4174 0.0692, 2.6928 0.1812 0.0692, 2.6359 0.1576 0.0692, 2.7043 -0.6111 0.0692, 2.6568 -0.5915 0.0692, 2.616 -0.5602 0.0692, 2.9821 -0.1081 0.0692, 2.9902 -0.047 0.0692, 2.9821 0.0142 0.0692, 2.5847 0.4648 0.0692, 2.616 0.5056 0.0692, 2.754 0.1893 0.0692, 2.6568 0.5369 0.0692, 2.8721 0.1576 0.0692, 2.8151 0.1812 0.0692, 2.7552 0.5633 0.0692, 2.7043 0.5566 0.0692, 3.0296 -0.6178 0.207, 2.9585 -0.1651 0.207, 2.921 -0.214 0.207, 2.5584 -0.1794 0.207, 2.5584 -0.421 0.207, 2.5869 -0.214 0.207, 2.6359 -0.2515 0.207, 2.9585 0.0711 0.207, 3.0296 0.5633 0.207, 2.921 0.1201 0.207, 2.8721 0.1576 0.207, 2.9821 0.0142 0.207, 2.9902 -0.047 0.207, 2.9821 -0.1081 0.207, 2.6928 -0.2751 0.207, 2.5651 -0.4719 0.207, 2.5847 -0.5194 0.207, 2.754 -0.2832 0.207, 2.7552 -0.6178 0.207, 2.8151 -0.2751 0.207, 2.8721 -0.2515 0.207, 2.616 -0.5602 0.207, 2.6568 -0.5915 0.207, 2.7043 -0.6111 0.207, 2.5584 0.0855 0.207, 2.5869 0.1201 0.207, 2.5584 0.3664 0.207, 2.6359 0.1576 0.207, 2.5651 0.4174 0.207, 2.6928 0.1812 0.207, 2.5847 0.4648 0.207, 2.7552 0.5633 0.207, 2.7043 0.5566 0.207, 2.754 0.1893 0.207, 2.6568 0.5369 0.207, 2.616 0.5056 0.207, 2.8151 0.1812 0.207, 3.0339 0.5633 0.2075, 3.0339 -0.6178 0.2075, 3.0381 0.5633 0.209, 3.0381 -0.6178 0.209, 3.0418 0.5633 0.2113, 3.0418 -0.6178 0.2113, 3.0449 0.5633 0.2144, 3.0449 -0.6178 0.2144, 3.0473 0.5633 0.2182, 3.0473 -0.6178 0.2182, 3.0487 0.5633 0.2223, 3.0487 -0.6178 0.2223, 3.0492 0.5633 0.2267, 3.0492 -0.6178 0.2267, 3.187 0.5633 0.2267, 3.187 -0.6178 0.2267, 3.1831 -0.6178 0.1917, 3.1831 0.5633 0.1917, 3.1714 -0.6178 0.1584, 3.1714 0.5633 0.1584, 3.1527 -0.6178 0.1285, 3.1527 0.5633 0.1285, 3.1277 -0.6178 0.1036, 3.1277 0.5633 0.1036, 3.0979 -0.6178 0.0848, 3.0979 0.5633 0.0848, 3.0646 -0.6178 0.0732, 3.0646 0.5633 0.0732, 3.0492 0.5633 0.3937, 3.187 0.5633 0.3937, 3.0492 0.5633 0.3858, 3.0492 -0.6178 0.3858, 3.187 -0.6178 0.3937, 3.0492 -0.6178 0.3937
            ]
        }
        coordIndex [
            0,1,2,-1,2,1,3,-1,4,5,6,-1,6,5,7,-1,5,4,0,-1,0,4,1,-1,8,9,10,-1,11,12,13,-1,13,12,14,-1,15,16,17,-1,18,19,12,-1,12,19,20,-1,12,20,14,-1,21,22,23,-1,23,22,24,-1,23,24,25,-1,25,24,26,-1,25,26,27,-1,28,29,10,-1,10,29,30,-1,10,30,8,-1,18,31,19,-1,19,31,32,-1,19,32,26,-1,26,32,33,-1,26,33,27,-1,11,34,12,-1,12,34,35,-1,12,35,15,-1,15,35,36,-1,15,36,16,-1,28,37,29,-1,29,37,38,-1,29,38,39,-1,39,38,40,-1,17,41,15,-1,15,41,42,-1,15,42,43,-1,43,42,39,-1,43,39,44,-1,44,39,40,-1,45,46,47,-1,48,49,50,-1,50,49,51,-1,52,53,54,-1,54,53,55,-1,52,56,53,-1,53,56,57,-1,53,57,45,-1,45,57,58,-1,45,58,46,-1,51,49,59,-1,59,49,60,-1,59,60,61,-1,62,63,64,-1,64,63,45,-1,64,45,65,-1,65,45,47,-1,61,66,59,-1,59,66,67,-1,59,67,62,-1,62,67,68,-1,62,68,63,-1,69,70,71,-1,71,70,72,-1,71,72,73,-1,73,72,74,-1,73,74,75,-1,76,77,78,-1,78,77,79,-1,78,79,74,-1,74,79,80,-1,74,80,75,-1,76,78,53,-1,53,78,81,-1,53,81,55,-1,53,45,82,-1,82,45,83,-1,82,83,84,-1,84,83,85,-1,84,85,86,-1,86,85,87,-1,86,87,88,-1,88,87,89,-1,88,89,90,-1,90,89,91,-1,90,91,92,-1,92,91,93,-1,92,93,94,-1,94,93,95,-1,96,97,98,-1,96,98,99,-1,99,98,100,-1,99,100,101,-1,101,100,102,-1,101,102,103,-1,103,102,104,-1,103,104,105,-1,105,104,106,-1,105,106,107,-1,107,106,108,-1,107,108,109,-1,109,108,12,-1,109,12,15,-1,110,111,112,-1,112,111,96,-1,43,76,15,-1,15,76,53,-1,15,53,109,-1,109,53,82,-1,109,82,107,-1,107,82,84,-1,107,84,105,-1,105,84,86,-1,105,86,103,-1,103,86,88,-1,103,88,101,-1,101,88,90,-1,101,90,99,-1,99,90,92,-1,99,92,96,-1,96,92,94,-1,96,94,112,-1,63,18,45,-1,45,18,12,-1,45,12,83,-1,83,12,108,-1,83,108,85,-1,85,108,106,-1,85,106,87,-1,87,106,104,-1,87,104,89,-1,89,104,102,-1,89,102,91,-1,91,102,100,-1,91,100,93,-1,93,100,98,-1,93,98,95,-1,95,98,97,-1,95,97,113,-1,113,97,114,-1,113,114,115,-1,
        ]
    }
}
Shape{
    appearance Appearance {
        material  Material 	{
            diffuseColor 0.25098039215686274 0.25098039215686274 0.25098039215686274
            specularColor 0.12549019607843137 0.12549019607843137 0.12549019607843137
            ambientIntensity 0.251
            transparency 0.0
            shininess 0.5
        }
    }
    geometry IndexedFaceSet {
        ccw TRUE
        solid FALSE
        coord DEF co Coordinate {
            point [
                3.0492 0.7601 0.1575, 3.0492 0.7601 0.3858, 2.5313 0.7601 0.1575, 2.5313 0.7601 0.3858, 2.5313 -0.1258 0.3858, 2.5313 -0.8147 0.3858, 2.5313 -0.1258 0.1575, 2.5313 -0.8147 0.1575, 3.0492 -0.8147 0.1575, 3.0492 -0.8147 0.3858, 2.6928 0.1812 0.3858, 2.6359 0.1576 0.3858, 2.921 -0.214 0.3858, 2.9585 -0.1651 0.3858, 3.0492 -0.6178 0.3858, 2.5869 0.1201 0.3858, 2.5494 0.0711 0.3858, 2.5313 0.0318 0.3858, 2.9585 0.0711 0.3858, 2.921 0.1201 0.3858, 3.0492 0.5633 0.3858, 2.8721 0.1576 0.3858, 2.8151 0.1812 0.3858, 2.754 0.1893 0.3858, 2.5494 -0.1651 0.3858, 2.5869 -0.214 0.3858, 2.6359 -0.2515 0.3858, 2.6928 -0.2751 0.3858, 2.754 -0.2832 0.3858, 2.8151 -0.2751 0.3858, 2.8721 -0.2515 0.3858, 2.9821 -0.1081 0.3858, 2.9902 -0.047 0.3858, 2.9821 0.0142 0.3858, -3.0531 -0.8147 0.1575, -3.0531 -0.8147 0.3858, -2.5352 -0.8147 0.1575, -2.5352 -0.8147 0.3858, -2.5352 0.0318 0.3858, -2.5352 0.7601 0.3858, -2.5352 0.0318 0.1575, -2.5352 0.7601 0.1575, -3.0531 0.7601 0.1575, -3.0531 0.7601 0.3858, -2.5533 0.0711 0.3858, -2.5908 0.1201 0.3858, -2.6397 0.1576 0.3858, -3.0531 0.5633 0.3858, -2.9941 -0.047 0.3858, -3.0531 -0.6178 0.3858, -2.986 -0.1081 0.3858, -2.9624 -0.1651 0.3858, -2.6967 -0.2751 0.3858, -2.6397 -0.2515 0.3858, -2.6967 0.1812 0.3858, -2.7578 0.1893 0.3858, -2.819 0.1812 0.3858, -2.876 0.1576 0.3858, -2.9249 0.1201 0.3858, -2.9624 0.0711 0.3858, -2.986 0.0142 0.3858, -2.5908 -0.214 0.3858, -2.5533 -0.1651 0.3858, -2.5352 -0.1258 0.3858, -2.9249 -0.214 0.3858, -2.876 -0.2515 0.3858, -2.819 -0.2751 0.3858, -2.7578 -0.2832 0.3858
            ]
        }
        coordIndex [
            0,1,2,-1,2,1,3,-1,4,5,6,-1,6,5,7,-1,7,5,8,-1,8,5,9,-1,10,11,3,-1,12,13,14,-1,11,15,3,-1,3,15,16,-1,3,16,17,-1,18,19,20,-1,20,19,21,-1,20,21,1,-1,1,21,22,-1,1,22,3,-1,3,22,23,-1,3,23,10,-1,4,24,5,-1,5,24,25,-1,5,25,26,-1,26,27,5,-1,5,27,28,-1,5,28,9,-1,9,28,29,-1,9,29,14,-1,14,29,30,-1,14,30,12,-1,13,31,14,-1,14,31,32,-1,14,32,20,-1,20,32,33,-1,20,33,18,-1,34,35,36,-1,36,35,37,-1,38,39,40,-1,40,39,41,-1,41,39,42,-1,42,39,43,-1,38,44,39,-1,39,44,45,-1,39,45,46,-1,47,48,49,-1,49,48,50,-1,49,50,51,-1,52,53,37,-1,46,54,39,-1,39,54,55,-1,39,55,43,-1,43,55,56,-1,43,56,47,-1,47,56,57,-1,47,57,58,-1,58,59,47,-1,47,59,60,-1,47,60,48,-1,53,61,37,-1,37,61,62,-1,37,62,63,-1,51,64,49,-1,49,64,65,-1,49,65,35,-1,35,65,66,-1,35,66,37,-1,37,66,67,-1,37,67,52,-1,
        ]
    }
}
Shape{
    appearance Appearance {
        material  Material 	{
            diffuseColor 0.7529411764705882 0.7529411764705882 0.7529411764705882
            specularColor 0.3764705882352941 0.3764705882352941 0.3764705882352941
            ambientIntensity 0.7529
            transparency 0.0
            shininess 0.5
        }
    }
    geometry IndexedFaceSet {
        ccw TRUE
        solid FALSE
        coord DEF co Coordinate {
            point [
                -2.2756 -2.9612 -0.0, -2.2756 -3.8113 -0.0, -2.5118 -2.9612 -0.0, -2.5118 -3.8113 -0.0, -2.2756 -3.8113 0.0787, -2.5118 -3.8113 0.0787, -2.5118 -3.1375 0.0787, -2.5118 -2.8686 0.0301, -2.5118 -2.8441 0.0521, -2.5118 -2.8248 0.0787, -2.5118 -2.8971 0.0136, -2.5118 -2.9284 0.0034, -2.2756 -3.1375 0.0787, -2.2756 -2.9284 0.0034, -2.2756 -2.8971 0.0136, -2.2756 -2.8686 0.0301, -2.2756 -2.8441 0.0521, -2.2756 -2.8248 0.0787, -1.7441 -2.9612 -0.0, -1.7441 -3.8113 -0.0, -1.9803 -2.9612 -0.0, -1.9803 -3.8113 -0.0, -1.7441 -3.8113 0.0787, -1.9803 -3.8113 0.0787, -1.9803 -3.1375 0.0787, -1.9803 -2.9284 0.0034, -1.9803 -2.8971 0.0136, -1.9803 -2.8248 0.0787, -1.9803 -2.8441 0.0521, -1.9803 -2.8686 0.0301, -1.7441 -3.1375 0.0787, -1.7441 -2.9284 0.0034, -1.7441 -2.8971 0.0136, -1.7441 -2.8686 0.0301, -1.7441 -2.8441 0.0521, -1.7441 -2.8248 0.0787, -1.2126 -2.9612 -0.0, -1.2126 -3.8113 -0.0, -1.4488 -2.9612 -0.0, -1.4488 -3.8113 -0.0, -1.2126 -3.8113 0.0787, -1.4488 -3.8113 0.0787, -1.4488 -3.1375 0.0787, -1.4488 -2.8248 0.0787, -1.4488 -2.8441 0.0521, -1.4488 -2.8686 0.0301, -1.4488 -2.8971 0.0136, -1.4488 -2.9284 0.0034, -1.2126 -2.8441 0.0521, -1.2126 -2.8248 0.0787, -1.2126 -3.1375 0.0787, -1.2126 -2.9284 0.0034, -1.2126 -2.8971 0.0136, -1.2126 -2.8686 0.0301, -0.6811 -2.9612 -0.0, -0.6811 -3.8113 -0.0, -0.9173 -2.9612 -0.0, -0.9173 -3.8113 -0.0, -0.6811 -3.8113 0.0787, -0.9173 -3.8113 0.0787, -0.9173 -3.1375 0.0787, -0.9173 -2.8686 0.0301, -0.9173 -2.8441 0.0521, -0.9173 -2.8248 0.0787, -0.9173 -2.8971 0.0136, -0.9173 -2.9284 0.0034, -0.6811 -3.1375 0.0787, -0.6811 -2.9284 0.0034, -0.6811 -2.8971 0.0136, -0.6811 -2.8686 0.0301, -0.6811 -2.8441 0.0521, -0.6811 -2.8248 0.0787, -0.1496 -2.9612 -0.0, -0.1496 -3.8113 -0.0, -0.3858 -2.9612 -0.0, -0.3858 -3.8113 -0.0, -0.1496 -3.8113 0.0787, -0.3858 -3.8113 0.0787, -0.3858 -3.1375 0.0787, -0.3858 -2.8686 0.0301, -0.3858 -2.8441 0.0521, -0.3858 -2.8248 0.0787, -0.3858 -2.8971 0.0136, -0.3858 -2.9284 0.0034, -0.1496 -3.1375 0.0787, -0.1496 -2.9284 0.0034, -0.1496 -2.8971 0.0136, -0.1496 -2.8686 0.0301, -0.1496 -2.8441 0.0521, -0.1496 -2.8248 0.0787, 0.3819 -2.9612 -0.0, 0.3819 -3.8113 -0.0, 0.1457 -2.9612 -0.0, 0.1457 -3.8113 -0.0, 0.3819 -3.8113 0.0787, 0.1457 -3.8113 0.0787, 0.1457 -3.1375 0.0787, 0.1457 -2.8686 0.0301, 0.1457 -2.8441 0.0521, 0.1457 -2.8248 0.0787, 0.1457 -2.8971 0.0136, 0.1457 -2.9284 0.0034, 0.3819 -2.8441 0.0521, 0.3819 -2.8248 0.0787, 0.3819 -3.1375 0.0787, 0.3819 -2.9284 0.0034, 0.3819 -2.8971 0.0136, 0.3819 -2.8686 0.0301, 0.9134 -2.9612 -0.0, 0.9134 -3.8113 -0.0, 0.6772 -2.9612 -0.0, 0.6772 -3.8113 -0.0, 0.9134 -3.8113 0.0787, 0.6772 -3.8113 0.0787, 0.6772 -3.1375 0.0787, 0.6772 -2.9284 0.0034, 0.6772 -2.8248 0.0787, 0.6772 -2.8441 0.0521, 0.6772 -2.8686 0.0301, 0.6772 -2.8971 0.0136, 0.9134 -3.1375 0.0787, 0.9134 -2.9284 0.0034, 0.9134 -2.8971 0.0136, 0.9134 -2.8686 0.0301, 0.9134 -2.8441 0.0521, 0.9134 -2.8248 0.0787, 1.4449 -2.9612 -0.0, 1.4449 -3.8113 -0.0, 1.2087 -2.9612 -0.0, 1.2087 -3.8113 -0.0, 1.4449 -3.8113 0.0787, 1.2087 -3.8113 0.0787, 1.2087 -3.1375 0.0787, 1.2087 -2.9284 0.0034, 1.2087 -2.8248 0.0787, 1.2087 -2.8441 0.0521, 1.2087 -2.8686 0.0301, 1.2087 -2.8971 0.0136, 1.4449 -3.1375 0.0787, 1.4449 -2.9284 0.0034, 1.4449 -2.8971 0.0136, 1.4449 -2.8686 0.0301, 1.4449 -2.8441 0.0521, 1.4449 -2.8248 0.0787, 1.9764 -2.9612 -0.0, 1.9764 -3.8113 -0.0, 1.7402 -2.9612 -0.0, 1.7402 -3.8113 -0.0, 1.9764 -3.8113 0.0787, 1.7402 -3.8113 0.0787, 1.7402 -3.1375 0.0787, 1.7402 -2.8248 0.0787, 1.7402 -2.8441 0.0521, 1.7402 -2.8686 0.0301, 1.7402 -2.8971 0.0136, 1.7402 -2.9284 0.0034, 1.9764 -3.1375 0.0787, 1.9764 -2.9284 0.0034, 1.9764 -2.8971 0.0136, 1.9764 -2.8686 0.0301, 1.9764 -2.8441 0.0521, 1.9764 -2.8248 0.0787, 2.5079 -2.9612 -0.0, 2.5079 -3.8113 -0.0, 2.2717 -2.9612 -0.0, 2.2717 -3.8113 -0.0, 2.5079 -3.8113 0.0787, 2.2717 -3.8113 0.0787, 2.2717 -3.1375 0.0787, 2.2717 -2.9284 0.0034, 2.2717 -2.8971 0.0136, 2.2717 -2.8248 0.0787, 2.2717 -2.8441 0.0521, 2.2717 -2.8686 0.0301, 2.5079 -3.1375 0.0787, 2.5079 -2.9284 0.0034, 2.5079 -2.8971 0.0136, 2.5079 -2.8686 0.0301, 2.5079 -2.8441 0.0521, 2.5079 -2.8248 0.0787
            ]
        }
        coordIndex [
            0,1,2,-1,2,1,3,-1,1,4,3,-1,3,4,5,-1,3,5,2,-1,2,5,6,-1,7,6,8,-1,8,6,9,-1,7,10,6,-1,6,10,11,-1,6,11,2,-1,12,4,1,-1,1,0,12,-1,12,0,13,-1,12,13,14,-1,14,15,12,-1,12,15,16,-1,12,16,17,-1,6,5,12,-1,12,5,4,-1,0,2,11,-1,0,11,13,-1,13,11,10,-1,13,10,14,-1,14,10,7,-1,14,7,15,-1,15,7,8,-1,15,8,16,-1,16,8,9,-1,16,9,17,-1,18,19,20,-1,20,19,21,-1,19,22,21,-1,21,22,23,-1,21,23,20,-1,20,23,24,-1,20,24,25,-1,25,24,26,-1,27,28,24,-1,24,28,29,-1,24,29,26,-1,30,22,19,-1,19,18,30,-1,30,18,31,-1,30,31,32,-1,32,33,30,-1,30,33,34,-1,30,34,35,-1,24,23,30,-1,30,23,22,-1,18,20,25,-1,18,25,31,-1,31,25,26,-1,31,26,32,-1,32,26,29,-1,32,29,33,-1,33,29,28,-1,33,28,34,-1,34,28,27,-1,34,27,35,-1,36,37,38,-1,38,37,39,-1,37,40,39,-1,39,40,41,-1,39,41,38,-1,38,41,42,-1,43,44,42,-1,42,44,45,-1,45,46,42,-1,42,46,47,-1,42,47,38,-1,48,49,50,-1,40,37,50,-1,50,37,36,-1,50,36,51,-1,51,52,50,-1,50,52,53,-1,50,53,48,-1,42,41,50,-1,50,41,40,-1,36,38,47,-1,36,47,51,-1,51,47,46,-1,51,46,52,-1,52,46,45,-1,52,45,53,-1,53,45,44,-1,53,44,48,-1,48,44,43,-1,48,43,49,-1,54,55,56,-1,56,55,57,-1,55,58,57,-1,57,58,59,-1,57,59,56,-1,56,59,60,-1,61,60,62,-1,62,60,63,-1,61,64,60,-1,60,64,65,-1,60,65,56,-1,66,58,55,-1,55,54,66,-1,66,54,67,-1,66,67,68,-1,68,69,66,-1,66,69,70,-1,66,70,71,-1,60,59,66,-1,66,59,58,-1,54,56,65,-1,54,65,67,-1,67,65,64,-1,67,64,68,-1,68,64,61,-1,68,61,69,-1,69,61,62,-1,69,62,70,-1,70,62,63,-1,70,63,71,-1,72,73,74,-1,74,73,75,-1,73,76,75,-1,75,76,77,-1,75,77,74,-1,74,77,78,-1,79,78,80,-1,80,78,81,-1,79,82,78,-1,78,82,83,-1,78,83,74,-1,84,76,73,-1,73,72,84,-1,84,72,85,-1,84,85,86,-1,86,87,84,-1,84,87,88,-1,84,88,89,-1,78,77,84,-1,84,77,76,-1,72,74,83,-1,72,83,85,-1,85,83,82,-1,85,82,86,-1,86,82,79,-1,86,79,87,-1,87,79,80,-1,87,80,88,-1,88,80,81,-1,88,81,89,-1,90,91,92,-1,92,91,93,-1,91,94,93,-1,93,94,95,-1,93,95,92,-1,92,95,96,-1,97,96,98,-1,98,96,99,-1,97,100,96,-1,96,100,101,-1,96,101,92,-1,102,103,104,-1,94,91,104,-1,104,91,90,-1,104,90,105,-1,105,106,104,-1,104,106,107,-1,104,107,102,-1,96,95,104,-1,104,95,94,-1,90,92,101,-1,90,101,105,-1,105,101,100,-1,105,100,106,-1,106,100,97,-1,106,97,107,-1,107,97,98,-1,107,98,102,-1,102,98,99,-1,102,99,103,-1,108,109,110,-1,110,109,111,-1,109,112,111,-1,111,112,113,-1,111,113,110,-1,110,113,114,-1,110,114,115,-1,114,116,117,-1,117,118,114,-1,114,118,119,-1,114,119,115,-1,120,112,109,-1,109,108,120,-1,120,108,121,-1,120,121,122,-1,122,123,120,-1,120,123,124,-1,120,124,125,-1,114,113,120,-1,120,113,112,-1,108,110,115,-1,108,115,121,-1,121,115,119,-1,121,119,122,-1,122,119,118,-1,122,118,123,-1,123,118,117,-1,123,117,124,-1,124,117,116,-1,124,116,125,-1,126,127,128,-1,128,127,129,-1,127,130,129,-1,129,130,131,-1,129,131,128,-1,128,131,132,-1,128,132,133,-1,132,134,135,-1,135,136,132,-1,132,136,137,-1,132,137,133,-1,138,130,127,-1,127,126,138,-1,138,126,139,-1,138,139,140,-1,140,141,138,-1,138,141,142,-1,138,142,143,-1,132,131,138,-1,138,131,130,-1,126,128,133,-1,126,133,139,-1,139,133,137,-1,139,137,140,-1,140,137,136,-1,140,136,141,-1,141,136,135,-1,141,135,142,-1,142,135,134,-1,142,134,143,-1,144,145,146,-1,146,145,147,-1,145,148,147,-1,147,148,149,-1,147,149,146,-1,146,149,150,-1,151,152,150,-1,150,152,153,-1,153,154,150,-1,150,154,155,-1,150,155,146,-1,156,148,145,-1,145,144,156,-1,156,144,157,-1,156,157,158,-1,158,159,156,-1,156,159,160,-1,156,160,161,-1,150,149,156,-1,156,149,148,-1,144,146,155,-1,144,155,157,-1,157,155,154,-1,157,154,158,-1,158,154,153,-1,158,153,159,-1,159,153,152,-1,159,152,160,-1,160,152,151,-1,160,151,161,-1,162,163,164,-1,164,163,165,-1,163,166,165,-1,165,166,167,-1,165,167,164,-1,164,167,168,-1,164,168,169,-1,169,168,170,-1,171,172,168,-1,168,172,173,-1,168,173,170,-1,174,166,163,-1,163,162,174,-1,174,162,175,-1,174,175,176,-1,176,177,174,-1,174,177,178,-1,174,178,179,-1,168,167,174,-1,174,167,166,-1,162,164,169,-1,162,169,175,-1,175,169,170,-1,175,170,176,-1,176,170,173,-1,176,173,177,-1,177,173,172,-1,177,172,178,-1,178,172,171,-1,178,171,179,-1,
        ]
    }
}
Shape{
    appearance Appearance {
        material  Material 	{
            diffuseColor 0.25098039215686274 0.25098039215686274 0.25098039215686274
            specularColor 0.12549019607843137 0.12549019607843137 0.12549019607843137
            ambientIntensity 0.251
            transparency 0.0
            shininess 0.5
        }
    }
    geometry IndexedFaceSet {
        ccw TRUE
        solid FALSE
        coord DEF co Coordinate {
            point [
                2.754 -0.2832 -0.2756, 2.7845 -0.161 -0.3937, 2.8151 -0.2751 -0.2756, 2.813 -0.1492 -0.3937, 2.8721 -0.2515 -0.2756, 2.8375 -0.1305 -0.3937, 2.921 -0.214 -0.2756, 2.8563 -0.106 -0.3937, 2.9585 -0.1651 -0.2756, 2.8681 -0.0775 -0.3937, 2.9821 -0.1081 -0.2756, 2.8721 -0.047 -0.3937, 2.9902 -0.047 -0.2756, 2.8681 -0.0164 -0.3937, 2.9821 0.0142 -0.2756, 2.8563 0.0121 -0.3937, 2.9585 0.0711 -0.2756, 2.8375 0.0366 -0.3937, 2.921 0.1201 -0.2756, 2.813 0.0553 -0.3937, 2.8721 0.1576 -0.2756, 2.7845 0.0671 -0.3937, 2.8151 0.1812 -0.2756, 2.754 0.0711 -0.3937, 2.754 0.1893 -0.2756, 2.7234 0.0671 -0.3937, 2.6928 0.1812 -0.2756, 2.6949 0.0553 -0.3937, 2.6359 0.1576 -0.2756, 2.6705 0.0366 -0.3937, 2.5869 0.1201 -0.2756, 2.6517 0.0121 -0.3937, 2.5494 0.0711 -0.2756, 2.6399 -0.0164 -0.3937, 2.5258 0.0142 -0.2756, 2.6359 -0.047 -0.3937, 2.5177 -0.047 -0.2756, 2.6399 -0.0775 -0.3937, 2.5258 -0.1081 -0.2756, 2.6517 -0.106 -0.3937, 2.5494 -0.1651 -0.2756, 2.6705 -0.1305 -0.3937, 2.5869 -0.214 -0.2756, 2.6949 -0.1492 -0.3937, 2.6359 -0.2515 -0.2756, 2.7234 -0.161 -0.3937, 2.6928 -0.2751 -0.2756, 2.754 -0.1651 -0.3937, -2.7578 -0.2832 -0.2756, -2.7273 -0.161 -0.3937, -2.6967 -0.2751 -0.2756, -2.6988 -0.1492 -0.3937, -2.6397 -0.2515 -0.2756, -2.6743 -0.1305 -0.3937, -2.5908 -0.214 -0.2756, -2.6556 -0.106 -0.3937, -2.5533 -0.1651 -0.2756, -2.6438 -0.0775 -0.3937, -2.5297 -0.1081 -0.2756, -2.6397 -0.047 -0.3937, -2.5216 -0.047 -0.2756, -2.6438 -0.0164 -0.3937, -2.5297 0.0142 -0.2756, -2.6556 0.0121 -0.3937, -2.5533 0.0711 -0.2756, -2.6743 0.0366 -0.3937, -2.5908 0.1201 -0.2756, -2.6988 0.0553 -0.3937, -2.6397 0.1576 -0.2756, -2.7273 0.0671 -0.3937, -2.6967 0.1812 -0.2756, -2.7578 0.0711 -0.3937, -2.7578 0.1893 -0.2756, -2.7884 0.0671 -0.3937, -2.819 0.1812 -0.2756, -2.8169 0.0553 -0.3937, -2.876 0.1576 -0.2756, -2.8414 0.0366 -0.3937, -2.9249 0.1201 -0.2756, -2.8601 0.0121 -0.3937, -2.9624 0.0711 -0.2756, -2.8719 -0.0164 -0.3937, -2.986 0.0142 -0.2756, -2.876 -0.047 -0.3937, -2.9941 -0.047 -0.2756, -2.8719 -0.0775 -0.3937, -2.986 -0.1081 -0.2756, -2.8601 -0.106 -0.3937, -2.9624 -0.1651 -0.2756, -2.8414 -0.1305 -0.3937, -2.9249 -0.214 -0.2756, -2.8169 -0.1492 -0.3937, -2.876 -0.2515 -0.2756, -2.7884 -0.161 -0.3937, -2.819 -0.2751 -0.2756, -2.7578 -0.1651 -0.3937, -2.7578 -0.047 -0.3937, 2.754 -0.047 -0.3937, 2.5313 -0.1258 0.1575, 2.5494 -0.1651 0.3858, 2.5313 -0.1258 0.3858, 2.5258 0.0142 0.1575, 2.5313 0.0318 0.1575, 2.5177 -0.047 0.1575, 2.5258 -0.1081 0.1575, 2.5869 -0.214 0.0692, 2.5584 -0.1794 0.0692, 2.5584 -0.1794 0.207, 2.5869 -0.214 0.3858, 2.6359 -0.2515 0.0692, 2.6928 -0.2751 0.0692, 2.754 -0.2832 0.0692, 2.8151 -0.2751 0.0692, 2.8721 -0.2515 0.0692, 2.921 -0.214 0.0692, 2.9585 -0.1651 0.0692, 2.9821 -0.1081 0.0692, 2.9902 -0.047 0.0692, 2.9821 0.0142 0.0692, 2.9585 0.0711 0.0692, 2.921 0.1201 0.0692, 2.8721 0.1576 0.0692, 2.8151 0.1812 0.0692, 2.754 0.1893 0.0692, 2.6928 0.1812 0.0692, 2.6359 0.1576 0.0692, 2.5869 0.1201 0.0692, 2.5869 0.1201 0.207, 2.5584 0.0855 0.207, 2.5494 0.0711 0.3858, 2.5584 0.0855 0.0692, 2.5313 0.0318 0.3858, 2.5869 -0.214 0.207, 2.6359 -0.2515 0.207, 2.6359 -0.2515 0.3858, 2.6928 -0.2751 0.207, 2.6928 -0.2751 0.3858, 2.754 -0.2832 0.207, 2.754 -0.2832 0.3858, 2.8151 -0.2751 0.207, 2.8151 -0.2751 0.3858, 2.8721 -0.2515 0.207, 2.8721 -0.2515 0.3858, 2.921 -0.214 0.207, 2.921 -0.214 0.3858, 2.9585 -0.1651 0.207, 2.9585 -0.1651 0.3858, 2.9821 -0.1081 0.207, 2.9821 -0.1081 0.3858, 2.9902 -0.047 0.207, 2.9902 -0.047 0.3858, 2.9821 0.0142 0.207, 2.9821 0.0142 0.3858, 2.9585 0.0711 0.207, 2.9585 0.0711 0.3858, 2.921 0.1201 0.207, 2.921 0.1201 0.3858, 2.8721 0.1576 0.207, 2.8721 0.1576 0.3858, 2.8151 0.1812 0.207, 2.8151 0.1812 0.3858, 2.754 0.1893 0.207, 2.754 0.1893 0.3858, 2.6928 0.1812 0.207, 2.6928 0.1812 0.3858, 2.6359 0.1576 0.207, 2.6359 0.1576 0.3858, 2.5869 0.1201 0.3858, -2.5352 0.7601 0.1575, -3.0531 0.7601 0.1575, -3.0531 2.5103 0.1575, 2.5313 -0.8147 0.1575, 3.0492 -0.8147 0.1575, 3.0492 -2.5648 0.1575, 3.0492 2.5103 0.1575, 3.0492 0.7601 0.1575, 2.5313 0.7601 0.1575, -3.0531 -2.5648 0.1575, -3.0531 -0.8147 0.1575, -2.5352 -0.8147 0.1575, -2.5352 0.0318 0.1575, -2.5297 0.0142 0.1575, -2.5352 -0.1258 0.1575, -2.5297 -0.1081 0.1575, -2.5216 -0.047 0.1575, 3.0492 2.5103 0.0787, -3.0531 2.5103 0.0787, -3.0531 -2.5648 0.0787, 3.0492 -2.5648 0.0787, -2.4626 2.8064 0.0787, -2.6988 2.8064 0.0787, -3.0531 3.083 0.0787, -1.4626 2.729 0.0787, 1.4587 2.8064 0.0787, 1.4587 2.729 0.0787, -2.6988 2.729 0.0787, -2.4626 2.729 0.0787, -1.6988 2.729 0.0787, -1.6988 2.8064 0.0787, 1.6949 2.729 0.0787, -1.4626 2.8064 0.0787, 3.0492 3.083 0.0787, 1.6949 2.8064 0.0787, 2.4587 2.8064 0.0787, 2.4587 2.729 0.0787, 2.6949 2.729 0.0787, 2.6949 2.8064 0.0787, -2.5118 -3.1375 0.0787, -3.0531 -3.1375 0.0787, -2.5118 -2.8248 0.0787, -2.2756 -2.8248 0.0787, 1.2087 -2.8248 0.0787, 1.2087 -3.1375 0.0787, 0.9134 -3.1375 0.0787, 0.1457 -2.8248 0.0787, 0.1457 -3.1375 0.0787, -0.1496 -3.1375 0.0787, -0.9173 -2.8248 0.0787, -0.9173 -3.1375 0.0787, -1.2126 -3.1375 0.0787, -1.9803 -2.8248 0.0787, -1.9803 -3.1375 0.0787, -2.2756 -3.1375 0.0787, 3.0492 -3.1375 0.0787, 2.5079 -3.1375 0.0787, 2.5079 -2.8248 0.0787, 2.2717 -2.8248 0.0787, 1.7402 -2.8248 0.0787, 1.9764 -2.8248 0.0787, 1.9764 -3.1375 0.0787, 2.2717 -3.1375 0.0787, 0.9134 -2.8248 0.0787, 0.6772 -2.8248 0.0787, -1.2126 -2.8248 0.0787, -1.4488 -2.8248 0.0787, 1.4449 -2.8248 0.0787, 1.4449 -3.1375 0.0787, 1.7402 -3.1375 0.0787, -0.1496 -2.8248 0.0787, -0.3858 -2.8248 0.0787, -1.7441 -2.8248 0.0787, -1.7441 -3.1375 0.0787, -1.4488 -3.1375 0.0787, 0.3819 -2.8248 0.0787, 0.3819 -3.1375 0.0787, 0.6772 -3.1375 0.0787, -0.6811 -2.8248 0.0787, -0.6811 -3.1375 0.0787, -0.3858 -3.1375 0.0787, 3.0492 -0.6178 0.3858, 3.0492 -0.6178 0.3937, 3.0492 -0.8147 0.3858, 3.0492 -3.1375 0.3937, 3.0492 -3.1375 6.4764, 3.048 -3.1375 6.4764, 3.0492 -3.1375 6.365, 3.0465 -3.1375 6.4764, 3.045 -3.1375 6.4764, 3.0435 -3.1375 6.4764, 3.0419 -3.1375 6.4764, 3.04 -3.1375 6.4764, 3.0381 -3.1375 6.4764, 3.0362 -3.1375 6.4764, 3.0214 -3.1375 6.365, 3.0343 -3.1375 6.4764, 3.0326 -3.1375 6.4764, 3.0308 -3.1375 6.4764, 3.0292 -3.1375 6.4764, 3.0275 -3.1375 6.4764, 3.026 -3.1375 6.4764, 3.0245 -3.1375 6.4764, 3.0229 -3.1375 6.4764, 3.0214 -3.1375 6.4764, -3.0253 -3.1375 6.4764, -3.0268 -3.1375 6.4764, -3.0253 -3.1375 6.365, -3.0284 -3.1375 6.4764, -3.0299 -3.1375 6.4764, -3.0314 -3.1375 6.4764, -3.033 -3.1375 6.4764, -3.0347 -3.1375 6.4764, -3.0365 -3.1375 6.4764, -3.0382 -3.1375 6.4764, -3.0531 -3.1375 6.365, -3.0401 -3.1375 6.4764, -3.042 -3.1375 6.4764, -3.0439 -3.1375 6.4764, -3.0457 -3.1375 6.4764, -3.0473 -3.1375 6.4764, -3.0489 -3.1375 6.4764, -3.0504 -3.1375 6.4764, -3.0519 -3.1375 6.4764, -3.0531 -3.1375 6.4764, -3.0531 -3.1375 0.3937, 3.0492 3.083 0.3937, -3.0531 3.083 0.3937, -2.2683 -0.0515 6.4764, -2.288 -0.0515 6.4764, -2.2683 -0.8506 6.4764, -2.288 -0.8703 6.4764, 2.2644 -0.8506 6.4764, 2.2841 -0.8703 6.4764, 2.2644 -0.0515 6.4764, 2.2841 -0.0515 6.4764, 2.1857 0.7359 6.3976, 2.1857 1.4563 6.3976, 2.1857 0.7359 1.752, 2.1857 1.4563 1.752, -2.1895 0.7359 1.752, -2.1895 1.4563 1.752, -2.1895 0.7359 6.3976, -2.1895 1.4563 6.3976, -2.2683 1.535 6.4764, -2.2683 0.7359 6.4764, 2.2644 1.535 6.4764, 2.2644 0.7359 6.4764, 1.4744 -0.7719 3.0544, 1.2776 -0.7719 3.0544, 1.1792 -0.7719 6.3976, 2.1857 -0.7719 2.2961, 2.1857 -0.7719 1.752, 2.0072 -0.7719 1.752, -2.1895 -0.7719 1.752, -2.1895 -0.7719 2.2961, -1.8339 -0.7719 1.752, -1.8339 -0.7719 2.2961, -1.183 -0.7719 1.752, -1.183 -0.7719 2.2961, -0.7893 -0.7719 1.752, -0.7893 -0.7719 2.2961, -0.3956 -0.7719 1.752, -0.3956 -0.7719 2.2961, -0.0019 -0.7719 1.752, -0.0019 -0.7719 2.2961, 0.3918 -0.7719 1.752, 0.3918 -0.7719 2.2961, 0.7855 -0.7719 1.752, 0.7855 -0.7719 2.2961, 1.1792 -0.7719 1.752, 1.1792 -0.7719 2.2961, 1.2776 -0.7719 2.8402, 1.4744 -0.7719 2.8402, 2.1857 -0.7719 6.3976, 0.8839 -0.7719 2.8402, 1.0807 -0.7719 2.8402, 1.0807 -0.7719 3.0544, 0.8839 -0.7719 3.0544, 0.7855 -0.7719 6.3976, 0.4902 -0.7719 2.8402, 0.687 -0.7719 2.8402, 0.687 -0.7719 3.0544, 0.4902 -0.7719 3.0544, 0.3918 -0.7719 6.3976, 0.0965 -0.7719 2.8402, 0.2933 -0.7719 2.8402, 0.2933 -0.7719 3.0544, 0.0965 -0.7719 3.0544, -0.0019 -0.7719 6.3976, -0.2972 -0.7719 2.8402, -0.1004 -0.7719 2.8402, -0.1004 -0.7719 3.0544, -0.2972 -0.7719 3.0544, -0.3956 -0.7719 6.3976, -0.6909 -0.7719 2.8402, -0.4941 -0.7719 2.8402, -0.4941 -0.7719 3.0544, -0.6909 -0.7719 3.0544, -0.7893 -0.7719 6.3976, -1.0846 -0.7719 3.0544, -1.0846 -0.7719 2.8402, -0.8878 -0.7719 2.8402, -0.8878 -0.7719 3.0544, -1.183 -0.7719 6.3976, -1.4783 -0.7719 3.0544, -1.4783 -0.7719 2.8402, -1.2815 -0.7719 2.8402, -1.2815 -0.7719 3.0544, -1.8339 -0.7719 6.3976, -2.1895 -0.7719 6.3976, 2.0072 1.4563 1.752, 0.9926 2.5361 1.752, 0.9926 2.8664 1.752, 0.7855 2.8664 1.752, -1.5756 1.4563 1.752, -1.4783 0.1423 1.752, -1.4783 0.3223 1.752, -1.2815 0.3223 1.752, -1.183 2.5361 1.752, -1.5756 2.5361 1.752, -1.2815 0.1423 1.752, -1.183 -0.3148 1.752, -2.5439 0.7359 1.752, -2.5439 -0.0515 1.752, -2.1895 -0.0515 1.752, -2.1895 -0.3148 1.752, -0.7893 2.8664 1.752, -0.9965 2.8664 1.752, -0.9965 2.5361 1.752, -0.7893 -0.3148 1.752, -0.8878 0.1423 1.752, -1.0846 0.1423 1.752, -1.0846 0.3223 1.752, -0.8878 0.3223 1.752, 0.7855 -0.3148 1.752, 0.8839 0.3223 1.752, 1.1792 2.5361 1.752, 1.0807 0.3223 1.752, 1.1792 -0.3148 1.752, 1.0807 0.1423 1.752, 0.8839 0.1423 1.752, 1.4744 0.3223 1.752, 1.2776 0.3223 1.752, 1.5718 1.4563 1.752, 2.0072 -0.3148 1.752, 1.4744 0.1423 1.752, 1.2776 0.1423 1.752, 1.5718 2.5361 1.752, 2.1857 -0.3148 1.752, 2.1857 -0.0515 1.752, 2.54 -0.0515 1.752, 2.54 0.7359 1.752, 0.3918 -0.3148 1.752, -0.0019 -0.3148 1.752, -0.3956 -0.3148 1.752, -0.4941 0.1423 1.752, -0.6909 0.1423 1.752, -0.6909 0.3223 1.752, -0.4941 0.3223 1.752, -0.3956 2.8664 1.752, -0.1004 0.1423 1.752, -0.2972 0.1423 1.752, -0.2972 0.3223 1.752, -0.1004 0.3223 1.752, -0.0019 2.8664 1.752, 0.2933 0.1423 1.752, 0.0965 0.1423 1.752, 0.0965 0.3223 1.752, 0.2933 0.3223 1.752, 0.3918 2.8664 1.752, 0.4902 0.1423 1.752, 0.4902 0.3223 1.752, 0.687 0.1423 1.752, 0.687 0.3223 1.752, -0.9965 2.5361 6.3976, -0.9965 2.8664 6.3976, 0.9926 2.8664 6.3976, 0.9926 2.5361 6.3976, 1.5718 2.5361 6.3976, 1.5718 1.4563 6.3976, 2.1857 -0.0515 6.3976, -2.1895 -0.0515 6.3976, -1.5756 1.4563 6.3976, -1.5756 2.5361 6.3976, -1.0752 2.9452 6.4764, 1.0713 2.9452 6.4764, -1.0752 2.6148 6.4764, 1.0713 2.6148 6.4764, -1.6544 2.6148 6.4764, 1.6505 2.6148 6.4764, -1.6544 1.535 6.4764, 1.6505 1.535 6.4764
            ]
        }
        coordIndex [
            0,1,2,-1,2,1,3,-1,2,3,4,-1,4,3,5,-1,4,5,6,-1,6,5,7,-1,6,7,8,-1,8,7,9,-1,8,9,10,-1,10,9,11,-1,10,11,12,-1,12,11,13,-1,12,13,14,-1,14,13,15,-1,14,15,16,-1,16,15,17,-1,16,17,18,-1,18,17,19,-1,18,19,20,-1,20,19,21,-1,20,21,22,-1,22,21,23,-1,22,23,24,-1,24,23,25,-1,24,25,26,-1,26,25,27,-1,26,27,28,-1,28,27,29,-1,28,29,30,-1,30,29,31,-1,30,31,32,-1,32,31,33,-1,32,33,34,-1,34,33,35,-1,34,35,36,-1,36,35,37,-1,36,37,38,-1,38,37,39,-1,38,39,40,-1,40,39,41,-1,40,41,42,-1,42,41,43,-1,42,43,44,-1,44,43,45,-1,44,45,46,-1,46,45,47,-1,46,47,0,-1,0,47,1,-1,48,49,50,-1,50,49,51,-1,50,51,52,-1,52,51,53,-1,52,53,54,-1,54,53,55,-1,54,55,56,-1,56,55,57,-1,56,57,58,-1,58,57,59,-1,58,59,60,-1,60,59,61,-1,60,61,62,-1,62,61,63,-1,62,63,64,-1,64,63,65,-1,64,65,66,-1,66,65,67,-1,66,67,68,-1,68,67,69,-1,68,69,70,-1,70,69,71,-1,70,71,72,-1,72,71,73,-1,72,73,74,-1,74,73,75,-1,74,75,76,-1,76,75,77,-1,76,77,78,-1,78,77,79,-1,78,79,80,-1,80,79,81,-1,80,81,82,-1,82,81,83,-1,82,83,84,-1,84,83,85,-1,84,85,86,-1,86,85,87,-1,86,87,88,-1,88,87,89,-1,88,89,90,-1,90,89,91,-1,90,91,92,-1,92,91,93,-1,92,93,94,-1,94,93,95,-1,94,95,48,-1,48,95,49,-1,63,61,96,-1,96,61,59,-1,96,59,57,-1,69,67,96,-1,96,67,65,-1,96,65,63,-1,75,73,96,-1,96,73,71,-1,96,71,69,-1,81,79,96,-1,96,79,77,-1,96,77,75,-1,87,85,96,-1,96,85,83,-1,96,83,81,-1,93,91,96,-1,96,91,89,-1,96,89,87,-1,51,49,96,-1,96,49,95,-1,96,95,93,-1,57,55,96,-1,96,55,53,-1,96,53,51,-1,15,13,97,-1,97,13,11,-1,97,11,9,-1,21,19,97,-1,97,19,17,-1,97,17,15,-1,27,25,97,-1,97,25,23,-1,97,23,21,-1,33,31,97,-1,97,31,29,-1,97,29,27,-1,39,37,97,-1,97,37,35,-1,97,35,33,-1,45,43,97,-1,97,43,41,-1,97,41,39,-1,3,1,97,-1,97,1,47,-1,97,47,45,-1,9,7,97,-1,97,7,5,-1,97,5,3,-1,38,40,98,-1,98,40,99,-1,98,99,100,-1,101,102,32,-1,32,34,101,-1,101,34,36,-1,101,36,103,-1,103,36,38,-1,103,38,104,-1,104,38,98,-1,105,106,40,-1,40,106,99,-1,99,106,107,-1,99,107,108,-1,40,42,105,-1,105,42,44,-1,105,44,109,-1,109,44,46,-1,109,46,110,-1,110,46,0,-1,110,0,111,-1,111,0,2,-1,111,2,112,-1,112,2,4,-1,112,4,113,-1,113,4,6,-1,113,6,114,-1,114,6,8,-1,114,8,115,-1,115,8,10,-1,115,10,116,-1,116,10,12,-1,116,12,117,-1,117,12,14,-1,117,14,118,-1,118,14,16,-1,118,16,119,-1,119,16,18,-1,119,18,120,-1,120,18,20,-1,120,20,121,-1,121,20,22,-1,121,22,122,-1,122,22,24,-1,122,24,123,-1,123,24,26,-1,123,26,124,-1,124,26,28,-1,124,28,125,-1,125,28,30,-1,125,30,126,-1,127,128,129,-1,129,128,130,-1,126,30,130,-1,130,30,32,-1,130,32,129,-1,129,32,102,-1,129,102,131,-1,107,132,108,-1,108,132,133,-1,108,133,134,-1,134,133,135,-1,134,135,136,-1,136,135,137,-1,136,137,138,-1,138,137,139,-1,138,139,140,-1,140,139,141,-1,140,141,142,-1,142,141,143,-1,142,143,144,-1,144,143,145,-1,144,145,146,-1,146,145,147,-1,146,147,148,-1,148,147,149,-1,148,149,150,-1,150,149,151,-1,150,151,152,-1,152,151,153,-1,152,153,154,-1,154,153,155,-1,154,155,156,-1,156,155,157,-1,156,157,158,-1,158,157,159,-1,158,159,160,-1,160,159,161,-1,160,161,162,-1,162,161,163,-1,162,163,164,-1,164,163,165,-1,164,165,166,-1,166,165,127,-1,166,127,167,-1,167,127,129,-1,168,169,170,-1,171,172,173,-1,174,175,176,-1,177,178,179,-1,173,177,171,-1,171,177,179,-1,171,179,98,-1,98,179,104,-1,170,174,168,-1,168,174,176,-1,168,176,180,-1,180,176,181,-1,179,182,104,-1,104,182,183,-1,104,183,103,-1,103,183,184,-1,103,184,101,-1,101,184,181,-1,101,181,102,-1,102,181,176,-1,174,170,185,-1,185,170,186,-1,177,173,187,-1,187,173,188,-1,189,190,191,-1,191,190,186,-1,192,193,194,-1,190,195,186,-1,186,195,196,-1,186,196,197,-1,197,196,198,-1,199,185,194,-1,194,185,186,-1,194,186,192,-1,192,186,197,-1,196,189,198,-1,198,189,191,-1,198,191,200,-1,200,191,201,-1,192,200,193,-1,193,200,201,-1,193,201,202,-1,202,201,203,-1,202,203,199,-1,199,203,204,-1,199,204,185,-1,185,204,205,-1,185,205,201,-1,201,205,206,-1,201,206,203,-1,207,208,209,-1,209,208,187,-1,209,187,210,-1,210,187,188,-1,211,212,213,-1,214,215,216,-1,217,218,219,-1,220,221,222,-1,223,224,188,-1,188,224,225,-1,188,225,226,-1,227,188,228,-1,228,188,226,-1,228,226,229,-1,229,226,230,-1,231,232,188,-1,233,234,188,-1,213,231,211,-1,211,231,188,-1,211,188,235,-1,235,188,227,-1,235,227,236,-1,236,227,237,-1,238,239,188,-1,222,210,220,-1,220,210,188,-1,220,188,240,-1,240,188,234,-1,240,234,241,-1,241,234,242,-1,216,238,214,-1,214,238,188,-1,214,188,243,-1,243,188,232,-1,243,232,244,-1,244,232,245,-1,219,233,217,-1,217,233,188,-1,217,188,246,-1,246,188,239,-1,246,239,247,-1,247,239,248,-1,249,250,251,-1,251,250,252,-1,172,251,173,-1,173,251,252,-1,173,252,188,-1,188,252,223,-1,253,254,255,-1,255,254,256,-1,255,256,257,-1,257,258,255,-1,255,258,259,-1,255,259,260,-1,260,261,255,-1,255,261,262,-1,255,262,263,-1,262,264,263,-1,263,264,265,-1,263,265,266,-1,266,267,263,-1,263,267,268,-1,263,268,269,-1,269,270,263,-1,263,270,271,-1,263,271,272,-1,273,274,275,-1,275,274,276,-1,275,276,277,-1,277,278,275,-1,275,278,279,-1,275,279,280,-1,280,281,275,-1,275,281,282,-1,275,282,283,-1,282,284,283,-1,283,284,285,-1,283,285,286,-1,286,287,283,-1,283,287,288,-1,283,288,289,-1,289,290,283,-1,283,290,291,-1,283,291,292,-1,215,244,252,-1,212,236,252,-1,252,236,237,-1,252,237,229,-1,244,245,252,-1,252,245,213,-1,252,213,212,-1,229,230,252,-1,252,230,224,-1,252,224,223,-1,215,252,216,-1,216,252,293,-1,216,293,248,-1,208,207,293,-1,293,207,222,-1,293,222,221,-1,221,241,293,-1,293,241,242,-1,293,242,219,-1,219,218,293,-1,293,218,247,-1,293,247,248,-1,201,191,294,-1,294,191,295,-1,296,297,298,-1,298,297,299,-1,298,299,300,-1,300,299,301,-1,300,301,302,-1,302,301,303,-1,304,305,306,-1,306,305,307,-1,308,309,310,-1,310,309,311,-1,311,312,310,-1,310,312,313,-1,314,305,315,-1,315,305,304,-1,316,317,318,-1,319,320,321,-1,322,323,324,-1,324,323,325,-1,324,325,326,-1,326,325,327,-1,326,327,328,-1,328,327,329,-1,328,329,330,-1,330,329,331,-1,330,331,332,-1,332,331,333,-1,332,333,334,-1,334,333,335,-1,334,335,336,-1,336,335,337,-1,336,337,338,-1,338,337,339,-1,340,319,339,-1,339,319,321,-1,339,321,338,-1,340,341,319,-1,319,341,316,-1,319,316,342,-1,342,316,318,-1,337,343,339,-1,339,343,344,-1,339,344,345,-1,346,347,345,-1,345,347,318,-1,345,318,339,-1,339,318,317,-1,339,317,340,-1,335,348,337,-1,337,348,349,-1,337,349,350,-1,351,352,350,-1,350,352,347,-1,350,347,337,-1,337,347,346,-1,337,346,343,-1,333,353,335,-1,335,353,354,-1,335,354,355,-1,356,357,355,-1,355,357,352,-1,355,352,335,-1,335,352,351,-1,335,351,348,-1,331,358,333,-1,333,358,359,-1,333,359,360,-1,361,362,360,-1,360,362,357,-1,360,357,333,-1,333,357,356,-1,333,356,353,-1,329,363,331,-1,331,363,364,-1,331,364,365,-1,366,367,365,-1,365,367,362,-1,365,362,331,-1,331,362,361,-1,331,361,358,-1,368,369,327,-1,327,369,329,-1,329,369,370,-1,329,370,371,-1,368,372,371,-1,371,372,367,-1,371,367,329,-1,329,367,366,-1,329,366,363,-1,373,374,325,-1,325,374,327,-1,327,374,375,-1,327,375,376,-1,368,327,372,-1,372,327,376,-1,372,376,377,-1,323,378,325,-1,325,378,377,-1,325,377,373,-1,373,377,376,-1,306,307,379,-1,380,381,382,-1,383,384,385,-1,385,386,383,-1,383,386,387,-1,383,387,388,-1,386,389,390,-1,390,389,384,-1,391,392,308,-1,308,392,393,-1,383,309,384,-1,384,309,308,-1,384,308,390,-1,390,308,393,-1,390,393,394,-1,395,396,397,-1,398,399,390,-1,390,399,400,-1,390,400,401,-1,386,390,387,-1,387,390,401,-1,387,401,397,-1,397,401,402,-1,397,402,395,-1,382,403,380,-1,380,403,404,-1,380,404,405,-1,405,404,406,-1,405,406,407,-1,407,406,408,-1,407,408,403,-1,403,408,409,-1,403,409,404,-1,410,379,411,-1,411,379,412,-1,407,413,414,-1,414,415,407,-1,407,415,411,-1,407,411,405,-1,405,411,412,-1,405,412,416,-1,413,417,418,-1,418,419,420,-1,420,306,418,-1,418,306,379,-1,418,379,413,-1,413,379,410,-1,413,410,414,-1,320,417,321,-1,321,417,413,-1,321,413,338,-1,338,413,407,-1,338,407,336,-1,336,407,403,-1,336,403,334,-1,334,403,421,-1,334,421,332,-1,332,421,422,-1,332,422,330,-1,330,422,423,-1,330,423,328,-1,328,423,398,-1,328,398,326,-1,326,398,390,-1,326,390,324,-1,324,390,394,-1,324,394,322,-1,423,424,398,-1,398,424,425,-1,398,425,426,-1,427,428,426,-1,426,428,395,-1,426,395,398,-1,398,395,402,-1,398,402,399,-1,422,429,423,-1,423,429,430,-1,423,430,431,-1,432,433,431,-1,431,433,428,-1,431,428,423,-1,423,428,427,-1,423,427,424,-1,421,434,422,-1,422,434,435,-1,422,435,436,-1,437,438,436,-1,436,438,433,-1,436,433,422,-1,422,433,432,-1,422,432,429,-1,421,439,440,-1,439,421,441,-1,441,421,403,-1,441,403,442,-1,442,403,382,-1,442,382,440,-1,440,382,438,-1,440,438,421,-1,421,438,437,-1,421,437,434,-1,443,397,444,-1,444,397,396,-1,396,395,444,-1,444,395,428,-1,444,428,445,-1,445,428,433,-1,433,438,445,-1,445,438,382,-1,445,382,381,-1,445,381,446,-1,446,381,380,-1,416,447,405,-1,405,447,446,-1,405,446,380,-1,447,416,448,-1,448,416,412,-1,307,305,379,-1,379,305,448,-1,379,448,412,-1,449,418,417,-1,342,449,319,-1,319,449,417,-1,319,417,320,-1,394,393,450,-1,450,378,394,-1,394,378,323,-1,394,323,322,-1,311,309,451,-1,451,309,383,-1,451,383,452,-1,452,383,388,-1,397,443,387,-1,387,443,452,-1,387,452,388,-1,453,444,454,-1,454,444,445,-1,455,443,453,-1,453,443,444,-1,446,456,445,-1,445,456,454,-1,457,452,455,-1,455,452,443,-1,447,458,446,-1,446,458,456,-1,459,451,457,-1,457,451,452,-1,448,460,447,-1,447,460,458,-1,312,311,459,-1,459,311,451,-1,305,314,448,-1,448,314,460,-1,298,378,296,-1,296,378,450,-1,342,300,449,-1,449,300,302,-1,342,318,300,-1,300,318,347,-1,347,352,300,-1,300,352,357,-1,300,357,298,-1,298,357,362,-1,298,362,367,-1,367,372,298,-1,298,372,377,-1,298,377,378,-1,
        ]
    }
}
Shape{
    appearance Appearance {
        material  Material 	{
            diffuseColor 1.0 1.0 0.0
            specularColor 0.5019607843137255 0.5019607843137255 0.0
            ambientIntensity 0.886
            transparency 0.0
            shininess 0.5
        }
    }
    geometry IndexedFaceSet {
        ccw TRUE
        solid FALSE
        coord DEF co Coordinate {
            point [
                0.0965 -0.7719 2.8402, 0.0965 0.1423 1.752, 0.2933 -0.7719 2.8402, 0.2933 0.1423 1.752, 0.2933 0.3223 1.752, 0.0965 0.3223 1.752, 0.2933 -0.7719 3.0544, 0.0965 -0.7719 3.0544, 0.4902 -0.7719 2.8402, 0.4902 0.1423 1.752, 0.687 -0.7719 2.8402, 0.687 0.1423 1.752, 0.687 0.3223 1.752, 0.4902 0.3223 1.752, 0.687 -0.7719 3.0544, 0.4902 -0.7719 3.0544, 0.8839 -0.7719 2.8402, 0.8839 0.1423 1.752, 1.0807 -0.7719 2.8402, 1.0807 0.1423 1.752, 1.0807 0.3223 1.752, 0.8839 0.3223 1.752, 1.0807 -0.7719 3.0544, 0.8839 -0.7719 3.0544, 1.2776 -0.7719 2.8402, 1.2776 0.1423 1.752, 1.4744 -0.7719 2.8402, 1.4744 0.1423 1.752, 1.4744 0.3223 1.752, 1.2776 0.3223 1.752, 1.4744 -0.7719 3.0544, 1.2776 -0.7719 3.0544, -0.2972 -0.7719 2.8402, -0.2972 0.1423 1.752, -0.1004 -0.7719 2.8402, -0.1004 0.1423 1.752, -0.1004 0.3223 1.752, -0.2972 0.3223 1.752, -0.1004 -0.7719 3.0544, -0.2972 -0.7719 3.0544, -0.6909 -0.7719 2.8402, -0.6909 0.1423 1.752, -0.4941 -0.7719 2.8402, -0.4941 0.1423 1.752, -0.4941 0.3223 1.752, -0.6909 0.3223 1.752, -0.4941 -0.7719 3.0544, -0.6909 -0.7719 3.0544, -1.0846 -0.7719 2.8402, -1.0846 0.1423 1.752, -0.8878 -0.7719 2.8402, -0.8878 0.1423 1.752, -0.8878 0.3223 1.752, -1.0846 0.3223 1.752, -0.8878 -0.7719 3.0544, -1.0846 -0.7719 3.0544, -1.4783 -0.7719 2.8402, -1.4783 0.1423 1.752, -1.2815 -0.7719 2.8402, -1.2815 0.1423 1.752, -1.2815 0.3223 1.752, -1.4783 0.3223 1.752, -1.2815 -0.7719 3.0544, -1.4783 -0.7719 3.0544
            ]
        }
        coordIndex [
            0,1,2,-1,2,1,3,-1,4,5,6,-1,6,5,7,-1,2,3,6,-1,6,3,4,-1,5,1,7,-1,7,1,0,-1,8,9,10,-1,10,9,11,-1,12,13,14,-1,14,13,15,-1,10,11,14,-1,14,11,12,-1,13,9,15,-1,15,9,8,-1,16,17,18,-1,18,17,19,-1,20,21,22,-1,22,21,23,-1,18,19,22,-1,22,19,20,-1,21,17,23,-1,23,17,16,-1,24,25,26,-1,26,25,27,-1,28,29,30,-1,30,29,31,-1,26,27,30,-1,30,27,28,-1,29,25,31,-1,31,25,24,-1,32,33,34,-1,34,33,35,-1,36,37,38,-1,38,37,39,-1,34,35,38,-1,38,35,36,-1,37,33,39,-1,39,33,32,-1,40,41,42,-1,42,41,43,-1,44,45,46,-1,46,45,47,-1,42,43,46,-1,46,43,44,-1,45,41,47,-1,47,41,40,-1,48,49,50,-1,50,49,51,-1,52,53,54,-1,54,53,55,-1,50,51,54,-1,54,51,52,-1,53,49,55,-1,55,49,48,-1,56,57,58,-1,58,57,59,-1,60,61,62,-1,62,61,63,-1,58,59,62,-1,62,59,60,-1,61,57,63,-1,63,57,56,-1,
        ]
    }
}
Shape{
    appearance Appearance {
        material  Material 	{
            diffuseColor 0.25098039215686274 0.25098039215686274 0.25098039215686274
            specularColor 0.12549019607843137 0.12549019607843137 0.12549019607843137
            ambientIntensity 0.251
            transparency 0.0
            shininess 0.5
        }
    }
    geometry IndexedFaceSet {
        ccw TRUE
        solid FALSE
        coord DEF co Coordinate {
            point [
                2.54 0.7359 6.4764, 2.54 0.7359 1.752, 2.54 -0.0515 6.4764, 2.54 -0.0515 1.752, -2.5439 -0.0515 6.4764, -2.5439 -0.0515 1.752, -2.5439 0.7359 6.4764, -2.5439 0.7359 1.752
            ]
        }
        coordIndex [
            0,1,2,-1,2,1,3,-1,4,5,6,-1,6,5,7,-1,
        ]
    }
}
Shape{
    appearance Appearance {
        material  Material 	{
            diffuseColor 0.7529411764705882 0.7529411764705882 0.7529411764705882
            specularColor 0.3764705882352941 0.3764705882352941 0.3764705882352941
            ambientIntensity 0.7529
            transparency 0.0
            shininess 0.5
        }
    }
    geometry IndexedFaceSet {
        ccw TRUE
        solid FALSE
        coord DEF co Coordinate {
            point [
                2.7552 0.5633 0.207, 2.7552 0.5633 0.0692, 2.7043 0.5566 0.0692, 2.7043 0.5566 0.207, 2.6568 0.5369 0.0692, 2.6568 0.5369 0.207, 2.616 0.5056 0.0692, 2.616 0.5056 0.207, 2.5847 0.4648 0.0692, 2.5847 0.4648 0.207, 2.5651 0.4174 0.0692, 2.5651 0.4174 0.207, 2.5584 0.3664 0.0692, 2.5584 0.3664 0.207, 2.7552 -0.6178 0.0692, 2.7552 -0.6178 0.207, 2.7043 -0.6111 0.207, 2.7043 -0.6111 0.0692, 2.6568 -0.5915 0.207, 2.6568 -0.5915 0.0692, 2.616 -0.5602 0.207, 2.616 -0.5602 0.0692, 2.5847 -0.5194 0.207, 2.5847 -0.5194 0.0692, 2.5651 -0.4719 0.207, 2.5651 -0.4719 0.0692, 2.5584 -0.421 0.207, 2.5584 -0.421 0.0692, -3.0531 -0.6178 0.3858, -3.0531 -0.6178 0.2267, -3.0531 0.5633 0.3858, -3.0531 0.5633 0.2267, -2.5622 -0.421 0.207, -2.5622 -0.421 0.0692, -2.5622 -0.1794 0.207, -2.5622 -0.1794 0.0692, -2.5908 -0.214 0.0692, -2.6397 -0.2515 0.0692, -2.876 0.1576 0.0692, -2.9249 0.1201 0.0692, -3.0334 0.5633 0.0692, -2.9624 0.0711 0.0692, -2.986 0.0142 0.0692, -2.9941 -0.047 0.0692, -3.0334 -0.6178 0.0692, -2.7591 0.5633 0.0692, -2.7578 0.1893 0.0692, -2.819 0.1812 0.0692, -2.986 -0.1081 0.0692, -2.9624 -0.1651 0.0692, -2.9249 -0.214 0.0692, -2.5886 -0.5194 0.0692, -2.6199 -0.5602 0.0692, -2.6967 -0.2751 0.0692, -2.6607 -0.5915 0.0692, -2.7578 -0.2832 0.0692, -2.569 -0.4719 0.0692, -2.7081 -0.6111 0.0692, -2.7591 -0.6178 0.0692, -2.819 -0.2751 0.0692, -2.876 -0.2515 0.0692, -2.5622 0.0855 0.0692, -2.5908 0.1201 0.0692, -2.5622 0.3664 0.0692, -2.6397 0.1576 0.0692, -2.569 0.4174 0.0692, -2.6967 0.1812 0.0692, -2.5886 0.4648 0.0692, -2.7081 0.5566 0.0692, -2.6607 0.5369 0.0692, -2.6199 0.5056 0.0692, -3.0685 -0.6178 0.0732, -3.0685 0.5633 0.0732, -3.1018 -0.6178 0.0848, -3.1018 0.5633 0.0848, -3.1316 -0.6178 0.1036, -3.1316 0.5633 0.1036, -3.1566 -0.6178 0.1285, -3.1566 0.5633 0.1285, -3.1753 -0.6178 0.1584, -3.1753 0.5633 0.1584, -3.187 -0.6178 0.1917, -3.187 0.5633 0.1917, -3.1909 -0.6178 0.2267, -3.1909 0.5633 0.2267, -3.0526 0.5633 0.2223, -3.0526 -0.6178 0.2223, -3.0512 0.5633 0.2182, -3.0512 -0.6178 0.2182, -3.0488 0.5633 0.2144, -3.0488 -0.6178 0.2144, -3.0457 0.5633 0.2113, -3.0457 -0.6178 0.2113, -3.042 0.5633 0.209, -3.042 -0.6178 0.209, -3.0378 0.5633 0.2075, -3.0378 -0.6178 0.2075, -3.0334 0.5633 0.207, -3.0334 -0.6178 0.207, -2.5908 0.1201 0.207, -2.5622 0.0855 0.207, -2.5622 0.3664 0.207, -2.9624 0.0711 0.207, -2.9249 0.1201 0.207, -2.819 -0.2751 0.207, -2.7578 -0.2832 0.207, -2.7591 -0.6178 0.207, -2.876 -0.2515 0.207, -2.9249 -0.214 0.207, -2.9624 -0.1651 0.207, -2.986 -0.1081 0.207, -2.9941 -0.047 0.207, -2.986 0.0142 0.207, -2.5908 -0.214 0.207, -2.6397 -0.2515 0.207, -2.569 -0.4719 0.207, -2.6967 -0.2751 0.207, -2.5886 -0.5194 0.207, -2.876 0.1576 0.207, -2.819 0.1812 0.207, -2.7591 0.5633 0.207, -2.7578 0.1893 0.207, -2.7081 0.5566 0.207, -2.7081 -0.6111 0.207, -2.6607 -0.5915 0.207, -2.6199 -0.5602 0.207, -2.569 0.4174 0.207, -2.6967 0.1812 0.207, -2.6397 0.1576 0.207, -2.5886 0.4648 0.207, -2.6199 0.5056 0.207, -2.6607 0.5369 0.207, -3.1909 0.5633 0.3937, -3.0531 0.5633 0.3937, -3.0531 -0.6178 0.3937, -3.1909 -0.6178 0.3937, 2.6949 2.8654 0.0591, 2.4587 2.8654 0.0591, 2.6949 2.8445 0.0613, 2.4587 2.8445 0.0613, 2.6949 2.8245 0.068, 2.4587 2.8245 0.068, 2.6949 2.8064 0.0787, 2.4587 2.8064 0.0787, 2.6949 2.729 0.0787, 2.4587 2.729 0.0787, 2.4587 2.7484 0.0521, 2.6949 2.7484 0.0521, 2.4587 2.7729 0.0301, 2.6949 2.7729 0.0301, 2.4587 2.8014 0.0136, 2.6949 2.8014 0.0136, 2.4587 2.8327 0.0034, 2.6949 2.8327 0.0034, 2.4587 2.8654 -0.0, 2.6949 2.8654 -0.0, 2.6949 3.8113 -0.0, 2.6949 3.8113 0.0591, 2.4587 3.8113 0.0591, 2.4587 3.8113 -0.0, 1.6949 2.8654 0.0591, 1.4587 2.8654 0.0591, 1.6949 2.8445 0.0613, 1.4587 2.8445 0.0613, 1.6949 2.8245 0.068, 1.4587 2.8245 0.068, 1.6949 2.8064 0.0787, 1.4587 2.8064 0.0787, 1.6949 2.729 0.0787, 1.4587 2.729 0.0787, 1.4587 2.7484 0.0521, 1.6949 2.7484 0.0521, 1.4587 2.7729 0.0301, 1.6949 2.7729 0.0301, 1.4587 2.8014 0.0136, 1.6949 2.8014 0.0136, 1.4587 2.8327 0.0034, 1.6949 2.8327 0.0034, 1.4587 2.8654 -0.0, 1.6949 2.8654 -0.0, 1.6949 3.8113 -0.0, 1.4587 3.8113 -0.0, 1.6949 3.8113 0.0591, 1.4587 3.8113 0.0591, -2.6988 2.8654 -0.0, -2.4626 2.8654 -0.0, -2.4626 2.8327 0.0034, -2.6988 2.8327 0.0034, -2.4626 2.8014 0.0136, -2.6988 2.8014 0.0136, -2.4626 2.7729 0.0301, -2.6988 2.7729 0.0301, -2.4626 2.7484 0.0521, -2.6988 2.7484 0.0521, -2.4626 2.729 0.0787, -2.6988 2.729 0.0787, -2.6988 2.8064 0.0787, -2.4626 2.8064 0.0787, -2.6988 2.8245 0.068, -2.4626 2.8245 0.068, -2.6988 2.8445 0.0613, -2.4626 2.8445 0.0613, -2.6988 2.8654 0.0591, -2.4626 2.8654 0.0591, -2.6988 3.8113 0.0591, -2.6988 3.8113 -0.0, -2.4626 3.8113 -0.0, -2.4626 3.8113 0.0591, -1.6988 2.8064 0.0787, -1.4626 2.8064 0.0787, -1.6988 2.8245 0.068, -1.4626 2.8245 0.068, -1.6988 2.8445 0.0613, -1.4626 2.8445 0.0613, -1.6988 2.8654 0.0591, -1.4626 2.8654 0.0591, -1.6988 3.8113 0.0591, -1.4626 3.8113 0.0591, -1.6988 3.8113 -0.0, -1.4626 3.8113 -0.0, -1.6988 2.8654 -0.0, -1.4626 2.8654 -0.0, -1.4626 2.8327 0.0034, -1.6988 2.8327 0.0034, -1.4626 2.8014 0.0136, -1.6988 2.8014 0.0136, -1.4626 2.7729 0.0301, -1.6988 2.7729 0.0301, -1.4626 2.7484 0.0521, -1.6988 2.7484 0.0521, -1.4626 2.729 0.0787, -1.6988 2.729 0.0787, 1.8425 2.4079 6.5748, 2.775 2.4079 6.5748, 1.8425 2.4079 6.6142, 2.775 2.4079 6.6142, 2.775 1.8545 6.5748, 2.775 1.8545 6.6142, 1.8425 1.8545 6.5748, 1.8425 1.8545 6.6142
            ]
        }
        coordIndex [
            0,1,2,-1,0,2,3,-1,3,2,4,-1,3,4,5,-1,5,4,6,-1,5,6,7,-1,7,6,8,-1,7,8,9,-1,9,8,10,-1,9,10,11,-1,11,10,12,-1,11,12,13,-1,14,15,16,-1,14,16,17,-1,17,16,18,-1,17,18,19,-1,19,18,20,-1,19,20,21,-1,21,20,22,-1,21,22,23,-1,23,22,24,-1,23,24,25,-1,25,24,26,-1,25,26,27,-1,28,29,30,-1,30,29,31,-1,32,33,34,-1,34,33,35,-1,35,33,36,-1,36,33,37,-1,38,39,40,-1,40,39,41,-1,41,42,40,-1,40,42,43,-1,40,43,44,-1,45,46,40,-1,40,46,47,-1,40,47,38,-1,43,48,44,-1,44,48,49,-1,44,49,50,-1,51,52,53,-1,53,52,54,-1,53,54,55,-1,37,33,53,-1,53,33,56,-1,53,56,51,-1,54,57,55,-1,55,57,58,-1,55,58,59,-1,59,58,44,-1,59,44,60,-1,60,44,50,-1,61,62,63,-1,63,62,64,-1,63,64,65,-1,65,64,66,-1,65,66,67,-1,45,68,46,-1,46,68,69,-1,46,69,66,-1,66,69,70,-1,66,70,67,-1,40,44,71,-1,40,71,72,-1,72,71,73,-1,72,73,74,-1,74,73,75,-1,74,75,76,-1,76,75,77,-1,76,77,78,-1,78,77,79,-1,78,79,80,-1,80,79,81,-1,80,81,82,-1,82,81,83,-1,82,83,84,-1,31,29,85,-1,85,29,86,-1,85,86,87,-1,87,86,88,-1,87,88,89,-1,89,88,90,-1,89,90,91,-1,91,90,92,-1,91,92,93,-1,93,92,94,-1,93,94,95,-1,95,94,96,-1,95,96,97,-1,97,96,98,-1,99,100,101,-1,102,103,97,-1,104,98,105,-1,105,98,106,-1,104,107,98,-1,98,107,108,-1,98,108,109,-1,109,110,98,-1,98,110,111,-1,98,111,97,-1,97,111,112,-1,97,112,102,-1,34,113,32,-1,32,113,114,-1,32,114,115,-1,115,114,116,-1,115,116,117,-1,103,118,97,-1,97,118,119,-1,97,119,120,-1,120,119,121,-1,120,121,122,-1,106,123,105,-1,105,123,124,-1,105,124,116,-1,116,124,125,-1,116,125,117,-1,126,127,101,-1,101,127,128,-1,101,128,99,-1,126,129,127,-1,127,129,130,-1,127,130,121,-1,121,130,131,-1,121,131,122,-1,120,45,97,-1,97,45,40,-1,97,40,95,-1,95,40,72,-1,95,72,93,-1,93,72,74,-1,93,74,91,-1,91,74,76,-1,91,76,89,-1,89,76,78,-1,89,78,87,-1,87,78,80,-1,87,80,85,-1,85,80,82,-1,85,82,31,-1,31,82,84,-1,31,84,30,-1,30,84,132,-1,30,132,133,-1,134,135,28,-1,28,135,83,-1,58,106,44,-1,44,106,98,-1,44,98,71,-1,71,98,96,-1,71,96,73,-1,73,96,94,-1,73,94,75,-1,75,94,92,-1,75,92,77,-1,77,92,90,-1,77,90,79,-1,79,90,88,-1,79,88,81,-1,81,88,86,-1,81,86,83,-1,83,86,29,-1,83,29,28,-1,45,120,122,-1,45,122,68,-1,68,122,131,-1,68,131,69,-1,69,131,130,-1,69,130,70,-1,70,130,129,-1,70,129,67,-1,67,129,126,-1,67,126,65,-1,65,126,101,-1,65,101,63,-1,106,58,57,-1,106,57,123,-1,123,57,54,-1,123,54,124,-1,124,54,52,-1,124,52,125,-1,125,52,51,-1,125,51,117,-1,117,51,56,-1,117,56,115,-1,115,56,33,-1,115,33,32,-1,136,137,138,-1,138,137,139,-1,138,139,140,-1,140,139,141,-1,140,141,142,-1,142,141,143,-1,144,145,146,-1,144,146,147,-1,147,146,148,-1,147,148,149,-1,149,148,150,-1,149,150,151,-1,151,150,152,-1,151,152,153,-1,153,152,154,-1,153,154,155,-1,156,157,155,-1,155,157,136,-1,155,136,153,-1,153,136,138,-1,153,138,151,-1,151,138,140,-1,151,140,149,-1,149,140,142,-1,149,142,147,-1,147,142,144,-1,146,145,143,-1,158,159,137,-1,137,159,154,-1,137,154,139,-1,139,154,152,-1,139,152,141,-1,141,152,150,-1,141,150,143,-1,143,150,148,-1,143,148,146,-1,156,155,159,-1,159,155,154,-1,157,156,158,-1,158,156,159,-1,136,157,137,-1,137,157,158,-1,160,161,162,-1,162,161,163,-1,162,163,164,-1,164,163,165,-1,164,165,166,-1,166,165,167,-1,168,169,170,-1,168,170,171,-1,171,170,172,-1,171,172,173,-1,173,172,174,-1,173,174,175,-1,175,174,176,-1,175,176,177,-1,177,176,178,-1,177,178,179,-1,180,179,181,-1,181,179,178,-1,182,180,183,-1,183,180,181,-1,160,182,161,-1,161,182,183,-1,180,182,179,-1,179,182,160,-1,179,160,177,-1,177,160,162,-1,177,162,175,-1,175,162,164,-1,175,164,173,-1,173,164,166,-1,173,166,171,-1,171,166,168,-1,183,181,161,-1,161,181,178,-1,161,178,163,-1,163,178,176,-1,163,176,165,-1,176,174,165,-1,165,174,172,-1,165,172,167,-1,167,172,170,-1,167,170,169,-1,184,185,186,-1,184,186,187,-1,187,186,188,-1,187,188,189,-1,189,188,190,-1,189,190,191,-1,191,190,192,-1,191,192,193,-1,193,192,194,-1,193,194,195,-1,196,197,198,-1,198,197,199,-1,198,199,200,-1,200,199,201,-1,200,201,202,-1,202,201,203,-1,204,205,202,-1,202,205,184,-1,202,184,200,-1,200,184,187,-1,200,187,198,-1,187,189,198,-1,198,189,191,-1,198,191,196,-1,196,191,193,-1,196,193,195,-1,206,207,185,-1,185,207,203,-1,185,203,186,-1,186,203,201,-1,186,201,188,-1,188,201,199,-1,188,199,190,-1,190,199,197,-1,190,197,192,-1,192,197,194,-1,184,205,185,-1,185,205,206,-1,204,202,207,-1,207,202,203,-1,205,204,206,-1,206,204,207,-1,208,209,210,-1,210,209,211,-1,210,211,212,-1,212,211,213,-1,212,213,214,-1,214,213,215,-1,216,214,217,-1,217,214,215,-1,218,216,219,-1,219,216,217,-1,220,218,221,-1,221,218,219,-1,220,221,222,-1,220,222,223,-1,223,222,224,-1,223,224,225,-1,225,224,226,-1,225,226,227,-1,227,226,228,-1,227,228,229,-1,229,228,230,-1,229,230,231,-1,216,218,214,-1,214,218,220,-1,214,220,212,-1,212,220,223,-1,212,223,210,-1,223,225,210,-1,210,225,227,-1,210,227,208,-1,208,227,229,-1,208,229,231,-1,219,217,221,-1,221,217,215,-1,221,215,222,-1,222,215,213,-1,222,213,224,-1,224,213,211,-1,224,211,226,-1,226,211,209,-1,226,209,228,-1,228,209,230,-1,232,233,234,-1,234,233,235,-1,233,236,235,-1,235,236,237,-1,236,238,237,-1,237,238,239,-1,238,232,239,-1,239,232,234,-1,
        ]
    }
}
Shape{
    appearance Appearance {
        material  Material 	{
            diffuseColor 0.9098039215686274 0.44313725490196076 0.03137254901960784
            specularColor 0.4549019607843137 0.2235294117647059 0.01568627450980392
            ambientIntensity 0.5357
            transparency 0.0
            shininess 0.5
        }
    }
    geometry IndexedFaceSet {
        ccw TRUE
        solid FALSE
        coord DEF co Coordinate {
            point [
                1.8425 1.8545 6.5748, 2.775 1.8545 6.5748, 1.8425 2.4079 6.5748, 2.775 2.4079 6.5748
            ]
        }
        coordIndex [
            0,1,2,-1,2,1,3,-1,
        ]
    }
}
Shape{
    appearance Appearance {
        material  Material 	{
            diffuseColor 0.7529411764705882 0.7529411764705882 0.7529411764705882
            specularColor 0.3764705882352941 0.3764705882352941 0.3764705882352941
            ambientIntensity 0.7529
            transparency 0.0
            shininess 0.5
        }
    }
    geometry IndexedFaceSet {
        ccw TRUE
        solid FALSE
        coord DEF co Coordinate {
            point [
                -2.7789 1.8545 6.5748, -2.7789 2.4079 6.5748, -2.7789 1.8545 6.6142, -2.7789 2.4079 6.6142, -1.8463 2.4079 6.5748, -1.8463 2.4079 6.6142, -1.8463 1.8545 6.5748, -1.8463 1.8545 6.6142
            ]
        }
        coordIndex [
            0,1,2,-1,2,1,3,-1,1,4,3,-1,3,4,5,-1,4,6,5,-1,5,6,7,-1,6,0,7,-1,7,0,2,-1,
        ]
    }
}
Shape{
    appearance Appearance {
        material  Material 	{
            diffuseColor 0.0 1.0 0.0
            specularColor 0.0 0.5019607843137255 0.0
            ambientIntensity 0.587
            transparency 0.0
            shininess 0.5
        }
    }
    geometry IndexedFaceSet {
        ccw TRUE
        solid FALSE
        coord DEF co Coordinate {
            point [
                -1.8463 1.8545 6.5748, -1.8463 2.4079 6.5748, -2.7789 1.8545 6.5748, -2.7789 2.4079 6.5748
            ]
        }
        coordIndex [
            0,1,2,-1,2,1,3,-1,
        ]
    }
}
Shape{
    appearance Appearance {
        material  Material 	{
            diffuseColor 0.7529411764705882 0.7529411764705882 0.7529411764705882
            specularColor 0.3764705882352941 0.3764705882352941 0.3764705882352941
            ambientIntensity 0.7529
            transparency 0.0
            shininess 0.5
        }
    }
    geometry IndexedFaceSet {
        ccw TRUE
        solid FALSE
        coord DEF co Coordinate {
            point [
                -3.0253 3.2208 6.365, -3.0253 3.2208 0.3937, -3.0681 3.2151 0.3937, -3.0681 3.2151 6.365, -3.1081 3.1986 0.3937, -3.1081 3.1986 6.365, -3.1424 3.1722 0.3937, -3.1424 3.1722 6.365, -3.1687 3.1379 0.3937, -3.1687 3.1379 6.365, -3.1853 3.098 0.3937, -3.1853 3.098 6.365, -3.1909 3.0551 0.3937, -3.1909 3.0551 6.365, -3.0531 3.083 6.365, -3.0531 3.0551 6.365, -3.0253 3.083 6.365, 3.187 3.0551 6.365, 3.187 3.0551 0.3937, 3.1814 3.098 0.3937, 3.1814 3.098 6.365, 3.1648 3.1379 0.3937, 3.1648 3.1379 6.365, 3.1385 3.1722 0.3937, 3.1385 3.1722 6.365, 3.1042 3.1986 0.3937, 3.1042 3.1986 6.365, 3.0643 3.2151 0.3937, 3.0643 3.2151 6.365, 3.0214 3.2208 0.3937, 3.0214 3.2208 6.365, 3.0492 3.0551 6.365, 3.0492 3.083 6.365, 3.0214 3.083 6.365, 3.0492 2.4535 2.5907, 3.0492 2.8472 2.5907, 3.187 2.4535 2.5907, 3.187 2.8472 2.5907, 3.0492 2.8472 1.6064, 3.187 2.8472 1.6064, 3.0492 2.4535 1.6064, 3.187 2.4535 1.6064, 3.0492 2.4535 2.571, 3.187 2.4535 2.571, 3.0492 2.4535 4.9529, 3.0492 2.8472 4.9529, 3.187 2.4535 4.9529, 3.187 2.8472 4.9529, 3.0492 2.8472 3.9686, 3.187 2.8472 3.9686, 3.0492 2.4535 3.9686, 3.187 2.4535 3.9686, 3.0492 2.4535 4.9332, 3.187 2.4535 4.9332, 3.1615 2.7981 4.7363, 3.1615 2.7981 4.1852, 3.0492 2.7877 4.7363, 3.0492 2.7877 4.1852, 3.1864 2.5316 4.9332, 3.1864 2.5316 3.9883, 3.1798 2.6021 4.9332, 3.1621 2.7914 4.7873, 3.1639 2.7719 4.8348, 3.1669 2.7407 4.046, 3.1639 2.7719 4.0867, 3.1706 2.7001 4.0147, 3.175 2.6528 3.995, 3.1798 2.6021 3.9883, 3.1621 2.7914 4.1342, 3.1669 2.7407 4.8755, 3.1706 2.7001 4.9068, 3.175 2.6528 4.9265, 3.187 2.517 4.9332, 3.187 2.517 3.9883, 3.0492 2.4535 3.9883, 3.0492 2.5899 3.9883, 3.187 2.4535 3.9883, 3.0492 2.5899 4.9332, 3.0492 2.6411 4.9265, 3.0492 2.6888 4.9068, 3.0492 2.7297 4.8755, 3.0492 2.7612 4.8348, 3.0492 2.7468 4.8562, 3.0492 2.786 4.762, 3.0492 2.7809 4.7873, 3.0492 2.7726 4.8117, 3.0492 2.786 4.1595, 3.0492 2.7809 4.1342, 3.0492 2.7726 4.1098, 3.0492 2.7612 4.0867, 3.0492 2.7468 4.0653, 3.0492 2.7297 4.046, 3.0492 2.6888 4.0147, 3.0492 2.6411 3.995, 3.1615 2.7981 2.3741, 3.1615 2.7981 1.823, 3.0492 2.7877 2.3741, 3.0492 2.7877 1.823, 3.1798 2.6021 2.571, 3.1864 2.5316 2.571, 3.1864 2.5316 1.6261, 3.1706 2.7001 2.5446, 3.1669 2.7407 2.5133, 3.1621 2.7914 2.4251, 3.1639 2.7719 2.4726, 3.175 2.6528 2.5643, 3.1669 2.7407 1.6838, 3.1639 2.7719 1.7245, 3.1706 2.7001 1.6525, 3.175 2.6528 1.6328, 3.1798 2.6021 1.6261, 3.1621 2.7914 1.772, 3.187 2.517 2.571, 3.187 2.517 1.6261, 3.187 2.4535 1.6261, 3.0492 2.4535 1.6261, 3.0492 2.5899 1.6261, 3.0492 2.5899 2.571, 3.0492 2.6411 2.5643, 3.0492 2.6888 2.5446, 3.0492 2.7297 2.5133, 3.0492 2.7612 2.4726, 3.0492 2.7468 2.494, 3.0492 2.786 2.3998, 3.0492 2.7809 2.4251, 3.0492 2.7726 2.4495, 3.0492 2.786 1.7973, 3.0492 2.7809 1.772, 3.0492 2.7726 1.7476, 3.0492 2.7612 1.7245, 3.0492 2.7468 1.7031, 3.0492 2.7297 1.6838, 3.0492 2.6888 1.6525, 3.0492 2.6411 1.6328, -3.0531 2.8472 2.5907, -3.0531 2.4535 2.5907, -3.1909 2.8472 2.5907, -3.1909 2.4535 2.5907, -3.1909 2.4535 2.571, -3.0531 2.4535 2.571, -3.0531 2.4535 1.6064, -3.0531 2.8472 1.6064, -3.1909 2.4535 1.6064, -3.1909 2.8472 1.6064, -3.0531 2.8472 4.9529, -3.0531 2.4535 4.9529, -3.1909 2.8472 4.9529, -3.1909 2.4535 4.9529, -3.1909 2.4535 4.9332, -3.0531 2.4535 4.9332, -3.0531 2.4535 3.9686, -3.0531 2.8472 3.9686, -3.1909 2.4535 3.9686, -3.1909 2.8472 3.9686, -3.1909 2.517 4.9332, -3.1902 2.5316 4.9332, -3.1909 2.517 3.9883, -3.1902 2.5316 3.9883, -3.1837 2.6021 4.9332, -3.1678 2.7719 4.8348, -3.166 2.7914 4.7873, -3.1654 2.7981 4.7363, -3.1654 2.7981 4.1852, -3.1837 2.6021 3.9883, -3.1789 2.6528 3.995, -3.1789 2.6528 4.9265, -3.1745 2.7001 4.9068, -3.1707 2.7407 4.8755, -3.166 2.7914 4.1342, -3.1678 2.7719 4.0867, -3.1745 2.7001 4.0147, -3.1707 2.7407 4.046, -3.0531 2.7877 4.7363, -3.0531 2.7877 4.1852, -3.0531 2.5899 3.9883, -3.0531 2.4535 3.9883, -3.1909 2.4535 3.9883, -3.0531 2.5899 4.9332, -3.0531 2.786 4.762, -3.0531 2.7809 4.7873, -3.0531 2.7726 4.8117, -3.0531 2.7612 4.8348, -3.0531 2.7468 4.8562, -3.0531 2.7297 4.8755, -3.0531 2.6888 4.9068, -3.0531 2.6411 4.9265, -3.0531 2.6411 3.995, -3.0531 2.6888 4.0147, -3.0531 2.7297 4.046, -3.0531 2.7612 4.0867, -3.0531 2.7468 4.0653, -3.0531 2.786 4.1595, -3.0531 2.7809 4.1342, -3.0531 2.7726 4.1098, -3.1909 2.517 2.571, -3.1902 2.5316 2.571, -3.1909 2.517 1.6261, -3.1902 2.5316 1.6261, -3.1837 2.6021 2.571, -3.1745 2.7001 2.5446, -3.1707 2.7407 2.5133, -3.1678 2.7719 2.4726, -3.1789 2.6528 1.6328, -3.1837 2.6021 1.6261, -3.1654 2.7981 1.823, -3.1654 2.7981 2.3741, -3.166 2.7914 2.4251, -3.1789 2.6528 2.5643, -3.166 2.7914 1.772, -3.1678 2.7719 1.7245, -3.1745 2.7001 1.6525, -3.1707 2.7407 1.6838, -3.0531 2.7877 2.3741, -3.0531 2.7877 1.823, -3.0531 2.5899 1.6261, -3.0531 2.4535 1.6261, -3.1909 2.4535 1.6261, -3.0531 2.5899 2.571, -3.0531 2.786 2.3998, -3.0531 2.7809 2.4251, -3.0531 2.7726 2.4495, -3.0531 2.7612 2.4726, -3.0531 2.7468 2.494, -3.0531 2.7297 2.5133, -3.0531 2.6888 2.5446, -3.0531 2.6411 2.5643, -3.0531 2.6411 1.6328, -3.0531 2.6888 1.6525, -3.0531 2.7297 1.6838, -3.0531 2.7612 1.7245, -3.0531 2.7468 1.7031, -3.0531 2.786 1.7973, -3.0531 2.7809 1.772, -3.0531 2.7726 1.7476
            ]
        }
        coordIndex [
            0,1,2,-1,0,2,3,-1,3,2,4,-1,3,4,5,-1,5,4,6,-1,5,6,7,-1,7,6,8,-1,7,8,9,-1,9,8,10,-1,9,10,11,-1,11,10,12,-1,11,12,13,-1,5,7,14,-1,14,7,9,-1,14,9,15,-1,15,9,11,-1,15,11,13,-1,5,14,3,-1,3,14,16,-1,3,16,0,-1,17,18,19,-1,17,19,20,-1,20,19,21,-1,20,21,22,-1,22,21,23,-1,22,23,24,-1,24,23,25,-1,24,25,26,-1,26,25,27,-1,26,27,28,-1,28,27,29,-1,28,29,30,-1,17,20,31,-1,31,20,22,-1,31,22,32,-1,22,24,32,-1,32,24,26,-1,32,26,33,-1,33,26,28,-1,33,28,30,-1,34,35,36,-1,36,35,37,-1,35,38,37,-1,37,38,39,-1,38,40,39,-1,39,40,41,-1,42,34,43,-1,43,34,36,-1,44,45,46,-1,46,45,47,-1,45,48,47,-1,47,48,49,-1,48,50,49,-1,49,50,51,-1,52,44,53,-1,53,44,46,-1,54,55,56,-1,56,55,57,-1,58,59,60,-1,60,59,55,-1,55,54,60,-1,60,54,61,-1,60,61,62,-1,63,64,65,-1,65,64,66,-1,59,67,55,-1,55,67,66,-1,55,66,68,-1,68,66,64,-1,62,69,60,-1,60,69,70,-1,60,70,71,-1,58,72,59,-1,59,72,73,-1,74,75,67,-1,67,59,74,-1,74,59,73,-1,74,73,76,-1,60,77,58,-1,58,77,52,-1,58,52,72,-1,72,52,53,-1,77,60,71,-1,77,71,78,-1,78,71,70,-1,78,70,79,-1,79,70,69,-1,79,69,80,-1,62,81,69,-1,69,81,82,-1,69,82,80,-1,61,54,56,-1,56,83,61,-1,61,83,84,-1,61,84,62,-1,62,84,85,-1,62,85,81,-1,57,55,86,-1,86,55,68,-1,86,68,87,-1,87,68,88,-1,88,68,64,-1,88,64,89,-1,89,64,90,-1,90,64,63,-1,90,63,91,-1,91,63,65,-1,91,65,92,-1,92,65,66,-1,92,66,93,-1,93,66,67,-1,93,67,75,-1,94,95,96,-1,96,95,97,-1,98,99,100,-1,101,94,102,-1,102,94,103,-1,102,103,104,-1,100,95,98,-1,98,95,94,-1,98,94,105,-1,105,94,101,-1,106,107,108,-1,108,107,109,-1,100,110,95,-1,95,110,109,-1,95,109,111,-1,111,109,107,-1,99,112,100,-1,100,112,113,-1,113,114,115,-1,113,115,100,-1,100,115,116,-1,100,116,110,-1,98,117,99,-1,99,117,42,-1,99,42,112,-1,112,42,43,-1,117,98,105,-1,117,105,118,-1,118,105,101,-1,118,101,119,-1,119,101,102,-1,119,102,120,-1,104,121,102,-1,102,121,122,-1,102,122,120,-1,103,94,96,-1,96,123,103,-1,103,123,124,-1,103,124,104,-1,104,124,125,-1,104,125,121,-1,97,95,126,-1,126,95,111,-1,126,111,127,-1,127,111,128,-1,128,111,107,-1,128,107,129,-1,129,107,130,-1,130,107,106,-1,130,106,131,-1,131,106,108,-1,131,108,132,-1,132,108,109,-1,132,109,133,-1,133,109,110,-1,133,110,116,-1,134,135,136,-1,136,135,137,-1,137,135,138,-1,138,135,139,-1,140,141,142,-1,142,141,143,-1,141,134,143,-1,143,134,136,-1,144,145,146,-1,146,145,147,-1,147,145,148,-1,148,145,149,-1,150,151,152,-1,152,151,153,-1,151,144,153,-1,153,144,146,-1,154,155,156,-1,156,155,157,-1,157,155,158,-1,159,160,158,-1,158,160,161,-1,158,161,157,-1,157,161,162,-1,157,162,163,-1,163,162,164,-1,165,166,158,-1,158,166,167,-1,158,167,159,-1,162,168,164,-1,164,168,169,-1,164,169,170,-1,170,169,171,-1,172,173,161,-1,161,173,162,-1,163,174,157,-1,157,174,175,-1,157,175,156,-1,156,175,176,-1,149,177,158,-1,158,155,149,-1,149,155,154,-1,149,154,148,-1,172,161,178,-1,178,161,160,-1,178,160,179,-1,179,160,180,-1,180,160,159,-1,180,159,181,-1,181,159,182,-1,182,159,167,-1,182,167,183,-1,183,167,166,-1,183,166,184,-1,184,166,165,-1,184,165,185,-1,185,165,158,-1,185,158,177,-1,174,163,164,-1,174,164,186,-1,186,164,170,-1,186,170,187,-1,187,170,171,-1,187,171,188,-1,169,189,171,-1,171,189,190,-1,171,190,188,-1,168,162,173,-1,173,191,168,-1,168,191,192,-1,168,192,169,-1,169,192,193,-1,169,193,189,-1,194,195,196,-1,196,195,197,-1,197,195,198,-1,199,200,201,-1,202,203,204,-1,204,203,197,-1,204,197,205,-1,205,197,198,-1,205,198,206,-1,206,198,201,-1,201,198,207,-1,201,207,199,-1,204,208,202,-1,202,208,209,-1,202,209,210,-1,210,209,211,-1,212,213,205,-1,205,213,204,-1,203,214,197,-1,197,214,215,-1,197,215,196,-1,196,215,216,-1,194,138,139,-1,194,139,195,-1,195,139,217,-1,195,217,198,-1,212,205,218,-1,218,205,206,-1,218,206,219,-1,219,206,220,-1,220,206,201,-1,220,201,221,-1,221,201,222,-1,222,201,200,-1,222,200,223,-1,223,200,199,-1,223,199,224,-1,224,199,207,-1,224,207,225,-1,225,207,198,-1,225,198,217,-1,214,203,202,-1,214,202,226,-1,226,202,210,-1,226,210,227,-1,227,210,211,-1,227,211,228,-1,209,229,211,-1,211,229,230,-1,211,230,228,-1,208,204,213,-1,213,231,208,-1,208,231,232,-1,208,232,209,-1,209,232,233,-1,209,233,229,-1,
        ]
    }
}