ISO-10303-21;
HEADER;
FILE_DESCRIPTION (( 'STEP AP214' ),
    '1' );
FILE_NAME ('SW-SMD_TK-6580S-2.STEP',
    '2021-05-19T14:47:52',
    ( '' ),
    ( '' ),
    'SwSTEP 2.0',
    'SolidWorks 2018',
    '' );
FILE_SCHEMA (( 'AUTOMOTIVE_DESIGN' ));
ENDSEC;

DATA;
#1 = LINE ( 'NONE', #8046, #886 ) ;
#2 = SURFACE_STYLE_USAGE ( .BOTH. , #530 ) ;
#3 = CARTESIAN_POINT ( 'NONE',  ( -1.449999999999999512, -1.650000000000000355, 5.500000000000000000 ) ) ;
#4 = ORIENTED_EDGE ( 'NONE', *, *, #5444, .F. ) ;
#5 = SURFACE_STYLE_FILL_AREA ( #1868 ) ;
#6 = EDGE_LOOP ( 'NONE', ( #5509, #5011, #4700, #1539 ) ) ;
#7 = VECTOR ( 'NONE', #5901, 1000.000000000000000 ) ;
#8 = STYLED_ITEM ( 'NONE', ( #7088 ), #4069 ) ;
#9 = DIRECTION ( 'NONE',  ( -0.0000000000000000000, -1.000000000000000000, -0.0000000000000000000 ) ) ;
#10 = AXIS2_PLACEMENT_3D ( 'NONE', #5989, #3935, #6736 ) ;
#11 = DIRECTION ( 'NONE',  ( 0.0000000000000000000, -0.0000000000000000000, -1.000000000000000000 ) ) ;
#12 = LINE ( 'NONE', #3033, #2868 ) ;
#13 = VECTOR ( 'NONE', #8351, 1000.000000000000000 ) ;
#14 = EDGE_CURVE ( 'NONE', #983, #3137, #6828, .T. ) ;
#15 = FILL_AREA_STYLE ('',( #3960 ) ) ;
#16 = ORIENTED_EDGE ( 'NONE', *, *, #2136, .F. ) ;
#17 = ADVANCED_FACE ( 'NONE', ( #3531 ), #2748, .F. ) ;
#18 = FACE_BOUND ( 'NONE', #5020, .T. ) ;
#19 = EDGE_CURVE ( 'NONE', #1980, #1243, #4455, .T. ) ;
#20 = FILL_AREA_STYLE_COLOUR ( '', #3999 ) ;
#21 = VECTOR ( 'NONE', #1417, 1000.000000000000000 ) ;
#22 = DIRECTION ( 'NONE',  ( 0.0000000000000000000, 0.0000000000000000000, -1.000000000000000000 ) ) ;
#23 = ORIENTED_EDGE ( 'NONE', *, *, #8027, .F. ) ;
#24 = AXIS2_PLACEMENT_3D ( 'NONE', #4576, #623, #5177 ) ;
#25 = ORIENTED_EDGE ( 'NONE', *, *, #3146, .T. ) ;
#26 = FACE_OUTER_BOUND ( 'NONE', #2503, .T. ) ;
#27 = AXIS2_PLACEMENT_3D ( 'NONE', #2415, #3095, #4426 ) ;
#28 = SURFACE_SIDE_STYLE ('',( #5888 ) ) ;
#29 = CARTESIAN_POINT ( 'NONE',  ( -0.02195121951219507553, 0.3584297272122700107, 0.2999999999999999889 ) ) ;
#30 = ORIENTED_EDGE ( 'NONE', *, *, #1715, .F. ) ;
#31 =( NAMED_UNIT ( * ) PLANE_ANGLE_UNIT ( ) SI_UNIT ( $, .RADIAN. ) );
#32 = ORIENTED_EDGE ( 'NONE', *, *, #3060, .F. ) ;
#33 = B_SPLINE_CURVE_WITH_KNOTS ( 'NONE', 3,
 ( #6367, #2369, #3087, #1116, #1087 ),
 .UNSPECIFIED., .F., .F.,
 ( 4, 1, 4 ),
 ( 0.0000000000000000000, 0.4999999999999999445, 0.9999999999999998890 ),
 .UNSPECIFIED. ) ;
#34 = COLOUR_RGB ( '',0.7764705882352941346, 0.7568627450980391913, 0.7372549019607843590 ) ;
#35 = SURFACE_SIDE_STYLE ('',( #4497 ) ) ;
#36 = PLANE ( 'NONE',  #3286 ) ;
#37 =( LENGTH_UNIT ( ) NAMED_UNIT ( * ) SI_UNIT ( .MILLI., .METRE. ) );
#38 = VERTEX_POINT ( 'NONE', #7956 ) ;
#39 = VECTOR ( 'NONE', #1928, 1000.000000000000000 ) ;
#40 = EDGE_CURVE ( 'NONE', #291, #5006, #1625, .T. ) ;
#41 = DIRECTION ( 'NONE',  ( 1.000000000000000000, 0.0000000000000000000, 0.0000000000000000000 ) ) ;
#42 = PLANE ( 'NONE',  #7575 ) ;
#43 = ORIENTED_EDGE ( 'NONE', *, *, #246, .F. ) ;
#44 = ORIENTED_EDGE ( 'NONE', *, *, #8246, .T. ) ;
#45 =( NAMED_UNIT ( * ) SI_UNIT ( $, .STERADIAN. ) SOLID_ANGLE_UNIT ( ) );
#46 = CARTESIAN_POINT ( 'NONE',  ( -0.1700253570154371396, -0.1497143566910208445, 0.3099999999999999978 ) ) ;
#47 = CARTESIAN_POINT ( 'NONE',  ( 2.899999999999999023, 3.000000000000000000, 4.299999999999999822 ) ) ;
#48 = EDGE_CURVE ( 'NONE', #601, #4464, #7961, .T. ) ;
#49 =( NAMED_UNIT ( * ) SI_UNIT ( $, .STERADIAN. ) SOLID_ANGLE_UNIT ( ) );
#50 = COLOUR_RGB ( '',0.4313725490196078649, 0.3529411764705882026, 0.3725490196078431460 ) ;
#51 = STYLED_ITEM ( 'NONE', ( #2679 ), #3722 ) ;
#52 = DIRECTION ( 'NONE',  ( 0.0000000000000000000, -0.0000000000000000000, -1.000000000000000000 ) ) ;
#53 = STYLED_ITEM ( 'NONE', ( #7366 ), #446 ) ;
#54 = ORIENTED_EDGE ( 'NONE', *, *, #6433, .T. ) ;
#55 = VECTOR ( 'NONE', #2116, 1000.000000000000000 ) ;
#56 = UNCERTAINTY_MEASURE_WITH_UNIT (LENGTH_MEASURE( 1.000000000000000082E-05 ), #7316, 'distance_accuracy_value', 'NONE');
#57 = CARTESIAN_POINT ( 'NONE',  ( -1.349999999999999867, 1.649999999999999689, 7.799999999999999822 ) ) ;
#58 = FILL_AREA_STYLE_COLOUR ( '', #3446 ) ;
#59 = EDGE_LOOP ( 'NONE', ( #172, #4204, #1857, #717 ) ) ;
#60 = PLANE ( 'NONE',  #1455 ) ;
#61 = SURFACE_STYLE_FILL_AREA ( #4446 ) ;
#62 = VERTEX_POINT ( 'NONE', #3044 ) ;
#63 = SURFACE_SIDE_STYLE ('',( #7215 ) ) ;
#64 = AXIS2_PLACEMENT_3D ( 'NONE', #2926, #4206, #7485 ) ;
#65 = AXIS2_PLACEMENT_3D ( 'NONE', #6229, #2259, #1629 ) ;
#66 = FACE_OUTER_BOUND ( 'NONE', #8067, .T. ) ;
#67 = CARTESIAN_POINT ( 'NONE',  ( 0.9750000000000001998, -1.000000000000000000, 9.650000000000000355 ) ) ;
#68 = LINE ( 'NONE', #789, #1149 ) ;
#69 = CARTESIAN_POINT ( 'NONE',  ( 2.485912291827597098, 1.700000000000000178, 0.2890877081724208542 ) ) ;
#70 = ORIENTED_EDGE ( 'NONE', *, *, #916, .T. ) ;
#71 = ORIENTED_EDGE ( 'NONE', *, *, #3816, .F. ) ;
#72 = SURFACE_STYLE_FILL_AREA ( #1619 ) ;
#73 = CARTESIAN_POINT ( 'NONE',  ( -2.400000000000006128, -0.2999999999999999334, 0.2999999999999999889 ) ) ;
#74 = VECTOR ( 'NONE', #1689, 1000.000000000000000 ) ;
#75 = STYLED_ITEM ( 'NONE', ( #711 ), #6625 ) ;
#76 =( NAMED_UNIT ( * ) SI_UNIT ( $, .STERADIAN. ) SOLID_ANGLE_UNIT ( ) );
#77 = DIRECTION ( 'NONE',  ( -1.000000000000000000, 0.0000000000000000000, 0.0000000000000000000 ) ) ;
#78 = COLOUR_RGB ( '',0.7764705882352941346, 0.7568627450980391913, 0.7372549019607843590 ) ;
#79 = AXIS2_PLACEMENT_3D ( 'NONE', #3484, #5515, #4876 ) ;
#80 = DIRECTION ( 'NONE',  ( 0.0000000000000000000, 1.000000000000000000, -0.0000000000000000000 ) ) ;
#81 = VERTEX_POINT ( 'NONE', #3311 ) ;
#82 = CARTESIAN_POINT ( 'NONE',  ( -2.410912291827593812, -2.299999999999999822, -0.001386042793148666626 ) ) ;
#83 = UNCERTAINTY_MEASURE_WITH_UNIT (LENGTH_MEASURE( 1.000000000000000082E-05 ), #104, 'distance_accuracy_value', 'NONE');
#84 = CARTESIAN_POINT ( 'NONE',  ( -0.02195121951219501308, -0.08108357156821824341, 0.2999999999999999889 ) ) ;
#85 = EDGE_CURVE ( 'NONE', #2454, #2493, #2364, .T. ) ;
#86 = EDGE_CURVE ( 'NONE', #882, #4873, #4450, .T. ) ;
#87 = ORIENTED_EDGE ( 'NONE', *, *, #3757, .T. ) ;
#88 = ADVANCED_FACE ( 'NONE', ( #4355 ), #3832, .T. ) ;
#89 = VERTEX_POINT ( 'NONE', #2418 ) ;
#90 = DIRECTION ( 'NONE',  ( 1.000000000000000000, 0.0000000000000000000, 0.0000000000000000000 ) ) ;
#91 = DIRECTION ( 'NONE',  ( 0.0000000000000000000, -0.0000000000000000000, -1.000000000000000000 ) ) ;
#92 = EDGE_CURVE ( 'NONE', #6309, #1449, #7221, .T. ) ;
#93 = DIRECTION ( 'NONE',  ( 0.0000000000000000000, -0.0000000000000000000, -1.000000000000000000 ) ) ;
#94 = CARTESIAN_POINT ( 'NONE',  ( -0.1999999999999999556, 0.0000000000000000000, 0.3099999999999999978 ) ) ;
#95 = EDGE_CURVE ( 'NONE', #1403, #7605, #12, .T. ) ;
#96 = FILL_AREA_STYLE_COLOUR ( '', #1975 ) ;
#97 = ORIENTED_EDGE ( 'NONE', *, *, #2885, .F. ) ;
#98 = DIRECTION ( 'NONE',  ( 0.0000000000000000000, -1.000000000000000000, 0.0000000000000000000 ) ) ;
#99 = CARTESIAN_POINT ( 'NONE',  ( -0.07033327650105679341, -0.1833712135350182293, 0.2999999999999999889 ) ) ;
#100 = DIRECTION ( 'NONE',  ( -0.0000000000000000000, 0.0000000000000000000, -1.000000000000000000 ) ) ;
#101 =( LENGTH_UNIT ( ) NAMED_UNIT ( * ) SI_UNIT ( .MILLI., .METRE. ) );
#102 = VERTEX_POINT ( 'NONE', #7013 ) ;
#103 = STYLED_ITEM ( 'NONE', ( #7797 ), #4552 ) ;
#104 =( LENGTH_UNIT ( ) NAMED_UNIT ( * ) SI_UNIT ( .MILLI., .METRE. ) );
#105 = DIRECTION ( 'NONE',  ( 1.000000000000000000, 0.0000000000000000000, 0.0000000000000000000 ) ) ;
#106 = MECHANICAL_DESIGN_GEOMETRIC_PRESENTATION_REPRESENTATION (  '', ( #6451 ), #6733 ) ;
#107 = DIRECTION ( 'NONE',  ( 1.000000000000000000, -2.431578205642701831E-15, 0.0000000000000000000 ) ) ;
#108 = FILL_AREA_STYLE ('',( #5427 ) ) ;
#109 = ORIENTED_EDGE ( 'NONE', *, *, #2905, .T. ) ;
#110 = ORIENTED_EDGE ( 'NONE', *, *, #5844, .F. ) ;
#111 = PRESENTATION_STYLE_ASSIGNMENT (( #7662 ) ) ;
#112 = DIRECTION ( 'NONE',  ( 0.0000000000000000000, -1.000000000000000000, 0.0000000000000000000 ) ) ;
#113 = STYLED_ITEM ( 'NONE', ( #1426 ), #6003 ) ;
#114 = COLOUR_RGB ( '',0.4313725490196078649, 0.3529411764705882026, 0.3725490196078431460 ) ;
#115 =( GEOMETRIC_REPRESENTATION_CONTEXT ( 3 ) GLOBAL_UNCERTAINTY_ASSIGNED_CONTEXT ( ( #2488 ) ) GLOBAL_UNIT_ASSIGNED_CONTEXT ( ( #1177, #8402, #8492 ) ) REPRESENTATION_CONTEXT ( 'NONE', 'WORKASPACE' ) );
#116 = CARTESIAN_POINT ( 'NONE',  ( 4.413250983545655222E-14, -0.08497711831616255873, 0.2999999999999999889 ) ) ;
#117 = ADVANCED_FACE ( 'NONE', ( #4430 ), #7037, .F. ) ;
#118 = CARTESIAN_POINT ( 'NONE',  ( 3.388131789017201356E-17, -0.2354725451454539875, 0.3099999999999999978 ) ) ;
#119 = EDGE_CURVE ( 'NONE', #8225, #5513, #4111, .T. ) ;
#120 = PLANE ( 'NONE',  #7705 ) ;
#121 = CARTESIAN_POINT ( 'NONE',  ( 2.449999999999999289, -2.299999999999999822, 0.3499999999999999778 ) ) ;
#122 = CARTESIAN_POINT ( 'NONE',  ( -0.09786585365853650575, 0.2767225768057657298, 0.3099999999999999978 ) ) ;
#123 = VERTEX_POINT ( 'NONE', #5866 ) ;
#124 = DIRECTION ( 'NONE',  ( 1.234785807552938147E-15, 1.000000000000000000, 0.0000000000000000000 ) ) ;
#125 = ORIENTED_EDGE ( 'NONE', *, *, #3907, .T. ) ;
#126 = CARTESIAN_POINT ( 'NONE',  ( 4.519906605862593068E-14, 0.008429893878912603222, 0.2999999999999999889 ) ) ;
#127 = LINE ( 'NONE', #3920, #7353 ) ;
#128 = CARTESIAN_POINT ( 'NONE',  ( -0.1976576688199392640, 0.2271120615075461757, 0.3099999999999999978 ) ) ;
#129 = ADVANCED_FACE ( 'NONE', ( #5870 ), #1746, .T. ) ;
#130 = AXIS2_PLACEMENT_3D ( 'NONE', #5753, #1632, #4315 ) ;
#131 = EDGE_CURVE ( 'NONE', #8364, #4573, #1376, .T. ) ;
#132 = ORIENTED_EDGE ( 'NONE', *, *, #2434, .F. ) ;
#133 = ORIENTED_EDGE ( 'NONE', *, *, #7006, .F. ) ;
#134 = DIRECTION ( 'NONE',  ( 1.000000000000000000, 0.0000000000000000000, 1.322197771323786684E-17 ) ) ;
#135 = PRESENTATION_STYLE_ASSIGNMENT (( #335 ) ) ;
#136 = ORIENTED_EDGE ( 'NONE', *, *, #2524, .T. ) ;
#137 = ORIENTED_EDGE ( 'NONE', *, *, #3816, .T. ) ;
#138 = CIRCLE ( 'NONE', #1437, 0.3535533905932665144 ) ;
#139 = ORIENTED_EDGE ( 'NONE', *, *, #7482, .T. ) ;
#140 = CARTESIAN_POINT ( 'NONE',  ( -0.8749999999999998890, 1.124999999999999778, 10.40000000000000213 ) ) ;
#141 = CARTESIAN_POINT ( 'NONE',  ( -0.003803643838042890073, -0.1107277380426487101, 0.3099999999999999978 ) ) ;
#142 = SURFACE_STYLE_USAGE ( .BOTH. , #6033 ) ;
#143 = FACE_OUTER_BOUND ( 'NONE', #5436, .T. ) ;
#144 = AXIS2_PLACEMENT_3D ( 'NONE', #6987, #3805, #7707 ) ;
#145 = AXIS2_PLACEMENT_3D ( 'NONE', #287, #992, #937 ) ;
#146 = ORIENTED_EDGE ( 'NONE', *, *, #8077, .F. ) ;
#147 = VECTOR ( 'NONE', #6358, 1000.000000000000000 ) ;
#148 = ORIENTED_EDGE ( 'NONE', *, *, #2808, .F. ) ;
#149 = DIRECTION ( 'NONE',  ( 0.0000000000000000000, -0.0000000000000000000, -1.000000000000000000 ) ) ;
#150 = EDGE_LOOP ( 'NONE', ( #6441, #4474, #2357, #1031 ) ) ;
#151 = DIRECTION ( 'NONE',  ( 0.0000000000000000000, -0.0000000000000000000, 1.000000000000000000 ) ) ;
#152 = EDGE_CURVE ( 'NONE', #1569, #7186, #8130, .T. ) ;
#153 = CARTESIAN_POINT ( 'NONE',  ( -0.01951219512195112582, 0.2061051987569851585, 0.2999999999999999889 ) ) ;
#154 = CARTESIAN_POINT ( 'NONE',  ( -0.07804878048780500288, -0.3281935817308196945, 0.2999999999999999889 ) ) ;
#155 = LINE ( 'NONE', #3688, #1155 ) ;
#156 = EDGE_CURVE ( 'NONE', #5715, #4365, #3807, .T. ) ;
#157 = LINE ( 'NONE', #4164, #6956 ) ;
#158 = DIRECTION ( 'NONE',  ( 0.0000000000000000000, 0.0000000000000000000, -1.000000000000000000 ) ) ;
#159 = VECTOR ( 'NONE', #2982, 1000.000000000000000 ) ;
#160 = ORIENTED_EDGE ( 'NONE', *, *, #241, .T. ) ;
#161 = ADVANCED_FACE ( 'NONE', ( #4215 ), #6685, .T. ) ;
#162 = MECHANICAL_DESIGN_GEOMETRIC_PRESENTATION_REPRESENTATION (  '', ( #8170 ), #3879 ) ;
#163 = FILL_AREA_STYLE_COLOUR ( '', #8178 ) ;
#164 = CARTESIAN_POINT ( 'NONE',  ( -2.100000000000000089, -2.299999999999999822, 0.2999999999999999889 ) ) ;
#165 = ORIENTED_EDGE ( 'NONE', *, *, #6433, .F. ) ;
#166 = EDGE_LOOP ( 'NONE', ( #7853, #7489, #3195, #4757, #681, #5713, #2002, #3743, #4498, #5060, #2762, #5157 ) ) ;
#167 = LINE ( 'NONE', #6006, #452 ) ;
#168 = VECTOR ( 'NONE', #2991, 1000.000000000000000 ) ;
#169 =( LENGTH_UNIT ( ) NAMED_UNIT ( * ) SI_UNIT ( .MILLI., .METRE. ) );
#170 = LINE ( 'NONE', #3245, #4624 ) ;
#171 = DIRECTION ( 'NONE',  ( 0.0000000000000000000, -0.0000000000000000000, -1.000000000000000000 ) ) ;
#172 = ORIENTED_EDGE ( 'NONE', *, *, #6353, .F. ) ;
#173 = UNCERTAINTY_MEASURE_WITH_UNIT (LENGTH_MEASURE( 1.000000000000000082E-05 ), #7546, 'distance_accuracy_value', 'NONE');
#174 = VERTEX_POINT ( 'NONE', #6499 ) ;
#175 = CARTESIAN_POINT ( 'NONE',  ( -2.799999999999999822, -2.900000000000000355, 5.399999999999999467 ) ) ;
#176 = SURFACE_STYLE_FILL_AREA ( #4556 ) ;
#177 = FILL_AREA_STYLE_COLOUR ( '', #6077 ) ;
#178 = VECTOR ( 'NONE', #2051, 1000.000000000000000 ) ;
#179 = DIRECTION ( 'NONE',  ( 8.850629979473506011E-17, -1.000000000000000000, 0.0000000000000000000 ) ) ;
#180 = MECHANICAL_DESIGN_GEOMETRIC_PRESENTATION_REPRESENTATION (  '', ( #6203 ), #3730 ) ;
#181 = CARTESIAN_POINT ( 'NONE',  ( -0.07804878048780500288, -0.3281935817308196945, 0.3099999999999999978 ) ) ;
#182 = SURFACE_STYLE_USAGE ( .BOTH. , #4088 ) ;
#183 = EDGE_CURVE ( 'NONE', #635, #6323, #3485, .T. ) ;
#184 = ORIENTED_EDGE ( 'NONE', *, *, #4939, .T. ) ;
#185 = PRESENTATION_STYLE_ASSIGNMENT (( #6180 ) ) ;
#186 = PLANE ( 'NONE',  #2396 ) ;
#187 = DIRECTION ( 'NONE',  ( 0.0000000000000000000, 1.000000000000000000, -0.0000000000000000000 ) ) ;
#188 = STYLED_ITEM ( 'NONE', ( #6775 ), #8534 ) ;
#189 = ORIENTED_EDGE ( 'NONE', *, *, #4222, .F. ) ;
#190 = UNCERTAINTY_MEASURE_WITH_UNIT (LENGTH_MEASURE( 1.000000000000000082E-05 ), #169, 'distance_accuracy_value', 'NONE');
#191 = CARTESIAN_POINT ( 'NONE',  ( -2.449999999999999289, -0.2999999999999999334, 0.3499999999999999778 ) ) ;
#192 = FILL_AREA_STYLE ('',( #4243 ) ) ;
#193 = CARTESIAN_POINT ( 'NONE',  ( 0.0000000000000000000, -0.03059449636496596597, 0.3099999999999999978 ) ) ;
#194 =( GEOMETRIC_REPRESENTATION_CONTEXT ( 3 ) GLOBAL_UNCERTAINTY_ASSIGNED_CONTEXT ( ( #5725 ) ) GLOBAL_UNIT_ASSIGNED_CONTEXT ( ( #7183, #7143, #6583 ) ) REPRESENTATION_CONTEXT ( 'NONE', 'WORKASPACE' ) );
#195 = DIRECTION ( 'NONE',  ( -1.000000000000000000, 0.0000000000000000000, -0.0000000000000000000 ) ) ;
#196 = ORIENTED_EDGE ( 'NONE', *, *, #6661, .F. ) ;
#197 = ADVANCED_FACE ( 'NONE', ( #691 ), #5083, .T. ) ;
#198 = EDGE_CURVE ( 'NONE', #4464, #3649, #5254, .T. ) ;
#199 = ORIENTED_EDGE ( 'NONE', *, *, #4390, .T. ) ;
#200 = COLOUR_RGB ( '',0.4313725490196078649, 0.3529411764705882026, 0.3725490196078431460 ) ;
#201 = VERTEX_POINT ( 'NONE', #5388 ) ;
#202 = STYLED_ITEM ( 'NONE', ( #5127 ), #4593 ) ;
#203 = FILL_AREA_STYLE ('',( #3530 ) ) ;
#204 = ORIENTED_EDGE ( 'NONE', *, *, #5574, .F. ) ;
#205 = SURFACE_STYLE_USAGE ( .BOTH. , #6065 ) ;
#206 = PRESENTATION_LAYER_ASSIGNMENT (  '', '', ( #955 ) ) ;
#207 = CARTESIAN_POINT ( 'NONE',  ( 1.500000000000000000, 2.899999999999999467, 4.289999999999999147 ) ) ;
#208 = FILL_AREA_STYLE_COLOUR ( '', #2461 ) ;
#209 = FILL_AREA_STYLE_COLOUR ( '', #6676 ) ;
#210 = CARTESIAN_POINT ( 'NONE',  ( -1.349999999999999423, -1.750000000000000222, 5.500000000000000000 ) ) ;
#211 =( NAMED_UNIT ( * ) SI_UNIT ( $, .STERADIAN. ) SOLID_ANGLE_UNIT ( ) );
#212 = MECHANICAL_DESIGN_GEOMETRIC_PRESENTATION_REPRESENTATION (  '', ( #4058 ), #1346 ) ;
#213 = UNCERTAINTY_MEASURE_WITH_UNIT (LENGTH_MEASURE( 1.000000000000000082E-05 ), #1764, 'distance_accuracy_value', 'NONE');
#214 = DIRECTION ( 'NONE',  ( -0.0000000000000000000, -0.0000000000000000000, -1.000000000000000000 ) ) ;
#215 = EDGE_LOOP ( 'NONE', ( #672, #4527, #4887, #1420 ) ) ;
#216 = DIRECTION ( 'NONE',  ( -1.000000000000000000, -0.0000000000000000000, -0.0000000000000000000 ) ) ;
#217 = DIRECTION ( 'NONE',  ( -0.0000000000000000000, -1.000000000000000000, -0.0000000000000000000 ) ) ;
#218 = FACE_OUTER_BOUND ( 'NONE', #1233, .T. ) ;
#219 = SURFACE_SIDE_STYLE ('',( #307 ) ) ;
#220 = SURFACE_SIDE_STYLE ('',( #677 ) ) ;
#221 = ORIENTED_EDGE ( 'NONE', *, *, #7881, .F. ) ;
#222 = PRESENTATION_STYLE_ASSIGNMENT (( #8409 ) ) ;
#223 = COLOUR_RGB ( '',0.4313725490196078649, 0.3529411764705882026, 0.3725490196078431460 ) ;
#224 = ORIENTED_EDGE ( 'NONE', *, *, #4563, .F. ) ;
#225 = EDGE_CURVE ( 'NONE', #385, #4097, #8308, .T. ) ;
#226 = CARTESIAN_POINT ( 'NONE',  ( 0.8749999999999998890, 1.124999999999999778, 10.40000000000000213 ) ) ;
#227 = DIRECTION ( 'NONE',  ( 0.5078765015848255571, 0.0000000000000000000, -0.8614298921780917384 ) ) ;
#228 = CYLINDRICAL_SURFACE ( 'NONE', #2016, 0.07071067811865430763 ) ;
#229 = CARTESIAN_POINT ( 'NONE',  ( 4.065758146820641628E-17, 0.3206250158301560127, 0.2999999999999999889 ) ) ;
#230 = DIRECTION ( 'NONE',  ( 0.0000000000000000000, 1.000000000000000000, 0.0000000000000000000 ) ) ;
#231 = CARTESIAN_POINT ( 'NONE',  ( -2.485912291827597098, 1.700000000000000178, 0.2890877081724208542 ) ) ;
#232 = ORIENTED_EDGE ( 'NONE', *, *, #5759, .T. ) ;
#233 = DIRECTION ( 'NONE',  ( -0.0000000000000000000, 0.0000000000000000000, 1.000000000000000000 ) ) ;
#234 = AXIS2_PLACEMENT_3D ( 'NONE', #1488, #1543, #7615 ) ;
#235 = EDGE_CURVE ( 'NONE', #6666, #7648, #1474, .T. ) ;
#236 = EDGE_CURVE ( 'NONE', #2287, #2613, #1079, .T. ) ;
#237 = FILL_AREA_STYLE ('',( #3510 ) ) ;
#238 = ORIENTED_EDGE ( 'NONE', *, *, #5145, .T. ) ;
#239 = LINE ( 'NONE', #1701, #147 ) ;
#240 = PLANE ( 'NONE',  #5200 ) ;
#241 = EDGE_CURVE ( 'NONE', #3137, #7999, #4827, .T. ) ;
#242 = ORIENTED_EDGE ( 'NONE', *, *, #6078, .F. ) ;
#243 = SURFACE_STYLE_FILL_AREA ( #6691 ) ;
#244 = FILL_AREA_STYLE_COLOUR ( '', #4098 ) ;
#245 = CARTESIAN_POINT ( 'NONE',  ( -2.449999999999999289, 0.2999999999999999334, 0.3499999999999999778 ) ) ;
#246 = EDGE_CURVE ( 'NONE', #3422, #5240, #384, .T. ) ;
#247 = DIRECTION ( 'NONE',  ( -0.0000000000000000000, -1.000000000000000000, -0.0000000000000000000 ) ) ;
#248 = ADVANCED_FACE ( 'NONE', ( #8232 ), #824, .T. ) ;
#249 = DIRECTION ( 'NONE',  ( -0.2499999999999998057, -0.0000000000000000000, 0.9682458365518542553 ) ) ;
#250 = ORIENTED_EDGE ( 'NONE', *, *, #7360, .T. ) ;
#251 = CARTESIAN_POINT ( 'NONE',  ( -0.08199184692909733396, -0.1621569231539634892, 0.2999999999999999889 ) ) ;
#252 =( NAMED_UNIT ( * ) PLANE_ANGLE_UNIT ( ) SI_UNIT ( $, .RADIAN. ) );
#253 = PRESENTATION_LAYER_ASSIGNMENT (  '', '', ( #103 ) ) ;
#254 = PLANE ( 'NONE',  #3982 ) ;
#255 = MECHANICAL_DESIGN_GEOMETRIC_PRESENTATION_REPRESENTATION (  '', ( #7947 ), #2335 ) ;
#256 = DIRECTION ( 'NONE',  ( -1.000000000000000000, 0.0000000000000000000, 1.322197771323786684E-17 ) ) ;
#257 =( NAMED_UNIT ( * ) PLANE_ANGLE_UNIT ( ) SI_UNIT ( $, .RADIAN. ) );
#258 = FACE_OUTER_BOUND ( 'NONE', #5884, .T. ) ;
#259 = ORIENTED_EDGE ( 'NONE', *, *, #6890, .F. ) ;
#260 = SURFACE_STYLE_USAGE ( .BOTH. , #8198 ) ;
#261 =( NAMED_UNIT ( * ) PLANE_ANGLE_UNIT ( ) SI_UNIT ( $, .RADIAN. ) );
#262 = VECTOR ( 'NONE', #490, 1000.000000000000000 ) ;
#263 = PRESENTATION_LAYER_ASSIGNMENT (  '', '', ( #3535 ) ) ;
#264 = ORIENTED_EDGE ( 'NONE', *, *, #3757, .F. ) ;
#265 =( NAMED_UNIT ( * ) SI_UNIT ( $, .STERADIAN. ) SOLID_ANGLE_UNIT ( ) );
#266 = FILL_AREA_STYLE ('',( #209 ) ) ;
#267 = ORIENTED_EDGE ( 'NONE', *, *, #1384, .T. ) ;
#268 = PLANE ( 'NONE',  #2857 ) ;
#269 = VECTOR ( 'NONE', #1349, 1000.000000000000000 ) ;
#270 = EDGE_CURVE ( 'NONE', #1796, #7605, #1750, .T. ) ;
#271 = CARTESIAN_POINT ( 'NONE',  ( 2.899999999999999023, 2.900000000000000355, 4.290000000000000036 ) ) ;
#272 = PLANE ( 'NONE',  #4500 ) ;
#273 = EDGE_LOOP ( 'NONE', ( #2804, #7385, #6865, #3683 ) ) ;
#274 = ORIENTED_EDGE ( 'NONE', *, *, #5877, .F. ) ;
#275 = DIRECTION ( 'NONE',  ( -1.000000000000000000, -0.0000000000000000000, -0.0000000000000000000 ) ) ;
#276 = LINE ( 'NONE', #7590, #7092 ) ;
#277 = CARTESIAN_POINT ( 'NONE',  ( 0.9749999999999999778, 0.9999999999999991118, 8.650000000000000355 ) ) ;
#278 = ORIENTED_EDGE ( 'NONE', *, *, #508, .F. ) ;
#279 = FILL_AREA_STYLE_COLOUR ( '', #6812 ) ;
#280 = ORIENTED_EDGE ( 'NONE', *, *, #6254, .F. ) ;
#281 = COLOUR_RGB ( '',0.4313725490196078649, 0.3529411764705882026, 0.3725490196078431460 ) ;
#282 = AXIS2_PLACEMENT_3D ( 'NONE', #154, #107, #2796 ) ;
#283 = DIRECTION ( 'NONE',  ( 0.0000000000000000000, 0.0000000000000000000, -1.000000000000000000 ) ) ;
#284 = CARTESIAN_POINT ( 'NONE',  ( -0.02195121951219501308, 0.008429893878936361995, 0.2999999999999999889 ) ) ;
#285 =( LENGTH_UNIT ( ) NAMED_UNIT ( * ) SI_UNIT ( .MILLI., .METRE. ) );
#286 = EDGE_CURVE ( 'NONE', #174, #2620, #2311, .T. ) ;
#287 = CARTESIAN_POINT ( 'NONE',  ( -0.02195121951219507553, 0.3206250158301560127, 0.2999999999999999889 ) ) ;
#288 = ORIENTED_EDGE ( 'NONE', *, *, #7729, .F. ) ;
#289 =( LENGTH_UNIT ( ) NAMED_UNIT ( * ) SI_UNIT ( .MILLI., .METRE. ) );
#290 = FILL_AREA_STYLE_COLOUR ( '', #2934 ) ;
#291 = VERTEX_POINT ( 'NONE', #6249 ) ;
#292 = CARTESIAN_POINT ( 'NONE',  ( -2.449999999999999289, -2.299999999999999822, 0.3499999999999999778 ) ) ;
#293 = ORIENTED_EDGE ( 'NONE', *, *, #3978, .T. ) ;
#294 = SURFACE_STYLE_FILL_AREA ( #3792 ) ;
#295 = STYLED_ITEM ( 'NONE', ( #466 ), #4102 ) ;
#296 = FILL_AREA_STYLE ('',( #2809 ) ) ;
#297 = STYLED_ITEM ( 'NONE', ( #2446 ), #1214 ) ;
#298 = CARTESIAN_POINT ( 'NONE',  ( 4.535912291827596476, 1.700000000000000178, 0.2890877081724208542 ) ) ;
#299 = FILL_AREA_STYLE_COLOUR ( '', #1066 ) ;
#300 = DIRECTION ( 'NONE',  ( 0.0000000000000000000, -0.0000000000000000000, -1.000000000000000000 ) ) ;
#301 = ORIENTED_EDGE ( 'NONE', *, *, #7650, .F. ) ;
#302 = EDGE_CURVE ( 'NONE', #6142, #2454, #859, .T. ) ;
#303 = SURFACE_STYLE_USAGE ( .BOTH. , #220 ) ;
#304 = CARTESIAN_POINT ( 'NONE',  ( -0.1999999999999999001, 0.01330794265942438284, 0.2999999999999999889 ) ) ;
#305 = CARTESIAN_POINT ( 'NONE',  ( 0.0000000000000000000, 0.01818599143991208450, 0.3099999999999999978 ) ) ;
#306 = ORIENTED_EDGE ( 'NONE', *, *, #5511, .T. ) ;
#307 = SURFACE_STYLE_FILL_AREA ( #5468 ) ;
#308 = CARTESIAN_POINT ( 'NONE',  ( -0.1999999999999999001, 0.01330794265942436376, 0.3099999999999999978 ) ) ;
#309 = MECHANICAL_DESIGN_GEOMETRIC_PRESENTATION_REPRESENTATION (  '', ( #1439 ), #464 ) ;
#310 = CARTESIAN_POINT ( 'NONE',  ( 2.485912291827597098, 1.700000000000000178, 0.2890877081724208542 ) ) ;
#311 = UNCERTAINTY_MEASURE_WITH_UNIT (LENGTH_MEASURE( 1.000000000000000082E-05 ), #1364, 'distance_accuracy_value', 'NONE');
#312 = ORIENTED_EDGE ( 'NONE', *, *, #4532, .F. ) ;
#313 = VERTEX_POINT ( 'NONE', #4179 ) ;
#314 = CARTESIAN_POINT ( 'NONE',  ( 0.8749999999999982236, 1.224999999999999645, 8.650000000000000355 ) ) ;
#315 = CARTESIAN_POINT ( 'NONE',  ( 2.799999999999999378, 3.000000000000000000, 0.2999999999999999889 ) ) ;
#316 = PRESENTATION_LAYER_ASSIGNMENT (  '', '', ( #5541 ) ) ;
#317 = PRESENTATION_LAYER_ASSIGNMENT (  '', '', ( #3948 ) ) ;
#318 = CARTESIAN_POINT ( 'NONE',  ( 2.485912291827595766, 2.299999999999999822, 0.2890877081724212982 ) ) ;
#319 = ADVANCED_FACE ( 'NONE', ( #339 ), #2936, .T. ) ;
#320 = DIRECTION ( 'NONE',  ( -0.0000000000000000000, -0.0000000000000000000, -1.000000000000000000 ) ) ;
#321 = VERTEX_POINT ( 'NONE', #7545 ) ;
#322 = DIRECTION ( 'NONE',  ( 8.673617379884072943E-16, 1.000000000000000000, -0.0000000000000000000 ) ) ;
#323 = DIRECTION ( 'NONE',  ( 1.000000000000000000, 0.0000000000000000000, 0.0000000000000000000 ) ) ;
#324 = DIRECTION ( 'NONE',  ( 1.000000000000000000, 0.0000000000000000000, 1.322197771323786684E-17 ) ) ;
#325 = SURFACE_STYLE_USAGE ( .BOTH. , #7573 ) ;
#326 = SURFACE_STYLE_FILL_AREA ( #1151 ) ;
#327 = DIRECTION ( 'NONE',  ( -0.2499999999999998057, -0.0000000000000000000, 0.9682458365518542553 ) ) ;
#328 = ORIENTED_EDGE ( 'NONE', *, *, #2479, .F. ) ;
#329 = B_SPLINE_CURVE_WITH_KNOTS ( 'NONE', 3,
 ( #5732, #5043, #3627, #4988, #7569 ),
 .UNSPECIFIED., .F., .F.,
 ( 4, 1, 4 ),
 ( 0.0000000000000000000, 0.5000000000000004441, 0.9999819543036871927 ),
 .UNSPECIFIED. ) ;
#330 = EDGE_CURVE ( 'NONE', #2252, #8314, #1434, .T. ) ;
#331 = COLOUR_RGB ( '',0.7764705882352941346, 0.7568627450980391913, 0.7372549019607843590 ) ;
#332 = ORIENTED_EDGE ( 'NONE', *, *, #5719, .T. ) ;
#333 = CARTESIAN_POINT ( 'NONE',  ( -1.449999999999999512, -1.750000000000000222, 5.500000000000000000 ) ) ;
#334 = CARTESIAN_POINT ( 'NONE',  ( -1.449999999999999956, 1.649999999999999689, 5.500000000000000000 ) ) ;
#335 = SURFACE_STYLE_USAGE ( .BOTH. , #1036 ) ;
#336 = CARTESIAN_POINT ( 'NONE',  ( 2.800000000000000266, -2.900000000000000799, 4.290000000000000036 ) ) ;
#337 = DIRECTION ( 'NONE',  ( 0.0000000000000000000, 0.0000000000000000000, 1.000000000000000000 ) ) ;
#338 = PLANE ( 'NONE',  #130 ) ;
#339 = FACE_OUTER_BOUND ( 'NONE', #8006, .T. ) ;
#340 = PLANE ( 'NONE',  #5306 ) ;
#341 = ORIENTED_EDGE ( 'NONE', *, *, #152, .F. ) ;
#342 = MECHANICAL_DESIGN_GEOMETRIC_PRESENTATION_REPRESENTATION (  '', ( #6103 ), #6558 ) ;
#343 = EDGE_CURVE ( 'NONE', #5699, #4323, #1028, .T. ) ;
#344 = PRESENTATION_STYLE_ASSIGNMENT (( #3017 ) ) ;
#345 = MECHANICAL_DESIGN_GEOMETRIC_PRESENTATION_REPRESENTATION (  '', ( #1934 ), #3459 ) ;
#346 = CARTESIAN_POINT ( 'NONE',  ( -1.499999999999999778, 2.750000000000000444, 0.5000000000000000000 ) ) ;
#347 = MECHANICAL_DESIGN_GEOMETRIC_PRESENTATION_REPRESENTATION (  '', ( #4635 ), #7885 ) ;
#348 = PRESENTATION_STYLE_ASSIGNMENT (( #4176 ) ) ;
#349 = EDGE_LOOP ( 'NONE', ( #973, #3817, #8296, #3181 ) ) ;
#350 = PLANE ( 'NONE',  #7566 ) ;
#351 = SURFACE_STYLE_USAGE ( .BOTH. , #1022 ) ;
#352 = VECTOR ( 'NONE', #214, 1000.000000000000000 ) ;
#353 =( NAMED_UNIT ( * ) SI_UNIT ( $, .STERADIAN. ) SOLID_ANGLE_UNIT ( ) );
#354 = AXIS2_PLACEMENT_3D ( 'NONE', #4337, #3638, #8473 ) ;
#355 = ORIENTED_EDGE ( 'NONE', *, *, #8168, .T. ) ;
#356 = ORIENTED_EDGE ( 'NONE', *, *, #2095, .T. ) ;
#357 = CIRCLE ( 'NONE', #7610, 0.3535533905932732313 ) ;
#358 = COLOUR_RGB ( '',0.4313725490196078649, 0.3529411764705882026, 0.3725490196078431460 ) ;
#359 = DIRECTION ( 'NONE',  ( -0.0000000000000000000, -1.000000000000000000, -0.0000000000000000000 ) ) ;
#360 = DIRECTION ( 'NONE',  ( 8.673617379884073929E-16, -1.000000000000000000, 0.0000000000000000000 ) ) ;
#361 = CARTESIAN_POINT ( 'NONE',  ( -0.02195121951219507553, 0.3206250158301560127, 0.2999999999999999889 ) ) ;
#362 = CARTESIAN_POINT ( 'NONE',  ( -0.1780487804878048141, 0.07631607274072518821, 0.2999999999999999889 ) ) ;
#363 = CARTESIAN_POINT ( 'NONE',  ( -0.02804878048780499664, -0.3473056244137465720, 0.3099999999999999978 ) ) ;
#364 = EDGE_LOOP ( 'NONE', ( #6868, #6593, #7409, #7112, #7468, #1492, #4970, #71 ) ) ;
#365 = LINE ( 'NONE', #2383, #5259 ) ;
#366 = MECHANICAL_DESIGN_GEOMETRIC_PRESENTATION_REPRESENTATION (  '', ( #5696 ), #7015 ) ;
#367 = LINE ( 'NONE', #7701, #5462 ) ;
#368 = PRESENTATION_LAYER_ASSIGNMENT (  '', '', ( #7129 ) ) ;
#369 = CARTESIAN_POINT ( 'NONE',  ( -0.01951219512195112582, 0.2061051987569851585, 0.2999999999999999889 ) ) ;
#370 = ORIENTED_EDGE ( 'NONE', *, *, #840, .F. ) ;
#371 = CYLINDRICAL_SURFACE ( 'NONE', #5183, 0.07071067811864449604 ) ;
#372 = CARTESIAN_POINT ( 'NONE',  ( 4.535912291827594700, -0.2999999999999999334, 0.2890877081724139153 ) ) ;
#373 = VERTEX_POINT ( 'NONE', #8217 ) ;
#374 = FACE_OUTER_BOUND ( 'NONE', #1706, .T. ) ;
#375 = EDGE_CURVE ( 'NONE', #4599, #1243, #3980, .T. ) ;
#376 = LINE ( 'NONE', #1385, #4739 ) ;
#377 = CARTESIAN_POINT ( 'NONE',  ( 4.464997744407326938E-14, -0.03965826669014601430, 0.2999999999999999889 ) ) ;
#378 = DIRECTION ( 'NONE',  ( -0.8765507127426052092, 0.4813095137127779144, 0.0000000000000000000 ) ) ;
#379 = EDGE_CURVE ( 'NONE', #5141, #5324, #1682, .T. ) ;
#380 = DIRECTION ( 'NONE',  ( -0.9466707760722528064, -0.3222024856061149189, 0.0000000000000000000 ) ) ;
#381 = VERTEX_POINT ( 'NONE', #978 ) ;
#382 = LINE ( 'NONE', #606, #8349 ) ;
#383 = DIRECTION ( 'NONE',  ( 1.000000000000000000, -0.0000000000000000000, -0.0000000000000000000 ) ) ;
#384 = B_SPLINE_CURVE_WITH_KNOTS ( 'NONE', 3,
 ( #2078, #3435, #8045, #99, #2783 ),
 .UNSPECIFIED., .F., .F.,
 ( 4, 1, 4 ),
 ( 0.0000000000000000000, 0.4449600237146502102, 0.9999966555478159158 ),
 .UNSPECIFIED. ) ;
#385 = VERTEX_POINT ( 'NONE', #4270 ) ;
#386 =( NAMED_UNIT ( * ) SI_UNIT ( $, .STERADIAN. ) SOLID_ANGLE_UNIT ( ) );
#387 = ORIENTED_EDGE ( 'NONE', *, *, #4233, .T. ) ;
#388 = DIRECTION ( 'NONE',  ( 1.000000000000000000, 0.0000000000000000000, 1.322197771323786684E-17 ) ) ;
#389 = EDGE_CURVE ( 'NONE', #313, #4611, #5714, .T. ) ;
#390 = DIRECTION ( 'NONE',  ( 1.000000000000000000, 0.0000000000000000000, 0.0000000000000000000 ) ) ;
#391 = FACE_OUTER_BOUND ( 'NONE', #6955, .T. ) ;
#392 = SURFACE_STYLE_USAGE ( .BOTH. , #5283 ) ;
#393 = EDGE_CURVE ( 'NONE', #1243, #5711, #3754, .T. ) ;
#394 = VERTEX_POINT ( 'NONE', #5629 ) ;
#395 = ADVANCED_FACE ( 'NONE', ( #646 ), #6936, .T. ) ;
#396 = ORIENTED_EDGE ( 'NONE', *, *, #3944, .F. ) ;
#397 = PLANE ( 'NONE',  #6537 ) ;
#398 = CARTESIAN_POINT ( 'NONE',  ( 4.150912291827595801, -0.2999999999999999334, -0.001386042793148666626 ) ) ;
#399 = VECTOR ( 'NONE', #2976, 1000.000000000000000 ) ;
#400 = LINE ( 'NONE', #7494, #6912 ) ;
#401 = ADVANCED_FACE ( 'NONE', ( #7763 ), #2631, .T. ) ;
#402 = PRESENTATION_LAYER_ASSIGNMENT (  '', '', ( #2053 ) ) ;
#403 =( LENGTH_UNIT ( ) NAMED_UNIT ( * ) SI_UNIT ( .MILLI., .METRE. ) );
#404 = STYLED_ITEM ( 'NONE', ( #3493 ), #953 ) ;
#405 = UNCERTAINTY_MEASURE_WITH_UNIT (LENGTH_MEASURE( 1.000000000000000082E-05 ), #5760, 'distance_accuracy_value', 'NONE');
#406 = DIRECTION ( 'NONE',  ( -0.0000000000000000000, -0.0000000000000000000, 1.000000000000000000 ) ) ;
#407 = SURFACE_STYLE_USAGE ( .BOTH. , #7812 ) ;
#408 = EDGE_CURVE ( 'NONE', #4573, #3949, #4875, .T. ) ;
#409 = ORIENTED_EDGE ( 'NONE', *, *, #4834, .T. ) ;
#410 =( GEOMETRIC_REPRESENTATION_CONTEXT ( 3 ) GLOBAL_UNCERTAINTY_ASSIGNED_CONTEXT ( ( #1419 ) ) GLOBAL_UNIT_ASSIGNED_CONTEXT ( ( #5640, #4193, #4343 ) ) REPRESENTATION_CONTEXT ( 'NONE', 'WORKASPACE' ) );
#411 = CARTESIAN_POINT ( 'NONE',  ( 1.350000000000000311, -1.650000000000000355, 7.799999999999999822 ) ) ;
#412 = PRESENTATION_STYLE_ASSIGNMENT (( #6631 ) ) ;
#413 = FILL_AREA_STYLE ('',( #6316 ) ) ;
#414 = ORIENTED_EDGE ( 'NONE', *, *, #4491, .T. ) ;
#415 = CARTESIAN_POINT ( 'NONE',  ( 0.9750000000000001998, -1.125000000000000444, 10.50000000000000000 ) ) ;
#416 = ORIENTED_EDGE ( 'NONE', *, *, #1971, .F. ) ;
#417 = CARTESIAN_POINT ( 'NONE',  ( -0.1780487804878048419, 0.0000000000000000000, 0.3099999999999999978 ) ) ;
#418 = PRODUCT ( 'SW-SMD_TK-6580S-2', 'SW-SMD_TK-6580S-2', '', ( #1594 ) ) ;
#419 = PRESENTATION_STYLE_ASSIGNMENT (( #1745 ) ) ;
#420 = EDGE_CURVE ( 'NONE', #5820, #7101, #1250, .T. ) ;
#421 = ORIENTED_EDGE ( 'NONE', *, *, #2434, .T. ) ;
#422 = FACE_OUTER_BOUND ( 'NONE', #3447, .T. ) ;
#423 = VERTEX_POINT ( 'NONE', #7000 ) ;
#424 =( GEOMETRIC_REPRESENTATION_CONTEXT ( 3 ) GLOBAL_UNCERTAINTY_ASSIGNED_CONTEXT ( ( #6063 ) ) GLOBAL_UNIT_ASSIGNED_CONTEXT ( ( #3282, #7891, #3959 ) ) REPRESENTATION_CONTEXT ( 'NONE', 'WORKASPACE' ) );
#425 = EDGE_CURVE ( 'NONE', #6792, #8498, #2727, .T. ) ;
#426 = SURFACE_STYLE_USAGE ( .BOTH. , #5162 ) ;
#427 = LINE ( 'NONE', #7550, #8511 ) ;
#428 =( NAMED_UNIT ( * ) PLANE_ANGLE_UNIT ( ) SI_UNIT ( $, .RADIAN. ) );
#429 = CARTESIAN_POINT ( 'NONE',  ( 0.8749999999999998890, 1.124999999999999778, 10.40000000000000213 ) ) ;
#430 = ORIENTED_EDGE ( 'NONE', *, *, #487, .F. ) ;
#431 = DIRECTION ( 'NONE',  ( 0.0000000000000000000, -0.0000000000000000000, -1.000000000000000000 ) ) ;
#432 = CARTESIAN_POINT ( 'NONE',  ( 0.8749999999999998890, 1.224999999999999645, 10.50000000000000000 ) ) ;
#433 = UNCERTAINTY_MEASURE_WITH_UNIT (LENGTH_MEASURE( 1.000000000000000082E-05 ), #7012, 'distance_accuracy_value', 'NONE');
#434 = AXIS2_PLACEMENT_3D ( 'NONE', #3639, #3199, #984 ) ;
#435 = EDGE_CURVE ( 'NONE', #5647, #4412, #6746, .T. ) ;
#436 = B_SPLINE_CURVE_WITH_KNOTS ( 'NONE', 3,
 ( #2790, #4861, #6148, #6817, #181 ),
 .UNSPECIFIED., .F., .F.,
 ( 4, 1, 4 ),
 ( 0.0000000000000000000, 0.4999999999999999445, 0.9999999999999998890 ),
 .UNSPECIFIED. ) ;
#437 = EDGE_CURVE ( 'NONE', #3388, #3644, #7941, .T. ) ;
#438 = SURFACE_STYLE_FILL_AREA ( #4319 ) ;
#439 = DIRECTION ( 'NONE',  ( -1.000000000000000000, 0.0000000000000000000, 0.0000000000000000000 ) ) ;
#440 = VECTOR ( 'NONE', #6074, 1000.000000000000000 ) ;
#441 = ORIENTED_EDGE ( 'NONE', *, *, #5594, .T. ) ;
#442 = CARTESIAN_POINT ( 'NONE',  ( 2.034017743893765662, 1.116868741266024312, 4.289999999999999147 ) ) ;
#443 = CARTESIAN_POINT ( 'NONE',  ( -0.03231707317073160418, 0.1547713572935704718, 0.2999999999999999889 ) ) ;
#444 = ADVANCED_FACE ( 'NONE', ( #7982 ), #8394, .F. ) ;
#445 =( NAMED_UNIT ( * ) SI_UNIT ( $, .STERADIAN. ) SOLID_ANGLE_UNIT ( ) );
#446 = ADVANCED_FACE ( 'NONE', ( #8080 ), #8423, .F. ) ;
#447 = EDGE_LOOP ( 'NONE', ( #8149, #6967, #4743, #7054, #4375, #4940 ) ) ;
#448 = AXIS2_PLACEMENT_3D ( 'NONE', #2377, #8431, #496 ) ;
#449 = EDGE_LOOP ( 'NONE', ( #3873, #7078, #1799, #4801 ) ) ;
#450 =( NAMED_UNIT ( * ) PLANE_ANGLE_UNIT ( ) SI_UNIT ( $, .RADIAN. ) );
#451 = AXIS2_PLACEMENT_3D ( 'NONE', #2249, #8248, #6277 ) ;
#452 = VECTOR ( 'NONE', #6425, 1000.000000000000000 ) ;
#453 = LINE ( 'NONE', #6858, #1671 ) ;
#454 =( NAMED_UNIT ( * ) SI_UNIT ( $, .STERADIAN. ) SOLID_ANGLE_UNIT ( ) );
#455 = VERTEX_POINT ( 'NONE', #2614 ) ;
#456 =( NAMED_UNIT ( * ) PLANE_ANGLE_UNIT ( ) SI_UNIT ( $, .RADIAN. ) );
#457 = SURFACE_SIDE_STYLE ('',( #61 ) ) ;
#458 = FACE_OUTER_BOUND ( 'NONE', #6903, .T. ) ;
#459 = COLOUR_RGB ( '',0.7764705882352941346, 0.7568627450980391913, 0.7372549019607843590 ) ;
#460 = CARTESIAN_POINT ( 'NONE',  ( 2.799999999999998934, 3.000000000000000000, 5.399999999999999467 ) ) ;
#461 = DIRECTION ( 'NONE',  ( 0.0000000000000000000, -1.000000000000000000, 0.0000000000000000000 ) ) ;
#462 = UNCERTAINTY_MEASURE_WITH_UNIT (LENGTH_MEASURE( 1.000000000000000082E-05 ), #7113, 'distance_accuracy_value', 'NONE');
#463 = AXIS2_PLACEMENT_3D ( 'NONE', #6800, #7452, #5539 ) ;
#464 =( GEOMETRIC_REPRESENTATION_CONTEXT ( 3 ) GLOBAL_UNCERTAINTY_ASSIGNED_CONTEXT ( ( #462 ) ) GLOBAL_UNIT_ASSIGNED_CONTEXT ( ( #7113, #511, #6483 ) ) REPRESENTATION_CONTEXT ( 'NONE', 'WORKASPACE' ) );
#465 = EDGE_LOOP ( 'NONE', ( #2802, #7205, #1253, #5616 ) ) ;
#466 = PRESENTATION_STYLE_ASSIGNMENT (( #3658 ) ) ;
#467 = CARTESIAN_POINT ( 'NONE',  ( 1.000000000000000000, -1.550000000000000266, 7.799999999999999822 ) ) ;
#468 = ORIENTED_EDGE ( 'NONE', *, *, #3067, .T. ) ;
#469 = DIRECTION ( 'NONE',  ( 0.0000000000000000000, 0.0000000000000000000, 1.000000000000000000 ) ) ;
#470 = CARTESIAN_POINT ( 'NONE',  ( -2.485912291827595322, 0.2999999999999999334, 0.2890877081724139708 ) ) ;
#471 = SURFACE_SIDE_STYLE ('',( #7659 ) ) ;
#472 = CARTESIAN_POINT ( 'NONE',  ( -0.02003104241248938530, 0.1960236414910241920, 0.2999999999999999889 ) ) ;
#473 = CARTESIAN_POINT ( 'NONE',  ( 1.500000000000000000, 2.899999999999999467, 4.289999999999999147 ) ) ;
#474 = CARTESIAN_POINT ( 'NONE',  ( -2.400000000000006128, 0.2999999999999999334, 0.3000000000000002665 ) ) ;
#475 = CIRCLE ( 'NONE', #2362, 0.07071067811864921449 ) ;
#476 = B_SPLINE_CURVE_WITH_KNOTS ( 'NONE', 3,
 ( #6393, #7716, #7808, #8387, #3840 ),
 .UNSPECIFIED., .F., .F.,
 ( 4, 1, 4 ),
 ( 0.0000000000000000000, 0.5000000000000000000, 1.000000000000000000 ),
 .UNSPECIFIED. ) ;
#477 = PRESENTATION_LAYER_ASSIGNMENT (  '', '', ( #6133 ) ) ;
#478 = ORIENTED_EDGE ( 'NONE', *, *, #7803, .F. ) ;
#479 =( GEOMETRIC_REPRESENTATION_CONTEXT ( 3 ) GLOBAL_UNCERTAINTY_ASSIGNED_CONTEXT ( ( #6354 ) ) GLOBAL_UNIT_ASSIGNED_CONTEXT ( ( #6804, #7457, #5493 ) ) REPRESENTATION_CONTEXT ( 'NONE', 'WORKASPACE' ) );
#480 = CARTESIAN_POINT ( 'NONE',  ( 4.535912291827596476, 1.700000000000000178, 0.2890877081724208542 ) ) ;
#481 = PRESENTATION_STYLE_ASSIGNMENT (( #3477 ) ) ;
#482 = ORIENTED_EDGE ( 'NONE', *, *, #5191, .F. ) ;
#483 = LINE ( 'NONE', #3820, #7627 ) ;
#484 = ADVANCED_FACE ( 'NONE', ( #4493 ), #5799, .F. ) ;
#485 = PLANE ( 'NONE',  #2711 ) ;
#486 = CARTESIAN_POINT ( 'NONE',  ( -2.400000000000013234, 2.299999999999999822, 0.3000000000000001554 ) ) ;
#487 = EDGE_CURVE ( 'NONE', #6901, #1071, #7663, .T. ) ;
#488 = ADVANCED_FACE ( 'NONE', ( #640 ), #6519, .F. ) ;
#489 = SURFACE_STYLE_USAGE ( .BOTH. , #6551 ) ;
#490 = DIRECTION ( 'NONE',  ( 0.0000000000000000000, 0.0000000000000000000, -1.000000000000000000 ) ) ;
#491 = SPHERICAL_SURFACE ( 'NONE', #8467, 0.1000000000000000056 ) ;
#492 = CARTESIAN_POINT ( 'NONE',  ( 1.500000000000000000, -2.899999999999999467, 4.289999999999999147 ) ) ;
#493 = ORIENTED_EDGE ( 'NONE', *, *, #749, .F. ) ;
#494 = ORIENTED_EDGE ( 'NONE', *, *, #6016, .F. ) ;
#495 = SURFACE_STYLE_FILL_AREA ( #6338 ) ;
#496 = DIRECTION ( 'NONE',  ( 1.000000000000000000, 0.0000000000000000000, 0.0000000000000000000 ) ) ;
#497 = EDGE_CURVE ( 'NONE', #5057, #2817, #2718, .T. ) ;
#498 = FACE_OUTER_BOUND ( 'NONE', #6094, .T. ) ;
#499 =( NAMED_UNIT ( * ) SI_UNIT ( $, .STERADIAN. ) SOLID_ANGLE_UNIT ( ) );
#500 = ORIENTED_EDGE ( 'NONE', *, *, #2057, .T. ) ;
#501 = EDGE_CURVE ( 'NONE', #571, #8314, #6025, .T. ) ;
#502 = DIRECTION ( 'NONE',  ( -1.000000000000000000, -2.168404344971009115E-16, 0.0000000000000000000 ) ) ;
#503 = LINE ( 'NONE', #7777, #7855 ) ;
#504 = DIRECTION ( 'NONE',  ( -1.322197771323786684E-17, -0.0000000000000000000, 1.000000000000000000 ) ) ;
#505 = AXIS2_PLACEMENT_3D ( 'NONE', #6634, #5994, #3348 ) ;
#506 = VERTEX_POINT ( 'NONE', #5881 ) ;
#507 = FACE_OUTER_BOUND ( 'NONE', #3698, .T. ) ;
#508 = EDGE_CURVE ( 'NONE', #3089, #5662, #1138, .T. ) ;
#509 = FACE_OUTER_BOUND ( 'NONE', #5407, .T. ) ;
#510 = UNCERTAINTY_MEASURE_WITH_UNIT (LENGTH_MEASURE( 1.000000000000000082E-05 ), #8513, 'distance_accuracy_value', 'NONE');
#511 =( NAMED_UNIT ( * ) PLANE_ANGLE_UNIT ( ) SI_UNIT ( $, .RADIAN. ) );
#512 = STYLED_ITEM ( 'NONE', ( #769 ), #4589 ) ;
#513 =( NAMED_UNIT ( * ) PLANE_ANGLE_UNIT ( ) SI_UNIT ( $, .RADIAN. ) );
#514 = FILL_AREA_STYLE_COLOUR ( '', #1348 ) ;
#515 = ORIENTED_EDGE ( 'NONE', *, *, #8027, .T. ) ;
#516 = VECTOR ( 'NONE', #3361, 1000.000000000000000 ) ;
#517 = PRESENTATION_LAYER_ASSIGNMENT (  '', '', ( #2467 ) ) ;
#518 = ORIENTED_EDGE ( 'NONE', *, *, #4463, .T. ) ;
#519 = CARTESIAN_POINT ( 'NONE',  ( -0.1729538598830813734, -0.2939153961633196310, 0.3099999999999999978 ) ) ;
#520 = SURFACE_STYLE_USAGE ( .BOTH. , #5908 ) ;
#521 = COLOUR_RGB ( '',0.4313725490196078649, 0.3529411764705882026, 0.3725490196078431460 ) ;
#522 = DIRECTION ( 'NONE',  ( -0.0000000000000000000, -0.0000000000000000000, -1.000000000000000000 ) ) ;
#523 = DIRECTION ( 'NONE',  ( 0.0000000000000000000, 0.0000000000000000000, 1.000000000000000000 ) ) ;
#524 = SURFACE_STYLE_FILL_AREA ( #1412 ) ;
#525 = EDGE_CURVE ( 'NONE', #4379, #2145, #6371, .T. ) ;
#526 = ORIENTED_EDGE ( 'NONE', *, *, #1771, .F. ) ;
#527 = DIRECTION ( 'NONE',  ( -0.0000000000000000000, -0.0000000000000000000, -1.000000000000000000 ) ) ;
#528 = AXIS2_PLACEMENT_3D ( 'NONE', #3984, #5954, #4667 ) ;
#529 = LINE ( 'NONE', #988, #1958 ) ;
#530 = SURFACE_SIDE_STYLE ('',( #2374 ) ) ;
#531 = PRESENTATION_LAYER_ASSIGNMENT (  '', '', ( #8239 ) ) ;
#532 = DIRECTION ( 'NONE',  ( -0.0000000000000000000, -1.000000000000000000, 0.0000000000000000000 ) ) ;
#533 = ADVANCED_FACE ( 'NONE', ( #7985 ), #4150, .T. ) ;
#534 = FILL_AREA_STYLE ('',( #5124 ) ) ;
#535 = ORIENTED_EDGE ( 'NONE', *, *, #1402, .F. ) ;
#536 = ORIENTED_EDGE ( 'NONE', *, *, #3527, .T. ) ;
#537 = FILL_AREA_STYLE ('',( #570 ) ) ;
#538 = CYLINDRICAL_SURFACE ( 'NONE', #7291, 0.1000000000000000472 ) ;
#539 =( LENGTH_UNIT ( ) NAMED_UNIT ( * ) SI_UNIT ( .MILLI., .METRE. ) );
#540 = DIRECTION ( 'NONE',  ( -1.000000000000000000, 0.0000000000000000000, 1.322197771323786684E-17 ) ) ;
#541 = EDGE_CURVE ( 'NONE', #3949, #2287, #7762, .T. ) ;
#542 = SURFACE_SIDE_STYLE ('',( #7416 ) ) ;
#543 = CARTESIAN_POINT ( 'NONE',  ( -0.05609756097560978511, 0.0000000000000000000, 0.3099999999999999978 ) ) ;
#544 = VECTOR ( 'NONE', #5648, 1000.000000000000000 ) ;
#545 = EDGE_LOOP ( 'NONE', ( #5563, #7481, #1897, #4998 ) ) ;
#546 = CARTESIAN_POINT ( 'NONE',  ( 4.743384504624081899E-17, 0.0000000000000000000, 0.3099999999999999978 ) ) ;
#547 = EDGE_LOOP ( 'NONE', ( #6796, #264, #944, #3051 ) ) ;
#548 = UNCERTAINTY_MEASURE_WITH_UNIT (LENGTH_MEASURE( 1.000000000000000082E-05 ), #1552, 'distance_accuracy_value', 'NONE');
#549 =( LENGTH_UNIT ( ) NAMED_UNIT ( * ) SI_UNIT ( .MILLI., .METRE. ) );
#550 = CARTESIAN_POINT ( 'NONE',  ( -0.1804878048780486632, 0.2016082475374730842, 0.3099999999999999978 ) ) ;
#551 = VECTOR ( 'NONE', #2402, 1000.000000000000000 ) ;
#552 = CARTESIAN_POINT ( 'NONE',  ( 0.8750000000000001110, -1.125000000000000444, 10.50000000000000000 ) ) ;
#553 = DIRECTION ( 'NONE',  ( 1.000000000000000000, 0.0000000000000000000, -1.322197771323786684E-17 ) ) ;
#554 = CARTESIAN_POINT ( 'NONE',  ( -4.535912291827592924, -1.700000000000000178, 0.2890877081724074205 ) ) ;
#555 = ORIENTED_EDGE ( 'NONE', *, *, #4978, .F. ) ;
#556 = AXIS2_PLACEMENT_3D ( 'NONE', #3224, #7260, #1223 ) ;
#557 = ORIENTED_EDGE ( 'NONE', *, *, #3499, .T. ) ;
#558 = EDGE_CURVE ( 'NONE', #6278, #2879, #6427, .T. ) ;
#559 = UNCERTAINTY_MEASURE_WITH_UNIT (LENGTH_MEASURE( 1.000000000000000082E-05 ), #4067, 'distance_accuracy_value', 'NONE');
#560 = FACE_OUTER_BOUND ( 'NONE', #2944, .T. ) ;
#561 = FILL_AREA_STYLE ('',( #3296 ) ) ;
#562 = CARTESIAN_POINT ( 'NONE',  ( 0.002439024390243987005, 0.2098018450984485972, 0.3099999999999999978 ) ) ;
#563 = SURFACE_SIDE_STYLE ('',( #3431 ) ) ;
#564 = FACE_OUTER_BOUND ( 'NONE', #4477, .T. ) ;
#565 = FILL_AREA_STYLE ('',( #8404 ) ) ;
#566 = SURFACE_STYLE_USAGE ( .BOTH. , #4526 ) ;
#567 = VERTEX_POINT ( 'NONE', #1463 ) ;
#568 = FACE_OUTER_BOUND ( 'NONE', #1636, .T. ) ;
#569 = FACE_OUTER_BOUND ( 'NONE', #7174, .T. ) ;
#570 = FILL_AREA_STYLE_COLOUR ( '', #2093 ) ;
#571 = VERTEX_POINT ( 'NONE', #210 ) ;
#572 = FILL_AREA_STYLE ('',( #1820 ) ) ;
#573 = AXIS2_PLACEMENT_3D ( 'NONE', #3618, #8233, #2894 ) ;
#574 = CARTESIAN_POINT ( 'NONE',  ( -0.2000000000000000666, -0.2862859096337942444, 0.2999999999999999889 ) ) ;
#575 = VERTEX_POINT ( 'NONE', #314 ) ;
#576 = DIRECTION ( 'NONE',  ( 0.0000000000000000000, 0.0000000000000000000, 1.000000000000000000 ) ) ;
#577 = CARTESIAN_POINT ( 'NONE',  ( -0.1262254626005293590, -0.1593815317531518116, 0.2999999999999999889 ) ) ;
#578 = UNCERTAINTY_MEASURE_WITH_UNIT (LENGTH_MEASURE( 1.000000000000000082E-05 ), #5327, 'distance_accuracy_value', 'NONE');
#579 = ADVANCED_FACE ( 'NONE', ( #4475 ), #186, .F. ) ;
#580 = CARTESIAN_POINT ( 'NONE',  ( -0.1666666666666668517, -0.3216514069340716819, 0.2999999999999999889 ) ) ;
#581 = EDGE_CURVE ( 'NONE', #5148, #1005, #3667, .T. ) ;
#582 = ADVANCED_FACE ( 'NONE', ( #2704 ), #3715, .F. ) ;
#583 = ORIENTED_EDGE ( 'NONE', *, *, #6339, .T. ) ;
#584 = COLOUR_RGB ( '',0.7764705882352941346, 0.7568627450980391913, 0.7372549019607843590 ) ;
#585 = CARTESIAN_POINT ( 'NONE',  ( -2.100000000000006750, -0.2999999999999999334, 0.2999999999999999889 ) ) ;
#586 = VECTOR ( 'NONE', #8494, 1000.000000000000000 ) ;
#587 = DIRECTION ( 'NONE',  ( -0.0000000000000000000, 0.0000000000000000000, 1.000000000000000000 ) ) ;
#588 = ORIENTED_EDGE ( 'NONE', *, *, #581, .F. ) ;
#589 = CARTESIAN_POINT ( 'NONE',  ( -2.485912291827593990, -0.2999999999999999334, 0.2890877081724148034 ) ) ;
#590 = PRESENTATION_LAYER_ASSIGNMENT (  '', '', ( #5637 ) ) ;
#591 = DIRECTION ( 'NONE',  ( -0.0000000000000000000, -1.000000000000000000, -0.0000000000000000000 ) ) ;
#592 =( GEOMETRIC_REPRESENTATION_CONTEXT ( 3 ) GLOBAL_UNCERTAINTY_ASSIGNED_CONTEXT ( ( #2758 ) ) GLOBAL_UNIT_ASSIGNED_CONTEXT ( ( #5290, #7298, #6613 ) ) REPRESENTATION_CONTEXT ( 'NONE', 'WORKASPACE' ) );
#593 =( NAMED_UNIT ( * ) SI_UNIT ( $, .STERADIAN. ) SOLID_ANGLE_UNIT ( ) );
#594 = VECTOR ( 'NONE', #7134, 1000.000000000000000 ) ;
#595 =( NAMED_UNIT ( * ) PLANE_ANGLE_UNIT ( ) SI_UNIT ( $, .RADIAN. ) );
#596 = ORIENTED_EDGE ( 'NONE', *, *, #7759, .F. ) ;
#597 = DIRECTION ( 'NONE',  ( 1.000000000000000000, 0.0000000000000000000, 0.0000000000000000000 ) ) ;
#598 = CARTESIAN_POINT ( 'NONE',  ( -0.07237685117584907735, 0.3003277933331639504, 0.2999999999999999889 ) ) ;
#599 = B_SPLINE_CURVE_WITH_KNOTS ( 'NONE', 3,
 ( #4738, #774, #4246, #4302, #5566 ),
 .UNSPECIFIED., .F., .F.,
 ( 4, 1, 4 ),
 ( 0.0000000000000000000, 0.4408901428664989686, 1.000000000000000000 ),
 .UNSPECIFIED. ) ;
#600 =( GEOMETRIC_REPRESENTATION_CONTEXT ( 3 ) GLOBAL_UNCERTAINTY_ASSIGNED_CONTEXT ( ( #2627 ) ) GLOBAL_UNIT_ASSIGNED_CONTEXT ( ( #7109, #3193, #1134 ) ) REPRESENTATION_CONTEXT ( 'NONE', 'WORKASPACE' ) );
#601 = VERTEX_POINT ( 'NONE', #5786 ) ;
#602 = VERTEX_POINT ( 'NONE', #1274 ) ;
#603 = FACE_OUTER_BOUND ( 'NONE', #3040, .T. ) ;
#604 = PRESENTATION_STYLE_ASSIGNMENT (( #1984 ) ) ;
#605 = DIRECTION ( 'NONE',  ( 0.0000000000000000000, -0.0000000000000000000, -1.000000000000000000 ) ) ;
#606 = CARTESIAN_POINT ( 'NONE',  ( -0.1025152439024390044, -0.1915701061210637046, 0.2999999999999999889 ) ) ;
#607 = FILL_AREA_STYLE ('',( #4587 ) ) ;
#608 = PLANE ( 'NONE',  #5420 ) ;
#609 = DIRECTION ( 'NONE',  ( 1.000000000000000000, 8.850629979473508477E-17, 0.0000000000000000000 ) ) ;
#610 = EDGE_LOOP ( 'NONE', ( #7165, #7466, #2137, #6211 ) ) ;
#611 = CARTESIAN_POINT ( 'NONE',  ( -0.1615853658536586523, -0.2911508988039902546, 0.2999999999999999889 ) ) ;
#612 =( GEOMETRIC_REPRESENTATION_CONTEXT ( 3 ) GLOBAL_UNCERTAINTY_ASSIGNED_CONTEXT ( ( #8379 ) ) GLOBAL_UNIT_ASSIGNED_CONTEXT ( ( #4729, #1165, #8415 ) ) REPRESENTATION_CONTEXT ( 'NONE', 'WORKASPACE' ) );
#613 = ORIENTED_EDGE ( 'NONE', *, *, #3439, .T. ) ;
#614 = EDGE_CURVE ( 'NONE', #4762, #321, #2564, .T. ) ;
#615 =( LENGTH_UNIT ( ) NAMED_UNIT ( * ) SI_UNIT ( .MILLI., .METRE. ) );
#616 =( LENGTH_UNIT ( ) NAMED_UNIT ( * ) SI_UNIT ( .MILLI., .METRE. ) );
#617 = DIRECTION ( 'NONE',  ( 0.0000000000000000000, -1.000000000000000000, 0.0000000000000000000 ) ) ;
#618 = FACE_OUTER_BOUND ( 'NONE', #2572, .T. ) ;
#619 = CARTESIAN_POINT ( 'NONE',  ( 2.400000000000013234, 1.700000000000000178, 0.2999999999999999889 ) ) ;
#620 = VECTOR ( 'NONE', #216, 1000.000000000000000 ) ;
#621 = PRESENTATION_LAYER_ASSIGNMENT (  '', '', ( #7432 ) ) ;
#622 = DIRECTION ( 'NONE',  ( -0.0000000000000000000, 0.0000000000000000000, 1.000000000000000000 ) ) ;
#623 = DIRECTION ( 'NONE',  ( 0.0000000000000000000, -0.0000000000000000000, 1.000000000000000000 ) ) ;
#624 = EDGE_CURVE ( 'NONE', #5065, #6309, #6075, .T. ) ;
#625 = ADVANCED_FACE ( 'NONE', ( #5381 ), #6859, .F. ) ;
#626 = DIRECTION ( 'NONE',  ( -1.000000000000000000, 8.673617379884072943E-16, 0.0000000000000000000 ) ) ;
#627 = ORIENTED_EDGE ( 'NONE', *, *, #5759, .F. ) ;
#628 = AXIS2_PLACEMENT_3D ( 'NONE', #3609, #2312, #7526 ) ;
#629 = DIRECTION ( 'NONE',  ( 1.000000000000000000, 0.0000000000000000000, 1.322197771323786684E-17 ) ) ;
#630 = PRESENTATION_LAYER_ASSIGNMENT (  '', '', ( #5791 ) ) ;
#631 = LINE ( 'NONE', #4096, #1953 ) ;
#632 = UNCERTAINTY_MEASURE_WITH_UNIT (LENGTH_MEASURE( 1.000000000000000082E-05 ), #3938, 'distance_accuracy_value', 'NONE');
#633 =( LENGTH_UNIT ( ) NAMED_UNIT ( * ) SI_UNIT ( .MILLI., .METRE. ) );
#634 = SURFACE_STYLE_FILL_AREA ( #5674 ) ;
#635 = VERTEX_POINT ( 'NONE', #8110 ) ;
#636 = DIRECTION ( 'NONE',  ( 1.818502734759757152E-14, 1.000000000000000000, 0.0000000000000000000 ) ) ;
#637 = CARTESIAN_POINT ( 'NONE',  ( -0.2000000000000001499, -0.2818140085600878697, 0.2999999999999999889 ) ) ;
#638 = DIRECTION ( 'NONE',  ( -0.5078765015848255571, 0.0000000000000000000, -0.8614298921780917384 ) ) ;
#639 = STYLED_ITEM ( 'NONE', ( #7591 ), #4508 ) ;
#640 = FACE_OUTER_BOUND ( 'NONE', #8115, .T. ) ;
#641 = MECHANICAL_DESIGN_GEOMETRIC_PRESENTATION_REPRESENTATION (  '', ( #6118 ), #1381 ) ;
#642 = VERTEX_POINT ( 'NONE', #2856 ) ;
#643 = ORIENTED_EDGE ( 'NONE', *, *, #7289, .F. ) ;
#644 = CARTESIAN_POINT ( 'NONE',  ( 4.642445256390806029E-14, 0.1157469670496437120, 0.2999999999999999889 ) ) ;
#645 = CIRCLE ( 'NONE', #6345, 0.1000000000000000472 ) ;
#646 = FACE_OUTER_BOUND ( 'NONE', #5784, .T. ) ;
#647 = ORIENTED_EDGE ( 'NONE', *, *, #5937, .T. ) ;
#648 = DIRECTION ( 'NONE',  ( 1.000000000000000000, 0.0000000000000000000, 0.0000000000000000000 ) ) ;
#649 = DIRECTION ( 'NONE',  ( 0.9353882635801363810, 0.3536223923290735538, 0.0000000000000000000 ) ) ;
#650 = SURFACE_STYLE_FILL_AREA ( #2770 ) ;
#651 = COLOUR_RGB ( '',0.4313725490196078649, 0.3529411764705882026, 0.3725490196078431460 ) ;
#652 = EDGE_LOOP ( 'NONE', ( #2366, #1823, #2911, #5576 ) ) ;
#653 = CARTESIAN_POINT ( 'NONE',  ( 0.0000000000000000000, 2.899999999999999467, 4.289999999999999147 ) ) ;
#654 = DIRECTION ( 'NONE',  ( -0.0000000000000000000, 0.0000000000000000000, -1.000000000000000000 ) ) ;
#655 = COLOUR_RGB ( '',0.7764705882352941346, 0.7568627450980391913, 0.7372549019607843590 ) ;
#656 = ORIENTED_EDGE ( 'NONE', *, *, #1576, .T. ) ;
#657 = MECHANICAL_DESIGN_GEOMETRIC_PRESENTATION_REPRESENTATION (  '', ( #8347 ), #1073 ) ;
#658 = DIRECTION ( 'NONE',  ( -0.0000000000000000000, -1.000000000000000000, 0.0000000000000000000 ) ) ;
#659 =( GEOMETRIC_REPRESENTATION_CONTEXT ( 3 ) GLOBAL_UNCERTAINTY_ASSIGNED_CONTEXT ( ( #7412 ) ) GLOBAL_UNIT_ASSIGNED_CONTEXT ( ( #549, #513, #1853 ) ) REPRESENTATION_CONTEXT ( 'NONE', 'WORKASPACE' ) );
#660 = CARTESIAN_POINT ( 'NONE',  ( 2.399999999999999467, -2.299999999999999822, 0.2999999999999999889 ) ) ;
#661 = CARTESIAN_POINT ( 'NONE',  ( -0.05609756097560984062, -0.3371874841698440650, 0.2999999999999999889 ) ) ;
#662 = B_SPLINE_CURVE_WITH_KNOTS ( 'NONE', 3,
 ( #5889, #3241, #4516, #7848, #3915 ),
 .UNSPECIFIED., .F., .F.,
 ( 4, 1, 4 ),
 ( 0.0000000000000000000, 0.4458786834588214232, 1.000000000000000000 ),
 .UNSPECIFIED. ) ;
#663 = CIRCLE ( 'NONE', #463, 0.09999999999999982514 ) ;
#664 = VERTEX_POINT ( 'NONE', #8138 ) ;
#665 = ORIENTED_EDGE ( 'NONE', *, *, #3006, .T. ) ;
#666 =( NAMED_UNIT ( * ) PLANE_ANGLE_UNIT ( ) SI_UNIT ( $, .RADIAN. ) );
#667 =( NAMED_UNIT ( * ) PLANE_ANGLE_UNIT ( ) SI_UNIT ( $, .RADIAN. ) );
#668 = EDGE_CURVE ( 'NONE', #1442, #575, #870, .T. ) ;
#669 = DIRECTION ( 'NONE',  ( 0.0000000000000000000, 1.000000000000000000, -0.0000000000000000000 ) ) ;
#670 =( NAMED_UNIT ( * ) PLANE_ANGLE_UNIT ( ) SI_UNIT ( $, .RADIAN. ) );
#671 = ADVANCED_FACE ( 'NONE', ( #3377 ), #7074, .F. ) ;
#672 = ORIENTED_EDGE ( 'NONE', *, *, #4470, .T. ) ;
#673 = EDGE_LOOP ( 'NONE', ( #2738, #4811, #583, #2697 ) ) ;
#674 = CARTESIAN_POINT ( 'NONE',  ( -1.000000000000000000, -1.750000000000000222, 5.500000000000000000 ) ) ;
#675 = FACE_OUTER_BOUND ( 'NONE', #6470, .T. ) ;
#676 =( NAMED_UNIT ( * ) PLANE_ANGLE_UNIT ( ) SI_UNIT ( $, .RADIAN. ) );
#677 = SURFACE_STYLE_FILL_AREA ( #883 ) ;
#678 = PRESENTATION_LAYER_ASSIGNMENT (  '', '', ( #3964 ) ) ;
#679 = EDGE_CURVE ( 'NONE', #1718, #1285, #3965, .T. ) ;
#680 = CARTESIAN_POINT ( 'NONE',  ( -1.499999999999997335, 1.301042606982608871E-15, 4.289999999999999147 ) ) ;
#681 = ORIENTED_EDGE ( 'NONE', *, *, #7329, .F. ) ;
#682 = CYLINDRICAL_SURFACE ( 'NONE', #5170, 0.1000000000000000472 ) ;
#683 =( GEOMETRIC_REPRESENTATION_CONTEXT ( 3 ) GLOBAL_UNCERTAINTY_ASSIGNED_CONTEXT ( ( #938 ) ) GLOBAL_UNIT_ASSIGNED_CONTEXT ( ( #2005, #4754, #2699 ) ) REPRESENTATION_CONTEXT ( 'NONE', 'WORKASPACE' ) );
#684 = PRESENTATION_STYLE_ASSIGNMENT (( #3307 ) ) ;
#685 = PRESENTATION_STYLE_ASSIGNMENT (( #325 ) ) ;
#686 = DIRECTION ( 'NONE',  ( 0.0000000000000000000, 0.0000000000000000000, -1.000000000000000000 ) ) ;
#687 = CARTESIAN_POINT ( 'NONE',  ( 2.485912291827593545, -2.299999999999999822, 0.2890877081724074760 ) ) ;
#688 = SURFACE_STYLE_USAGE ( .BOTH. , #2626 ) ;
#689 = EDGE_CURVE ( 'NONE', #6323, #1491, #2442, .T. ) ;
#690 = FACE_OUTER_BOUND ( 'NONE', #3885, .T. ) ;
#691 = FACE_OUTER_BOUND ( 'NONE', #7318, .T. ) ;
#692 = ORIENTED_EDGE ( 'NONE', *, *, #1848, .F. ) ;
#693 = LINE ( 'NONE', #6869, #5151 ) ;
#694 = SURFACE_STYLE_FILL_AREA ( #3187 ) ;
#695 = UNCERTAINTY_MEASURE_WITH_UNIT (LENGTH_MEASURE( 1.000000000000000082E-05 ), #1125, 'distance_accuracy_value', 'NONE');
#696 = PRESENTATION_LAYER_ASSIGNMENT (  '', '', ( #512 ) ) ;
#697 =( LENGTH_UNIT ( ) NAMED_UNIT ( * ) SI_UNIT ( .MILLI., .METRE. ) );
#698 = AXIS2_PLACEMENT_3D ( 'NONE', #4264, #6361, #7049 ) ;
#699 =( NAMED_UNIT ( * ) PLANE_ANGLE_UNIT ( ) SI_UNIT ( $, .RADIAN. ) );
#700 = DIRECTION ( 'NONE',  ( 1.000000000000000000, 0.0000000000000000000, 0.0000000000000000000 ) ) ;
#701 = ORIENTED_EDGE ( 'NONE', *, *, #6611, .F. ) ;
#702 = DIRECTION ( 'NONE',  ( 0.0000000000000000000, 0.0000000000000000000, 1.000000000000000000 ) ) ;
#703 = EDGE_CURVE ( 'NONE', #5711, #6220, #2167, .T. ) ;
#704 = COLOUR_RGB ( '',0.4313725490196078649, 0.3529411764705882026, 0.3725490196078431460 ) ;
#705 = AXIS2_PLACEMENT_3D ( 'NONE', #3186, #3247, #5915 ) ;
#706 = ORIENTED_EDGE ( 'NONE', *, *, #3581, .F. ) ;
#707 = MECHANICAL_DESIGN_GEOMETRIC_PRESENTATION_REPRESENTATION (  '', ( #8239 ), #5321 ) ;
#708 = PRESENTATION_STYLE_ASSIGNMENT (( #5021 ) ) ;
#709 = CARTESIAN_POINT ( 'NONE',  ( 3.544734479382988865E-17, 0.3376985198951968914, 0.2999999999999999889 ) ) ;
#710 = CARTESIAN_POINT ( 'NONE',  ( -1.084202172485504434E-16, 0.0000000000000000000, 0.3099999999999999978 ) ) ;
#711 = PRESENTATION_STYLE_ASSIGNMENT (( #7079 ) ) ;
#712 = DIRECTION ( 'NONE',  ( 1.000000000000000000, 0.0000000000000000000, 0.0000000000000000000 ) ) ;
#713 = EDGE_CURVE ( 'NONE', #38, #5528, #1320, .T. ) ;
#714 = ORIENTED_EDGE ( 'NONE', *, *, #7203, .F. ) ;
#715 = ADVANCED_FACE ( 'NONE', ( #2056 ), #7111, .T. ) ;
#716 = DIRECTION ( 'NONE',  ( -0.0000000000000000000, -0.0000000000000000000, 1.000000000000000000 ) ) ;
#717 = ORIENTED_EDGE ( 'NONE', *, *, #2897, .T. ) ;
#718 = VECTOR ( 'NONE', #4272, 1000.000000000000000 ) ;
#719 = STYLED_ITEM ( 'NONE', ( #3711 ), #7075 ) ;
#720 =( NAMED_UNIT ( * ) SI_UNIT ( $, .STERADIAN. ) SOLID_ANGLE_UNIT ( ) );
#721 = SURFACE_SIDE_STYLE ('',( #6179 ) ) ;
#722 = FACE_OUTER_BOUND ( 'NONE', #6408, .T. ) ;
#723 = ORIENTED_EDGE ( 'NONE', *, *, #5398, .T. ) ;
#724 = CARTESIAN_POINT ( 'NONE',  ( 0.0000000000000000000, 0.0000000000000000000, 4.299999999999999822 ) ) ;
#725 = CARTESIAN_POINT ( 'NONE',  ( -0.009349926829268433159, -0.3540509309984496977, 0.2999999999999999889 ) ) ;
#726 = CIRCLE ( 'NONE', #3043, 0.1000000000000000472 ) ;
#727 = DIRECTION ( 'NONE',  ( 1.000000000000000000, 0.0000000000000000000, 1.322197771323786684E-17 ) ) ;
#728 = FILL_AREA_STYLE_COLOUR ( '', #651 ) ;
#729 = AXIS2_PLACEMENT_3D ( 'NONE', #5341, #1909, #4562 ) ;
#730 = EDGE_CURVE ( 'NONE', #7341, #5141, #5660, .T. ) ;
#731 = EDGE_CURVE ( 'NONE', #812, #8469, #3983, .T. ) ;
#732 = DIRECTION ( 'NONE',  ( 0.0000000000000000000, -0.0000000000000000000, 1.000000000000000000 ) ) ;
#733 = COLOUR_RGB ( '',0.7764705882352941346, 0.7568627450980391913, 0.7372549019607843590 ) ;
#734 = PLANE ( 'NONE',  #4972 ) ;
#735 = ORIENTED_EDGE ( 'NONE', *, *, #4510, .T. ) ;
#736 = LINE ( 'NONE', #1837, #8497 ) ;
#737 = VERTEX_POINT ( 'NONE', #4565 ) ;
#738 = CARTESIAN_POINT ( 'NONE',  ( -4.535912291827596476, 1.700000000000000178, 0.2890877081724208542 ) ) ;
#739 = CARTESIAN_POINT ( 'NONE',  ( -0.9999999999999991118, -2.999999999999999556, 0.5000000000000000000 ) ) ;
#740 = CARTESIAN_POINT ( 'NONE',  ( 2.900000000000000355, -2.900000000000000355, 4.299999999999999822 ) ) ;
#741 = AXIS2_PLACEMENT_3D ( 'NONE', #2591, #7152, #3854 ) ;
#742 = SURFACE_STYLE_FILL_AREA ( #8173 ) ;
#743 = PRESENTATION_LAYER_ASSIGNMENT (  '', '', ( #4854 ) ) ;
#744 = ORIENTED_EDGE ( 'NONE', *, *, #3518, .F. ) ;
#745 = CARTESIAN_POINT ( 'NONE',  ( -0.8749999999999998890, 1.224999999999999645, 7.799999999999999822 ) ) ;
#746 = FACE_OUTER_BOUND ( 'NONE', #7892, .T. ) ;
#747 = SURFACE_STYLE_FILL_AREA ( #4480 ) ;
#748 =( NAMED_UNIT ( * ) PLANE_ANGLE_UNIT ( ) SI_UNIT ( $, .RADIAN. ) );
#749 = EDGE_CURVE ( 'NONE', #6773, #1483, #3772, .T. ) ;
#750 = DIRECTION ( 'NONE',  ( 1.000000000000000000, 1.445602896647339163E-16, -0.0000000000000000000 ) ) ;
#751 = EDGE_CURVE ( 'NONE', #642, #3367, #1339, .T. ) ;
#752 = ORIENTED_EDGE ( 'NONE', *, *, #6563, .T. ) ;
#753 = CARTESIAN_POINT ( 'NONE',  ( -0.2022264651461603280, 0.1928184819596071020, 0.3099999999999999978 ) ) ;
#754 = ORIENTED_EDGE ( 'NONE', *, *, #4529, .F. ) ;
#755 = DIRECTION ( 'NONE',  ( 0.0000000000000000000, 0.0000000000000000000, -1.000000000000000000 ) ) ;
#756 = ADVANCED_FACE ( 'NONE', ( #3145 ), #8448, .T. ) ;
#757 = AXIS2_PLACEMENT_3D ( 'NONE', #5101, #540, #5159 ) ;
#758 = COLOUR_RGB ( '',0.7764705882352941346, 0.7568627450980391913, 0.7372549019607843590 ) ;
#759 = SURFACE_STYLE_FILL_AREA ( #803 ) ;
#760 = DIRECTION ( 'NONE',  ( -0.0000000000000000000, -1.000000000000000000, -0.0000000000000000000 ) ) ;
#761 = PRESENTATION_STYLE_ASSIGNMENT (( #8413 ) ) ;
#762 =( LENGTH_UNIT ( ) NAMED_UNIT ( * ) SI_UNIT ( .MILLI., .METRE. ) );
#763 = ORIENTED_EDGE ( 'NONE', *, *, #7043, .T. ) ;
#764 = ORIENTED_EDGE ( 'NONE', *, *, #2324, .F. ) ;
#765 = CARTESIAN_POINT ( 'NONE',  ( -0.03333333333333337450, 0.4230640402204000616, 0.2999999999999999889 ) ) ;
#766 = FACE_OUTER_BOUND ( 'NONE', #1333, .T. ) ;
#767 = CARTESIAN_POINT ( 'NONE',  ( -0.1121951219512194176, 0.01818599143991211919, 0.2999999999999999889 ) ) ;
#768 = LINE ( 'NONE', #4973, #74 ) ;
#769 = PRESENTATION_STYLE_ASSIGNMENT (( #3194 ) ) ;
#770 = PRESENTATION_LAYER_ASSIGNMENT (  '', '', ( #5696 ) ) ;
#771 = DIRECTION ( 'NONE',  ( 0.0000000000000000000, -0.0000000000000000000, -1.000000000000000000 ) ) ;
#772 = LINE ( 'NONE', #1656, #7381 ) ;
#773 = VERTEX_POINT ( 'NONE', #7833 ) ;
#774 = CARTESIAN_POINT ( 'NONE',  ( 0.002203601940028727512, 0.2013578829656293145, 0.3099999999999999978 ) ) ;
#775 = SURFACE_STYLE_FILL_AREA ( #5857 ) ;
#776 = CARTESIAN_POINT ( 'NONE',  ( -0.05609756097560984062, -0.3371874841698440650, 0.2999999999999999889 ) ) ;
#777 = DIRECTION ( 'NONE',  ( 0.0000000000000000000, 1.000000000000000000, -0.0000000000000000000 ) ) ;
#778 = AXIS2_PLACEMENT_3D ( 'NONE', #3234, #1232, #22 ) ;
#779 = DIRECTION ( 'NONE',  ( -1.322197771323786684E-17, 0.0000000000000000000, -1.000000000000000000 ) ) ;
#780 = ORIENTED_EDGE ( 'NONE', *, *, #5348, .F. ) ;
#781 = CARTESIAN_POINT ( 'NONE',  ( -1.349999999999999423, -1.650000000000000133, 7.799999999999999822 ) ) ;
#782 = EDGE_CURVE ( 'NONE', #4594, #6190, #2616, .T. ) ;
#783 = VERTEX_POINT ( 'NONE', #3810 ) ;
#784 = LINE ( 'NONE', #432, #262 ) ;
#785 = ORIENTED_EDGE ( 'NONE', *, *, #1046, .F. ) ;
#786 = DIRECTION ( 'NONE',  ( 0.0000000000000000000, -0.0000000000000000000, -1.000000000000000000 ) ) ;
#787 = ORIENTED_EDGE ( 'NONE', *, *, #7929, .F. ) ;
#788 = CIRCLE ( 'NONE', #6493, 0.07071067811865430763 ) ;
#789 = CARTESIAN_POINT ( 'NONE',  ( 4.460912291827592746, -1.700000000000000178, -0.001386042793148666626 ) ) ;
#790 = UNCERTAINTY_MEASURE_WITH_UNIT (LENGTH_MEASURE( 1.000000000000000082E-05 ), #101, 'distance_accuracy_value', 'NONE');
#791 = EDGE_CURVE ( 'NONE', #3418, #6323, #2375, .T. ) ;
#792 = CARTESIAN_POINT ( 'NONE',  ( 0.8750000000000000000, -1.225000000000000533, 7.799999999999999822 ) ) ;
#793 = ORIENTED_EDGE ( 'NONE', *, *, #3489, .F. ) ;
#794 = VECTOR ( 'NONE', #1088, 1000.000000000000000 ) ;
#795 = MECHANICAL_DESIGN_GEOMETRIC_PRESENTATION_REPRESENTATION (  '', ( #5519 ), #6989 ) ;
#796 = ORIENTED_EDGE ( 'NONE', *, *, #2303, .F. ) ;
#797 = FACE_OUTER_BOUND ( 'NONE', #8177, .T. ) ;
#798 = CARTESIAN_POINT ( 'NONE',  ( -0.1999999999999999556, 0.1157469670496683034, 0.2999999999999999889 ) ) ;
#799 = CARTESIAN_POINT ( 'NONE',  ( 4.642445256390806029E-14, 0.1157469670496437120, 0.2999999999999999889 ) ) ;
#800 = EDGE_CURVE ( 'NONE', #6807, #3137, #1967, .T. ) ;
#801 = FACE_OUTER_BOUND ( 'NONE', #3251, .T. ) ;
#802 = ORIENTED_EDGE ( 'NONE', *, *, #4605, .T. ) ;
#803 = FILL_AREA_STYLE ('',( #2229 ) ) ;
#804 = VECTOR ( 'NONE', #8251, 1000.000000000000000 ) ;
#805 = MECHANICAL_DESIGN_GEOMETRIC_PRESENTATION_REPRESENTATION (  '', ( #7776 ), #1225 ) ;
#806 = FACE_OUTER_BOUND ( 'NONE', #1168, .T. ) ;
#807 = FILL_AREA_STYLE_COLOUR ( '', #5924 ) ;
#808 = CARTESIAN_POINT ( 'NONE',  ( 2.485912291827595322, 0.2999999999999999334, 0.2890877081724139708 ) ) ;
#809 = AXIS2_PLACEMENT_3D ( 'NONE', #5512, #874, #6879 ) ;
#810 = CARTESIAN_POINT ( 'NONE',  ( -0.2024390243902438047, 0.2018369060740585474, 0.3099999999999999978 ) ) ;
#811 = CARTESIAN_POINT ( 'NONE',  ( -0.2024390243902438047, 0.2018369060740585474, 0.3099999999999999978 ) ) ;
#812 = VERTEX_POINT ( 'NONE', #2004 ) ;
#813 = ORIENTED_EDGE ( 'NONE', *, *, #3394, .T. ) ;
#814 = PRESENTATION_STYLE_ASSIGNMENT (( #4483 ) ) ;
#815 = LINE ( 'NONE', #1924, #1407 ) ;
#816 = DIRECTION ( 'NONE',  ( 2.150917213156726666E-15, -1.000000000000000000, 0.0000000000000000000 ) ) ;
#817 = PRESENTATION_LAYER_ASSIGNMENT (  '', '', ( #3779 ) ) ;
#818 = PRESENTATION_LAYER_ASSIGNMENT (  '', '', ( #4377 ) ) ;
#819 = ORIENTED_EDGE ( 'NONE', *, *, #2897, .F. ) ;
#820 = ORIENTED_EDGE ( 'NONE', *, *, #2338, .F. ) ;
#821 = PRESENTATION_STYLE_ASSIGNMENT (( #1825 ) ) ;
#822 = SURFACE_SIDE_STYLE ('',( #1319 ) ) ;
#823 = PLANE ( 'NONE',  #3041 ) ;
#824 = PLANE ( 'NONE',  #1985 ) ;
#825 = CARTESIAN_POINT ( 'NONE',  ( -0.005145845428662360402, 0.2395164444374139889, 0.2999999999999999889 ) ) ;
#826 = SPHERICAL_SURFACE ( 'NONE', #7453, 0.1000000000000000056 ) ;
#827 = EDGE_CURVE ( 'NONE', #1395, #6942, #4384, .T. ) ;
#828 = SURFACE_STYLE_FILL_AREA ( #7686 ) ;
#829 = CARTESIAN_POINT ( 'NONE',  ( 0.8749999999999998890, 1.224999999999999645, 10.50000000000000000 ) ) ;
#830 = DIRECTION ( 'NONE',  ( -1.000000000000000000, 2.704180918529818718E-12, 0.0000000000000000000 ) ) ;
#831 = EDGE_LOOP ( 'NONE', ( #5894, #6363, #4350, #441 ) ) ;
#832 = CIRCLE ( 'NONE', #7060, 0.1000000000000000472 ) ;
#833 = DIRECTION ( 'NONE',  ( 0.4813095137127779144, 0.8765507127426052092, 0.0000000000000000000 ) ) ;
#834 = ORIENTED_EDGE ( 'NONE', *, *, #435, .T. ) ;
#835 = DIRECTION ( 'NONE',  ( 0.0000000000000000000, -0.0000000000000000000, 1.000000000000000000 ) ) ;
#836 = DIRECTION ( 'NONE',  ( 1.000000000000000000, 0.0000000000000000000, 0.0000000000000000000 ) ) ;
#837 = ADVANCED_FACE ( 'NONE', ( #1042 ), #838, .T. ) ;
#838 = CYLINDRICAL_SURFACE ( 'NONE', #6784, 0.1000000000000000472 ) ;
#839 = PRESENTATION_LAYER_ASSIGNMENT (  '', '', ( #6916 ) ) ;
#840 = EDGE_CURVE ( 'NONE', #3190, #3062, #4444, .T. ) ;
#841 = ORIENTED_EDGE ( 'NONE', *, *, #5348, .T. ) ;
#842 = DIRECTION ( 'NONE',  ( -0.0000000000000000000, -1.000000000000000000, -0.0000000000000000000 ) ) ;
#843 = FACE_OUTER_BOUND ( 'NONE', #1017, .T. ) ;
#844 = VERTEX_POINT ( 'NONE', #1946 ) ;
#845 = CARTESIAN_POINT ( 'NONE',  ( -0.07804878048780500288, -0.3281935817308196945, 0.2999999999999999889 ) ) ;
#846 = COLOUR_RGB ( '',0.7764705882352941346, 0.7568627450980391913, 0.7372549019607843590 ) ;
#847 = UNCERTAINTY_MEASURE_WITH_UNIT (LENGTH_MEASURE( 1.000000000000000082E-05 ), #633, 'distance_accuracy_value', 'NONE');
#848 = ORIENTED_EDGE ( 'NONE', *, *, #7491, .F. ) ;
#849 = CARTESIAN_POINT ( 'NONE',  ( -2.400000000000006128, 0.2999999999999999334, 0.2999999999999999889 ) ) ;
#850 = LINE ( 'NONE', #2086, #4161 ) ;
#851 = EDGE_LOOP ( 'NONE', ( #5248, #643, #1624, #2837, #2094, #4130 ) ) ;
#852 = ADVANCED_FACE ( 'NONE', ( #7220 ), #4043, .F. ) ;
#853 =( LENGTH_UNIT ( ) NAMED_UNIT ( * ) SI_UNIT ( .MILLI., .METRE. ) );
#854 =( NAMED_UNIT ( * ) SI_UNIT ( $, .STERADIAN. ) SOLID_ANGLE_UNIT ( ) );
#855 =( GEOMETRIC_REPRESENTATION_CONTEXT ( 3 ) GLOBAL_UNCERTAINTY_ASSIGNED_CONTEXT ( ( #4520 ) ) GLOBAL_UNIT_ASSIGNED_CONTEXT ( ( #7527, #2819, #958 ) ) REPRESENTATION_CONTEXT ( 'NONE', 'WORKASPACE' ) );
#856 =( LENGTH_UNIT ( ) NAMED_UNIT ( * ) SI_UNIT ( .MILLI., .METRE. ) );
#857 = PRESENTATION_LAYER_ASSIGNMENT (  '', '', ( #404 ) ) ;
#858 = VERTEX_POINT ( 'NONE', #5313 ) ;
#859 = LINE ( 'NONE', #298, #4168 ) ;
#860 = FACE_OUTER_BOUND ( 'NONE', #2573, .T. ) ;
#861 = ORIENTED_EDGE ( 'NONE', *, *, #6547, .T. ) ;
#862 = LINE ( 'NONE', #948, #7471 ) ;
#863 = CARTESIAN_POINT ( 'NONE',  ( 1.350000000000000089, -1.750000000000000222, 7.799999999999999822 ) ) ;
#864 = EDGE_CURVE ( 'NONE', #3253, #7369, #7103, .T. ) ;
#865 = PRESENTATION_STYLE_ASSIGNMENT (( #2114 ) ) ;
#866 = CIRCLE ( 'NONE', #7233, 0.1000000000000002554 ) ;
#867 = DIRECTION ( 'NONE',  ( 1.000000000000000000, 0.0000000000000000000, 1.322197771323786684E-17 ) ) ;
#868 = EDGE_LOOP ( 'NONE', ( #2596, #5663, #6648, #224 ) ) ;
#869 = AXIS2_PLACEMENT_3D ( 'NONE', #6040, #124, #7421 ) ;
#870 = LINE ( 'NONE', #5395, #1548 ) ;
#871 = MECHANICAL_DESIGN_GEOMETRIC_PRESENTATION_REPRESENTATION (  '', ( #3535 ), #115 ) ;
#872 =( LENGTH_UNIT ( ) NAMED_UNIT ( * ) SI_UNIT ( .MILLI., .METRE. ) );
#873 = LINE ( 'NONE', #972, #7687 ) ;
#874 = DIRECTION ( 'NONE',  ( 0.8765507127426052092, -0.4813095137127779144, 0.0000000000000000000 ) ) ;
#875 = CARTESIAN_POINT ( 'NONE',  ( 0.0000000000000000000, 2.899999999999999467, 4.289999999999999147 ) ) ;
#876 = ORIENTED_EDGE ( 'NONE', *, *, #6382, .F. ) ;
#877 = STYLED_ITEM ( 'NONE', ( #993 ), #6997 ) ;
#878 = LINE ( 'NONE', #2101, #7395 ) ;
#879 = DIRECTION ( 'NONE',  ( 2.168404344971008868E-16, -1.000000000000000000, -0.0000000000000000000 ) ) ;
#880 = CARTESIAN_POINT ( 'NONE',  ( -0.02325137837876034563, 0.2242344305931936732, 0.3099999999999999978 ) ) ;
#881 = ADVANCED_FACE ( 'NONE', ( #5040 ), #5471, .T. ) ;
#882 = VERTEX_POINT ( 'NONE', #2827 ) ;
#883 = FILL_AREA_STYLE ('',( #4274 ) ) ;
#884 = ORIENTED_EDGE ( 'NONE', *, *, #6421, .F. ) ;
#885 = DIRECTION ( 'NONE',  ( -1.000000000000000000, 0.0000000000000000000, 0.0000000000000000000 ) ) ;
#886 = VECTOR ( 'NONE', #3436, 1000.000000000000000 ) ;
#887 = MECHANICAL_DESIGN_GEOMETRIC_PRESENTATION_REPRESENTATION (  '', ( #8024 ), #5051 ) ;
#888 = CARTESIAN_POINT ( 'NONE',  ( 1.450000000000000400, -1.650000000000000355, 7.799999999999999822 ) ) ;
#889 = CARTESIAN_POINT ( 'NONE',  ( -0.1700253570154371396, -0.1497143566910208445, 0.2999999999999999889 ) ) ;
#890 = CARTESIAN_POINT ( 'NONE',  ( -0.05609756097560978511, -0.2545655329503319630, 0.2999999999999999889 ) ) ;
#891 = EDGE_CURVE ( 'NONE', #4365, #7902, #376, .T. ) ;
#892 = ORIENTED_EDGE ( 'NONE', *, *, #6382, .T. ) ;
#893 = DIRECTION ( 'NONE',  ( -1.000000000000000000, -0.0000000000000000000, -0.0000000000000000000 ) ) ;
#894 = CIRCLE ( 'NONE', #8035, 0.09999999999999982514 ) ;
#895 = PRESENTATION_STYLE_ASSIGNMENT (( #3099 ) ) ;
#896 = CARTESIAN_POINT ( 'NONE',  ( -0.1729538598830813734, -0.2939153961633196310, 0.3099999999999999978 ) ) ;
#897 = EDGE_LOOP ( 'NONE', ( #3785, #3942, #1102, #7920, #2948, #3936, #2443, #5356, #7684, #4625, #6944, #6925, #146, #3217, #6626, #1089 ) ) ;
#898 = CARTESIAN_POINT ( 'NONE',  ( 1.500000000000000000, 0.0000000000000000000, 4.289999999999999147 ) ) ;
#899 =( GEOMETRIC_REPRESENTATION_CONTEXT ( 3 ) GLOBAL_UNCERTAINTY_ASSIGNED_CONTEXT ( ( #6296 ) ) GLOBAL_UNIT_ASSIGNED_CONTEXT ( ( #1995, #8078, #8049 ) ) REPRESENTATION_CONTEXT ( 'NONE', 'WORKASPACE' ) );
#900 = DIRECTION ( 'NONE',  ( 0.0000000000000000000, 1.000000000000000000, 0.0000000000000000000 ) ) ;
#901 =( NAMED_UNIT ( * ) SI_UNIT ( $, .STERADIAN. ) SOLID_ANGLE_UNIT ( ) );
#902 = SURFACE_STYLE_FILL_AREA ( #7654 ) ;
#903 = FILL_AREA_STYLE ('',( #6646 ) ) ;
#904 = VERTEX_POINT ( 'NONE', #207 ) ;
#905 = FACE_OUTER_BOUND ( 'NONE', #59, .T. ) ;
#906 = DIRECTION ( 'NONE',  ( 1.322197771323786684E-17, 0.0000000000000000000, 1.000000000000000000 ) ) ;
#907 = FILL_AREA_STYLE ('',( #4152 ) ) ;
#908 = LINE ( 'NONE', #3909, #7736 ) ;
#909 = ORIENTED_EDGE ( 'NONE', *, *, #6324, .T. ) ;
#910 = EDGE_LOOP ( 'NONE', ( #6801, #7746, #665, #5704 ) ) ;
#911 = VECTOR ( 'NONE', #3059, 1000.000000000000114 ) ;
#912 = SURFACE_SIDE_STYLE ('',( #742 ) ) ;
#913 = STYLED_ITEM ( 'NONE', ( #3363 ), #2100 ) ;
#914 = FILL_AREA_STYLE_COLOUR ( '', #6480 ) ;
#915 = VECTOR ( 'NONE', #3882, 1000.000000000000000 ) ;
#916 = EDGE_CURVE ( 'NONE', #7648, #455, #5664, .T. ) ;
#917 = EDGE_LOOP ( 'NONE', ( #6070, #1041, #1279 ) ) ;
#918 = CARTESIAN_POINT ( 'NONE',  ( -0.1780487804878047864, -0.08200408059369578007, 0.2999999999999999889 ) ) ;
#919 = DIRECTION ( 'NONE',  ( -0.1105567340389937286, 0.0000000000000000000, -0.9938698146933688804 ) ) ;
#920 = AXIS2_PLACEMENT_3D ( 'NONE', #6248, #2281, #6909 ) ;
#921 = STYLED_ITEM ( 'NONE', ( #4461 ), #3248 ) ;
#922 = DIRECTION ( 'NONE',  ( -0.0000000000000000000, -0.0000000000000000000, 1.000000000000000000 ) ) ;
#923 = FACE_OUTER_BOUND ( 'NONE', #3365, .T. ) ;
#924 =( LENGTH_UNIT ( ) NAMED_UNIT ( * ) SI_UNIT ( .MILLI., .METRE. ) );
#925 = DIRECTION ( 'NONE',  ( 1.445602896647339163E-16, -1.000000000000000000, 0.0000000000000000000 ) ) ;
#926 = APPLICATION_CONTEXT ( 'automotive_design' ) ;
#927 = ORIENTED_EDGE ( 'NONE', *, *, #1054, .T. ) ;
#928 = EDGE_CURVE ( 'NONE', #2145, #773, #3061, .T. ) ;
#929 =( NAMED_UNIT ( * ) PLANE_ANGLE_UNIT ( ) SI_UNIT ( $, .RADIAN. ) );
#930 = VECTOR ( 'NONE', #6496, 1000.000000000000114 ) ;
#931 =( LENGTH_UNIT ( ) NAMED_UNIT ( * ) SI_UNIT ( .MILLI., .METRE. ) );
#932 = EDGE_CURVE ( 'NONE', #5028, #4378, #1802, .T. ) ;
#933 = DIRECTION ( 'NONE',  ( 1.481742969063521675E-14, 1.000000000000000000, 0.0000000000000000000 ) ) ;
#934 = SURFACE_STYLE_USAGE ( .BOTH. , #912 ) ;
#935 = CARTESIAN_POINT ( 'NONE',  ( 2.799999999999998934, 2.900000000000000355, 5.500000000000000000 ) ) ;
#936 = ORIENTED_EDGE ( 'NONE', *, *, #393, .F. ) ;
#937 = DIRECTION ( 'NONE',  ( 5.377293032891822581E-16, 1.000000000000000000, 0.0000000000000000000 ) ) ;
#938 = UNCERTAINTY_MEASURE_WITH_UNIT (LENGTH_MEASURE( 1.000000000000000082E-05 ), #2005, 'distance_accuracy_value', 'NONE');
#939 = EDGE_CURVE ( 'NONE', #7922, #1569, #4945, .T. ) ;
#940 = ORIENTED_EDGE ( 'NONE', *, *, #2741, .T. ) ;
#941 = ORIENTED_EDGE ( 'NONE', *, *, #1771, .T. ) ;
#942 = LINE ( 'NONE', #1247, #6226 ) ;
#943 = AXIS2_PLACEMENT_3D ( 'NONE', #2917, #4370, #337 ) ;
#944 = ORIENTED_EDGE ( 'NONE', *, *, #5053, .F. ) ;
#945 = FILL_AREA_STYLE ('',( #244 ) ) ;
#946 = SURFACE_STYLE_FILL_AREA ( #2489 ) ;
#947 =( NAMED_UNIT ( * ) SI_UNIT ( $, .STERADIAN. ) SOLID_ANGLE_UNIT ( ) );
#948 = CARTESIAN_POINT ( 'NONE',  ( -1.500000000000000000, 2.899999999999999467, 4.289999999999999147 ) ) ;
#949 = EDGE_CURVE ( 'NONE', #2935, #7369, #3732, .T. ) ;
#950 = APPLICATION_PROTOCOL_DEFINITION ( 'draft international standard', 'automotive_design', 1998, #926 ) ;
#951 = FILL_AREA_STYLE ('',( #3988 ) ) ;
#952 =( GEOMETRIC_REPRESENTATION_CONTEXT ( 3 ) GLOBAL_UNCERTAINTY_ASSIGNED_CONTEXT ( ( #405 ) ) GLOBAL_UNIT_ASSIGNED_CONTEXT ( ( #5760, #4465, #8410 ) ) REPRESENTATION_CONTEXT ( 'NONE', 'WORKASPACE' ) );
#953 = ADVANCED_FACE ( 'NONE', ( #1188 ), #7397, .F. ) ;
#954 = CARTESIAN_POINT ( 'NONE',  ( -2.100000000000014300, 1.700000000000000178, 0.2999999999999999889 ) ) ;
#955 = STYLED_ITEM ( 'NONE', ( #7389 ), #1855 ) ;
#956 = FACE_OUTER_BOUND ( 'NONE', #3349, .T. ) ;
#957 = COLOUR_RGB ( '',0.4313725490196078649, 0.3529411764705882026, 0.3725490196078431460 ) ;
#958 =( NAMED_UNIT ( * ) SI_UNIT ( $, .STERADIAN. ) SOLID_ANGLE_UNIT ( ) );
#959 = VECTOR ( 'NONE', #5830, 1000.000000000000000 ) ;
#960 = ORIENTED_EDGE ( 'NONE', *, *, #4463, .F. ) ;
#961 = DIRECTION ( 'NONE',  ( 0.0000000000000000000, 1.000000000000000000, 0.0000000000000000000 ) ) ;
#962 = CARTESIAN_POINT ( 'NONE',  ( -0.003658536585335686164, 0.008429893878922498085, 0.2999999999999999889 ) ) ;
#963 = ADVANCED_FACE ( 'NONE', ( #1690 ), #7307, .T. ) ;
#964 = CARTESIAN_POINT ( 'NONE',  ( -0.05609756097560985449, -0.2958763313808943640, 0.2999999999999999889 ) ) ;
#965 = DIRECTION ( 'NONE',  ( -0.0000000000000000000, -1.000000000000000000, -0.0000000000000000000 ) ) ;
#966 = ADVANCED_FACE ( 'NONE', ( #4637 ), #340, .F. ) ;
#967 =( GEOMETRIC_REPRESENTATION_CONTEXT ( 3 ) GLOBAL_UNCERTAINTY_ASSIGNED_CONTEXT ( ( #8125 ) ) GLOBAL_UNIT_ASSIGNED_CONTEXT ( ( #6498, #1211, #2593 ) ) REPRESENTATION_CONTEXT ( 'NONE', 'WORKASPACE' ) );
#968 =( GEOMETRIC_REPRESENTATION_CONTEXT ( 3 ) GLOBAL_UNCERTAINTY_ASSIGNED_CONTEXT ( ( #1550 ) ) GLOBAL_UNIT_ASSIGNED_CONTEXT ( ( #6204, #2915, #7472 ) ) REPRESENTATION_CONTEXT ( 'NONE', 'WORKASPACE' ) );
#969 = EDGE_LOOP ( 'NONE', ( #2848, #1583, #288, #5941 ) ) ;
#970 = EDGE_LOOP ( 'NONE', ( #8068, #4596, #613, #7348, #6875, #8222, #3691, #5476 ) ) ;
#971 =( LENGTH_UNIT ( ) NAMED_UNIT ( * ) SI_UNIT ( .MILLI., .METRE. ) );
#972 = CARTESIAN_POINT ( 'NONE',  ( -0.2024390243902438047, 0.2018369060740585474, 0.2999999999999999889 ) ) ;
#973 = ORIENTED_EDGE ( 'NONE', *, *, #1612, .T. ) ;
#974 = CARTESIAN_POINT ( 'NONE',  ( 0.0000000000000000000, -2.899999999999999467, 4.289999999999999147 ) ) ;
#975 = EDGE_CURVE ( 'NONE', #2295, #5991, #1789, .T. ) ;
#976 = SURFACE_SIDE_STYLE ('',( #5556 ) ) ;
#977 = CARTESIAN_POINT ( 'NONE',  ( -0.02195121951219501655, -0.08581553295033207684, 0.2999999999999999889 ) ) ;
#978 = CARTESIAN_POINT ( 'NONE',  ( -0.1999999999999999833, -0.03059449636496596597, 0.3099999999999999978 ) ) ;
#979 =( NAMED_UNIT ( * ) SI_UNIT ( $, .STERADIAN. ) SOLID_ANGLE_UNIT ( ) );
#980 = FACE_OUTER_BOUND ( 'NONE', #996, .T. ) ;
#981 = PLANE ( 'NONE',  #7638 ) ;
#982 = SURFACE_SIDE_STYLE ('',( #6772 ) ) ;
#983 = VERTEX_POINT ( 'NONE', #8264 ) ;
#984 = DIRECTION ( 'NONE',  ( 0.0000000000000000000, -0.0000000000000000000, -1.000000000000000000 ) ) ;
#985 = ORIENTED_EDGE ( 'NONE', *, *, #4668, .T. ) ;
#986 = DIRECTION ( 'NONE',  ( 0.0000000000000000000, -0.0000000000000000000, -1.000000000000000000 ) ) ;
#987 = STYLED_ITEM ( 'NONE', ( #4629 ), #8116 ) ;
#988 = CARTESIAN_POINT ( 'NONE',  ( -2.899999999999999911, -3.000000000000000000, 4.290000000000000036 ) ) ;
#989 = SURFACE_SIDE_STYLE ('',( #5202 ) ) ;
#990 = EDGE_CURVE ( 'NONE', #1933, #2480, #4025, .T. ) ;
#991 =( LENGTH_UNIT ( ) NAMED_UNIT ( * ) SI_UNIT ( .MILLI., .METRE. ) );
#992 = DIRECTION ( 'NONE',  ( 1.000000000000000000, -5.377293032891822581E-16, 0.0000000000000000000 ) ) ;
#993 = PRESENTATION_STYLE_ASSIGNMENT (( #8472 ) ) ;
#994 = ORIENTED_EDGE ( 'NONE', *, *, #246, .T. ) ;
#995 = EDGE_CURVE ( 'NONE', #8314, #7067, #2325, .T. ) ;
#996 = EDGE_LOOP ( 'NONE', ( #7326, #7031, #1239, #2731 ) ) ;
#997 = FILL_AREA_STYLE ('',( #3084 ) ) ;
#998 = EDGE_LOOP ( 'NONE', ( #4715, #4054, #5466, #7017 ) ) ;
#999 = VECTOR ( 'NONE', #5018, 1000.000000000000000 ) ;
#1000 = CARTESIAN_POINT ( 'NONE',  ( 0.9749999999999999778, 1.224999999999999645, 10.50000000000000000 ) ) ;
#1001 = DIRECTION ( 'NONE',  ( 0.0000000000000000000, -1.000000000000000000, 0.0000000000000000000 ) ) ;
#1002 = PRESENTATION_LAYER_ASSIGNMENT (  '', '', ( #8390 ) ) ;
#1003 = CARTESIAN_POINT ( 'NONE',  ( -0.1019435975609755685, -0.1647408378283807540, 0.3099999999999999978 ) ) ;
#1004 = DIRECTION ( 'NONE',  ( -0.0000000000000000000, -0.0000000000000000000, -1.000000000000000000 ) ) ;
#1005 = VERTEX_POINT ( 'NONE', #3591 ) ;
#1006 = EDGE_CURVE ( 'NONE', #5832, #7435, #693, .T. ) ;
#1007 = CARTESIAN_POINT ( 'NONE',  ( -0.1900403123785050497, 0.1547713572935706106, 0.2999999999999999889 ) ) ;
#1008 = ORIENTED_EDGE ( 'NONE', *, *, #6940, .F. ) ;
#1009 = SURFACE_STYLE_USAGE ( .BOTH. , #2998 ) ;
#1010 = PLANE ( 'NONE',  #5750 ) ;
#1011 = CIRCLE ( 'NONE', #2013, 0.1000000000000000472 ) ;
#1012 = CARTESIAN_POINT ( 'NONE',  ( -0.02195121951219501308, 0.0000000000000000000, 0.3099999999999999978 ) ) ;
#1013 = ORIENTED_EDGE ( 'NONE', *, *, #6078, .T. ) ;
#1014 = CARTESIAN_POINT ( 'NONE',  ( 0.8750000000000001110, -1.125000000000000444, 9.650000000000000355 ) ) ;
#1015 = DIRECTION ( 'NONE',  ( 0.0000000000000000000, 0.0000000000000000000, 1.000000000000000000 ) ) ;
#1016 = EDGE_LOOP ( 'NONE', ( #204, #5636, #3635, #6356 ) ) ;
#1017 = EDGE_LOOP ( 'NONE', ( #6986, #627, #8195, #2972 ) ) ;
#1018 = CARTESIAN_POINT ( 'NONE',  ( -0.1976576688199392640, 0.2271120615075461757, 0.2999999999999999889 ) ) ;
#1019 = AXIS2_PLACEMENT_3D ( 'NONE', #2007, #2097, #8011 ) ;
#1020 = CARTESIAN_POINT ( 'NONE',  ( 4.423600884796222096E-14, -0.07591286711844519308, 0.2999999999999999889 ) ) ;
#1021 = DIRECTION ( 'NONE',  ( 0.0000000000000000000, 0.0000000000000000000, -1.000000000000000000 ) ) ;
#1022 = SURFACE_SIDE_STYLE ('',( #72 ) ) ;
#1023 = ORIENTED_EDGE ( 'NONE', *, *, #7036, .T. ) ;
#1024 = CARTESIAN_POINT ( 'NONE',  ( -0.9749999999999999778, 1.224999999999999645, 7.799999999999999822 ) ) ;
#1025 = MECHANICAL_DESIGN_GEOMETRIC_PRESENTATION_REPRESENTATION (  '', ( #3559 ), #2995 ) ;
#1026 = ADVANCED_FACE ( 'NONE', ( #3399 ), #6921, .F. ) ;
#1027 = EDGE_LOOP ( 'NONE', ( #8137, #7675, #3834, #5520 ) ) ;
#1028 = B_SPLINE_CURVE_WITH_KNOTS ( 'NONE', 3,
 ( #4218, #4906, #3629, #3602, #4934 ),
 .UNSPECIFIED., .F., .F.,
 ( 4, 1, 4 ),
 ( 0.0000000000000000000, 0.4999999999999999445, 0.9999911411207080825 ),
 .UNSPECIFIED. ) ;
#1029 = EDGE_CURVE ( 'NONE', #1879, #201, #276, .T. ) ;
#1030 = ORIENTED_EDGE ( 'NONE', *, *, #4020, .F. ) ;
#1031 = ORIENTED_EDGE ( 'NONE', *, *, #1520, .T. ) ;
#1032 = CARTESIAN_POINT ( 'NONE',  ( -0.1676829268292681641, 0.1547713572935706106, 0.2999999999999999889 ) ) ;
#1033 = DIRECTION ( 'NONE',  ( 0.0000000000000000000, -0.0000000000000000000, -1.000000000000000000 ) ) ;
#1034 =( NAMED_UNIT ( * ) SI_UNIT ( $, .STERADIAN. ) SOLID_ANGLE_UNIT ( ) );
#1035 = VECTOR ( 'NONE', #2890, 1000.000000000000000 ) ;
#1036 = SURFACE_SIDE_STYLE ('',( #5311 ) ) ;
#1037 = DIRECTION ( 'NONE',  ( -0.0000000000000000000, -1.000000000000000000, -0.0000000000000000000 ) ) ;
#1038 = ADVANCED_FACE ( 'NONE', ( #2014 ), #4317, .T. ) ;
#1039 =( NAMED_UNIT ( * ) PLANE_ANGLE_UNIT ( ) SI_UNIT ( $, .RADIAN. ) );
#1040 = VECTOR ( 'NONE', #8418, 1000.000000000000000 ) ;
#1041 = ORIENTED_EDGE ( 'NONE', *, *, #1626, .T. ) ;
#1042 = FACE_OUTER_BOUND ( 'NONE', #8156, .T. ) ;
#1043 = PLANE ( 'NONE',  #6060 ) ;
#1044 = VERTEX_POINT ( 'NONE', #8145 ) ;
#1045 = ORIENTED_EDGE ( 'NONE', *, *, #1809, .F. ) ;
#1046 = EDGE_CURVE ( 'NONE', #423, #3325, #3695, .T. ) ;
#1047 = MECHANICAL_DESIGN_GEOMETRIC_PRESENTATION_REPRESENTATION (  '', ( #3010 ), #2838 ) ;
#1048 = SURFACE_STYLE_USAGE ( .BOTH. , #3717 ) ;
#1049 = AXIS2_PLACEMENT_3D ( 'NONE', #8481, #7212, #3844 ) ;
#1050 = VECTOR ( 'NONE', #4488, 1000.000000000000000 ) ;
#1051 = VECTOR ( 'NONE', #3895, 1000.000000000000000 ) ;
#1052 = FACE_OUTER_BOUND ( 'NONE', #4348, .T. ) ;
#1053 = VERTEX_POINT ( 'NONE', #1578 ) ;
#1054 = EDGE_CURVE ( 'NONE', #7943, #1395, #6980, .T. ) ;
#1055 = CARTESIAN_POINT ( 'NONE',  ( -1.084202172485504434E-16, -0.3574237646576489680, 0.2999999999999999889 ) ) ;
#1056 = EDGE_LOOP ( 'NONE', ( #3721, #4923, #927, #2641, #7987 ) ) ;
#1057 =( LENGTH_UNIT ( ) NAMED_UNIT ( * ) SI_UNIT ( .MILLI., .METRE. ) );
#1058 = CARTESIAN_POINT ( 'NONE',  ( -0.1615853658536586523, -0.2911508988039902546, 0.3099999999999999978 ) ) ;
#1059 = SURFACE_STYLE_FILL_AREA ( #6481 ) ;
#1060 = DIRECTION ( 'NONE',  ( 0.0000000000000000000, -0.0000000000000000000, 1.000000000000000000 ) ) ;
#1061 =( GEOMETRIC_REPRESENTATION_CONTEXT ( 3 ) GLOBAL_UNCERTAINTY_ASSIGNED_CONTEXT ( ( #5933 ) ) GLOBAL_UNIT_ASSIGNED_CONTEXT ( ( #5521, #2877, #901 ) ) REPRESENTATION_CONTEXT ( 'NONE', 'WORKASPACE' ) );
#1062 = UNCERTAINTY_MEASURE_WITH_UNIT (LENGTH_MEASURE( 1.000000000000000082E-05 ), #971, 'distance_accuracy_value', 'NONE');
#1063 = AXIS2_PLACEMENT_3D ( 'NONE', #5042, #3786, #700 ) ;
#1064 = VERTEX_POINT ( 'NONE', #1637 ) ;
#1065 = VECTOR ( 'NONE', #5973, 1000.000000000000000 ) ;
#1066 = COLOUR_RGB ( '',0.7764705882352941346, 0.7568627450980391913, 0.7372549019607843590 ) ;
#1067 = CARTESIAN_POINT ( 'NONE',  ( 4.150912291827595801, 1.700000000000000178, -0.001386042793148666626 ) ) ;
#1068 = FILL_AREA_STYLE ('',( #5642 ) ) ;
#1069 = ORIENTED_EDGE ( 'NONE', *, *, #2955, .T. ) ;
#1070 = DIRECTION ( 'NONE',  ( 1.000000000000000000, -0.0000000000000000000, -0.0000000000000000000 ) ) ;
#1071 = VERTEX_POINT ( 'NONE', #4199 ) ;
#1072 = SURFACE_STYLE_FILL_AREA ( #3771 ) ;
#1073 =( GEOMETRIC_REPRESENTATION_CONTEXT ( 3 ) GLOBAL_UNCERTAINTY_ASSIGNED_CONTEXT ( ( #7488 ) ) GLOBAL_UNIT_ASSIGNED_CONTEXT ( ( #8452, #6335, #4445 ) ) REPRESENTATION_CONTEXT ( 'NONE', 'WORKASPACE' ) );
#1074 = LINE ( 'NONE', #7969, #1170 ) ;
#1075 = VECTOR ( 'NONE', #4606, 1000.000000000000000 ) ;
#1076 = AXIS2_PLACEMENT_3D ( 'NONE', #5767, #2431, #7051 ) ;
#1077 = ORIENTED_EDGE ( 'NONE', *, *, #3958, .F. ) ;
#1078 =( NAMED_UNIT ( * ) SI_UNIT ( $, .STERADIAN. ) SOLID_ANGLE_UNIT ( ) );
#1079 = CIRCLE ( 'NONE', #5723, 0.1000000000000002554 ) ;
#1080 = CARTESIAN_POINT ( 'NONE',  ( 2.799999999999998934, 2.900000000000000355, 5.399999999999999467 ) ) ;
#1081 = VERTEX_POINT ( 'NONE', #4258 ) ;
#1082 = COLOUR_RGB ( '',0.4313725490196078649, 0.3529411764705882026, 0.3725490196078431460 ) ;
#1083 = DIRECTION ( 'NONE',  ( -0.4813095137127779144, -0.8765507127426052092, 0.0000000000000000000 ) ) ;
#1084 = EDGE_CURVE ( 'NONE', #506, #6723, #2112, .T. ) ;
#1085 = EDGE_CURVE ( 'NONE', #7935, #2923, #5862, .T. ) ;
#1086 = ADVANCED_FACE ( 'NONE', ( #8022 ), #1043, .F. ) ;
#1087 = CARTESIAN_POINT ( 'NONE',  ( 4.743384504624081899E-17, -0.2062042524625271878, 0.3099999999999999978 ) ) ;
#1088 = DIRECTION ( 'NONE',  ( 0.0000000000000000000, -1.000000000000000000, 0.0000000000000000000 ) ) ;
#1089 = ORIENTED_EDGE ( 'NONE', *, *, #4100, .F. ) ;
#1090 = CARTESIAN_POINT ( 'NONE',  ( -0.2000000000000001499, -0.2818140085600878697, 0.2999999999999999889 ) ) ;
#1091 =( NAMED_UNIT ( * ) SI_UNIT ( $, .STERADIAN. ) SOLID_ANGLE_UNIT ( ) );
#1092 = UNCERTAINTY_MEASURE_WITH_UNIT (LENGTH_MEASURE( 1.000000000000000082E-05 ), #6902, 'distance_accuracy_value', 'NONE');
#1093 = FACE_BOUND ( 'NONE', #2432, .T. ) ;
#1094 = B_SPLINE_CURVE_WITH_KNOTS ( 'NONE', 3,
 ( #6431, #8460, #7061, #4454, #1836 ),
 .UNSPECIFIED., .F., .F.,
 ( 4, 1, 4 ),
 ( 0.0000000000000000000, 0.4400102286265300533, 1.000000000000000000 ),
 .UNSPECIFIED. ) ;
#1095 = CARTESIAN_POINT ( 'NONE',  ( -0.09622713414634141704, 0.3035518450984487360, 0.2999999999999999889 ) ) ;
#1096 = ORIENTED_EDGE ( 'NONE', *, *, #2390, .F. ) ;
#1097 = PRESENTATION_LAYER_ASSIGNMENT (  '', '', ( #4727 ) ) ;
#1098 = CARTESIAN_POINT ( 'NONE',  ( -0.1780487804878047864, 0.01330794265942434468, 0.3099999999999999978 ) ) ;
#1099 = VERTEX_POINT ( 'NONE', #8292 ) ;
#1100 = EDGE_CURVE ( 'NONE', #6220, #1103, #367, .T. ) ;
#1101 = PRESENTATION_LAYER_ASSIGNMENT (  '', '', ( #7766 ) ) ;
#1102 = ORIENTED_EDGE ( 'NONE', *, *, #8474, .F. ) ;
#1103 = VERTEX_POINT ( 'NONE', #3004 ) ;
#1104 = LINE ( 'NONE', #7003, #911 ) ;
#1105 = FILL_AREA_STYLE_COLOUR ( '', #6352 ) ;
#1106 = LINE ( 'NONE', #680, #915 ) ;
#1107 = DIRECTION ( 'NONE',  ( 0.0000000000000000000, 1.000000000000000000, -0.0000000000000000000 ) ) ;
#1108 = CARTESIAN_POINT ( 'NONE',  ( -0.02134127791770141017, 0.1547713572935704718, 0.2999999999999999889 ) ) ;
#1109 = EDGE_CURVE ( 'NONE', #3538, #3498, #5971, .T. ) ;
#1110 = DIRECTION ( 'NONE',  ( 1.000000000000000000, 0.0000000000000000000, 0.0000000000000000000 ) ) ;
#1111 = COLOUR_RGB ( '',0.4313725490196078649, 0.3529411764705882026, 0.3725490196078431460 ) ;
#1112 = EDGE_LOOP ( 'NONE', ( #5178, #1254, #125, #2189 ) ) ;
#1113 =( LENGTH_UNIT ( ) NAMED_UNIT ( * ) SI_UNIT ( .MILLI., .METRE. ) );
#1114 = PRESENTATION_LAYER_ASSIGNMENT (  '', '', ( #3474 ) ) ;
#1115 = COLOUR_RGB ( '',0.7764705882352941346, 0.7568627450980391913, 0.7372549019607843590 ) ;
#1116 = CARTESIAN_POINT ( 'NONE',  ( -0.03333333333333330512, -0.2188058784787873523, 0.3099999999999999978 ) ) ;
#1117 = DIRECTION ( 'NONE',  ( 0.0000000000000000000, 0.0000000000000000000, -1.000000000000000000 ) ) ;
#1118 = DIRECTION ( 'NONE',  ( 0.0000000000000000000, 1.000000000000000000, 0.0000000000000000000 ) ) ;
#1119 = ORIENTED_EDGE ( 'NONE', *, *, #5551, .F. ) ;
#1120 = COLOUR_RGB ( '',0.4313725490196078649, 0.3529411764705882026, 0.3725490196078431460 ) ;
#1121 = CARTESIAN_POINT ( 'NONE',  ( -0.1286633637273350839, 0.2966325180661985583, 0.2999999999999999889 ) ) ;
#1122 = CARTESIAN_POINT ( 'NONE',  ( -0.2000000000000001499, -0.2818140085600878697, 0.2999999999999999889 ) ) ;
#1123 = AXIS2_PLACEMENT_3D ( 'NONE', #5532, #4917, #4313 ) ;
#1124 =( LENGTH_UNIT ( ) NAMED_UNIT ( * ) SI_UNIT ( .MILLI., .METRE. ) );
#1125 =( LENGTH_UNIT ( ) NAMED_UNIT ( * ) SI_UNIT ( .MILLI., .METRE. ) );
#1126 = ORIENTED_EDGE ( 'NONE', *, *, #6353, .T. ) ;
#1127 = EDGE_LOOP ( 'NONE', ( #2959, #148, #3352, #2416 ) ) ;
#1128 = SURFACE_STYLE_USAGE ( .BOTH. , #7742 ) ;
#1129 = FILL_AREA_STYLE_COLOUR ( '', #3058 ) ;
#1130 = LINE ( 'NONE', #7586, #4486 ) ;
#1131 = DIRECTION ( 'NONE',  ( 0.0000000000000000000, -0.0000000000000000000, -1.000000000000000000 ) ) ;
#1132 = ORIENTED_EDGE ( 'NONE', *, *, #4844, .F. ) ;
#1133 = AXIS2_PLACEMENT_3D ( 'NONE', #2676, #6049, #90 ) ;
#1134 =( NAMED_UNIT ( * ) SI_UNIT ( $, .STERADIAN. ) SOLID_ANGLE_UNIT ( ) );
#1135 = UNCERTAINTY_MEASURE_WITH_UNIT (LENGTH_MEASURE( 1.000000000000000082E-05 ), #3970, 'distance_accuracy_value', 'NONE');
#1136 = COLOUR_RGB ( '',0.4313725490196078649, 0.3529411764705882026, 0.3725490196078431460 ) ;
#1137 = CARTESIAN_POINT ( 'NONE',  ( -0.07804878048780491961, -0.2613109597796002270, 0.2999999999999999889 ) ) ;
#1138 = CIRCLE ( 'NONE', #5840, 0.1000000000000000472 ) ;
#1139 = CARTESIAN_POINT ( 'NONE',  ( -0.09024390243902426223, 0.01818599143991208450, 0.3099999999999999978 ) ) ;
#1140 = ORIENTED_EDGE ( 'NONE', *, *, #2721, .F. ) ;
#1141 = ORIENTED_EDGE ( 'NONE', *, *, #2176, .F. ) ;
#1142 = EDGE_LOOP ( 'NONE', ( #6587, #819, #5225, #6692 ) ) ;
#1143 = PLANE ( 'NONE',  #6816 ) ;
#1144 = AXIS2_PLACEMENT_3D ( 'NONE', #4797, #1458, #3371 ) ;
#1145 = EDGE_CURVE ( 'NONE', #2182, #5314, #4424, .T. ) ;
#1146 = FACE_OUTER_BOUND ( 'NONE', #4582, .T. ) ;
#1147 = FILL_AREA_STYLE ('',( #1181 ) ) ;
#1148 = FILL_AREA_STYLE_COLOUR ( '', #4808 ) ;
#1149 = VECTOR ( 'NONE', #5380, 1000.000000000000000 ) ;
#1150 = ORIENTED_EDGE ( 'NONE', *, *, #3342, .T. ) ;
#1151 = FILL_AREA_STYLE ('',( #3768 ) ) ;
#1152 = CARTESIAN_POINT ( 'NONE',  ( 0.9750000000000001998, -1.000000000000000000, 8.650000000000000355 ) ) ;
#1153 = CARTESIAN_POINT ( 'NONE',  ( 2.799999999999998934, 3.000000000000000000, 5.500000000000000000 ) ) ;
#1154 = CARTESIAN_POINT ( 'NONE',  ( -0.1825005441917567639, -0.1756963062883392102, 0.2999999999999999889 ) ) ;
#1155 = VECTOR ( 'NONE', #8328, 1000.000000000000000 ) ;
#1156 = LINE ( 'NONE', #1810, #6239 ) ;
#1157 = LINE ( 'NONE', #415, #4403 ) ;
#1158 = ORIENTED_EDGE ( 'NONE', *, *, #8541, .T. ) ;
#1159 = ORIENTED_EDGE ( 'NONE', *, *, #3075, .T. ) ;
#1160 = MECHANICAL_DESIGN_GEOMETRIC_PRESENTATION_REPRESENTATION (  '', ( #6059 ), #1588 ) ;
#1161 = ORIENTED_EDGE ( 'NONE', *, *, #3657, .F. ) ;
#1162 = CARTESIAN_POINT ( 'NONE',  ( -1.499999999999999778, 2.750000000000000444, 0.5000000000000000000 ) ) ;
#1163 = MECHANICAL_DESIGN_GEOMETRIC_PRESENTATION_REPRESENTATION (  '', ( #297 ), #2054 ) ;
#1164 = LINE ( 'NONE', #6214, #352 ) ;
#1165 =( NAMED_UNIT ( * ) PLANE_ANGLE_UNIT ( ) SI_UNIT ( $, .RADIAN. ) );
#1166 = FACE_OUTER_BOUND ( 'NONE', #673, .T. ) ;
#1167 = PLANE ( 'NONE',  #5675 ) ;
#1168 = EDGE_LOOP ( 'NONE', ( #3260, #2729, #97, #3472 ) ) ;
#1169 = DIRECTION ( 'NONE',  ( 1.000000000000000000, 0.0000000000000000000, -0.0000000000000000000 ) ) ;
#1170 = VECTOR ( 'NONE', #4662, 1000.000000000000000 ) ;
#1171 = CARTESIAN_POINT ( 'NONE',  ( -0.01036585365853647835, 0.1547713572935705273, 0.2999999999999999889 ) ) ;
#1172 = CARTESIAN_POINT ( 'NONE',  ( 1.500000000000000000, -2.750000000000000444, 0.5000000000000000000 ) ) ;
#1173 = STYLED_ITEM ( 'NONE', ( #761 ), #5415 ) ;
#1174 = PRESENTATION_LAYER_ASSIGNMENT (  '', '', ( #4752 ) ) ;
#1175 = ORIENTED_EDGE ( 'NONE', *, *, #1213, .T. ) ;
#1176 = CARTESIAN_POINT ( 'NONE',  ( 4.475347096579661155E-14, 0.0000000000000000000, 0.3099999999999999978 ) ) ;
#1177 =( LENGTH_UNIT ( ) NAMED_UNIT ( * ) SI_UNIT ( .MILLI., .METRE. ) );
#1178 = DIRECTION ( 'NONE',  ( 0.0000000000000000000, -0.0000000000000000000, -1.000000000000000000 ) ) ;
#1179 = DIRECTION ( 'NONE',  ( 0.0000000000000000000, 1.000000000000000000, -0.0000000000000000000 ) ) ;
#1180 = PLANE ( 'NONE',  #2895 ) ;
#1181 = FILL_AREA_STYLE_COLOUR ( '', #281 ) ;
#1182 = VERTEX_POINT ( 'NONE', #474 ) ;
#1183 = VECTOR ( 'NONE', #1972, 1000.000000000000000 ) ;
#1184 = STYLED_ITEM ( 'NONE', ( #5678 ), #6738 ) ;
#1185 = ORIENTED_EDGE ( 'NONE', *, *, #6614, .T. ) ;
#1186 = PRESENTATION_STYLE_ASSIGNMENT (( #182 ) ) ;
#1187 = PRESENTATION_LAYER_ASSIGNMENT (  '', '', ( #1783 ) ) ;
#1188 = FACE_OUTER_BOUND ( 'NONE', #5785, .T. ) ;
#1189 = CARTESIAN_POINT ( 'NONE',  ( 2.899999999999999023, 2.900000000000000355, 5.399999999999999467 ) ) ;
#1190 = DIRECTION ( 'NONE',  ( 0.0000000000000000000, 1.000000000000000000, -0.0000000000000000000 ) ) ;
#1191 = DIRECTION ( 'NONE',  ( -0.0000000000000000000, -1.000000000000000000, -0.0000000000000000000 ) ) ;
#1192 =( NAMED_UNIT ( * ) PLANE_ANGLE_UNIT ( ) SI_UNIT ( $, .RADIAN. ) );
#1193 = CARTESIAN_POINT ( 'NONE',  ( -2.449999999999999289, -2.299999999999999822, 0.2792893218813456979 ) ) ;
#1194 = SURFACE_STYLE_FILL_AREA ( #2545 ) ;
#1195 = CARTESIAN_POINT ( 'NONE',  ( -0.1689019294832495299, -0.2963377243317800724, 0.2999999999999999889 ) ) ;
#1196 = EDGE_LOOP ( 'NONE', ( #278, #6991, #8121, #7130 ) ) ;
#1197 = VECTOR ( 'NONE', #3941, 1000.000000000000000 ) ;
#1198 = UNCERTAINTY_MEASURE_WITH_UNIT (LENGTH_MEASURE( 1.000000000000000082E-05 ), #4061, 'distance_accuracy_value', 'NONE');
#1199 = CARTESIAN_POINT ( 'NONE',  ( -2.900000000000000799, 2.900000000000000355, 4.290000000000000036 ) ) ;
#1200 =( LENGTH_UNIT ( ) NAMED_UNIT ( * ) SI_UNIT ( .MILLI., .METRE. ) );
#1201 = PRESENTATION_LAYER_ASSIGNMENT (  '', '', ( #3559 ) ) ;
#1202 = DIRECTION ( 'NONE',  ( 1.000000000000000000, 0.0000000000000000000, 0.0000000000000000000 ) ) ;
#1203 = EDGE_CURVE ( 'NONE', #5779, #2864, #2755, .T. ) ;
#1204 = DIRECTION ( 'NONE',  ( -1.000000000000000000, 0.0000000000000000000, 0.0000000000000000000 ) ) ;
#1205 =( LENGTH_UNIT ( ) NAMED_UNIT ( * ) SI_UNIT ( .MILLI., .METRE. ) );
#1206 = VERTEX_POINT ( 'NONE', #1751 ) ;
#1207 = EDGE_LOOP ( 'NONE', ( #6571, #5417, #5843, #7876, #4997 ) ) ;
#1208 = LINE ( 'NONE', #3631, #1501 ) ;
#1209 = DIRECTION ( 'NONE',  ( -0.0000000000000000000, -1.000000000000000000, -0.0000000000000000000 ) ) ;
#1210 = PRESENTATION_STYLE_ASSIGNMENT (( #5077 ) ) ;
#1211 =( NAMED_UNIT ( * ) PLANE_ANGLE_UNIT ( ) SI_UNIT ( $, .RADIAN. ) );
#1212 = ORIENTED_EDGE ( 'NONE', *, *, #1828, .F. ) ;
#1213 = EDGE_CURVE ( 'NONE', #6497, #8030, #4391, .T. ) ;
#1214 = ADVANCED_FACE ( 'NONE', ( #980 ), #5181, .F. ) ;
#1215 = DIRECTION ( 'NONE',  ( -1.000000000000000000, 0.0000000000000000000, 0.0000000000000000000 ) ) ;
#1216 = AXIS2_PLACEMENT_3D ( 'NONE', #6555, #5261, #2651 ) ;
#1217 = PRESENTATION_LAYER_ASSIGNMENT (  '', '', ( #6568 ) ) ;
#1218 = SURFACE_STYLE_FILL_AREA ( #903 ) ;
#1219 = EDGE_LOOP ( 'NONE', ( #7023, #3007, #4028, #3222 ) ) ;
#1220 =( NAMED_UNIT ( * ) PLANE_ANGLE_UNIT ( ) SI_UNIT ( $, .RADIAN. ) );
#1221 = CARTESIAN_POINT ( 'NONE',  ( -0.01036585365853647835, 0.1547713572935705273, 0.2999999999999999889 ) ) ;
#1222 = EDGE_CURVE ( 'NONE', #8112, #7378, #4017, .T. ) ;
#1223 = DIRECTION ( 'NONE',  ( 1.000000000000000000, 0.0000000000000000000, 0.0000000000000000000 ) ) ;
#1224 = DIRECTION ( 'NONE',  ( 0.0000000000000000000, 1.000000000000000000, 0.0000000000000000000 ) ) ;
#1225 =( GEOMETRIC_REPRESENTATION_CONTEXT ( 3 ) GLOBAL_UNCERTAINTY_ASSIGNED_CONTEXT ( ( #2850 ) ) GLOBAL_UNIT_ASSIGNED_CONTEXT ( ( #6268, #1614, #2457 ) ) REPRESENTATION_CONTEXT ( 'NONE', 'WORKASPACE' ) );
#1226 = CARTESIAN_POINT ( 'NONE',  ( 1.000000000000000000, -3.000000000000000000, 4.289999999999999147 ) ) ;
#1227 = ORIENTED_EDGE ( 'NONE', *, *, #1831, .T. ) ;
#1228 = STYLED_ITEM ( 'NONE', ( #684 ), #1372 ) ;
#1229 = ORIENTED_EDGE ( 'NONE', *, *, #4746, .T. ) ;
#1230 = DIRECTION ( 'NONE',  ( -0.0000000000000000000, -1.000000000000000000, -0.0000000000000000000 ) ) ;
#1231 =( LENGTH_UNIT ( ) NAMED_UNIT ( * ) SI_UNIT ( .MILLI., .METRE. ) );
#1232 = DIRECTION ( 'NONE',  ( 1.000000000000000000, 0.0000000000000000000, 0.0000000000000000000 ) ) ;
#1233 = EDGE_LOOP ( 'NONE', ( #4515, #54, #8430, #1008 ) ) ;
#1234 = ORIENTED_EDGE ( 'NONE', *, *, #4718, .F. ) ;
#1235 = SURFACE_STYLE_USAGE ( .BOTH. , #28 ) ;
#1236 = DIRECTION ( 'NONE',  ( 0.0000000000000000000, 1.000000000000000000, 0.0000000000000000000 ) ) ;
#1237 = AXIS2_PLACEMENT_3D ( 'NONE', #6222, #2305, #380 ) ;
#1238 = SURFACE_STYLE_FILL_AREA ( #907 ) ;
#1239 = ORIENTED_EDGE ( 'NONE', *, *, #932, .T. ) ;
#1240 =( NAMED_UNIT ( * ) PLANE_ANGLE_UNIT ( ) SI_UNIT ( $, .RADIAN. ) );
#1241 = ORIENTED_EDGE ( 'NONE', *, *, #8144, .T. ) ;
#1242 = VECTOR ( 'NONE', #4640, 1000.000000000000000 ) ;
#1243 = VERTEX_POINT ( 'NONE', #7099 ) ;
#1244 = EDGE_CURVE ( 'NONE', #1321, #3190, #2852, .T. ) ;
#1245 = COLOUR_RGB ( '',0.7764705882352941346, 0.7568627450980391913, 0.7372549019607843590 ) ;
#1246 = DIRECTION ( 'NONE',  ( -0.0000000000000000000, -0.0000000000000000000, -1.000000000000000000 ) ) ;
#1247 = CARTESIAN_POINT ( 'NONE',  ( -4.150912291827595801, 1.700000000000000178, 0.2890877081724208542 ) ) ;
#1248 = ORIENTED_EDGE ( 'NONE', *, *, #2238, .T. ) ;
#1249 = DIRECTION ( 'NONE',  ( 0.0000000000000000000, -1.000000000000000000, 0.0000000000000000000 ) ) ;
#1250 = LINE ( 'NONE', #2370, #1970 ) ;
#1251 = EDGE_CURVE ( 'NONE', #4316, #7039, #5144, .T. ) ;
#1252 = CARTESIAN_POINT ( 'NONE',  ( 2.800000000000000266, -3.000000000000000000, 4.299999999999999822 ) ) ;
#1253 = ORIENTED_EDGE ( 'NONE', *, *, #4618, .T. ) ;
#1254 = ORIENTED_EDGE ( 'NONE', *, *, #4159, .T. ) ;
#1255 = DIRECTION ( 'NONE',  ( 0.5078765015848867304, 0.0000000000000000000, -0.8614298921780556562 ) ) ;
#1256 = COLOUR_RGB ( '',1.000000000000000000, 1.000000000000000000, 1.000000000000000000 ) ;
#1257 = ADVANCED_FACE ( 'NONE', ( #458 ), #1874, .F. ) ;
#1258 = CARTESIAN_POINT ( 'NONE',  ( -0.09622713414634141704, 0.3035518450984487360, 0.3099999999999999978 ) ) ;
#1259 = LINE ( 'NONE', #1804, #7679 ) ;
#1260 = VECTOR ( 'NONE', #112, 1000.000000000000000 ) ;
#1261 =( NAMED_UNIT ( * ) SI_UNIT ( $, .STERADIAN. ) SOLID_ANGLE_UNIT ( ) );
#1262 = VERTEX_POINT ( 'NONE', #7795 ) ;
#1263 = AXIS2_PLACEMENT_3D ( 'NONE', #7449, #1517, #4919 ) ;
#1264 = EDGE_CURVE ( 'NONE', #6730, #6336, #3390, .T. ) ;
#1265 = LINE ( 'NONE', #898, #3170 ) ;
#1266 = DIRECTION ( 'NONE',  ( 0.0000000000000000000, -0.0000000000000000000, -1.000000000000000000 ) ) ;
#1267 = VECTOR ( 'NONE', #4693, 1000.000000000000000 ) ;
#1268 = CARTESIAN_POINT ( 'NONE',  ( 2.899999999999999023, 2.900000000000000355, 4.290000000000000036 ) ) ;
#1269 = CARTESIAN_POINT ( 'NONE',  ( -1.092076380707581558E-16, -0.3866920573405758232, 0.2999999999999999889 ) ) ;
#1270 = CARTESIAN_POINT ( 'NONE',  ( -0.02195121951219502002, 0.04867362965129411884, 0.2999999999999999889 ) ) ;
#1271 = VERTEX_POINT ( 'NONE', #1902 ) ;
#1272 = VECTOR ( 'NONE', #5198, 1000.000000000000000 ) ;
#1273 = COLOUR_RGB ( '',0.7764705882352941346, 0.7568627450980391913, 0.7372549019607843590 ) ;
#1274 = CARTESIAN_POINT ( 'NONE',  ( 2.800000000000000266, -3.000000000000000000, 0.2999999999999999889 ) ) ;
#1275 = AXIS2_PLACEMENT_3D ( 'NONE', #7020, #1107, #3745 ) ;
#1276 = VERTEX_POINT ( 'NONE', #8524 ) ;
#1277 = AXIS2_PLACEMENT_3D ( 'NONE', #7425, #755, #6181 ) ;
#1278 = FILL_AREA_STYLE_COLOUR ( '', #78 ) ;
#1279 = ORIENTED_EDGE ( 'NONE', *, *, #4771, .F. ) ;
#1280 = FACE_OUTER_BOUND ( 'NONE', #8076, .T. ) ;
#1281 = SURFACE_STYLE_FILL_AREA ( #7304 ) ;
#1282 = DIRECTION ( 'NONE',  ( 0.0000000000000000000, 0.0000000000000000000, -1.000000000000000000 ) ) ;
#1283 = EDGE_CURVE ( 'NONE', #2953, #602, #6472, .T. ) ;
#1284 = CARTESIAN_POINT ( 'NONE',  ( 0.0000000000000000000, 0.0000000000000000000, 0.5000000000000000000 ) ) ;
#1285 = VERTEX_POINT ( 'NONE', #3250 ) ;
#1286 = SURFACE_STYLE_USAGE ( .BOTH. , #5286 ) ;
#1287 = PRESENTATION_LAYER_ASSIGNMENT (  '', '', ( #7793 ) ) ;
#1288 = DIRECTION ( 'NONE',  ( -1.239088197126290817E-16, 1.000000000000000000, -0.0000000000000000000 ) ) ;
#1289 = VECTOR ( 'NONE', #406, 1000.000000000000000 ) ;
#1290 = UNCERTAINTY_MEASURE_WITH_UNIT (LENGTH_MEASURE( 1.000000000000000082E-05 ), #8312, 'distance_accuracy_value', 'NONE');
#1291 =( LENGTH_UNIT ( ) NAMED_UNIT ( * ) SI_UNIT ( .MILLI., .METRE. ) );
#1292 = ORIENTED_EDGE ( 'NONE', *, *, #3789, .F. ) ;
#1293 = EDGE_CURVE ( 'NONE', #7282, #1718, #1782, .T. ) ;
#1294 = FACE_BOUND ( 'NONE', #5860, .T. ) ;
#1295 = DIRECTION ( 'NONE',  ( 1.000000000000000000, 0.0000000000000000000, 0.0000000000000000000 ) ) ;
#1296 = B_SPLINE_CURVE_WITH_KNOTS ( 'NONE', 3,
 ( #3812, #4536, #3228, #580, #7836 ),
 .UNSPECIFIED., .F., .F.,
 ( 4, 1, 4 ),
 ( 0.0000000000000000000, 0.5000000000000000000, 0.9999974999999998726 ),
 .UNSPECIFIED. ) ;
#1297 = AXIS2_PLACEMENT_3D ( 'NONE', #2398, #1702, #1732 ) ;
#1298 = ORIENTED_EDGE ( 'NONE', *, *, #2791, .F. ) ;
#1299 = ORIENTED_EDGE ( 'NONE', *, *, #1328, .T. ) ;
#1300 = VECTOR ( 'NONE', #1482, 1000.000000000000000 ) ;
#1301 = CARTESIAN_POINT ( 'NONE',  ( 2.485912291827593545, -2.299999999999999822, 0.2890877081724074205 ) ) ;
#1302 = CARTESIAN_POINT ( 'NONE',  ( -0.05609756097560978511, -0.2545655329503319630, 0.2999999999999999889 ) ) ;
#1303 = CARTESIAN_POINT ( 'NONE',  ( 0.0000000000000000000, 0.08891769875698531111, 0.3099999999999999978 ) ) ;
#1304 = SURFACE_STYLE_FILL_AREA ( #7811 ) ;
#1305 = EDGE_LOOP ( 'NONE', ( #30, #312, #6014, #4362 ) ) ;
#1306 = ORIENTED_EDGE ( 'NONE', *, *, #6339, .F. ) ;
#1307 = LINE ( 'NONE', #2032, #8157 ) ;
#1308 = EDGE_CURVE ( 'NONE', #1718, #8234, #1074, .T. ) ;
#1309 = DIRECTION ( 'NONE',  ( 8.850629979473506011E-17, -1.000000000000000000, -0.0000000000000000000 ) ) ;
#1310 = ORIENTED_EDGE ( 'NONE', *, *, #2269, .F. ) ;
#1311 = CARTESIAN_POINT ( 'NONE',  ( -0.8749999999999995559, -1.125000000000000666, 10.50000000000000000 ) ) ;
#1312 =( NAMED_UNIT ( * ) PLANE_ANGLE_UNIT ( ) SI_UNIT ( $, .RADIAN. ) );
#1313 = DIRECTION ( 'NONE',  ( -1.445602896647339163E-16, 1.000000000000000000, -0.0000000000000000000 ) ) ;
#1314 = UNCERTAINTY_MEASURE_WITH_UNIT (LENGTH_MEASURE( 1.000000000000000082E-05 ), #7142, 'distance_accuracy_value', 'NONE');
#1315 = COLOUR_RGB ( '',0.4313725490196078649, 0.3529411764705882026, 0.3725490196078431460 ) ;
#1316 = AXIS2_PLACEMENT_3D ( 'NONE', #1311, #2561, #2534 ) ;
#1317 = DIRECTION ( 'NONE',  ( 0.0000000000000000000, 0.0000000000000000000, -1.000000000000000000 ) ) ;
#1318 =( GEOMETRIC_REPRESENTATION_CONTEXT ( 3 ) GLOBAL_UNCERTAINTY_ASSIGNED_CONTEXT ( ( #7262 ) ) GLOBAL_UNIT_ASSIGNED_CONTEXT ( ( #7825, #6573, #7365 ) ) REPRESENTATION_CONTEXT ( 'NONE', 'WORKASPACE' ) );
#1319 = SURFACE_STYLE_FILL_AREA ( #5999 ) ;
#1320 = LINE ( 'NONE', #4439, #4679 ) ;
#1321 = VERTEX_POINT ( 'NONE', #4008 ) ;
#1322 = COLOUR_RGB ( '',0.7764705882352941346, 0.7568627450980391913, 0.7372549019607843590 ) ;
#1323 = LINE ( 'NONE', #6976, #1635 ) ;
#1324 = DIRECTION ( 'NONE',  ( 1.322197771323786684E-17, 0.0000000000000000000, 1.000000000000000000 ) ) ;
#1325 = ORIENTED_EDGE ( 'NONE', *, *, #7043, .F. ) ;
#1326 = DIRECTION ( 'NONE',  ( 8.673617379884072943E-16, -1.000000000000000000, 0.0000000000000000000 ) ) ;
#1327 =( NAMED_UNIT ( * ) SI_UNIT ( $, .STERADIAN. ) SOLID_ANGLE_UNIT ( ) );
#1328 = EDGE_CURVE ( 'NONE', #6497, #4066, #5758, .T. ) ;
#1329 = DIRECTION ( 'NONE',  ( 0.0000000000000000000, -0.0000000000000000000, -1.000000000000000000 ) ) ;
#1330 = ADVANCED_FACE ( 'NONE', ( #7081 ), #7703, .T. ) ;
#1331 = AXIS2_PLACEMENT_3D ( 'NONE', #4292, #5037, #6327 ) ;
#1332 = AXIS2_PLACEMENT_3D ( 'NONE', #7953, #6763, #7398 ) ;
#1333 = EDGE_LOOP ( 'NONE', ( #6548, #2346, #4015, #8015 ) ) ;
#1334 = SURFACE_SIDE_STYLE ('',( #1400 ) ) ;
#1335 = SURFACE_STYLE_FILL_AREA ( #6261 ) ;
#1336 = ORIENTED_EDGE ( 'NONE', *, *, #1945, .F. ) ;
#1337 = CARTESIAN_POINT ( 'NONE',  ( 0.0000000000000000000, 0.0000000000000000000, 0.5000000000000000000 ) ) ;
#1338 = EDGE_CURVE ( 'NONE', #38, #6723, #5249, .T. ) ;
#1339 = LINE ( 'NONE', #4471, #7887 ) ;
#1340 = ORIENTED_EDGE ( 'NONE', *, *, #7066, .F. ) ;
#1341 = DIRECTION ( 'NONE',  ( -0.0000000000000000000, 1.000000000000000000, -0.0000000000000000000 ) ) ;
#1342 = LINE ( 'NONE', #5277, #8194 ) ;
#1343 = ORIENTED_EDGE ( 'NONE', *, *, #5260, .F. ) ;
#1344 =( GEOMETRIC_REPRESENTATION_CONTEXT ( 3 ) GLOBAL_UNCERTAINTY_ASSIGNED_CONTEXT ( ( #4653 ) ) GLOBAL_UNIT_ASSIGNED_CONTEXT ( ( #5768, #1762, #2468 ) ) REPRESENTATION_CONTEXT ( 'NONE', 'WORKASPACE' ) );
#1345 = CARTESIAN_POINT ( 'NONE',  ( 4.540330094896443531E-14, 0.02631640607404037852, 0.2999999999999999889 ) ) ;
#1346 =( GEOMETRIC_REPRESENTATION_CONTEXT ( 3 ) GLOBAL_UNCERTAINTY_ASSIGNED_CONTEXT ( ( #4986 ) ) GLOBAL_UNIT_ASSIGNED_CONTEXT ( ( #2333, #8300, #5074 ) ) REPRESENTATION_CONTEXT ( 'NONE', 'WORKASPACE' ) );
#1347 = SURFACE_SIDE_STYLE ('',( #8447 ) ) ;
#1348 = COLOUR_RGB ( '',0.4313725490196078649, 0.3529411764705882026, 0.3725490196078431460 ) ;
#1349 = DIRECTION ( 'NONE',  ( 0.2499999999999998057, -0.0000000000000000000, -0.9682458365518542553 ) ) ;
#1350 = FACE_OUTER_BOUND ( 'NONE', #4073, .T. ) ;
#1351 = EDGE_LOOP ( 'NONE', ( #8305, #4170, #4950, #656 ) ) ;
#1352 = SURFACE_STYLE_USAGE ( .BOTH. , #721 ) ;
#1353 = CARTESIAN_POINT ( 'NONE',  ( -0.02195121951219501308, -0.05742376465764913868, 0.2999999999999999889 ) ) ;
#1354 = CARTESIAN_POINT ( 'NONE',  ( -0.8749999999999995559, -1.225000000000000533, 10.50000000000000000 ) ) ;
#1355 = EDGE_CURVE ( 'NONE', #8209, #2792, #5554, .T. ) ;
#1356 =( LENGTH_UNIT ( ) NAMED_UNIT ( * ) SI_UNIT ( .MILLI., .METRE. ) );
#1357 = COLOUR_RGB ( '',0.7764705882352941346, 0.7568627450980391913, 0.7372549019607843590 ) ;
#1358 = FACE_OUTER_BOUND ( 'NONE', #4722, .T. ) ;
#1359 = CYLINDRICAL_SURFACE ( 'NONE', #7290, 0.09999999999999982514 ) ;
#1360 = EDGE_CURVE ( 'NONE', #1558, #5699, #4208, .T. ) ;
#1361 = ORIENTED_EDGE ( 'NONE', *, *, #6890, .T. ) ;
#1362 = ORIENTED_EDGE ( 'NONE', *, *, #689, .F. ) ;
#1363 = DIRECTION ( 'NONE',  ( 0.0000000000000000000, -0.0000000000000000000, -1.000000000000000000 ) ) ;
#1364 =( LENGTH_UNIT ( ) NAMED_UNIT ( * ) SI_UNIT ( .MILLI., .METRE. ) );
#1365 = CARTESIAN_POINT ( 'NONE',  ( -4.150912291827595801, 0.2999999999999999334, -0.001386042793148558206 ) ) ;
#1366 = EDGE_CURVE ( 'NONE', #7943, #4751, #6161, .T. ) ;
#1367 = CARTESIAN_POINT ( 'NONE',  ( -0.1121951219512194037, 0.05355167843178204601, 0.2999999999999999889 ) ) ;
#1368 = ORIENTED_EDGE ( 'NONE', *, *, #7036, .F. ) ;
#1369 = CARTESIAN_POINT ( 'NONE',  ( 1.500000000000000000, 2.750000000000000444, 0.5000000000000000000 ) ) ;
#1370 = DIRECTION ( 'NONE',  ( 0.0000000000000000000, 1.000000000000000000, 0.0000000000000000000 ) ) ;
#1371 = SURFACE_STYLE_FILL_AREA ( #6886 ) ;
#1372 = ADVANCED_FACE ( 'NONE', ( #3803 ), #6673, .F. ) ;
#1373 = FILL_AREA_STYLE_COLOUR ( '', #459 ) ;
#1374 = EDGE_LOOP ( 'NONE', ( #3603, #3432, #1640, #4717 ) ) ;
#1375 = EDGE_CURVE ( 'NONE', #3277, #4379, #7599, .T. ) ;
#1376 = CIRCLE ( 'NONE', #2732, 0.09999999999999982514 ) ;
#1377 = FACE_OUTER_BOUND ( 'NONE', #868, .T. ) ;
#1378 = PRESENTATION_LAYER_ASSIGNMENT (  '', '', ( #639 ) ) ;
#1379 =( NAMED_UNIT ( * ) PLANE_ANGLE_UNIT ( ) SI_UNIT ( $, .RADIAN. ) );
#1380 =( NAMED_UNIT ( * ) PLANE_ANGLE_UNIT ( ) SI_UNIT ( $, .RADIAN. ) );
#1381 =( GEOMETRIC_REPRESENTATION_CONTEXT ( 3 ) GLOBAL_UNCERTAINTY_ASSIGNED_CONTEXT ( ( #8153 ) ) GLOBAL_UNIT_ASSIGNED_CONTEXT ( ( #3720, #6960, #2430 ) ) REPRESENTATION_CONTEXT ( 'NONE', 'WORKASPACE' ) );
#1382 = FILL_AREA_STYLE ('',( #7975 ) ) ;
#1383 = LINE ( 'NONE', #3933, #3497 ) ;
#1384 = EDGE_CURVE ( 'NONE', #1744, #5617, #167, .T. ) ;
#1385 = CARTESIAN_POINT ( 'NONE',  ( 4.519906605862593068E-14, 0.008429893878912603222, 0.2999999999999999889 ) ) ;
#1386 = ADVANCED_FACE ( 'NONE', ( #5546 ), #7752, .T. ) ;
#1387 = ORIENTED_EDGE ( 'NONE', *, *, #2255, .F. ) ;
#1388 = VECTOR ( 'NONE', #5929, 1000.000000000000000 ) ;
#1389 = SURFACE_STYLE_FILL_AREA ( #108 ) ;
#1390 = DIRECTION ( 'NONE',  ( 1.000000000000000000, 0.0000000000000000000, 0.0000000000000000000 ) ) ;
#1391 = COLOUR_RGB ( '',0.4313725490196078649, 0.3529411764705882026, 0.3725490196078431460 ) ;
#1392 = CARTESIAN_POINT ( 'NONE',  ( -0.1780487804878048419, 0.08891769875698535275, 0.2999999999999999889 ) ) ;
#1393 = UNCERTAINTY_MEASURE_WITH_UNIT (LENGTH_MEASURE( 1.000000000000000082E-05 ), #6559, 'distance_accuracy_value', 'NONE');
#1394 = PRESENTATION_LAYER_ASSIGNMENT (  '', '', ( #4423 ) ) ;
#1395 = VERTEX_POINT ( 'NONE', #3178 ) ;
#1396 = FACE_OUTER_BOUND ( 'NONE', #3403, .T. ) ;
#1397 = STYLED_ITEM ( 'NONE', ( #5332 ), #2579 ) ;
#1398 = LINE ( 'NONE', #7443, #2465 ) ;
#1399 = CARTESIAN_POINT ( 'NONE',  ( 0.8750000000000001110, -1.225000000000000533, 10.40000000000000213 ) ) ;
#1400 = SURFACE_STYLE_FILL_AREA ( #3350 ) ;
#1401 = CARTESIAN_POINT ( 'NONE',  ( 1.450000000000000400, -1.650000000000000355, 7.799999999999999822 ) ) ;
#1402 = EDGE_CURVE ( 'NONE', #3917, #5715, #4406, .T. ) ;
#1403 = VERTEX_POINT ( 'NONE', #3153 ) ;
#1404 = DIRECTION ( 'NONE',  ( -1.000000000000000000, -0.0000000000000000000, -0.0000000000000000000 ) ) ;
#1405 = EDGE_LOOP ( 'NONE', ( #6244, #4619, #848, #4559 ) ) ;
#1406 = LINE ( 'NONE', #6281, #8259 ) ;
#1407 = VECTOR ( 'NONE', #4626, 1000.000000000000000 ) ;
#1408 = EDGE_CURVE ( 'NONE', #5617, #6689, #2313, .T. ) ;
#1409 = DIRECTION ( 'NONE',  ( -0.3393303772748778591, -0.9406672605435405510, 0.0000000000000000000 ) ) ;
#1410 = ORIENTED_EDGE ( 'NONE', *, *, #2609, .F. ) ;
#1411 = SURFACE_SIDE_STYLE ('',( #243 ) ) ;
#1412 = FILL_AREA_STYLE ('',( #4795 ) ) ;
#1413 = CARTESIAN_POINT ( 'NONE',  ( -1.084202172485504434E-16, -0.3574237646576489680, 0.2999999999999999889 ) ) ;
#1414 = DIRECTION ( 'NONE',  ( -1.000000000000000000, -0.0000000000000000000, -0.0000000000000000000 ) ) ;
#1415 = PRESENTATION_LAYER_ASSIGNMENT (  '', '', ( #987 ) ) ;
#1416 = ORIENTED_EDGE ( 'NONE', *, *, #6048, .T. ) ;
#1417 = DIRECTION ( 'NONE',  ( 1.000000000000000000, 0.0000000000000000000, -0.0000000000000000000 ) ) ;
#1418 = DIRECTION ( 'NONE',  ( 0.0000000000000000000, 1.000000000000000000, 0.0000000000000000000 ) ) ;
#1419 = UNCERTAINTY_MEASURE_WITH_UNIT (LENGTH_MEASURE( 1.000000000000000082E-05 ), #5640, 'distance_accuracy_value', 'NONE');
#1420 = ORIENTED_EDGE ( 'NONE', *, *, #916, .F. ) ;
#1421 = VERTEX_POINT ( 'NONE', #1090 ) ;
#1422 = DIRECTION ( 'NONE',  ( -1.587581752568060684E-15, 1.000000000000000000, 0.0000000000000000000 ) ) ;
#1423 = DIRECTION ( 'NONE',  ( 0.0000000000000000000, 0.0000000000000000000, 1.000000000000000000 ) ) ;
#1424 = DIRECTION ( 'NONE',  ( 0.0000000000000000000, 0.0000000000000000000, -1.000000000000000000 ) ) ;
#1425 = MECHANICAL_DESIGN_GEOMETRIC_PRESENTATION_REPRESENTATION (  '', ( #7541 ), #2168 ) ;
#1426 = PRESENTATION_STYLE_ASSIGNMENT (( #5000 ) ) ;
#1427 =( GEOMETRIC_REPRESENTATION_CONTEXT ( 3 ) GLOBAL_UNCERTAINTY_ASSIGNED_CONTEXT ( ( #3787 ) ) GLOBAL_UNIT_ASSIGNED_CONTEXT ( ( #1726, #7040, #5063 ) ) REPRESENTATION_CONTEXT ( 'NONE', 'WORKASPACE' ) );
#1428 = VERTEX_POINT ( 'NONE', #7753 ) ;
#1429 = CARTESIAN_POINT ( 'NONE',  ( -0.9749999999999996447, -1.125000000000000888, 10.50000000000000000 ) ) ;
#1430 = FILL_AREA_STYLE ('',( #807 ) ) ;
#1431 =( LENGTH_UNIT ( ) NAMED_UNIT ( * ) SI_UNIT ( .MILLI., .METRE. ) );
#1432 = CARTESIAN_POINT ( 'NONE',  ( 2.900000000000000355, -3.000000000000000000, 5.399999999999999467 ) ) ;
#1433 = ORIENTED_EDGE ( 'NONE', *, *, #6458, .F. ) ;
#1434 = LINE ( 'NONE', #8161, #2612 ) ;
#1435 = ORIENTED_EDGE ( 'NONE', *, *, #85, .T. ) ;
#1436 = CARTESIAN_POINT ( 'NONE',  ( -0.02195121951219511716, 0.3962347719277171665, 0.2999999999999999889 ) ) ;
#1437 = AXIS2_PLACEMENT_3D ( 'NONE', #3256, #9, #4695 ) ;
#1438 = FACE_OUTER_BOUND ( 'NONE', #5602, .T. ) ;
#1439 = STYLED_ITEM ( 'NONE', ( #7786 ), #2124 ) ;
#1440 = CARTESIAN_POINT ( 'NONE',  ( -0.1676829268292681641, 0.1547713572935706106, 0.2999999999999999889 ) ) ;
#1441 = ORIENTED_EDGE ( 'NONE', *, *, #330, .F. ) ;
#1442 = VERTEX_POINT ( 'NONE', #5112 ) ;
#1443 = UNCERTAINTY_MEASURE_WITH_UNIT (LENGTH_MEASURE( 1.000000000000000082E-05 ), #8127, 'distance_accuracy_value', 'NONE');
#1444 = LINE ( 'NONE', #6146, #2629 ) ;
#1445 = LINE ( 'NONE', #305, #2733 ) ;
#1446 = FACE_OUTER_BOUND ( 'NONE', #4339, .T. ) ;
#1447 = PRESENTATION_LAYER_ASSIGNMENT (  '', '', ( #4609 ) ) ;
#1448 =( NAMED_UNIT ( * ) SI_UNIT ( $, .STERADIAN. ) SOLID_ANGLE_UNIT ( ) );
#1449 = VERTEX_POINT ( 'NONE', #6396 ) ;
#1450 = CARTESIAN_POINT ( 'NONE',  ( -0.01235192601029994758, -0.1685994980976595614, 0.2999999999999999889 ) ) ;
#1451 = ADVANCED_FACE ( 'NONE', ( #568 ), #3819, .T. ) ;
#1452 = ORIENTED_EDGE ( 'NONE', *, *, #6111, .T. ) ;
#1453 = CARTESIAN_POINT ( 'NONE',  ( 2.800000000000000266, -2.900000000000000355, 5.399999999999999467 ) ) ;
#1454 = CARTESIAN_POINT ( 'NONE',  ( -0.1121951219512194176, 0.0000000000000000000, 0.3099999999999999978 ) ) ;
#1455 = AXIS2_PLACEMENT_3D ( 'NONE', #8532, #5930, #1944 ) ;
#1456 = DIRECTION ( 'NONE',  ( -1.000000000000000000, -0.0000000000000000000, -0.0000000000000000000 ) ) ;
#1457 = DIRECTION ( 'NONE',  ( -0.0000000000000000000, -0.0000000000000000000, 1.000000000000000000 ) ) ;
#1458 = DIRECTION ( 'NONE',  ( -0.0000000000000000000, 0.0000000000000000000, -1.000000000000000000 ) ) ;
#1459 = EDGE_CURVE ( 'NONE', #6304, #5761, #1993, .T. ) ;
#1460 = ORIENTED_EDGE ( 'NONE', *, *, #8358, .F. ) ;
#1461 = LINE ( 'NONE', #6492, #3476 ) ;
#1462 =( LENGTH_UNIT ( ) NAMED_UNIT ( * ) SI_UNIT ( .MILLI., .METRE. ) );
#1463 = CARTESIAN_POINT ( 'NONE',  ( 2.410912291827595588, -0.2999999999999999334, -0.001386042793142161413 ) ) ;
#1464 = ORIENTED_EDGE ( 'NONE', *, *, #3770, .T. ) ;
#1465 = CARTESIAN_POINT ( 'NONE',  ( 2.032879073410320814E-17, -0.2354725451454539875, 0.2999999999999999889 ) ) ;
#1466 = PRESENTATION_STYLE_ASSIGNMENT (( #5868 ) ) ;
#1467 = STYLED_ITEM ( 'NONE', ( #3391 ), #8374 ) ;
#1468 = LINE ( 'NONE', #4148, #1899 ) ;
#1469 = EDGE_CURVE ( 'NONE', #7974, #783, #784, .T. ) ;
#1470 = PRESENTATION_LAYER_ASSIGNMENT (  '', '', ( #6269 ) ) ;
#1471 =( NAMED_UNIT ( * ) SI_UNIT ( $, .STERADIAN. ) SOLID_ANGLE_UNIT ( ) );
#1472 = SURFACE_SIDE_STYLE ('',( #7057 ) ) ;
#1473 = PRESENTATION_STYLE_ASSIGNMENT (( #2536 ) ) ;
#1474 = LINE ( 'NONE', #2476, #3183 ) ;
#1475 = STYLED_ITEM ( 'NONE', ( #2071 ), #444 ) ;
#1476 = ORIENTED_EDGE ( 'NONE', *, *, #4676, .F. ) ;
#1477 = CARTESIAN_POINT ( 'NONE',  ( -1.000000000000000000, -1.550000000000000266, 5.500000000000000000 ) ) ;
#1478 = COLOUR_RGB ( '',0.4313725490196078649, 0.3529411764705882026, 0.3725490196078431460 ) ;
#1479 = PRESENTATION_STYLE_ASSIGNMENT (( #4633 ) ) ;
#1480 = CARTESIAN_POINT ( 'NONE',  ( -0.03333333333333330512, -0.2188058784787873523, 0.2999999999999999889 ) ) ;
#1481 = VECTOR ( 'NONE', #7022, 1000.000000000000000 ) ;
#1482 = DIRECTION ( 'NONE',  ( 0.0000000000000000000, -0.0000000000000000000, -1.000000000000000000 ) ) ;
#1483 = VERTEX_POINT ( 'NONE', #5829 ) ;
#1484 = CIRCLE ( 'NONE', #556, 0.1000000000000000472 ) ;
#1485 = PRESENTATION_LAYER_ASSIGNMENT (  '', '', ( #6114 ) ) ;
#1486 = DIRECTION ( 'NONE',  ( -1.445602896647339163E-16, 1.000000000000000000, 0.0000000000000000000 ) ) ;
#1487 = AXIS2_PLACEMENT_3D ( 'NONE', #2367, #1001, #4298 ) ;
#1488 = CARTESIAN_POINT ( 'NONE',  ( -2.800000000000000266, -4.047688110612550544E-16, 5.399999999999999467 ) ) ;
#1489 = CARTESIAN_POINT ( 'NONE',  ( -4.150912291827595801, 0.9999999999999986677, 8.650000000000000355 ) ) ;
#1490 = FACE_OUTER_BOUND ( 'NONE', #465, .T. ) ;
#1491 = VERTEX_POINT ( 'NONE', #4482 ) ;
#1492 = ORIENTED_EDGE ( 'NONE', *, *, #1029, .T. ) ;
#1493 = DIRECTION ( 'NONE',  ( -1.000000000000000000, -6.061675782532635068E-15, 0.0000000000000000000 ) ) ;
#1494 = CARTESIAN_POINT ( 'NONE',  ( 2.449999999999999289, 0.0000000000000000000, 0.3499999999999999778 ) ) ;
#1495 = SURFACE_STYLE_USAGE ( .BOTH. , #3569 ) ;
#1496 = PRESENTATION_LAYER_ASSIGNMENT (  '', '', ( #1616 ) ) ;
#1497 = PRESENTATION_LAYER_ASSIGNMENT (  '', '', ( #3166 ) ) ;
#1498 = EDGE_LOOP ( 'NONE', ( #4943, #6038, #6815, #3514 ) ) ;
#1499 = DIRECTION ( 'NONE',  ( 0.9407669869669981200, -0.3390537954853710678, 0.0000000000000000000 ) ) ;
#1500 = ORIENTED_EDGE ( 'NONE', *, *, #2338, .T. ) ;
#1501 = VECTOR ( 'NONE', #383, 1000.000000000000000 ) ;
#1502 = CIRCLE ( 'NONE', #2102, 0.07071067811864921449 ) ;
#1503 = DIRECTION ( 'NONE',  ( 1.322197771323786684E-17, -0.0000000000000000000, 1.000000000000000000 ) ) ;
#1504 = DIRECTION ( 'NONE',  ( -1.000000000000000000, -0.0000000000000000000, -0.0000000000000000000 ) ) ;
#1505 = FILL_AREA_STYLE_COLOUR ( '', #223 ) ;
#1506 = DIRECTION ( 'NONE',  ( 0.0000000000000000000, 0.0000000000000000000, -1.000000000000000000 ) ) ;
#1507 = FACE_OUTER_BOUND ( 'NONE', #6674, .T. ) ;
#1508 = ORIENTED_EDGE ( 'NONE', *, *, #2088, .F. ) ;
#1509 = CARTESIAN_POINT ( 'NONE',  ( 4.743384504624081899E-17, -0.2062042524625271878, 0.2999999999999999889 ) ) ;
#1510 = EDGE_CURVE ( 'NONE', #2633, #5761, #5244, .T. ) ;
#1511 = CARTESIAN_POINT ( 'NONE',  ( -0.1780487804878047586, -0.05742376465764893745, 0.2999999999999999889 ) ) ;
#1512 = DIRECTION ( 'NONE',  ( -1.000000000000000000, -0.0000000000000000000, 0.0000000000000000000 ) ) ;
#1513 = CARTESIAN_POINT ( 'NONE',  ( -0.8749999999999995559, -1.125000000000000666, 10.50000000000000000 ) ) ;
#1514 = CARTESIAN_POINT ( 'NONE',  ( -2.900000000000000799, 3.000000000000000000, 4.290000000000000036 ) ) ;
#1515 = ORIENTED_EDGE ( 'NONE', *, *, #7026, .F. ) ;
#1516 = CARTESIAN_POINT ( 'NONE',  ( -0.1019435975609755685, -0.1647408378283807540, 0.3099999999999999978 ) ) ;
#1517 = DIRECTION ( 'NONE',  ( 1.000000000000000000, 0.0000000000000000000, -0.0000000000000000000 ) ) ;
#1518 = COLOUR_RGB ( '',0.4313725490196078649, 0.3529411764705882026, 0.3725490196078431460 ) ;
#1519 =( GEOMETRIC_REPRESENTATION_CONTEXT ( 3 ) GLOBAL_UNCERTAINTY_ASSIGNED_CONTEXT ( ( #4443 ) ) GLOBAL_UNIT_ASSIGNED_CONTEXT ( ( #8175, #3561, #6867 ) ) REPRESENTATION_CONTEXT ( 'NONE', 'WORKASPACE' ) );
#1520 = EDGE_CURVE ( 'NONE', #4599, #1081, #1461, .T. ) ;
#1521 = UNCERTAINTY_MEASURE_WITH_UNIT (LENGTH_MEASURE( 1.000000000000000082E-05 ), #853, 'distance_accuracy_value', 'NONE');
#1522 = CARTESIAN_POINT ( 'NONE',  ( -0.1780487804878047586, -0.05742376465764893745, 0.2999999999999999889 ) ) ;
#1523 = VECTOR ( 'NONE', #5749, 1000.000000000000000 ) ;
#1524 = CARTESIAN_POINT ( 'NONE',  ( -2.449999999999999289, 1.700000000000000178, 0.2792893218813555234 ) ) ;
#1525 = EDGE_LOOP ( 'NONE', ( #1579, #892, #5858 ) ) ;
#1526 = AXIS2_PLACEMENT_3D ( 'NONE', #5808, #1179, #1777 ) ;
#1527 = CARTESIAN_POINT ( 'NONE',  ( -0.09024390243902426223, 0.08891769875698524173, 0.3099999999999999978 ) ) ;
#1528 = CARTESIAN_POINT ( 'NONE',  ( 2.410912291827596921, 1.700000000000000178, -0.001386042793135222519 ) ) ;
#1529 = ORIENTED_EDGE ( 'NONE', *, *, #4183, .T. ) ;
#1530 = ORIENTED_EDGE ( 'NONE', *, *, #95, .F. ) ;
#1531 = SURFACE_STYLE_USAGE ( .BOTH. , #6107 ) ;
#1532 = CARTESIAN_POINT ( 'NONE',  ( -4.460912291827596299, 2.299999999999999822, -0.001386042793135222519 ) ) ;
#1533 =( NAMED_UNIT ( * ) PLANE_ANGLE_UNIT ( ) SI_UNIT ( $, .RADIAN. ) );
#1534 = PRESENTATION_STYLE_ASSIGNMENT (( #8140 ) ) ;
#1535 = AXIS2_PLACEMENT_3D ( 'NONE', #6131, #2184, #5585 ) ;
#1536 = CARTESIAN_POINT ( 'NONE',  ( -0.1012193455284551985, 0.01818599143991208450, 0.2999999999999999889 ) ) ;
#1537 = ORIENTED_EDGE ( 'NONE', *, *, #6000, .F. ) ;
#1538 = DIRECTION ( 'NONE',  ( 0.0000000000000000000, -0.0000000000000000000, -1.000000000000000000 ) ) ;
#1539 = ORIENTED_EDGE ( 'NONE', *, *, #6007, .T. ) ;
#1540 = CARTESIAN_POINT ( 'NONE',  ( -0.09786585365853650575, 0.2767225768057657298, 0.3099999999999999978 ) ) ;
#1541 = CARTESIAN_POINT ( 'NONE',  ( 2.485912291827593545, -1.700000000000000178, 0.2890877081724074205 ) ) ;
#1542 = CARTESIAN_POINT ( 'NONE',  ( -0.1755754703592872501, -0.1062775587966815899, 0.2999999999999999889 ) ) ;
#1543 = DIRECTION ( 'NONE',  ( -1.445602896647339163E-16, 1.000000000000000000, 0.0000000000000000000 ) ) ;
#1544 = LINE ( 'NONE', #7809, #8096 ) ;
#1545 = CARTESIAN_POINT ( 'NONE',  ( -1.449999999999999512, -1.650000000000000355, 7.799999999999999822 ) ) ;
#1546 = ORIENTED_EDGE ( 'NONE', *, *, #4253, .F. ) ;
#1547 = STYLED_ITEM ( 'NONE', ( #4363 ), #6045 ) ;
#1548 = VECTOR ( 'NONE', #6289, 1000.000000000000000 ) ;
#1549 =( GEOMETRIC_REPRESENTATION_CONTEXT ( 3 ) GLOBAL_UNCERTAINTY_ASSIGNED_CONTEXT ( ( #7623 ) ) GLOBAL_UNIT_ASSIGNED_CONTEXT ( ( #5864, #1869, #2592 ) ) REPRESENTATION_CONTEXT ( 'NONE', 'WORKASPACE' ) );
#1550 = UNCERTAINTY_MEASURE_WITH_UNIT (LENGTH_MEASURE( 1.000000000000000082E-05 ), #6204, 'distance_accuracy_value', 'NONE');
#1551 = CARTESIAN_POINT ( 'NONE',  ( -0.03231707317073160418, 0.1547713572935704718, 0.2999999999999999889 ) ) ;
#1552 =( LENGTH_UNIT ( ) NAMED_UNIT ( * ) SI_UNIT ( .MILLI., .METRE. ) );
#1553 = PRESENTATION_STYLE_ASSIGNMENT (( #7658 ) ) ;
#1554 = DIRECTION ( 'NONE',  ( 0.0000000000000000000, 1.000000000000000000, -0.0000000000000000000 ) ) ;
#1555 = PRESENTATION_STYLE_ASSIGNMENT (( #1009 ) ) ;
#1556 = LINE ( 'NONE', #619, #4913 ) ;
#1557 = DIRECTION ( 'NONE',  ( 0.0000000000000000000, 1.000000000000000000, 0.0000000000000000000 ) ) ;
#1558 = VERTEX_POINT ( 'NONE', #3877 ) ;
#1559 =( NAMED_UNIT ( * ) PLANE_ANGLE_UNIT ( ) SI_UNIT ( $, .RADIAN. ) );
#1560 = ORIENTED_EDGE ( 'NONE', *, *, #3793, .F. ) ;
#1561 = PLANE ( 'NONE',  #6232 ) ;
#1562 = PRESENTATION_LAYER_ASSIGNMENT (  '', '', ( #719 ) ) ;
#1563 = SURFACE_STYLE_USAGE ( .BOTH. , #7606 ) ;
#1564 = CARTESIAN_POINT ( 'NONE',  ( -2.100000000000013411, 1.700000000000000178, 0.2999999999999999889 ) ) ;
#1565 = FACE_OUTER_BOUND ( 'NONE', #3437, .T. ) ;
#1566 = DIRECTION ( 'NONE',  ( -0.0000000000000000000, -1.000000000000000000, -0.0000000000000000000 ) ) ;
#1567 = PLANE ( 'NONE',  #1914 ) ;
#1568 = CARTESIAN_POINT ( 'NONE',  ( -1.054909488602984169, 2.899999999999999023, 4.289999999999999147 ) ) ;
#1569 = VERTEX_POINT ( 'NONE', #460 ) ;
#1570 =( NAMED_UNIT ( * ) PLANE_ANGLE_UNIT ( ) SI_UNIT ( $, .RADIAN. ) );
#1571 = VECTOR ( 'NONE', #7939, 1000.000000000000000 ) ;
#1572 = CARTESIAN_POINT ( 'NONE',  ( -2.399999999999999467, -2.299999999999999822, 0.2999999999999999889 ) ) ;
#1573 = DIRECTION ( 'NONE',  ( -0.2499999999999998057, -0.0000000000000000000, 0.9682458365518542553 ) ) ;
#1574 =( GEOMETRIC_REPRESENTATION_CONTEXT ( 3 ) GLOBAL_UNCERTAINTY_ASSIGNED_CONTEXT ( ( #7698 ) ) GLOBAL_UNIT_ASSIGNED_CONTEXT ( ( #991, #8289, #5027 ) ) REPRESENTATION_CONTEXT ( 'NONE', 'WORKASPACE' ) );
#1575 = CARTESIAN_POINT ( 'NONE',  ( -0.05609756097560981286, -0.2683358581535839615, 0.2999999999999999889 ) ) ;
#1576 = EDGE_CURVE ( 'NONE', #5273, #2985, #5856, .T. ) ;
#1577 = ORIENTED_EDGE ( 'NONE', *, *, #4283, .F. ) ;
#1578 = CARTESIAN_POINT ( 'NONE',  ( -0.1615853658536586523, -0.2980868744137465387, 0.3099999999999999978 ) ) ;
#1579 = ORIENTED_EDGE ( 'NONE', *, *, #6787, .F. ) ;
#1580 = PRESENTATION_STYLE_ASSIGNMENT (( #7938 ) ) ;
#1581 = DIRECTION ( 'NONE',  ( 1.000000000000000000, 0.0000000000000000000, 0.0000000000000000000 ) ) ;
#1582 = CARTESIAN_POINT ( 'NONE',  ( -0.9749999999999999778, 1.224999999999999645, 10.50000000000000000 ) ) ;
#1583 = ORIENTED_EDGE ( 'NONE', *, *, #5227, .T. ) ;
#1584 = VERTEX_POINT ( 'NONE', #6454 ) ;
#1585 = VECTOR ( 'NONE', #5278, 1000.000000000000000 ) ;
#1586 = VECTOR ( 'NONE', #1329, 1000.000000000000000 ) ;
#1587 = PLANE ( 'NONE',  #809 ) ;
#1588 =( GEOMETRIC_REPRESENTATION_CONTEXT ( 3 ) GLOBAL_UNCERTAINTY_ASSIGNED_CONTEXT ( ( #7832 ) ) GLOBAL_UNIT_ASSIGNED_CONTEXT ( ( #2938, #4881, #4182 ) ) REPRESENTATION_CONTEXT ( 'NONE', 'WORKASPACE' ) );
#1589 = PLANE ( 'NONE',  #8468 ) ;
#1590 = AXIS2_PLACEMENT_3D ( 'NONE', #6410, #2452, #7065 ) ;
#1591 = CARTESIAN_POINT ( 'NONE',  ( -1.499999999999999778, -2.750000000000000444, 0.2999999999999999889 ) ) ;
#1592 = CARTESIAN_POINT ( 'NONE',  ( -0.1019435975609755685, -0.1647408378283807540, 0.2999999999999999889 ) ) ;
#1593 = CARTESIAN_POINT ( 'NONE',  ( -0.1019435975609755685, -0.1647408378283807540, 0.2999999999999999889 ) ) ;
#1594 = PRODUCT_CONTEXT ( 'NONE', #926, 'mechanical' ) ;
#1595 = ORIENTED_EDGE ( 'NONE', *, *, #2835, .T. ) ;
#1596 = LINE ( 'NONE', #2647, #4433 ) ;
#1597 = CARTESIAN_POINT ( 'NONE',  ( 0.8750000000000000000, -1.225000000000000533, 9.650000000000000355 ) ) ;
#1598 = VECTOR ( 'NONE', #8226, 1000.000000000000114 ) ;
#1599 = CARTESIAN_POINT ( 'NONE',  ( -0.1999999999999999278, -0.03059449636496596597, 0.2999999999999999889 ) ) ;
#1600 = EDGE_CURVE ( 'NONE', #7585, #4725, #7072, .T. ) ;
#1601 = EDGE_CURVE ( 'NONE', #5828, #882, #7085, .T. ) ;
#1602 = DIRECTION ( 'NONE',  ( 1.000000000000000000, -2.168404344971007685E-15, 0.0000000000000000000 ) ) ;
#1603 = DIRECTION ( 'NONE',  ( 0.0000000000000000000, 0.0000000000000000000, -1.000000000000000000 ) ) ;
#1604 = ORIENTED_EDGE ( 'NONE', *, *, #1930, .F. ) ;
#1605 = AXIS2_PLACEMENT_3D ( 'NONE', #2899, #1554, #8182 ) ;
#1606 = SURFACE_STYLE_USAGE ( .BOTH. , #4281 ) ;
#1607 = VERTEX_POINT ( 'NONE', #7986 ) ;
#1608 = DIRECTION ( 'NONE',  ( 0.0000000000000000000, 0.0000000000000000000, -1.000000000000000000 ) ) ;
#1609 =( NAMED_UNIT ( * ) SI_UNIT ( $, .STERADIAN. ) SOLID_ANGLE_UNIT ( ) );
#1610 = VECTOR ( 'NONE', #1266, 1000.000000000000000 ) ;
#1611 = FILL_AREA_STYLE_COLOUR ( '', #7207 ) ;
#1612 = EDGE_CURVE ( 'NONE', #2169, #2027, #6152, .T. ) ;
#1613 = ORIENTED_EDGE ( 'NONE', *, *, #6877, .F. ) ;
#1614 =( NAMED_UNIT ( * ) PLANE_ANGLE_UNIT ( ) SI_UNIT ( $, .RADIAN. ) );
#1615 = DIRECTION ( 'NONE',  ( -0.0000000000000000000, -1.000000000000000000, 0.0000000000000000000 ) ) ;
#1616 = STYLED_ITEM ( 'NONE', ( #3221 ), #6392 ) ;
#1617 = PRESENTATION_STYLE_ASSIGNMENT (( #3519 ) ) ;
#1618 = DIRECTION ( 'NONE',  ( 0.0000000000000000000, -1.000000000000000000, -0.0000000000000000000 ) ) ;
#1619 = FILL_AREA_STYLE ('',( #4964 ) ) ;
#1620 = CARTESIAN_POINT ( 'NONE',  ( -0.08199184692909733396, -0.1621569231539634892, 0.3099999999999999978 ) ) ;
#1621 = FILL_AREA_STYLE_COLOUR ( '', #6699 ) ;
#1622 =( GEOMETRIC_REPRESENTATION_CONTEXT ( 3 ) GLOBAL_UNCERTAINTY_ASSIGNED_CONTEXT ( ( #5698 ) ) GLOBAL_UNIT_ASSIGNED_CONTEXT ( ( #1356, #699, #1327 ) ) REPRESENTATION_CONTEXT ( 'NONE', 'WORKASPACE' ) );
#1623 = ORIENTED_EDGE ( 'NONE', *, *, #3496, .F. ) ;
#1624 = ORIENTED_EDGE ( 'NONE', *, *, #6789, .F. ) ;
#1625 = B_SPLINE_CURVE_WITH_KNOTS ( 'NONE', 3,
 ( #1551, #6873, #5458, #5537, #369 ),
 .UNSPECIFIED., .F., .F.,
 ( 4, 1, 4 ),
 ( 0.0000000000000000000, 0.4400102286265300533, 0.9999880897000050783 ),
 .UNSPECIFIED. ) ;
#1626 = EDGE_CURVE ( 'NONE', #5314, #8234, #4308, .T. ) ;
#1627 = FILL_AREA_STYLE ('',( #8196 ) ) ;
#1628 = CARTESIAN_POINT ( 'NONE',  ( -0.1945121951219511980, 0.1547713572935706661, 0.2999999999999999889 ) ) ;
#1629 = DIRECTION ( 'NONE',  ( 1.000000000000000000, 0.0000000000000000000, 0.0000000000000000000 ) ) ;
#1630 = DIRECTION ( 'NONE',  ( -0.0000000000000000000, 0.0000000000000000000, 1.000000000000000000 ) ) ;
#1631 = DIRECTION ( 'NONE',  ( 0.0000000000000000000, -0.0000000000000000000, -1.000000000000000000 ) ) ;
#1632 = DIRECTION ( 'NONE',  ( 0.0000000000000000000, -1.000000000000000000, 0.0000000000000000000 ) ) ;
#1633 = ORIENTED_EDGE ( 'NONE', *, *, #4952, .T. ) ;
#1634 = DIRECTION ( 'NONE',  ( 0.0000000000000000000, 0.0000000000000000000, 1.000000000000000000 ) ) ;
#1635 = VECTOR ( 'NONE', #7035, 1000.000000000000000 ) ;
#1636 = EDGE_LOOP ( 'NONE', ( #3119, #4540, #6151, #7867 ) ) ;
#1637 = CARTESIAN_POINT ( 'NONE',  ( -2.800000000000000711, 3.000000000000000000, 0.2999999999999999889 ) ) ;
#1638 = AXIS2_PLACEMENT_3D ( 'NONE', #7357, #4103, #1424 ) ;
#1639 = AXIS2_PLACEMENT_3D ( 'NONE', #226, #4855, #6753 ) ;
#1640 = ORIENTED_EDGE ( 'NONE', *, *, #1976, .F. ) ;
#1641 = FILL_AREA_STYLE ('',( #8295 ) ) ;
#1642 = ORIENTED_EDGE ( 'NONE', *, *, #751, .F. ) ;
#1643 = CARTESIAN_POINT ( 'NONE',  ( -0.02195121951219502002, 0.08891769875698520009, 0.2999999999999999889 ) ) ;
#1644 = DIRECTION ( 'NONE',  ( 8.850629979473506011E-17, -1.000000000000000000, 0.0000000000000000000 ) ) ;
#1645 = FILL_AREA_STYLE ('',( #3055 ) ) ;
#1646 = ORIENTED_EDGE ( 'NONE', *, *, #1293, .T. ) ;
#1647 = PLANE ( 'NONE',  #2128 ) ;
#1648 = UNCERTAINTY_MEASURE_WITH_UNIT (LENGTH_MEASURE( 1.000000000000000082E-05 ), #7831, 'distance_accuracy_value', 'NONE');
#1649 = VERTEX_POINT ( 'NONE', #8014 ) ;
#1650 = CARTESIAN_POINT ( 'NONE',  ( 4.535912291827596476, 1.700000000000000178, 0.2890877081724208542 ) ) ;
#1651 = ORIENTED_EDGE ( 'NONE', *, *, #4398, .F. ) ;
#1652 =( NAMED_UNIT ( * ) PLANE_ANGLE_UNIT ( ) SI_UNIT ( $, .RADIAN. ) );
#1653 =( GEOMETRIC_REPRESENTATION_CONTEXT ( 3 ) GLOBAL_UNCERTAINTY_ASSIGNED_CONTEXT ( ( #1290 ) ) GLOBAL_UNIT_ASSIGNED_CONTEXT ( ( #8312, #6313, #2314 ) ) REPRESENTATION_CONTEXT ( 'NONE', 'WORKASPACE' ) );
#1654 = AXIS2_PLACEMENT_3D ( 'NONE', #5917, #1990, #7914 ) ;
#1655 = SURFACE_STYLE_FILL_AREA ( #6287 ) ;
#1656 = CARTESIAN_POINT ( 'NONE',  ( -0.09024390243902426223, 0.01818599143991208450, 0.2999999999999999889 ) ) ;
#1657 =( NAMED_UNIT ( * ) PLANE_ANGLE_UNIT ( ) SI_UNIT ( $, .RADIAN. ) );
#1658 = VECTOR ( 'NONE', #2753, 1000.000000000000000 ) ;
#1659 = ORIENTED_EDGE ( 'NONE', *, *, #6205, .T. ) ;
#1660 = DIRECTION ( 'NONE',  ( 0.2499999999999998057, 0.0000000000000000000, 0.9682458365518542553 ) ) ;
#1661 = EDGE_CURVE ( 'NONE', #3504, #5828, #7757, .T. ) ;
#1662 = DIRECTION ( 'NONE',  ( -0.0000000000000000000, -0.0000000000000000000, -1.000000000000000000 ) ) ;
#1663 = UNCERTAINTY_MEASURE_WITH_UNIT (LENGTH_MEASURE( 1.000000000000000082E-05 ), #3161, 'distance_accuracy_value', 'NONE');
#1664 = SURFACE_STYLE_FILL_AREA ( #4435 ) ;
#1665 = STYLED_ITEM ( 'NONE', ( #5587 ), #6582 ) ;
#1666 = AXIS2_PLACEMENT_3D ( 'NONE', #3600, #7436, #2193 ) ;
#1667 = ORIENTED_EDGE ( 'NONE', *, *, #1728, .F. ) ;
#1668 = EDGE_LOOP ( 'NONE', ( #4232, #8171, #4788, #3765 ) ) ;
#1669 = CARTESIAN_POINT ( 'NONE',  ( -0.09024390243902426223, 0.0000000000000000000, 0.3099999999999999978 ) ) ;
#1670 = LINE ( 'NONE', #4094, #8540 ) ;
#1671 = VECTOR ( 'NONE', #2309, 1000.000000000000000 ) ;
#1672 = EDGE_CURVE ( 'NONE', #3649, #2182, #1670, .T. ) ;
#1673 = DIRECTION ( 'NONE',  ( 0.0000000000000000000, -0.0000000000000000000, -1.000000000000000000 ) ) ;
#1674 = CARTESIAN_POINT ( 'NONE',  ( -2.485912291827592213, -1.700000000000000178, 0.2890877081724078645 ) ) ;
#1675 = PLANE ( 'NONE',  #1487 ) ;
#1676 = EDGE_CURVE ( 'NONE', #7565, #3009, #878, .T. ) ;
#1677 = CARTESIAN_POINT ( 'NONE',  ( -0.9749999999999999778, 1.224999999999999645, 7.799999999999999822 ) ) ;
#1678 = VERTEX_POINT ( 'NONE', #7964 ) ;
#1679 = PRESENTATION_STYLE_ASSIGNMENT (( #1697 ) ) ;
#1680 = DIRECTION ( 'NONE',  ( -1.000000000000000000, 0.0000000000000000000, 0.0000000000000000000 ) ) ;
#1681 = FILL_AREA_STYLE_COLOUR ( '', #5068 ) ;
#1682 = B_SPLINE_CURVE_WITH_KNOTS ( 'NONE', 3,
 ( #1593, #251, #4879, #5548, #2221 ),
 .UNSPECIFIED., .F., .F.,
 ( 4, 1, 4 ),
 ( 0.0000000000000000000, 0.4445796631693929579, 1.000000000000000000 ),
 .UNSPECIFIED. ) ;
#1683 = ORIENTED_EDGE ( 'NONE', *, *, #2390, .T. ) ;
#1684 = LINE ( 'NONE', #2096, #6167 ) ;
#1685 = COLOUR_RGB ( '',0.7764705882352941346, 0.7568627450980391913, 0.7372549019607843590 ) ;
#1686 = DIRECTION ( 'NONE',  ( -1.000000000000000000, 0.0000000000000000000, 0.0000000000000000000 ) ) ;
#1687 = FILL_AREA_STYLE ('',( #2258 ) ) ;
#1688 = DIRECTION ( 'NONE',  ( -1.000000000000000000, 0.0000000000000000000, 0.0000000000000000000 ) ) ;
#1689 = DIRECTION ( 'NONE',  ( 0.0000000000000000000, -0.0000000000000000000, -1.000000000000000000 ) ) ;
#1690 = FACE_OUTER_BOUND ( 'NONE', #7272, .T. ) ;
#1691 = MECHANICAL_DESIGN_GEOMETRIC_PRESENTATION_REPRESENTATION (  '', ( #7480 ), #3405 ) ;
#1692 = CARTESIAN_POINT ( 'NONE',  ( -2.485912291827593990, 0.2999999999999999334, 0.2890877081724148034 ) ) ;
#1693 = VECTOR ( 'NONE', #7064, 1000.000000000000000 ) ;
#1694 =( NAMED_UNIT ( * ) SI_UNIT ( $, .STERADIAN. ) SOLID_ANGLE_UNIT ( ) );
#1695 =( NAMED_UNIT ( * ) PLANE_ANGLE_UNIT ( ) SI_UNIT ( $, .RADIAN. ) );
#1696 = CARTESIAN_POINT ( 'NONE',  ( 4.065758146820641628E-17, 0.3206250158301560127, 0.2999999999999999889 ) ) ;
#1697 = SURFACE_STYLE_USAGE ( .BOTH. , #2978 ) ;
#1698 = LINE ( 'NONE', #1756, #13 ) ;
#1699 = EDGE_LOOP ( 'NONE', ( #6246, #2397, #1227, #3914, #7859 ) ) ;
#1700 = DIRECTION ( 'NONE',  ( 0.3635424856527053605, 0.9315776194850606817, 0.0000000000000000000 ) ) ;
#1701 = CARTESIAN_POINT ( 'NONE',  ( -0.02195121951219501655, 0.0000000000000000000, 0.3099999999999999978 ) ) ;
#1702 = DIRECTION ( 'NONE',  ( -0.0000000000000000000, 0.0000000000000000000, 1.000000000000000000 ) ) ;
#1703 = FACE_OUTER_BOUND ( 'NONE', #2328, .T. ) ;
#1704 = ORIENTED_EDGE ( 'NONE', *, *, #2766, .F. ) ;
#1705 = DIRECTION ( 'NONE',  ( 0.0000000000000000000, -0.0000000000000000000, -1.000000000000000000 ) ) ;
#1706 = EDGE_LOOP ( 'NONE', ( #5842, #536, #6320, #7407 ) ) ;
#1707 = SURFACE_STYLE_FILL_AREA ( #2529 ) ;
#1708 = STYLED_ITEM ( 'NONE', ( #3927 ), #4136 ) ;
#1709 = LINE ( 'NONE', #4106, #4953 ) ;
#1710 = CARTESIAN_POINT ( 'NONE',  ( 1.500000000000000000, 3.000000000000000000, 0.5000000000000000000 ) ) ;
#1711 = CARTESIAN_POINT ( 'NONE',  ( -0.02195121951219502002, 0.08891769875698520009, 0.2999999999999999889 ) ) ;
#1712 = MECHANICAL_DESIGN_GEOMETRIC_PRESENTATION_REPRESENTATION (  '', ( #4126 ), #7053 ) ;
#1713 = CARTESIAN_POINT ( 'NONE',  ( -0.1756097560975611038, -0.2943521183161854626, 0.3099999999999999978 ) ) ;
#1714 = DIRECTION ( 'NONE',  ( 1.000000000000000000, 2.168404344971014538E-16, 0.0000000000000000000 ) ) ;
#1715 = EDGE_CURVE ( 'NONE', #3062, #5034, #357, .T. ) ;
#1716 = CARTESIAN_POINT ( 'NONE',  ( -0.1270002124748391137, -0.1867108446239766628, 0.3099999999999999978 ) ) ;
#1717 = ORIENTED_EDGE ( 'NONE', *, *, #2642, .T. ) ;
#1718 = VERTEX_POINT ( 'NONE', #1399 ) ;
#1719 = CARTESIAN_POINT ( 'NONE',  ( -0.1976576688199392640, 0.2271120615075461757, 0.2999999999999999889 ) ) ;
#1720 = PRESENTATION_LAYER_ASSIGNMENT (  '', '', ( #8400 ) ) ;
#1721 =( NAMED_UNIT ( * ) PLANE_ANGLE_UNIT ( ) SI_UNIT ( $, .RADIAN. ) );
#1722 = PRESENTATION_LAYER_ASSIGNMENT (  '', '', ( #8403 ) ) ;
#1723 = SURFACE_SIDE_STYLE ('',( #2668 ) ) ;
#1724 = SURFACE_SIDE_STYLE ('',( #2663 ) ) ;
#1725 = CARTESIAN_POINT ( 'NONE',  ( 2.449999999999999289, 0.0000000000000000000, 0.3499999999999999778 ) ) ;
#1726 =( LENGTH_UNIT ( ) NAMED_UNIT ( * ) SI_UNIT ( .MILLI., .METRE. ) );
#1727 = ADVANCED_FACE ( 'NONE', ( #7695 ), #734, .T. ) ;
#1728 = EDGE_CURVE ( 'NONE', #4568, #7313, #3278, .T. ) ;
#1729 = CIRCLE ( 'NONE', #7960, 0.07071067811864449604 ) ;
#1730 = CARTESIAN_POINT ( 'NONE',  ( -1.349999999999999423, -1.750000000000000222, 7.799999999999999822 ) ) ;
#1731 = PRESENTATION_STYLE_ASSIGNMENT (( #2875 ) ) ;
#1732 = DIRECTION ( 'NONE',  ( 1.000000000000000000, 0.0000000000000000000, 0.0000000000000000000 ) ) ;
#1733 = SURFACE_SIDE_STYLE ('',( #4184 ) ) ;
#1734 = CARTESIAN_POINT ( 'NONE',  ( -2.899999999999999911, -2.900000000000000799, 4.299999999999999822 ) ) ;
#1735 = VERTEX_POINT ( 'NONE', #4842 ) ;
#1736 = VERTEX_POINT ( 'NONE', #1527 ) ;
#1737 = FILL_AREA_STYLE_COLOUR ( '', #2992 ) ;
#1738 = DIRECTION ( 'NONE',  ( -0.0000000000000000000, -1.000000000000000000, -0.0000000000000000000 ) ) ;
#1739 = CARTESIAN_POINT ( 'NONE',  ( -0.1735407591033820973, -0.2949645689822661954, 0.3099999999999999978 ) ) ;
#1740 = CARTESIAN_POINT ( 'NONE',  ( -0.1025152439024390044, -0.1915701061210637046, 0.3099999999999999978 ) ) ;
#1741 = B_SPLINE_CURVE_WITH_KNOTS ( 'NONE', 3,
 ( #7568, #377, #7655, #1020, #7685 ),
 .UNSPECIFIED., .F., .F.,
 ( 4, 1, 4 ),
 ( 0.0000000000000000000, 0.5000000000000004441, 0.9999867364105436973 ),
 .UNSPECIFIED. ) ;
#1742 = EDGE_CURVE ( 'NONE', #394, #8112, #5744, .T. ) ;
#1743 = ORIENTED_EDGE ( 'NONE', *, *, #40, .T. ) ;
#1744 = VERTEX_POINT ( 'NONE', #2901 ) ;
#1745 = SURFACE_STYLE_USAGE ( .BOTH. , #6464 ) ;
#1746 = B_SPLINE_SURFACE_WITH_KNOTS ( 'NONE', 3, 1, ( 
 ( #4428, #5152 ),
 ( #472, #7794 ),
 ( #8435, #4551 ),
 ( #6529, #6434 ),
 ( #443, #7097 ) ),
 .UNSPECIFIED., .F., .F., .F.,
 ( 4, 1, 4 ),
 ( 2, 2 ),
 ( 0.0000000000000000000, 0.5599897713734699467, 1.000000000000000000 ),
 ( 0.0000000000000000000, 1.000000000000000000 ),
 .UNSPECIFIED. ) ;
#1747 =( NAMED_UNIT ( * ) SI_UNIT ( $, .STERADIAN. ) SOLID_ANGLE_UNIT ( ) );
#1748 = DIRECTION ( 'NONE',  ( -0.0000000000000000000, -1.000000000000000000, -0.0000000000000000000 ) ) ;
#1749 = ORIENTED_EDGE ( 'NONE', *, *, #4668, .F. ) ;
#1750 = LINE ( 'NONE', #1532, #2081 ) ;
#1751 = CARTESIAN_POINT ( 'NONE',  ( 1.500000000000000000, -2.750000000000000444, 0.5000000000000000000 ) ) ;
#1752 = EDGE_LOOP ( 'NONE', ( #5589, #3467, #3552, #3926, #3866, #6764 ) ) ;
#1753 =( GEOMETRIC_REPRESENTATION_CONTEXT ( 3 ) GLOBAL_UNCERTAINTY_ASSIGNED_CONTEXT ( ( #3884 ) ) GLOBAL_UNIT_ASSIGNED_CONTEXT ( ( #3670, #929, #4307 ) ) REPRESENTATION_CONTEXT ( 'NONE', 'WORKASPACE' ) );
#1754 = SURFACE_STYLE_USAGE ( .BOTH. , #7107 ) ;
#1755 = AXIS2_PLACEMENT_3D ( 'NONE', #5303, #7131, #7333 ) ;
#1756 = CARTESIAN_POINT ( 'NONE',  ( 4.460912291827596299, 2.299999999999999822, -0.001386042793135222519 ) ) ;
#1757 = EDGE_LOOP ( 'NONE', ( #468, #4196, #8501, #493, #4991, #7720, #7893, #8391, #430, #7694, #6684, #2022 ) ) ;
#1758 = ORIENTED_EDGE ( 'NONE', *, *, #3907, .F. ) ;
#1759 = ADVANCED_FACE ( 'NONE', ( #675 ), #1587, .F. ) ;
#1760 = EDGE_CURVE ( 'NONE', #2480, #423, #5953, .T. ) ;
#1761 = FACE_OUTER_BOUND ( 'NONE', #4601, .T. ) ;
#1762 =( NAMED_UNIT ( * ) PLANE_ANGLE_UNIT ( ) SI_UNIT ( $, .RADIAN. ) );
#1763 = LINE ( 'NONE', #4791, #8422 ) ;
#1764 =( LENGTH_UNIT ( ) NAMED_UNIT ( * ) SI_UNIT ( .MILLI., .METRE. ) );
#1765 = SURFACE_STYLE_FILL_AREA ( #6443 ) ;
#1766 =( NAMED_UNIT ( * ) SI_UNIT ( $, .STERADIAN. ) SOLID_ANGLE_UNIT ( ) );
#1767 = FACE_OUTER_BOUND ( 'NONE', #1752, .T. ) ;
#1768 = STYLED_ITEM ( 'NONE', ( #8201 ), #5104 ) ;
#1769 = VERTEX_POINT ( 'NONE', #3483 ) ;
#1770 = DIRECTION ( 'NONE',  ( -0.0000000000000000000, -1.000000000000000000, 0.0000000000000000000 ) ) ;
#1771 = EDGE_CURVE ( 'NONE', #1769, #6092, #4719, .T. ) ;
#1773 = DIRECTION ( 'NONE',  ( 0.0000000000000000000, -0.0000000000000000000, -1.000000000000000000 ) ) ;
#1772 = CARTESIAN_POINT ( 'NONE',  ( -4.150912291827595801, 1.700000000000000178, -0.001386042793148558206 ) ) ;
#1774 = LINE ( 'NONE', #8120, #8533 ) ;
#1775 =( NAMED_UNIT ( * ) SI_UNIT ( $, .STERADIAN. ) SOLID_ANGLE_UNIT ( ) );
#1776 = EDGE_CURVE ( 'NONE', #4318, #201, #1164, .T. ) ;
#1777 = DIRECTION ( 'NONE',  ( 0.0000000000000000000, 0.0000000000000000000, 1.000000000000000000 ) ) ;
#1778 = CARTESIAN_POINT ( 'NONE',  ( -0.1937265489505299310, -0.1188195810681174219, 0.2999999999999999889 ) ) ;
#1779 = DIRECTION ( 'NONE',  ( 1.000000000000000000, 0.0000000000000000000, 0.0000000000000000000 ) ) ;
#1780 = ORIENTED_EDGE ( 'NONE', *, *, #420, .F. ) ;
#1781 = PRESENTATION_LAYER_ASSIGNMENT (  '', '', ( #75 ) ) ;
#1782 = LINE ( 'NONE', #5270, #1571 ) ;
#1783 = STYLED_ITEM ( 'NONE', ( #5805 ), #3196 ) ;
#1784 = CARTESIAN_POINT ( 'NONE',  ( -0.02195121951219502002, 0.07550273127731040035, 0.2999999999999999889 ) ) ;
#1785 = ORIENTED_EDGE ( 'NONE', *, *, #8484, .T. ) ;
#1786 = LINE ( 'NONE', #7791, #4927 ) ;
#1787 = COLOUR_RGB ( '',0.4313725490196078649, 0.3529411764705882026, 0.3725490196078431460 ) ;
#1788 = DIRECTION ( 'NONE',  ( -1.000000000000000000, 0.0000000000000000000, 0.0000000000000000000 ) ) ;
#1789 = LINE ( 'NONE', #6823, #3593 ) ;
#1790 = VECTOR ( 'NONE', #7156, 1000.000000000000000 ) ;
#1791 = CARTESIAN_POINT ( 'NONE',  ( -0.1780487804878048141, -0.08692071587716113101, 0.2999999999999999889 ) ) ;
#1792 = PLANE ( 'NONE',  #1332 ) ;
#1793 = UNCERTAINTY_MEASURE_WITH_UNIT (LENGTH_MEASURE( 1.000000000000000082E-05 ), #4561, 'distance_accuracy_value', 'NONE');
#1794 = FILL_AREA_STYLE ('',( #2523 ) ) ;
#1795 = EDGE_CURVE ( 'NONE', #6190, #4599, #4517, .T. ) ;
#1796 = VERTEX_POINT ( 'NONE', #5491 ) ;
#1797 = FILL_AREA_STYLE ('',( #1737 ) ) ;
#1798 = SURFACE_STYLE_USAGE ( .BOTH. , #3152 ) ;
#1799 = ORIENTED_EDGE ( 'NONE', *, *, #5019, .T. ) ;
#1800 = CARTESIAN_POINT ( 'NONE',  ( -0.1756097560975611038, -0.2943521183161854626, 0.3099999999999999978 ) ) ;
#1801 = CARTESIAN_POINT ( 'NONE',  ( 2.900000000000000355, -2.900000000000000799, 4.290000000000000036 ) ) ;
#1802 = LINE ( 'NONE', #7450, #6893 ) ;
#1803 = FILL_AREA_STYLE_COLOUR ( '', #7234 ) ;
#1804 = CARTESIAN_POINT ( 'NONE',  ( 0.0000000000000000000, -2.899999999999999467, 4.289999999999999147 ) ) ;
#1805 = SURFACE_STYLE_FILL_AREA ( #237 ) ;
#1806 = PRODUCT_RELATED_PRODUCT_CATEGORY ( 'part', '', ( #418 ) ) ;
#1807 = ORIENTED_EDGE ( 'NONE', *, *, #156, .T. ) ;
#1808 = DIRECTION ( 'NONE',  ( 0.5078765015849451281, 0.0000000000000000000, -0.8614298921780212392 ) ) ;
#1809 = EDGE_CURVE ( 'NONE', #3378, #6698, #7589, .T. ) ;
#1810 = CARTESIAN_POINT ( 'NONE',  ( -2.449999999999999289, 0.0000000000000000000, 0.2792893218813456979 ) ) ;
#1811 = CARTESIAN_POINT ( 'NONE',  ( 1.500000000000000000, 2.750000000000000444, 0.5000000000000000000 ) ) ;
#1812 = CIRCLE ( 'NONE', #5410, 0.1000000000000002554 ) ;
#1813 = MECHANICAL_DESIGN_GEOMETRIC_PRESENTATION_REPRESENTATION (  '', ( #7766 ), #4685 ) ;
#1814 = SURFACE_STYLE_FILL_AREA ( #5315 ) ;
#1815 = ORIENTED_EDGE ( 'NONE', *, *, #7360, .F. ) ;
#1816 = ORIENTED_EDGE ( 'NONE', *, *, #3381, .F. ) ;
#1817 = PRESENTATION_STYLE_ASSIGNMENT (( #3878 ) ) ;
#1818 = LINE ( 'NONE', #2652, #8262 ) ;
#1819 = PLANE ( 'NONE',  #144 ) ;
#1820 = FILL_AREA_STYLE_COLOUR ( '', #331 ) ;
#1821 = CARTESIAN_POINT ( 'NONE',  ( -0.1476626016260163543, -0.2861775756332586296, 0.3099999999999999978 ) ) ;
#1822 = UNCERTAINTY_MEASURE_WITH_UNIT (LENGTH_MEASURE( 1.000000000000000082E-05 ), #5607, 'distance_accuracy_value', 'NONE');
#1823 = ORIENTED_EDGE ( 'NONE', *, *, #2741, .F. ) ;
#1824 = STYLED_ITEM ( 'NONE', ( #348 ), #4632 ) ;
#1825 = SURFACE_STYLE_USAGE ( .BOTH. , #7747 ) ;
#1826 = PRESENTATION_STYLE_ASSIGNMENT (( #4590 ) ) ;
#1827 = CARTESIAN_POINT ( 'NONE',  ( -0.1945121951219511980, 0.1547713572935706661, 0.2999999999999999889 ) ) ;
#1828 = EDGE_CURVE ( 'NONE', #7529, #783, #6051, .T. ) ;
#1829 = CARTESIAN_POINT ( 'NONE',  ( 2.485912291827595322, -0.2999999999999999334, 0.2890877081724139153 ) ) ;
#1830 = FILL_AREA_STYLE_COLOUR ( '', #7232 ) ;
#1831 = EDGE_CURVE ( 'NONE', #3755, #4611, #8012, .T. ) ;
#1832 = CARTESIAN_POINT ( 'NONE',  ( -0.02195121951219511716, 0.3962347719277171665, 0.2999999999999999889 ) ) ;
#1833 = PRESENTATION_STYLE_ASSIGNMENT (( #4780 ) ) ;
#1834 = DIRECTION ( 'NONE',  ( -0.0000000000000000000, -0.0000000000000000000, 1.000000000000000000 ) ) ;
#1835 = MECHANICAL_DESIGN_GEOMETRIC_PRESENTATION_REPRESENTATION (  '', ( #5319 ), #7619 ) ;
#1836 = CARTESIAN_POINT ( 'NONE',  ( -0.01951219512195112582, 0.2061051987569851585, 0.3099999999999999978 ) ) ;
#1837 = CARTESIAN_POINT ( 'NONE',  ( -2.900000000000000799, 3.000000000000000000, 0.2999999999999999889 ) ) ;
#1838 = CARTESIAN_POINT ( 'NONE',  ( 0.002439024390243987005, 0.2098018450984485972, 0.2999999999999999889 ) ) ;
#1839 = ORIENTED_EDGE ( 'NONE', *, *, #5001, .T. ) ;
#1840 = B_SPLINE_CURVE_WITH_KNOTS ( 'NONE', 3,
 ( #5451, #6704, #6041, #725, #1413 ),
 .UNSPECIFIED., .F., .F.,
 ( 4, 1, 4 ),
 ( 0.0000000000000000000, 0.4999999999999993339, 0.9999910869565211691 ),
 .UNSPECIFIED. ) ;
#1841 = LINE ( 'NONE', #5208, #6312 ) ;
#1842 = CARTESIAN_POINT ( 'NONE',  ( 2.400000000000006128, -0.2999999999999999334, 0.2999999999999999889 ) ) ;
#1843 = CARTESIAN_POINT ( 'NONE',  ( 1.000000000000000000, 3.000000000000000000, 4.289999999999999147 ) ) ;
#1845 = ORIENTED_EDGE ( 'NONE', *, *, #236, .F. ) ;
#1844 = CARTESIAN_POINT ( 'NONE',  ( 1.000000000000000000, -3.000000000000000000, 4.289999999999999147 ) ) ;
#1846 = SURFACE_SIDE_STYLE ('',( #7163 ) ) ;
#1847 = ORIENTED_EDGE ( 'NONE', *, *, #8408, .F. ) ;
#1848 = EDGE_CURVE ( 'NONE', #904, #7983, #1265, .T. ) ;
#1849 = DIRECTION ( 'NONE',  ( -1.141837425376515838E-14, -1.000000000000000000, 0.0000000000000000000 ) ) ;
#1850 = DIRECTION ( 'NONE',  ( 0.0000000000000000000, -1.000000000000000000, 0.0000000000000000000 ) ) ;
#1851 = DIRECTION ( 'NONE',  ( -1.000000000000000000, 0.0000000000000000000, 0.0000000000000000000 ) ) ;
#1852 = ADVANCED_FACE ( 'NONE', ( #5846 ), #3270, .T. ) ;
#1853 =( NAMED_UNIT ( * ) SI_UNIT ( $, .STERADIAN. ) SOLID_ANGLE_UNIT ( ) );
#1854 = DIRECTION ( 'NONE',  ( 0.0000000000000000000, -0.0000000000000000000, -1.000000000000000000 ) ) ;
#1855 = ADVANCED_FACE ( 'NONE', ( #560 ), #3625, .F. ) ;
#1856 = COLOUR_RGB ( '',0.7764705882352941346, 0.7568627450980391913, 0.7372549019607843590 ) ;
#1857 = ORIENTED_EDGE ( 'NONE', *, *, #4283, .T. ) ;
#1858 = CARTESIAN_POINT ( 'NONE',  ( -0.07033327650105679341, -0.1833712135350182293, 0.3099999999999999978 ) ) ;
#1859 = LINE ( 'NONE', #4107, #4279 ) ;
#1860 = STYLED_ITEM ( 'NONE', ( #7925 ), #7954 ) ;
#1861 = PLANE ( 'NONE',  #7609 ) ;
#1862 = EDGE_CURVE ( 'NONE', #2027, #3422, #1741, .T. ) ;
#1863 = SPHERICAL_SURFACE ( 'NONE', #65, 0.1000000000000000056 ) ;
#1864 = SURFACE_STYLE_USAGE ( .BOTH. , #3271 ) ;
#1865 = ORIENTED_EDGE ( 'NONE', *, *, #5457, .T. ) ;
#1866 = VECTOR ( 'NONE', #3623, 1000.000000000000000 ) ;
#1867 = ORIENTED_EDGE ( 'NONE', *, *, #4763, .T. ) ;
#1868 = FILL_AREA_STYLE ('',( #5058 ) ) ;
#1869 =( NAMED_UNIT ( * ) PLANE_ANGLE_UNIT ( ) SI_UNIT ( $, .RADIAN. ) );
#1870 = DIRECTION ( 'NONE',  ( -1.000000000000000000, 9.260893556646949330E-16, 0.0000000000000000000 ) ) ;
#1871 = CARTESIAN_POINT ( 'NONE',  ( 0.0000000000000000000, 2.899999999999999467, 4.289999999999999147 ) ) ;
#1872 = CARTESIAN_POINT ( 'NONE',  ( -0.005146024465405070296, 0.2395171458257514263, 0.2999999999999999889 ) ) ;
#1873 = COLOUR_RGB ( '',0.7764705882352941346, 0.7568627450980391913, 0.7372549019607843590 ) ;
#1874 = PLANE ( 'NONE',  #7897 ) ;
#1875 = DIRECTION ( 'NONE',  ( -0.0000000000000000000, -0.0000000000000000000, -1.000000000000000000 ) ) ;
#1876 = PRESENTATION_STYLE_ASSIGNMENT (( #7725 ) ) ;
#1877 = VECTOR ( 'NONE', #4074, 1000.000000000000000 ) ;
#1878 = ORIENTED_EDGE ( 'NONE', *, *, #6000, .T. ) ;
#1879 = VERTEX_POINT ( 'NONE', #6272 ) ;
#1880 = DIRECTION ( 'NONE',  ( 1.000000000000000000, 0.0000000000000000000, 0.0000000000000000000 ) ) ;
#1881 = STYLED_ITEM ( 'NONE', ( #2743 ), #4376 ) ;
#1882 =( NAMED_UNIT ( * ) SI_UNIT ( $, .STERADIAN. ) SOLID_ANGLE_UNIT ( ) );
#1883 = AXIS2_PLACEMENT_3D ( 'NONE', #7197, #504, #629 ) ;
#1884 =( NAMED_UNIT ( * ) SI_UNIT ( $, .STERADIAN. ) SOLID_ANGLE_UNIT ( ) );
#1885 = SURFACE_STYLE_FILL_AREA ( #4518 ) ;
#1886 = CARTESIAN_POINT ( 'NONE',  ( -1.349999999999999867, 1.649999999999999689, 5.500000000000000000 ) ) ;
#1887 = ORIENTED_EDGE ( 'NONE', *, *, #3406, .T. ) ;
#1888 = DIRECTION ( 'NONE',  ( 0.0000000000000000000, 1.000000000000000000, 0.0000000000000000000 ) ) ;
#1889 = FILL_AREA_STYLE_COLOUR ( '', #6322 ) ;
#1890 = VECTOR ( 'NONE', #7145, 1000.000000000000000 ) ;
#1891 = FILL_AREA_STYLE_COLOUR ( '', #4841 ) ;
#1892 = AXIS2_PLACEMENT_3D ( 'NONE', #6654, #8529, #605 ) ;
#1893 =( NAMED_UNIT ( * ) PLANE_ANGLE_UNIT ( ) SI_UNIT ( $, .RADIAN. ) );
#1894 = PRESENTATION_LAYER_ASSIGNMENT (  '', '', ( #1439 ) ) ;
#1895 =( LENGTH_UNIT ( ) NAMED_UNIT ( * ) SI_UNIT ( .MILLI., .METRE. ) );
#1896 = DIRECTION ( 'NONE',  ( 1.000000000000000000, -5.762889602839895437E-15, 0.0000000000000000000 ) ) ;
#1897 = ORIENTED_EDGE ( 'NONE', *, *, #7629, .F. ) ;
#1898 = COLOUR_RGB ( '',0.7764705882352941346, 0.7568627450980391913, 0.7372549019607843590 ) ;
#1899 = VECTOR ( 'NONE', #171, 1000.000000000000000 ) ;
#1900 =( NAMED_UNIT ( * ) SI_UNIT ( $, .STERADIAN. ) SOLID_ANGLE_UNIT ( ) );
#1901 = ADVANCED_FACE ( 'NONE', ( #6769 ), #6302, .F. ) ;
#1902 = CARTESIAN_POINT ( 'NONE',  ( -0.1999999999999999556, 0.1157469670496683034, 0.2999999999999999889 ) ) ;
#1903 = MECHANICAL_DESIGN_GEOMETRIC_PRESENTATION_REPRESENTATION (  '', ( #6957 ), #6805 ) ;
#1904 = EDGE_CURVE ( 'NONE', #7979, #8258, #5052, .T. ) ;
#1905 = ORIENTED_EDGE ( 'NONE', *, *, #2797, .F. ) ;
#1906 = SURFACE_STYLE_FILL_AREA ( #1382 ) ;
#1907 = VECTOR ( 'NONE', #5694, 1000.000000000000000 ) ;
#1908 = SURFACE_STYLE_USAGE ( .BOTH. , #35 ) ;
#1909 = DIRECTION ( 'NONE',  ( 0.0000000000000000000, -1.000000000000000000, 0.0000000000000000000 ) ) ;
#1910 = CARTESIAN_POINT ( 'NONE',  ( -2.449999999999999289, 1.700000000000000178, 0.3499999999999999778 ) ) ;
#1911 = SPHERICAL_SURFACE ( 'NONE', #5764, 0.1000000000000000056 ) ;
#1912 = CARTESIAN_POINT ( 'NONE',  ( -0.1682119218709047515, -0.2931356558383235722, 0.2999999999999999889 ) ) ;
#1913 = EDGE_LOOP ( 'NONE', ( #2902, #7498, #1234, #754 ) ) ;
#1914 = AXIS2_PLACEMENT_3D ( 'NONE', #2371, #6913, #4359 ) ;
#1915 = EDGE_CURVE ( 'NONE', #2145, #8008, #873, .T. ) ;
#1916 = SURFACE_STYLE_USAGE ( .BOTH. , #2525 ) ;
#1917 = DIRECTION ( 'NONE',  ( 1.322197771323786684E-17, -0.0000000000000000000, 1.000000000000000000 ) ) ;
#1918 = LINE ( 'NONE', #4115, #7117 ) ;
#1919 = VERTEX_POINT ( 'NONE', #1643 ) ;
#1920 = ORIENTED_EDGE ( 'NONE', *, *, #1084, .F. ) ;
#1921 = FACE_OUTER_BOUND ( 'NONE', #3486, .T. ) ;
#1922 = SURFACE_STYLE_USAGE ( .BOTH. , #3969 ) ;
#1923 = CARTESIAN_POINT ( 'NONE',  ( -0.2000000000000001776, -0.3086432768527708204, 0.3099999999999999978 ) ) ;
#1924 = CARTESIAN_POINT ( 'NONE',  ( -2.899999999999999911, -3.000000000000000000, 5.399999999999999467 ) ) ;
#1925 = UNCERTAINTY_MEASURE_WITH_UNIT (LENGTH_MEASURE( 1.000000000000000082E-05 ), #539, 'distance_accuracy_value', 'NONE');
#1926 = AXIS2_PLACEMENT_3D ( 'NONE', #6883, #4329, #7496 ) ;
#1927 =( NAMED_UNIT ( * ) SI_UNIT ( $, .STERADIAN. ) SOLID_ANGLE_UNIT ( ) );
#1928 = DIRECTION ( 'NONE',  ( 0.0000000000000000000, 0.0000000000000000000, -1.000000000000000000 ) ) ;
#1929 = ORIENTED_EDGE ( 'NONE', *, *, #3056, .T. ) ;
#1930 = EDGE_CURVE ( 'NONE', #7884, #3418, #5943, .T. ) ;
#1931 = CARTESIAN_POINT ( 'NONE',  ( -0.07033327650105679341, -0.1833712135350182293, 0.2999999999999999889 ) ) ;
#1932 =( NAMED_UNIT ( * ) SI_UNIT ( $, .STERADIAN. ) SOLID_ANGLE_UNIT ( ) );
#1933 = VERTEX_POINT ( 'NONE', #398 ) ;
#1934 = STYLED_ITEM ( 'NONE', ( #1826 ), #3416 ) ;
#1935 = FILL_AREA_STYLE ('',( #2024 ) ) ;
#1936 = MECHANICAL_DESIGN_GEOMETRIC_PRESENTATION_REPRESENTATION (  '', ( #6568 ), #5243 ) ;
#1937 = EDGE_CURVE ( 'NONE', #6856, #5820, #7287, .T. ) ;
#1938 = VECTOR ( 'NONE', #6662, 1000.000000000000000 ) ;
#1939 = SURFACE_SIDE_STYLE ('',( #2929 ) ) ;
#1940 = CIRCLE ( 'NONE', #920, 0.1000000000000000472 ) ;
#1941 = EDGE_LOOP ( 'NONE', ( #3775, #6105, #5003, #5338 ) ) ;
#1942 = SURFACE_STYLE_USAGE ( .BOTH. , #7829 ) ;
#1943 = PRESENTATION_STYLE_ASSIGNMENT (( #3690 ) ) ;
#1944 = DIRECTION ( 'NONE',  ( -1.000000000000000000, -8.850629979473508477E-17, 0.0000000000000000000 ) ) ;
#1945 = EDGE_CURVE ( 'NONE', #1428, #7067, #155, .T. ) ;
#1946 = CARTESIAN_POINT ( 'NONE',  ( -0.1780487804878047864, -0.08692071587716113101, 0.3099999999999999978 ) ) ;
#1947 = ADVANCED_FACE ( 'NONE', ( #3372 ), #6906, .F. ) ;
#1948 = AXIS2_PLACEMENT_3D ( 'NONE', #5695, #1070, #1015 ) ;
#1949 = ORIENTED_EDGE ( 'NONE', *, *, #8531, .T. ) ;
#1950 = VECTOR ( 'NONE', #6348, 1000.000000000000000 ) ;
#1951 = PRESENTATION_LAYER_ASSIGNMENT (  '', '', ( #5853 ) ) ;
#1952 = DIRECTION ( 'NONE',  ( 0.0000000000000000000, 0.0000000000000000000, 1.000000000000000000 ) ) ;
#1953 = VECTOR ( 'NONE', #6744, 1000.000000000000000 ) ;
#1954 =( NAMED_UNIT ( * ) PLANE_ANGLE_UNIT ( ) SI_UNIT ( $, .RADIAN. ) );
#1955 = ORIENTED_EDGE ( 'NONE', *, *, #501, .F. ) ;
#1956 = CARTESIAN_POINT ( 'NONE',  ( 0.001669631167435280464, 0.1822058055843572832, 0.2999999999999999889 ) ) ;
#1957 = AXIS2_PLACEMENT_3D ( 'NONE', #8334, #4387, #1680 ) ;
#1958 = VECTOR ( 'NONE', #5638, 1000.000000000000000 ) ;
#1959 = CARTESIAN_POINT ( 'NONE',  ( -2.410912291827593812, -2.299999999999999822, -0.001386042793148666626 ) ) ;
#1960 = CARTESIAN_POINT ( 'NONE',  ( -0.02195121951219506859, 0.3332266418464162050, 0.2999999999999999889 ) ) ;
#1961 = AXIS2_PLACEMENT_3D ( 'NONE', #5411, #6719, #1422 ) ;
#1962 = PLANE ( 'NONE',  #3619 ) ;
#1963 = ORIENTED_EDGE ( 'NONE', *, *, #2932, .F. ) ;
#1964 = CARTESIAN_POINT ( 'NONE',  ( -0.9749999999999999778, 1.224999999999999645, 8.650000000000000355 ) ) ;
#1965 = ORIENTED_EDGE ( 'NONE', *, *, #1862, .F. ) ;
#1966 = B_SPLINE_CURVE_WITH_KNOTS ( 'NONE', 3,
 ( #8399, #5776, #3091, #2413, #1032 ),
 .UNSPECIFIED., .F., .F.,
 ( 4, 1, 4 ),
 ( 0.0000000000000000000, 0.4404366560237422124, 0.9999887478341757951 ),
 .UNSPECIFIED. ) ;
#1967 = CIRCLE ( 'NONE', #3421, 0.1000000000000000472 ) ;
#1968 = ORIENTED_EDGE ( 'NONE', *, *, #7422, .T. ) ;
#1969 = CARTESIAN_POINT ( 'NONE',  ( -4.150912291827595801, -2.299999999999999822, -0.001386042793148558206 ) ) ;
#1970 = VECTOR ( 'NONE', #5769, 1000.000000000000000 ) ;
#1971 = EDGE_CURVE ( 'NONE', #3544, #6304, #5007, .T. ) ;
#1972 = DIRECTION ( 'NONE',  ( -1.000000000000000000, -0.0000000000000000000, -0.0000000000000000000 ) ) ;
#1973 = ORIENTED_EDGE ( 'NONE', *, *, #1915, .T. ) ;
#1974 = FILL_AREA_STYLE_COLOUR ( '', #3082 ) ;
#1975 = COLOUR_RGB ( '',0.7764705882352941346, 0.7568627450980391913, 0.7372549019607843590 ) ;
#1976 = EDGE_CURVE ( 'NONE', #4330, #1744, #5438, .T. ) ;
#1977 = CARTESIAN_POINT ( 'NONE',  ( 0.9750000000000001998, -1.125000000000000444, 7.799999999999999822 ) ) ;
#1978 =( NAMED_UNIT ( * ) PLANE_ANGLE_UNIT ( ) SI_UNIT ( $, .RADIAN. ) );
#1979 = CARTESIAN_POINT ( 'NONE',  ( 1.500000000000000000, -2.750000000000000444, 0.2999999999999999889 ) ) ;
#1980 = VERTEX_POINT ( 'NONE', #5014 ) ;
#1981 = AXIS2_PLACEMENT_3D ( 'NONE', #8523, #502, #4553 ) ;
#1982 = EDGE_CURVE ( 'NONE', #4611, #3293, #2299, .T. ) ;
#1983 = CARTESIAN_POINT ( 'NONE',  ( -0.1615853658536586523, -0.2980868744137465387, 0.3099999999999999978 ) ) ;
#1984 = SURFACE_STYLE_USAGE ( .BOTH. , #2619 ) ;
#1985 = AXIS2_PLACEMENT_3D ( 'NONE', #6777, #5596, #7523 ) ;
#1986 = CARTESIAN_POINT ( 'NONE',  ( -0.1755754703592872501, -0.1062775587966815899, 0.3099999999999999978 ) ) ;
#1987 = ADVANCED_FACE ( 'NONE', ( #7579 ), #1675, .F. ) ;
#1988 = PLANE ( 'NONE',  #5118 ) ;
#1989 = EDGE_LOOP ( 'NONE', ( #2196, #5639, #4860, #3952, #7583, #5893, #4112, #6752, #6838, #1069 ) ) ;
#1990 = DIRECTION ( 'NONE',  ( 0.0000000000000000000, -0.0000000000000000000, -1.000000000000000000 ) ) ;
#1991 = ADVANCED_FACE ( 'NONE', ( #1761 ), #5625, .T. ) ;
#1992 = VERTEX_POINT ( 'NONE', #5653 ) ;
#1993 = LINE ( 'NONE', #5800, #6971 ) ;
#1994 = CYLINDRICAL_SURFACE ( 'NONE', #1275, 0.3535533905932732313 ) ;
#1995 =( LENGTH_UNIT ( ) NAMED_UNIT ( * ) SI_UNIT ( .MILLI., .METRE. ) );
#1996 =( GEOMETRIC_REPRESENTATION_CONTEXT ( 3 ) GLOBAL_UNCERTAINTY_ASSIGNED_CONTEXT ( ( #6922 ) ) GLOBAL_UNIT_ASSIGNED_CONTEXT ( ( #856, #595, #1927 ) ) REPRESENTATION_CONTEXT ( 'NONE', 'WORKASPACE' ) );
#1997 = CARTESIAN_POINT ( 'NONE',  ( -0.02195121951219501655, -0.08581553295033207684, 0.2999999999999999889 ) ) ;
#1998 = ORIENTED_EDGE ( 'NONE', *, *, #7309, .F. ) ;
#1999 =( NAMED_UNIT ( * ) PLANE_ANGLE_UNIT ( ) SI_UNIT ( $, .RADIAN. ) );
#2000 = PRESENTATION_LAYER_ASSIGNMENT (  '', '', ( #4250 ) ) ;
#2001 = SURFACE_STYLE_USAGE ( .BOTH. , #5343 ) ;
#2002 = ORIENTED_EDGE ( 'NONE', *, *, #4718, .T. ) ;
#2003 = VECTOR ( 'NONE', #7255, 1000.000000000000000 ) ;
#2004 = CARTESIAN_POINT ( 'NONE',  ( 4.743384504624081899E-17, -0.2062042524625271878, 0.3099999999999999978 ) ) ;
#2005 =( LENGTH_UNIT ( ) NAMED_UNIT ( * ) SI_UNIT ( .MILLI., .METRE. ) );
#2006 = SURFACE_STYLE_FILL_AREA ( #1687 ) ;
#2007 = CARTESIAN_POINT ( 'NONE',  ( -0.09024390243902426223, 0.08891769875698528336, 0.2999999999999999889 ) ) ;
#2008 = EDGE_CURVE ( 'NONE', #1321, #3522, #6237, .T. ) ;
#2009 = CARTESIAN_POINT ( 'NONE',  ( -0.1945121951219511980, 0.1547713572935706383, 0.3099999999999999978 ) ) ;
#2010 = EDGE_LOOP ( 'NONE', ( #7358, #3150, #4023, #1847 ) ) ;
#2011 = LINE ( 'NONE', #231, #4932 ) ;
#2012 = DIRECTION ( 'NONE',  ( 0.0000000000000000000, 0.0000000000000000000, 1.000000000000000000 ) ) ;
#2013 = AXIS2_PLACEMENT_3D ( 'NONE', #4030, #771, #712 ) ;
#2014 = FACE_OUTER_BOUND ( 'NONE', #4494, .T. ) ;
#2015 = COLOUR_RGB ( '',0.4313725490196078649, 0.3529411764705882026, 0.3725490196078431460 ) ;
#2016 = AXIS2_PLACEMENT_3D ( 'NONE', #3065, #7640, #2348 ) ;
#2017 = DIRECTION ( 'NONE',  ( 1.000000000000000000, 0.0000000000000000000, 0.0000000000000000000 ) ) ;
#2018 =( NAMED_UNIT ( * ) SI_UNIT ( $, .STERADIAN. ) SOLID_ANGLE_UNIT ( ) );
#2019 = ORIENTED_EDGE ( 'NONE', *, *, #2039, .F. ) ;
#2020 = LINE ( 'NONE', #6446, #3188 ) ;
#2021 = DIRECTION ( 'NONE',  ( -1.000000000000000000, 0.0000000000000000000, -1.322197771323786684E-17 ) ) ;
#2022 = ORIENTED_EDGE ( 'NONE', *, *, #4818, .T. ) ;
#2023 = DIRECTION ( 'NONE',  ( -0.0000000000000000000, 1.000000000000000000, -0.0000000000000000000 ) ) ;
#2024 = FILL_AREA_STYLE_COLOUR ( '', #5958 ) ;
#2025 = MECHANICAL_DESIGN_GEOMETRIC_PRESENTATION_REPRESENTATION (  '', ( #719 ), #2485 ) ;
#2026 = CARTESIAN_POINT ( 'NONE',  ( -0.02195121951219501308, 0.008429893878936361995, 0.2999999999999999889 ) ) ;
#2027 = VERTEX_POINT ( 'NONE', #7178 ) ;
#2028 = SURFACE_STYLE_FILL_AREA ( #7611 ) ;
#2029 = CARTESIAN_POINT ( 'NONE',  ( -0.02195121951219501655, -0.08581553295033207684, 0.3099999999999999978 ) ) ;
#2030 =( LENGTH_UNIT ( ) NAMED_UNIT ( * ) SI_UNIT ( .MILLI., .METRE. ) );
#2031 = CARTESIAN_POINT ( 'NONE',  ( -0.1999999999999999001, 0.4007063166431641954, 0.2999999999999999889 ) ) ;
#2032 = CARTESIAN_POINT ( 'NONE',  ( -0.2000000000000000111, 0.4230640402204000616, 0.2999999999999999889 ) ) ;
#2033 = CARTESIAN_POINT ( 'NONE',  ( -0.1999999999999999556, 0.3962347719277171110, 0.2999999999999999889 ) ) ;
#2034 = ORIENTED_EDGE ( 'NONE', *, *, #4398, .T. ) ;
#2035 = ADVANCED_FACE ( 'NONE', ( #956 ), #7748, .T. ) ;
#2036 = MECHANICAL_DESIGN_GEOMETRIC_PRESENTATION_REPRESENTATION (  '', ( #7814 ), #1519 ) ;
#2037 = VERTEX_POINT ( 'NONE', #486 ) ;
#2038 = EDGE_CURVE ( 'NONE', #3576, #7632, #5633, .T. ) ;
#2039 = EDGE_CURVE ( 'NONE', #4330, #6689, #5837, .T. ) ;
#2040 = VECTOR ( 'NONE', #1236, 1000.000000000000000 ) ;
#2041 = CARTESIAN_POINT ( 'NONE',  ( -4.460912291827596299, 1.700000000000000178, -0.001386042793135222519 ) ) ;
#2042 = UNCERTAINTY_MEASURE_WITH_UNIT (LENGTH_MEASURE( 1.000000000000000082E-05 ), #3258, 'distance_accuracy_value', 'NONE');
#2043 = VECTOR ( 'NONE', #6776, 1000.000000000000000 ) ;
#2044 = VERTEX_POINT ( 'NONE', #2433 ) ;
#2045 = CARTESIAN_POINT ( 'NONE',  ( -0.1666666666666666574, 0.4230640402204000616, 0.2999999999999999889 ) ) ;
#2046 = FACE_OUTER_BOUND ( 'NONE', #8271, .T. ) ;
#2047 = SURFACE_STYLE_USAGE ( .BOTH. , #822 ) ;
#2048 = DIRECTION ( 'NONE',  ( -0.5078765015849451281, 0.0000000000000000000, -0.8614298921780212392 ) ) ;
#2049 = CARTESIAN_POINT ( 'NONE',  ( 1.500000000000000000, 2.750000000000000444, 0.5000000000000000000 ) ) ;
#2050 = CARTESIAN_POINT ( 'NONE',  ( 2.800000000000000266, -2.900000000000000355, 5.399999999999999467 ) ) ;
#2051 = DIRECTION ( 'NONE',  ( 1.445602896647339163E-16, -1.000000000000000000, 0.0000000000000000000 ) ) ;
#2052 = ORIENTED_EDGE ( 'NONE', *, *, #8479, .F. ) ;
#2053 = STYLED_ITEM ( 'NONE', ( #8019 ), #4289 ) ;
#2054 =( GEOMETRIC_REPRESENTATION_CONTEXT ( 3 ) GLOBAL_UNCERTAINTY_ASSIGNED_CONTEXT ( ( #5477 ) ) GLOBAL_UNIT_ASSIGNED_CONTEXT ( ( #7227, #1240, #6438 ) ) REPRESENTATION_CONTEXT ( 'NONE', 'WORKASPACE' ) );
#2055 = DIRECTION ( 'NONE',  ( 0.0000000000000000000, -0.0000000000000000000, -1.000000000000000000 ) ) ;
#2056 = FACE_OUTER_BOUND ( 'NONE', #5492, .T. ) ;
#2057 = EDGE_CURVE ( 'NONE', #6076, #4573, #1544, .T. ) ;
#2058 = ORIENTED_EDGE ( 'NONE', *, *, #5300, .F. ) ;
#2059 = CARTESIAN_POINT ( 'NONE',  ( -2.449999999999999289, 2.299999999999999822, 0.3499999999999999778 ) ) ;
#2060 = VERTEX_POINT ( 'NONE', #1139 ) ;
#2061 = CARTESIAN_POINT ( 'NONE',  ( 1.500000000000000000, 3.000000000000000000, 0.2999999999999999889 ) ) ;
#2062 = LINE ( 'NONE', #3360, #2498 ) ;
#2063 = AXIS2_PLACEMENT_3D ( 'NONE', #6853, #2906, #7519 ) ;
#2064 = ORIENTED_EDGE ( 'NONE', *, *, #6372, .T. ) ;
#2065 = CARTESIAN_POINT ( 'NONE',  ( -0.1999999999999999001, 0.01330794265942438284, 0.2999999999999999889 ) ) ;
#2066 = PRESENTATION_STYLE_ASSIGNMENT (( #934 ) ) ;
#2067 = ORIENTED_EDGE ( 'NONE', *, *, #2008, .T. ) ;
#2068 = PLANE ( 'NONE',  #4646 ) ;
#2069 = VECTOR ( 'NONE', #7010, 1000.000000000000000 ) ;
#2070 = UNCERTAINTY_MEASURE_WITH_UNIT (LENGTH_MEASURE( 1.000000000000000082E-05 ), #1462, 'distance_accuracy_value', 'NONE');
#2071 = PRESENTATION_STYLE_ASSIGNMENT (( #5111 ) ) ;
#2072 = CARTESIAN_POINT ( 'NONE',  ( -0.1615853658536586523, -0.2980868744137465387, 0.2999999999999999889 ) ) ;
#2073 = CARTESIAN_POINT ( 'NONE',  ( -0.1019435975609755685, -0.1647408378283807540, 0.3099999999999999978 ) ) ;
#2074 = ORIENTED_EDGE ( 'NONE', *, *, #7266, .T. ) ;
#2075 = ORIENTED_EDGE ( 'NONE', *, *, #7837, .T. ) ;
#2076 = STYLED_ITEM ( 'NONE', ( #6488 ), #7125 ) ;
#2077 = DIRECTION ( 'NONE',  ( 1.000000000000000000, 0.0000000000000000000, -0.0000000000000000000 ) ) ;
#2078 = CARTESIAN_POINT ( 'NONE',  ( 4.413250983545655222E-14, -0.08497711831616255873, 0.2999999999999999889 ) ) ;
#2079 =( LENGTH_UNIT ( ) NAMED_UNIT ( * ) SI_UNIT ( .MILLI., .METRE. ) );
#2080 = VECTOR ( 'NONE', #1773, 1000.000000000000000 ) ;
#2081 = VECTOR ( 'NONE', #324, 1000.000000000000000 ) ;
#2082 = ORIENTED_EDGE ( 'NONE', *, *, #7644, .T. ) ;
#2083 = DIRECTION ( 'NONE',  ( 0.9406672605435404400, -0.3393303772748778036, 0.0000000000000000000 ) ) ;
#2084 = PLANE ( 'NONE',  #3135 ) ;
#2085 = CARTESIAN_POINT ( 'NONE',  ( -0.1736755678031965122, 0.2257019471222366236, 0.3099999999999999978 ) ) ;
#2086 = CARTESIAN_POINT ( 'NONE',  ( 2.800000000000000266, -3.000000000000000000, 4.290000000000000036 ) ) ;
#2087 = CARTESIAN_POINT ( 'NONE',  ( -0.9749999999999996447, -1.225000000000000533, 8.650000000000000355 ) ) ;
#2088 = EDGE_CURVE ( 'NONE', #3538, #4982, #3668, .T. ) ;
#2089 = COLOUR_RGB ( '',0.7764705882352941346, 0.7568627450980391913, 0.7372549019607843590 ) ;
#2090 = LINE ( 'NONE', #6404, #1050 ) ;
#2091 = SURFACE_STYLE_FILL_AREA ( #7044 ) ;
#2092 = ADVANCED_FACE ( 'NONE', ( #766 ), #4839, .T. ) ;
#2093 = COLOUR_RGB ( '',0.7764705882352941346, 0.7568627450980391913, 0.7372549019607843590 ) ;
#2094 = ORIENTED_EDGE ( 'NONE', *, *, #3445, .F. ) ;
#2095 = EDGE_CURVE ( 'NONE', #3325, #3693, #7475, .T. ) ;
#2096 = CARTESIAN_POINT ( 'NONE',  ( 0.0000000000000000000, -0.05742376465764913868, 0.3099999999999999978 ) ) ;
#2097 = DIRECTION ( 'NONE',  ( -1.000000000000000000, 1.149628165652732347E-15, 0.0000000000000000000 ) ) ;
#2098 = PRESENTATION_LAYER_ASSIGNMENT (  '', '', ( #2268 ) ) ;
#2099 = FACE_OUTER_BOUND ( 'NONE', #2302, .T. ) ;
#2100 = MANIFOLD_SOLID_BREP ( '实体-移动/复制1[2]', #2986 ) ;
#2101 = CARTESIAN_POINT ( 'NONE',  ( 0.0000000000000000000, -2.899999999999999467, 4.289999999999999147 ) ) ;
#2102 = AXIS2_PLACEMENT_3D ( 'NONE', #6581, #3261, #1255 ) ;
#2103 = EDGE_LOOP ( 'NONE', ( #3259, #4139, #4665, #7841 ) ) ;
#2104 = PRESENTATION_LAYER_ASSIGNMENT (  '', '', ( #5412 ) ) ;
#2105 = VECTOR ( 'NONE', #3759, 1000.000000000000000 ) ;
#2106 =( NAMED_UNIT ( * ) PLANE_ANGLE_UNIT ( ) SI_UNIT ( $, .RADIAN. ) );
#2107 = CARTESIAN_POINT ( 'NONE',  ( -0.02195121951219501308, -0.05742376465764913868, 0.2999999999999999889 ) ) ;
#2108 = SURFACE_STYLE_FILL_AREA ( #3865 ) ;
#2109 = CARTESIAN_POINT ( 'NONE',  ( -0.07237685117584907735, 0.3003277933331639504, 0.3099999999999999978 ) ) ;
#2110 = EDGE_LOOP ( 'NONE', ( #242, #1140, #796, #2495 ) ) ;
#2111 = CARTESIAN_POINT ( 'NONE',  ( -0.8749999999999998890, 1.124999999999999778, 10.50000000000000000 ) ) ;
#2112 = CIRCLE ( 'NONE', #3692, 0.1000000000000000472 ) ;
#2113 = FACE_OUTER_BOUND ( 'NONE', #1941, .T. ) ;
#2114 = SURFACE_STYLE_USAGE ( .BOTH. , #2144 ) ;
#2115 = PRESENTATION_LAYER_ASSIGNMENT (  '', '', ( #3197 ) ) ;
#2116 = DIRECTION ( 'NONE',  ( -0.0000000000000000000, -0.0000000000000000000, 1.000000000000000000 ) ) ;
#2117 = MECHANICAL_DESIGN_GEOMETRIC_PRESENTATION_REPRESENTATION (  '', ( #2467 ), #2583 ) ;
#2118 = CARTESIAN_POINT ( 'NONE',  ( -0.1967526002680525243, 0.1614756927265195152, 0.3099999999999999978 ) ) ;
#2119 = EDGE_LOOP ( 'NONE', ( #4422, #2746, #8036, #7213 ) ) ;
#2120 = VECTOR ( 'NONE', #4252, 1000.000000000000000 ) ;
#2121 = VECTOR ( 'NONE', #3128, 1000.000000000000000 ) ;
#2122 = CARTESIAN_POINT ( 'NONE',  ( -0.1999999999999999556, 0.3962347719277171110, 0.2999999999999999889 ) ) ;
#2123 = EDGE_LOOP ( 'NONE', ( #2472, #7998, #5498, #3621 ) ) ;
#2124 = ADVANCED_FACE ( 'NONE', ( #66 ), #1792, .F. ) ;
#2125 = FACE_OUTER_BOUND ( 'NONE', #273, .T. ) ;
#2126 = CARTESIAN_POINT ( 'NONE',  ( 4.065758146820641628E-17, 0.3206250158301560127, 0.2999999999999999889 ) ) ;
#2127 = CARTESIAN_POINT ( 'NONE',  ( 2.800000000000000266, -2.900000000000000355, 5.399999999999999467 ) ) ;
#2128 = AXIS2_PLACEMENT_3D ( 'NONE', #3021, #7630, #7570 ) ;
#2129 = EDGE_LOOP ( 'NONE', ( #5671, #3301, #7087, #7351 ) ) ;
#2130 = FACE_OUTER_BOUND ( 'NONE', #6380, .T. ) ;
#2131 = STYLED_ITEM ( 'NONE', ( #1731 ), #3163 ) ;
#2132 = CIRCLE ( 'NONE', #448, 0.1000000000000000472 ) ;
#2133 = SURFACE_STYLE_USAGE ( .BOTH. , #1472 ) ;
#2134 = ADVANCED_FACE ( 'NONE', ( #4286 ), #3336, .F. ) ;
#2135 = VECTOR ( 'NONE', #1309, 1000.000000000000000 ) ;
#2136 = EDGE_CURVE ( 'NONE', #6978, #1584, #8200, .T. ) ;
#2137 = ORIENTED_EDGE ( 'NONE', *, *, #5775, .F. ) ;
#2138 = DIRECTION ( 'NONE',  ( 0.0000000000000000000, 0.0000000000000000000, -1.000000000000000000 ) ) ;
#2139 = CARTESIAN_POINT ( 'NONE',  ( -0.07415100955989956111, 0.2726440555890137785, 0.3099999999999999978 ) ) ;
#2140 = EDGE_LOOP ( 'NONE', ( #8302, #5297, #1905 ) ) ;
#2141 = VECTOR ( 'NONE', #7083, 1000.000000000000000 ) ;
#2142 = EDGE_CURVE ( 'NONE', #6978, #3654, #1444, .T. ) ;
#2143 = DIRECTION ( 'NONE',  ( 0.0000000000000000000, 0.0000000000000000000, 1.000000000000000000 ) ) ;
#2144 = SURFACE_SIDE_STYLE ('',( #759 ) ) ;
#2145 = VERTEX_POINT ( 'NONE', #6840 ) ;
#2146 = CARTESIAN_POINT ( 'NONE',  ( -0.9749999999999999778, 1.124999999999999778, 8.650000000000000355 ) ) ;
#2147 = ORIENTED_EDGE ( 'NONE', *, *, #8207, .T. ) ;
#2148 = CARTESIAN_POINT ( 'NONE',  ( -0.2000000000000000111, -0.08703504514545377935, 0.2999999999999999889 ) ) ;
#2149 = DIRECTION ( 'NONE',  ( 0.8765507127426052092, 0.4813095137127779144, -0.0000000000000000000 ) ) ;
#2150 = FACE_OUTER_BOUND ( 'NONE', #2555, .T. ) ;
#2151 = DIRECTION ( 'NONE',  ( -1.000000000000000000, -0.0000000000000000000, -0.0000000000000000000 ) ) ;
#2152 = CYLINDRICAL_SURFACE ( 'NONE', #8183, 0.1000000000000000472 ) ;
#2153 = ORIENTED_EDGE ( 'NONE', *, *, #731, .F. ) ;
#2154 = EDGE_CURVE ( 'NONE', #6029, #6142, #6565, .T. ) ;
#2155 = DIRECTION ( 'NONE',  ( 0.0000000000000000000, -0.0000000000000000000, 1.000000000000000000 ) ) ;
#2156 = CARTESIAN_POINT ( 'NONE',  ( -0.9749999999999999778, 1.224999999999999645, 10.50000000000000000 ) ) ;
#2157 = SURFACE_STYLE_USAGE ( .BOTH. , #4239 ) ;
#2158 = ORIENTED_EDGE ( 'NONE', *, *, #14, .T. ) ;
#2159 = PLANE ( 'NONE',  #5096 ) ;
#2160 = CARTESIAN_POINT ( 'NONE',  ( 0.0000000000000000000, 0.0000000000000000000, 0.3099999999999999978 ) ) ;
#2161 = EDGE_CURVE ( 'NONE', #1879, #7324, #4082, .T. ) ;
#2162 = B_SPLINE_SURFACE_WITH_KNOTS ( 'NONE', 3, 1, ( 
 ( #7931, #4002 ),
 ( #5293, #5944 ),
 ( #1956, #2654 ),
 ( #8490, #7274 ),
 ( #4545, #562 ) ),
 .UNSPECIFIED., .F., .F., .F.,
 ( 4, 1, 4 ),
 ( 2, 2 ),
 ( 0.0000000000000000000, 0.5591098571335010314, 1.000000000000000000 ),
 ( 0.0000000000000000000, 1.000000000000000000 ),
 .UNSPECIFIED. ) ;
#2163 = CARTESIAN_POINT ( 'NONE',  ( -0.1801002760399360858, 0.1943503714882890421, 0.3099999999999999978 ) ) ;
#2164 = CARTESIAN_POINT ( 'NONE',  ( -0.04796747967479665642, -0.05742376465764910398, 0.2999999999999999889 ) ) ;
#2165 = ADVANCED_FACE ( 'NONE', ( #1146 ), #538, .T. ) ;
#2166 =( NAMED_UNIT ( * ) PLANE_ANGLE_UNIT ( ) SI_UNIT ( $, .RADIAN. ) );
#2167 = LINE ( 'NONE', #5793, #6416 ) ;
#2168 =( GEOMETRIC_REPRESENTATION_CONTEXT ( 3 ) GLOBAL_UNCERTAINTY_ASSIGNED_CONTEXT ( ( #1393 ) ) GLOBAL_UNIT_ASSIGNED_CONTEXT ( ( #6559, #6615, #7908 ) ) REPRESENTATION_CONTEXT ( 'NONE', 'WORKASPACE' ) );
#2169 = VERTEX_POINT ( 'NONE', #5446 ) ;
#2170 = SURFACE_STYLE_FILL_AREA ( #7104 ) ;
#2171 = FACE_OUTER_BOUND ( 'NONE', #6012, .T. ) ;
#2172 = VECTOR ( 'NONE', #6857, 1000.000000000000000 ) ;
#2173 = AXIS2_PLACEMENT_3D ( 'NONE', #5189, #1224, #1851 ) ;
#2174 = ORIENTED_EDGE ( 'NONE', *, *, #689, .T. ) ;
#2175 = CIRCLE ( 'NONE', #7509, 0.09999999999999982514 ) ;
#2176 = EDGE_CURVE ( 'NONE', #7513, #5314, #7796, .T. ) ;
#2177 = CARTESIAN_POINT ( 'NONE',  ( 0.002439024390243986571, 0.2098018450984485972, 0.3099999999999999978 ) ) ;
#2178 = EDGE_CURVE ( 'NONE', #7664, #5034, #6760, .T. ) ;
#2179 = ORIENTED_EDGE ( 'NONE', *, *, #1930, .T. ) ;
#2180 = ORIENTED_EDGE ( 'NONE', *, *, #4946, .T. ) ;
#2181 = VECTOR ( 'NONE', #2822, 1000.000000000000000 ) ;
#2182 = VERTEX_POINT ( 'NONE', #1513 ) ;
#2183 = SURFACE_SIDE_STYLE ('',( #3295 ) ) ;
#2184 = DIRECTION ( 'NONE',  ( 0.0000000000000000000, 1.000000000000000000, 0.0000000000000000000 ) ) ;
#2185 = AXIS2_PLACEMENT_3D ( 'NONE', #5121, #3676, #3066 ) ;
#2186 = MECHANICAL_DESIGN_GEOMETRIC_PRESENTATION_REPRESENTATION (  '', ( #7347 ), #6798 ) ;
#2187 = DIRECTION ( 'NONE',  ( 0.0000000000000000000, 1.000000000000000000, -0.0000000000000000000 ) ) ;
#2188 = DIRECTION ( 'NONE',  ( 0.0000000000000000000, 0.0000000000000000000, 1.000000000000000000 ) ) ;
#2189 = ORIENTED_EDGE ( 'NONE', *, *, #1222, .F. ) ;
#2190 = SURFACE_STYLE_FILL_AREA ( #5763 ) ;
#2191 = ORIENTED_EDGE ( 'NONE', *, *, #286, .T. ) ;
#2192 = EDGE_CURVE ( 'NONE', #2620, #5324, #1763, .T. ) ;
#2193 = DIRECTION ( 'NONE',  ( -1.239088197126290817E-16, 1.000000000000000000, 0.0000000000000000000 ) ) ;
#2194 = AXIS2_PLACEMENT_3D ( 'NONE', #1910, #4615, #6577 ) ;
#2195 = CARTESIAN_POINT ( 'NONE',  ( -0.1999999999999999278, 0.06452728818787964449, 0.2999999999999999889 ) ) ;
#2196 = ORIENTED_EDGE ( 'NONE', *, *, #8408, .T. ) ;
#2197 = CARTESIAN_POINT ( 'NONE',  ( -0.08199184692909733396, -0.1621569231539634892, 0.3099999999999999978 ) ) ;
#2198 = CARTESIAN_POINT ( 'NONE',  ( -2.449999999999999289, 0.0000000000000000000, 0.3499999999999999778 ) ) ;
#2199 = ORIENTED_EDGE ( 'NONE', *, *, #5582, .T. ) ;
#2200 = CARTESIAN_POINT ( 'NONE',  ( 4.535912291827592924, -1.700000000000000178, 0.2890877081724074205 ) ) ;
#2201 = CARTESIAN_POINT ( 'NONE',  ( -1.500000000000000000, -2.899999999999999467, 4.289999999999999147 ) ) ;
#2202 =( NAMED_UNIT ( * ) SI_UNIT ( $, .STERADIAN. ) SOLID_ANGLE_UNIT ( ) );
#2203 = STYLED_ITEM ( 'NONE', ( #4709 ), #7228 ) ;
#2204 = ORIENTED_EDGE ( 'NONE', *, *, #8087, .T. ) ;
#2205 = CARTESIAN_POINT ( 'NONE',  ( -0.01097544308941575744, 0.008429893878942280872, 0.2999999999999999889 ) ) ;
#2206 =( NAMED_UNIT ( * ) SI_UNIT ( $, .STERADIAN. ) SOLID_ANGLE_UNIT ( ) );
#2207 = EDGE_CURVE ( 'NONE', #1678, #601, #3461, .T. ) ;
#2208 = EDGE_LOOP ( 'NONE', ( #5374, #1743, #3719, #2690 ) ) ;
#2209 = DIRECTION ( 'NONE',  ( 1.000000000000000000, 0.0000000000000000000, 0.0000000000000000000 ) ) ;
#2210 = LINE ( 'NONE', #2126, #5354 ) ;
#2211 = UNCERTAINTY_MEASURE_WITH_UNIT (LENGTH_MEASURE( 1.000000000000000082E-05 ), #7587, 'distance_accuracy_value', 'NONE');
#2212 = ORIENTED_EDGE ( 'NONE', *, *, #4369, .T. ) ;
#2213 = DIRECTION ( 'NONE',  ( 0.0000000000000000000, 1.000000000000000000, 0.0000000000000000000 ) ) ;
#2214 = ORIENTED_EDGE ( 'NONE', *, *, #1776, .T. ) ;
#2215 = CARTESIAN_POINT ( 'NONE',  ( -0.04674763414634147685, -0.2513832548650986598, 0.2999999999999999889 ) ) ;
#2216 = FILL_AREA_STYLE_COLOUR ( '', #3382 ) ;
#2217 = DIRECTION ( 'NONE',  ( 0.0000000000000000000, -0.0000000000000000000, 1.000000000000000000 ) ) ;
#2218 = PLANE ( 'NONE',  #2063 ) ;
#2219 = VECTOR ( 'NONE', #6364, 1000.000000000000000 ) ;
#2220 = MECHANICAL_DESIGN_GEOMETRIC_PRESENTATION_REPRESENTATION (  '', ( #4236 ), #6720 ) ;
#2221 = CARTESIAN_POINT ( 'NONE',  ( -0.02195121951219501655, -0.08581553295033207684, 0.2999999999999999889 ) ) ;
#2222 = LINE ( 'NONE', #1811, #3083 ) ;
#2223 =( NAMED_UNIT ( * ) SI_UNIT ( $, .STERADIAN. ) SOLID_ANGLE_UNIT ( ) );
#2224 = DIRECTION ( 'NONE',  ( -0.0000000000000000000, -0.0000000000000000000, 1.000000000000000000 ) ) ;
#2225 = ORIENTED_EDGE ( 'NONE', *, *, #7141, .T. ) ;
#2226 = CIRCLE ( 'NONE', #5217, 0.1000000000000002554 ) ;
#2227 =( LENGTH_UNIT ( ) NAMED_UNIT ( * ) SI_UNIT ( .MILLI., .METRE. ) );
#2228 = ORIENTED_EDGE ( 'NONE', *, *, #7027, .T. ) ;
#2229 = FILL_AREA_STYLE_COLOUR ( '', #3045 ) ;
#2230 = VECTOR ( 'NONE', #835, 1000.000000000000000 ) ;
#2231 = PRESENTATION_LAYER_ASSIGNMENT (  '', '', ( #7842 ) ) ;
#2232 = CARTESIAN_POINT ( 'NONE',  ( 4.519906605862593068E-14, 0.008429893878912603222, 0.2999999999999999889 ) ) ;
#2233 =( GEOMETRIC_REPRESENTATION_CONTEXT ( 3 ) GLOBAL_UNCERTAINTY_ASSIGNED_CONTEXT ( ( #6197 ) ) GLOBAL_UNIT_ASSIGNED_CONTEXT ( ( #2855, #257, #2202 ) ) REPRESENTATION_CONTEXT ( 'NONE', 'WORKASPACE' ) );
#2234 = CARTESIAN_POINT ( 'NONE',  ( 2.410912291827596921, 1.700000000000000178, -0.001386042793135222519 ) ) ;
#2235 = DIRECTION ( 'NONE',  ( 1.327594496921025717E-16, -1.000000000000000000, 0.0000000000000000000 ) ) ;
#2236 = ORIENTED_EDGE ( 'NONE', *, *, #3571, .F. ) ;
#2237 = LINE ( 'NONE', #492, #2141 ) ;
#2238 = EDGE_CURVE ( 'NONE', #1736, #6347, #768, .T. ) ;
#2239 = CIRCLE ( 'NONE', #1639, 0.09999999999999939493 ) ;
#2240 = SURFACE_SIDE_STYLE ('',( #1885 ) ) ;
#2241 = DIRECTION ( 'NONE',  ( 1.000000000000000000, -7.160100253192848135E-16, 0.0000000000000000000 ) ) ;
#2242 = AXIS2_PLACEMENT_3D ( 'NONE', #6452, #5045, #4413 ) ;
#2243 = ORIENTED_EDGE ( 'NONE', *, *, #2604, .T. ) ;
#2244 = ORIENTED_EDGE ( 'NONE', *, *, #3571, .T. ) ;
#2245 = LINE ( 'NONE', #6884, #4660 ) ;
#2246 = LINE ( 'NONE', #653, #6508 ) ;
#2247 = DIRECTION ( 'NONE',  ( 1.000000000000000000, 0.0000000000000000000, -1.322197771323786684E-17 ) ) ;
#2248 = DIRECTION ( 'NONE',  ( 1.327594496921025717E-16, -1.000000000000000000, 0.0000000000000000000 ) ) ;
#2249 = CARTESIAN_POINT ( 'NONE',  ( -0.02195121951219502002, 0.08891769875698520009, 0.2999999999999999889 ) ) ;
#2250 =( NAMED_UNIT ( * ) PLANE_ANGLE_UNIT ( ) SI_UNIT ( $, .RADIAN. ) );
#2251 = CARTESIAN_POINT ( 'NONE',  ( 2.485912291827592213, -1.700000000000000178, 0.2890877081724078645 ) ) ;
#2252 = VERTEX_POINT ( 'NONE', #334 ) ;
#2253 = DIRECTION ( 'NONE',  ( -1.000000000000000000, -0.0000000000000000000, 1.322197771323786684E-17 ) ) ;
#2254 = EDGE_CURVE ( 'NONE', #2795, #6336, #8525, .T. ) ;
#2255 = EDGE_CURVE ( 'NONE', #2060, #6978, #1445, .T. ) ;
#2256 = COLOUR_RGB ( '',0.4313725490196078649, 0.3529411764705882026, 0.3725490196078431460 ) ;
#2257 = CARTESIAN_POINT ( 'NONE',  ( -2.034017743893765662, -1.116868741266024312, 4.289999999999999147 ) ) ;
#2258 = FILL_AREA_STYLE_COLOUR ( '', #584 ) ;
#2259 = DIRECTION ( 'NONE',  ( 0.0000000000000000000, 1.000000000000000000, 0.0000000000000000000 ) ) ;
#2260 = EDGE_CURVE ( 'NONE', #3755, #5647, #6861, .T. ) ;
#2261 = FILL_AREA_STYLE ('',( #8315 ) ) ;
#2262 = EDGE_LOOP ( 'NONE', ( #5919, #416, #7059, #3175 ) ) ;
#2263 = COLOUR_RGB ( '',0.4313725490196078649, 0.3529411764705882026, 0.3725490196078431460 ) ;
#2264 = DIRECTION ( 'NONE',  ( 0.0000000000000000000, -0.0000000000000000000, -1.000000000000000000 ) ) ;
#2265 = CARTESIAN_POINT ( 'NONE',  ( -0.2024390243902438047, 0.2018369060740585474, 0.2999999999999999889 ) ) ;
#2266 =( NAMED_UNIT ( * ) PLANE_ANGLE_UNIT ( ) SI_UNIT ( $, .RADIAN. ) );
#2267 = ADVANCED_FACE ( 'NONE', ( #143 ), #1863, .T. ) ;
#2268 = STYLED_ITEM ( 'NONE', ( #1580 ), #8301 ) ;
#2269 = EDGE_CURVE ( 'NONE', #373, #4181, #5009, .T. ) ;
#2270 = ORIENTED_EDGE ( 'NONE', *, *, #7251, .T. ) ;
#2271 = VECTOR ( 'NONE', #5947, 1000.000000000000000 ) ;
#2272 = ORIENTED_EDGE ( 'NONE', *, *, #7749, .F. ) ;
#2273 = DIRECTION ( 'NONE',  ( 0.0000000000000000000, -1.000000000000000000, 0.0000000000000000000 ) ) ;
#2274 = MECHANICAL_DESIGN_GEOMETRIC_PRESENTATION_REPRESENTATION (  '', ( #5126 ), #3189 ) ;
#2275 = DIRECTION ( 'NONE',  ( -1.000000000000000000, -8.850629979473506011E-17, 0.0000000000000000000 ) ) ;
#2276 = CARTESIAN_POINT ( 'NONE',  ( -0.9999999999999991118, -2.999999999999999556, 4.289999999999999147 ) ) ;
#2277 = ORIENTED_EDGE ( 'NONE', *, *, #713, .F. ) ;
#2278 = LINE ( 'NONE', #8026, #6122 ) ;
#2279 = EDGE_LOOP ( 'NONE', ( #6503, #1150, #1508, #8427 ) ) ;
#2280 = FILL_AREA_STYLE ('',( #6334 ) ) ;
#2281 = DIRECTION ( 'NONE',  ( 0.0000000000000000000, -0.0000000000000000000, 1.000000000000000000 ) ) ;
#2282 = PLANE ( 'NONE',  #7386 ) ;
#2283 = APPLICATION_CONTEXT ( 'automotive_design' ) ;
#2284 = MECHANICAL_DESIGN_GEOMETRIC_PRESENTATION_REPRESENTATION (  '', ( #2410 ), #1996 ) ;
#2285 = ORIENTED_EDGE ( 'NONE', *, *, #7486, .T. ) ;
#2286 = PRESENTATION_STYLE_ASSIGNMENT (( #1908 ) ) ;
#2287 = VERTEX_POINT ( 'NONE', #2379 ) ;
#2288 = CARTESIAN_POINT ( 'NONE',  ( -0.03173124805979991858, 0.2653486292911170219, 0.2999999999999999889 ) ) ;
#2289 = EDGE_CURVE ( 'NONE', #6347, #5443, #5712, .T. ) ;
#2290 = CARTESIAN_POINT ( 'NONE',  ( -0.09024390243902427611, 0.07712908087080641573, 0.2999999999999999889 ) ) ;
#2291 =( LENGTH_UNIT ( ) NAMED_UNIT ( * ) SI_UNIT ( .MILLI., .METRE. ) );
#2292 = CARTESIAN_POINT ( 'NONE',  ( -0.1755754703592872501, -0.1062775587966815899, 0.3099999999999999978 ) ) ;
#2293 = DIRECTION ( 'NONE',  ( 1.000000000000000000, 0.0000000000000000000, 0.0000000000000000000 ) ) ;
#2294 =( NAMED_UNIT ( * ) SI_UNIT ( $, .STERADIAN. ) SOLID_ANGLE_UNIT ( ) );
#2295 = VERTEX_POINT ( 'NONE', #7552 ) ;
#2296 =( GEOMETRIC_REPRESENTATION_CONTEXT ( 3 ) GLOBAL_UNCERTAINTY_ASSIGNED_CONTEXT ( ( #4554 ) ) GLOBAL_UNIT_ASSIGNED_CONTEXT ( ( #2030, #1999, #5305 ) ) REPRESENTATION_CONTEXT ( 'NONE', 'WORKASPACE' ) );
#2297 =( GEOMETRIC_REPRESENTATION_CONTEXT ( 3 ) GLOBAL_UNCERTAINTY_ASSIGNED_CONTEXT ( ( #83 ) ) GLOBAL_UNIT_ASSIGNED_CONTEXT ( ( #104, #748, #2858 ) ) REPRESENTATION_CONTEXT ( 'NONE', 'WORKASPACE' ) );
#2298 = DIRECTION ( 'NONE',  ( -1.327594496921025717E-16, 1.000000000000000000, 0.0000000000000000000 ) ) ;
#2299 = LINE ( 'NONE', #5733, #551 ) ;
#2300 = VERTEX_POINT ( 'NONE', #3125 ) ;
#2301 = DIRECTION ( 'NONE',  ( 1.000000000000000000, 0.0000000000000000000, 0.0000000000000000000 ) ) ;
#2302 = EDGE_LOOP ( 'NONE', ( #7673, #3283, #3310, #3794, #7382, #4586, #4737, #8528, #5394, #1807, #2074, #7342 ) ) ;
#2303 = EDGE_CURVE ( 'NONE', #8010, #3991, #7373, .T. ) ;
#2304 = ADVANCED_FACE ( 'NONE', ( #7580 ), #2914, .F. ) ;
#2305 = DIRECTION ( 'NONE',  ( -0.3222024856061149189, 0.9466707760722528064, 0.0000000000000000000 ) ) ;
#2306 = UNCERTAINTY_MEASURE_WITH_UNIT (LENGTH_MEASURE( 1.000000000000000082E-05 ), #8343, 'distance_accuracy_value', 'NONE');
#2307 = CARTESIAN_POINT ( 'NONE',  ( 2.799999999999999378, 6.071532165918823844E-16, 5.399999999999999467 ) ) ;
#2308 = FILL_AREA_STYLE ('',( #6977 ) ) ;
#2309 = DIRECTION ( 'NONE',  ( 1.000000000000000000, 0.0000000000000000000, 1.322197771323786684E-17 ) ) ;
#2310 = CARTESIAN_POINT ( 'NONE',  ( -0.07804878048780500288, -0.3281935817308196945, 0.2999999999999999889 ) ) ;
#2311 = B_SPLINE_CURVE_WITH_KNOTS ( 'NONE', 3,
 ( #3578, #2197, #6882, #7495, #7572 ),
 .UNSPECIFIED., .F., .F.,
 ( 4, 1, 4 ),
 ( 0.0000000000000000000, 0.4445796631693929579, 1.000000000000000000 ),
 .UNSPECIFIED. ) ;
#2312 = DIRECTION ( 'NONE',  ( 1.322197771323786684E-17, 0.0000000000000000000, -1.000000000000000000 ) ) ;
#2313 = LINE ( 'NONE', #1829, #2105 ) ;
#2314 =( NAMED_UNIT ( * ) SI_UNIT ( $, .STERADIAN. ) SOLID_ANGLE_UNIT ( ) );
#2315 = CARTESIAN_POINT ( 'NONE',  ( -0.09024390243902427611, 0.02997494265942429043, 0.2999999999999999889 ) ) ;
#2316 = PRESENTATION_STYLE_ASSIGNMENT (( #8223 ) ) ;
#2317 = CARTESIAN_POINT ( 'NONE',  ( 2.485912291827593545, -2.299999999999999822, 0.2890877081724074205 ) ) ;
#2318 = EDGE_CURVE ( 'NONE', #3498, #1421, #5230, .T. ) ;
#2319 = CARTESIAN_POINT ( 'NONE',  ( -4.150912291827595801, -2.299999999999999822, 7.799999999999999822 ) ) ;
#2320 = EDGE_CURVE ( 'NONE', #3649, #1099, #7380, .T. ) ;
#2321 = EDGE_LOOP ( 'NONE', ( #4121, #1530, #5242, #2199, #4047 ) ) ;
#2322 = UNCERTAINTY_MEASURE_WITH_UNIT (LENGTH_MEASURE( 1.000000000000000082E-05 ), #5416, 'distance_accuracy_value', 'NONE');
#2323 = EDGE_LOOP ( 'NONE', ( #7505, #332, #4531, #4916, #136, #8255, #3475, #7834, #7625, #5692, #7265, #3130 ) ) ;
#2324 = EDGE_CURVE ( 'NONE', #5314, #6546, #2090, .T. ) ;
#2325 = LINE ( 'NONE', #1545, #4733 ) ;
#2326 = FACE_OUTER_BOUND ( 'NONE', #2546, .T. ) ;
#2327 = CYLINDRICAL_SURFACE ( 'NONE', #4740, 0.07071067811864921449 ) ;
#2328 = EDGE_LOOP ( 'NONE', ( #7418, #7223, #3140, #3073 ) ) ;
#2329 = LINE ( 'NONE', #1354, #7410 ) ;
#2330 = COLOUR_RGB ( '',0.4313725490196078649, 0.3529411764705882026, 0.3725490196078431460 ) ;
#2331 = SURFACE_STYLE_USAGE ( .BOTH. , #1733 ) ;
#2332 = AXIS2_PLACEMENT_3D ( 'NONE', #8136, #2913, #4821 ) ;
#2333 =( LENGTH_UNIT ( ) NAMED_UNIT ( * ) SI_UNIT ( .MILLI., .METRE. ) );
#2334 = SURFACE_SIDE_STYLE ('',( #5125 ) ) ;
#2335 =( GEOMETRIC_REPRESENTATION_CONTEXT ( 3 ) GLOBAL_UNCERTAINTY_ASSIGNED_CONTEXT ( ( #6835 ) ) GLOBAL_UNIT_ASSIGNED_CONTEXT ( ( #37, #670, #3346 ) ) REPRESENTATION_CONTEXT ( 'NONE', 'WORKASPACE' ) );
#2336 = DIRECTION ( 'NONE',  ( 0.0000000000000000000, 1.000000000000000000, 0.0000000000000000000 ) ) ;
#2337 = PLANE ( 'NONE',  #1237 ) ;
#2338 = EDGE_CURVE ( 'NONE', #2358, #2633, #1259, .T. ) ;
#2339 = ORIENTED_EDGE ( 'NONE', *, *, #6599, .T. ) ;
#2340 = VECTOR ( 'NONE', #7840, 1000.000000000000000 ) ;
#2341 = CARTESIAN_POINT ( 'NONE',  ( -0.1937265489505299310, -0.1188195810681174219, 0.3099999999999999978 ) ) ;
#2342 = UNCERTAINTY_MEASURE_WITH_UNIT (LENGTH_MEASURE( 1.000000000000000082E-05 ), #924, 'distance_accuracy_value', 'NONE');
#2343 = FACE_OUTER_BOUND ( 'NONE', #4320, .T. ) ;
#2344 = EDGE_CURVE ( 'NONE', #3943, #7513, #8310, .T. ) ;
#2345 = CARTESIAN_POINT ( 'NONE',  ( -0.09024390243902426223, 0.08891769875698528336, 0.2999999999999999889 ) ) ;
#2346 = ORIENTED_EDGE ( 'NONE', *, *, #3799, .T. ) ;
#2347 = AXIS2_PLACEMENT_3D ( 'NONE', #4732, #3455, #7376 ) ;
#2348 = DIRECTION ( 'NONE',  ( 0.0000000000000000000, 0.0000000000000000000, 1.000000000000000000 ) ) ;
#2349 = ORIENTED_EDGE ( 'NONE', *, *, #131, .F. ) ;
#2350 = COLOUR_RGB ( '',0.4313725490196078649, 0.3529411764705882026, 0.3725490196078431460 ) ;
#2351 = DIRECTION ( 'NONE',  ( 0.0000000000000000000, 1.000000000000000000, -0.0000000000000000000 ) ) ;
#2352 = MECHANICAL_DESIGN_GEOMETRIC_PRESENTATION_REPRESENTATION (  '', ( #3588 ), #5484 ) ;
#2353 = FILL_AREA_STYLE_COLOUR ( '', #5031 ) ;
#2354 = PRESENTATION_STYLE_ASSIGNMENT (( #1235 ) ) ;
#2355 = CARTESIAN_POINT ( 'NONE',  ( -0.1174601399697661752, 0.2744038816129177327, 0.2999999999999999889 ) ) ;
#2356 = CARTESIAN_POINT ( 'NONE',  ( -0.009349593495935079254, -0.3540510512430148360, 0.3099999999999999978 ) ) ;
#2357 = ORIENTED_EDGE ( 'NONE', *, *, #375, .F. ) ;
#2358 = VERTEX_POINT ( 'NONE', #5806 ) ;
#2359 = SPHERICAL_SURFACE ( 'NONE', #6566, 0.1000000000000000056 ) ;
#2360 = CARTESIAN_POINT ( 'NONE',  ( -0.1945121951219511980, 0.1547713572935706383, 0.3099999999999999978 ) ) ;
#2361 = PLANE ( 'NONE',  #5377 ) ;
#2362 = AXIS2_PLACEMENT_3D ( 'NONE', #8445, #3748, #7682 ) ;
#2363 = DIRECTION ( 'NONE',  ( 0.0000000000000000000, 0.0000000000000000000, 1.000000000000000000 ) ) ;
#2364 = LINE ( 'NONE', #310, #399 ) ;
#2365 = CIRCLE ( 'NONE', #4499, 0.09999999999999982514 ) ;
#2366 = ORIENTED_EDGE ( 'NONE', *, *, #8038, .F. ) ;
#2367 = CARTESIAN_POINT ( 'NONE',  ( -4.535912291827596476, 2.299999999999999822, 0.2890877081724208542 ) ) ;
#2368 = CARTESIAN_POINT ( 'NONE',  ( -0.1780487804878047586, -0.05742376465764893745, 0.2999999999999999889 ) ) ;
#2369 = CARTESIAN_POINT ( 'NONE',  ( -0.1666666666666667684, -0.2692123825438277884, 0.3099999999999999978 ) ) ;
#2370 = CARTESIAN_POINT ( 'NONE',  ( 1.349999999999999645, 1.749999999999999778, 7.799999999999999822 ) ) ;
#2371 = CARTESIAN_POINT ( 'NONE',  ( -2.899999999999999911, -3.000000000000000000, 4.290000000000000036 ) ) ;
#2372 = UNCERTAINTY_MEASURE_WITH_UNIT (LENGTH_MEASURE( 1.000000000000000082E-05 ), #7601, 'distance_accuracy_value', 'NONE');
#2373 = PRESENTATION_LAYER_ASSIGNMENT (  '', '', ( #4883 ) ) ;
#2374 = SURFACE_STYLE_FILL_AREA ( #7880 ) ;
#2375 = B_SPLINE_CURVE_WITH_KNOTS ( 'NONE', 3,
 ( #7977, #7237, #1912, #6658, #3992 ),
 .UNSPECIFIED., .F., .F.,
 ( 4, 1, 4 ),
 ( 0.0000000000000000000, 0.4399133418320153033, 1.000000000000000000 ),
 .UNSPECIFIED. ) ;
#2376 = EDGE_CURVE ( 'NONE', #3173, #5307, #4607, .T. ) ;
#2377 = CARTESIAN_POINT ( 'NONE',  ( -0.8749999999999995559, -1.125000000000000666, 7.799999999999999822 ) ) ;
#2378 = CARTESIAN_POINT ( 'NONE',  ( 1.500000000000000000, 2.750000000000000444, 0.5000000000000000000 ) ) ;
#2379 = CARTESIAN_POINT ( 'NONE',  ( 2.900000000000000355, -2.900000000000000355, 5.399999999999999467 ) ) ;
#2380 = DIRECTION ( 'NONE',  ( 0.0000000000000000000, -1.000000000000000000, -0.0000000000000000000 ) ) ;
#2381 = SURFACE_SIDE_STYLE ('',( #6279 ) ) ;
#2382 = FILL_AREA_STYLE_COLOUR ( '', #3297 ) ;
#2383 = CARTESIAN_POINT ( 'NONE',  ( 0.0000000000000000000, 2.899999999999999467, 0.5000000000000000000 ) ) ;
#2384 = ORIENTED_EDGE ( 'NONE', *, *, #6787, .T. ) ;
#2385 = CARTESIAN_POINT ( 'NONE',  ( -0.1780487804878047586, 0.01330794265942434468, 0.2999999999999999889 ) ) ;
#2386 = ORIENTED_EDGE ( 'NONE', *, *, #6478, .F. ) ;
#2387 = DIRECTION ( 'NONE',  ( 0.0000000000000000000, -0.0000000000000000000, -1.000000000000000000 ) ) ;
#2388 = LINE ( 'NONE', #6315, #2069 ) ;
#2389 = AXIS2_PLACEMENT_3D ( 'NONE', #8219, #4880, #4271 ) ;
#2390 = EDGE_CURVE ( 'NONE', #4063, #3986, #3048, .T. ) ;
#2391 = ORIENTED_EDGE ( 'NONE', *, *, #6575, .T. ) ;
#2392 = PRESENTATION_LAYER_ASSIGNMENT (  '', '', ( #4634 ) ) ;
#2394 = VERTEX_POINT ( 'NONE', #7906 ) ;
#2393 =( LENGTH_UNIT ( ) NAMED_UNIT ( * ) SI_UNIT ( .MILLI., .METRE. ) );
#2395 = CARTESIAN_POINT ( 'NONE',  ( -2.800000000000000711, 3.000000000000000000, 5.399999999999999467 ) ) ;
#2396 = AXIS2_PLACEMENT_3D ( 'NONE', #1582, #2981, #2298 ) ;
#2397 = ORIENTED_EDGE ( 'NONE', *, *, #2260, .F. ) ;
#2398 = CARTESIAN_POINT ( 'NONE',  ( 2.800000000000000266, -2.900000000000000799, 4.290000000000000036 ) ) ;
#2399 = COLOUR_RGB ( '',1.000000000000000000, 1.000000000000000000, 1.000000000000000000 ) ;
#2400 =( NAMED_UNIT ( * ) SI_UNIT ( $, .STERADIAN. ) SOLID_ANGLE_UNIT ( ) );
#2401 = FILL_AREA_STYLE ('',( #6362 ) ) ;
#2402 = DIRECTION ( 'NONE',  ( -1.000000000000000000, -0.0000000000000000000, -0.0000000000000000000 ) ) ;
#2403 = ORIENTED_EDGE ( 'NONE', *, *, #8278, .T. ) ;
#2404 = B_SPLINE_SURFACE_WITH_KNOTS ( 'NONE', 3, 1, ( 
 ( #6757, #6895 ),
 ( #1542, #2292 ),
 ( #889, #3587 ),
 ( #6231, #8229 ),
 ( #2859, #1516 ) ),
 .UNSPECIFIED., .F., .F., .F.,
 ( 4, 1, 4 ),
 ( 2, 2 ),
 ( 0.0000000000000000000, 0.4456323637531086068, 1.000000000000000000 ),
 ( 0.0000000000000000000, 1.000000000000000000 ),
 .UNSPECIFIED. ) ;
#2405 = ORIENTED_EDGE ( 'NONE', *, *, #270, .T. ) ;
#2406 = SURFACE_STYLE_USAGE ( .BOTH. , #7718 ) ;
#2407 = FACE_OUTER_BOUND ( 'NONE', #1374, .T. ) ;
#2408 = ORIENTED_EDGE ( 'NONE', *, *, #541, .F. ) ;
#2409 =( LENGTH_UNIT ( ) NAMED_UNIT ( * ) SI_UNIT ( .MILLI., .METRE. ) );
#2410 = STYLED_ITEM ( 'NONE', ( #5017 ), #4713 ) ;
#2411 = FACE_OUTER_BOUND ( 'NONE', #2129, .T. ) ;
#2412 = AXIS2_PLACEMENT_3D ( 'NONE', #191, #8126, #6243 ) ;
#2413 = CARTESIAN_POINT ( 'NONE',  ( -0.1718226802932095731, 0.1630599223140527243, 0.2999999999999999889 ) ) ;
#2414 = ORIENTED_EDGE ( 'NONE', *, *, #4416, .T. ) ;
#2415 = CARTESIAN_POINT ( 'NONE',  ( -2.449999999999999289, 2.299999999999999822, 0.3499999999999999778 ) ) ;
#2416 = ORIENTED_EDGE ( 'NONE', *, *, #2996, .T. ) ;
#2417 = CARTESIAN_POINT ( 'NONE',  ( -4.535912291827596476, 2.299999999999999822, 0.2890877081724208542 ) ) ;
#2418 = CARTESIAN_POINT ( 'NONE',  ( 2.799999999999999378, 3.000000000000000000, 4.290000000000000036 ) ) ;
#2419 = DIRECTION ( 'NONE',  ( 0.0000000000000000000, -0.0000000000000000000, 1.000000000000000000 ) ) ;
#2420 = FILL_AREA_STYLE_COLOUR ( '', #6688 ) ;
#2421 = VECTOR ( 'NONE', #1083, 1000.000000000000114 ) ;
#2422 = B_SPLINE_CURVE_WITH_KNOTS ( 'NONE', 3,
 ( #5831, #8543, #5942, #8512, #4600 ),
 .UNSPECIFIED., .F., .F.,
 ( 4, 1, 4 ),
 ( 0.0000000000000000000, 0.4397738761604244040, 0.9999859811445229729 ),
 .UNSPECIFIED. ) ;
#2423 = MECHANICAL_DESIGN_GEOMETRIC_PRESENTATION_REPRESENTATION (  '', ( #75 ), #2870 ) ;
#2424 = LINE ( 'NONE', #6512, #4005 ) ;
#2425 = AXIS2_PLACEMENT_3D ( 'NONE', #2759, #4707, #7299 ) ;
#2426 = ORIENTED_EDGE ( 'NONE', *, *, #2142, .T. ) ;
#2427 = CARTESIAN_POINT ( 'NONE',  ( 2.100000000000013411, 1.700000000000000178, 0.2999999999999999889 ) ) ;
#2428 = CARTESIAN_POINT ( 'NONE',  ( -0.09197154471544721765, -0.2662842829503319075, 0.2999999999999999889 ) ) ;
#2429 = FACE_OUTER_BOUND ( 'NONE', #5545, .T. ) ;
#2430 =( NAMED_UNIT ( * ) SI_UNIT ( $, .STERADIAN. ) SOLID_ANGLE_UNIT ( ) );
#2431 = DIRECTION ( 'NONE',  ( 0.0000000000000000000, -1.000000000000000000, -0.0000000000000000000 ) ) ;
#2432 = EDGE_LOOP ( 'NONE', ( #5387, #6837, #5005, #6084, #2786, #5132 ) ) ;
#2433 = CARTESIAN_POINT ( 'NONE',  ( 1.000000000000000000, -1.750000000000000222, 7.799999999999999822 ) ) ;
#2434 = EDGE_CURVE ( 'NONE', #858, #7943, #8098, .T. ) ;
#2435 = ORIENTED_EDGE ( 'NONE', *, *, #6141, .F. ) ;
#2436 = LINE ( 'NONE', #7014, #6366 ) ;
#2437 = SURFACE_SIDE_STYLE ('',( #6617 ) ) ;
#2438 = SURFACE_STYLE_FILL_AREA ( #1935 ) ;
#2439 = SURFACE_STYLE_FILL_AREA ( #4995 ) ;
#2440 = CARTESIAN_POINT ( 'NONE',  ( -3.129169111913933081E-17, 0.4059908694886926739, 0.2999999999999999889 ) ) ;
#2441 = SURFACE_SIDE_STYLE ('',( #3507 ) ) ;
#2442 = B_SPLINE_CURVE_WITH_KNOTS ( 'NONE', 3,
 ( #5136, #5821, #1195, #2462, #2521 ),
 .UNSPECIFIED., .F., .F.,
 ( 4, 1, 4 ),
 ( 0.0000000000000000000, 0.4458786834588214232, 0.9996898253761073994 ),
 .UNSPECIFIED. ) ;
#2443 = ORIENTED_EDGE ( 'NONE', *, *, #7719, .T. ) ;
#2444 = VECTOR ( 'NONE', #322, 1000.000000000000000 ) ;
#2445 = VECTOR ( 'NONE', #8230, 1000.000000000000000 ) ;
#2446 = PRESENTATION_STYLE_ASSIGNMENT (( #566 ) ) ;
#2447 = AXIS2_PLACEMENT_3D ( 'NONE', #6531, #1748, #4460 ) ;
#2448 = SURFACE_SIDE_STYLE ('',( #4374 ) ) ;
#2449 = EDGE_CURVE ( 'NONE', #7186, #5741, #2825, .T. ) ;
#2450 = CARTESIAN_POINT ( 'NONE',  ( 4.642445256390806029E-14, 0.0000000000000000000, 0.3099999999999999978 ) ) ;
#2451 = ADVANCED_FACE ( 'NONE', ( #6569 ), #2162, .T. ) ;
#2452 = DIRECTION ( 'NONE',  ( 0.0000000000000000000, -1.000000000000000000, 0.0000000000000000000 ) ) ;
#2453 = ADVANCED_FACE ( 'NONE', ( #6341 ), #2628, .T. ) ;
#2454 = VERTEX_POINT ( 'NONE', #8186 ) ;
#2455 = VECTOR ( 'NONE', #3426, 1000.000000000000000 ) ;
#2456 = CYLINDRICAL_SURFACE ( 'NONE', #7596, 0.1000000000000002554 ) ;
#2457 =( NAMED_UNIT ( * ) SI_UNIT ( $, .STERADIAN. ) SOLID_ANGLE_UNIT ( ) );
#2458 = EDGE_CURVE ( 'NONE', #4378, #7253, #5726, .T. ) ;
#2459 = CARTESIAN_POINT ( 'NONE',  ( -2.399999999999999467, -2.299999999999999822, 0.2999999999999999889 ) ) ;
#2460 = CARTESIAN_POINT ( 'NONE',  ( -2.800000000000000711, 2.900000000000000355, 5.399999999999999467 ) ) ;
#2461 = COLOUR_RGB ( '',0.4313725490196078649, 0.3529411764705882026, 0.3725490196078431460 ) ;
#2462 = CARTESIAN_POINT ( 'NONE',  ( -0.1641964903562365408, -0.2974626695275151000, 0.2999999999999999889 ) ) ;
#2463 = EDGE_LOOP ( 'NONE', ( #3148, #7198, #5390, #2863 ) ) ;
#2464 = MECHANICAL_DESIGN_GEOMETRIC_PRESENTATION_REPRESENTATION (  '', ( #4086 ), #3368 ) ;
#2465 = VECTOR ( 'NONE', #5573, 1000.000000000000000 ) ;
#2466 = DIRECTION ( 'NONE',  ( 1.445602896647339163E-16, -1.000000000000000000, -0.0000000000000000000 ) ) ;
#2467 = STYLED_ITEM ( 'NONE', ( #8319 ), #1852 ) ;
#2468 =( NAMED_UNIT ( * ) SI_UNIT ( $, .STERADIAN. ) SOLID_ANGLE_UNIT ( ) );
#2469 = DIRECTION ( 'NONE',  ( 0.0000000000000000000, 1.000000000000000000, 0.0000000000000000000 ) ) ;
#2470 = CARTESIAN_POINT ( 'NONE',  ( 0.9750000000000001998, -1.125000000000000666, 10.50000000000000000 ) ) ;
#2471 = VERTEX_POINT ( 'NONE', #6136 ) ;
#2472 = ORIENTED_EDGE ( 'NONE', *, *, #8246, .F. ) ;
#2473 = CARTESIAN_POINT ( 'NONE',  ( -0.01951219512195112582, 0.2061051987569851585, 0.3099999999999999978 ) ) ;
#2474 = FILL_AREA_STYLE_COLOUR ( '', #7899 ) ;
#2475 = AXIS2_PLACEMENT_3D ( 'NONE', #6591, #4656, #7991 ) ;
#2476 = CARTESIAN_POINT ( 'NONE',  ( -5.945112498541120505E-17, 0.0000000000000000000, 0.3099999999999999978 ) ) ;
#2477 = CARTESIAN_POINT ( 'NONE',  ( 1.500000000000000000, 2.750000000000000444, 0.2999999999999999889 ) ) ;
#2478 = B_SPLINE_CURVE_WITH_KNOTS ( 'NONE', 3,
 ( #1221, #5185, #1108, #7070, #7709 ),
 .UNSPECIFIED., .F., .F.,
 ( 4, 1, 4 ),
 ( 0.0000000000000000000, 0.4999999999999998890, 0.9999746487525407179 ),
 .UNSPECIFIED. ) ;
#2479 = EDGE_CURVE ( 'NONE', #381, #2169, #6851, .T. ) ;
#2480 = VERTEX_POINT ( 'NONE', #8128 ) ;
#2481 = LINE ( 'NONE', #4688, #6918 ) ;
#2482 = CARTESIAN_POINT ( 'NONE',  ( -0.1780487804878048419, 0.08891769875698535275, 0.2999999999999999889 ) ) ;
#2483 = CARTESIAN_POINT ( 'NONE',  ( -1.500000000000000000, 2.999999999999999112, 4.289999999999999147 ) ) ;
#2484 = PLANE ( 'NONE',  #757 ) ;
#2485 =( GEOMETRIC_REPRESENTATION_CONTEXT ( 3 ) GLOBAL_UNCERTAINTY_ASSIGNED_CONTEXT ( ( #4793 ) ) GLOBAL_UNIT_ASSIGNED_CONTEXT ( ( #4438, #3838, #454 ) ) REPRESENTATION_CONTEXT ( 'NONE', 'WORKASPACE' ) );
#2486 = CARTESIAN_POINT ( 'NONE',  ( 2.100000000000006306, -0.2999999999999999334, 0.2999999999999999889 ) ) ;
#2487 = DIRECTION ( 'NONE',  ( -0.0000000000000000000, 1.000000000000000000, 0.0000000000000000000 ) ) ;
#2488 = UNCERTAINTY_MEASURE_WITH_UNIT (LENGTH_MEASURE( 1.000000000000000082E-05 ), #1177, 'distance_accuracy_value', 'NONE');
#2489 = FILL_AREA_STYLE ('',( #514 ) ) ;
#2490 = ADVANCED_FACE ( 'NONE', ( #4081 ), #1561, .F. ) ;
#2491 =( NAMED_UNIT ( * ) PLANE_ANGLE_UNIT ( ) SI_UNIT ( $, .RADIAN. ) );
#2492 = CARTESIAN_POINT ( 'NONE',  ( -0.2000000000000001776, -0.3086432768527708204, 0.2999999999999999889 ) ) ;
#2493 = VERTEX_POINT ( 'NONE', #1528 ) ;
#2494 = PRESENTATION_STYLE_ASSIGNMENT (( #4894 ) ) ;
#2495 = ORIENTED_EDGE ( 'NONE', *, *, #5719, .F. ) ;
#2496 = ADVANCED_FACE ( 'NONE', ( #7994 ), #2218, .T. ) ;
#2497 = PLANE ( 'NONE',  #6849 ) ;
#2498 = VECTOR ( 'NONE', #7250, 1000.000000000000000 ) ;
#2499 = CARTESIAN_POINT ( 'NONE',  ( -5.945112498541120505E-17, 0.4230640402204000616, 0.2999999999999999889 ) ) ;
#2500 = PLANE ( 'NONE',  #5501 ) ;
#2501 = EDGE_CURVE ( 'NONE', #3986, #6479, #5620, .T. ) ;
#2502 = EDGE_CURVE ( 'NONE', #3453, #1879, #862, .T. ) ;
#2503 = EDGE_LOOP ( 'NONE', ( #259, #4306, #5965, #1241, #1045 ) ) ;
#2504 = LINE ( 'NONE', #7503, #5518 ) ;
#2505 = EDGE_LOOP ( 'NONE', ( #5424, #1340, #8339, #4816 ) ) ;
#2506 = DIRECTION ( 'NONE',  ( -0.0000000000000000000, 1.000000000000000000, 0.0000000000000000000 ) ) ;
#2507 = FACE_BOUND ( 'NONE', #7242, .T. ) ;
#2508 = DIRECTION ( 'NONE',  ( -1.000000000000000000, 0.0000000000000000000, 0.0000000000000000000 ) ) ;
#2509 =( NAMED_UNIT ( * ) PLANE_ANGLE_UNIT ( ) SI_UNIT ( $, .RADIAN. ) );
#2510 = DIRECTION ( 'NONE',  ( 1.000000000000000000, 0.0000000000000000000, 0.0000000000000000000 ) ) ;
#2511 = LINE ( 'NONE', #1162, #6943 ) ;
#2512 = ORIENTED_EDGE ( 'NONE', *, *, #375, .T. ) ;
#2513 = LINE ( 'NONE', #5986, #6846 ) ;
#2514 = DIRECTION ( 'NONE',  ( -0.1105567340389937286, 0.0000000000000000000, -0.9938698146933688804 ) ) ;
#2515 = DIRECTION ( 'NONE',  ( -0.0000000000000000000, -0.0000000000000000000, -1.000000000000000000 ) ) ;
#2516 =( NAMED_UNIT ( * ) SI_UNIT ( $, .STERADIAN. ) SOLID_ANGLE_UNIT ( ) );
#2517 =( GEOMETRIC_REPRESENTATION_CONTEXT ( 3 ) GLOBAL_UNCERTAINTY_ASSIGNED_CONTEXT ( ( #5322 ) ) GLOBAL_UNIT_ASSIGNED_CONTEXT ( ( #5345, #2670, #4018 ) ) REPRESENTATION_CONTEXT ( 'NONE', 'WORKASPACE' ) );
#2518 = DIRECTION ( 'NONE',  ( -0.8765507127426052092, -0.4813095137127779144, 0.0000000000000000000 ) ) ;
#2519 = CARTESIAN_POINT ( 'NONE',  ( -2.799999999999999822, -2.900000000000000355, 0.2999999999999999889 ) ) ;
#2520 = ORIENTED_EDGE ( 'NONE', *, *, #751, .T. ) ;
#2521 = CARTESIAN_POINT ( 'NONE',  ( -0.1615853658536586523, -0.2980868744137465387, 0.2999999999999999889 ) ) ;
#2522 = ORIENTED_EDGE ( 'NONE', *, *, #7919, .T. ) ;
#2523 = FILL_AREA_STYLE_COLOUR ( '', #3953 ) ;
#2524 = EDGE_CURVE ( 'NONE', #3089, #4749, #7677, .T. ) ;
#2525 = SURFACE_SIDE_STYLE ('',( #1304 ) ) ;
#2526 = EDGE_CURVE ( 'NONE', #1403, #123, #4501, .T. ) ;
#2527 = CARTESIAN_POINT ( 'NONE',  ( 1.350000000000000311, -1.650000000000000355, 7.799999999999999822 ) ) ;
#2528 = LINE ( 'NONE', #82, #1267 ) ;
#2529 = FILL_AREA_STYLE ('',( #1830 ) ) ;
#2530 = VERTEX_POINT ( 'NONE', #1369 ) ;
#2531 = STYLED_ITEM ( 'NONE', ( #2925 ), #5455 ) ;
#2532 = AXIS2_PLACEMENT_3D ( 'NONE', #7696, #439, #5084 ) ;
#2533 =( NAMED_UNIT ( * ) SI_UNIT ( $, .STERADIAN. ) SOLID_ANGLE_UNIT ( ) );
#2534 = DIRECTION ( 'NONE',  ( -1.000000000000000000, 0.0000000000000000000, 0.0000000000000000000 ) ) ;
#2535 = SURFACE_STYLE_FILL_AREA ( #266 ) ;
#2536 = SURFACE_STYLE_USAGE ( .BOTH. , #3299 ) ;
#2537 = PLANE ( 'NONE',  #7622 ) ;
#2538 = ADVANCED_FACE ( 'NONE', ( #2411 ), #5385, .F. ) ;
#2539 =( NAMED_UNIT ( * ) PLANE_ANGLE_UNIT ( ) SI_UNIT ( $, .RADIAN. ) );
#2540 =( NAMED_UNIT ( * ) PLANE_ANGLE_UNIT ( ) SI_UNIT ( $, .RADIAN. ) );
#2541 = ORIENTED_EDGE ( 'NONE', *, *, #5161, .T. ) ;
#2542 = B_SPLINE_CURVE_WITH_KNOTS ( 'NONE', 3,
 ( #6468, #8437, #1154, #1778, #7731 ),
 .UNSPECIFIED., .F., .F.,
 ( 4, 1, 4 ),
 ( 0.0000000000000000000, 0.4411679680994874397, 0.9999999999999998890 ),
 .UNSPECIFIED. ) ;
#2543 = MECHANICAL_DESIGN_GEOMETRIC_PRESENTATION_REPRESENTATION (  '', ( #2076 ), #2983 ) ;
#2544 = CARTESIAN_POINT ( 'NONE',  ( 0.0000000000000000000, 0.0000000000000000000, 10.50000000000000000 ) ) ;
#2545 = FILL_AREA_STYLE ('',( #6506 ) ) ;
#2546 = EDGE_LOOP ( 'NONE', ( #3543, #4617, #5358, #5685 ) ) ;
#2547 =( NAMED_UNIT ( * ) SI_UNIT ( $, .STERADIAN. ) SOLID_ANGLE_UNIT ( ) );
#2548 = CARTESIAN_POINT ( 'NONE',  ( -0.07804878048780493349, -0.2947524477358723916, 0.2999999999999999889 ) ) ;
#2549 =( NAMED_UNIT ( * ) PLANE_ANGLE_UNIT ( ) SI_UNIT ( $, .RADIAN. ) );
#2550 =( NAMED_UNIT ( * ) SI_UNIT ( $, .STERADIAN. ) SOLID_ANGLE_UNIT ( ) );
#2551 = LINE ( 'NONE', #2658, #7607 ) ;
#2552 = STYLED_ITEM ( 'NONE', ( #814 ), #7387 ) ;
#2553 = CARTESIAN_POINT ( 'NONE',  ( -2.799999999999999822, -3.000000000000000000, 5.500000000000000000 ) ) ;
#2554 = EDGE_CURVE ( 'NONE', #4485, #1182, #7278, .T. ) ;
#2555 = EDGE_LOOP ( 'NONE', ( #2272, #5992, #3566, #7011 ) ) ;
#2556 =( LENGTH_UNIT ( ) NAMED_UNIT ( * ) SI_UNIT ( .MILLI., .METRE. ) );
#2557 = SURFACE_STYLE_USAGE ( .BOTH. , #5255 ) ;
#2558 = ORIENTED_EDGE ( 'NONE', *, *, #3060, .T. ) ;
#2559 = FILL_AREA_STYLE_COLOUR ( '', #4331 ) ;
#2560 = EDGE_CURVE ( 'NONE', #1744, #2480, #4172, .T. ) ;
#2561 = DIRECTION ( 'NONE',  ( -0.0000000000000000000, 0.0000000000000000000, -1.000000000000000000 ) ) ;
#2562 = FILL_AREA_STYLE_COLOUR ( '', #758 ) ;
#2563 = PRESENTATION_LAYER_ASSIGNMENT (  '', '', ( #3184 ) ) ;
#2564 = CIRCLE ( 'NONE', #4528, 0.3535533905932732313 ) ;
#2565 = EDGE_LOOP ( 'NONE', ( #5214, #1132, #5339, #6679 ) ) ;
#2566 = DIRECTION ( 'NONE',  ( -1.000000000000000000, -0.0000000000000000000, -0.0000000000000000000 ) ) ;
#2567 = CARTESIAN_POINT ( 'NONE',  ( 2.800000000000000266, -2.900000000000000355, 4.299999999999999822 ) ) ;
#2568 = DIRECTION ( 'NONE',  ( -0.0000000000000000000, 1.000000000000000000, 0.0000000000000000000 ) ) ;
#2569 = PRESENTATION_STYLE_ASSIGNMENT (( #1352 ) ) ;
#2570 = PRESENTATION_LAYER_ASSIGNMENT (  '', '', ( #1934 ) ) ;
#2571 = MECHANICAL_DESIGN_GEOMETRIC_PRESENTATION_REPRESENTATION (  '', ( #5412 ), #7438 ) ;
#2572 = EDGE_LOOP ( 'NONE', ( #2426, #5984, #8496, #16 ) ) ;
#2573 = EDGE_LOOP ( 'NONE', ( #6067, #5592, #3036, #2558 ) ) ;
#2574 = CARTESIAN_POINT ( 'NONE',  ( 2.034017743893765662, -1.116868741266024312, 0.5000000000000000000 ) ) ;
#2575 =( NAMED_UNIT ( * ) SI_UNIT ( $, .STERADIAN. ) SOLID_ANGLE_UNIT ( ) );
#2576 = DIRECTION ( 'NONE',  ( -1.000000000000000000, 1.141837425376515838E-14, 0.0000000000000000000 ) ) ;
#2577 =( NAMED_UNIT ( * ) SI_UNIT ( $, .STERADIAN. ) SOLID_ANGLE_UNIT ( ) );
#2578 = ORIENTED_EDGE ( 'NONE', *, *, #4992, .F. ) ;
#2579 = ADVANCED_FACE ( 'NONE', ( #7567 ), #6093, .F. ) ;
#2580 =( GEOMETRIC_REPRESENTATION_CONTEXT ( 3 ) GLOBAL_UNCERTAINTY_ASSIGNED_CONTEXT ( ( #2962 ) ) GLOBAL_UNIT_ASSIGNED_CONTEXT ( ( #6182, #6340, #5552 ) ) REPRESENTATION_CONTEXT ( 'NONE', 'WORKASPACE' ) );
#2581 = FILL_AREA_STYLE_COLOUR ( '', #7634 ) ;
#2582 = ORIENTED_EDGE ( 'NONE', *, *, #8383, .F. ) ;
#2583 =( GEOMETRIC_REPRESENTATION_CONTEXT ( 3 ) GLOBAL_UNCERTAINTY_ASSIGNED_CONTEXT ( ( #3412 ) ) GLOBAL_UNIT_ASSIGNED_CONTEXT ( ( #4295, #4961, #2400 ) ) REPRESENTATION_CONTEXT ( 'NONE', 'WORKASPACE' ) );
#2584 = EDGE_CURVE ( 'NONE', #8021, #2879, #1859, .T. ) ;
#2585 = CARTESIAN_POINT ( 'NONE',  ( -2.100000000000006306, -0.2999999999999999334, 0.2999999999999999889 ) ) ;
#2586 =( LENGTH_UNIT ( ) NAMED_UNIT ( * ) SI_UNIT ( .MILLI., .METRE. ) );
#2587 = ORIENTED_EDGE ( 'NONE', *, *, #5987, .F. ) ;
#2588 = COLOUR_RGB ( '',0.4313725490196078649, 0.3529411764705882026, 0.3725490196078431460 ) ;
#2589 = CARTESIAN_POINT ( 'NONE',  ( 1.500000000000000000, 2.750000000000000444, 0.2999999999999999889 ) ) ;
#2590 = AXIS2_PLACEMENT_3D ( 'NONE', #5284, #8480, #5195 ) ;
#2591 = CARTESIAN_POINT ( 'NONE',  ( -2.900000000000000799, 3.000000000000000000, 4.290000000000000036 ) ) ;
#2592 =( NAMED_UNIT ( * ) SI_UNIT ( $, .STERADIAN. ) SOLID_ANGLE_UNIT ( ) );
#2593 =( NAMED_UNIT ( * ) SI_UNIT ( $, .STERADIAN. ) SOLID_ANGLE_UNIT ( ) );
#2594 = MECHANICAL_DESIGN_GEOMETRIC_PRESENTATION_REPRESENTATION (  '', ( #1783 ), #4809 ) ;
#2595 = DIRECTION ( 'NONE',  ( -1.000000000000000000, 1.968367043774426697E-15, 0.0000000000000000000 ) ) ;
#2596 = ORIENTED_EDGE ( 'NONE', *, *, #7729, .T. ) ;
#2597 = LINE ( 'NONE', #4523, #4983 ) ;
#2598 = ORIENTED_EDGE ( 'NONE', *, *, #1510, .F. ) ;
#2599 = SURFACE_STYLE_FILL_AREA ( #3887 ) ;
#2600 = CARTESIAN_POINT ( 'NONE',  ( 2.449999999999999289, -2.299999999999999822, 0.3499999999999999778 ) ) ;
#2601 = CARTESIAN_POINT ( 'NONE',  ( -1.499999999999999778, 2.750000000000000444, 0.2999999999999999889 ) ) ;
#2602 = ORIENTED_EDGE ( 'NONE', *, *, #5551, .T. ) ;
#2603 = CARTESIAN_POINT ( 'NONE',  ( 2.400000000000006128, -0.2999999999999999334, 0.2999999999999999889 ) ) ;
#2604 = EDGE_CURVE ( 'NONE', #8439, #6901, #2513, .T. ) ;
#2605 = SURFACE_STYLE_USAGE ( .BOTH. , #5902 ) ;
#2606 = FACE_OUTER_BOUND ( 'NONE', #1699, .T. ) ;
#2607 = DIRECTION ( 'NONE',  ( -0.0000000000000000000, -1.000000000000000000, -0.0000000000000000000 ) ) ;
#2608 = DIRECTION ( 'NONE',  ( -0.0000000000000000000, 1.000000000000000000, -0.0000000000000000000 ) ) ;
#2609 = EDGE_CURVE ( 'NONE', #8209, #1483, #6653, .T. ) ;
#2610 = PLANE ( 'NONE',  #3108 ) ;
#2611 = LINE ( 'NONE', #4040, #6932 ) ;
#2612 = VECTOR ( 'NONE', #6910, 1000.000000000000000 ) ;
#2613 = VERTEX_POINT ( 'NONE', #7971 ) ;
#2614 = CARTESIAN_POINT ( 'NONE',  ( -0.02195121951219507553, 0.3206250158301560127, 0.3099999999999999978 ) ) ;
#2615 =( GEOMETRIC_REPRESENTATION_CONTEXT ( 3 ) GLOBAL_UNCERTAINTY_ASSIGNED_CONTEXT ( ( #2042 ) ) GLOBAL_UNIT_ASSIGNED_CONTEXT ( ( #3258, #3957, #1884 ) ) REPRESENTATION_CONTEXT ( 'NONE', 'WORKASPACE' ) );
#2616 = LINE ( 'NONE', #6513, #5926 ) ;
#2617 = ORIENTED_EDGE ( 'NONE', *, *, #8142, .T. ) ;
#2618 =( NAMED_UNIT ( * ) PLANE_ANGLE_UNIT ( ) SI_UNIT ( $, .RADIAN. ) );
#2619 = SURFACE_SIDE_STYLE ('',( #7536 ) ) ;
#2620 = VERTEX_POINT ( 'NONE', #2029 ) ;
#2621 = EDGE_LOOP ( 'NONE', ( #7305, #1865, #4557, #7538 ) ) ;
#2622 = EDGE_CURVE ( 'NONE', #7810, #8021, #7692, .T. ) ;
#2623 = SURFACE_STYLE_USAGE ( .BOTH. , #5295 ) ;
#2624 = CARTESIAN_POINT ( 'NONE',  ( 2.900000000000000355, -2.900000000000000355, 5.500000000000000000 ) ) ;
#2625 = ADVANCED_FACE ( 'NONE', ( #1438 ), #3337, .F. ) ;
#2626 = SURFACE_SIDE_STYLE ('',( #7714 ) ) ;
#2627 = UNCERTAINTY_MEASURE_WITH_UNIT (LENGTH_MEASURE( 1.000000000000000082E-05 ), #7109, 'distance_accuracy_value', 'NONE');
#2628 = CYLINDRICAL_SURFACE ( 'NONE', #6524, 0.3535533905932594645 ) ;
#2629 = VECTOR ( 'NONE', #6202, 1000.000000000000000 ) ;
#2630 =( NAMED_UNIT ( * ) PLANE_ANGLE_UNIT ( ) SI_UNIT ( $, .RADIAN. ) );
#2631 = CYLINDRICAL_SURFACE ( 'NONE', #3012, 0.09999999999999982514 ) ;
#2632 = LINE ( 'NONE', #69, #1658 ) ;
#2633 = VERTEX_POINT ( 'NONE', #7335 ) ;
#2634 = STYLED_ITEM ( 'NONE', ( #7653 ), #4032 ) ;
#2635 = DIRECTION ( 'NONE',  ( 0.0000000000000000000, 1.000000000000000000, -0.0000000000000000000 ) ) ;
#2636 = AXIS2_PLACEMENT_3D ( 'NONE', #5453, #1414, #6761 ) ;
#2637 = DIRECTION ( 'NONE',  ( -0.0000000000000000000, -1.000000000000000000, -0.0000000000000000000 ) ) ;
#2638 = SURFACE_SIDE_STYLE ('',( #8028 ) ) ;
#2639 = CIRCLE ( 'NONE', #4248, 0.09999999999999982514 ) ;
#2640 = FILL_AREA_STYLE ('',( #728 ) ) ;
#2641 = ORIENTED_EDGE ( 'NONE', *, *, #827, .T. ) ;
#2642 = EDGE_CURVE ( 'NONE', #5324, #385, #8366, .T. ) ;
#2643 = ORIENTED_EDGE ( 'NONE', *, *, #2449, .F. ) ;
#2644 = DIRECTION ( 'NONE',  ( 0.0000000000000000000, 0.0000000000000000000, -1.000000000000000000 ) ) ;
#2645 = CARTESIAN_POINT ( 'NONE',  ( -2.800000000000000711, 2.900000000000000355, 5.500000000000000000 ) ) ;
#2646 = VECTOR ( 'NONE', #93, 1000.000000000000000 ) ;
#2647 = CARTESIAN_POINT ( 'NONE',  ( 0.0000000000000000000, 0.01330794265942434468, 0.3099999999999999978 ) ) ;
#2648 = VECTOR ( 'NONE', #1503, 1000.000000000000000 ) ;
#2649 = AXIS2_PLACEMENT_3D ( 'NONE', #6562, #1870, #7852 ) ;
#2650 =( GEOMETRIC_REPRESENTATION_CONTEXT ( 3 ) GLOBAL_UNCERTAINTY_ASSIGNED_CONTEXT ( ( #7894 ) ) GLOBAL_UNIT_ASSIGNED_CONTEXT ( ( #4694, #5397, #2691 ) ) REPRESENTATION_CONTEXT ( 'NONE', 'WORKASPACE' ) );
#2651 = DIRECTION ( 'NONE',  ( -1.445602896647339163E-16, 1.000000000000000000, 0.0000000000000000000 ) ) ;
#2652 = CARTESIAN_POINT ( 'NONE',  ( -0.1615853658536586523, -0.2980868744137465387, 0.2999999999999999889 ) ) ;
#2653 = EDGE_LOOP ( 'NONE', ( #8514, #494, #4840, #723 ) ) ;
#2654 = CARTESIAN_POINT ( 'NONE',  ( 0.001669631167435280464, 0.1822058055843572832, 0.3099999999999999978 ) ) ;
#2655 = PRESENTATION_STYLE_ASSIGNMENT (( #8261 ) ) ;
#2656 = SURFACE_STYLE_FILL_AREA ( #6567 ) ;
#2657 = MANIFOLD_SOLID_BREP ( '实体-移动/复制1[3]', #5288 ) ;
#2658 = CARTESIAN_POINT ( 'NONE',  ( -2.485912291827595322, 0.2999999999999999334, 0.2890877081724139153 ) ) ;
#2659 = DIRECTION ( 'NONE',  ( -1.327594496921025717E-16, 1.000000000000000000, 0.0000000000000000000 ) ) ;
#2660 = B_SPLINE_CURVE_WITH_KNOTS ( 'NONE', 3,
 ( #4249, #5525, #6144, #1480, #1509 ),
 .UNSPECIFIED., .F., .F.,
 ( 4, 1, 4 ),
 ( 0.0000000000000000000, 0.4999999999999999445, 0.9999999999999998890 ),
 .UNSPECIFIED. ) ;
#2661 = STYLED_ITEM ( 'NONE', ( #481 ), #6908 ) ;
#2662 = ORIENTED_EDGE ( 'NONE', *, *, #5511, .F. ) ;
#2663 = SURFACE_STYLE_FILL_AREA ( #5089 ) ;
#2664 = SURFACE_STYLE_USAGE ( .BOTH. , #2719 ) ;
#2665 = FILL_AREA_STYLE_COLOUR ( '', #1856 ) ;
#2666 = DIRECTION ( 'NONE',  ( 0.0000000000000000000, 1.000000000000000000, 0.0000000000000000000 ) ) ;
#2667 = DIRECTION ( 'NONE',  ( -2.168404344971008868E-16, 1.000000000000000000, 0.0000000000000000000 ) ) ;
#2668 = SURFACE_STYLE_FILL_AREA ( #5061 ) ;
#2669 = SURFACE_STYLE_FILL_AREA ( #607 ) ;
#2670 =( NAMED_UNIT ( * ) PLANE_ANGLE_UNIT ( ) SI_UNIT ( $, .RADIAN. ) );
#2671 = EDGE_LOOP ( 'NONE', ( #2349, #6399, #2408, #5432 ) ) ;
#2672 = PRESENTATION_STYLE_ASSIGNMENT (( #1942 ) ) ;
#2673 = PRESENTATION_STYLE_ASSIGNMENT (( #5475 ) ) ;
#2674 =( GEOMETRIC_REPRESENTATION_CONTEXT ( 3 ) GLOBAL_UNCERTAINTY_ASSIGNED_CONTEXT ( ( #7904 ) ) GLOBAL_UNIT_ASSIGNED_CONTEXT ( ( #5710, #3760, #1261 ) ) REPRESENTATION_CONTEXT ( 'NONE', 'WORKASPACE' ) );
#2675 = STYLED_ITEM ( 'NONE', ( #895 ), #117 ) ;
#2676 = CARTESIAN_POINT ( 'NONE',  ( -0.2000000000000000111, 0.4230640402204000616, 0.2999999999999999889 ) ) ;
#2677 =( NAMED_UNIT ( * ) SI_UNIT ( $, .STERADIAN. ) SOLID_ANGLE_UNIT ( ) );
#2678 = ORIENTED_EDGE ( 'NONE', *, *, #4114, .T. ) ;
#2679 = PRESENTATION_STYLE_ASSIGNMENT (( #2912 ) ) ;
#2680 = CARTESIAN_POINT ( 'NONE',  ( -0.1735407591033820973, -0.2949645689822661954, 0.2999999999999999889 ) ) ;
#2681 = DIRECTION ( 'NONE',  ( 0.0000000000000000000, -0.0000000000000000000, -1.000000000000000000 ) ) ;
#2682 = ORIENTED_EDGE ( 'NONE', *, *, #1520, .F. ) ;
#2683 = CARTESIAN_POINT ( 'NONE',  ( 2.410912291827595588, -0.2999999999999999334, -0.001386042793142161413 ) ) ;
#2684 = EDGE_LOOP ( 'NONE', ( #238, #6515, #5155, #196 ) ) ;
#2685 = FACE_OUTER_BOUND ( 'NONE', #8461, .T. ) ;
#2686 = STYLED_ITEM ( 'NONE', ( #2673 ), #3950 ) ;
#2687 = FILL_AREA_STYLE_COLOUR ( '', #4726 ) ;
#2688 = AXIS2_PLACEMENT_3D ( 'NONE', #1650, #4597, #8539 ) ;
#2689 = CARTESIAN_POINT ( 'NONE',  ( -0.8749999999999995559, -1.225000000000000533, 9.650000000000000355 ) ) ;
#2690 = ORIENTED_EDGE ( 'NONE', *, *, #2955, .F. ) ;
#2691 =( NAMED_UNIT ( * ) SI_UNIT ( $, .STERADIAN. ) SOLID_ANGLE_UNIT ( ) );
#2692 = CARTESIAN_POINT ( 'NONE',  ( 2.900000000000000355, -3.000000000000000000, 4.299999999999999822 ) ) ;
#2693 =( NAMED_UNIT ( * ) PLANE_ANGLE_UNIT ( ) SI_UNIT ( $, .RADIAN. ) );
#2694 = DIRECTION ( 'NONE',  ( -1.322197771323786684E-17, -0.0000000000000000000, 1.000000000000000000 ) ) ;
#2695 = SURFACE_SIDE_STYLE ('',( #3037 ) ) ;
#2696 = MECHANICAL_DESIGN_GEOMETRIC_PRESENTATION_REPRESENTATION (  '', ( #7842 ), #3155 ) ;
#2697 = ORIENTED_EDGE ( 'NONE', *, *, #2376, .T. ) ;
#2698 = AXIS2_PLACEMENT_3D ( 'NONE', #3157, #5745, #3063 ) ;
#2699 =( NAMED_UNIT ( * ) SI_UNIT ( $, .STERADIAN. ) SOLID_ANGLE_UNIT ( ) );
#2700 = CARTESIAN_POINT ( 'NONE',  ( -1.449999999999999512, -1.750000000000000222, 7.799999999999999822 ) ) ;
#2701 = SURFACE_STYLE_FILL_AREA ( #296 ) ;
#2702 = CARTESIAN_POINT ( 'NONE',  ( -0.1000000000000000056, 0.4230640402204000616, 0.2999999999999999889 ) ) ;
#2703 = ORIENTED_EDGE ( 'NONE', *, *, #4336, .F. ) ;
#2704 = FACE_OUTER_BOUND ( 'NONE', #3359, .T. ) ;
#2705 = COLOUR_RGB ( '',0.4313725490196078649, 0.3529411764705882026, 0.3725490196078431460 ) ;
#2706 = ORIENTED_EDGE ( 'NONE', *, *, #6008, .T. ) ;
#2707 = PLANE ( 'NONE',  #2425 ) ;
#2708 =( GEOMETRIC_REPRESENTATION_CONTEXT ( 3 ) GLOBAL_UNCERTAINTY_ASSIGNED_CONTEXT ( ( #1521 ) ) GLOBAL_UNIT_ASSIGNED_CONTEXT ( ( #853, #2763, #6721 ) ) REPRESENTATION_CONTEXT ( 'NONE', 'WORKASPACE' ) );
#2709 =( NAMED_UNIT ( * ) SI_UNIT ( $, .STERADIAN. ) SOLID_ANGLE_UNIT ( ) );
#2710 = CARTESIAN_POINT ( 'NONE',  ( 0.0000000000000000000, -1.125000000000000666, 10.40000000000000213 ) ) ;
#2711 = AXIS2_PLACEMENT_3D ( 'NONE', #3114, #7114, #8477 ) ;
#2712 = ADVANCED_FACE ( 'NONE', ( #2921 ), #7773, .T. ) ;
#2713 = PLANE ( 'NONE',  #3742 ) ;
#2714 = ORIENTED_EDGE ( 'NONE', *, *, #5574, .T. ) ;
#2715 = FACE_OUTER_BOUND ( 'NONE', #3888, .T. ) ;
#2716 = ORIENTED_EDGE ( 'NONE', *, *, #3495, .T. ) ;
#2717 = CARTESIAN_POINT ( 'NONE',  ( -0.02195121951219501655, -0.05742376465764913868, 0.3099999999999999978 ) ) ;
#2718 = CIRCLE ( 'NONE', #5364, 0.1000000000000000472 ) ;
#2719 = SURFACE_SIDE_STYLE ('',( #4890 ) ) ;
#2720 = FILL_AREA_STYLE ('',( #7310 ) ) ;
#2721 = EDGE_CURVE ( 'NONE', #3991, #1442, #5218, .T. ) ;
#2722 = FACE_OUTER_BOUND ( 'NONE', #1351, .T. ) ;
#2723 = ORIENTED_EDGE ( 'NONE', *, *, #7578, .T. ) ;
#2724 = EDGE_CURVE ( 'NONE', #2830, #844, #3254, .T. ) ;
#2725 = CARTESIAN_POINT ( 'NONE',  ( 2.799999999999998934, 2.900000000000000355, 5.399999999999999467 ) ) ;
#2726 = CARTESIAN_POINT ( 'NONE',  ( -0.1967526002680525243, 0.1614756927265195152, 0.3099999999999999978 ) ) ;
#2727 = CIRCLE ( 'NONE', #5071, 0.1000000000000000472 ) ;
#2728 = CARTESIAN_POINT ( 'NONE',  ( 4.150912291827595801, 1.700000000000000178, 0.2890877081724208542 ) ) ;
#2729 = ORIENTED_EDGE ( 'NONE', *, *, #4357, .F. ) ;
#2730 =( GEOMETRIC_REPRESENTATION_CONTEXT ( 3 ) GLOBAL_UNCERTAINTY_ASSIGNED_CONTEXT ( ( #8003 ) ) GLOBAL_UNIT_ASSIGNED_CONTEXT ( ( #4006, #7967, #49 ) ) REPRESENTATION_CONTEXT ( 'NONE', 'WORKASPACE' ) );
#2731 = ORIENTED_EDGE ( 'NONE', *, *, #4222, .T. ) ;
#2732 = AXIS2_PLACEMENT_3D ( 'NONE', #2567, #3921, #5751 ) ;
#2733 = VECTOR ( 'NONE', #3702, 1000.000000000000000 ) ;
#2734 = COLOUR_RGB ( '',0.4313725490196078649, 0.3529411764705882026, 0.3725490196078431460 ) ;
#2735 = FILL_AREA_STYLE ('',( #6030 ) ) ;
#2736 = CARTESIAN_POINT ( 'NONE',  ( -0.09024390243902426223, 0.08891769875698528336, 0.2999999999999999889 ) ) ;
#2737 = VECTOR ( 'NONE', #134, 1000.000000000000000 ) ;
#2738 = ORIENTED_EDGE ( 'NONE', *, *, #5877, .T. ) ;
#2739 = FILL_AREA_STYLE ('',( #20 ) ) ;
#2740 = EDGE_LOOP ( 'NONE', ( #23, #3231, #1126, #2924 ) ) ;
#2741 = EDGE_CURVE ( 'NONE', #7844, #5681, #6553, .T. ) ;
#2742 = VECTOR ( 'NONE', #922, 1000.000000000000000 ) ;
#2743 = PRESENTATION_STYLE_ASSIGNMENT (( #5069 ) ) ;
#2744 = SURFACE_STYLE_USAGE ( .BOTH. , #1411 ) ;
#2745 = CARTESIAN_POINT ( 'NONE',  ( -4.535912291827594700, 0.2999999999999999334, 0.2890877081724139153 ) ) ;
#2746 = ORIENTED_EDGE ( 'NONE', *, *, #3088, .F. ) ;
#2747 = ADVANCED_FACE ( 'NONE', ( #6330 ), #6864, .T. ) ;
#2748 = PLANE ( 'NONE',  #505 ) ;
#2749 = ORIENTED_EDGE ( 'NONE', *, *, #6597, .T. ) ;
#2750 = CARTESIAN_POINT ( 'NONE',  ( -0.1666666666666666019, -0.03059449636496796784, 0.2999999999999999889 ) ) ;
#2751 = FILL_AREA_STYLE_COLOUR ( '', #50 ) ;
#2752 = FACE_OUTER_BOUND ( 'NONE', #6, .T. ) ;
#2753 = DIRECTION ( 'NONE',  ( 0.0000000000000000000, -1.000000000000000000, -0.0000000000000000000 ) ) ;
#2754 = STYLED_ITEM ( 'NONE', ( #4476 ), #5918 ) ;
#2755 = LINE ( 'NONE', #4429, #5765 ) ;
#2756 = FACE_OUTER_BOUND ( 'NONE', #851, .T. ) ;
#2757 = STYLED_ITEM ( 'NONE', ( #1534 ), #2712 ) ;
#2758 = UNCERTAINTY_MEASURE_WITH_UNIT (LENGTH_MEASURE( 1.000000000000000082E-05 ), #5290, 'distance_accuracy_value', 'NONE');
#2759 = CARTESIAN_POINT ( 'NONE',  ( 1.000000000000000000, -1.550000000000000266, 5.500000000000000000 ) ) ;
#2760 = ORIENTED_EDGE ( 'NONE', *, *, #5457, .F. ) ;
#2761 = VECTOR ( 'NONE', #2931, 1000.000000000000000 ) ;
#2762 = ORIENTED_EDGE ( 'NONE', *, *, #4824, .T. ) ;
#2763 =( NAMED_UNIT ( * ) PLANE_ANGLE_UNIT ( ) SI_UNIT ( $, .RADIAN. ) );
#2764 = EDGE_CURVE ( 'NONE', #2044, #3801, #8298, .T. ) ;
#2765 = FILL_AREA_STYLE_COLOUR ( '', #6982 ) ;
#2766 = EDGE_CURVE ( 'NONE', #6723, #5057, #3767, .T. ) ;
#2767 = FACE_OUTER_BOUND ( 'NONE', #1525, .T. ) ;
#2768 = EDGE_LOOP ( 'NONE', ( #4786, #6388, #7823, #2052 ) ) ;
#2769 = PRESENTATION_STYLE_ASSIGNMENT (( #3996 ) ) ;
#2770 = FILL_AREA_STYLE ('',( #4666 ) ) ;
#2771 = CARTESIAN_POINT ( 'NONE',  ( 1.349999999999999645, 1.649999999999999689, 7.799999999999999822 ) ) ;
#2772 = VERTEX_POINT ( 'NONE', #4254 ) ;
#2773 = EDGE_LOOP ( 'NONE', ( #5067, #1667, #3070, #7433, #5039 ) ) ;
#2774 = EDGE_CURVE ( 'NONE', #89, #7983, #7271, .T. ) ;
#2775 = B_SPLINE_SURFACE_WITH_KNOTS ( 'NONE', 3, 1, ( 
 ( #1592, #1003 ),
 ( #2933, #1620 ),
 ( #4933, #5656 ),
 ( #7522, #6935 ),
 ( #977, #2990 ) ),
 .UNSPECIFIED., .F., .F., .F.,
 ( 4, 1, 4 ),
 ( 2, 2 ),
 ( 0.0000000000000000000, 0.4445796631693929579, 1.000000000000000000 ),
 ( 0.0000000000000000000, 1.000000000000000000 ),
 .UNSPECIFIED. ) ;
#2776 = FACE_BOUND ( 'NONE', #5047, .T. ) ;
#2777 = ORIENTED_EDGE ( 'NONE', *, *, #2560, .T. ) ;
#2778 = DIRECTION ( 'NONE',  ( -1.000000000000000000, 0.0000000000000000000, 0.0000000000000000000 ) ) ;
#2779 = ORIENTED_EDGE ( 'NONE', *, *, #7881, .T. ) ;
#2780 = FILL_AREA_STYLE_COLOUR ( '', #7033 ) ;
#2781 = EDGE_CURVE ( 'NONE', #2394, #5761, #7878, .T. ) ;
#2782 = DIRECTION ( 'NONE',  ( 0.0000000000000000000, -0.0000000000000000000, 1.000000000000000000 ) ) ;
#2783 = CARTESIAN_POINT ( 'NONE',  ( -0.1025152439024390044, -0.1915701061210637046, 0.2999999999999999889 ) ) ;
#2784 = ADVANCED_FACE ( 'NONE', ( #2807 ), #4915, .T. ) ;
#2785 = CARTESIAN_POINT ( 'NONE',  ( -0.01951219512195112582, 0.2061051987569851585, 0.3099999999999999978 ) ) ;
#2786 = ORIENTED_EDGE ( 'NONE', *, *, #6306, .F. ) ;
#2787 = MECHANICAL_DESIGN_GEOMETRIC_PRESENTATION_REPRESENTATION (  '', ( #295 ), #7105 ) ;
#2788 = SURFACE_STYLE_FILL_AREA ( #6994 ) ;
#2789 = DIRECTION ( 'NONE',  ( 0.0000000000000000000, 1.000000000000000000, 0.0000000000000000000 ) ) ;
#2790 = CARTESIAN_POINT ( 'NONE',  ( -0.1615853658536586523, -0.2980868744137465387, 0.3099999999999999978 ) ) ;
#2791 = EDGE_CURVE ( 'NONE', #1428, #2252, #6839, .T. ) ;
#2792 = VERTEX_POINT ( 'NONE', #2146 ) ;
#2793 = FACE_OUTER_BOUND ( 'NONE', #7497, .T. ) ;
#2794 = CARTESIAN_POINT ( 'NONE',  ( 2.485912291827593545, -1.700000000000000178, 0.2890877081724074760 ) ) ;
#2795 = VERTEX_POINT ( 'NONE', #6756 ) ;
#2796 = DIRECTION ( 'NONE',  ( 2.431578205642701831E-15, 1.000000000000000000, 0.0000000000000000000 ) ) ;
#2797 = EDGE_CURVE ( 'NONE', #5679, #1262, #2175, .T. ) ;
#2798 = COLOUR_RGB ( '',0.7764705882352941346, 0.7568627450980391913, 0.7372549019607843590 ) ;
#2799 = CARTESIAN_POINT ( 'NONE',  ( -0.1868546059824211791, 0.2842191074825045627, 0.3099999999999999978 ) ) ;
#2800 = AXIS2_PLACEMENT_3D ( 'NONE', #7946, #2635, #7308 ) ;
#2801 = PRESENTATION_LAYER_ASSIGNMENT (  '', '', ( #3588 ) ) ;
#2802 = ORIENTED_EDGE ( 'NONE', *, *, #2254, .F. ) ;
#2803 = CARTESIAN_POINT ( 'NONE',  ( -0.9749999999999996447, -1.225000000000000533, 10.50000000000000000 ) ) ;
#2804 = ORIENTED_EDGE ( 'NONE', *, *, #3958, .T. ) ;
#2805 = DIRECTION ( 'NONE',  ( 1.000000000000000000, 0.0000000000000000000, 0.0000000000000000000 ) ) ;
#2806 = CARTESIAN_POINT ( 'NONE',  ( 0.8750000000000001110, -1.125000000000000444, 8.650000000000000355 ) ) ;
#2807 = FACE_OUTER_BOUND ( 'NONE', #215, .T. ) ;
#2808 = EDGE_CURVE ( 'NONE', #1053, #5811, #436, .T. ) ;
#2809 = FILL_AREA_STYLE_COLOUR ( '', #733 ) ;
#2810 = ORIENTED_EDGE ( 'NONE', *, *, #1203, .T. ) ;
#2811 = ORIENTED_EDGE ( 'NONE', *, *, #225, .F. ) ;
#2812 = PRESENTATION_LAYER_ASSIGNMENT (  '', '', ( #2076 ) ) ;
#2813 = CARTESIAN_POINT ( 'NONE',  ( -0.1999999999999999278, 0.09867346298462763288, 0.2999999999999999889 ) ) ;
#2814 = CARTESIAN_POINT ( 'NONE',  ( -0.07237685117584907735, 0.3003277933331639504, 0.2999999999999999889 ) ) ;
#2815 = ORIENTED_EDGE ( 'NONE', *, *, #8428, .F. ) ;
#2816 = VERTEX_POINT ( 'NONE', #2177 ) ;
#2817 = VERTEX_POINT ( 'NONE', #888 ) ;
#2818 = DIRECTION ( 'NONE',  ( 0.0000000000000000000, 0.0000000000000000000, -1.000000000000000000 ) ) ;
#2819 =( NAMED_UNIT ( * ) PLANE_ANGLE_UNIT ( ) SI_UNIT ( $, .RADIAN. ) );
#2820 =( GEOMETRIC_REPRESENTATION_CONTEXT ( 3 ) GLOBAL_UNCERTAINTY_ASSIGNED_CONTEXT ( ( #5583 ) ) GLOBAL_UNIT_ASSIGNED_CONTEXT ( ( #2409, #5801, #7056 ) ) REPRESENTATION_CONTEXT ( 'NONE', 'WORKASPACE' ) );
#2821 = DIRECTION ( 'NONE',  ( 1.000000000000000000, 0.0000000000000000000, 0.0000000000000000000 ) ) ;
#2822 = DIRECTION ( 'NONE',  ( -1.000000000000000000, -0.0000000000000000000, -0.0000000000000000000 ) ) ;
#2823 = FILL_AREA_STYLE_COLOUR ( '', #8235 ) ;
#2824 = EDGE_CURVE ( 'NONE', #5770, #737, #8254, .T. ) ;
#2825 = CIRCLE ( 'NONE', #3762, 0.09999999999999982514 ) ;
#2826 = FACE_OUTER_BOUND ( 'NONE', #7989, .T. ) ;
#2827 = CARTESIAN_POINT ( 'NONE',  ( 4.065758146820641628E-17, 0.3206250158301560127, 0.2999999999999999889 ) ) ;
#2828 = LINE ( 'NONE', #4924, #7900 ) ;
#2829 = EDGE_LOOP ( 'NONE', ( #2019, #2839, #267, #3929 ) ) ;
#2830 = VERTEX_POINT ( 'NONE', #5665 ) ;
#2831 = PLANE ( 'NONE',  #8414 ) ;
#2832 = CARTESIAN_POINT ( 'NONE',  ( -0.05609756097560978511, -0.2545655329503319630, 0.2999999999999999889 ) ) ;
#2833 = SURFACE_STYLE_FILL_AREA ( #6675 ) ;
#2834 = MECHANICAL_DESIGN_GEOMETRIC_PRESENTATION_REPRESENTATION (  '', ( #4075 ), #3298 ) ;
#2835 = EDGE_CURVE ( 'NONE', #8282, #321, #2388, .T. ) ;
#2836 = CARTESIAN_POINT ( 'NONE',  ( -4.150912291827595801, 1.224999999999999201, 9.650000000000000355 ) ) ;
#2837 = ORIENTED_EDGE ( 'NONE', *, *, #4510, .F. ) ;
#2838 =( GEOMETRIC_REPRESENTATION_CONTEXT ( 3 ) GLOBAL_UNCERTAINTY_ASSIGNED_CONTEXT ( ( #1135 ) ) GLOBAL_UNIT_ASSIGNED_CONTEXT ( ( #3970, #3946, #45 ) ) REPRESENTATION_CONTEXT ( 'NONE', 'WORKASPACE' ) );
#2839 = ORIENTED_EDGE ( 'NONE', *, *, #1976, .T. ) ;
#2840 =( NAMED_UNIT ( * ) SI_UNIT ( $, .STERADIAN. ) SOLID_ANGLE_UNIT ( ) );
#2841 = STYLED_ITEM ( 'NONE', ( #8304 ), #625 ) ;
#2842 = ADVANCED_FACE ( 'NONE', ( #7454 ), #228, .F. ) ;
#2843 = CARTESIAN_POINT ( 'NONE',  ( -0.1999999999999999001, 0.01330794265942438284, 0.2999999999999999889 ) ) ;
#2844 = COLOUR_RGB ( '',0.7764705882352941346, 0.7568627450980391913, 0.7372549019607843590 ) ;
#2845 = SURFACE_SIDE_STYLE ('',( #7208 ) ) ;
#2846 = EDGE_CURVE ( 'NONE', #4485, #3378, #5510, .T. ) ;
#2847 = CARTESIAN_POINT ( 'NONE',  ( 4.150912291827595801, -2.299999999999999822, 7.799999999999999822 ) ) ;
#2848 = ORIENTED_EDGE ( 'NONE', *, *, #4710, .T. ) ;
#2849 = CYLINDRICAL_SURFACE ( 'NONE', #234, 0.09999999999999982514 ) ;
#2850 = UNCERTAINTY_MEASURE_WITH_UNIT (LENGTH_MEASURE( 1.000000000000000082E-05 ), #6268, 'distance_accuracy_value', 'NONE');
#2851 = DIRECTION ( 'NONE',  ( 1.000000000000000000, 0.0000000000000000000, 1.322197771323786684E-17 ) ) ;
#2852 = LINE ( 'NONE', #5895, #3177 ) ;
#2853 = DIRECTION ( 'NONE',  ( -1.000000000000000000, -0.0000000000000000000, -0.0000000000000000000 ) ) ;
#2854 = VECTOR ( 'NONE', #1404, 1000.000000000000000 ) ;
#2855 =( LENGTH_UNIT ( ) NAMED_UNIT ( * ) SI_UNIT ( .MILLI., .METRE. ) );
#2856 = CARTESIAN_POINT ( 'NONE',  ( -2.900000000000000799, 2.900000000000000355, 4.299999999999999822 ) ) ;
#2857 = AXIS2_PLACEMENT_3D ( 'NONE', #2156, #2273, #6826 ) ;
#2858 =( NAMED_UNIT ( * ) SI_UNIT ( $, .STERADIAN. ) SOLID_ANGLE_UNIT ( ) );
#2859 = CARTESIAN_POINT ( 'NONE',  ( -0.1019435975609755685, -0.1647408378283807540, 0.2999999999999999889 ) ) ;
#2860 = AXIS2_PLACEMENT_3D ( 'NONE', #1171, #8424, #1204 ) ;
#2861 = CARTESIAN_POINT ( 'NONE',  ( 0.8749999999999998890, 1.124999999999999778, 10.40000000000000213 ) ) ;
#2862 = SURFACE_STYLE_USAGE ( .BOTH. , #7534 ) ;
#2863 = ORIENTED_EDGE ( 'NONE', *, *, #2584, .F. ) ;
#2864 = VERTEX_POINT ( 'NONE', #8257 ) ;
#2865 = VECTOR ( 'NONE', #2151, 1000.000000000000000 ) ;
#2866 = UNCERTAINTY_MEASURE_WITH_UNIT (LENGTH_MEASURE( 1.000000000000000082E-05 ), #4033, 'distance_accuracy_value', 'NONE');
#2867 = SURFACE_STYLE_USAGE ( .BOTH. , #3537 ) ;
#2868 = VECTOR ( 'NONE', #8288, 1000.000000000000000 ) ;
#2869 = FACE_OUTER_BOUND ( 'NONE', #2505, .T. ) ;
#2870 =( GEOMETRIC_REPRESENTATION_CONTEXT ( 3 ) GLOBAL_UNCERTAINTY_ASSIGNED_CONTEXT ( ( #8240 ) ) GLOBAL_UNIT_ASSIGNED_CONTEXT ( ( #3149, #456, #3815 ) ) REPRESENTATION_CONTEXT ( 'NONE', 'WORKASPACE' ) );
#2871 = ORIENTED_EDGE ( 'NONE', *, *, #2969, .F. ) ;
#2872 = MECHANICAL_DESIGN_GEOMETRIC_PRESENTATION_REPRESENTATION (  '', ( #2131 ), #8017 ) ;
#2873 = VECTOR ( 'NONE', #3822, 1000.000000000000000 ) ;
#2874 = DIRECTION ( 'NONE',  ( 0.0000000000000000000, 1.000000000000000000, 0.0000000000000000000 ) ) ;
#2875 = SURFACE_STYLE_USAGE ( .BOTH. , #2904 ) ;
#2876 = DIRECTION ( 'NONE',  ( 1.000000000000000000, 0.0000000000000000000, 0.0000000000000000000 ) ) ;
#2877 =( NAMED_UNIT ( * ) PLANE_ANGLE_UNIT ( ) SI_UNIT ( $, .RADIAN. ) );
#2878 = PRESENTATION_STYLE_ASSIGNMENT (( #2898 ) ) ;
#2879 = VERTEX_POINT ( 'NONE', #2999 ) ;
#2880 = DIRECTION ( 'NONE',  ( 1.000000000000000000, 0.0000000000000000000, 0.0000000000000000000 ) ) ;
#2881 = ORIENTED_EDGE ( 'NONE', *, *, #3489, .T. ) ;
#2882 = SURFACE_STYLE_FILL_AREA ( #6552 ) ;
#2883 = SURFACE_STYLE_FILL_AREA ( #3030 ) ;
#2884 = ADVANCED_FACE ( 'NONE', ( #2606 ), #1010, .F. ) ;
#2885 = EDGE_CURVE ( 'NONE', #3544, #3357, #529, .T. ) ;
#2886 = CARTESIAN_POINT ( 'NONE',  ( 2.899999999999999023, 3.000000000000000000, 5.500000000000000000 ) ) ;
#2887 = SURFACE_STYLE_USAGE ( .BOTH. , #4278 ) ;
#2888 = EDGE_LOOP ( 'NONE', ( #6255, #2285, #6184, #7854 ) ) ;
#2889 = UNCERTAINTY_MEASURE_WITH_UNIT (LENGTH_MEASURE( 1.000000000000000082E-05 ), #6509, 'distance_accuracy_value', 'NONE');
#2890 = DIRECTION ( 'NONE',  ( 0.2499999999999998057, 0.0000000000000000000, 0.9682458365518542553 ) ) ;
#2891 = EDGE_LOOP ( 'NONE', ( #2520, #6572, #909, #3573 ) ) ;
#2892 = FILL_AREA_STYLE_COLOUR ( '', #3764 ) ;
#2893 = ADVANCED_FACE ( 'NONE', ( #2507, #5206 ), #4974, .F. ) ;
#2894 = DIRECTION ( 'NONE',  ( -0.1105567340389909253, 0.0000000000000000000, -0.9938698146933692135 ) ) ;
#2895 = AXIS2_PLACEMENT_3D ( 'NONE', #5331, #626, #6670 ) ;
#2896 = ORIENTED_EDGE ( 'NONE', *, *, #4965, .F. ) ;
#2897 = EDGE_CURVE ( 'NONE', #5681, #6264, #5613, .T. ) ;
#2898 = SURFACE_STYLE_USAGE ( .BOTH. , #4835 ) ;
#2899 = CARTESIAN_POINT ( 'NONE',  ( 2.449999999999999289, 1.700000000000000178, 0.3499999999999999778 ) ) ;
#2900 = AXIS2_PLACEMENT_3D ( 'NONE', #6170, #8190, #2963 ) ;
#2901 = CARTESIAN_POINT ( 'NONE',  ( 4.150912291827595801, 0.2999999999999999334, 0.2890877081724139153 ) ) ;
#2902 = ORIENTED_EDGE ( 'NONE', *, *, #1338, .T. ) ;
#2903 = VECTOR ( 'NONE', #1504, 1000.000000000000000 ) ;
#2904 = SURFACE_SIDE_STYLE ('',( #7133 ) ) ;
#2905 = EDGE_CURVE ( 'NONE', #664, #6880, #3122, .T. ) ;
#2906 = DIRECTION ( 'NONE',  ( -5.996993266560448925E-14, -1.000000000000000000, 0.0000000000000000000 ) ) ;
#2907 = CARTESIAN_POINT ( 'NONE',  ( -2.799999999999999822, -2.900000000000000355, 4.299999999999999822 ) ) ;
#2908 = FILL_AREA_STYLE ('',( #1505 ) ) ;
#2909 =( LENGTH_UNIT ( ) NAMED_UNIT ( * ) SI_UNIT ( .MILLI., .METRE. ) );
#2910 = CARTESIAN_POINT ( 'NONE',  ( -0.9749999999999999778, 0.9999999999999988898, 10.50000000000000000 ) ) ;
#2911 = ORIENTED_EDGE ( 'NONE', *, *, #5122, .T. ) ;
#2912 = SURFACE_STYLE_USAGE ( .BOTH. , #3583 ) ;
#2913 = DIRECTION ( 'NONE',  ( 1.302313156403485785E-15, 1.000000000000000000, 0.0000000000000000000 ) ) ;
#2914 = PLANE ( 'NONE',  #5201 ) ;
#2915 =( NAMED_UNIT ( * ) PLANE_ANGLE_UNIT ( ) SI_UNIT ( $, .RADIAN. ) );
#2916 = CARTESIAN_POINT ( 'NONE',  ( -1.092076380707581558E-16, -0.3866920573405758232, 0.2999999999999999889 ) ) ;
#2917 = CARTESIAN_POINT ( 'NONE',  ( 0.8749999999999998890, 1.124999999999999778, 10.40000000000000213 ) ) ;
#2918 = CARTESIAN_POINT ( 'NONE',  ( -0.05609756097560984062, -0.3371874841698440650, 0.2999999999999999889 ) ) ;
#2919 = ORIENTED_EDGE ( 'NONE', *, *, #4104, .F. ) ;
#2920 = SURFACE_STYLE_USAGE ( .BOTH. , #6295 ) ;
#2921 = FACE_OUTER_BOUND ( 'NONE', #4577, .T. ) ;
#2922 = SURFACE_STYLE_FILL_AREA ( #3233 ) ;
#2923 = VERTEX_POINT ( 'NONE', #1098 ) ;
#2924 = ORIENTED_EDGE ( 'NONE', *, *, #5504, .T. ) ;
#2925 = PRESENTATION_STYLE_ASSIGNMENT (( #5875 ) ) ;
#2926 = CARTESIAN_POINT ( 'NONE',  ( 0.8750000000000001110, -1.125000000000000666, 10.40000000000000213 ) ) ;
#2927 = ORIENTED_EDGE ( 'NONE', *, *, #5128, .T. ) ;
#2928 = ADVANCED_FACE ( 'NONE', ( #746 ), #4579, .T. ) ;
#2929 = SURFACE_STYLE_FILL_AREA ( #5925 ) ;
#2930 = AXIS2_PLACEMENT_3D ( 'NONE', #3783, #2518, #7772 ) ;
#2931 = DIRECTION ( 'NONE',  ( 0.0000000000000000000, -0.0000000000000000000, -1.000000000000000000 ) ) ;
#2932 = EDGE_CURVE ( 'NONE', #5741, #4704, #3023, .T. ) ;
#2933 = CARTESIAN_POINT ( 'NONE',  ( -0.08199184692909733396, -0.1621569231539634892, 0.2999999999999999889 ) ) ;
#2934 = COLOUR_RGB ( '',0.7764705882352941346, 0.7568627450980391913, 0.7372549019607843590 ) ;
#2935 = VERTEX_POINT ( 'NONE', #5834 ) ;
#2936 = PLANE ( 'NONE',  #2900 ) ;
#2937 = FILL_AREA_STYLE ('',( #6834 ) ) ;
#2938 =( LENGTH_UNIT ( ) NAMED_UNIT ( * ) SI_UNIT ( .MILLI., .METRE. ) );
#2939 = COLOUR_RGB ( '',0.4313725490196078649, 0.3529411764705882026, 0.3725490196078431460 ) ;
#2940 = SURFACE_STYLE_FILL_AREA ( #537 ) ;
#2941 = ORIENTED_EDGE ( 'NONE', *, *, #2238, .F. ) ;
#2942 = AXIS2_PLACEMENT_3D ( 'NONE', #7370, #5371, #5425 ) ;
#2943 = CARTESIAN_POINT ( 'NONE',  ( -0.006049681732951027457, 0.1646099136324443990, 0.2999999999999999889 ) ) ;
#2944 = EDGE_LOOP ( 'NONE', ( #7121, #7492, #2811, #4770, #6557 ) ) ;
#2945 = CARTESIAN_POINT ( 'NONE',  ( -0.9750000000000006439, -1.000000000000000222, 9.650000000000000355 ) ) ;
#2946 = FILL_AREA_STYLE_COLOUR ( '', #5969 ) ;
#2947 = STYLED_ITEM ( 'NONE', ( #6406 ), #17 ) ;
#2948 = ORIENTED_EDGE ( 'NONE', *, *, #3237, .F. ) ;
#2949 = FILL_AREA_STYLE ('',( #1611 ) ) ;
#2950 = DIRECTION ( 'NONE',  ( -0.0000000000000000000, 0.0000000000000000000, 1.000000000000000000 ) ) ;
#2951 = FACE_OUTER_BOUND ( 'NONE', #831, .T. ) ;
#2952 = SURFACE_STYLE_USAGE ( .BOTH. , #2240 ) ;
#2953 = VERTEX_POINT ( 'NONE', #6405 ) ;
#2954 = CARTESIAN_POINT ( 'NONE',  ( -0.02804861382113819565, -0.2450189823223496155, 0.2999999999999999889 ) ) ;
#2955 = EDGE_CURVE ( 'NONE', #5991, #5463, #1094, .T. ) ;
#2956 =( NAMED_UNIT ( * ) SI_UNIT ( $, .STERADIAN. ) SOLID_ANGLE_UNIT ( ) );
#2957 = PRESENTATION_LAYER_ASSIGNMENT (  '', '', ( #1708 ) ) ;
#2958 = PLANE ( 'NONE',  #1076 ) ;
#2959 = ORIENTED_EDGE ( 'NONE', *, *, #7577, .F. ) ;
#2960 = LINE ( 'NONE', #2234, #4105 ) ;
#2961 = DIRECTION ( 'NONE',  ( 0.0000000000000000000, 0.0000000000000000000, -1.000000000000000000 ) ) ;
#2962 = UNCERTAINTY_MEASURE_WITH_UNIT (LENGTH_MEASURE( 1.000000000000000082E-05 ), #6182, 'distance_accuracy_value', 'NONE');
#2963 = DIRECTION ( 'NONE',  ( -2.525698242721911228E-16, 1.000000000000000000, 0.0000000000000000000 ) ) ;
#2964 = FILL_AREA_STYLE_COLOUR ( '', #8335 ) ;
#2965 = VECTOR ( 'NONE', #5557, 1000.000000000000000 ) ;
#2966 = FILL_AREA_STYLE ('',( #1621 ) ) ;
#2967 = SURFACE_SIDE_STYLE ('',( #1371 ) ) ;
#2968 = FACE_OUTER_BOUND ( 'NONE', #349, .T. ) ;
#2969 = EDGE_CURVE ( 'NONE', #5065, #1276, #6424, .T. ) ;
#2970 = PLANE ( 'NONE',  #7279 ) ;
#2971 = SURFACE_STYLE_USAGE ( .BOTH. , #3672 ) ;
#2972 = ORIENTED_EDGE ( 'NONE', *, *, #4681, .F. ) ;
#2973 = FACE_BOUND ( 'NONE', #4893, .T. ) ;
#2974 = MECHANICAL_DESIGN_GEOMETRIC_PRESENTATION_REPRESENTATION (  '', ( #2531 ), #3428 ) ;
#2975 =( NAMED_UNIT ( * ) PLANE_ANGLE_UNIT ( ) SI_UNIT ( $, .RADIAN. ) );
#2976 = DIRECTION ( 'NONE',  ( -0.2499999999999998057, 0.0000000000000000000, -0.9682458365518542553 ) ) ;
#2977 = ADVANCED_FACE ( 'NONE', ( #3013 ), #2537, .T. ) ;
#2978 = SURFACE_SIDE_STYLE ('',( #1072 ) ) ;
#2979 = ORIENTED_EDGE ( 'NONE', *, *, #4263, .F. ) ;
#2980 = VECTOR ( 'NONE', #7089, 1000.000000000000000 ) ;
#2981 = DIRECTION ( 'NONE',  ( 1.000000000000000000, 1.327594496921025717E-16, -0.0000000000000000000 ) ) ;
#2982 = DIRECTION ( 'NONE',  ( 0.0000000000000000000, 0.0000000000000000000, -1.000000000000000000 ) ) ;
#2983 =( GEOMETRIC_REPRESENTATION_CONTEXT ( 3 ) GLOBAL_UNCERTAINTY_ASSIGNED_CONTEXT ( ( #3275 ) ) GLOBAL_UNIT_ASSIGNED_CONTEXT ( ( #7288, #1192, #2550 ) ) REPRESENTATION_CONTEXT ( 'NONE', 'WORKASPACE' ) );
#2984 = VECTOR ( 'NONE', #6518, 1000.000000000000000 ) ;
#2985 = VERTEX_POINT ( 'NONE', #470 ) ;
#2986 = CLOSED_SHELL ( 'NONE', ( #2134, #2124, #4508, #5752, #6435, #2625, #1852, #6997, #533, #7439, #401, #3020, #5836, #2267, #8031, #3811, #3416, #7871 ) ) ;
#2987 = LINE ( 'NONE', #1832, #3617 ) ;
#2988 = FILL_AREA_STYLE_COLOUR ( '', #2588 ) ;
#2989 = DIRECTION ( 'NONE',  ( 0.0000000000000000000, -0.0000000000000000000, -1.000000000000000000 ) ) ;
#2990 = CARTESIAN_POINT ( 'NONE',  ( -0.02195121951219501655, -0.08581553295033207684, 0.3099999999999999978 ) ) ;
#2991 = DIRECTION ( 'NONE',  ( 1.000000000000000000, 0.0000000000000000000, 0.0000000000000000000 ) ) ;
#2992 = COLOUR_RGB ( '',0.4313725490196078649, 0.3529411764705882026, 0.3725490196078431460 ) ;
#2993 = CARTESIAN_POINT ( 'NONE',  ( -0.1780487804878048141, -0.08692071587716113101, 0.2999999999999999889 ) ) ;
#2994 = ORIENTED_EDGE ( 'NONE', *, *, #6611, .T. ) ;
#2995 =( GEOMETRIC_REPRESENTATION_CONTEXT ( 3 ) GLOBAL_UNCERTAINTY_ASSIGNED_CONTEXT ( ( #5066 ) ) GLOBAL_UNIT_ASSIGNED_CONTEXT ( ( #5740, #3090, #1091 ) ) REPRESENTATION_CONTEXT ( 'NONE', 'WORKASPACE' ) );
#2996 = EDGE_CURVE ( 'NONE', #1491, #5102, #5115, .T. ) ;
#2997 = DIRECTION ( 'NONE',  ( -1.322197771323786684E-17, 0.0000000000000000000, -1.000000000000000000 ) ) ;
#2998 = SURFACE_SIDE_STYLE ('',( #1655 ) ) ;
#2999 = CARTESIAN_POINT ( 'NONE',  ( -0.1804878048780486632, 0.2016082475374730842, 0.2999999999999999889 ) ) ;
#3000 = VECTOR ( 'NONE', #77, 1000.000000000000000 ) ;
#3001 = PLANE ( 'NONE',  #7668 ) ;
#3002 = ORIENTED_EDGE ( 'NONE', *, *, #2088, .T. ) ;
#3003 = SURFACE_STYLE_USAGE ( .BOTH. , #4399 ) ;
#3004 = CARTESIAN_POINT ( 'NONE',  ( -1.500000000000000000, -3.000000000000000000, 0.2999999999999999889 ) ) ;
#3005 = PRESENTATION_LAYER_ASSIGNMENT (  '', '', ( #5885 ) ) ;
#3006 = EDGE_CURVE ( 'NONE', #7605, #313, #6644, .T. ) ;
#3007 = ORIENTED_EDGE ( 'NONE', *, *, #2038, .T. ) ;
#3008 = PRESENTATION_STYLE_ASSIGNMENT (( #2 ) ) ;
#3009 = VERTEX_POINT ( 'NONE', #6377 ) ;
#3010 = STYLED_ITEM ( 'NONE', ( #604 ), #3451 ) ;
#3011 = CARTESIAN_POINT ( 'NONE',  ( -0.1615853658536586523, -0.2911508988039902546, 0.2999999999999999889 ) ) ;
#3012 = AXIS2_PLACEMENT_3D ( 'NONE', #2307, #879, #1714 ) ;
#3013 = FACE_OUTER_BOUND ( 'NONE', #4813, .T. ) ;
#3014 = CARTESIAN_POINT ( 'NONE',  ( -1.294702190228694489E-16, -0.3623018134381367772, 0.2999999999999999889 ) ) ;
#3015 =( NAMED_UNIT ( * ) PLANE_ANGLE_UNIT ( ) SI_UNIT ( $, .RADIAN. ) );
#3016 = EDGE_CURVE ( 'NONE', #2295, #737, #1841, .T. ) ;
#3017 = SURFACE_STYLE_USAGE ( .BOTH. , #5682 ) ;
#3018 = EDGE_CURVE ( 'NONE', #844, #7341, #7768, .T. ) ;
#3019 = ORIENTED_EDGE ( 'NONE', *, *, #791, .T. ) ;
#3020 = ADVANCED_FACE ( 'NONE', ( #4686 ), #5197, .T. ) ;
#3021 = CARTESIAN_POINT ( 'NONE',  ( -0.1121951219512194176, 0.01818599143991211919, 0.2999999999999999889 ) ) ;
#3022 =( NAMED_UNIT ( * ) PLANE_ANGLE_UNIT ( ) SI_UNIT ( $, .RADIAN. ) );
#3023 = LINE ( 'NONE', #3126, #4772 ) ;
#3024 = CARTESIAN_POINT ( 'NONE',  ( -1.499999999999999778, 2.750000000000000444, 0.5000000000000000000 ) ) ;
#3025 = UNCERTAINTY_MEASURE_WITH_UNIT (LENGTH_MEASURE( 1.000000000000000082E-05 ), #4325, 'distance_accuracy_value', 'NONE');
#3026 = PRESENTATION_LAYER_ASSIGNMENT (  '', '', ( #4086 ) ) ;
#3027 = EDGE_LOOP ( 'NONE', ( #7726, #526, #5543, #7238 ) ) ;
#3028 = LINE ( 'NONE', #1301, #1242 ) ;
#3029 = EDGE_LOOP ( 'NONE', ( #6129, #44, #3674, #7139, #7038 ) ) ;
#3030 = FILL_AREA_STYLE ('',( #1803 ) ) ;
#3031 = CARTESIAN_POINT ( 'NONE',  ( -0.09024390243902426223, 0.01818599143991208450, 0.2999999999999999889 ) ) ;
#3032 = CARTESIAN_POINT ( 'NONE',  ( -2.485912291827595766, 1.700000000000000178, 0.2890877081724212982 ) ) ;
#3033 = CARTESIAN_POINT ( 'NONE',  ( -2.485912291827597098, 2.299999999999999822, 0.2890877081724208542 ) ) ;
#3034 = DIRECTION ( 'NONE',  ( 0.5078765015848255571, 0.0000000000000000000, -0.8614298921780917384 ) ) ;
#3035 = CARTESIAN_POINT ( 'NONE',  ( -0.1613749165474542835, 0.2692072145984460985, 0.2999999999999999889 ) ) ;
#3036 = ORIENTED_EDGE ( 'NONE', *, *, #7187, .T. ) ;
#3037 = SURFACE_STYLE_FILL_AREA ( #15 ) ;
#3038 = SURFACE_STYLE_USAGE ( .BOTH. , #8320 ) ;
#3039 = COLOUR_RGB ( '',0.4313725490196078649, 0.3529411764705882026, 0.3725490196078431460 ) ;
#3040 = EDGE_LOOP ( 'NONE', ( #5619, #274, #133, #2386 ) ) ;
#3041 = AXIS2_PLACEMENT_3D ( 'NONE', #4099, #2782, #2077 ) ;
#3042 = ORIENTED_EDGE ( 'NONE', *, *, #5562, .T. ) ;
#3043 = AXIS2_PLACEMENT_3D ( 'NONE', #429, #5702, #6905 ) ;
#3044 = CARTESIAN_POINT ( 'NONE',  ( -0.05609756097560978511, -0.2545655329503319630, 0.3099999999999999978 ) ) ;
#3045 = COLOUR_RGB ( '',0.4313725490196078649, 0.3529411764705882026, 0.3725490196078431460 ) ;
#3046 = CARTESIAN_POINT ( 'NONE',  ( 0.0000000000000000000, -2.899999999999999467, 0.5000000000000000000 ) ) ;
#3047 = CARTESIAN_POINT ( 'NONE',  ( -0.1868546059824211791, 0.2842191074825045627, 0.2999999999999999889 ) ) ;
#3048 = LINE ( 'NONE', #7788, #6137 ) ;
#3049 = VECTOR ( 'NONE', #5635, 1000.000000000000000 ) ;
#3050 = CARTESIAN_POINT ( 'NONE',  ( -0.1780487804878047586, -0.06233992319423430073, 0.2999999999999999889 ) ) ;
#3051 = ORIENTED_EDGE ( 'NONE', *, *, #2154, .F. ) ;
#3052 = FILL_AREA_STYLE ('',( #5651 ) ) ;
#3053 = ORIENTED_EDGE ( 'NONE', *, *, #8309, .F. ) ;
#3054 = PLANE ( 'NONE',  #6241 ) ;
#3055 = FILL_AREA_STYLE_COLOUR ( '', #2939 ) ;
#3056 = EDGE_CURVE ( 'NONE', #3453, #4318, #127, .T. ) ;
#3057 = LINE ( 'NONE', #4223, #4293 ) ;
#3058 = COLOUR_RGB ( '',0.7764705882352941346, 0.7568627450980391913, 0.7372549019607843590 ) ;
#3059 = DIRECTION ( 'NONE',  ( -0.4813095137127779144, -0.8765507127426052092, 0.0000000000000000000 ) ) ;
#3060 = EDGE_CURVE ( 'NONE', #3238, #6856, #2062, .T. ) ;
#3061 = B_SPLINE_CURVE_WITH_KNOTS ( 'NONE', 3,
 ( #811, #128, #2799, #6124, #4163 ),
 .UNSPECIFIED., .F., .F.,
 ( 4, 1, 4 ),
 ( 0.0000000000000000000, 0.4425925908437077783, 0.9999999999999998890 ),
 .UNSPECIFIED. ) ;
#3062 = VERTEX_POINT ( 'NONE', #1959 ) ;
#3063 = DIRECTION ( 'NONE',  ( 1.000000000000000000, 0.0000000000000000000, 0.0000000000000000000 ) ) ;
#3064 = STYLED_ITEM ( 'NONE', ( #3081 ), #8031 ) ;
#3065 = CARTESIAN_POINT ( 'NONE',  ( 2.449999999999999289, 0.0000000000000000000, 0.3499999999999999778 ) ) ;
#3066 = DIRECTION ( 'NONE',  ( 0.0000000000000000000, -0.0000000000000000000, -1.000000000000000000 ) ) ;
#3067 = EDGE_CURVE ( 'NONE', #6807, #8498, #7551, .T. ) ;
#3068 = ADVANCED_FACE ( 'NONE', ( #8070 ), #4687, .F. ) ;
#3069 = PLANE ( 'NONE',  #6314 ) ;
#3070 = ORIENTED_EDGE ( 'NONE', *, *, #4504, .F. ) ;
#3071 = CARTESIAN_POINT ( 'NONE',  ( -0.1174601399697661752, 0.2744038816129177327, 0.3099999999999999978 ) ) ;
#3072 = ADVANCED_FACE ( 'NONE', ( #6106 ), #3273, .F. ) ;
#3073 = ORIENTED_EDGE ( 'NONE', *, *, #7140, .F. ) ;
#3074 = VECTOR ( 'NONE', #6379, 1000.000000000000000 ) ;
#3075 = EDGE_CURVE ( 'NONE', #8030, #4658, #3747, .T. ) ;
#3076 = VECTOR ( 'NONE', #6624, 1000.000000000000000 ) ;
#3077 = CARTESIAN_POINT ( 'NONE',  ( 2.034017743893765662, 1.116868741266024312, 0.5000000000000000000 ) ) ;
#3078 = EDGE_LOOP ( 'NONE', ( #6979, #109, #4201, #5872 ) ) ;
#3079 = FILL_AREA_STYLE ('',( #3109 ) ) ;
#3080 = ORIENTED_EDGE ( 'NONE', *, *, #5504, .F. ) ;
#3081 = PRESENTATION_STYLE_ASSIGNMENT (( #3641 ) ) ;
#3082 = COLOUR_RGB ( '',0.4313725490196078649, 0.3529411764705882026, 0.3725490196078431460 ) ;
#3083 = VECTOR ( 'NONE', #3858, 1000.000000000000000 ) ;
#3084 = FILL_AREA_STYLE_COLOUR ( '', #3900 ) ;
#3085 = FILL_AREA_STYLE_COLOUR ( '', #1873 ) ;
#3086 = PRESENTATION_LAYER_ASSIGNMENT (  '', '', ( #7947 ) ) ;
#3087 = CARTESIAN_POINT ( 'NONE',  ( -0.1000000000000000194, -0.2440091305113075704, 0.3099999999999999978 ) ) ;
#3088 = EDGE_CURVE ( 'NONE', #844, #174, #5774, .T. ) ;
#3089 = VERTEX_POINT ( 'NONE', #5357 ) ;
#3090 =( NAMED_UNIT ( * ) PLANE_ANGLE_UNIT ( ) SI_UNIT ( $, .RADIAN. ) );
#3091 = CARTESIAN_POINT ( 'NONE',  ( -0.1792204117682554831, 0.1778717376527620408, 0.2999999999999999889 ) ) ;
#3092 = LINE ( 'NONE', #6740, #4845 ) ;
#3093 = ORIENTED_EDGE ( 'NONE', *, *, #1213, .F. ) ;
#3094 = PRESENTATION_LAYER_ASSIGNMENT (  '', '', ( #5150 ) ) ;
#3095 = DIRECTION ( 'NONE',  ( -0.0000000000000000000, -1.000000000000000000, -0.0000000000000000000 ) ) ;
#3096 = ORIENTED_EDGE ( 'NONE', *, *, #5398, .F. ) ;
#3097 = CARTESIAN_POINT ( 'NONE',  ( 1.054909488602983725, 2.899999999999999911, 4.289999999999999147 ) ) ;
#3098 = AXIS2_PLACEMENT_3D ( 'NONE', #57, #6011, #4794 ) ;
#3099 = SURFACE_STYLE_USAGE ( .BOTH. , #1723 ) ;
#3100 = DIRECTION ( 'NONE',  ( 1.000000000000000000, 8.850629979473508477E-17, -0.0000000000000000000 ) ) ;
#3101 = FACE_OUTER_BOUND ( 'NONE', #4166, .T. ) ;
#3102 = CARTESIAN_POINT ( 'NONE',  ( 2.485912291827595766, 1.700000000000000178, 0.2890877081724212982 ) ) ;
#3103 = EDGE_LOOP ( 'NONE', ( #1212, #8102, #7612, #3389 ) ) ;
#3104 = ADVANCED_FACE ( 'NONE', ( #218 ), #5383, .T. ) ;
#3105 = ORIENTED_EDGE ( 'NONE', *, *, #8155, .T. ) ;
#3106 = SURFACE_STYLE_FILL_AREA ( #951 ) ;
#3107 = DIRECTION ( 'NONE',  ( -1.322197771323786684E-17, 0.0000000000000000000, -1.000000000000000000 ) ) ;
#3108 = AXIS2_PLACEMENT_3D ( 'NONE', #1284, #1952, #41 ) ;
#3109 = FILL_AREA_STYLE_COLOUR ( '', #3595 ) ;
#3110 = DIRECTION ( 'NONE',  ( 0.0000000000000000000, -0.0000000000000000000, 1.000000000000000000 ) ) ;
#3111 = ORIENTED_EDGE ( 'NONE', *, *, #4514, .F. ) ;
#3112 = ADVANCED_FACE ( 'NONE', ( #3628 ), #2707, .F. ) ;
#3113 = UNCERTAINTY_MEASURE_WITH_UNIT (LENGTH_MEASURE( 1.000000000000000082E-05 ), #3280, 'distance_accuracy_value', 'NONE');
#3114 = CARTESIAN_POINT ( 'NONE',  ( -4.150912291827595801, -1.000000000000000444, 8.650000000000000355 ) ) ;
#3115 = CARTESIAN_POINT ( 'NONE',  ( -0.1729538598830813734, -0.2939153961633196310, 0.2999999999999999889 ) ) ;
#3116 = CARTESIAN_POINT ( 'NONE',  ( 0.0000000000000000000, 0.1547713572935706106, 0.3099999999999999978 ) ) ;
#3117 = AXIS2_PLACEMENT_3D ( 'NONE', #5168, #4418, #7754 ) ;
#3118 = CARTESIAN_POINT ( 'NONE',  ( 0.002439024390243987005, 0.2098018450984485972, 0.2999999999999999889 ) ) ;
#3119 = ORIENTED_EDGE ( 'NONE', *, *, #3016, .T. ) ;
#3120 = LINE ( 'NONE', #47, #3000 ) ;
#3121 = EDGE_CURVE ( 'NONE', #2037, #313, #631, .T. ) ;
#3122 = B_SPLINE_CURVE_WITH_KNOTS ( 'NONE', 3,
 ( #4340, #4312, #5748, #7697, #7792 ),
 .UNSPECIFIED., .F., .F.,
 ( 4, 1, 4 ),
 ( 0.0000000000000000000, 0.5000000000000000000, 0.9999772222222218510 ),
 .UNSPECIFIED. ) ;
#3123 = MECHANICAL_DESIGN_GEOMETRIC_PRESENTATION_REPRESENTATION (  '', ( #2675 ), #3562 ) ;
#3124 = CARTESIAN_POINT ( 'NONE',  ( -2.449999999999999289, 0.0000000000000000000, 0.2792893218813555234 ) ) ;
#3125 = CARTESIAN_POINT ( 'NONE',  ( 2.100000000000014300, 1.700000000000000178, 0.2999999999999999889 ) ) ;
#3126 = CARTESIAN_POINT ( 'NONE',  ( 2.899999999999999023, 2.900000000000000799, 5.500000000000000000 ) ) ;
#3127 = DIRECTION ( 'NONE',  ( 1.000000000000000000, 0.0000000000000000000, -1.322197771323786684E-17 ) ) ;
#3128 = DIRECTION ( 'NONE',  ( 0.0000000000000000000, 0.0000000000000000000, -1.000000000000000000 ) ) ;
#3129 = CARTESIAN_POINT ( 'NONE',  ( 2.799999999999999378, 2.900000000000000355, 0.2999999999999999889 ) ) ;
#3130 = ORIENTED_EDGE ( 'NONE', *, *, #4336, .T. ) ;
#3131 = ORIENTED_EDGE ( 'NONE', *, *, #2885, .T. ) ;
#3132 = FILL_AREA_STYLE ('',( #2420 ) ) ;
#3133 = VECTOR ( 'NONE', #2681, 1000.000000000000000 ) ;
#3134 = EDGE_CURVE ( 'NONE', #6698, #1182, #8487, .T. ) ;
#3135 = AXIS2_PLACEMENT_3D ( 'NONE', #4128, #4720, #4789 ) ;
#3137 = VERTEX_POINT ( 'NONE', #792 ) ;
#3136 = CARTESIAN_POINT ( 'NONE',  ( -0.9999999999999991118, 2.999999999999999112, 0.5000000000000000000 ) ) ;
#3138 = CARTESIAN_POINT ( 'NONE',  ( -0.07804878048780500288, -0.3281935817308196945, 0.2999999999999999889 ) ) ;
#3139 =( GEOMETRIC_REPRESENTATION_CONTEXT ( 3 ) GLOBAL_UNCERTAINTY_ASSIGNED_CONTEXT ( ( #4304 ) ) GLOBAL_UNIT_ASSIGNED_CONTEXT ( ( #616, #6453, #5143 ) ) REPRESENTATION_CONTEXT ( 'NONE', 'WORKASPACE' ) );
#3140 = ORIENTED_EDGE ( 'NONE', *, *, #6984, .F. ) ;
#3141 = CARTESIAN_POINT ( 'NONE',  ( -1.449999999999999512, -1.650000000000000355, 7.799999999999999822 ) ) ;
#3142 = DIRECTION ( 'NONE',  ( -1.000000000000000000, -0.0000000000000000000, 0.0000000000000000000 ) ) ;
#3143 = UNCERTAINTY_MEASURE_WITH_UNIT (LENGTH_MEASURE( 1.000000000000000082E-05 ), #5250, 'distance_accuracy_value', 'NONE');
#3144 = CARTESIAN_POINT ( 'NONE',  ( -4.150912291827595801, 0.2999999999999998224, 0.2890877081724139153 ) ) ;
#3145 = FACE_OUTER_BOUND ( 'NONE', #6119, .T. ) ;
#3146 = EDGE_CURVE ( 'NONE', #3253, #6745, #3962, .T. ) ;
#3147 = EDGE_CURVE ( 'NONE', #3654, #5148, #8429, .T. ) ;
#3148 = ORIENTED_EDGE ( 'NONE', *, *, #2622, .F. ) ;
#3149 =( LENGTH_UNIT ( ) NAMED_UNIT ( * ) SI_UNIT ( .MILLI., .METRE. ) );
#3150 = ORIENTED_EDGE ( 'NONE', *, *, #5737, .T. ) ;
#3151 = FILL_AREA_STYLE_COLOUR ( '', #4287 ) ;
#3152 = SURFACE_SIDE_STYLE ('',( #6373 ) ) ;
#3153 = CARTESIAN_POINT ( 'NONE',  ( -2.485912291827597098, 2.299999999999999822, 0.2890877081724209097 ) ) ;
#3154 = CARTESIAN_POINT ( 'NONE',  ( 3.388131789017201356E-17, -0.2354725451454539875, 0.3099999999999999978 ) ) ;
#3155 =( GEOMETRIC_REPRESENTATION_CONTEXT ( 3 ) GLOBAL_UNCERTAINTY_ASSIGNED_CONTEXT ( ( #7700 ) ) GLOBAL_UNIT_ASSIGNED_CONTEXT ( ( #3898, #6414, #2516 ) ) REPRESENTATION_CONTEXT ( 'NONE', 'WORKASPACE' ) );
#3156 = MECHANICAL_DESIGN_GEOMETRIC_PRESENTATION_REPRESENTATION (  '', ( #913 ), #592 ) ;
#3157 = CARTESIAN_POINT ( 'NONE',  ( -0.8749999999999998890, 1.124999999999999778, 7.799999999999999822 ) ) ;
#3158 = FACE_OUTER_BOUND ( 'NONE', #970, .T. ) ;
#3159 = EDGE_LOOP ( 'NONE', ( #7119, #4888, #5099, #6457 ) ) ;
#3160 = ADVANCED_FACE ( 'NONE', ( #6725 ), #7352, .F. ) ;
#3161 =( LENGTH_UNIT ( ) NAMED_UNIT ( * ) SI_UNIT ( .MILLI., .METRE. ) );
#3162 = PRESENTATION_STYLE_ASSIGNMENT (( #351 ) ) ;
#3163 = ADVANCED_FACE ( 'NONE', ( #509 ), #272, .T. ) ;
#3164 = FACE_OUTER_BOUND ( 'NONE', #7249, .T. ) ;
#3165 = AXIS2_PLACEMENT_3D ( 'NONE', #552, #2644, #3961 ) ;
#3166 = STYLED_ITEM ( 'NONE', ( #7243 ), #3376 ) ;
#3167 = ORIENTED_EDGE ( 'NONE', *, *, #5172, .F. ) ;
#3168 = ORIENTED_EDGE ( 'NONE', *, *, #3287, .T. ) ;
#3169 = CARTESIAN_POINT ( 'NONE',  ( -0.07804878048780493349, -0.2724584173994618053, 0.2999999999999999889 ) ) ;
#3170 = VECTOR ( 'NONE', #1557, 1000.000000000000000 ) ;
#3171 = CARTESIAN_POINT ( 'NONE',  ( -0.07886178861788606387, 0.08891769875698525560, 0.2999999999999999889 ) ) ;
#3172 = UNCERTAINTY_MEASURE_WITH_UNIT (LENGTH_MEASURE( 1.000000000000000082E-05 ), #8199, 'distance_accuracy_value', 'NONE');
#3173 = VERTEX_POINT ( 'NONE', #5544 ) ;
#3174 = EDGE_CURVE ( 'NONE', #7632, #2613, #5405, .T. ) ;
#3175 = ORIENTED_EDGE ( 'NONE', *, *, #1510, .T. ) ;
#3176 = DIRECTION ( 'NONE',  ( 1.000000000000000000, 0.0000000000000000000, 0.0000000000000000000 ) ) ;
#3177 = VECTOR ( 'NONE', #5213, 1000.000000000000000 ) ;
#3178 = CARTESIAN_POINT ( 'NONE',  ( -2.449999999999999289, -1.700000000000000178, 0.2792893218813456979 ) ) ;
#3179 = CARTESIAN_POINT ( 'NONE',  ( -0.009349593495934945681, -0.2386547097796003492, 0.3099999999999999978 ) ) ;
#3180 = FACE_OUTER_BOUND ( 'NONE', #547, .T. ) ;
#3181 = ORIENTED_EDGE ( 'NONE', *, *, #4643, .F. ) ;
#3182 = LINE ( 'NONE', #8459, #6475 ) ;
#3183 = VECTOR ( 'NONE', #8018, 1000.000000000000000 ) ;
#3184 = STYLED_ITEM ( 'NONE', ( #4417 ), #8392 ) ;
#3185 = VECTOR ( 'NONE', #80, 1000.000000000000000 ) ;
#3186 = CARTESIAN_POINT ( 'NONE',  ( 0.8750000000000001110, -1.125000000000000666, 10.40000000000000213 ) ) ;
#3187 = FILL_AREA_STYLE ('',( #4492 ) ) ;
#3188 = VECTOR ( 'NONE', #7073, 1000.000000000000000 ) ;
#3189 =( GEOMETRIC_REPRESENTATION_CONTEXT ( 3 ) GLOBAL_UNCERTAINTY_ASSIGNED_CONTEXT ( ( #3303 ) ) GLOBAL_UNIT_ASSIGNED_CONTEXT ( ( #6056, #6108, #4712 ) ) REPRESENTATION_CONTEXT ( 'NONE', 'WORKASPACE' ) );
#3190 = VERTEX_POINT ( 'NONE', #7518 ) ;
#3191 = VECTOR ( 'NONE', #1249, 1000.000000000000000 ) ;
#3192 = DIRECTION ( 'NONE',  ( -0.0000000000000000000, -0.0000000000000000000, -1.000000000000000000 ) ) ;
#3193 =( NAMED_UNIT ( * ) PLANE_ANGLE_UNIT ( ) SI_UNIT ( $, .RADIAN. ) );
#3194 = SURFACE_STYLE_USAGE ( .BOTH. , #3871 ) ;
#3195 = ORIENTED_EDGE ( 'NONE', *, *, #2254, .T. ) ;
#3196 = ADVANCED_FACE ( 'NONE', ( #923 ), #1589, .F. ) ;
#3197 = STYLED_ITEM ( 'NONE', ( #6455 ), #4758 ) ;
#3198 = LINE ( 'NONE', #3124, #2980 ) ;
#3199 = DIRECTION ( 'NONE',  ( 0.0000000000000000000, -1.000000000000000000, 0.0000000000000000000 ) ) ;
#3200 = CARTESIAN_POINT ( 'NONE',  ( -0.1801002760399360858, 0.1943503714882890421, 0.2999999999999999889 ) ) ;
#3201 =( GEOMETRIC_REPRESENTATION_CONTEXT ( 3 ) GLOBAL_UNCERTAINTY_ASSIGNED_CONTEXT ( ( #5835 ) ) GLOBAL_UNIT_ASSIGNED_CONTEXT ( ( #8438, #2540, #7160 ) ) REPRESENTATION_CONTEXT ( 'NONE', 'WORKASPACE' ) );
#3202 = DIRECTION ( 'NONE',  ( 0.0000000000000000000, -0.0000000000000000000, -1.000000000000000000 ) ) ;
#3203 =( NAMED_UNIT ( * ) PLANE_ANGLE_UNIT ( ) SI_UNIT ( $, .RADIAN. ) );
#3204 = DIRECTION ( 'NONE',  ( -0.4813095137127779144, 0.8765507127426052092, 0.0000000000000000000 ) ) ;
#3205 = FACE_OUTER_BOUND ( 'NONE', #364, .T. ) ;
#3206 = EDGE_LOOP ( 'NONE', ( #7666, #5434, #1815 ) ) ;
#3207 = ORIENTED_EDGE ( 'NONE', *, *, #4898, .F. ) ;
#3208 = LINE ( 'NONE', #3605, #999 ) ;
#3209 = FACE_OUTER_BOUND ( 'NONE', #1196, .T. ) ;
#3210 = DIRECTION ( 'NONE',  ( 0.0000000000000000000, -0.0000000000000000000, -1.000000000000000000 ) ) ;
#3211 = DIRECTION ( 'NONE',  ( -0.0000000000000000000, -1.000000000000000000, 0.0000000000000000000 ) ) ;
#3212 = AXIS2_PLACEMENT_3D ( 'NONE', #336, #1608, #8317 ) ;
#3213 = CARTESIAN_POINT ( 'NONE',  ( 2.100000000000014300, 2.299999999999999822, 0.2999999999999999889 ) ) ;
#3214 = DIRECTION ( 'NONE',  ( -1.000000000000000000, -9.260893556647002578E-16, 0.0000000000000000000 ) ) ;
#3215 = PLANE ( 'NONE',  #2649 ) ;
#3216 = AXIS2_PLACEMENT_3D ( 'NONE', #5085, #686, #7192 ) ;
#3217 = ORIENTED_EDGE ( 'NONE', *, *, #4233, .F. ) ;
#3218 = SURFACE_STYLE_USAGE ( .BOTH. , #6500 ) ;
#3219 = B_SPLINE_CURVE_WITH_KNOTS ( 'NONE', 3,
 ( #1522, #3050, #4165, #918, #4381 ),
 .UNSPECIFIED., .F., .F.,
 ( 4, 1, 4 ),
 ( 0.0000000000000000000, 0.5000000000000002220, 0.9999757561276538809 ),
 .UNSPECIFIED. ) ;
#3220 = EDGE_CURVE ( 'NONE', #4751, #7664, #6199, .T. ) ;
#3221 = PRESENTATION_STYLE_ASSIGNMENT (( #1531 ) ) ;
#3222 = ORIENTED_EDGE ( 'NONE', *, *, #7203, .T. ) ;
#3223 =( NAMED_UNIT ( * ) PLANE_ANGLE_UNIT ( ) SI_UNIT ( $, .RADIAN. ) );
#3224 = CARTESIAN_POINT ( 'NONE',  ( -0.8749999999999998890, 1.124999999999999778, 10.40000000000000213 ) ) ;
#3225 = EDGE_CURVE ( 'NONE', #1182, #7253, #8380, .T. ) ;
#3226 = LINE ( 'NONE', #4929, #620 ) ;
#3227 = FILL_AREA_STYLE_COLOUR ( '', #957 ) ;
#3228 = CARTESIAN_POINT ( 'NONE',  ( -0.1000000000000001582, -0.3476676670966734606, 0.2999999999999999889 ) ) ;
#3229 = ORIENTED_EDGE ( 'NONE', *, *, #7424, .F. ) ;
#3230 = LINE ( 'NONE', #5086, #8281 ) ;
#3231 = ORIENTED_EDGE ( 'NONE', *, *, #4159, .F. ) ;
#3232 = DIRECTION ( 'NONE',  ( 1.000000000000000000, 0.0000000000000000000, 0.0000000000000000000 ) ) ;
#3233 = FILL_AREA_STYLE ('',( #3790 ) ) ;
#3234 = CARTESIAN_POINT ( 'NONE',  ( 0.0000000000000000000, 2.900000000000000355, 5.399999999999999467 ) ) ;
#3235 =( GEOMETRIC_REPRESENTATION_CONTEXT ( 3 ) GLOBAL_UNCERTAINTY_ASSIGNED_CONTEXT ( ( #559 ) ) GLOBAL_UNIT_ASSIGNED_CONTEXT ( ( #4067, #2693, #3444 ) ) REPRESENTATION_CONTEXT ( 'NONE', 'WORKASPACE' ) );
#3236 = DIRECTION ( 'NONE',  ( -0.0000000000000000000, 0.0000000000000000000, -1.000000000000000000 ) ) ;
#3237 = EDGE_CURVE ( 'NONE', #2772, #1064, #3226, .T. ) ;
#3238 = VERTEX_POINT ( 'NONE', #4212 ) ;
#3239 = VECTOR ( 'NONE', #7642, 1000.000000000000000 ) ;
#3240 = ORIENTED_EDGE ( 'NONE', *, *, #4771, .T. ) ;
#3241 = CARTESIAN_POINT ( 'NONE',  ( -0.1735407591033820973, -0.2949645689822661954, 0.3099999999999999978 ) ) ;
#3242 = CARTESIAN_POINT ( 'NONE',  ( -2.449999999999999289, 0.0000000000000000000, 0.3499999999999999778 ) ) ;
#3243 = UNCERTAINTY_MEASURE_WITH_UNIT (LENGTH_MEASURE( 1.000000000000000082E-05 ), #5404, 'distance_accuracy_value', 'NONE');
#3244 = COLOUR_RGB ( '',0.7764705882352941346, 0.7568627450980391913, 0.7372549019607843590 ) ;
#3245 = CARTESIAN_POINT ( 'NONE',  ( 2.485912291827595322, -0.2999999999999999334, 0.2890877081724139153 ) ) ;
#3246 = DIRECTION ( 'NONE',  ( 0.0000000000000000000, 1.000000000000000000, 0.0000000000000000000 ) ) ;
#3247 = DIRECTION ( 'NONE',  ( 0.0000000000000000000, 1.000000000000000000, 0.0000000000000000000 ) ) ;
#3248 = ADVANCED_FACE ( 'NONE', ( #5076 ), #2159, .F. ) ;
#3249 =( NAMED_UNIT ( * ) PLANE_ANGLE_UNIT ( ) SI_UNIT ( $, .RADIAN. ) );
#3250 = CARTESIAN_POINT ( 'NONE',  ( 0.8750000000000001110, -1.125000000000000666, 10.50000000000000000 ) ) ;
#3251 = EDGE_LOOP ( 'NONE', ( #1595, #4133, #3080, #3506 ) ) ;
#3252 = FACE_OUTER_BOUND ( 'NONE', #3976, .T. ) ;
#3253 = VERTEX_POINT ( 'NONE', #4900 ) ;
#3254 = LINE ( 'NONE', #8081, #7669 ) ;
#3255 = AXIS2_PLACEMENT_3D ( 'NONE', #5654, #2336, #3726 ) ;
#3256 = CARTESIAN_POINT ( 'NONE',  ( -2.449999999999999289, -0.2999999999999999334, 0.3499999999999999778 ) ) ;
#3257 =( GEOMETRIC_REPRESENTATION_CONTEXT ( 3 ) GLOBAL_UNCERTAINTY_ASSIGNED_CONTEXT ( ( #4191 ) ) GLOBAL_UNIT_ASSIGNED_CONTEXT ( ( #6234, #6208, #5645 ) ) REPRESENTATION_CONTEXT ( 'NONE', 'WORKASPACE' ) );
#3258 =( LENGTH_UNIT ( ) NAMED_UNIT ( * ) SI_UNIT ( .MILLI., .METRE. ) );
#3259 = ORIENTED_EDGE ( 'NONE', *, *, #3347, .T. ) ;
#3260 = ORIENTED_EDGE ( 'NONE', *, *, #3439, .F. ) ;
#3261 = DIRECTION ( 'NONE',  ( 0.0000000000000000000, 1.000000000000000000, -0.0000000000000000000 ) ) ;
#3262 = EDGE_CURVE ( 'NONE', #6328, #4095, #329, .T. ) ;
#3263 = CARTESIAN_POINT ( 'NONE',  ( 2.485912291827595322, -0.2999999999999999334, 0.2890877081724139708 ) ) ;
#3264 = CARTESIAN_POINT ( 'NONE',  ( 0.0000000000000000000, 0.0000000000000000000, 5.500000000000000000 ) ) ;
#3265 = VERTEX_POINT ( 'NONE', #8245 ) ;
#3266 = STYLED_ITEM ( 'NONE', ( #2286 ), #5579 ) ;
#3267 = SURFACE_SIDE_STYLE ('',( #775 ) ) ;
#3268 = ORIENTED_EDGE ( 'NONE', *, *, #7719, .F. ) ;
#3269 = STYLED_ITEM ( 'NONE', ( #865 ), #2165 ) ;
#3270 = CYLINDRICAL_SURFACE ( 'NONE', #698, 0.09999999999999982514 ) ;
#3271 = SURFACE_SIDE_STYLE ('',( #4125 ) ) ;
#3272 = CIRCLE ( 'NONE', #7944, 0.09999999999999982514 ) ;
#3273 = PLANE ( 'NONE',  #7737 ) ;
#3274 = DIRECTION ( 'NONE',  ( -0.0000000000000000000, 0.0000000000000000000, 1.000000000000000000 ) ) ;
#3275 = UNCERTAINTY_MEASURE_WITH_UNIT (LENGTH_MEASURE( 1.000000000000000082E-05 ), #7288, 'distance_accuracy_value', 'NONE');
#3276 = CARTESIAN_POINT ( 'NONE',  ( 4.150912291827595801, -1.700000000000000178, 0.2890877081724074205 ) ) ;
#3277 = VERTEX_POINT ( 'NONE', #7024 ) ;
#3278 = CIRCLE ( 'NONE', #7337, 0.07071067811865430763 ) ;
#3279 = LINE ( 'NONE', #1844, #5454 ) ;
#3280 =( LENGTH_UNIT ( ) NAMED_UNIT ( * ) SI_UNIT ( .MILLI., .METRE. ) );
#3281 = PLANE ( 'NONE',  #5456 ) ;
#3282 =( LENGTH_UNIT ( ) NAMED_UNIT ( * ) SI_UNIT ( .MILLI., .METRE. ) );
#3283 = ORIENTED_EDGE ( 'NONE', *, *, #5312, .T. ) ;
#3284 = LINE ( 'NONE', #2683, #1075 ) ;
#3285 = ADVANCED_FACE ( 'NONE', ( #3326 ), #350, .F. ) ;
#3286 = AXIS2_PLACEMENT_3D ( 'NONE', #5372, #2694, #727 ) ;
#3287 = EDGE_CURVE ( 'NONE', #601, #7974, #726, .T. ) ;
#3288 = ADVANCED_FACE ( 'NONE', ( #8061 ), #3054, .F. ) ;
#3289 = ORIENTED_EDGE ( 'NONE', *, *, #7749, .T. ) ;
#3290 = LINE ( 'NONE', #304, #2120 ) ;
#3291 = CARTESIAN_POINT ( 'NONE',  ( 0.002439024390243986571, 0.2098018450984485972, 0.3099999999999999978 ) ) ;
#3292 = FILL_AREA_STYLE ('',( #2751 ) ) ;
#3293 = VERTEX_POINT ( 'NONE', #7657 ) ;
#3294 = CARTESIAN_POINT ( 'NONE',  ( 2.799999999999999378, 3.000000000000000000, 4.290000000000000036 ) ) ;
#3295 = SURFACE_STYLE_FILL_AREA ( #6042 ) ;
#3296 = FILL_AREA_STYLE_COLOUR ( '', #7847 ) ;
#3297 = COLOUR_RGB ( '',0.4313725490196078649, 0.3529411764705882026, 0.3725490196078431460 ) ;
#3298 =( GEOMETRIC_REPRESENTATION_CONTEXT ( 3 ) GLOBAL_UNCERTAINTY_ASSIGNED_CONTEXT ( ( #5323 ) ) GLOBAL_UNIT_ASSIGNED_CONTEXT ( ( #5269, #3331, #3395 ) ) REPRESENTATION_CONTEXT ( 'NONE', 'WORKASPACE' ) );
#3299 = SURFACE_SIDE_STYLE ('',( #5 ) ) ;
#3300 = FILL_AREA_STYLE_COLOUR ( '', #2798 ) ;
#3301 = ORIENTED_EDGE ( 'NONE', *, *, #1600, .T. ) ;
#3302 = CARTESIAN_POINT ( 'NONE',  ( -2.800000000000000711, 3.000000000000000000, 4.290000000000000036 ) ) ;
#3303 = UNCERTAINTY_MEASURE_WITH_UNIT (LENGTH_MEASURE( 1.000000000000000082E-05 ), #6056, 'distance_accuracy_value', 'NONE');
#3304 = EDGE_CURVE ( 'NONE', #7983, #7889, #8167, .T. ) ;
#3305 = DIRECTION ( 'NONE',  ( 0.0000000000000000000, -1.000000000000000000, 0.0000000000000000000 ) ) ;
#3306 = AXIS2_PLACEMENT_3D ( 'NONE', #7361, #149, #3526 ) ;
#3307 = SURFACE_STYLE_USAGE ( .BOTH. , #7280 ) ;
#3308 = MECHANICAL_DESIGN_GEOMETRIC_PRESENTATION_REPRESENTATION (  '', ( #1475 ), #5952 ) ;
#3309 = FACE_OUTER_BOUND ( 'NONE', #5879, .T. ) ;
#3310 = ORIENTED_EDGE ( 'NONE', *, *, #2255, .T. ) ;
#3311 = CARTESIAN_POINT ( 'NONE',  ( -0.05609756097560978511, -0.2545655329503319630, 0.2999999999999999889 ) ) ;
#3312 = VERTEX_POINT ( 'NONE', #6333 ) ;
#3313 = SURFACE_STYLE_FILL_AREA ( #1627 ) ;
#3314 = DIRECTION ( 'NONE',  ( -1.322197771323786684E-17, -0.0000000000000000000, -1.000000000000000000 ) ) ;
#3315 = CARTESIAN_POINT ( 'NONE',  ( 0.9750000000000001998, -1.125000000000000444, 10.40000000000000213 ) ) ;
#3316 = CARTESIAN_POINT ( 'NONE',  ( -0.1937265489505299310, -0.1188195810681174219, 0.3099999999999999978 ) ) ;
#3317 = FILL_AREA_STYLE ('',( #1974 ) ) ;
#3318 = LINE ( 'NONE', #3756, #7951 ) ;
#3319 = ORIENTED_EDGE ( 'NONE', *, *, #3406, .F. ) ;
#3320 = AXIS2_PLACEMENT_3D ( 'NONE', #372, #3107, #5008 ) ;
#3321 = ORIENTED_EDGE ( 'NONE', *, *, #7289, .T. ) ;
#3322 = SURFACE_SIDE_STYLE ('',( #7042 ) ) ;
#3323 = FILL_AREA_STYLE ('',( #1891 ) ) ;
#3324 = VECTOR ( 'NONE', #275, 1000.000000000000000 ) ;
#3325 = VERTEX_POINT ( 'NONE', #8329 ) ;
#3326 = FACE_OUTER_BOUND ( 'NONE', #1757, .T. ) ;
#3327 = DIRECTION ( 'NONE',  ( -1.000000000000000000, 2.891205793294678326E-16, 0.0000000000000000000 ) ) ;
#3328 = CARTESIAN_POINT ( 'NONE',  ( -0.02195121951219510328, 0.3836328125781235387, 0.2999999999999999889 ) ) ;
#3329 = MECHANICAL_DESIGN_GEOMETRIC_PRESENTATION_REPRESENTATION (  '', ( #3166 ), #4210 ) ;
#3330 = ADVANCED_FACE ( 'NONE', ( #4870 ), #2958, .F. ) ;
#3331 =( NAMED_UNIT ( * ) PLANE_ANGLE_UNIT ( ) SI_UNIT ( $, .RADIAN. ) );
#3332 = LINE ( 'NONE', #3974, #6303 ) ;
#3333 = CARTESIAN_POINT ( 'NONE',  ( -0.2000000000000000111, -0.08703504514545377935, 0.2999999999999999889 ) ) ;
#3334 = ADVANCED_FACE ( 'NONE', ( #2046 ), #485, .F. ) ;
#3335 = B_SPLINE_CURVE_WITH_KNOTS ( 'NONE', 3,
 ( #1465, #6187, #2954, #2215, #2832 ),
 .UNSPECIFIED., .F., .F.,
 ( 4, 1, 4 ),
 ( 0.0000000000000000000, 0.5000000000000003331, 0.9999910869565217242 ),
 .UNSPECIFIED. ) ;
#3336 = PLANE ( 'NONE',  #5641 ) ;
#3337 = PLANE ( 'NONE',  #6298 ) ;
#3338 = ORIENTED_EDGE ( 'NONE', *, *, #8077, .T. ) ;
#3339 = LINE ( 'NONE', #6432, #1523 ) ;
#3340 = DIRECTION ( 'NONE',  ( -2.168404344971008868E-16, 1.000000000000000000, 0.0000000000000000000 ) ) ;
#3341 = ORIENTED_EDGE ( 'NONE', *, *, #1360, .F. ) ;
#3342 = EDGE_CURVE ( 'NONE', #8258, #4982, #1296, .T. ) ;
#3343 = CARTESIAN_POINT ( 'NONE',  ( 0.0000000000000000000, 0.0000000000000000000, 0.3099999999999999978 ) ) ;
#3344 = EDGE_CURVE ( 'NONE', #1919, #6347, #7734, .T. ) ;
#3345 = CARTESIAN_POINT ( 'NONE',  ( 2.449999999999999289, 0.0000000000000000000, 0.3499999999999999778 ) ) ;
#3346 =( NAMED_UNIT ( * ) SI_UNIT ( $, .STERADIAN. ) SOLID_ANGLE_UNIT ( ) );
#3347 = EDGE_CURVE ( 'NONE', #7039, #6336, #503, .T. ) ;
#3348 = DIRECTION ( 'NONE',  ( 1.000000000000000000, 0.0000000000000000000, -1.322197771323786684E-17 ) ) ;
#3349 = EDGE_LOOP ( 'NONE', ( #4683, #3979, #7230, #5553 ) ) ;
#3350 = FILL_AREA_STYLE ('',( #5350 ) ) ;
#3351 = LINE ( 'NONE', #2745, #6020 ) ;
#3352 = ORIENTED_EDGE ( 'NONE', *, *, #3496, .T. ) ;
#3353 = PLANE ( 'NONE',  #434 ) ;
#3354 = PRESENTATION_STYLE_ASSIGNMENT (( #4062 ) ) ;
#3355 = EDGE_CURVE ( 'NONE', #4658, #3538, #476, .T. ) ;
#3356 = CARTESIAN_POINT ( 'NONE',  ( -0.1641935704285157338, -0.2974633675790516740, 0.3099999999999999978 ) ) ;
#3357 = VERTEX_POINT ( 'NONE', #1226 ) ;
#3358 = FILL_AREA_STYLE_COLOUR ( '', #5302 ) ;
#3359 = EDGE_LOOP ( 'NONE', ( #1816, #701, #4868, #356 ) ) ;
#3360 = CARTESIAN_POINT ( 'NONE',  ( 1.449999999999999956, 1.649999999999999689, 7.799999999999999822 ) ) ;
#3361 = DIRECTION ( 'NONE',  ( 0.0000000000000000000, 0.0000000000000000000, -1.000000000000000000 ) ) ;
#3362 = CARTESIAN_POINT ( 'NONE',  ( -4.150912291827595801, -2.299999999999999822, 7.799999999999999822 ) ) ;
#3363 = PRESENTATION_STYLE_ASSIGNMENT (( #1922 ) ) ;
#3364 = FACE_OUTER_BOUND ( 'NONE', #7789, .T. ) ;
#3365 = EDGE_LOOP ( 'NONE', ( #4829, #7779, #4178, #1433 ) ) ;
#3366 = DIRECTION ( 'NONE',  ( 0.0000000000000000000, 0.0000000000000000000, -1.000000000000000000 ) ) ;
#3367 = VERTEX_POINT ( 'NONE', #1734 ) ;
#3368 =( GEOMETRIC_REPRESENTATION_CONTEXT ( 3 ) GLOBAL_UNCERTAINTY_ASSIGNED_CONTEXT ( ( #2306 ) ) GLOBAL_UNIT_ASSIGNED_CONTEXT ( ( #8343, #7149, #8433 ) ) REPRESENTATION_CONTEXT ( 'NONE', 'WORKASPACE' ) );
#3369 = DIRECTION ( 'NONE',  ( 1.000000000000000000, 8.850629979473508477E-17, -0.0000000000000000000 ) ) ;
#3370 =( GEOMETRIC_REPRESENTATION_CONTEXT ( 3 ) GLOBAL_UNCERTAINTY_ASSIGNED_CONTEXT ( ( #3025 ) ) GLOBAL_UNIT_ASSIGNED_CONTEXT ( ( #4325, #428, #6993 ) ) REPRESENTATION_CONTEXT ( 'NONE', 'WORKASPACE' ) );
#3371 = DIRECTION ( 'NONE',  ( -1.000000000000000000, 0.0000000000000000000, 0.0000000000000000000 ) ) ;
#3372 = FACE_OUTER_BOUND ( 'NONE', #6227, .T. ) ;
#3373 = FILL_AREA_STYLE ('',( #1278 ) ) ;
#3374 = VECTOR ( 'NONE', #3470, 1000.000000000000000 ) ;
#3375 = SURFACE_STYLE_FILL_AREA ( #3373 ) ;
#3376 = ADVANCED_FACE ( 'NONE', ( #2150 ), #1167, .F. ) ;
#3377 = FACE_OUTER_BOUND ( 'NONE', #4636, .T. ) ;
#3378 = VERTEX_POINT ( 'NONE', #5822 ) ;
#3379 = VERTEX_POINT ( 'NONE', #6485 ) ;
#3380 = DIRECTION ( 'NONE',  ( 0.0000000000000000000, 1.000000000000000000, 0.0000000000000000000 ) ) ;
#3381 = EDGE_CURVE ( 'NONE', #5617, #3693, #1502, .T. ) ;
#3382 = COLOUR_RGB ( '',0.4313725490196078649, 0.3529411764705882026, 0.3725490196078431460 ) ;
#3383 = PLANE ( 'NONE',  #3585 ) ;
#3384 = VECTOR ( 'NONE', #7801, 1000.000000000000000 ) ;
#3385 = AXIS2_PLACEMENT_3D ( 'NONE', #7910, #4631, #7937 ) ;
#3386 = UNCERTAINTY_MEASURE_WITH_UNIT (LENGTH_MEASURE( 1.000000000000000082E-05 ), #285, 'distance_accuracy_value', 'NONE');
#3387 = PRESENTATION_LAYER_ASSIGNMENT (  '', '', ( #7347 ) ) ;
#3388 = VERTEX_POINT ( 'NONE', #3144 ) ;
#3389 = ORIENTED_EDGE ( 'NONE', *, *, #1469, .T. ) ;
#3390 = LINE ( 'NONE', #8465, #8227 ) ;
#3391 = PRESENTATION_STYLE_ASSIGNMENT (( #8074 ) ) ;
#3392 =( LENGTH_UNIT ( ) NAMED_UNIT ( * ) SI_UNIT ( .MILLI., .METRE. ) );
#3393 = CARTESIAN_POINT ( 'NONE',  ( 4.519906605862593068E-14, 0.008429893878912603222, 0.2999999999999999889 ) ) ;
#3394 = EDGE_CURVE ( 'NONE', #2252, #4275, #3842, .T. ) ;
#3395 =( NAMED_UNIT ( * ) SI_UNIT ( $, .STERADIAN. ) SOLID_ANGLE_UNIT ( ) );
#3396 = ORIENTED_EDGE ( 'NONE', *, *, #2192, .T. ) ;
#3397 = AXIS2_PLACEMENT_3D ( 'NONE', #1440, #4140, #1493 ) ;
#3398 = ORIENTED_EDGE ( 'NONE', *, *, #4605, .F. ) ;
#3399 = FACE_OUTER_BOUND ( 'NONE', #4711, .T. ) ;
#3400 = SURFACE_SIDE_STYLE ('',( #7004 ) ) ;
#3401 = PLANE ( 'NONE',  #869 ) ;
#3402 = CYLINDRICAL_SURFACE ( 'NONE', #3433, 0.07071067811864921449 ) ;
#3403 = EDGE_LOOP ( 'NONE', ( #3002, #6954, #4730, #5951 ) ) ;
#3404 = VECTOR ( 'NONE', #2637, 1000.000000000000000 ) ;
#3405 =( GEOMETRIC_REPRESENTATION_CONTEXT ( 3 ) GLOBAL_UNCERTAINTY_ASSIGNED_CONTEXT ( ( #3386 ) ) GLOBAL_UNIT_ASSIGNED_CONTEXT ( ( #285, #7474, #4885 ) ) REPRESENTATION_CONTEXT ( 'NONE', 'WORKASPACE' ) );
#3406 = EDGE_CURVE ( 'NONE', #3293, #2037, #8367, .T. ) ;
#3407 = CARTESIAN_POINT ( 'NONE',  ( -0.1999999999999999278, -0.03059449636496596597, 0.2999999999999999889 ) ) ;
#3408 = SURFACE_STYLE_FILL_AREA ( #7431 ) ;
#3409 = FILL_AREA_STYLE_COLOUR ( '', #5010 ) ;
#3410 = ORIENTED_EDGE ( 'NONE', *, *, #8113, .F. ) ;
#3411 = LINE ( 'NONE', #3294, #8037 ) ;
#3412 = UNCERTAINTY_MEASURE_WITH_UNIT (LENGTH_MEASURE( 1.000000000000000082E-05 ), #4295, 'distance_accuracy_value', 'NONE');
#3413 = ADVANCED_BREP_SHAPE_REPRESENTATION ( 'SW-SMD_TK-6580S-2', ( #8374, #2100, #2657, #2389 ), #8321 ) ;
#3414 = CARTESIAN_POINT ( 'NONE',  ( -2.900000000000000799, 3.000000000000000000, 5.399999999999999467 ) ) ;
#3415 = ORIENTED_EDGE ( 'NONE', *, *, #2764, .T. ) ;
#3416 = ADVANCED_FACE ( 'NONE', ( #7339 ), #2359, .T. ) ;
#3417 = CARTESIAN_POINT ( 'NONE',  ( 0.002439024390243986571, 0.2098018450984485694, 0.2999999999999999889 ) ) ;
#3418 = VERTEX_POINT ( 'NONE', #611 ) ;
#3419 = VECTOR ( 'NONE', #5568, 1000.000000000000000 ) ;
#3420 = AXIS2_PLACEMENT_3D ( 'NONE', #7970, #7362, #5392 ) ;
#3421 = AXIS2_PLACEMENT_3D ( 'NONE', #5904, #6578, #4644 ) ;
#3422 = VERTEX_POINT ( 'NONE', #4001 ) ;
#3423 = CARTESIAN_POINT ( 'NONE',  ( -0.1174601399697661752, 0.2744038816129177327, 0.3099999999999999978 ) ) ;
#3424 = EDGE_CURVE ( 'NONE', #8154, #7889, #5993, .T. ) ;
#3425 = CARTESIAN_POINT ( 'NONE',  ( 0.0000000000000000000, 0.08891769875698520009, 0.3099999999999999978 ) ) ;
#3426 = DIRECTION ( 'NONE',  ( -1.000000000000000000, 0.0000000000000000000, 0.0000000000000000000 ) ) ;
#3427 = FILL_AREA_STYLE_COLOUR ( '', #2330 ) ;
#3428 =( GEOMETRIC_REPRESENTATION_CONTEXT ( 3 ) GLOBAL_UNCERTAINTY_ASSIGNED_CONTEXT ( ( #2889 ) ) GLOBAL_UNIT_ASSIGNED_CONTEXT ( ( #6509, #3223, #1882 ) ) REPRESENTATION_CONTEXT ( 'NONE', 'WORKASPACE' ) );
#3429 =( NAMED_UNIT ( * ) SI_UNIT ( $, .STERADIAN. ) SOLID_ANGLE_UNIT ( ) );
#3430 = CARTESIAN_POINT ( 'NONE',  ( 4.475347096579661155E-14, -0.03059449636494268945, 0.2999999999999999889 ) ) ;
#3431 = SURFACE_STYLE_FILL_AREA ( #413 ) ;
#3432 = ORIENTED_EDGE ( 'NONE', *, *, #2560, .F. ) ;
#3433 = AXIS2_PLACEMENT_3D ( 'NONE', #3345, #669, #4669 ) ;
#3434 = CARTESIAN_POINT ( 'NONE',  ( 2.400000000000014122, 2.299999999999999822, 0.2999999999999999889 ) ) ;
#3435 = CARTESIAN_POINT ( 'NONE',  ( -0.003803643838042890073, -0.1107277380426487101, 0.2999999999999999889 ) ) ;
#3436 = DIRECTION ( 'NONE',  ( -2.168404344971008868E-16, 1.000000000000000000, -0.0000000000000000000 ) ) ;
#3437 = EDGE_LOOP ( 'NONE', ( #1310, #5403, #3809, #199 ) ) ;
#3438 = ORIENTED_EDGE ( 'NONE', *, *, #2501, .F. ) ;
#3439 = EDGE_CURVE ( 'NONE', #1735, #6304, #6294, .T. ) ;
#3440 = CARTESIAN_POINT ( 'NONE',  ( -4.150912291827595801, -0.2999999999999999334, 0.2890877081724139153 ) ) ;
#3441 = COLOUR_RGB ( '',0.7764705882352941346, 0.7568627450980391913, 0.7372549019607843590 ) ;
#3442 = CARTESIAN_POINT ( 'NONE',  ( 4.535912291827592924, -2.299999999999999822, 0.2890877081724074205 ) ) ;
#3443 = EDGE_LOOP ( 'NONE', ( #482, #7942, #1452, #5997 ) ) ;
#3444 =( NAMED_UNIT ( * ) SI_UNIT ( $, .STERADIAN. ) SOLID_ANGLE_UNIT ( ) );
#3445 = EDGE_CURVE ( 'NONE', #6220, #2358, #1106, .T. ) ;
#3446 = COLOUR_RGB ( '',0.7764705882352941346, 0.7568627450980391913, 0.7372549019607843590 ) ;
#3447 = EDGE_LOOP ( 'NONE', ( #8202, #518, #1292 ) ) ;
#3448 = ADVANCED_FACE ( 'NONE', ( #6711 ), #5890, .T. ) ;
#3449 = UNCERTAINTY_MEASURE_WITH_UNIT (LENGTH_MEASURE( 1.000000000000000082E-05 ), #4332, 'distance_accuracy_value', 'NONE');
#3450 = VECTOR ( 'NONE', #7530, 1000.000000000000000 ) ;
#3451 = ADVANCED_FACE ( 'NONE', ( #7328 ), #6191, .T. ) ;
#3452 = CARTESIAN_POINT ( 'NONE',  ( 0.8749999999999998890, 1.224999999999999645, 7.799999999999999822 ) ) ;
#3453 = VERTEX_POINT ( 'NONE', #8488 ) ;
#3454 = LINE ( 'NONE', #1669, #5932 ) ;
#3455 = DIRECTION ( 'NONE',  ( 0.0000000000000000000, -1.000000000000000000, -2.168404344971022279E-15 ) ) ;
#3456 = PRESENTATION_LAYER_ASSIGNMENT (  '', '', ( #4075 ) ) ;
#3457 = ORIENTED_EDGE ( 'NONE', *, *, #6855, .T. ) ;
#3458 = SURFACE_STYLE_FILL_AREA ( #7025 ) ;
#3459 =( GEOMETRIC_REPRESENTATION_CONTEXT ( 3 ) GLOBAL_UNCERTAINTY_ASSIGNED_CONTEXT ( ( #632 ) ) GLOBAL_UNIT_ASSIGNED_CONTEXT ( ( #3938, #8536, #593 ) ) REPRESENTATION_CONTEXT ( 'NONE', 'WORKASPACE' ) );
#3460 = AXIS2_PLACEMENT_3D ( 'NONE', #4051, #6050, #648 ) ;
#3461 = LINE ( 'NONE', #3640, #7182 ) ;
#3462 = CARTESIAN_POINT ( 'NONE',  ( -2.900000000000000799, 2.900000000000000355, 5.500000000000000000 ) ) ;
#3463 = SURFACE_STYLE_FILL_AREA ( #7345 ) ;
#3464 = ORIENTED_EDGE ( 'NONE', *, *, #2905, .F. ) ;
#3465 = CARTESIAN_POINT ( 'NONE',  ( -0.1780487804878047586, -0.05742376465764893745, 0.2999999999999999889 ) ) ;
#3466 = CARTESIAN_POINT ( 'NONE',  ( -0.09786585365853650575, 0.2767225768057657298, 0.3099999999999999978 ) ) ;
#3467 = ORIENTED_EDGE ( 'NONE', *, *, #8207, .F. ) ;
#3468 = SURFACE_STYLE_FILL_AREA ( #4987 ) ;
#3469 = CARTESIAN_POINT ( 'NONE',  ( -4.535912291827592924, -1.700000000000000178, 0.2890877081724074205 ) ) ;
#3470 = DIRECTION ( 'NONE',  ( -0.0000000000000000000, -1.000000000000000000, -0.0000000000000000000 ) ) ;
#3471 = PRESENTATION_LAYER_ASSIGNMENT (  '', '', ( #202 ) ) ;
#3472 = ORIENTED_EDGE ( 'NONE', *, *, #1971, .T. ) ;
#3473 = DIRECTION ( 'NONE',  ( 0.0000000000000000000, 0.0000000000000000000, -1.000000000000000000 ) ) ;
#3474 = STYLED_ITEM ( 'NONE', ( #3162 ), #1947 ) ;
#3475 = ORIENTED_EDGE ( 'NONE', *, *, #6517, .T. ) ;
#3476 = VECTOR ( 'NONE', #1117, 1000.000000000000000 ) ;
#3477 = SURFACE_STYLE_USAGE ( .BOTH. , #6990 ) ;
#3478 = CARTESIAN_POINT ( 'NONE',  ( -0.1174601399697661752, 0.2744038816129177327, 0.2999999999999999889 ) ) ;
#3479 = EDGE_LOOP ( 'NONE', ( #3869, #4612, #960, #8164 ) ) ;
#3480 = COLOUR_RGB ( '',0.7764705882352941346, 0.7568627450980391913, 0.7372549019607843590 ) ;
#3481 = AXIS2_PLACEMENT_3D ( 'NONE', #4966, #4993, #6881 ) ;
#3482 = MECHANICAL_DESIGN_GEOMETRIC_PRESENTATION_REPRESENTATION (  '', ( #921 ), #4657 ) ;
#3483 = CARTESIAN_POINT ( 'NONE',  ( 2.899999999999999023, 2.900000000000000355, 0.2999999999999999889 ) ) ;
#3484 = CARTESIAN_POINT ( 'NONE',  ( -2.449999999999999289, -1.700000000000000178, 0.3499999999999999778 ) ) ;
#3485 = LINE ( 'NONE', #5087, #3590 ) ;
#3486 = EDGE_LOOP ( 'NONE', ( #4652, #2339, #1949, #421 ) ) ;
#3487 = LINE ( 'NONE', #1432, #5158 ) ;
#3488 = CARTESIAN_POINT ( 'NONE',  ( -0.1804878048780486632, 0.2016082475374730842, 0.3099999999999999978 ) ) ;
#3489 = EDGE_CURVE ( 'NONE', #3949, #5679, #815, .T. ) ;
#3490 = DIRECTION ( 'NONE',  ( -1.000000000000000000, 0.0000000000000000000, 0.0000000000000000000 ) ) ;
#3491 = ADVANCED_FACE ( 'NONE', ( #3209 ), #4049, .T. ) ;
#3492 =( NAMED_UNIT ( * ) PLANE_ANGLE_UNIT ( ) SI_UNIT ( $, .RADIAN. ) );
#3493 = PRESENTATION_STYLE_ASSIGNMENT (( #7372 ) ) ;
#3494 = LINE ( 'NONE', #4524, #1693 ) ;
#3495 = EDGE_CURVE ( 'NONE', #7935, #1005, #7743, .T. ) ;
#3496 = EDGE_CURVE ( 'NONE', #1053, #1491, #1818, .T. ) ;
#3497 = VECTOR ( 'NONE', #2667, 1000.000000000000000 ) ;
#3498 = VERTEX_POINT ( 'NONE', #7905 ) ;
#3499 = EDGE_CURVE ( 'NONE', #904, #1276, #2246, .T. ) ;
#3500 = CARTESIAN_POINT ( 'NONE',  ( -0.02325137837876034563, 0.2242344305931936732, 0.2999999999999999889 ) ) ;
#3501 = CARTESIAN_POINT ( 'NONE',  ( -0.05609756097560986143, -0.3234168046082049330, 0.2999999999999999889 ) ) ;
#3502 = CARTESIAN_POINT ( 'NONE',  ( 0.0000000000000000000, 0.3206250158301560127, 0.3099999999999999978 ) ) ;
#3503 = COLOUR_RGB ( '',0.4313725490196078649, 0.3529411764705882026, 0.3725490196078431460 ) ;
#3504 = VERTEX_POINT ( 'NONE', #7816 ) ;
#3505 = MECHANICAL_DESIGN_GEOMETRIC_PRESENTATION_REPRESENTATION (  '', ( #6916 ), #3235 ) ;
#3506 = ORIENTED_EDGE ( 'NONE', *, *, #3966, .T. ) ;
#3507 = SURFACE_STYLE_FILL_AREA ( #4447 ) ;
#3508 = EDGE_CURVE ( 'NONE', #3009, #5326, #4753, .T. ) ;
#3509 = LINE ( 'NONE', #3469, #6186 ) ;
#3510 = FILL_AREA_STYLE_COLOUR ( '', #4649 ) ;
#3511 = CARTESIAN_POINT ( 'NONE',  ( -0.1019435975609755685, -0.1647408378283807540, 0.2999999999999999889 ) ) ;
#3512 = ORIENTED_EDGE ( 'NONE', *, *, #1828, .T. ) ;
#3513 = CARTESIAN_POINT ( 'NONE',  ( 4.150912291827595801, -2.299999999999999822, 0.2890877081724074205 ) ) ;
#3514 = ORIENTED_EDGE ( 'NONE', *, *, #7340, .F. ) ;
#3515 = PRESENTATION_STYLE_ASSIGNMENT (( #8306 ) ) ;
#3516 = EDGE_CURVE ( 'NONE', #2817, #6856, #3836, .T. ) ;
#3517 =( LENGTH_UNIT ( ) NAMED_UNIT ( * ) SI_UNIT ( .MILLI., .METRE. ) );
#3518 = EDGE_CURVE ( 'NONE', #635, #1053, #662, .T. ) ;
#3519 = SURFACE_STYLE_USAGE ( .BOTH. , #4814 ) ;
#3520 = FILL_AREA_STYLE_COLOUR ( '', #1787 ) ;
#3521 = SURFACE_STYLE_FILL_AREA ( #7544 ) ;
#3522 = VERTEX_POINT ( 'NONE', #3945 ) ;
#3523 = MECHANICAL_DESIGN_GEOMETRIC_PRESENTATION_REPRESENTATION (  '', ( #2634 ), #855 ) ;
#3524 = CARTESIAN_POINT ( 'NONE',  ( -0.1085362520325202224, 0.01818599143991210879, 0.2999999999999999889 ) ) ;
#3525 = STYLED_ITEM ( 'NONE', ( #5258 ), #881 ) ;
#3526 = DIRECTION ( 'NONE',  ( 1.000000000000000000, 0.0000000000000000000, 0.0000000000000000000 ) ) ;
#3527 = EDGE_CURVE ( 'NONE', #4819, #8008, #2422, .T. ) ;
#3528 = DIRECTION ( 'NONE',  ( 1.000000000000000000, 8.850629979473499848E-17, 0.0000000000000000000 ) ) ;
#3529 = UNCERTAINTY_MEASURE_WITH_UNIT (LENGTH_MEASURE( 1.000000000000000082E-05 ), #5219, 'distance_accuracy_value', 'NONE');
#3530 = FILL_AREA_STYLE_COLOUR ( '', #1136 ) ;
#3531 = FACE_OUTER_BOUND ( 'NONE', #6112, .T. ) ;
#3532 = SPHERICAL_SURFACE ( 'NONE', #705, 0.1000000000000000056 ) ;
#3533 = DIRECTION ( 'NONE',  ( 0.0000000000000000000, 1.000000000000000000, 0.0000000000000000000 ) ) ;
#3534 = MECHANICAL_DESIGN_GEOMETRIC_PRESENTATION_REPRESENTATION (  '', ( #3266 ), #2296 ) ;
#3535 = STYLED_ITEM ( 'NONE', ( #419 ), #2928 ) ;
#3536 =( NAMED_UNIT ( * ) SI_UNIT ( $, .STERADIAN. ) SOLID_ANGLE_UNIT ( ) );
#3537 = SURFACE_SIDE_STYLE ('',( #2535 ) ) ;
#3538 = VERTEX_POINT ( 'NONE', #1923 ) ;
#3539 = CARTESIAN_POINT ( 'NONE',  ( -0.1736753921140601065, 0.2257025684965473789, 0.2999999999999999889 ) ) ;
#3540 = PRESENTATION_STYLE_ASSIGNMENT (( #1606 ) ) ;
#3541 =( LENGTH_UNIT ( ) NAMED_UNIT ( * ) SI_UNIT ( .MILLI., .METRE. ) );
#3542 =( NAMED_UNIT ( * ) PLANE_ANGLE_UNIT ( ) SI_UNIT ( $, .RADIAN. ) );
#3543 = ORIENTED_EDGE ( 'NONE', *, *, #3237, .T. ) ;
#3544 = VERTEX_POINT ( 'NONE', #6585 ) ;
#3545 = MECHANICAL_DESIGN_GEOMETRIC_PRESENTATION_REPRESENTATION (  '', ( #1184 ), #6652 ) ;
#3546 = EDGE_CURVE ( 'NONE', #4960, #2935, #2987, .T. ) ;
#3547 = ADVANCED_FACE ( 'NONE', ( #4560 ), #8458, .F. ) ;
#3548 =( LENGTH_UNIT ( ) NAMED_UNIT ( * ) SI_UNIT ( .MILLI., .METRE. ) );
#3549 = CARTESIAN_POINT ( 'NONE',  ( -2.799999999999999822, -2.900000000000000355, 4.290000000000000036 ) ) ;
#3550 = SURFACE_STYLE_USAGE ( .BOTH. , #4967 ) ;
#3551 =( NAMED_UNIT ( * ) PLANE_ANGLE_UNIT ( ) SI_UNIT ( $, .RADIAN. ) );
#3552 = ORIENTED_EDGE ( 'NONE', *, *, #6274, .T. ) ;
#3553 = DIRECTION ( 'NONE',  ( 0.0000000000000000000, -0.0000000000000000000, -1.000000000000000000 ) ) ;
#3554 = ORIENTED_EDGE ( 'NONE', *, *, #928, .F. ) ;
#3555 = SURFACE_STYLE_USAGE ( .BOTH. , #4251 ) ;
#3556 = CARTESIAN_POINT ( 'NONE',  ( -0.05609756097560984062, -0.3371874841698440650, 0.2999999999999999889 ) ) ;
#3557 = UNCERTAINTY_MEASURE_WITH_UNIT (LENGTH_MEASURE( 1.000000000000000082E-05 ), #6069, 'distance_accuracy_value', 'NONE');
#3558 = SURFACE_STYLE_FILL_AREA ( #2735 ) ;
#3559 = STYLED_ITEM ( 'NONE', ( #1817 ), #7383 ) ;
#3560 = SURFACE_SIDE_STYLE ('',( #5320 ) ) ;
#3561 =( NAMED_UNIT ( * ) PLANE_ANGLE_UNIT ( ) SI_UNIT ( $, .RADIAN. ) );
#3562 =( GEOMETRIC_REPRESENTATION_CONTEXT ( 3 ) GLOBAL_UNCERTAINTY_ASSIGNED_CONTEXT ( ( #1822 ) ) GLOBAL_UNIT_ASSIGNED_CONTEXT ( ( #5607, #8377, #1609 ) ) REPRESENTATION_CONTEXT ( 'NONE', 'WORKASPACE' ) );
#3563 = VECTOR ( 'NONE', #8507, 1000.000000000000000 ) ;
#3564 = FACE_OUTER_BOUND ( 'NONE', #2829, .T. ) ;
#3565 = ORIENTED_EDGE ( 'NONE', *, *, #2320, .F. ) ;
#3566 = ORIENTED_EDGE ( 'NONE', *, *, #2039, .T. ) ;
#3567 = CARTESIAN_POINT ( 'NONE',  ( -2.400000000000000355, -1.700000000000000178, 0.2999999999999999889 ) ) ;
#3568 = DIRECTION ( 'NONE',  ( -4.315250363735421253E-15, -1.000000000000000000, 0.0000000000000000000 ) ) ;
#3569 = SURFACE_SIDE_STYLE ('',( #4904 ) ) ;
#3570 = VECTOR ( 'NONE', #6175, 1000.000000000000000 ) ;
#3571 = EDGE_CURVE ( 'NONE', #1206, #7549, #3723, .T. ) ;
#3572 = CARTESIAN_POINT ( 'NONE',  ( -2.449999999999999289, 1.700000000000000178, 0.3499999999999999778 ) ) ;
#3573 = ORIENTED_EDGE ( 'NONE', *, *, #3713, .T. ) ;
#3574 = PRESENTATION_LAYER_ASSIGNMENT (  '', '', ( #2686 ) ) ;
#3575 = CARTESIAN_POINT ( 'NONE',  ( 2.900000000000000355, -2.900000000000000355, 5.500000000000000000 ) ) ;
#3576 = VERTEX_POINT ( 'NONE', #5839 ) ;
#3577 = MECHANICAL_DESIGN_GEOMETRIC_PRESENTATION_REPRESENTATION (  '', ( #53 ), #194 ) ;
#3578 = CARTESIAN_POINT ( 'NONE',  ( -0.1019435975609755685, -0.1647408378283807540, 0.3099999999999999978 ) ) ;
#3579 = VECTOR ( 'NONE', #5817, 1000.000000000000000 ) ;
#3580 = CARTESIAN_POINT ( 'NONE',  ( -0.1121951219512194176, 0.01818599143991211919, 0.2999999999999999889 ) ) ;
#3581 = EDGE_CURVE ( 'NONE', #2923, #664, #6899, .T. ) ;
#3582 = ORIENTED_EDGE ( 'NONE', *, *, #3608, .F. ) ;
#3583 = SURFACE_SIDE_STYLE ('',( #2028 ) ) ;
#3584 = CARTESIAN_POINT ( 'NONE',  ( -0.09024390243902430386, 0.05355201176511535655, 0.2999999999999999889 ) ) ;
#3585 = AXIS2_PLACEMENT_3D ( 'NONE', #1392, #7405, #816 ) ;
#3586 = DIRECTION ( 'NONE',  ( -0.0000000000000000000, -0.0000000000000000000, -1.000000000000000000 ) ) ;
#3587 = CARTESIAN_POINT ( 'NONE',  ( -0.1700253570154371396, -0.1497143566910208445, 0.3099999999999999978 ) ) ;
#3588 = STYLED_ITEM ( 'NONE', ( #8411 ), #2134 ) ;
#3589 = CARTESIAN_POINT ( 'NONE',  ( -0.1804878048780486632, 0.2016082475374730842, 0.3099999999999999978 ) ) ;
#3590 = VECTOR ( 'NONE', #5329, 1000.000000000000000 ) ;
#3591 = CARTESIAN_POINT ( 'NONE',  ( -0.1780487804878048419, 0.08891769875698535275, 0.2999999999999999889 ) ) ;
#3592 = ORIENTED_EDGE ( 'NONE', *, *, #7329, .T. ) ;
#3593 = VECTOR ( 'NONE', #893, 1000.000000000000000 ) ;
#3594 =( LENGTH_UNIT ( ) NAMED_UNIT ( * ) SI_UNIT ( .MILLI., .METRE. ) );
#3595 = COLOUR_RGB ( '',0.4313725490196078649, 0.3529411764705882026, 0.3725490196078431460 ) ;
#3596 = STYLED_ITEM ( 'NONE', ( #4129 ), #6659 ) ;
#3597 = ORIENTED_EDGE ( 'NONE', *, *, #4386, .F. ) ;
#3598 = VECTOR ( 'NONE', #1326, 1000.000000000000000 ) ;
#3599 = DIRECTION ( 'NONE',  ( 0.1105567340389882053, 0.0000000000000000000, -0.9938698146933694355 ) ) ;
#3600 = CARTESIAN_POINT ( 'NONE',  ( -1.449999999999999956, 1.749999999999999778, 7.799999999999999822 ) ) ;
#3601 =( LENGTH_UNIT ( ) NAMED_UNIT ( * ) SI_UNIT ( .MILLI., .METRE. ) );
#3602 = CARTESIAN_POINT ( 'NONE',  ( -0.1999999999999999556, -0.04000158782838648952, 0.2999999999999999889 ) ) ;
#3603 = ORIENTED_EDGE ( 'NONE', *, *, #990, .T. ) ;
#3604 = FACE_OUTER_BOUND ( 'NONE', #6783, .T. ) ;
#3605 = CARTESIAN_POINT ( 'NONE',  ( -1.000000000000000000, -1.550000000000000266, 7.799999999999999822 ) ) ;
#3606 = CIRCLE ( 'NONE', #8158, 0.1000000000000002554 ) ;
#3607 = DIRECTION ( 'NONE',  ( -1.000000000000000000, -1.327594496921024238E-16, 0.0000000000000000000 ) ) ;
#3608 = EDGE_CURVE ( 'NONE', #3644, #5273, #7945, .T. ) ;
#3609 = CARTESIAN_POINT ( 'NONE',  ( -4.535912291827592924, -2.299999999999999822, 0.2890877081724074205 ) ) ;
#3610 = VECTOR ( 'NONE', #7293, 1000.000000000000000 ) ;
#3611 = ORIENTED_EDGE ( 'NONE', *, *, #8357, .T. ) ;
#3612 = EDGE_CURVE ( 'NONE', #1081, #1064, #6612, .T. ) ;
#3613 = FILL_AREA_STYLE ('',( #6894 ) ) ;
#3614 = ORIENTED_EDGE ( 'NONE', *, *, #1576, .F. ) ;
#3615 = FILL_AREA_STYLE_COLOUR ( '', #5705 ) ;
#3616 = FILL_AREA_STYLE ('',( #2946 ) ) ;
#3617 = VECTOR ( 'NONE', #6494, 1000.000000000000000 ) ;
#3618 = CARTESIAN_POINT ( 'NONE',  ( 2.449999999999999289, 0.2999999999999999334, 0.3499999999999999778 ) ) ;
#3619 = AXIS2_PLACEMENT_3D ( 'NONE', #7993, #2595, #6621 ) ;
#3620 = COLOUR_RGB ( '',0.4313725490196078649, 0.3529411764705882026, 0.3725490196078431460 ) ;
#3621 = ORIENTED_EDGE ( 'NONE', *, *, #3875, .F. ) ;
#3622 = AXIS2_PLACEMENT_3D ( 'NONE', #7273, #1896, #7930 ) ;
#3623 = DIRECTION ( 'NONE',  ( -0.0000000000000000000, 0.0000000000000000000, -1.000000000000000000 ) ) ;
#3624 = EDGE_CURVE ( 'NONE', #3644, #8225, #4852, .T. ) ;
#3625 = PLANE ( 'NONE',  #4796 ) ;
#3626 = ADVANCED_FACE ( 'NONE', ( #3101 ), #120, .T. ) ;
#3627 = CARTESIAN_POINT ( 'NONE',  ( 3.388148093336490814E-17, -0.2208382227484167737, 0.2999999999999999889 ) ) ;
#3628 = FACE_OUTER_BOUND ( 'NONE', #5507, .T. ) ;
#3629 = CARTESIAN_POINT ( 'NONE',  ( -0.1999999999999999278, -0.05881493742187948043, 0.2999999999999999889 ) ) ;
#3630 = APPLICATION_PROTOCOL_DEFINITION ( 'draft international standard', 'automotive_design', 1998, #2283 ) ;
#3631 = CARTESIAN_POINT ( 'NONE',  ( 0.9749999999999999778, 1.224999999999999645, 10.40000000000000213 ) ) ;
#3632 = MECHANICAL_DESIGN_GEOMETRIC_PRESENTATION_REPRESENTATION (  '', ( #3197 ), #2580 ) ;
#3633 = UNCERTAINTY_MEASURE_WITH_UNIT (LENGTH_MEASURE( 1.000000000000000082E-05 ), #3601, 'distance_accuracy_value', 'NONE');
#3634 = DIRECTION ( 'NONE',  ( -1.000000000000000000, 0.0000000000000000000, 1.322197771323786684E-17 ) ) ;
#3635 = ORIENTED_EDGE ( 'NONE', *, *, #7066, .T. ) ;
#3636 = AXIS2_PLACEMENT_3D ( 'NONE', #3572, #7540, #3599 ) ;
#3637 = ORIENTED_EDGE ( 'NONE', *, *, #3624, .T. ) ;
#3638 = DIRECTION ( 'NONE',  ( -0.0000000000000000000, 0.0000000000000000000, -1.000000000000000000 ) ) ;
#3639 = CARTESIAN_POINT ( 'NONE',  ( 4.535912291827594700, 0.2999999999999999334, 0.2890877081724139153 ) ) ;
#3640 = CARTESIAN_POINT ( 'NONE',  ( 0.9749999999999999778, 1.124999999999999778, 10.50000000000000000 ) ) ;
#3641 = SURFACE_STYLE_USAGE ( .BOTH. , #1724 ) ;
#3642 = ORIENTED_EDGE ( 'NONE', *, *, #1244, .F. ) ;
#3643 = LINE ( 'NONE', #2916, #6429 ) ;
#3644 = VERTEX_POINT ( 'NONE', #4187 ) ;
#3645 = DIRECTION ( 'NONE',  ( 0.0000000000000000000, -0.0000000000000000000, 1.000000000000000000 ) ) ;
#3646 = AXIS2_PLACEMENT_3D ( 'NONE', #2059, #6790, #4108 ) ;
#3647 = AXIS2_PLACEMENT_3D ( 'NONE', #7850, #3246, #6560 ) ;
#3648 = CARTESIAN_POINT ( 'NONE',  ( -2.410912291827596921, 1.700000000000000178, -0.001386042793135222519 ) ) ;
#3649 = VERTEX_POINT ( 'NONE', #2111 ) ;
#3650 = CARTESIAN_POINT ( 'NONE',  ( -0.1451217845528454398, 0.08891769875698535275, 0.2999999999999999889 ) ) ;
#3651 = ORIENTED_EDGE ( 'NONE', *, *, #19, .F. ) ;
#3652 = FACE_OUTER_BOUND ( 'NONE', #5304, .T. ) ;
#3653 = DIRECTION ( 'NONE',  ( 0.0000000000000000000, -0.0000000000000000000, -1.000000000000000000 ) ) ;
#3654 = VERTEX_POINT ( 'NONE', #6062 ) ;
#3655 = DIRECTION ( 'NONE',  ( -1.000000000000000000, -0.0000000000000000000, -0.0000000000000000000 ) ) ;
#3656 = SURFACE_SIDE_STYLE ('',( #2788 ) ) ;
#3657 = EDGE_CURVE ( 'NONE', #7974, #4464, #2239, .T. ) ;
#3658 = SURFACE_STYLE_USAGE ( .BOTH. , #976 ) ;
#3659 = ORIENTED_EDGE ( 'NONE', *, *, #995, .T. ) ;
#3660 = CARTESIAN_POINT ( 'NONE',  ( -0.05609756097560981286, -0.3371874841698440650, 0.3099999999999999978 ) ) ;
#3661 = VECTOR ( 'NONE', #6927, 1000.000000000000000 ) ;
#3662 = ORIENTED_EDGE ( 'NONE', *, *, #487, .T. ) ;
#3663 = SURFACE_STYLE_USAGE ( .BOTH. , #6337 ) ;
#3664 = ORIENTED_EDGE ( 'NONE', *, *, #225, .T. ) ;
#3665 = SURFACE_SIDE_STYLE ('',( #5048 ) ) ;
#3666 = UNCERTAINTY_MEASURE_WITH_UNIT (LENGTH_MEASURE( 1.000000000000000082E-05 ), #6963, 'distance_accuracy_value', 'NONE');
#3667 = B_SPLINE_CURVE_WITH_KNOTS ( 'NONE', 3,
 ( #6926, #7595, #3650, #4404, #2482 ),
 .UNSPECIFIED., .F., .F.,
 ( 4, 1, 4 ),
 ( 0.0000000000000000000, 0.4999999999999995559, 0.9999924074074071356 ),
 .UNSPECIFIED. ) ;
#3668 = LINE ( 'NONE', #2492, #7058 ) ;
#3669 = PRESENTATION_STYLE_ASSIGNMENT (( #2952 ) ) ;
#3670 =( LENGTH_UNIT ( ) NAMED_UNIT ( * ) SI_UNIT ( .MILLI., .METRE. ) );
#3671 = SURFACE_STYLE_USAGE ( .BOTH. , #7636 ) ;
#3672 = SURFACE_SIDE_STYLE ('',( #6043 ) ) ;
#3673 = DIRECTION ( 'NONE',  ( -0.0000000000000000000, -0.0000000000000000000, 1.000000000000000000 ) ) ;
#3674 = ORIENTED_EDGE ( 'NONE', *, *, #2479, .T. ) ;
#3675 = PRESENTATION_LAYER_ASSIGNMENT (  '', '', ( #7480 ) ) ;
#3676 = DIRECTION ( 'NONE',  ( 0.0000000000000000000, -1.000000000000000000, 0.0000000000000000000 ) ) ;
#3677 = EDGE_CURVE ( 'NONE', #5679, #7632, #1812, .T. ) ;
#3678 = CARTESIAN_POINT ( 'NONE',  ( 4.150912291827595801, -1.700000000000000178, 0.2890877081724074205 ) ) ;
#3679 = CARTESIAN_POINT ( 'NONE',  ( -0.1804878048780486910, 0.2016082475374731120, 0.3099999999999999978 ) ) ;
#3680 = DIRECTION ( 'NONE',  ( 0.0000000000000000000, 0.0000000000000000000, 1.000000000000000000 ) ) ;
#3681 = FACE_OUTER_BOUND ( 'NONE', #449, .T. ) ;
#3682 = ORIENTED_EDGE ( 'NONE', *, *, #6724, .T. ) ;
#3683 = ORIENTED_EDGE ( 'NONE', *, *, #420, .T. ) ;
#3684 = CARTESIAN_POINT ( 'NONE',  ( 1.500000000000000000, -2.899999999999999467, 0.5000000000000000000 ) ) ;
#3685 = SURFACE_STYLE_FILL_AREA ( #945 ) ;
#3686 = COLOUR_RGB ( '',1.000000000000000000, 1.000000000000000000, 1.000000000000000000 ) ;
#3687 = LINE ( 'NONE', #2910, #6974 ) ;
#3688 = CARTESIAN_POINT ( 'NONE',  ( -1.449999999999999956, 1.749999999999999778, 7.799999999999999822 ) ) ;
#3689 = STYLED_ITEM ( 'NONE', ( #5245 ), #4361 ) ;
#3690 = SURFACE_STYLE_USAGE ( .BOTH. , #3751 ) ;
#3691 = ORIENTED_EDGE ( 'NONE', *, *, #6877, .T. ) ;
#3692 = AXIS2_PLACEMENT_3D ( 'NONE', #7617, #2387, #1779 ) ;
#3693 = VERTEX_POINT ( 'NONE', #7470 ) ;
#3694 =( NAMED_UNIT ( * ) PLANE_ANGLE_UNIT ( ) SI_UNIT ( $, .RADIAN. ) );
#3695 = CIRCLE ( 'NONE', #573, 0.3535533905932665144 ) ;
#3696 = CARTESIAN_POINT ( 'NONE',  ( -0.1270002124748391137, -0.1867108446239766628, 0.2999999999999999889 ) ) ;
#3697 = EDGE_CURVE ( 'NONE', #3522, #7943, #3509, .T. ) ;
#3698 = EDGE_LOOP ( 'NONE', ( #2212, #7458, #4294, #535 ) ) ;
#3699 = CARTESIAN_POINT ( 'NONE',  ( -0.02325137837876034563, 0.2242344305931936732, 0.3099999999999999978 ) ) ;
#3700 = CARTESIAN_POINT ( 'NONE',  ( -0.9750000000000006439, -1.000000000000000222, 8.650000000000000355 ) ) ;
#3701 = ORIENTED_EDGE ( 'NONE', *, *, #8263, .F. ) ;
#3702 = DIRECTION ( 'NONE',  ( -1.000000000000000000, -0.0000000000000000000, -0.0000000000000000000 ) ) ;
#3703 = LINE ( 'NONE', #3987, #4324 ) ;
#3704 =( GEOMETRIC_REPRESENTATION_CONTEXT ( 3 ) GLOBAL_UNCERTAINTY_ASSIGNED_CONTEXT ( ( #3529 ) ) GLOBAL_UNIT_ASSIGNED_CONTEXT ( ( #5219, #3867, #4502 ) ) REPRESENTATION_CONTEXT ( 'NONE', 'WORKASPACE' ) );
#3705 = LINE ( 'NONE', #6950, #6159 ) ;
#3706 = FILL_AREA_STYLE_COLOUR ( '', #4990 ) ;
#3707 = PRESENTATION_LAYER_ASSIGNMENT (  '', '', ( #5963 ) ) ;
#3708 = DIRECTION ( 'NONE',  ( 0.4813095137127779144, -0.8765507127426052092, 0.0000000000000000000 ) ) ;
#3709 = DIRECTION ( 'NONE',  ( 1.000000000000000000, 0.0000000000000000000, 0.0000000000000000000 ) ) ;
#3710 = CARTESIAN_POINT ( 'NONE',  ( -0.09786585365853650575, 0.2767225768057657298, 0.3099999999999999978 ) ) ;
#3711 = PRESENTATION_STYLE_ASSIGNMENT (( #426 ) ) ;
#3712 = ORIENTED_EDGE ( 'NONE', *, *, #236, .T. ) ;
#3713 = EDGE_CURVE ( 'NONE', #4496, #642, #1709, .T. ) ;
#3714 = ADVANCED_FACE ( 'NONE', ( #1921 ), #6285, .F. ) ;
#3715 = PLANE ( 'NONE',  #4078 ) ;
#3716 = SURFACE_SIDE_STYLE ('',( #1664 ) ) ;
#3717 = SURFACE_SIDE_STYLE ('',( #6958 ) ) ;
#3718 = VECTOR ( 'NONE', #1363, 1000.000000000000000 ) ;
#3719 = ORIENTED_EDGE ( 'NONE', *, *, #5279, .F. ) ;
#3720 =( LENGTH_UNIT ( ) NAMED_UNIT ( * ) SI_UNIT ( .MILLI., .METRE. ) );
#3721 = ORIENTED_EDGE ( 'NONE', *, *, #3220, .F. ) ;
#3722 = ADVANCED_FACE ( 'NONE', ( #905 ), #2970, .F. ) ;
#3723 = LINE ( 'NONE', #7161, #5782 ) ;
#3724 = DIRECTION ( 'NONE',  ( -0.0000000000000000000, -0.0000000000000000000, -1.000000000000000000 ) ) ;
#3725 =( NAMED_UNIT ( * ) PLANE_ANGLE_UNIT ( ) SI_UNIT ( $, .RADIAN. ) );
#3726 = DIRECTION ( 'NONE',  ( 0.0000000000000000000, -0.0000000000000000000, 1.000000000000000000 ) ) ;
#3727 = DIRECTION ( 'NONE',  ( 0.0000000000000000000, -0.0000000000000000000, 1.000000000000000000 ) ) ;
#3728 = DIRECTION ( 'NONE',  ( -1.000000000000000000, -0.0000000000000000000, -0.0000000000000000000 ) ) ;
#3729 = ORIENTED_EDGE ( 'NONE', *, *, #425, .F. ) ;
#3730 =( GEOMETRIC_REPRESENTATION_CONTEXT ( 3 ) GLOBAL_UNCERTAINTY_ASSIGNED_CONTEXT ( ( #3841 ) ) GLOBAL_UNIT_ASSIGNED_CONTEXT ( ( #1205, #1954, #7246 ) ) REPRESENTATION_CONTEXT ( 'NONE', 'WORKASPACE' ) );
#3731 = EDGE_LOOP ( 'NONE', ( #387, #1515, #555, #1968, #4505, #2244 ) ) ;
#3732 = B_SPLINE_CURVE_WITH_KNOTS ( 'NONE', 3,
 ( #1436, #4828, #6153, #4135, #2122 ),
 .UNSPECIFIED., .F., .F.,
 ( 4, 1, 4 ),
 ( 0.0000000000000000000, 0.4999999999999999445, 1.000000000000000000 ),
 .UNSPECIFIED. ) ;
#3733 = EDGE_CURVE ( 'NONE', #3544, #2633, #4654, .T. ) ;
#3734 = CARTESIAN_POINT ( 'NONE',  ( -0.1868546059824211791, 0.2842191074825045627, 0.3099999999999999978 ) ) ;
#3735 = FILL_AREA_STYLE ('',( #3766 ) ) ;
#3736 = CYLINDRICAL_SURFACE ( 'NONE', #3481, 0.1000000000000000472 ) ;
#3737 = CARTESIAN_POINT ( 'NONE',  ( -0.01829234959349588380, 0.3206250158301560127, 0.2999999999999999889 ) ) ;
#3738 = FILL_AREA_STYLE_COLOUR ( '', #3480 ) ;
#3739 = CARTESIAN_POINT ( 'NONE',  ( -0.1736755678031965122, 0.2257019471222366236, 0.2999999999999999889 ) ) ;
#3740 = COLOUR_RGB ( '',0.4313725490196078649, 0.3529411764705882026, 0.3725490196078431460 ) ;
#3741 = DIRECTION ( 'NONE',  ( -0.0000000000000000000, -0.0000000000000000000, -1.000000000000000000 ) ) ;
#3742 = AXIS2_PLACEMENT_3D ( 'NONE', #3362, #5360, #6004 ) ;
#3743 = ORIENTED_EDGE ( 'NONE', *, *, #497, .T. ) ;
#3744 =( GEOMETRIC_REPRESENTATION_CONTEXT ( 3 ) GLOBAL_UNCERTAINTY_ASSIGNED_CONTEXT ( ( #5419 ) ) GLOBAL_UNIT_ASSIGNED_CONTEXT ( ( #6970, #5116, #4452 ) ) REPRESENTATION_CONTEXT ( 'NONE', 'WORKASPACE' ) );
#3745 = DIRECTION ( 'NONE',  ( 0.0000000000000000000, 0.0000000000000000000, 1.000000000000000000 ) ) ;
#3746 = MECHANICAL_DESIGN_GEOMETRIC_PRESENTATION_REPRESENTATION (  '', ( #5791 ), #8041 ) ;
#3747 = LINE ( 'NONE', #710, #5187 ) ;
#3748 = DIRECTION ( 'NONE',  ( 0.0000000000000000000, 1.000000000000000000, -0.0000000000000000000 ) ) ;
#3749 = SURFACE_SIDE_STYLE ('',( #8432 ) ) ;
#3750 = UNCERTAINTY_MEASURE_WITH_UNIT (LENGTH_MEASURE( 1.000000000000000082E-05 ), #8378, 'distance_accuracy_value', 'NONE');
#3751 = SURFACE_SIDE_STYLE ('',( #828 ) ) ;
#3752 =( NAMED_UNIT ( * ) PLANE_ANGLE_UNIT ( ) SI_UNIT ( $, .RADIAN. ) );
#3753 = ORIENTED_EDGE ( 'NONE', *, *, #5825, .T. ) ;
#3754 = CIRCLE ( 'NONE', #7933, 0.09999999999999982514 ) ;
#3755 = VERTEX_POINT ( 'NONE', #7499 ) ;
#3756 = CARTESIAN_POINT ( 'NONE',  ( 2.485912291827595322, 0.2999999999999999334, 0.2890877081724139153 ) ) ;
#3757 = EDGE_CURVE ( 'NONE', #4063, #2471, #1398, .T. ) ;
#3758 = VECTOR ( 'NONE', #8111, 1000.000000000000000 ) ;
#3759 = DIRECTION ( 'NONE',  ( 0.0000000000000000000, -1.000000000000000000, -0.0000000000000000000 ) ) ;
#3760 =( NAMED_UNIT ( * ) PLANE_ANGLE_UNIT ( ) SI_UNIT ( $, .RADIAN. ) );
#3761 = PRESENTATION_LAYER_ASSIGNMENT (  '', '', ( #2531 ) ) ;
#3762 = AXIS2_PLACEMENT_3D ( 'NONE', #4628, #654, #7189 ) ;
#3763 = ORIENTED_EDGE ( 'NONE', *, *, #7027, .F. ) ;
#3764 = COLOUR_RGB ( '',0.4313725490196078649, 0.3529411764705882026, 0.3725490196078431460 ) ;
#3765 = ORIENTED_EDGE ( 'NONE', *, *, #7155, .F. ) ;
#3766 = FILL_AREA_STYLE_COLOUR ( '', #1357 ) ;
#3767 = LINE ( 'NONE', #863, #55 ) ;
#3768 = FILL_AREA_STYLE_COLOUR ( '', #7363 ) ;
#3769 = PLANE ( 'NONE',  #2185 ) ;
#3770 = EDGE_CURVE ( 'NONE', #783, #1678, #7525, .T. ) ;
#3771 = FILL_AREA_STYLE ('',( #2353 ) ) ;
#3772 = LINE ( 'NONE', #3839, #1040 ) ;
#3773 = VERTEX_POINT ( 'NONE', #7582 ) ;
#3774 = ADVANCED_FACE ( 'NONE', ( #6501 ), #5023, .T. ) ;
#3775 = ORIENTED_EDGE ( 'NONE', *, *, #2554, .F. ) ;
#3776 = LINE ( 'NONE', #6900, #3661 ) ;
#3777 = UNCERTAINTY_MEASURE_WITH_UNIT (LENGTH_MEASURE( 1.000000000000000082E-05 ), #4571, 'distance_accuracy_value', 'NONE');
#3778 = ORIENTED_EDGE ( 'NONE', *, *, #6547, .F. ) ;
#3779 = STYLED_ITEM ( 'NONE', ( #5176 ), #6487 ) ;
#3780 =( GEOMETRIC_REPRESENTATION_CONTEXT ( 3 ) GLOBAL_UNCERTAINTY_ASSIGNED_CONTEXT ( ( #5883 ) ) GLOBAL_UNIT_ASSIGNED_CONTEXT ( ( #1200, #2491, #5797 ) ) REPRESENTATION_CONTEXT ( 'NONE', 'WORKASPACE' ) );
#3781 = VECTOR ( 'NONE', #779, 1000.000000000000000 ) ;
#3782 = SURFACE_SIDE_STYLE ('',( #8091 ) ) ;
#3783 = CARTESIAN_POINT ( 'NONE',  ( -2.034017743893765662, -1.116868741266024312, 4.289999999999999147 ) ) ;
#3784 = LINE ( 'NONE', #8013, #1260 ) ;
#3785 = ORIENTED_EDGE ( 'NONE', *, *, #4416, .F. ) ;
#3786 = DIRECTION ( 'NONE',  ( -0.0000000000000000000, 0.0000000000000000000, 1.000000000000000000 ) ) ;
#3787 = UNCERTAINTY_MEASURE_WITH_UNIT (LENGTH_MEASURE( 1.000000000000000082E-05 ), #1726, 'distance_accuracy_value', 'NONE');
#3788 = SURFACE_SIDE_STYLE ('',( #5291 ) ) ;
#3789 = EDGE_CURVE ( 'NONE', #3576, #4496, #3606, .T. ) ;
#3790 = FILL_AREA_STYLE_COLOUR ( '', #6115 ) ;
#3791 = CARTESIAN_POINT ( 'NONE',  ( -0.1689004901895844457, -0.2963381503818741103, 0.2999999999999999889 ) ) ;
#3792 = FILL_AREA_STYLE ('',( #8425 ) ) ;
#3793 = EDGE_CURVE ( 'NONE', #123, #4412, #3198, .T. ) ;
#3794 = ORIENTED_EDGE ( 'NONE', *, *, #2136, .T. ) ;
#3795 = EDGE_LOOP ( 'NONE', ( #7869, #8332, #4260, #4225 ) ) ;
#3796 = CARTESIAN_POINT ( 'NONE',  ( -0.03173124805979991858, 0.2653486292911170219, 0.3099999999999999978 ) ) ;
#3797 =( GEOMETRIC_REPRESENTATION_CONTEXT ( 3 ) GLOBAL_UNCERTAINTY_ASSIGNED_CONTEXT ( ( #8213 ) ) GLOBAL_UNIT_ASSIGNED_CONTEXT ( ( #5781, #3249, #7098 ) ) REPRESENTATION_CONTEXT ( 'NONE', 'WORKASPACE' ) );
#3798 = FILL_AREA_STYLE_COLOUR ( '', #2705 ) ;
#3799 = EDGE_CURVE ( 'NONE', #2879, #3859, #1966, .T. ) ;
#3800 = DIRECTION ( 'NONE',  ( 0.0000000000000000000, -0.0000000000000000000, -1.000000000000000000 ) ) ;
#3801 = VERTEX_POINT ( 'NONE', #467 ) ;
#3802 = ORIENTED_EDGE ( 'NONE', *, *, #4104, .T. ) ;
#3803 = FACE_OUTER_BOUND ( 'NONE', #6716, .T. ) ;
#3804 = PLANE ( 'NONE',  #4360 ) ;
#3805 = DIRECTION ( 'NONE',  ( -1.000000000000000000, 0.0000000000000000000, 1.322197771323786684E-17 ) ) ;
#3806 = LINE ( 'NONE', #8331, #2761 ) ;
#3807 = LINE ( 'NONE', #2450, #5464 ) ;
#3808 = CARTESIAN_POINT ( 'NONE',  ( -1.000000000000000000, -1.550000000000000266, 7.799999999999999822 ) ) ;
#3809 = ORIENTED_EDGE ( 'NONE', *, *, #5191, .T. ) ;
#3810 = CARTESIAN_POINT ( 'NONE',  ( 0.8749999999999982236, 1.224999999999999645, 9.650000000000000355 ) ) ;
#3811 = ADVANCED_FACE ( 'NONE', ( #391 ), #2456, .T. ) ;
#3812 = CARTESIAN_POINT ( 'NONE',  ( -1.092076380707581558E-16, -0.3866920573405758232, 0.2999999999999999889 ) ) ;
#3813 = PRESENTATION_LAYER_ASSIGNMENT (  '', '', ( #6118 ) ) ;
#3814 = CLOSED_SHELL ( 'NONE', ( #5415, #4102, #6625, #7387, #5376, #8075, #3160, #6795, #446, #3112, #484, #6582, #3285, #5104, #579, #6908, #4671, #7225, #3334, #4552, #6904, #953, #852, #881, #1330, #6487, #6439, #88, #8073, #4289, #2165, #837, #6697, #6127, #6392, #6620, #3491, #6535, #6659, #4589, #2712, #2928, #7912 ) ) ;
#3815 =( NAMED_UNIT ( * ) SI_UNIT ( $, .STERADIAN. ) SOLID_ANGLE_UNIT ( ) );
#3816 = EDGE_CURVE ( 'NONE', #6309, #4394, #5478, .T. ) ;
#3817 = ORIENTED_EDGE ( 'NONE', *, *, #1862, .T. ) ;
#3818 = LINE ( 'NONE', #7918, #5771 ) ;
#3819 = PLANE ( 'NONE',  #2860 ) ;
#3820 = CARTESIAN_POINT ( 'NONE',  ( -0.9749999999999996447, -0.9999999999999997780, 10.50000000000000000 ) ) ;
#3821 = FACE_BOUND ( 'NONE', #2565, .T. ) ;
#3822 = DIRECTION ( 'NONE',  ( -1.000000000000000000, -2.891205793294678326E-16, 0.0000000000000000000 ) ) ;
#3824 =( LENGTH_UNIT ( ) NAMED_UNIT ( * ) SI_UNIT ( .MILLI., .METRE. ) );
#3823 = DIRECTION ( 'NONE',  ( -0.0000000000000000000, -0.0000000000000000000, -1.000000000000000000 ) ) ;
#3825 = AXIS2_PLACEMENT_3D ( 'NONE', #8043, #1423, #4147 ) ;
#3826 = FILL_AREA_STYLE_COLOUR ( '', #6213 ) ;
#3827 = ORIENTED_EDGE ( 'NONE', *, *, #6575, .F. ) ;
#3828 = DIRECTION ( 'NONE',  ( -0.0000000000000000000, -0.0000000000000000000, 1.000000000000000000 ) ) ;
#3829 = DIRECTION ( 'NONE',  ( 0.0000000000000000000, 0.0000000000000000000, 1.000000000000000000 ) ) ;
#3830 = FILL_AREA_STYLE_COLOUR ( '', #8016 ) ;
#3831 = B_SPLINE_CURVE_WITH_KNOTS ( 'NONE', 3,
 ( #5847, #5878, #4642, #574, #637 ),
 .UNSPECIFIED., .F., .F.,
 ( 4, 1, 4 ),
 ( 0.0000000000000000000, 0.5000000000000009992, 0.9999800763336860188 ),
 .UNSPECIFIED. ) ;
#3832 = SPHERICAL_SURFACE ( 'NONE', #4451, 0.1000000000000000056 ) ;
#3833 = ORIENTED_EDGE ( 'NONE', *, *, #4844, .T. ) ;
#3834 = ORIENTED_EDGE ( 'NONE', *, *, #840, .T. ) ;
#3835 = CIRCLE ( 'NONE', #3117, 0.09999999999999939493 ) ;
#3836 = LINE ( 'NONE', #7877, #7123 ) ;
#3837 = MECHANICAL_DESIGN_GEOMETRIC_PRESENTATION_REPRESENTATION (  '', ( #2661 ), #4322 ) ;
#3838 =( NAMED_UNIT ( * ) PLANE_ANGLE_UNIT ( ) SI_UNIT ( $, .RADIAN. ) );
#3839 = CARTESIAN_POINT ( 'NONE',  ( 0.9749999999999999778, 0.9999999999999991118, 9.650000000000000355 ) ) ;
#3840 = CARTESIAN_POINT ( 'NONE',  ( -0.2000000000000001776, -0.3086432768527708204, 0.3099999999999999978 ) ) ;
#3841 = UNCERTAINTY_MEASURE_WITH_UNIT (LENGTH_MEASURE( 1.000000000000000082E-05 ), #1205, 'distance_accuracy_value', 'NONE');
#3842 = CIRCLE ( 'NONE', #8499, 0.1000000000000000472 ) ;
#3843 = CARTESIAN_POINT ( 'NONE',  ( -1.000000000000000000, -1.550000000000000266, 5.500000000000000000 ) ) ;
#3844 = DIRECTION ( 'NONE',  ( -0.0000000000000000000, 0.0000000000000000000, 1.000000000000000000 ) ) ;
#3845 =( NAMED_UNIT ( * ) PLANE_ANGLE_UNIT ( ) SI_UNIT ( $, .RADIAN. ) );
#3846 = DIRECTION ( 'NONE',  ( 1.000000000000000000, -0.0000000000000000000, 0.0000000000000000000 ) ) ;
#3847 = STYLED_ITEM ( 'NONE', ( #2672 ), #7688 ) ;
#3848 = ORIENTED_EDGE ( 'NONE', *, *, #6007, .F. ) ;
#3849 = CIRCLE ( 'NONE', #3825, 0.09999999999999982514 ) ;
#3850 = EDGE_CURVE ( 'NONE', #983, #6039, #2132, .T. ) ;
#3851 = VECTOR ( 'NONE', #4735, 1000.000000000000000 ) ;
#3853 = DIRECTION ( 'NONE',  ( -1.000000000000000000, -0.0000000000000000000, 1.322197771323786684E-17 ) ) ;
#3852 = DIRECTION ( 'NONE',  ( 1.000000000000000000, 0.0000000000000000000, -1.322197771323786684E-17 ) ) ;
#3854 = DIRECTION ( 'NONE',  ( 0.0000000000000000000, -0.0000000000000000000, -1.000000000000000000 ) ) ;
#3855 = CARTESIAN_POINT ( 'NONE',  ( -0.1198172398373985037, -0.3131401680053731429, 0.2999999999999999889 ) ) ;
#3856 = FILL_AREA_STYLE_COLOUR ( '', #4143 ) ;
#3857 = ADVANCED_FACE ( 'NONE', ( #2343 ), #8062, .T. ) ;
#3858 = DIRECTION ( 'NONE',  ( -0.0000000000000000000, -0.0000000000000000000, -1.000000000000000000 ) ) ;
#3859 = VERTEX_POINT ( 'NONE', #5149 ) ;
#3860 = CIRCLE ( 'NONE', #24, 0.1000000000000000472 ) ;
#3861 = ORIENTED_EDGE ( 'NONE', *, *, #2344, .F. ) ;
#3862 = ADVANCED_FACE ( 'NONE', ( #6604, #3821, #18, #1093, #3937, #7516, #5564, #7419, #6803, #5673, #5772, #1294 ), #2084, .F. ) ;
#3863 = CARTESIAN_POINT ( 'NONE',  ( -0.1780487804878047586, 0.01330794265942434468, 0.2999999999999999889 ) ) ;
#3864 =( GEOMETRIC_REPRESENTATION_CONTEXT ( 3 ) GLOBAL_UNCERTAINTY_ASSIGNED_CONTEXT ( ( #6037 ) ) GLOBAL_UNIT_ASSIGNED_CONTEXT ( ( #8284, #4367, #5604 ) ) REPRESENTATION_CONTEXT ( 'NONE', 'WORKASPACE' ) );
#3866 = ORIENTED_EDGE ( 'NONE', *, *, #1848, .T. ) ;
#3865 = FILL_AREA_STYLE ('',( #3897 ) ) ;
#3867 =( NAMED_UNIT ( * ) PLANE_ANGLE_UNIT ( ) SI_UNIT ( $, .RADIAN. ) );
#3868 = STYLED_ITEM ( 'NONE', ( #1466 ), #1257 ) ;
#3869 = ORIENTED_EDGE ( 'NONE', *, *, #8376, .F. ) ;
#3870 = CARTESIAN_POINT ( 'NONE',  ( -0.1615853658536586523, -0.2911508988039902546, 0.3099999999999999978 ) ) ;
#3871 = SURFACE_SIDE_STYLE ('',( #1059 ) ) ;
#3872 = CARTESIAN_POINT ( 'NONE',  ( -0.1801002760399360858, 0.1943503714882890421, 0.3099999999999999978 ) ) ;
#3873 = ORIENTED_EDGE ( 'NONE', *, *, #1672, .T. ) ;
#3874 = EDGE_LOOP ( 'NONE', ( #2582, #8211, #1529, #941 ) ) ;
#3875 = EDGE_CURVE ( 'NONE', #381, #4323, #6283, .T. ) ;
#3876 = ORIENTED_EDGE ( 'NONE', *, *, #1084, .T. ) ;
#3877 = CARTESIAN_POINT ( 'NONE',  ( -0.2000000000000000111, -0.08703504514545377935, 0.3099999999999999978 ) ) ;
#3878 = SURFACE_STYLE_USAGE ( .BOTH. , #7030 ) ;
#3879 =( GEOMETRIC_REPRESENTATION_CONTEXT ( 3 ) GLOBAL_UNCERTAINTY_ASSIGNED_CONTEXT ( ( #7239 ) ) GLOBAL_UNIT_ASSIGNED_CONTEXT ( ( #762, #6713, #4775 ) ) REPRESENTATION_CONTEXT ( 'NONE', 'WORKASPACE' ) );
#3880 = PRESENTATION_STYLE_ASSIGNMENT (( #4708 ) ) ;
#3881 = MECHANICAL_DESIGN_GEOMETRIC_PRESENTATION_REPRESENTATION (  '', ( #5853 ), #5082 ) ;
#3882 = DIRECTION ( 'NONE',  ( 8.673617379884073929E-16, 1.000000000000000000, 0.0000000000000000000 ) ) ;
#3883 = FACE_OUTER_BOUND ( 'NONE', #6300, .T. ) ;
#3884 = UNCERTAINTY_MEASURE_WITH_UNIT (LENGTH_MEASURE( 1.000000000000000082E-05 ), #3670, 'distance_accuracy_value', 'NONE');
#3885 = EDGE_LOOP ( 'NONE', ( #1560, #6657, #7147, #834 ) ) ;
#3886 = CARTESIAN_POINT ( 'NONE',  ( 1.500000000000000000, -2.750000000000000444, 0.2999999999999999889 ) ) ;
#3887 = FILL_AREA_STYLE ('',( #3826 ) ) ;
#3888 = EDGE_LOOP ( 'NONE', ( #2512, #8132, #6934, #5526, #1500, #5818, #3131, #7712, #4962, #6686, #2810, #7952, #6209, #2541, #7602, #692, #557, #2871, #139, #4079, #7173, #2587, #4216, #3894 ) ) ;
#3889 = DIRECTION ( 'NONE',  ( 0.0000000000000000000, -0.0000000000000000000, -1.000000000000000000 ) ) ;
#3890 = COLOUR_RGB ( '',0.4313725490196078649, 0.3529411764705882026, 0.3725490196078431460 ) ;
#3891 = AXIS2_PLACEMENT_3D ( 'NONE', #2725, #760, #702 ) ;
#3892 = CIRCLE ( 'NONE', #1948, 0.09999999999999939493 ) ;
#3893 = ORIENTED_EDGE ( 'NONE', *, *, #3499, .F. ) ;
#3894 = ORIENTED_EDGE ( 'NONE', *, *, #1795, .T. ) ;
#3895 = DIRECTION ( 'NONE',  ( 0.0000000000000000000, 0.0000000000000000000, -1.000000000000000000 ) ) ;
#3896 = SURFACE_STYLE_USAGE ( .BOTH. , #7167 ) ;
#3897 = FILL_AREA_STYLE_COLOUR ( '', #2844 ) ;
#3898 =( LENGTH_UNIT ( ) NAMED_UNIT ( * ) SI_UNIT ( .MILLI., .METRE. ) );
#3899 = CARTESIAN_POINT ( 'NONE',  ( -2.799999999999999822, -2.900000000000000355, 5.500000000000000000 ) ) ;
#3900 = COLOUR_RGB ( '',0.4313725490196078649, 0.3529411764705882026, 0.3725490196078431460 ) ;
#3901 = CARTESIAN_POINT ( 'NONE',  ( -0.1825005441917567639, -0.1756963062883392102, 0.3099999999999999978 ) ) ;
#3902 = COLOUR_RGB ( '',0.7764705882352941346, 0.7568627450980391913, 0.7372549019607843590 ) ;
#3903 = LINE ( 'NONE', #1176, #5646 ) ;
#3904 = CARTESIAN_POINT ( 'NONE',  ( -0.09024390243902426223, 0.08891769875698528336, 0.2999999999999999889 ) ) ;
#3905 = ORIENTED_EDGE ( 'NONE', *, *, #5260, .T. ) ;
#3906 = DIRECTION ( 'NONE',  ( 0.0000000000000000000, -0.0000000000000000000, -1.000000000000000000 ) ) ;
#3907 = EDGE_CURVE ( 'NONE', #5130, #7378, #5050, .T. ) ;
#3908 = ORIENTED_EDGE ( 'NONE', *, *, #3677, .F. ) ;
#3909 = CARTESIAN_POINT ( 'NONE',  ( -4.535912291827596476, 1.700000000000000178, 0.2890877081724208542 ) ) ;
#3910 = FILL_AREA_STYLE_COLOUR ( '', #3441 ) ;
#3911 = DIRECTION ( 'NONE',  ( 0.0000000000000000000, -0.0000000000000000000, 1.000000000000000000 ) ) ;
#3912 = CYLINDRICAL_SURFACE ( 'NONE', #4297, 0.1000000000000000472 ) ;
#3913 = FILL_AREA_STYLE_COLOUR ( '', #4521 ) ;
#3914 = ORIENTED_EDGE ( 'NONE', *, *, #1982, .T. ) ;
#3915 = CARTESIAN_POINT ( 'NONE',  ( -0.1615853658536586523, -0.2980868744137465387, 0.3099999999999999978 ) ) ;
#3916 = CARTESIAN_POINT ( 'NONE',  ( -0.1780487804878048419, 0.08891769875698535275, 0.2999999999999999889 ) ) ;
#3917 = VERTEX_POINT ( 'NONE', #6726 ) ;
#3918 = SURFACE_STYLE_FILL_AREA ( #8342 ) ;
#3919 = MECHANICAL_DESIGN_GEOMETRIC_PRESENTATION_REPRESENTATION (  '', ( #2268 ), #2730 ) ;
#3920 = CARTESIAN_POINT ( 'NONE',  ( 0.0000000000000000000, 2.899999999999999467, 4.289999999999999147 ) ) ;
#3921 = DIRECTION ( 'NONE',  ( -0.0000000000000000000, 0.0000000000000000000, -1.000000000000000000 ) ) ;
#3922 = CARTESIAN_POINT ( 'NONE',  ( -0.1999999999999999278, 0.4185921621716195418, 0.2999999999999999889 ) ) ;
#3923 = CARTESIAN_POINT ( 'NONE',  ( -0.01882075448704311621, 0.2930881463954343458, 0.2999999999999999889 ) ) ;
#3924 = UNCERTAINTY_MEASURE_WITH_UNIT (LENGTH_MEASURE( 1.000000000000000082E-05 ), #1124, 'distance_accuracy_value', 'NONE');
#3925 = PRESENTATION_LAYER_ASSIGNMENT (  '', '', ( #3010 ) ) ;
#3926 = ORIENTED_EDGE ( 'NONE', *, *, #8155, .F. ) ;
#3927 = PRESENTATION_STYLE_ASSIGNMENT (( #1798 ) ) ;
#3928 = MECHANICAL_DESIGN_GEOMETRIC_PRESENTATION_REPRESENTATION (  '', ( #7281 ), #3139 ) ;
#3929 = ORIENTED_EDGE ( 'NONE', *, *, #1408, .T. ) ;
#3930 = FACE_OUTER_BOUND ( 'NONE', #7371, .T. ) ;
#3931 = SURFACE_SIDE_STYLE ('',( #5827 ) ) ;
#3932 = PLANE ( 'NONE',  #729 ) ;
#3933 = CARTESIAN_POINT ( 'NONE',  ( 2.799999999999998934, 3.000000000000000000, 5.500000000000000000 ) ) ;
#3934 = CARTESIAN_POINT ( 'NONE',  ( -4.150912291827595801, -1.000000000000000444, 9.650000000000000355 ) ) ;
#3935 = DIRECTION ( 'NONE',  ( 0.0000000000000000000, 0.0000000000000000000, -1.000000000000000000 ) ) ;
#3936 = ORIENTED_EDGE ( 'NONE', *, *, #7767, .T. ) ;
#3937 = FACE_OUTER_BOUND ( 'NONE', #897, .T. ) ;
#3938 =( LENGTH_UNIT ( ) NAMED_UNIT ( * ) SI_UNIT ( .MILLI., .METRE. ) );
#3939 = PRESENTATION_LAYER_ASSIGNMENT (  '', '', ( #6284 ) ) ;
#3940 = FACE_OUTER_BOUND ( 'NONE', #3078, .T. ) ;
#3941 = DIRECTION ( 'NONE',  ( -1.000000000000000000, -0.0000000000000000000, -0.0000000000000000000 ) ) ;
#3942 = ORIENTED_EDGE ( 'NONE', *, *, #4574, .T. ) ;
#3943 = VERTEX_POINT ( 'NONE', #2689 ) ;
#3944 = EDGE_CURVE ( 'NONE', #575, #6792, #4334, .T. ) ;
#3945 = CARTESIAN_POINT ( 'NONE',  ( -4.150912291827595801, -1.700000000000000178, 0.2890877081724074760 ) ) ;
#3946 =( NAMED_UNIT ( * ) PLANE_ANGLE_UNIT ( ) SI_UNIT ( $, .RADIAN. ) );
#3947 = MECHANICAL_DESIGN_GEOMETRIC_PRESENTATION_REPRESENTATION (  '', ( #1665 ), #1344 ) ;
#3948 = STYLED_ITEM ( 'NONE', ( #1833 ), #3160 ) ;
#3949 = VERTEX_POINT ( 'NONE', #4765 ) ;
#3950 = ADVANCED_FACE ( 'NONE', ( #806 ), #6754, .F. ) ;
#3951 = SURFACE_SIDE_STYLE ('',( #4638 ) ) ;
#3952 = ORIENTED_EDGE ( 'NONE', *, *, #1375, .T. ) ;
#3953 = COLOUR_RGB ( '',0.7764705882352941346, 0.7568627450980391913, 0.7372549019607843590 ) ;
#3954 = B_SPLINE_CURVE_WITH_KNOTS ( 'NONE', 3,
 ( #5318, #4543, #7959, #1858, #6520 ),
 .UNSPECIFIED., .F., .F.,
 ( 4, 1, 4 ),
 ( 0.0000000000000000000, 0.4449600237146502102, 0.9999999999999998890 ),
 .UNSPECIFIED. ) ;
#3955 = VERTEX_POINT ( 'NONE', #2717 ) ;
#3956 = CARTESIAN_POINT ( 'NONE',  ( 1.000000000000000000, -1.550000000000000266, 5.500000000000000000 ) ) ;
#3957 =( NAMED_UNIT ( * ) PLANE_ANGLE_UNIT ( ) SI_UNIT ( $, .RADIAN. ) );
#3958 = EDGE_CURVE ( 'NONE', #7101, #4275, #7415, .T. ) ;
#3959 =( NAMED_UNIT ( * ) SI_UNIT ( $, .STERADIAN. ) SOLID_ANGLE_UNIT ( ) );
#3960 = FILL_AREA_STYLE_COLOUR ( '', #4787 ) ;
#3961 = DIRECTION ( 'NONE',  ( -1.000000000000000000, 0.0000000000000000000, 0.0000000000000000000 ) ) ;
#3962 = LINE ( 'NONE', #94, #3851 ) ;
#3963 = DIRECTION ( 'NONE',  ( 0.0000000000000000000, 0.0000000000000000000, -1.000000000000000000 ) ) ;
#3964 = STYLED_ITEM ( 'NONE', ( #2655 ), #8073 ) ;
#3965 = CIRCLE ( 'NONE', #8159, 0.09999999999999939493 ) ;
#3966 = EDGE_CURVE ( 'NONE', #6264, #8282, #5649, .T. ) ;
#3967 = CYLINDRICAL_SURFACE ( 'NONE', #3212, 0.09999999999999982514 ) ;
#3968 = ORIENTED_EDGE ( 'NONE', *, *, #6145, .T. ) ;
#3969 = SURFACE_SIDE_STYLE ('',( #438 ) ) ;
#3970 =( LENGTH_UNIT ( ) NAMED_UNIT ( * ) SI_UNIT ( .MILLI., .METRE. ) );
#3971 = CARTESIAN_POINT ( 'NONE',  ( -2.485912291827593545, -2.299999999999999822, 0.2890877081724074205 ) ) ;
#3972 = AXIS2_PLACEMENT_3D ( 'NONE', #1871, #7760, #3889 ) ;
#3973 = FILL_AREA_STYLE ('',( #5946 ) ) ;
#3974 = CARTESIAN_POINT ( 'NONE',  ( 2.399999999999999467, -2.299999999999999822, 0.2999999999999999889 ) ) ;
#3975 = PRESENTATION_STYLE_ASSIGNMENT (( #2557 ) ) ;
#3976 = EDGE_LOOP ( 'NONE', ( #5920, #8397, #4037, #2403 ) ) ;
#3977 =( LENGTH_UNIT ( ) NAMED_UNIT ( * ) SI_UNIT ( .MILLI., .METRE. ) );
#3978 = EDGE_CURVE ( 'NONE', #4316, #6730, #4921, .T. ) ;
#3979 = ORIENTED_EDGE ( 'NONE', *, *, #2724, .F. ) ;
#3980 = LINE ( 'NONE', #4848, #6540 ) ;
#3981 = ORIENTED_EDGE ( 'NONE', *, *, #7644, .F. ) ;
#3982 = AXIS2_PLACEMENT_3D ( 'NONE', #2847, #3634, #906 ) ;
#3983 = LINE ( 'NONE', #546, #6126 ) ;
#3984 = CARTESIAN_POINT ( 'NONE',  ( -4.535912291827594700, -0.2999999999999999334, 0.2890877081724139153 ) ) ;
#3985 = AXIS2_PLACEMENT_3D ( 'NONE', #7950, #2607, #638 ) ;
#3986 = VERTEX_POINT ( 'NONE', #5499 ) ;
#3987 = CARTESIAN_POINT ( 'NONE',  ( 4.150912291827595801, -2.299999999999999822, -0.001386042793148666626 ) ) ;
#3988 = FILL_AREA_STYLE_COLOUR ( '', #5577 ) ;
#3989 = ORIENTED_EDGE ( 'NONE', *, *, #5300, .T. ) ;
#3990 = LINE ( 'NONE', #2574, #6036 ) ;
#3991 = VERTEX_POINT ( 'NONE', #745 ) ;
#3992 = CARTESIAN_POINT ( 'NONE',  ( -0.1756097560975611038, -0.2943521183161854626, 0.2999999999999999889 ) ) ;
#3993 = ADVANCED_FACE ( 'NONE', ( #5429 ), #4188, .T. ) ;
#3994 = VECTOR ( 'NONE', #8212, 1000.000000000000000 ) ;
#3995 = CARTESIAN_POINT ( 'NONE',  ( -2.400000000000007017, -0.2999999999999999334, 0.2999999999999999889 ) ) ;
#3996 = SURFACE_STYLE_USAGE ( .BOTH. , #5232 ) ;
#3997 = UNCERTAINTY_MEASURE_WITH_UNIT (LENGTH_MEASURE( 1.000000000000000082E-05 ), #1113, 'distance_accuracy_value', 'NONE');
#3998 = ORIENTED_EDGE ( 'NONE', *, *, #5582, .F. ) ;
#3999 = COLOUR_RGB ( '',0.4313725490196078649, 0.3529411764705882026, 0.3725490196078431460 ) ;
#4000 = MECHANICAL_DESIGN_GEOMETRIC_PRESENTATION_REPRESENTATION (  '', ( #7793 ), #4867 ) ;
#4001 = CARTESIAN_POINT ( 'NONE',  ( 4.413250983545655222E-14, -0.08497711831616255873, 0.2999999999999999889 ) ) ;
#4002 = CARTESIAN_POINT ( 'NONE',  ( -0.01036585365853647835, 0.1547713572935705273, 0.3099999999999999978 ) ) ;
#4003 = CARTESIAN_POINT ( 'NONE',  ( -0.1780487804878047864, -0.08692071587716113101, 0.3099999999999999978 ) ) ;
#4004 = CARTESIAN_POINT ( 'NONE',  ( -1.000000000000000000, -1.750000000000000222, 7.799999999999999822 ) ) ;
#4005 = VECTOR ( 'NONE', #3655, 1000.000000000000000 ) ;
#4006 =( LENGTH_UNIT ( ) NAMED_UNIT ( * ) SI_UNIT ( .MILLI., .METRE. ) );
#4007 = ORIENTED_EDGE ( 'NONE', *, *, #2008, .F. ) ;
#4008 = CARTESIAN_POINT ( 'NONE',  ( -4.150912291827595801, -1.700000000000000178, -0.001386042793148558206 ) ) ;
#4009 = ORIENTED_EDGE ( 'NONE', *, *, #3793, .T. ) ;
#4010 = B_SPLINE_CURVE_WITH_KNOTS ( 'NONE', 3,
 ( #3488, #2163, #6806, #8134, #4177 ),
 .UNSPECIFIED., .F., .F.,
 ( 4, 1, 4 ),
 ( 0.0000000000000000000, 0.4404366560237422124, 0.9999999999999998890 ),
 .UNSPECIFIED. ) ;
#4011 = SHAPE_DEFINITION_REPRESENTATION ( #4674, #3413 ) ;
#4012 = DIRECTION ( 'NONE',  ( 1.000000000000000000, 0.0000000000000000000, -0.0000000000000000000 ) ) ;
#4013 = CARTESIAN_POINT ( 'NONE',  ( -4.150912291827595801, 2.299999999999999822, 0.2890877081724208542 ) ) ;
#4014 = FILL_AREA_STYLE ('',( #7236 ) ) ;
#4015 = ORIENTED_EDGE ( 'NONE', *, *, #4952, .F. ) ;
#4016 = FACE_OUTER_BOUND ( 'NONE', #6969, .T. ) ;
#4017 = LINE ( 'NONE', #3276, #6878 ) ;
#4018 =( NAMED_UNIT ( * ) SI_UNIT ( $, .STERADIAN. ) SOLID_ANGLE_UNIT ( ) );
#4019 = AXIS2_PLACEMENT_3D ( 'NONE', #5113, #1118, #1060 ) ;
#4020 = EDGE_CURVE ( 'NONE', #3949, #2613, #866, .T. ) ;
#4021 = SURFACE_STYLE_FILL_AREA ( #565 ) ;
#4022 = DIRECTION ( 'NONE',  ( 0.0000000000000000000, 0.0000000000000000000, -1.000000000000000000 ) ) ;
#4023 = ORIENTED_EDGE ( 'NONE', *, *, #6860, .F. ) ;
#4024 = CARTESIAN_POINT ( 'NONE',  ( 4.444299040062657873E-14, -0.08497711831616255873, 0.3099999999999999978 ) ) ;
#4025 = LINE ( 'NONE', #6265, #2965 ) ;
#4026 = DIRECTION ( 'NONE',  ( 1.327594496921025717E-16, -1.000000000000000000, 0.0000000000000000000 ) ) ;
#4027 = DIRECTION ( 'NONE',  ( -8.850629979473504779E-17, 1.000000000000000000, -0.0000000000000000000 ) ) ;
#4028 = ORIENTED_EDGE ( 'NONE', *, *, #3174, .T. ) ;
#4029 = LINE ( 'NONE', #2087, #2455 ) ;
#4030 = CARTESIAN_POINT ( 'NONE',  ( 1.349999999999999645, 1.649999999999999689, 5.500000000000000000 ) ) ;
#4031 = EDGE_CURVE ( 'NONE', #3265, #7460, #427, .T. ) ;
#4032 = ADVANCED_FACE ( 'NONE', ( #6034 ), #2327, .F. ) ;
#4033 =( LENGTH_UNIT ( ) NAMED_UNIT ( * ) SI_UNIT ( .MILLI., .METRE. ) );
#4034 = MECHANICAL_DESIGN_GEOMETRIC_PRESENTATION_REPRESENTATION (  '', ( #2686 ), #5361 ) ;
#4035 =( NAMED_UNIT ( * ) SI_UNIT ( $, .STERADIAN. ) SOLID_ANGLE_UNIT ( ) );
#4036 = CIRCLE ( 'NONE', #7071, 0.07071067811864921449 ) ;
#4037 = ORIENTED_EDGE ( 'NONE', *, *, #5595, .T. ) ;
#4038 = LINE ( 'NONE', #2470, #5275 ) ;
#4039 = EDGE_CURVE ( 'NONE', #5813, #6880, #3290, .T. ) ;
#4040 = CARTESIAN_POINT ( 'NONE',  ( 2.099999999999999645, -2.299999999999999822, 0.2999999999999999889 ) ) ;
#4041 = PLANE ( 'NONE',  #282 ) ;
#4042 = DIRECTION ( 'NONE',  ( -1.000000000000000000, -0.0000000000000000000, 1.322197771323786684E-17 ) ) ;
#4043 = PLANE ( 'NONE',  #5473 ) ;
#4044 = VECTOR ( 'NONE', #1169, 1000.000000000000000 ) ;
#4045 = ORIENTED_EDGE ( 'NONE', *, *, #8376, .T. ) ;
#4046 = PRESENTATION_LAYER_ASSIGNMENT (  '', '', ( #1768 ) ) ;
#4047 = ORIENTED_EDGE ( 'NONE', *, *, #3121, .T. ) ;
#4048 = MECHANICAL_DESIGN_GEOMETRIC_PRESENTATION_REPRESENTATION (  '', ( #4314 ), #5803 ) ;
#4049 = CYLINDRICAL_SURFACE ( 'NONE', #1316, 0.1000000000000000472 ) ;
#4050 = CARTESIAN_POINT ( 'NONE',  ( 0.9750000000000001998, -1.225000000000000533, 10.40000000000000213 ) ) ;
#4051 = CARTESIAN_POINT ( 'NONE',  ( -1.349999999999999423, -1.650000000000000133, 5.500000000000000000 ) ) ;
#4052 = CARTESIAN_POINT ( 'NONE',  ( -0.01951219512195112582, 0.2061051987569851585, 0.2999999999999999889 ) ) ;
#4053 = UNCERTAINTY_MEASURE_WITH_UNIT (LENGTH_MEASURE( 1.000000000000000082E-05 ), #289, 'distance_accuracy_value', 'NONE');
#4054 = ORIENTED_EDGE ( 'NONE', *, *, #5887, .T. ) ;
#4055 = DIRECTION ( 'NONE',  ( 0.0000000000000000000, 0.0000000000000000000, 1.000000000000000000 ) ) ;
#4056 =( LENGTH_UNIT ( ) NAMED_UNIT ( * ) SI_UNIT ( .MILLI., .METRE. ) );
#4057 = AXIS2_PLACEMENT_3D ( 'NONE', #2710, #195, #8160 ) ;
#4058 = STYLED_ITEM ( 'NONE', ( #1943 ), #3288 ) ;
#4059 = CARTESIAN_POINT ( 'NONE',  ( -0.003803643838042890073, -0.1107277380426487101, 0.2999999999999999889 ) ) ;
#4060 = ORIENTED_EDGE ( 'NONE', *, *, #791, .F. ) ;
#4061 =( LENGTH_UNIT ( ) NAMED_UNIT ( * ) SI_UNIT ( .MILLI., .METRE. ) );
#4062 = SURFACE_STYLE_USAGE ( .BOTH. , #8001 ) ;
#4063 = VERTEX_POINT ( 'NONE', #4856 ) ;
#4064 = FACE_OUTER_BOUND ( 'NONE', #3159, .T. ) ;
#4065 = PLANE ( 'NONE',  #7790 ) ;
#4066 = VERTEX_POINT ( 'NONE', #3556 ) ;
#4067 =( LENGTH_UNIT ( ) NAMED_UNIT ( * ) SI_UNIT ( .MILLI., .METRE. ) );
#4068 = EDGE_CURVE ( 'NONE', #5034, #7313, #4214, .T. ) ;
#4069 = ADVANCED_FACE ( 'NONE', ( #690 ), #371, .F. ) ;
#4070 = FILL_AREA_STYLE_COLOUR ( '', #34 ) ;
#4071 =( NAMED_UNIT ( * ) PLANE_ANGLE_UNIT ( ) SI_UNIT ( $, .RADIAN. ) );
#4072 = LINE ( 'NONE', #3425, #2181 ) ;
#4073 = EDGE_LOOP ( 'NONE', ( #2716, #1867, #706, #7158 ) ) ;
#4074 = DIRECTION ( 'NONE',  ( 0.0000000000000000000, 1.000000000000000000, 0.0000000000000000000 ) ) ;
#4075 = STYLED_ITEM ( 'NONE', ( #7508 ), #8210 ) ;
#4076 =( NAMED_UNIT ( * ) PLANE_ANGLE_UNIT ( ) SI_UNIT ( $, .RADIAN. ) );
#4077 = ORIENTED_EDGE ( 'NONE', *, *, #1244, .T. ) ;
#4078 = AXIS2_PLACEMENT_3D ( 'NONE', #4580, #4639, #5898 ) ;
#4079 = ORIENTED_EDGE ( 'NONE', *, *, #7319, .T. ) ;
#4080 = CARTESIAN_POINT ( 'NONE',  ( -2.800000000000000711, 2.900000000000000355, 4.299999999999999822 ) ) ;
#4081 = FACE_OUTER_BOUND ( 'NONE', #4238, .T. ) ;
#4082 = LINE ( 'NONE', #6113, #4798 ) ;
#4083 = EDGE_CURVE ( 'NONE', #8010, #6039, #7506, .T. ) ;
#4084 = ORIENTED_EDGE ( 'NONE', *, *, #6641, .F. ) ;
#4085 = CARTESIAN_POINT ( 'NONE',  ( -1.000000000000000000, -1.550000000000000266, 5.500000000000000000 ) ) ;
#4086 = STYLED_ITEM ( 'NONE', ( #4190 ), #4832 ) ;
#4087 = MECHANICAL_DESIGN_GEOMETRIC_PRESENTATION_REPRESENTATION (  '', ( #3474 ), #7448 ) ;
#4088 = SURFACE_SIDE_STYLE ('',( #8454 ) ) ;
#4089 = VECTOR ( 'NONE', #8450, 1000.000000000000000 ) ;
#4090 = CYLINDRICAL_SURFACE ( 'NONE', #6580, 0.07071067811864449604 ) ;
#4091 = EDGE_LOOP ( 'NONE', ( #6914, #6437, #6848, #1435 ) ) ;
#4092 = CARTESIAN_POINT ( 'NONE',  ( -1.499999999999999778, -2.750000000000000444, 0.5000000000000000000 ) ) ;
#4093 = PRESENTATION_LAYER_ASSIGNMENT (  '', '', ( #113 ) ) ;
#4094 = CARTESIAN_POINT ( 'NONE',  ( -0.8749999999999995559, -1.225000000000000533, 10.50000000000000000 ) ) ;
#4095 = VERTEX_POINT ( 'NONE', #4358 ) ;
#4096 = CARTESIAN_POINT ( 'NONE',  ( -2.400000000000013234, 2.299999999999999822, 0.2999999999999999889 ) ) ;
#4097 = VERTEX_POINT ( 'NONE', #2368 ) ;
#4098 = COLOUR_RGB ( '',0.4313725490196078649, 0.3529411764705882026, 0.3725490196078431460 ) ;
#4099 = CARTESIAN_POINT ( 'NONE',  ( 0.0000000000000000000, 0.0000000000000000000, 5.500000000000000000 ) ) ;
#4100 = EDGE_CURVE ( 'NONE', #1103, #6198, #6068, .T. ) ;
#4101 = FACE_OUTER_BOUND ( 'NONE', #1112, .T. ) ;
#4102 = ADVANCED_FACE ( 'NONE', ( #4538 ), #6247, .F. ) ;
#4103 = DIRECTION ( 'NONE',  ( -0.0000000000000000000, -1.000000000000000000, -0.0000000000000000000 ) ) ;
#4104 = EDGE_CURVE ( 'NONE', #3955, #2830, #1684, .T. ) ;
#4105 = VECTOR ( 'NONE', #3533, 1000.000000000000000 ) ;
#4106 = CARTESIAN_POINT ( 'NONE',  ( -2.900000000000000799, 2.900000000000000355, 5.500000000000000000 ) ) ;
#4107 = CARTESIAN_POINT ( 'NONE',  ( -0.1804878048780486632, 0.2016082475374730842, 0.2999999999999999889 ) ) ;
#4108 = DIRECTION ( 'NONE',  ( -0.5078765015849451281, 0.0000000000000000000, -0.8614298921780212392 ) ) ;
#4109 = CARTESIAN_POINT ( 'NONE',  ( -2.799999999999999822, -3.000000000000000000, 0.2999999999999999889 ) ) ;
#4110 = ORIENTED_EDGE ( 'NONE', *, *, #1384, .F. ) ;
#4111 = LINE ( 'NONE', #5123, #586 ) ;
#4112 = ORIENTED_EDGE ( 'NONE', *, *, #6661, .T. ) ;
#4113 = MECHANICAL_DESIGN_GEOMETRIC_PRESENTATION_REPRESENTATION (  '', ( #987 ), #4570 ) ;
#4114 = EDGE_CURVE ( 'NONE', #4448, #1607, #3806, .T. ) ;
#4115 = CARTESIAN_POINT ( 'NONE',  ( -4.150912291827595801, -1.000000000000000444, 9.650000000000000355 ) ) ;
#4116 = DIRECTION ( 'NONE',  ( -1.000000000000000000, 0.0000000000000000000, 0.0000000000000000000 ) ) ;
#4117 = ORIENTED_EDGE ( 'NONE', *, *, #1338, .F. ) ;
#4118 = VECTOR ( 'NONE', #3366, 1000.000000000000000 ) ;
#4119 = CIRCLE ( 'NONE', #3891, 0.1000000000000002554 ) ;
#4120 =( NAMED_UNIT ( * ) PLANE_ANGLE_UNIT ( ) SI_UNIT ( $, .RADIAN. ) );
#4121 = ORIENTED_EDGE ( 'NONE', *, *, #3006, .F. ) ;
#4122 = SURFACE_SIDE_STYLE ('',( #7710 ) ) ;
#4123 = EDGE_LOOP ( 'NONE', ( #5090, #5655, #3614, #1361 ) ) ;
#4124 = AXIS2_PLACEMENT_3D ( 'NONE', #6325, #1700, #7069 ) ;
#4125 = SURFACE_STYLE_FILL_AREA ( #561 ) ;
#4126 = STYLED_ITEM ( 'NONE', ( #5559 ), #1026 ) ;
#4127 = UNCERTAINTY_MEASURE_WITH_UNIT (LENGTH_MEASURE( 1.000000000000000082E-05 ), #2227, 'distance_accuracy_value', 'NONE');
#4128 = CARTESIAN_POINT ( 'NONE',  ( 0.0000000000000000000, 0.0000000000000000000, 0.2999999999999999889 ) ) ;
#4129 = PRESENTATION_STYLE_ASSIGNMENT (( #1916 ) ) ;
#4130 = ORIENTED_EDGE ( 'NONE', *, *, #1100, .T. ) ;
#4131 = DIRECTION ( 'NONE',  ( -1.000000000000000000, 1.481742969063521675E-14, 0.0000000000000000000 ) ) ;
#4132 = EDGE_CURVE ( 'NONE', #7369, #3504, #7256, .T. ) ;
#4133 = ORIENTED_EDGE ( 'NONE', *, *, #614, .F. ) ;
#4134 = CARTESIAN_POINT ( 'NONE',  ( -0.9749999999999996447, -1.125000000000000888, 10.50000000000000000 ) ) ;
#4135 = CARTESIAN_POINT ( 'NONE',  ( -0.1703252032520325143, 0.3962347719277171110, 0.2999999999999999889 ) ) ;
#4136 = ADVANCED_FACE ( 'NONE', ( #8129 ), #2282, .F. ) ;
#4137 = PRESENTATION_LAYER_ASSIGNMENT (  '', '', ( #8170 ) ) ;
#4138 = AXIS2_PLACEMENT_3D ( 'NONE', #6257, #6973, #8197 ) ;
#4139 = ORIENTED_EDGE ( 'NONE', *, *, #1264, .F. ) ;
#4140 = DIRECTION ( 'NONE',  ( -6.061675782532635068E-15, 1.000000000000000000, 0.0000000000000000000 ) ) ;
#4141 = CARTESIAN_POINT ( 'NONE',  ( -0.1682119218709047515, -0.2931356558383235722, 0.3099999999999999978 ) ) ;
#4142 = CARTESIAN_POINT ( 'NONE',  ( -2.800000000000000711, 2.900000000000000355, 4.290000000000000036 ) ) ;
#4143 = COLOUR_RGB ( '',0.4313725490196078649, 0.3529411764705882026, 0.3725490196078431460 ) ;
#4144 = DIRECTION ( 'NONE',  ( 1.000000000000000000, 0.0000000000000000000, -0.0000000000000000000 ) ) ;
#4145 = MECHANICAL_DESIGN_GEOMETRIC_PRESENTATION_REPRESENTATION (  '', ( #8297 ), #6079 ) ;
#4146 = ADVANCED_FACE ( 'NONE', ( #6793 ), #6495, .F. ) ;
#4147 = DIRECTION ( 'NONE',  ( 1.000000000000000000, 0.0000000000000000000, 0.0000000000000000000 ) ) ;
#4148 = CARTESIAN_POINT ( 'NONE',  ( -1.084202172485504434E-16, -0.3574237646576489680, 0.2999999999999999889 ) ) ;
#4149 = ORIENTED_EDGE ( 'NONE', *, *, #4532, .T. ) ;
#4150 = CYLINDRICAL_SURFACE ( 'NONE', #4782, 0.09999999999999982514 ) ;
#4151 = EDGE_LOOP ( 'NONE', ( #3398, #6671, #132, #6344 ) ) ;
#4152 = FILL_AREA_STYLE_COLOUR ( '', #1245 ) ;
#4153 = UNCERTAINTY_MEASURE_WITH_UNIT (LENGTH_MEASURE( 1.000000000000000082E-05 ), #8336, 'distance_accuracy_value', 'NONE');
#4154 = MECHANICAL_DESIGN_GEOMETRIC_PRESENTATION_REPRESENTATION (  '', ( #8139 ), #612 ) ;
#4155 = CARTESIAN_POINT ( 'NONE',  ( -1.449999999999999956, 1.649999999999999689, 7.799999999999999822 ) ) ;
#4156 = CARTESIAN_POINT ( 'NONE',  ( -2.485912291827597098, 1.700000000000000178, 0.2890877081724209097 ) ) ;
#4157 = EDGE_LOOP ( 'NONE', ( #6266, #3659, #1336, #6054 ) ) ;
#4158 = CARTESIAN_POINT ( 'NONE',  ( 0.8749999999999998890, 1.224999999999999645, 10.40000000000000213 ) ) ;
#4159 = EDGE_CURVE ( 'NONE', #394, #5130, #3182, .T. ) ;
#4160 = ORIENTED_EDGE ( 'NONE', *, *, #6968, .F. ) ;
#4161 = VECTOR ( 'NONE', #1457, 1000.000000000000000 ) ;
#4162 = ORIENTED_EDGE ( 'NONE', *, *, #8108, .F. ) ;
#4163 = CARTESIAN_POINT ( 'NONE',  ( -0.09622713414634141704, 0.3035518450984487360, 0.3099999999999999978 ) ) ;
#4164 = CARTESIAN_POINT ( 'NONE',  ( -1.449999999999999512, -1.750000000000000222, 7.799999999999999822 ) ) ;
#4165 = CARTESIAN_POINT ( 'NONE',  ( -0.1780487804878047586, -0.07217200189396505428, 0.2999999999999999889 ) ) ;
#4166 = EDGE_LOOP ( 'NONE', ( #1299, #2075, #2815, #3093 ) ) ;
#4167 = CARTESIAN_POINT ( 'NONE',  ( -0.1804878048780486632, 0.2016082475374730842, 0.2999999999999999889 ) ) ;
#4168 = VECTOR ( 'NONE', #6833, 1000.000000000000000 ) ;
#4169 = CARTESIAN_POINT ( 'NONE',  ( 2.449999999999999289, -1.700000000000000178, 0.3499999999999999778 ) ) ;
#4170 = ORIENTED_EDGE ( 'NONE', *, *, #437, .T. ) ;
#4171 = STYLED_ITEM ( 'NONE', ( #685 ), #8522 ) ;
#4172 = LINE ( 'NONE', #8053, #3781 ) ;
#4173 = VECTOR ( 'NONE', #4189, 1000.000000000000000 ) ;
#4174 = MECHANICAL_DESIGN_GEOMETRIC_PRESENTATION_REPRESENTATION (  '', ( #4899 ), #6830 ) ;
#4175 = AXIS2_PLACEMENT_3D ( 'NONE', #5736, #1738, #6395 ) ;
#4176 = SURFACE_STYLE_USAGE ( .BOTH. , #7106 ) ;
#4177 = CARTESIAN_POINT ( 'NONE',  ( -0.1676829268292681641, 0.1547713572935706106, 0.3099999999999999978 ) ) ;
#4178 = ORIENTED_EDGE ( 'NONE', *, *, #437, .F. ) ;
#4179 = CARTESIAN_POINT ( 'NONE',  ( -2.100000000000014300, 2.299999999999999822, 0.2999999999999999889 ) ) ;
#4180 = CARTESIAN_POINT ( 'NONE',  ( 0.9749999999999999778, 1.124999999999999778, 8.650000000000000355 ) ) ;
#4181 = VERTEX_POINT ( 'NONE', #3213 ) ;
#4182 =( NAMED_UNIT ( * ) SI_UNIT ( $, .STERADIAN. ) SOLID_ANGLE_UNIT ( ) );
#4183 = EDGE_CURVE ( 'NONE', #2953, #1769, #1786, .T. ) ;
#4184 = SURFACE_STYLE_FILL_AREA ( #3052 ) ;
#4185 = EDGE_CURVE ( 'NONE', #6689, #567, #170, .T. ) ;
#4186 = VECTOR ( 'NONE', #1538, 1000.000000000000000 ) ;
#4187 = CARTESIAN_POINT ( 'NONE',  ( -4.150912291827595801, -0.2999999999999999334, 0.2890877081724139153 ) ) ;
#4188 = PLANE ( 'NONE',  #2332 ) ;
#4189 = DIRECTION ( 'NONE',  ( 1.322197771323786684E-17, -0.0000000000000000000, 1.000000000000000000 ) ) ;
#4190 = PRESENTATION_STYLE_ASSIGNMENT (( #392 ) ) ;
#4191 = UNCERTAINTY_MEASURE_WITH_UNIT (LENGTH_MEASURE( 1.000000000000000082E-05 ), #6234, 'distance_accuracy_value', 'NONE');
#4192 = PRESENTATION_LAYER_ASSIGNMENT (  '', '', ( #3266 ) ) ;
#4193 =( NAMED_UNIT ( * ) PLANE_ANGLE_UNIT ( ) SI_UNIT ( $, .RADIAN. ) );
#4194 = STYLED_ITEM ( 'NONE', ( #6442 ), #2453 ) ;
#4195 = PLANE ( 'NONE',  #1263 ) ;
#4196 = ORIENTED_EDGE ( 'NONE', *, *, #5707, .T. ) ;
#4197 = VECTOR ( 'NONE', #2874, 1000.000000000000000 ) ;
#4198 = CYLINDRICAL_SURFACE ( 'NONE', #1926, 0.09999999999999982514 ) ;
#4199 = CARTESIAN_POINT ( 'NONE',  ( 0.9750000000000001998, -1.125000000000000444, 9.650000000000000355 ) ) ;
#4200 = CARTESIAN_POINT ( 'NONE',  ( 0.0000000000000000000, 0.0000000000000000000, 0.3099999999999999978 ) ) ;
#4201 = ORIENTED_EDGE ( 'NONE', *, *, #4039, .F. ) ;
#4202 = CARTESIAN_POINT ( 'NONE',  ( -5.945112498541120505E-17, 0.4230640402204000616, 0.2999999999999999889 ) ) ;
#4203 = PLANE ( 'NONE',  #5137 ) ;
#4204 = ORIENTED_EDGE ( 'NONE', *, *, #1742, .T. ) ;
#4205 = VECTOR ( 'NONE', #2293, 1000.000000000000000 ) ;
#4206 = DIRECTION ( 'NONE',  ( -0.0000000000000000000, 0.0000000000000000000, 1.000000000000000000 ) ) ;
#4207 = PRESENTATION_LAYER_ASSIGNMENT (  '', '', ( #1665 ) ) ;
#4208 = LINE ( 'NONE', #3333, #2003 ) ;
#4209 = CIRCLE ( 'NONE', #6267, 0.1000000000000000472 ) ;
#4210 =( GEOMETRIC_REPRESENTATION_CONTEXT ( 3 ) GLOBAL_UNCERTAINTY_ASSIGNED_CONTEXT ( ( #3997 ) ) GLOBAL_UNIT_ASSIGNED_CONTEXT ( ( #1113, #8449, #7076 ) ) REPRESENTATION_CONTEXT ( 'NONE', 'WORKASPACE' ) );
#4211 = DIRECTION ( 'NONE',  ( 1.000000000000000000, 8.850629979473508477E-17, -0.0000000000000000000 ) ) ;
#4212 = CARTESIAN_POINT ( 'NONE',  ( 1.449999999999999956, 1.649999999999999689, 5.500000000000000000 ) ) ;
#4213 = ORIENTED_EDGE ( 'NONE', *, *, #3875, .T. ) ;
#4214 = LINE ( 'NONE', #1572, #7708 ) ;
#4215 = FACE_OUTER_BOUND ( 'NONE', #5163, .T. ) ;
#4216 = ORIENTED_EDGE ( 'NONE', *, *, #782, .T. ) ;
#4217 = LINE ( 'NONE', #6821, #2445 ) ;
#4218 = CARTESIAN_POINT ( 'NONE',  ( -0.2000000000000000111, -0.08703504514545377935, 0.2999999999999999889 ) ) ;
#4219 =( NAMED_UNIT ( * ) PLANE_ANGLE_UNIT ( ) SI_UNIT ( $, .RADIAN. ) );
#4220 = VECTOR ( 'NONE', #5722, 1000.000000000000000 ) ;
#4221 = DIRECTION ( 'NONE',  ( 0.0000000000000000000, 0.0000000000000000000, -1.000000000000000000 ) ) ;
#4222 = EDGE_CURVE ( 'NONE', #4378, #5513, #5746, .T. ) ;
#4223 = CARTESIAN_POINT ( 'NONE',  ( 1.000000000000000000, -1.750000000000000222, 5.500000000000000000 ) ) ;
#4224 = PRESENTATION_STYLE_ASSIGNMENT (( #2605 ) ) ;
#4225 = ORIENTED_EDGE ( 'NONE', *, *, #2207, .F. ) ;
#4226 = LINE ( 'NONE', #1969, #7 ) ;
#4227 = DIRECTION ( 'NONE',  ( -0.0000000000000000000, 1.000000000000000000, -0.0000000000000000000 ) ) ;
#4228 = CARTESIAN_POINT ( 'NONE',  ( -2.800000000000000711, 2.900000000000000355, 5.399999999999999467 ) ) ;
#4229 = DIRECTION ( 'NONE',  ( -0.0000000000000000000, 1.000000000000000000, 0.0000000000000000000 ) ) ;
#4230 = FACE_OUTER_BOUND ( 'NONE', #6168, .T. ) ;
#4231 = PRODUCT_DEFINITION ( '未知', '', #7758, #4400 ) ;
#4232 = ORIENTED_EDGE ( 'NONE', *, *, #6822, .T. ) ;
#4233 = EDGE_CURVE ( 'NONE', #7549, #6165, #7813, .T. ) ;
#4234 = SURFACE_SIDE_STYLE ('',( #634 ) ) ;
#4235 = CARTESIAN_POINT ( 'NONE',  ( -1.499999999999999778, -2.750000000000000444, 0.5000000000000000000 ) ) ;
#4236 = STYLED_ITEM ( 'NONE', ( #5601 ), #401 ) ;
#4237 = SURFACE_STYLE_FILL_AREA ( #5826 ) ;
#4238 = EDGE_LOOP ( 'NONE', ( #5092, #25, #6561, #6121, #70, #3042 ) ) ;
#4239 = SURFACE_SIDE_STYLE ('',( #3685 ) ) ;
#4240 = ORIENTED_EDGE ( 'NONE', *, *, #4857, .T. ) ;
#4241 = FACE_OUTER_BOUND ( 'NONE', #6750, .T. ) ;
#4242 = VECTOR ( 'NONE', #3327, 1000.000000000000000 ) ;
#4243 = FILL_AREA_STYLE_COLOUR ( '', #1115 ) ;
#4244 = EDGE_CURVE ( 'NONE', #1933, #4330, #6473, .T. ) ;
#4245 = DIRECTION ( 'NONE',  ( 1.000000000000000000, 0.0000000000000000000, 0.0000000000000000000 ) ) ;
#4246 = CARTESIAN_POINT ( 'NONE',  ( 0.001669631167435280464, 0.1822058055843572832, 0.3099999999999999978 ) ) ;
#4247 = ORIENTED_EDGE ( 'NONE', *, *, #2458, .T. ) ;
#4248 = AXIS2_PLACEMENT_3D ( 'NONE', #2519, #7135, #7172 ) ;
#4249 = CARTESIAN_POINT ( 'NONE',  ( -0.2000000000000001499, -0.2818140085600878697, 0.2999999999999999889 ) ) ;
#4250 = STYLED_ITEM ( 'NONE', ( #7200 ), #1759 ) ;
#4251 = SURFACE_SIDE_STYLE ('',( #3313 ) ) ;
#4252 = DIRECTION ( 'NONE',  ( 0.0000000000000000000, -0.0000000000000000000, -1.000000000000000000 ) ) ;
#4253 = EDGE_CURVE ( 'NONE', #1421, #6328, #2660, .T. ) ;
#4254 = CARTESIAN_POINT ( 'NONE',  ( -1.500000000000000000, 2.999999999999999112, 0.2999999999999999889 ) ) ;
#4255 = ORIENTED_EDGE ( 'NONE', *, *, #5019, .F. ) ;
#4256 =( NAMED_UNIT ( * ) SI_UNIT ( $, .STERADIAN. ) SOLID_ANGLE_UNIT ( ) );
#4257 = DIRECTION ( 'NONE',  ( -0.4813095137127779144, 0.8765507127426052092, 0.0000000000000000000 ) ) ;
#4258 = CARTESIAN_POINT ( 'NONE',  ( -2.900000000000000799, 2.900000000000000355, 0.2999999999999999889 ) ) ;
#4259 = AXIS2_PLACEMENT_3D ( 'NONE', #3442, #5448, #151 ) ;
#4260 = ORIENTED_EDGE ( 'NONE', *, *, #3287, .F. ) ;
#4261 = ORIENTED_EDGE ( 'NONE', *, *, #1904, .F. ) ;
#4262 = PRESENTATION_STYLE_ASSIGNMENT (( #7909 ) ) ;
#4263 = EDGE_CURVE ( 'NONE', #5443, #3654, #4431, .T. ) ;
#4264 = CARTESIAN_POINT ( 'NONE',  ( 2.799999999999998934, 2.900000000000000355, 5.500000000000000000 ) ) ;
#4265 = DIRECTION ( 'NONE',  ( -1.322197771323786684E-17, 0.0000000000000000000, -1.000000000000000000 ) ) ;
#4266 = EDGE_LOOP ( 'NONE', ( #5949, #8051, #8407 ) ) ;
#4267 = COLOUR_RGB ( '',0.4313725490196078649, 0.3529411764705882026, 0.3725490196078431460 ) ;
#4268 = ORIENTED_EDGE ( 'NONE', *, *, #713, .T. ) ;
#4269 = FILL_AREA_STYLE_COLOUR ( '', #114 ) ;
#4270 = CARTESIAN_POINT ( 'NONE',  ( -0.02195121951219501308, -0.05742376465764913868, 0.2999999999999999889 ) ) ;
#4271 = DIRECTION ( 'NONE',  ( 1.000000000000000000, 0.0000000000000000000, 0.0000000000000000000 ) ) ;
#4272 = DIRECTION ( 'NONE',  ( 1.000000000000000000, 8.850629979473508477E-17, -0.0000000000000000000 ) ) ;
#4273 = SURFACE_STYLE_FILL_AREA ( #5855 ) ;
#4274 = FILL_AREA_STYLE_COLOUR ( '', #358 ) ;
#4275 = VERTEX_POINT ( 'NONE', #6813 ) ;
#4276 = ORIENTED_EDGE ( 'NONE', *, *, #497, .F. ) ;
#4277 = CARTESIAN_POINT ( 'NONE',  ( -0.07415100955989956111, 0.2726440555890137785, 0.2999999999999999889 ) ) ;
#4278 = SURFACE_SIDE_STYLE ('',( #1238 ) ) ;
#4279 = VECTOR ( 'NONE', #7367, 1000.000000000000000 ) ;
#4280 = AXIS2_PLACEMENT_3D ( 'NONE', #4285, #2149, #4257 ) ;
#4281 = SURFACE_SIDE_STYLE ('',( #5709 ) ) ;
#4282 = CARTESIAN_POINT ( 'NONE',  ( -0.9749999999999999778, 1.124999999999999778, 9.650000000000000355 ) ) ;
#4283 = EDGE_CURVE ( 'NONE', #8112, #5681, #6057, .T. ) ;
#4284 = ADVANCED_FACE ( 'NONE', ( #3180 ), #254, .F. ) ;
#4285 = CARTESIAN_POINT ( 'NONE',  ( 2.034017743893765662, 1.116868741266024312, 4.289999999999999147 ) ) ;
#4286 = FACE_OUTER_BOUND ( 'NONE', #6941, .T. ) ;
#4287 = COLOUR_RGB ( '',0.7764705882352941346, 0.7568627450980391913, 0.7372549019607843590 ) ;
#4288 = CARTESIAN_POINT ( 'NONE',  ( 0.0000000000000000000, 0.0000000000000000000, 0.3099999999999999978 ) ) ;
#4289 = ADVANCED_FACE ( 'NONE', ( #569 ), #3912, .T. ) ;
#4290 = EDGE_LOOP ( 'NONE', ( #4651, #8187, #2158, #160 ) ) ;
#4291 =( NAMED_UNIT ( * ) PLANE_ANGLE_UNIT ( ) SI_UNIT ( $, .RADIAN. ) );
#4292 = CARTESIAN_POINT ( 'NONE',  ( 4.642445256390806029E-14, 0.1157469670496437120, 0.2999999999999999889 ) ) ;
#4293 = VECTOR ( 'NONE', #2224, 1000.000000000000000 ) ;
#4294 = ORIENTED_EDGE ( 'NONE', *, *, #6724, .F. ) ;
#4295 =( LENGTH_UNIT ( ) NAMED_UNIT ( * ) SI_UNIT ( .MILLI., .METRE. ) );
#4296 = ORIENTED_EDGE ( 'NONE', *, *, #990, .F. ) ;
#4297 = AXIS2_PLACEMENT_3D ( 'NONE', #5598, #6915, #3607 ) ;
#4298 = DIRECTION ( 'NONE',  ( 0.0000000000000000000, -0.0000000000000000000, -1.000000000000000000 ) ) ;
#4299 = PRESENTATION_LAYER_ASSIGNMENT (  '', '', ( #3868 ) ) ;
#4300 = SURFACE_SIDE_STYLE ('',( #3521 ) ) ;
#4301 = VECTOR ( 'NONE', #5789, 1000.000000000000000 ) ;
#4302 = CARTESIAN_POINT ( 'NONE',  ( -0.006049827965546907861, 0.1646095802989714918, 0.3099999999999999978 ) ) ;
#4303 = SURFACE_SIDE_STYLE ('',( #3106 ) ) ;
#4304 = UNCERTAINTY_MEASURE_WITH_UNIT (LENGTH_MEASURE( 1.000000000000000082E-05 ), #616, 'distance_accuracy_value', 'NONE');
#4305 = FILL_AREA_STYLE_COLOUR ( '', #1273 ) ;
#4306 = ORIENTED_EDGE ( 'NONE', *, *, #7578, .F. ) ;
#4307 =( NAMED_UNIT ( * ) SI_UNIT ( $, .STERADIAN. ) SOLID_ANGLE_UNIT ( ) );
#4308 = CIRCLE ( 'NONE', #7005, 0.1000000000000000472 ) ;
#4309 = LINE ( 'NONE', #6937, #168 ) ;
#4310 = DIRECTION ( 'NONE',  ( 0.0000000000000000000, 0.0000000000000000000, -1.000000000000000000 ) ) ;
#4311 = AXIS2_PLACEMENT_3D ( 'NONE', #6476, #1191, #5369 ) ;
#4312 = CARTESIAN_POINT ( 'NONE',  ( -0.1817073170731706155, 0.01330794265942435335, 0.2999999999999999889 ) ) ;
#4313 = DIRECTION ( 'NONE',  ( 1.000000000000000000, 0.0000000000000000000, 0.0000000000000000000 ) ) ;
#4314 = STYLED_ITEM ( 'NONE', ( #1876 ), #2304 ) ;
#4315 = DIRECTION ( 'NONE',  ( 0.0000000000000000000, -0.0000000000000000000, -1.000000000000000000 ) ) ;
#4316 = VERTEX_POINT ( 'NONE', #4909 ) ;
#4317 = PLANE ( 'NONE',  #145 ) ;
#4318 = VERTEX_POINT ( 'NONE', #1568 ) ;
#4319 = FILL_AREA_STYLE ('',( #5852 ) ) ;
#4320 = EDGE_LOOP ( 'NONE', ( #1973, #3905, #5567, #3554 ) ) ;
#4321 = CARTESIAN_POINT ( 'NONE',  ( -0.9749999999999996447, -1.125000000000000666, 10.40000000000000213 ) ) ;
#4322 =( GEOMETRIC_REPRESENTATION_CONTEXT ( 3 ) GLOBAL_UNCERTAINTY_ASSIGNED_CONTEXT ( ( #2070 ) ) GLOBAL_UNIT_ASSIGNED_CONTEXT ( ( #1462, #7511, #3536 ) ) REPRESENTATION_CONTEXT ( 'NONE', 'WORKASPACE' ) );
#4323 = VERTEX_POINT ( 'NONE', #1599 ) ;
#4324 = VECTOR ( 'NONE', #2666, 1000.000000000000000 ) ;
#4325 =( LENGTH_UNIT ( ) NAMED_UNIT ( * ) SI_UNIT ( .MILLI., .METRE. ) );
#4326 =( NAMED_UNIT ( * ) PLANE_ANGLE_UNIT ( ) SI_UNIT ( $, .RADIAN. ) );
#4327 = LINE ( 'NONE', #6156, #7618 ) ;
#4328 = CARTESIAN_POINT ( 'NONE',  ( -0.9749999999999999778, 1.224999999999999645, 9.650000000000000355 ) ) ;
#4329 = DIRECTION ( 'NONE',  ( 0.0000000000000000000, 0.0000000000000000000, -1.000000000000000000 ) ) ;
#4330 = VERTEX_POINT ( 'NONE', #7465 ) ;
#4331 = COLOUR_RGB ( '',0.7764705882352941346, 0.7568627450980391913, 0.7372549019607843590 ) ;
#4332 =( LENGTH_UNIT ( ) NAMED_UNIT ( * ) SI_UNIT ( .MILLI., .METRE. ) );
#4333 = CARTESIAN_POINT ( 'NONE',  ( -0.2000000000000000111, -0.08703504514545377935, 0.2999999999999999889 ) ) ;
#4334 = LINE ( 'NONE', #829, #4118 ) ;
#4335 = MECHANICAL_DESIGN_GEOMETRIC_PRESENTATION_REPRESENTATION (  '', ( #4883 ), #4767 ) ;
#4336 = EDGE_CURVE ( 'NONE', #7435, #8209, #3687, .T. ) ;
#4337 = CARTESIAN_POINT ( 'NONE',  ( -1.349999999999999423, -1.650000000000000133, 7.799999999999999822 ) ) ;
#4338 = PRESENTATION_STYLE_ASSIGNMENT (( #4755 ) ) ;
#4339 = EDGE_LOOP ( 'NONE', ( #1368, #596, #8363, #2522 ) ) ;
#4340 = CARTESIAN_POINT ( 'NONE',  ( -0.1780487804878047586, 0.01330794265942434468, 0.2999999999999999889 ) ) ;
#4341 = EDGE_LOOP ( 'NONE', ( #876, #1963, #2643, #341 ) ) ;
#4342 = VECTOR ( 'NONE', #461, 1000.000000000000000 ) ;
#4343 =( NAMED_UNIT ( * ) SI_UNIT ( $, .STERADIAN. ) SOLID_ANGLE_UNIT ( ) );
#4344 = CARTESIAN_POINT ( 'NONE',  ( -0.1780487804878047586, 0.05111298737487153521, 0.2999999999999999889 ) ) ;
#4345 = MECHANICAL_DESIGN_GEOMETRIC_PRESENTATION_REPRESENTATION (  '', ( #3184 ), #4522 ) ;
#4346 = PRESENTATION_STYLE_ASSIGNMENT (( #3003 ) ) ;
#4347 = FACE_OUTER_BOUND ( 'NONE', #166, .T. ) ;
#4348 = EDGE_LOOP ( 'NONE', ( #1651, #2058, #3396, #1717 ) ) ;
#4349 = EDGE_CURVE ( 'NONE', #3859, #4819, #5335, .T. ) ;
#4350 = ORIENTED_EDGE ( 'NONE', *, *, #614, .T. ) ;
#4351 =( GEOMETRIC_REPRESENTATION_CONTEXT ( 3 ) GLOBAL_UNCERTAINTY_ASSIGNED_CONTEXT ( ( #510 ) ) GLOBAL_UNIT_ASSIGNED_CONTEXT ( ( #8513, #5974, #6556 ) ) REPRESENTATION_CONTEXT ( 'NONE', 'WORKASPACE' ) );
#4352 = PRESENTATION_STYLE_ASSIGNMENT (( #7177 ) ) ;
#4353 = FILL_AREA_STYLE ('',( #2559 ) ) ;
#4354 = DIRECTION ( 'NONE',  ( 0.0000000000000000000, -1.000000000000000000, 0.0000000000000000000 ) ) ;
#4355 = FACE_OUTER_BOUND ( 'NONE', #8231, .T. ) ;
#4356 = ORIENTED_EDGE ( 'NONE', *, *, #864, .F. ) ;
#4357 = EDGE_CURVE ( 'NONE', #3357, #1735, #3279, .T. ) ;
#4358 = CARTESIAN_POINT ( 'NONE',  ( 2.032879073410320814E-17, -0.2354725451454539875, 0.2999999999999999889 ) ) ;
#4359 = DIRECTION ( 'NONE',  ( 0.0000000000000000000, -0.0000000000000000000, 1.000000000000000000 ) ) ;
#4360 = AXIS2_PLACEMENT_3D ( 'NONE', #480, #5098, #5131 ) ;
#4361 = ADVANCED_FACE ( 'NONE', ( #4101 ), #1819, .F. ) ;
#4362 = ORIENTED_EDGE ( 'NONE', *, *, #2178, .T. ) ;
#4363 = PRESENTATION_STYLE_ASSIGNMENT (( #5267 ) ) ;
#4364 = MECHANICAL_DESIGN_GEOMETRIC_PRESENTATION_REPRESENTATION (  '', ( #6284 ), #4537 ) ;
#4365 = VERTEX_POINT ( 'NONE', #6474 ) ;
#4366 = DIRECTION ( 'NONE',  ( 0.0000000000000000000, 0.0000000000000000000, 1.000000000000000000 ) ) ;
#4367 =( NAMED_UNIT ( * ) PLANE_ANGLE_UNIT ( ) SI_UNIT ( $, .RADIAN. ) );
#4368 =( NAMED_UNIT ( * ) PLANE_ANGLE_UNIT ( ) SI_UNIT ( $, .RADIAN. ) );
#4369 = EDGE_CURVE ( 'NONE', #3917, #1271, #7295, .T. ) ;
#4370 = DIRECTION ( 'NONE',  ( -0.0000000000000000000, -1.000000000000000000, -0.0000000000000000000 ) ) ;
#4371 = ADVANCED_FACE ( 'NONE', ( #7917 ), #5762, .T. ) ;
#4372 = CARTESIAN_POINT ( 'NONE',  ( -0.09622713414634141704, 0.3035518450984487360, 0.2999999999999999889 ) ) ;
#4373 = ORIENTED_EDGE ( 'NONE', *, *, #731, .T. ) ;
#4374 = SURFACE_STYLE_FILL_AREA ( #5780 ) ;
#4375 = ORIENTED_EDGE ( 'NONE', *, *, #2161, .T. ) ;
#4376 = ADVANCED_FACE ( 'NONE', ( #2951 ), #1994, .T. ) ;
#4377 = STYLED_ITEM ( 'NONE', ( #6526 ), #3285 ) ;
#4378 = VERTEX_POINT ( 'NONE', #5035 ) ;
#4379 = VERTEX_POINT ( 'NONE', #2360 ) ;
#4380 = ORIENTED_EDGE ( 'NONE', *, *, #8168, .F. ) ;
#4381 = CARTESIAN_POINT ( 'NONE',  ( -0.1780487804878048141, -0.08692071587716113101, 0.2999999999999999889 ) ) ;
#4382 = EDGE_CURVE ( 'NONE', #7313, #6942, #5445, .T. ) ;
#4383 = CARTESIAN_POINT ( 'NONE',  ( -1.299966910219204886E-16, -0.3818136507441353689, 0.2999999999999999889 ) ) ;
#4384 = CIRCLE ( 'NONE', #3985, 0.07071067811865430763 ) ;
#4385 = ORIENTED_EDGE ( 'NONE', *, *, #1982, .F. ) ;
#4386 = EDGE_CURVE ( 'NONE', #5281, #5326, #5135, .T. ) ;
#4387 = DIRECTION ( 'NONE',  ( 0.0000000000000000000, 0.0000000000000000000, -1.000000000000000000 ) ) ;
#4388 = ORIENTED_EDGE ( 'NONE', *, *, #4710, .F. ) ;
#4389 = CARTESIAN_POINT ( 'NONE',  ( 2.800000000000000266, -3.000000000000000000, 5.500000000000000000 ) ) ;
#4390 = EDGE_CURVE ( 'NONE', #2300, #4181, #5549, .T. ) ;
#4391 = B_SPLINE_CURVE_WITH_KNOTS ( 'NONE', 3,
 ( #7732, #6952, #363, #2356, #7647 ),
 .UNSPECIFIED., .F., .F.,
 ( 4, 1, 4 ),
 ( 0.0000000000000000000, 0.4999999999999993339, 1.000000000000000000 ),
 .UNSPECIFIED. ) ;
#4392 = CARTESIAN_POINT ( 'NONE',  ( -2.800000000000000711, 2.900000000000000355, 5.399999999999999467 ) ) ;
#4393 = CIRCLE ( 'NONE', #1605, 0.3535533905932595200 ) ;
#4394 = VERTEX_POINT ( 'NONE', #3136 ) ;
#4395 = PRESENTATION_LAYER_ASSIGNMENT (  '', '', ( #3847 ) ) ;
#4396 = DIRECTION ( 'NONE',  ( 0.0000000000000000000, 0.0000000000000000000, -1.000000000000000000 ) ) ;
#4397 =( NAMED_UNIT ( * ) SI_UNIT ( $, .STERADIAN. ) SOLID_ANGLE_UNIT ( ) );
#4398 = EDGE_CURVE ( 'NONE', #3955, #385, #6771, .T. ) ;
#4399 = SURFACE_SIDE_STYLE ('',( #5896 ) ) ;
#4400 = PRODUCT_DEFINITION_CONTEXT ( 'detailed design', #2283, 'design' ) ;
#4401 = UNCERTAINTY_MEASURE_WITH_UNIT (LENGTH_MEASURE( 1.000000000000000082E-05 ), #8274, 'distance_accuracy_value', 'NONE');
#4402 = STYLED_ITEM ( 'NONE', ( #8444 ), #161 ) ;
#4403 = VECTOR ( 'NONE', #4310, 1000.000000000000000 ) ;
#4404 = CARTESIAN_POINT ( 'NONE',  ( -0.1670728373983739745, 0.08891769875698538050, 0.2999999999999999889 ) ) ;
#4405 = ORIENTED_EDGE ( 'NONE', *, *, #6872, .T. ) ;
#4406 = LINE ( 'NONE', #8395, #1890 ) ;
#4407 = DIRECTION ( 'NONE',  ( 0.0000000000000000000, 0.0000000000000000000, 1.000000000000000000 ) ) ;
#4408 = MECHANICAL_DESIGN_GEOMETRIC_PRESENTATION_REPRESENTATION (  '', ( #2053 ), #5731 ) ;
#4409 =( NAMED_UNIT ( * ) PLANE_ANGLE_UNIT ( ) SI_UNIT ( $, .RADIAN. ) );
#4410 = ORIENTED_EDGE ( 'NONE', *, *, #6517, .F. ) ;
#4411 = MECHANICAL_DESIGN_GEOMETRIC_PRESENTATION_REPRESENTATION (  '', ( #404 ), #6933 ) ;
#4412 = VERTEX_POINT ( 'NONE', #1524 ) ;
#4413 = DIRECTION ( 'NONE',  ( 1.000000000000000000, 0.0000000000000000000, 0.0000000000000000000 ) ) ;
#4414 = CARTESIAN_POINT ( 'NONE',  ( -4.150912291827595801, -0.2999999999999999334, 0.2890877081724139153 ) ) ;
#4415 = VECTOR ( 'NONE', #2659, 1000.000000000000000 ) ;
#4416 = EDGE_CURVE ( 'NONE', #7771, #1103, #1774, .T. ) ;
#4417 = PRESENTATION_STYLE_ASSIGNMENT (( #142 ) ) ;
#4418 = DIRECTION ( 'NONE',  ( -0.0000000000000000000, -1.000000000000000000, 0.0000000000000000000 ) ) ;
#4419 = COLOUR_RGB ( '',0.4313725490196078649, 0.3529411764705882026, 0.3725490196078431460 ) ;
#4420 = VECTOR ( 'NONE', #7462, 1000.000000000000000 ) ;
#4421 = CARTESIAN_POINT ( 'NONE',  ( -1.500000000000000000, 2.999999999999999112, 0.5000000000000000000 ) ) ;
#4422 = ORIENTED_EDGE ( 'NONE', *, *, #6820, .F. ) ;
#4423 = STYLED_ITEM ( 'NONE', ( #2066 ), #5916 ) ;
#4424 = CIRCLE ( 'NONE', #1590, 0.09999999999999939493 ) ;
#4425 = VECTOR ( 'NONE', #716, 1000.000000000000000 ) ;
#4426 = DIRECTION ( 'NONE',  ( 0.1105567340389882053, 0.0000000000000000000, -0.9938698146933694355 ) ) ;
#4427 = PRESENTATION_LAYER_ASSIGNMENT (  '', '', ( #1397 ) ) ;
#4428 = CARTESIAN_POINT ( 'NONE',  ( -0.01951219512195112582, 0.2061051987569851585, 0.2999999999999999889 ) ) ;
#4429 = CARTESIAN_POINT ( 'NONE',  ( -2.899999999999999911, -3.000000000000000000, 4.290000000000000036 ) ) ;
#4430 = FACE_OUTER_BOUND ( 'NONE', #8476, .T. ) ;
#4431 = B_SPLINE_CURVE_WITH_KNOTS ( 'NONE', 3,
 ( #6836, #4938, #1536, #3524, #3580 ),
 .UNSPECIFIED., .F., .F.,
 ( 4, 1, 4 ),
 ( 0.0000000000000000000, 0.5000000000000006661, 0.9999772222222216289 ),
 .UNSPECIFIED. ) ;
#4432 = ORIENTED_EDGE ( 'NONE', *, *, #1626, .F. ) ;
#4433 = VECTOR ( 'NONE', #5970, 1000.000000000000000 ) ;
#4434 = VECTOR ( 'NONE', #2789, 1000.000000000000000 ) ;
#4435 = FILL_AREA_STYLE ('',( #7651 ) ) ;
#4436 = PLANE ( 'NONE',  #6682 ) ;
#4437 =( GEOMETRIC_REPRESENTATION_CONTEXT ( 3 ) GLOBAL_UNCERTAINTY_ASSIGNED_CONTEXT ( ( #56 ) ) GLOBAL_UNIT_ASSIGNED_CONTEXT ( ( #7316, #4071, #6712 ) ) REPRESENTATION_CONTEXT ( 'NONE', 'WORKASPACE' ) );
#4438 =( LENGTH_UNIT ( ) NAMED_UNIT ( * ) SI_UNIT ( .MILLI., .METRE. ) );
#4439 = CARTESIAN_POINT ( 'NONE',  ( 1.000000000000000000, -1.550000000000000266, 5.500000000000000000 ) ) ;
#4440 = ORIENTED_EDGE ( 'NONE', *, *, #4818, .F. ) ;
#4441 = VECTOR ( 'NONE', #2851, 1000.000000000000000 ) ;
#4442 = DIRECTION ( 'NONE',  ( 0.0000000000000000000, 1.000000000000000000, 0.0000000000000000000 ) ) ;
#4443 = UNCERTAINTY_MEASURE_WITH_UNIT (LENGTH_MEASURE( 1.000000000000000082E-05 ), #8175, 'distance_accuracy_value', 'NONE');
#4444 = LINE ( 'NONE', #5960, #5783 ) ;
#4445 =( NAMED_UNIT ( * ) SI_UNIT ( $, .STERADIAN. ) SOLID_ANGLE_UNIT ( ) );
#4446 = FILL_AREA_STYLE ('',( #3151 ) ) ;
#4447 = FILL_AREA_STYLE ('',( #7146 ) ) ;
#4448 = VERTEX_POINT ( 'NONE', #5508 ) ;
#4449 = ORIENTED_EDGE ( 'NONE', *, *, #8381, .T. ) ;
#4450 = B_SPLINE_CURVE_WITH_KNOTS ( 'NONE', 3,
 ( #1696, #8318, #5026, #3737, #361 ),
 .UNSPECIFIED., .F., .F.,
 ( 4, 1, 4 ),
 ( 0.0000000000000000000, 0.5000000000000003331, 0.9999772222222218510 ),
 .UNSPECIFIED. ) ;
#4451 = AXIS2_PLACEMENT_3D ( 'NONE', #2861, #5667, #390 ) ;
#4452 =( NAMED_UNIT ( * ) SI_UNIT ( $, .STERADIAN. ) SOLID_ANGLE_UNIT ( ) );
#4453 = CARTESIAN_POINT ( 'NONE',  ( -4.535912291827592924, -2.299999999999999822, 0.2890877081724074205 ) ) ;
#4454 = CARTESIAN_POINT ( 'NONE',  ( -0.02003104241248938530, 0.1960236414910241920, 0.3099999999999999978 ) ) ;
#4455 = LINE ( 'NONE', #5485, #8270 ) ;
#4456 = COLOUR_RGB ( '',0.4313725490196078649, 0.3529411764705882026, 0.3725490196078431460 ) ;
#4457 = CARTESIAN_POINT ( 'NONE',  ( -0.9749999999999996447, -1.125000000000000888, 7.799999999999999822 ) ) ;
#4458 = SURFACE_STYLE_USAGE ( .BOTH. , #8463 ) ;
#4459 = ADVANCED_FACE ( 'NONE', ( #1565 ), #4806, .T. ) ;
#4460 = DIRECTION ( 'NONE',  ( -0.5078765015848867304, 0.0000000000000000000, -0.8614298921780556562 ) ) ;
#4461 = PRESENTATION_STYLE_ASSIGNMENT (( #5624 ) ) ;
#4462 = ADVANCED_FACE ( 'NONE', ( #6250 ), #4203, .T. ) ;
#4463 = EDGE_CURVE ( 'NONE', #5307, #4496, #3272, .T. ) ;
#4464 = VERTEX_POINT ( 'NONE', #7484 ) ;
#4465 =( NAMED_UNIT ( * ) PLANE_ANGLE_UNIT ( ) SI_UNIT ( $, .RADIAN. ) );
#4466 = AXIS2_PLACEMENT_3D ( 'NONE', #4941, #5603, #1602 ) ;
#4467 = CARTESIAN_POINT ( 'NONE',  ( -0.1999999999999999556, 0.1157469670496683034, 0.2999999999999999889 ) ) ;
#4468 = AXIS2_PLACEMENT_3D ( 'NONE', #7783, #1917, #553 ) ;
#4469 = DIRECTION ( 'NONE',  ( 1.000000000000000000, 0.0000000000000000000, 0.0000000000000000000 ) ) ;
#4470 = EDGE_CURVE ( 'NONE', #7648, #882, #2210, .T. ) ;
#4471 = CARTESIAN_POINT ( 'NONE',  ( -2.900000000000000799, 3.000000000000000000, 4.299999999999999822 ) ) ;
#4472 = CARTESIAN_POINT ( 'NONE',  ( 4.535912291827594700, -0.2999999999999999334, 0.2890877081724139153 ) ) ;
#4473 = CARTESIAN_POINT ( 'NONE',  ( -4.150912291827595801, -1.700000000000000178, 0.2890877081724074205 ) ) ;
#4474 = ORIENTED_EDGE ( 'NONE', *, *, #19, .T. ) ;
#4475 = FACE_OUTER_BOUND ( 'NONE', #2323, .T. ) ;
#4476 = PRESENTATION_STYLE_ASSIGNMENT (( #8141 ) ) ;
#4477 = EDGE_LOOP ( 'NONE', ( #370, #3642, #6541, #4149 ) ) ;
#4478 = UNCERTAINTY_MEASURE_WITH_UNIT (LENGTH_MEASURE( 1.000000000000000082E-05 ), #2586, 'distance_accuracy_value', 'NONE');
#4479 = FILL_AREA_STYLE_COLOUR ( '', #4859 ) ;
#4480 = FILL_AREA_STYLE ('',( #1889 ) ) ;
#4481 = PRESENTATION_STYLE_ASSIGNMENT (( #2623 ) ) ;
#4482 = CARTESIAN_POINT ( 'NONE',  ( -0.1615853658536586523, -0.2980868744137465387, 0.2999999999999999889 ) ) ;
#4483 = SURFACE_STYLE_USAGE ( .BOTH. , #2441 ) ;
#4484 = PRESENTATION_LAYER_ASSIGNMENT (  '', '', ( #4194 ) ) ;
#4485 = VERTEX_POINT ( 'NONE', #7512 ) ;
#4486 = VECTOR ( 'NONE', #8260, 1000.000000000000000 ) ;
#4487 = ORIENTED_EDGE ( 'NONE', *, *, #2095, .F. ) ;
#4488 = DIRECTION ( 'NONE',  ( -1.327594496921025717E-16, 1.000000000000000000, -0.0000000000000000000 ) ) ;
#4489 = CARTESIAN_POINT ( 'NONE',  ( -0.07804878048780500288, -0.3281935817308196945, 0.2999999999999999889 ) ) ;
#4490 = DIRECTION ( 'NONE',  ( 0.0000000000000000000, 0.0000000000000000000, -1.000000000000000000 ) ) ;
#4491 = EDGE_CURVE ( 'NONE', #7605, #3755, #7805, .T. ) ;
#4492 = FILL_AREA_STYLE_COLOUR ( '', #2015 ) ;
#4493 = FACE_OUTER_BOUND ( 'NONE', #2103, .T. ) ;
#4494 = EDGE_LOOP ( 'NONE', ( #5223, #7009, #8453, #4506 ) ) ;
#4495 = DIRECTION ( 'NONE',  ( -1.322197771323786684E-17, 0.0000000000000000000, -1.000000000000000000 ) ) ;
#4496 = VERTEX_POINT ( 'NONE', #5615 ) ;
#4497 = SURFACE_STYLE_FILL_AREA ( #7973 ) ;
#4498 = ORIENTED_EDGE ( 'NONE', *, *, #3516, .T. ) ;
#4499 = AXIS2_PLACEMENT_3D ( 'NONE', #2907, #4903, #323 ) ;
#4500 = AXIS2_PLACEMENT_3D ( 'NONE', #875, #900, #2217 ) ;
#4501 = CIRCLE ( 'NONE', #8457, 0.07071067811864449604 ) ;
#4502 =( NAMED_UNIT ( * ) SI_UNIT ( $, .STERADIAN. ) SOLID_ANGLE_UNIT ( ) );
#4503 = FACE_OUTER_BOUND ( 'NONE', #3103, .T. ) ;
#4504 = EDGE_CURVE ( 'NONE', #858, #4568, #8218, .T. ) ;
#4505 = ORIENTED_EDGE ( 'NONE', *, *, #7393, .F. ) ;
#4506 = ORIENTED_EDGE ( 'NONE', *, *, #5562, .F. ) ;
#4507 = SURFACE_STYLE_USAGE ( .BOTH. , #7807 ) ;
#4508 = ADVANCED_FACE ( 'NONE', ( #1166 ), #1861, .F. ) ;
#4509 = DIRECTION ( 'NONE',  ( -1.000000000000000000, 0.0000000000000000000, 0.0000000000000000000 ) ) ;
#4510 = EDGE_CURVE ( 'NONE', #2358, #2394, #4512, .T. ) ;
#4511 = FILL_AREA_STYLE ('',( #8393 ) ) ;
#4512 = LINE ( 'NONE', #2201, #3570 ) ;
#4513 = ORIENTED_EDGE ( 'NONE', *, *, #4574, .F. ) ;
#4514 = EDGE_CURVE ( 'NONE', #2830, #4097, #5540, .T. ) ;
#4515 = ORIENTED_EDGE ( 'NONE', *, *, #4039, .T. ) ;
#4516 = CARTESIAN_POINT ( 'NONE',  ( -0.1689004901895844457, -0.2963381503818741103, 0.3099999999999999978 ) ) ;
#4517 = CIRCLE ( 'NONE', #7179, 0.09999999999999982514 ) ;
#4519 = CARTESIAN_POINT ( 'NONE',  ( -0.8749999999999995559, -1.125000000000000666, 9.650000000000000355 ) ) ;
#4518 = FILL_AREA_STYLE ('',( #1148 ) ) ;
#4520 = UNCERTAINTY_MEASURE_WITH_UNIT (LENGTH_MEASURE( 1.000000000000000082E-05 ), #7527, 'distance_accuracy_value', 'NONE');
#4521 = COLOUR_RGB ( '',0.4313725490196078649, 0.3529411764705882026, 0.3725490196078431460 ) ;
#4522 =( GEOMETRIC_REPRESENTATION_CONTEXT ( 3 ) GLOBAL_UNCERTAINTY_ASSIGNED_CONTEXT ( ( #6469 ) ) GLOBAL_UNIT_ASSIGNED_CONTEXT ( ( #2079, #3492, #6722 ) ) REPRESENTATION_CONTEXT ( 'NONE', 'WORKASPACE' ) );
#4523 = CARTESIAN_POINT ( 'NONE',  ( 4.413250983545655222E-14, -0.08497711831616255873, 0.2999999999999999889 ) ) ;
#4524 = CARTESIAN_POINT ( 'NONE',  ( -2.400000000000006128, -0.2999999999999999334, 0.2999999999999999889 ) ) ;
#4525 = PRESENTATION_LAYER_ASSIGNMENT (  '', '', ( #51 ) ) ;
#4526 = SURFACE_SIDE_STYLE ('',( #176 ) ) ;
#4527 = ORIENTED_EDGE ( 'NONE', *, *, #86, .T. ) ;
#4528 = AXIS2_PLACEMENT_3D ( 'NONE', #2600, #1190, #2514 ) ;
#4529 = EDGE_CURVE ( 'NONE', #38, #2044, #3057, .T. ) ;
#4530 = PRESENTATION_STYLE_ASSIGNMENT (( #3550 ) ) ;
#4531 = ORIENTED_EDGE ( 'NONE', *, *, #4083, .T. ) ;
#4532 = EDGE_CURVE ( 'NONE', #4751, #3062, #2528, .T. ) ;
#4533 = FILL_AREA_STYLE ('',( #8385 ) ) ;
#4534 = LINE ( 'NONE', #7588, #1907 ) ;
#4535 = AXIS2_PLACEMENT_3D ( 'NONE', #1494, #6157, #2188 ) ;
#4536 = CARTESIAN_POINT ( 'NONE',  ( -0.03333333333333345777, -0.3736839272592750172, 0.2999999999999999889 ) ) ;
#4537 =( GEOMETRIC_REPRESENTATION_CONTEXT ( 3 ) GLOBAL_UNCERTAINTY_ASSIGNED_CONTEXT ( ( #6632 ) ) GLOBAL_UNIT_ASSIGNED_CONTEXT ( ( #6305, #3752, #4989 ) ) REPRESENTATION_CONTEXT ( 'NONE', 'WORKASPACE' ) );
#4538 = FACE_OUTER_BOUND ( 'NONE', #4290, .T. ) ;
#4539 = CARTESIAN_POINT ( 'NONE',  ( -0.07237685117584907735, 0.3003277933331639504, 0.3099999999999999978 ) ) ;
#4540 = ORIENTED_EDGE ( 'NONE', *, *, #5402, .T. ) ;
#4541 = LINE ( 'NONE', #4641, #3598 ) ;
#4542 =( LENGTH_UNIT ( ) NAMED_UNIT ( * ) SI_UNIT ( .MILLI., .METRE. ) );
#4543 = CARTESIAN_POINT ( 'NONE',  ( -0.003803643838042890073, -0.1107277380426487101, 0.3099999999999999978 ) ) ;
#4544 = PRESENTATION_STYLE_ASSIGNMENT (( #8176 ) ) ;
#4545 = CARTESIAN_POINT ( 'NONE',  ( 0.002439024390243987005, 0.2098018450984485972, 0.2999999999999999889 ) ) ;
#4546 = FACE_OUTER_BOUND ( 'NONE', #6490, .T. ) ;
#4547 = MECHANICAL_DESIGN_GEOMETRIC_PRESENTATION_REPRESENTATION (  '', ( #4423 ), #7247 ) ;
#4548 = ORIENTED_EDGE ( 'NONE', *, *, #343, .F. ) ;
#4549 = CARTESIAN_POINT ( 'NONE',  ( 1.500000000000000000, -3.000000000000000000, 0.2999999999999999889 ) ) ;
#4550 = AXIS2_PLACEMENT_3D ( 'NONE', #411, #5175, #2508 ) ;
#4551 = CARTESIAN_POINT ( 'NONE',  ( -0.02095757235475189870, 0.1780205318248705149, 0.3099999999999999978 ) ) ;
#4552 = ADVANCED_FACE ( 'NONE', ( #3164 ), #608, .F. ) ;
#4553 = DIRECTION ( 'NONE',  ( 2.168404344971009115E-16, -1.000000000000000000, 0.0000000000000000000 ) ) ;
#4554 = UNCERTAINTY_MEASURE_WITH_UNIT (LENGTH_MEASURE( 1.000000000000000082E-05 ), #2030, 'distance_accuracy_value', 'NONE');
#4555 = VECTOR ( 'NONE', #2055, 1000.000000000000000 ) ;
#4556 = FILL_AREA_STYLE ('',( #7126 ) ) ;
#4557 = ORIENTED_EDGE ( 'NONE', *, *, #5948, .T. ) ;
#4558 = DIRECTION ( 'NONE',  ( -0.0000000000000000000, 0.0000000000000000000, 1.000000000000000000 ) ) ;
#4559 = ORIENTED_EDGE ( 'NONE', *, *, #2038, .F. ) ;
#4560 = FACE_OUTER_BOUND ( 'NONE', #150, .T. ) ;
#4561 =( LENGTH_UNIT ( ) NAMED_UNIT ( * ) SI_UNIT ( .MILLI., .METRE. ) );
#4562 = DIRECTION ( 'NONE',  ( 0.0000000000000000000, -0.0000000000000000000, -1.000000000000000000 ) ) ;
#4563 = EDGE_CURVE ( 'NONE', #62, #6497, #5945, .T. ) ;
#4564 = FILL_AREA_STYLE ('',( #5247 ) ) ;
#4565 = CARTESIAN_POINT ( 'NONE',  ( -0.01036585365853647835, 0.1547713572935705273, 0.2999999999999999889 ) ) ;
#4566 = EDGE_LOOP ( 'NONE', ( #6847, #7018, #110, #6447 ) ) ;
#4567 = CARTESIAN_POINT ( 'NONE',  ( -0.1792204018677653887, 0.1778715522303551677, 0.3099999999999999978 ) ) ;
#4568 = VERTEX_POINT ( 'NONE', #1193 ) ;
#4569 = SURFACE_STYLE_FILL_AREA ( #7865 ) ;
#4570 =( GEOMETRIC_REPRESENTATION_CONTEXT ( 3 ) GLOBAL_UNCERTAINTY_ASSIGNED_CONTEXT ( ( #1663 ) ) GLOBAL_UNIT_ASSIGNED_CONTEXT ( ( #3161, #2539, #7761 ) ) REPRESENTATION_CONTEXT ( 'NONE', 'WORKASPACE' ) );
#4571 =( LENGTH_UNIT ( ) NAMED_UNIT ( * ) SI_UNIT ( .MILLI., .METRE. ) );
#4572 = PRESENTATION_STYLE_ASSIGNMENT (( #6747 ) ) ;
#4573 = VERTEX_POINT ( 'NONE', #1252 ) ;
#4574 = EDGE_CURVE ( 'NONE', #7771, #1980, #2639, .T. ) ;
#4575 = SURFACE_STYLE_USAGE ( .BOTH. , #6616 ) ;
#4576 = CARTESIAN_POINT ( 'NONE',  ( -0.8749999999999998890, 1.124999999999999778, 8.650000000000000355 ) ) ;
#4577 = EDGE_LOOP ( 'NONE', ( #8509, #4160, #5106, #1298 ) ) ;
#4578 = DIRECTION ( 'NONE',  ( -0.0000000000000000000, -0.0000000000000000000, 1.000000000000000000 ) ) ;
#4579 = CYLINDRICAL_SURFACE ( 'NONE', #4550, 0.1000000000000000472 ) ;
#4580 = CARTESIAN_POINT ( 'NONE',  ( 2.485912291827593990, 0.2999999999999999334, 0.2890877081724148034 ) ) ;
#4581 =( GEOMETRIC_REPRESENTATION_CONTEXT ( 3 ) GLOBAL_UNCERTAINTY_ASSIGNED_CONTEXT ( ( #5310 ) ) GLOBAL_UNIT_ASSIGNED_CONTEXT ( ( #2393, #8412, #6357 ) ) REPRESENTATION_CONTEXT ( 'NONE', 'WORKASPACE' ) );
#4582 = EDGE_LOOP ( 'NONE', ( #6622, #4255, #2896, #5110 ) ) ;
#4583 = PRESENTATION_STYLE_ASSIGNMENT (( #5666 ) ) ;
#4584 = FILL_AREA_STYLE ('',( #2665 ) ) ;
#4585 = MECHANICAL_DESIGN_GEOMETRIC_PRESENTATION_REPRESENTATION (  '', ( #8390 ), #1427 ) ;
#4586 = ORIENTED_EDGE ( 'NONE', *, *, #1085, .T. ) ;
#4587 = FILL_AREA_STYLE_COLOUR ( '', #5263 ) ;
#4588 = SURFACE_STYLE_USAGE ( .BOTH. , #63 ) ;
#4589 = ADVANCED_FACE ( 'NONE', ( #1358 ), #5841, .T. ) ;
#4590 = SURFACE_STYLE_USAGE ( .BOTH. , #7210 ) ;
#4591 = EDGE_CURVE ( 'NONE', #4394, #201, #7581, .T. ) ;
#4592 = ORIENTED_EDGE ( 'NONE', *, *, #7521, .F. ) ;
#4593 = ADVANCED_FACE ( 'NONE', ( #7907 ), #3804, .F. ) ;
#4594 = VERTEX_POINT ( 'NONE', #2483 ) ;
#4595 = SURFACE_STYLE_USAGE ( .BOTH. , #5854 ) ;
#4596 = ORIENTED_EDGE ( 'NONE', *, *, #5400, .F. ) ;
#4597 = DIRECTION ( 'NONE',  ( 0.0000000000000000000, 1.000000000000000000, 0.0000000000000000000 ) ) ;
#4598 = CARTESIAN_POINT ( 'NONE',  ( -2.799999999999999822, -2.900000000000000355, 5.399999999999999467 ) ) ;
#4599 = VERTEX_POINT ( 'NONE', #1199 ) ;
#4600 = CARTESIAN_POINT ( 'NONE',  ( -0.2024390243902438047, 0.2018369060740585474, 0.2999999999999999889 ) ) ;
#4601 = EDGE_LOOP ( 'NONE', ( #3597, #4783, #6891, #7300 ) ) ;
#4602 = DIRECTION ( 'NONE',  ( 0.0000000000000000000, -1.000000000000000000, 0.0000000000000000000 ) ) ;
#4603 = SURFACE_SIDE_STYLE ('',( #5909 ) ) ;
#4604 = CARTESIAN_POINT ( 'NONE',  ( -2.449999999999999289, 0.0000000000000000000, 0.3499999999999999778 ) ) ;
#4605 = EDGE_CURVE ( 'NONE', #1395, #4568, #1156, .T. ) ;
#4606 = DIRECTION ( 'NONE',  ( 0.0000000000000000000, 1.000000000000000000, 0.0000000000000000000 ) ) ;
#4607 = LINE ( 'NONE', #7637, #4799 ) ;
#4608 = LINE ( 'NONE', #1842, #5939 ) ;
#4609 = STYLED_ITEM ( 'NONE', ( #4338 ), #6795 ) ;
#4610 = VECTOR ( 'NONE', #4805, 1000.000000000000000 ) ;
#4611 = VERTEX_POINT ( 'NONE', #954 ) ;
#4612 = ORIENTED_EDGE ( 'NONE', *, *, #3713, .F. ) ;
#4613 = PLANE ( 'NONE',  #1892 ) ;
#4614 = CARTESIAN_POINT ( 'NONE',  ( -1.499999999999999778, 2.750000000000000444, 0.2999999999999999889 ) ) ;
#4615 = DIRECTION ( 'NONE',  ( -0.0000000000000000000, -1.000000000000000000, -0.0000000000000000000 ) ) ;
#4616 = PRESENTATION_LAYER_ASSIGNMENT (  '', '', ( #8024 ) ) ;
#4617 = ORIENTED_EDGE ( 'NONE', *, *, #8263, .T. ) ;
#4618 = EDGE_CURVE ( 'NONE', #571, #6730, #8311, .T. ) ;
#4619 = ORIENTED_EDGE ( 'NONE', *, *, #6324, .F. ) ;
#4620 =( NAMED_UNIT ( * ) PLANE_ANGLE_UNIT ( ) SI_UNIT ( $, .RADIAN. ) );
#4621 = VECTOR ( 'NONE', #7330, 1000.000000000000000 ) ;
#4622 = SURFACE_STYLE_FILL_AREA ( #2937 ) ;
#4623 = CARTESIAN_POINT ( 'NONE',  ( -0.9749999999999996447, -1.125000000000000888, 9.650000000000000355 ) ) ;
#4624 = VECTOR ( 'NONE', #5207, 1000.000000000000000 ) ;
#4625 = ORIENTED_EDGE ( 'NONE', *, *, #8193, .T. ) ;
#4626 = DIRECTION ( 'NONE',  ( -1.000000000000000000, 0.0000000000000000000, -0.0000000000000000000 ) ) ;
#4627 = ORIENTED_EDGE ( 'NONE', *, *, #2289, .T. ) ;
#4628 = CARTESIAN_POINT ( 'NONE',  ( 2.799999999999998934, 2.900000000000000355, 4.299999999999999822 ) ) ;
#4629 = PRESENTATION_STYLE_ASSIGNMENT (( #5867 ) ) ;
#4630 = CIRCLE ( 'NONE', #6871, 0.09999999999999982514 ) ;
#4631 = DIRECTION ( 'NONE',  ( 6.098637220230959917E-14, -1.000000000000000000, 0.0000000000000000000 ) ) ;
#4632 = ADVANCED_FACE ( 'NONE', ( #1446 ), #8489, .F. ) ;
#4633 = SURFACE_STYLE_USAGE ( .BOTH. , #1347 ) ;
#4634 = STYLED_ITEM ( 'NONE', ( #6086 ), #3491 ) ;
#4635 = STYLED_ITEM ( 'NONE', ( #3975 ), #484 ) ;
#4636 = EDGE_LOOP ( 'NONE', ( #1659, #2236, #1613, #3321 ) ) ;
#4637 = FACE_OUTER_BOUND ( 'NONE', #1989, .T. ) ;
#4638 = SURFACE_STYLE_FILL_AREA ( #7277 ) ;
#4639 = DIRECTION ( 'NONE',  ( 0.0000000000000000000, -1.000000000000000000, 0.0000000000000000000 ) ) ;
#4640 = DIRECTION ( 'NONE',  ( -0.2499999999999998057, 0.0000000000000000000, -0.9682458365518542553 ) ) ;
#4641 = CARTESIAN_POINT ( 'NONE',  ( -1.499999999999999778, 2.750000000000000444, 0.2999999999999999889 ) ) ;
#4642 = CARTESIAN_POINT ( 'NONE',  ( -0.2000000000000000944, -0.2952288208855590179, 0.2999999999999999889 ) ) ;
#4643 = EDGE_CURVE ( 'NONE', #2169, #4897, #3903, .T. ) ;
#4644 = DIRECTION ( 'NONE',  ( 1.000000000000000000, 0.0000000000000000000, 0.0000000000000000000 ) ) ;
#4645 = VERTEX_POINT ( 'NONE', #1772 ) ;
#4646 = AXIS2_PLACEMENT_3D ( 'NONE', #1337, #2012, #8151 ) ;
#4647 = AXIS2_PLACEMENT_3D ( 'NONE', #245, #217, #6192 ) ;
#4648 = CARTESIAN_POINT ( 'NONE',  ( -0.2018470482731543059, 0.1767206533673904290, 0.3099999999999999978 ) ) ;
#4649 = COLOUR_RGB ( '',0.7764705882352941346, 0.7568627450980391913, 0.7372549019607843590 ) ;
#4650 = DIRECTION ( 'NONE',  ( 0.0000000000000000000, -1.000000000000000000, 0.0000000000000000000 ) ) ;
#4651 = ORIENTED_EDGE ( 'NONE', *, *, #7784, .T. ) ;
#4652 = ORIENTED_EDGE ( 'NONE', *, *, #3697, .F. ) ;
#4653 = UNCERTAINTY_MEASURE_WITH_UNIT (LENGTH_MEASURE( 1.000000000000000082E-05 ), #5768, 'distance_accuracy_value', 'NONE');
#4654 = LINE ( 'NONE', #2257, #1598 ) ;
#4655 = PRESENTATION_LAYER_ASSIGNMENT (  '', '', ( #3596 ) ) ;
#4656 = DIRECTION ( 'NONE',  ( 1.000000000000000000, -1.212335156506534113E-14, 0.0000000000000000000 ) ) ;
#4657 =( GEOMETRIC_REPRESENTATION_CONTEXT ( 3 ) GLOBAL_UNCERTAINTY_ASSIGNED_CONTEXT ( ( #2372 ) ) GLOBAL_UNIT_ASSIGNED_CONTEXT ( ( #7601, #4409, #5652 ) ) REPRESENTATION_CONTEXT ( 'NONE', 'WORKASPACE' ) );
#4658 = VERTEX_POINT ( 'NONE', #7787 ) ;
#4659 = EDGE_LOOP ( 'NONE', ( #5756, #7782, #6810, #5851, #5233, #7479, #7764, #1343, #5449, #8084 ) ) ;
#4660 = VECTOR ( 'NONE', #1004, 1000.000000000000000 ) ;
#4661 = COLOUR_RGB ( '',0.7764705882352941346, 0.7568627450980391913, 0.7372549019607843590 ) ;
#4662 = DIRECTION ( 'NONE',  ( -1.000000000000000000, 0.0000000000000000000, -0.0000000000000000000 ) ) ;
#4663 = B_SPLINE_CURVE_WITH_KNOTS ( 'NONE', 3,
 ( #4372, #598, #3923, #1872, #1838 ),
 .UNSPECIFIED., .F., .F.,
 ( 4, 1, 4 ),
 ( 0.0000000000000000000, 0.4453298189073909841, 0.9999934537179351324 ),
 .UNSPECIFIED. ) ;
#4664 = LINE ( 'NONE', #4328, #5393 ) ;
#4665 = ORIENTED_EDGE ( 'NONE', *, *, #3978, .F. ) ;
#4666 = FILL_AREA_STYLE_COLOUR ( '', #2399 ) ;
#4667 = DIRECTION ( 'NONE',  ( -1.000000000000000000, 0.0000000000000000000, -1.322197771323786684E-17 ) ) ;
#4668 = EDGE_CURVE ( 'NONE', #8375, #4394, #8526, .T. ) ;
#4669 = DIRECTION ( 'NONE',  ( 0.0000000000000000000, 0.0000000000000000000, 1.000000000000000000 ) ) ;
#4670 = DIRECTION ( 'NONE',  ( 8.850629979473508477E-17, -1.000000000000000000, 0.0000000000000000000 ) ) ;
#4671 = ADVANCED_FACE ( 'NONE', ( #3681 ), #6538, .T. ) ;
#4672 = VECTOR ( 'NONE', #5359, 1000.000000000000000 ) ;
#4673 = CARTESIAN_POINT ( 'NONE',  ( 1.449999999999999956, 1.649999999999999689, 7.799999999999999822 ) ) ;
#4674 = PRODUCT_DEFINITION_SHAPE ( 'NONE', 'NONE',  #4231 ) ;
#4675 = CARTESIAN_POINT ( 'NONE',  ( -0.8749999999999995559, -1.125000000000000666, 8.650000000000000355 ) ) ;
#4676 = EDGE_CURVE ( 'NONE', #3312, #1044, #4608, .T. ) ;
#4677 = SURFACE_SIDE_STYLE ('',( #3463 ) ) ;
#4678 = MECHANICAL_DESIGN_GEOMETRIC_PRESENTATION_REPRESENTATION (  '', ( #1467 ), #6981 ) ;
#4679 = VECTOR ( 'NONE', #8505, 1000.000000000000000 ) ;
#4680 = UNCERTAINTY_MEASURE_WITH_UNIT (LENGTH_MEASURE( 1.000000000000000082E-05 ), #7584, 'distance_accuracy_value', 'NONE');
#4681 = EDGE_CURVE ( 'NONE', #7404, #2953, #5238, .T. ) ;
#4682 = CARTESIAN_POINT ( 'NONE',  ( 2.502690172369287009E-17, 0.3718446946919447549, 0.2999999999999999889 ) ) ;
#4683 = ORIENTED_EDGE ( 'NONE', *, *, #3018, .F. ) ;
#4684 = ORIENTED_EDGE ( 'NONE', *, *, #508, .T. ) ;
#4685 =( GEOMETRIC_REPRESENTATION_CONTEXT ( 3 ) GLOBAL_UNCERTAINTY_ASSIGNED_CONTEXT ( ( #2211 ) ) GLOBAL_UNIT_ASSIGNED_CONTEXT ( ( #7587, #6350, #6262 ) ) REPRESENTATION_CONTEXT ( 'NONE', 'WORKASPACE' ) );
#4686 = FACE_OUTER_BOUND ( 'NONE', #2671, .T. ) ;
#4687 = PLANE ( 'NONE',  #3647 ) ;
#4688 = CARTESIAN_POINT ( 'NONE',  ( 4.535912291827592924, -2.299999999999999822, 0.2890877081724074205 ) ) ;
#4689 = CARTESIAN_POINT ( 'NONE',  ( -0.8749999999999995559, -1.225000000000000533, 10.40000000000000213 ) ) ;
#4690 = SURFACE_SIDE_STYLE ('',( #1281 ) ) ;
#4691 = CIRCLE ( 'NONE', #3646, 0.07071067811864449604 ) ;
#4692 = EDGE_LOOP ( 'NONE', ( #6374, #5418, #7162, #4440 ) ) ;
#4693 = DIRECTION ( 'NONE',  ( -0.0000000000000000000, -1.000000000000000000, -0.0000000000000000000 ) ) ;
#4694 =( LENGTH_UNIT ( ) NAMED_UNIT ( * ) SI_UNIT ( .MILLI., .METRE. ) );
#4695 = DIRECTION ( 'NONE',  ( 0.1105567340389909253, 0.0000000000000000000, -0.9938698146933692135 ) ) ;
#4696 = DIRECTION ( 'NONE',  ( 0.0000000000000000000, 0.0000000000000000000, -1.000000000000000000 ) ) ;
#4697 = CARTESIAN_POINT ( 'NONE',  ( -2.100000000000006750, 0.2999999999999999334, 0.2999999999999999889 ) ) ;
#4698 = ORIENTED_EDGE ( 'NONE', *, *, #6820, .T. ) ;
#4699 = PRESENTATION_STYLE_ASSIGNMENT (( #7285 ) ) ;
#4700 = ORIENTED_EDGE ( 'NONE', *, *, #2969, .T. ) ;
#4701 = DIRECTION ( 'NONE',  ( -0.0000000000000000000, 0.0000000000000000000, 1.000000000000000000 ) ) ;
#4702 = CIRCLE ( 'NONE', #64, 0.1000000000000000472 ) ;
#4703 = CARTESIAN_POINT ( 'NONE',  ( -0.02195121951219509635, 0.3962347719277171665, 0.3099999999999999978 ) ) ;
#4704 = VERTEX_POINT ( 'NONE', #1189 ) ;
#4705 = CARTESIAN_POINT ( 'NONE',  ( -2.034017743893765662, 1.116868741266024312, 0.5000000000000000000 ) ) ;
#4706 = VECTOR ( 'NONE', #2466, 1000.000000000000000 ) ;
#4707 = DIRECTION ( 'NONE',  ( 1.000000000000000000, 0.0000000000000000000, 0.0000000000000000000 ) ) ;
#4708 = SURFACE_STYLE_USAGE ( .BOTH. , #7990 ) ;
#4709 = PRESENTATION_STYLE_ASSIGNMENT (( #2001 ) ) ;
#4710 = EDGE_CURVE ( 'NONE', #8469, #4095, #6138, .T. ) ;
#4711 = EDGE_LOOP ( 'NONE', ( #7231, #6755, #2414, #5265 ) ) ;
#4712 =( NAMED_UNIT ( * ) SI_UNIT ( $, .STERADIAN. ) SOLID_ANGLE_UNIT ( ) );
#4713 = ADVANCED_FACE ( 'NONE', ( #2826 ), #7214, .T. ) ;
#4714 = CARTESIAN_POINT ( 'NONE',  ( -0.1999999999999999556, 0.1157469670496683034, 0.2999999999999999889 ) ) ;
#4715 = ORIENTED_EDGE ( 'NONE', *, *, #891, .T. ) ;
#4716 = ADVANCED_FACE ( 'NONE', ( #2099 ), #4800, .F. ) ;
#4717 = ORIENTED_EDGE ( 'NONE', *, *, #4244, .F. ) ;
#4718 = EDGE_CURVE ( 'NONE', #2044, #5057, #157, .T. ) ;
#4719 = LINE ( 'NONE', #271, #2742 ) ;
#4720 = DIRECTION ( 'NONE',  ( -0.0000000000000000000, 0.0000000000000000000, 1.000000000000000000 ) ) ;
#4721 = CARTESIAN_POINT ( 'NONE',  ( -0.02195121951219501655, -0.07161981547065730813, 0.2999999999999999889 ) ) ;
#4722 = EDGE_LOOP ( 'NONE', ( #6428, #5203, #1955, #6390 ) ) ;
#4723 = DIRECTION ( 'NONE',  ( -0.0000000000000000000, -0.0000000000000000000, 1.000000000000000000 ) ) ;
#4724 = CARTESIAN_POINT ( 'NONE',  ( -0.1967526002680525243, 0.1614756927265195152, 0.2999999999999999889 ) ) ;
#4725 = VERTEX_POINT ( 'NONE', #8146 ) ;
#4726 = COLOUR_RGB ( '',0.4313725490196078649, 0.3529411764705882026, 0.3725490196078431460 ) ;
#4727 = STYLED_ITEM ( 'NONE', ( #1679 ), #8075 ) ;
#4728 = EDGE_CURVE ( 'NONE', #2816, #5770, #8322, .T. ) ;
#4729 =( LENGTH_UNIT ( ) NAMED_UNIT ( * ) SI_UNIT ( .MILLI., .METRE. ) );
#4730 = ORIENTED_EDGE ( 'NONE', *, *, #2318, .F. ) ;
#4731 = SURFACE_STYLE_FILL_AREA ( #8143 ) ;
#4732 = CARTESIAN_POINT ( 'NONE',  ( 0.8750000000000001110, -1.125000000000000444, 10.40000000000000213 ) ) ;
#4733 = VECTOR ( 'NONE', #3645, 1000.000000000000000 ) ;
#4734 = FACE_OUTER_BOUND ( 'NONE', #7090, .T. ) ;
#4735 = DIRECTION ( 'NONE',  ( 0.0000000000000000000, 1.000000000000000000, -0.0000000000000000000 ) ) ;
#4736 = CIRCLE ( 'NONE', #2194, 0.07071067811864449604 ) ;
#4737 = ORIENTED_EDGE ( 'NONE', *, *, #7510, .T. ) ;
#4738 = CARTESIAN_POINT ( 'NONE',  ( 0.002439024390243986571, 0.2098018450984485972, 0.3099999999999999978 ) ) ;
#4739 = VECTOR ( 'NONE', #6097, 1000.000000000000000 ) ;
#4740 = AXIS2_PLACEMENT_3D ( 'NONE', #6201, #7500, #8107 ) ;
#4741 = STYLED_ITEM ( 'NONE', ( #412 ), #852 ) ;
#4742 = CIRCLE ( 'NONE', #1297, 0.09999999999999982514 ) ;
#4743 = ORIENTED_EDGE ( 'NONE', *, *, #5987, .T. ) ;
#4744 =( NAMED_UNIT ( * ) SI_UNIT ( $, .STERADIAN. ) SOLID_ANGLE_UNIT ( ) );
#4745 = DIRECTION ( 'NONE',  ( -0.0000000000000000000, -1.000000000000000000, -0.0000000000000000000 ) ) ;
#4746 = EDGE_CURVE ( 'NONE', #2060, #5443, #772, .T. ) ;
#4747 = CARTESIAN_POINT ( 'NONE',  ( -0.07415100955989956111, 0.2726440555890137785, 0.2999999999999999889 ) ) ;
#4748 = COLOUR_RGB ( '',0.4313725490196078649, 0.3529411764705882026, 0.3725490196078431460 ) ;
#4749 = VERTEX_POINT ( 'NONE', #3700 ) ;
#4750 = ADVANCED_FACE ( 'NONE', ( #1767 ), #5690, .T. ) ;
#4751 = VERTEX_POINT ( 'NONE', #6945 ) ;
#4752 = STYLED_ITEM ( 'NONE', ( #3880 ), #2538 ) ;
#4753 = LINE ( 'NONE', #7148, #5788 ) ;
#4754 =( NAMED_UNIT ( * ) PLANE_ANGLE_UNIT ( ) SI_UNIT ( $, .RADIAN. ) );
#4755 = SURFACE_STYLE_USAGE ( .BOTH. , #1334 ) ;
#4756 = FACE_OUTER_BOUND ( 'NONE', #2110, .T. ) ;
#4757 = ORIENTED_EDGE ( 'NONE', *, *, #3347, .F. ) ;
#4758 = ADVANCED_FACE ( 'NONE', ( #258 ), #4090, .F. ) ;
#4759 = SURFACE_STYLE_USAGE ( .BOTH. , #2381 ) ;
#4760 = FILL_AREA_STYLE ('',( #3520 ) ) ;
#4761 = CARTESIAN_POINT ( 'NONE',  ( -0.09999999999998447631, 0.1157469670496743680, 0.2999999999999999889 ) ) ;
#4762 = VERTEX_POINT ( 'NONE', #6318 ) ;
#4763 = EDGE_CURVE ( 'NONE', #1005, #664, #6536, .T. ) ;
#4764 = UNCERTAINTY_MEASURE_WITH_UNIT (LENGTH_MEASURE( 1.000000000000000082E-05 ), #8166, 'distance_accuracy_value', 'NONE');
#4765 = CARTESIAN_POINT ( 'NONE',  ( 2.800000000000000266, -3.000000000000000000, 5.399999999999999467 ) ) ;
#4766 = DIRECTION ( 'NONE',  ( 0.0000000000000000000, 1.000000000000000000, -0.0000000000000000000 ) ) ;
#4767 =( GEOMETRIC_REPRESENTATION_CONTEXT ( 3 ) GLOBAL_UNCERTAINTY_ASSIGNED_CONTEXT ( ( #4478 ) ) GLOBAL_UNIT_ASSIGNED_CONTEXT ( ( #2586, #676, #2677 ) ) REPRESENTATION_CONTEXT ( 'NONE', 'WORKASPACE' ) );
#4768 = CARTESIAN_POINT ( 'NONE',  ( -0.1804878048780486632, 0.2016082475374730842, 0.3099999999999999978 ) ) ;
#4769 = DIRECTION ( 'NONE',  ( -0.0000000000000000000, 0.0000000000000000000, 1.000000000000000000 ) ) ;
#4770 = ORIENTED_EDGE ( 'NONE', *, *, #2642, .F. ) ;
#4771 = EDGE_CURVE ( 'NONE', #2182, #8234, #3892, .T. ) ;
#4772 = VECTOR ( 'NONE', #8371, 1000.000000000000000 ) ;
#4773 = CARTESIAN_POINT ( 'NONE',  ( -0.09999999999998504530, -0.03059449636497195077, 0.2999999999999999889 ) ) ;
#4774 = ORIENTED_EDGE ( 'NONE', *, *, #5053, .T. ) ;
#4775 =( NAMED_UNIT ( * ) SI_UNIT ( $, .STERADIAN. ) SOLID_ANGLE_UNIT ( ) );
#4776 = VECTOR ( 'NONE', #4999, 1000.000000000000000 ) ;
#4777 =( GEOMETRIC_REPRESENTATION_CONTEXT ( 3 ) GLOBAL_UNCERTAINTY_ASSIGNED_CONTEXT ( ( #5572 ) ) GLOBAL_UNIT_ASSIGNED_CONTEXT ( ( #6251, #1533, #979 ) ) REPRESENTATION_CONTEXT ( 'NONE', 'WORKASPACE' ) );
#4778 = EDGE_LOOP ( 'NONE', ( #7963, #2779, #1158, #1646 ) ) ;
#4779 = MECHANICAL_DESIGN_GEOMETRIC_PRESENTATION_REPRESENTATION (  '', ( #6383 ), #5241 ) ;
#4780 = SURFACE_STYLE_USAGE ( .BOTH. , #6667 ) ;
#4781 = CYLINDRICAL_SURFACE ( 'NONE', #4311, 0.07071067811864449604 ) ;
#4782 = AXIS2_PLACEMENT_3D ( 'NONE', #2645, #4022, #7317 ) ;
#4783 = ORIENTED_EDGE ( 'NONE', *, *, #7422, .F. ) ;
#4784 = CARTESIAN_POINT ( 'NONE',  ( -0.1999999999999999278, 0.03038111339113169079, 0.2999999999999999889 ) ) ;
#4785 = ADVANCED_FACE ( 'NONE', ( #5129 ), #8105, .T. ) ;
#4786 = ORIENTED_EDGE ( 'NONE', *, *, #4728, .T. ) ;
#4787 = COLOUR_RGB ( '',0.4313725490196078649, 0.3529411764705882026, 0.3725490196078431460 ) ;
#4788 = ORIENTED_EDGE ( 'NONE', *, *, #3495, .F. ) ;
#4789 = DIRECTION ( 'NONE',  ( 1.000000000000000000, 0.0000000000000000000, 0.0000000000000000000 ) ) ;
#4790 = VERTEX_POINT ( 'NONE', #5644 ) ;
#4791 = CARTESIAN_POINT ( 'NONE',  ( -0.02195121951219501655, -0.08581553295033207684, 0.2999999999999999889 ) ) ;
#4792 =( GEOMETRIC_REPRESENTATION_CONTEXT ( 3 ) GLOBAL_UNCERTAINTY_ASSIGNED_CONTEXT ( ( #3777 ) ) GLOBAL_UNIT_ASSIGNED_CONTEXT ( ( #4571, #1893, #6554 ) ) REPRESENTATION_CONTEXT ( 'NONE', 'WORKASPACE' ) );
#4793 = UNCERTAINTY_MEASURE_WITH_UNIT (LENGTH_MEASURE( 1.000000000000000082E-05 ), #4438, 'distance_accuracy_value', 'NONE');
#4794 = DIRECTION ( 'NONE',  ( -1.000000000000000000, 0.0000000000000000000, 0.0000000000000000000 ) ) ;
#4795 = FILL_AREA_STYLE_COLOUR ( '', #5100 ) ;
#4796 = AXIS2_PLACEMENT_3D ( 'NONE', #6389, #5729, #2301 ) ;
#4797 = CARTESIAN_POINT ( 'NONE',  ( -2.799999999999999822, -2.900000000000000355, 5.500000000000000000 ) ) ;
#4798 = VECTOR ( 'NONE', #5500, 1000.000000000000000 ) ;
#4799 = VECTOR ( 'NONE', #1834, 1000.000000000000000 ) ;
#4800 = PLANE ( 'NONE',  #5686 ) ;
#4801 = ORIENTED_EDGE ( 'NONE', *, *, #198, .T. ) ;
#4802 = ORIENTED_EDGE ( 'NONE', *, *, #8381, .F. ) ;
#4803 = FILL_AREA_STYLE_COLOUR ( '', #704 ) ;
#4804 = COLOUR_RGB ( '',0.7764705882352941346, 0.7568627450980391913, 0.7372549019607843590 ) ;
#4805 = DIRECTION ( 'NONE',  ( 0.0000000000000000000, -0.0000000000000000000, -1.000000000000000000 ) ) ;
#4806 = CYLINDRICAL_SURFACE ( 'NONE', #4535, 0.3535533905932594645 ) ;
#4807 =( GEOMETRIC_REPRESENTATION_CONTEXT ( 3 ) GLOBAL_UNCERTAINTY_ASSIGNED_CONTEXT ( ( #190 ) ) GLOBAL_UNIT_ASSIGNED_CONTEXT ( ( #169, #4120, #6081 ) ) REPRESENTATION_CONTEXT ( 'NONE', 'WORKASPACE' ) );
#4808 = COLOUR_RGB ( '',0.4313725490196078649, 0.3529411764705882026, 0.3725490196078431460 ) ;
#4809 =( GEOMETRIC_REPRESENTATION_CONTEXT ( 3 ) GLOBAL_UNCERTAINTY_ASSIGNED_CONTEXT ( ( #6983 ) ) GLOBAL_UNIT_ASSIGNED_CONTEXT ( ( #3541, #7490, #947 ) ) REPRESENTATION_CONTEXT ( 'NONE', 'WORKASPACE' ) );
#4810 =( NAMED_UNIT ( * ) PLANE_ANGLE_UNIT ( ) SI_UNIT ( $, .RADIAN. ) );
#4811 = ORIENTED_EDGE ( 'NONE', *, *, #152, .T. ) ;
#4812 = DIRECTION ( 'NONE',  ( 1.000000000000000000, -0.0000000000000000000, -0.0000000000000000000 ) ) ;
#4813 = EDGE_LOOP ( 'NONE', ( #1229, #8181, #8542, #1387 ) ) ;
#4814 = SURFACE_SIDE_STYLE ('',( #8172 ) ) ;
#4815 = FILL_AREA_STYLE ('',( #2765 ) ) ;
#4816 = ORIENTED_EDGE ( 'NONE', *, *, #3381, .T. ) ;
#4817 = CARTESIAN_POINT ( 'NONE',  ( -0.1721544715447153040, 0.1547713572935706106, 0.2999999999999999889 ) ) ;
#4818 = EDGE_CURVE ( 'NONE', #102, #6807, #1157, .T. ) ;
#4819 = VERTEX_POINT ( 'NONE', #1628 ) ;
#4820 = VECTOR ( 'NONE', #52, 1000.000000000000000 ) ;
#4821 = DIRECTION ( 'NONE',  ( -1.000000000000000000, 1.302313156403485785E-15, 0.0000000000000000000 ) ) ;
#4822 = CARTESIAN_POINT ( 'NONE',  ( 4.150912291827595801, 1.700000000000000178, 0.2890877081724208542 ) ) ;
#4823 = UNCERTAINTY_MEASURE_WITH_UNIT (LENGTH_MEASURE( 1.000000000000000082E-05 ), #1057, 'distance_accuracy_value', 'NONE');
#4824 = EDGE_CURVE ( 'NONE', #5820, #5280, #2424, .T. ) ;
#4825 = CARTESIAN_POINT ( 'NONE',  ( 1.000000000000000000, -1.550000000000000266, 7.799999999999999822 ) ) ;
#4826 = PLANE ( 'NONE',  #4280 ) ;
#4827 = LINE ( 'NONE', #7440, #4420 ) ;
#4828 = CARTESIAN_POINT ( 'NONE',  ( -0.05162601626016258272, 0.3962347719277171665, 0.2999999999999999889 ) ) ;
#4829 = ORIENTED_EDGE ( 'NONE', *, *, #7693, .T. ) ;
#4830 = DIRECTION ( 'NONE',  ( 1.000000000000000000, 0.0000000000000000000, 0.0000000000000000000 ) ) ;
#4831 = SURFACE_STYLE_FILL_AREA ( #3616 ) ;
#4832 = ADVANCED_FACE ( 'NONE', ( #6147 ), #1359, .T. ) ;
#4833 = PRESENTATION_LAYER_ASSIGNMENT (  '', '', ( #1860 ) ) ;
#4834 = EDGE_CURVE ( 'NONE', #1607, #1919, #6651, .T. ) ;
#4835 = SURFACE_SIDE_STYLE ('',( #1805 ) ) ;
#4836 = DIRECTION ( 'NONE',  ( 1.000000000000000000, 0.0000000000000000000, 0.0000000000000000000 ) ) ;
#4837 = FILL_AREA_STYLE ('',( #6876 ) ) ;
#4838 =( GEOMETRIC_REPRESENTATION_CONTEXT ( 3 ) GLOBAL_UNCERTAINTY_ASSIGNED_CONTEXT ( ( #695 ) ) GLOBAL_UNIT_ASSIGNED_CONTEXT ( ( #1125, #5179, #1747 ) ) REPRESENTATION_CONTEXT ( 'NONE', 'WORKASPACE' ) );
#4839 = B_SPLINE_SURFACE_WITH_KNOTS ( 'NONE', 3, 1, ( 
 ( #5824, #7077 ),
 ( #5165, #7052 ),
 ( #6486, #4567 ),
 ( #3200, #3872 ),
 ( #5226, #550 ) ),
 .UNSPECIFIED., .F., .F., .F.,
 ( 4, 1, 4 ),
 ( 2, 2 ),
 ( 0.0000000000000000000, 0.5595633439762577321, 0.9999999999999998890 ),
 ( 0.0000000000000000000, 1.000000000000000000 ),
 .UNSPECIFIED. ) ;
#4840 = ORIENTED_EDGE ( 'NONE', *, *, #7577, .T. ) ;
#4841 = COLOUR_RGB ( '',0.7764705882352941346, 0.7568627450980391913, 0.7372549019607843590 ) ;
#4842 = CARTESIAN_POINT ( 'NONE',  ( 1.000000000000000000, -3.000000000000000000, 0.5000000000000000000 ) ) ;
#4843 = CARTESIAN_POINT ( 'NONE',  ( -4.150912291827595801, -2.299999999999999822, 7.799999999999999822 ) ) ;
#4844 = EDGE_CURVE ( 'NONE', #6479, #7571, #1556, .T. ) ;
#4845 = VECTOR ( 'NONE', #7980, 1000.000000000000000 ) ;
#4846 = CARTESIAN_POINT ( 'NONE',  ( -4.150912291827595801, 0.2999999999999999334, 0.2890877081724139153 ) ) ;
#4847 = ORIENTED_EDGE ( 'NONE', *, *, #7482, .F. ) ;
#4848 = CARTESIAN_POINT ( 'NONE',  ( -2.900000000000000799, 3.000000000000000000, 4.290000000000000036 ) ) ;
#4849 = CARTESIAN_POINT ( 'NONE',  ( -2.900000000000000799, 3.000000000000000000, 0.2999999999999999889 ) ) ;
#4850 = ORIENTED_EDGE ( 'NONE', *, *, #6194, .T. ) ;
#4851 = PRESENTATION_LAYER_ASSIGNMENT (  '', '', ( #295 ) ) ;
#4852 = LINE ( 'NONE', #3440, #6701 ) ;
#4853 = CARTESIAN_POINT ( 'NONE',  ( -0.1810973919616101213, 0.1547713572935706106, 0.2999999999999999889 ) ) ;
#4854 = STYLED_ITEM ( 'NONE', ( #4544 ), #963 ) ;
#4855 = DIRECTION ( 'NONE',  ( 1.000000000000000000, 0.0000000000000000000, 0.0000000000000000000 ) ) ;
#4856 = CARTESIAN_POINT ( 'NONE',  ( 4.150912291827595801, 2.299999999999999822, 0.2890877081724208542 ) ) ;
#4857 = EDGE_CURVE ( 'NONE', #7999, #102, #8208, .T. ) ;
#4858 = CARTESIAN_POINT ( 'NONE',  ( -2.099999999999999645, -2.299999999999999822, 0.2999999999999999889 ) ) ;
#4859 = COLOUR_RGB ( '',0.4313725490196078649, 0.3529411764705882026, 0.3725490196078431460 ) ;
#4860 = ORIENTED_EDGE ( 'NONE', *, *, #6445, .T. ) ;
#4861 = CARTESIAN_POINT ( 'NONE',  ( -0.1476626016260164098, -0.3031046589665920554, 0.3099999999999999978 ) ) ;
#4862 = ORIENTED_EDGE ( 'NONE', *, *, #3850, .T. ) ;
#4863 =( LENGTH_UNIT ( ) NAMED_UNIT ( * ) SI_UNIT ( .MILLI., .METRE. ) );
#4864 = SURFACE_STYLE_USAGE ( .BOTH. , #5608 ) ;
#4865 = STYLED_ITEM ( 'NONE', ( #4583 ), #5961 ) ;
#4866 = PRESENTATION_STYLE_ASSIGNMENT (( #6962 ) ) ;
#4867 =( GEOMETRIC_REPRESENTATION_CONTEXT ( 3 ) GLOBAL_UNCERTAINTY_ASSIGNED_CONTEXT ( ( #5209 ) ) GLOBAL_UNIT_ASSIGNED_CONTEXT ( ( #1291, #6527, #1900 ) ) REPRESENTATION_CONTEXT ( 'NONE', 'WORKASPACE' ) );
#4868 = ORIENTED_EDGE ( 'NONE', *, *, #1046, .T. ) ;
#4869 = PLANE ( 'NONE',  #6359 ) ;
#4870 = FACE_OUTER_BOUND ( 'NONE', #2321, .T. ) ;
#4871 = CARTESIAN_POINT ( 'NONE',  ( -0.1636098699107395305, -0.2917572693919503468, 0.3099999999999999978 ) ) ;
#4872 = DIRECTION ( 'NONE',  ( -0.5078765015848255571, 0.0000000000000000000, -0.8614298921780917384 ) ) ;
#4873 = VERTEX_POINT ( 'NONE', #7984 ) ;
#4874 = FACE_OUTER_BOUND ( 'NONE', #1219, .T. ) ;
#4875 = LINE ( 'NONE', #4389, #1289 ) ;
#4876 = DIRECTION ( 'NONE',  ( 0.1105567340389937286, 0.0000000000000000000, -0.9938698146933688804 ) ) ;
#4877 = DIRECTION ( 'NONE',  ( -0.0000000000000000000, -0.0000000000000000000, -1.000000000000000000 ) ) ;
#4878 = PRESENTATION_LAYER_ASSIGNMENT (  '', '', ( #877 ) ) ;
#4879 = CARTESIAN_POINT ( 'NONE',  ( -0.03711406172038384660, -0.1563448834038844992, 0.2999999999999999889 ) ) ;
#4880 = DIRECTION ( 'NONE',  ( 0.0000000000000000000, 0.0000000000000000000, 1.000000000000000000 ) ) ;
#4881 =( NAMED_UNIT ( * ) PLANE_ANGLE_UNIT ( ) SI_UNIT ( $, .RADIAN. ) );
#4882 = EDGE_LOOP ( 'NONE', ( #4213, #4405, #6109, #328 ) ) ;
#4883 = STYLED_ITEM ( 'NONE', ( #8355 ), #7439 ) ;
#4884 = CARTESIAN_POINT ( 'NONE',  ( 0.0000000000000000000, -2.899999999999999467, 0.5000000000000000000 ) ) ;
#4885 =( NAMED_UNIT ( * ) SI_UNIT ( $, .STERADIAN. ) SOLID_ANGLE_UNIT ( ) );
#4886 = PRESENTATION_LAYER_ASSIGNMENT (  '', '', ( #5126 ) ) ;
#4887 = ORIENTED_EDGE ( 'NONE', *, *, #5301, .F. ) ;
#4888 = ORIENTED_EDGE ( 'NONE', *, *, #864, .T. ) ;
#4889 = CARTESIAN_POINT ( 'NONE',  ( -2.899999999999999911, -3.000000000000000000, 4.290000000000000036 ) ) ;
#4890 = SURFACE_STYLE_FILL_AREA ( #1430 ) ;
#4891 = DIRECTION ( 'NONE',  ( -0.5078765015848867304, 0.0000000000000000000, -0.8614298921780556562 ) ) ;
#4892 =( NAMED_UNIT ( * ) PLANE_ANGLE_UNIT ( ) SI_UNIT ( $, .RADIAN. ) );
#4893 = EDGE_LOOP ( 'NONE', ( #763, #6061, #8047, #7706, #5886 ) ) ;
#4894 = SURFACE_STYLE_USAGE ( .BOTH. , #4234 ) ;
#4895 = EDGE_LOOP ( 'NONE', ( #787, #6619, #7548, #1546, #7924, #5193, #4261, #6158 ) ) ;
#4896 = CARTESIAN_POINT ( 'NONE',  ( -0.1121951219512194037, 0.08891769875698531111, 0.2999999999999999889 ) ) ;
#4897 = VERTEX_POINT ( 'NONE', #4024 ) ;
#4898 = EDGE_CURVE ( 'NONE', #1321, #4751, #8005, .T. ) ;
#4899 = STYLED_ITEM ( 'NONE', ( #2354 ), #3547 ) ;
#4900 = CARTESIAN_POINT ( 'NONE',  ( -0.1999999999999999556, 0.3962347719277171665, 0.3099999999999999978 ) ) ;
#4901 = CARTESIAN_POINT ( 'NONE',  ( 2.449999999999999289, 2.299999999999999822, 0.3499999999999999778 ) ) ;
#4902 = PRESENTATION_LAYER_ASSIGNMENT (  '', '', ( #1475 ) ) ;
#4903 = DIRECTION ( 'NONE',  ( -0.0000000000000000000, 0.0000000000000000000, -1.000000000000000000 ) ) ;
#4904 = SURFACE_STYLE_FILL_AREA ( #4837 ) ;
#4905 = ORIENTED_EDGE ( 'NONE', *, *, #235, .F. ) ;
#4906 = CARTESIAN_POINT ( 'NONE',  ( -0.1999999999999999556, -0.07762828701537247134, 0.2999999999999999889 ) ) ;
#4907 = FILL_AREA_STYLE ('',( #299 ) ) ;
#4908 = ORIENTED_EDGE ( 'NONE', *, *, #5594, .F. ) ;
#4909 = CARTESIAN_POINT ( 'NONE',  ( -1.000000000000000000, -1.550000000000000266, 5.500000000000000000 ) ) ;
#4910 = VECTOR ( 'NONE', #7206, 1000.000000000000000 ) ;
#4911 = CARTESIAN_POINT ( 'NONE',  ( 4.535912291827592924, -2.299999999999999822, 0.2890877081724074205 ) ) ;
#4912 = DIRECTION ( 'NONE',  ( 1.000000000000000000, 0.0000000000000000000, 0.0000000000000000000 ) ) ;
#4913 = VECTOR ( 'NONE', #1850, 1000.000000000000000 ) ;
#4914 = PRESENTATION_LAYER_ASSIGNMENT (  '', '', ( #1173 ) ) ;
#4915 = PLANE ( 'NONE',  #5865 ) ;
#4916 = ORIENTED_EDGE ( 'NONE', *, *, #7870, .T. ) ;
#4917 = DIRECTION ( 'NONE',  ( -0.0000000000000000000, 0.0000000000000000000, 1.000000000000000000 ) ) ;
#4918 =( GEOMETRIC_REPRESENTATION_CONTEXT ( 3 ) GLOBAL_UNCERTAINTY_ASSIGNED_CONTEXT ( ( #7096 ) ) GLOBAL_UNIT_ASSIGNED_CONTEXT ( ( #3517, #3542, #2840 ) ) REPRESENTATION_CONTEXT ( 'NONE', 'WORKASPACE' ) );
#4919 = DIRECTION ( 'NONE',  ( -0.0000000000000000000, 0.0000000000000000000, -1.000000000000000000 ) ) ;
#4920 = EDGE_LOOP ( 'NONE', ( #1476, #301, #4487, #3763 ) ) ;
#4921 = LINE ( 'NONE', #4085, #6460 ) ;
#4922 = DIRECTION ( 'NONE',  ( 0.0000000000000000000, 1.000000000000000000, 0.0000000000000000000 ) ) ;
#4923 = ORIENTED_EDGE ( 'NONE', *, *, #1366, .F. ) ;
#4924 = CARTESIAN_POINT ( 'NONE',  ( -0.09622713414634141704, 0.3035518450984487360, 0.2999999999999999889 ) ) ;
#4925 = VECTOR ( 'NONE', #5838, 1000.000000000000000 ) ;
#4926 = MECHANICAL_DESIGN_GEOMETRIC_PRESENTATION_REPRESENTATION (  '', ( #3948 ), #479 ) ;
#4927 = VECTOR ( 'NONE', #7191, 1000.000000000000000 ) ;
#4928 = DIRECTION ( 'NONE',  ( -0.0000000000000000000, -1.000000000000000000, -0.0000000000000000000 ) ) ;
#4929 = CARTESIAN_POINT ( 'NONE',  ( -2.900000000000000799, 3.000000000000000000, 0.2999999999999999889 ) ) ;
#4930 = DIRECTION ( 'NONE',  ( 0.5078765015849451281, 0.0000000000000000000, -0.8614298921780212392 ) ) ;
#4931 = EDGE_LOOP ( 'NONE', ( #3207, #2067, #5928, #7597 ) ) ;
#4932 = VECTOR ( 'NONE', #4229, 1000.000000000000000 ) ;
#4933 = CARTESIAN_POINT ( 'NONE',  ( -0.03711406172038384660, -0.1563448834038844992, 0.2999999999999999889 ) ) ;
#4934 = CARTESIAN_POINT ( 'NONE',  ( -0.1999999999999999278, -0.03059449636496596597, 0.2999999999999999889 ) ) ;
#4935 = CARTESIAN_POINT ( 'NONE',  ( 0.9749999999999999778, 1.124999999999999778, 7.799999999999999822 ) ) ;
#4936 = LINE ( 'NONE', #6647, #3185 ) ;
#4937 = UNCERTAINTY_MEASURE_WITH_UNIT (LENGTH_MEASURE( 1.000000000000000082E-05 ), #7476, 'distance_accuracy_value', 'NONE');
#4938 = CARTESIAN_POINT ( 'NONE',  ( -0.09390243902439011914, 0.01818599143991208103, 0.2999999999999999889 ) ) ;
#4939 = EDGE_CURVE ( 'NONE', #4762, #7844, #6762, .T. ) ;
#4940 = ORIENTED_EDGE ( 'NONE', *, *, #5444, .T. ) ;
#4941 = CARTESIAN_POINT ( 'NONE',  ( 0.8749999999999998890, 1.124999999999999778, 9.650000000000000355 ) ) ;
#4942 = DIRECTION ( 'NONE',  ( -0.0000000000000000000, -1.000000000000000000, -0.0000000000000000000 ) ) ;
#4943 = ORIENTED_EDGE ( 'NONE', *, *, #4382, .F. ) ;
#4944 = FACE_OUTER_BOUND ( 'NONE', #2653, .T. ) ;
#4945 = CIRCLE ( 'NONE', #2636, 0.1000000000000002554 ) ;
#4946 = EDGE_CURVE ( 'NONE', #3986, #2454, #2632, .T. ) ;
#4947 = DIRECTION ( 'NONE',  ( 1.000000000000000000, 0.0000000000000000000, 0.0000000000000000000 ) ) ;
#4948 = SURFACE_SIDE_STYLE ('',( #1906 ) ) ;
#4949 = DIRECTION ( 'NONE',  ( 0.0000000000000000000, -0.0000000000000000000, 1.000000000000000000 ) ) ;
#4950 = ORIENTED_EDGE ( 'NONE', *, *, #3608, .T. ) ;
#4951 = PRESENTATION_STYLE_ASSIGNMENT (( #8276 ) ) ;
#4952 = EDGE_CURVE ( 'NONE', #3277, #3859, #5535, .T. ) ;
#4953 = VECTOR ( 'NONE', #2818, 1000.000000000000000 ) ;
#4954 = DIRECTION ( 'NONE',  ( 0.0000000000000000000, -0.0000000000000000000, -1.000000000000000000 ) ) ;
#4955 =( NAMED_UNIT ( * ) SI_UNIT ( $, .STERADIAN. ) SOLID_ANGLE_UNIT ( ) );
#4956 = MECHANICAL_DESIGN_GEOMETRIC_PRESENTATION_REPRESENTATION (  '', ( #7883 ), #3744 ) ;
#4957 = PLANE ( 'NONE',  #3320 ) ;
#4958 = PRESENTATION_LAYER_ASSIGNMENT (  '', '', ( #2841 ) ) ;
#4959 = VECTOR ( 'NONE', #3202, 1000.000000000000000 ) ;
#4960 = VERTEX_POINT ( 'NONE', #4703 ) ;
#4961 =( NAMED_UNIT ( * ) PLANE_ANGLE_UNIT ( ) SI_UNIT ( $, .RADIAN. ) );
#4962 = ORIENTED_EDGE ( 'NONE', *, *, #1676, .F. ) ;
#4963 = SURFACE_STYLE_USAGE ( .BOTH. , #3656 ) ;
#4964 = FILL_AREA_STYLE_COLOUR ( '', #2089 ) ;
#4965 = EDGE_CURVE ( 'NONE', #7738, #1285, #5231, .T. ) ;
#4966 = CARTESIAN_POINT ( 'NONE',  ( 0.8749999999999998890, 1.124999999999999778, 10.50000000000000000 ) ) ;
#4967 = SURFACE_SIDE_STYLE ('',( #4622 ) ) ;
#4968 = FACE_OUTER_BOUND ( 'NONE', #5977, .T. ) ;
#4969 =( NAMED_UNIT ( * ) SI_UNIT ( $, .STERADIAN. ) SOLID_ANGLE_UNIT ( ) );
#4970 = ORIENTED_EDGE ( 'NONE', *, *, #4591, .F. ) ;
#4971 = MECHANICAL_DESIGN_GEOMETRIC_PRESENTATION_REPRESENTATION (  '', ( #639 ), #4792 ) ;
#4972 = AXIS2_PLACEMENT_3D ( 'NONE', #2072, #6163, #1499 ) ;
#4973 = CARTESIAN_POINT ( 'NONE',  ( -0.09024390243902426223, 0.08891769875698528336, 0.2999999999999999889 ) ) ;
#4974 = PLANE ( 'NONE',  #8118 ) ;
#4975 = FILL_AREA_STYLE ('',( #3615 ) ) ;
#4976 = ORIENTED_EDGE ( 'NONE', *, *, #6145, .F. ) ;
#4977 = SURFACE_SIDE_STYLE ('',( #6797 ) ) ;
#4978 = EDGE_CURVE ( 'NONE', #7565, #5779, #3784, .T. ) ;
#4979 = SURFACE_SIDE_STYLE ('',( #1389 ) ) ;
#4980 = ADVANCED_FACE ( 'NONE', ( #1350 ), #3383, .T. ) ;
#4981 = PRESENTATION_LAYER_ASSIGNMENT (  '', '', ( #5319 ) ) ;
#4982 = VERTEX_POINT ( 'NONE', #8063 ) ;
#4983 = VECTOR ( 'NONE', #1178, 1000.000000000000000 ) ;
#4984 = ORIENTED_EDGE ( 'NONE', *, *, #6597, .F. ) ;
#4985 = PLANE ( 'NONE',  #1331 ) ;
#4986 = UNCERTAINTY_MEASURE_WITH_UNIT (LENGTH_MEASURE( 1.000000000000000082E-05 ), #2333, 'distance_accuracy_value', 'NONE');
#4987 = FILL_AREA_STYLE ('',( #2216 ) ) ;
#4988 = CARTESIAN_POINT ( 'NONE',  ( 2.484662587251191908E-17, -0.2305941442538186337, 0.2999999999999999889 ) ) ;
#4989 =( NAMED_UNIT ( * ) SI_UNIT ( $, .STERADIAN. ) SOLID_ANGLE_UNIT ( ) );
#4990 = COLOUR_RGB ( '',0.7764705882352941346, 0.7568627450980391913, 0.7372549019607843590 ) ;
#4991 = ORIENTED_EDGE ( 'NONE', *, *, #7704, .F. ) ;
#4992 = EDGE_CURVE ( 'NONE', #7378, #7844, #68, .T. ) ;
#4993 = DIRECTION ( 'NONE',  ( 0.0000000000000000000, 0.0000000000000000000, -1.000000000000000000 ) ) ;
#4994 =( NAMED_UNIT ( * ) SI_UNIT ( $, .STERADIAN. ) SOLID_ANGLE_UNIT ( ) );
#4995 = FILL_AREA_STYLE ('',( #2964 ) ) ;
#4996 = CARTESIAN_POINT ( 'NONE',  ( -0.2000000000000000111, -0.08703504514545377935, 0.3099999999999999978 ) ) ;
#4997 = ORIENTED_EDGE ( 'NONE', *, *, #3225, .T. ) ;
#4998 = ORIENTED_EDGE ( 'NONE', *, *, #8071, .F. ) ;
#4999 = DIRECTION ( 'NONE',  ( 0.0000000000000000000, -1.000000000000000000, -0.0000000000000000000 ) ) ;
#5000 = SURFACE_STYLE_USAGE ( .BOTH. , #2448 ) ;
#5001 = EDGE_CURVE ( 'NONE', #4645, #3755, #7683, .T. ) ;
#5002 = PRESENTATION_STYLE_ASSIGNMENT (( #7862 ) ) ;
#5003 = ORIENTED_EDGE ( 'NONE', *, *, #1809, .T. ) ;
#5004 = COLOUR_RGB ( '',0.4313725490196078649, 0.3529411764705882026, 0.3725490196078431460 ) ;
#5005 = ORIENTED_EDGE ( 'NONE', *, *, #4132, .F. ) ;
#5006 = VERTEX_POINT ( 'NONE', #4052 ) ;
#5007 = LINE ( 'NONE', #2276, #6759 ) ;
#5008 = DIRECTION ( 'NONE',  ( -1.000000000000000000, 0.0000000000000000000, 1.322197771323786684E-17 ) ) ;
#5009 = CIRCLE ( 'NONE', #4138, 0.3535533905932595200 ) ;
#5010 = COLOUR_RGB ( '',0.4313725490196078649, 0.3529411764705882026, 0.3725490196078431460 ) ;
#5011 = ORIENTED_EDGE ( 'NONE', *, *, #624, .F. ) ;
#5012 = STYLED_ITEM ( 'NONE', ( #5848 ), #4459 ) ;
#5013 = DIRECTION ( 'NONE',  ( -0.4813095137127779144, -0.8765507127426052092, 0.0000000000000000000 ) ) ;
#5014 = CARTESIAN_POINT ( 'NONE',  ( -2.899999999999999911, -2.900000000000000799, 0.2999999999999999889 ) ) ;
#5015 = PRESENTATION_LAYER_ASSIGNMENT (  '', '', ( #297 ) ) ;
#5016 = PRESENTATION_STYLE_ASSIGNMENT (( #2331 ) ) ;
#5017 = PRESENTATION_STYLE_ASSIGNMENT (( #8253 ) ) ;
#5018 = DIRECTION ( 'NONE',  ( -1.000000000000000000, -0.0000000000000000000, -0.0000000000000000000 ) ) ;
#5019 = EDGE_CURVE ( 'NONE', #1285, #4464, #8416, .T. ) ;
#5020 = EDGE_LOOP ( 'NONE', ( #4908, #5483, #280, #6236 ) ) ;
#5021 = SURFACE_STYLE_USAGE ( .BOTH. , #5804 ) ;
#5022 = VECTOR ( 'NONE', #522, 1000.000000000000000 ) ;
#5023 = B_SPLINE_SURFACE_WITH_KNOTS ( 'NONE', 3, 1, ( 
 ( #5634, #1540 ),
 ( #4277, #6862 ),
 ( #2288, #3796 ),
 ( #7635, #3699 ),
 ( #8338, #2473 ) ),
 .UNSPECIFIED., .F., .F., .F.,
 ( 4, 1, 4 ),
 ( 2, 2 ),
 ( 0.0000000000000000000, 0.5590518018018852953, 1.000000000000000000 ),
 ( 0.0000000000000000000, 1.000000000000000000 ),
 .UNSPECIFIED. ) ;
#5024 = CARTESIAN_POINT ( 'NONE',  ( -2.799999999999999822, -3.000000000000000000, 5.500000000000000000 ) ) ;
#5025 = AXIS2_PLACEMENT_3D ( 'NONE', #4519, #527, #5174 ) ;
#5026 = CARTESIAN_POINT ( 'NONE',  ( -0.01097544308943085301, 0.3206250158301561237, 0.2999999999999999889 ) ) ;
#5027 =( NAMED_UNIT ( * ) SI_UNIT ( $, .STERADIAN. ) SOLID_ANGLE_UNIT ( ) );
#5028 = VERTEX_POINT ( 'NONE', #1365 ) ;
#5029 = CARTESIAN_POINT ( 'NONE',  ( -0.1613749165474542835, 0.2692072145984460985, 0.3099999999999999978 ) ) ;
#5030 = ORIENTED_EDGE ( 'NONE', *, *, #679, .T. ) ;
#5031 = COLOUR_RGB ( '',0.4313725490196078649, 0.3529411764705882026, 0.3725490196078431460 ) ;
#5032 = CYLINDRICAL_SURFACE ( 'NONE', #1638, 0.07071067811864921449 ) ;
#5033 = CARTESIAN_POINT ( 'NONE',  ( -0.02195121951219501655, 0.02184452802527783732, 0.2999999999999999889 ) ) ;
#5034 = VERTEX_POINT ( 'NONE', #164 ) ;
#5035 = CARTESIAN_POINT ( 'NONE',  ( -2.410912291827595588, 0.2999999999999999334, -0.001386042793142161413 ) ) ;
#5036 = COLOUR_RGB ( '',0.7764705882352941346, 0.7568627450980391913, 0.7372549019607843590 ) ;
#5037 = DIRECTION ( 'NONE',  ( -1.000000000000000000, 1.141837425376562538E-14, 0.0000000000000000000 ) ) ;
#5038 = PRESENTATION_LAYER_ASSIGNMENT (  '', '', ( #6957 ) ) ;
#5039 = ORIENTED_EDGE ( 'NONE', *, *, #1715, .T. ) ;
#5040 = FACE_OUTER_BOUND ( 'NONE', #545, .T. ) ;
#5041 = FACE_OUTER_BOUND ( 'NONE', #3874, .T. ) ;
#5042 = CARTESIAN_POINT ( 'NONE',  ( 1.349999999999999645, 1.649999999999999689, 7.799999999999999822 ) ) ;
#5043 = CARTESIAN_POINT ( 'NONE',  ( 4.291633599421789412E-17, -0.2110823012430150247, 0.2999999999999999889 ) ) ;
#5044 = CARTESIAN_POINT ( 'NONE',  ( -0.1999999999999999556, 0.3962347719277171110, 0.2999999999999999889 ) ) ;
#5045 = DIRECTION ( 'NONE',  ( -0.0000000000000000000, 0.0000000000000000000, 1.000000000000000000 ) ) ;
#5046 = VECTOR ( 'NONE', #1246, 1000.000000000000000 ) ;
#5047 = EDGE_LOOP ( 'NONE', ( #3827, #5934, #7560, #8148, #6741, #4862, #6026, #5869 ) ) ;
#5048 = SURFACE_STYLE_FILL_AREA ( #2966 ) ;
#5049 = CARTESIAN_POINT ( 'NONE',  ( -0.05609756097560978511, -0.2545655329503319630, 0.3099999999999999978 ) ) ;
#5050 = LINE ( 'NONE', #6088, #4434 ) ;
#5051 =( GEOMETRIC_REPRESENTATION_CONTEXT ( 3 ) GLOBAL_UNCERTAINTY_ASSIGNED_CONTEXT ( ( #6603 ) ) GLOBAL_UNIT_ASSIGNED_CONTEXT ( ( #7547, #5632, #6252 ) ) REPRESENTATION_CONTEXT ( 'NONE', 'WORKASPACE' ) );
#5052 = B_SPLINE_CURVE_WITH_KNOTS ( 'NONE', 3,
 ( #1055, #3014, #6331, #4383, #6928 ),
 .UNSPECIFIED., .F., .F.,
 ( 4, 1, 4 ),
 ( 0.0000000000000000000, 0.5000000000000027756, 0.9999816619324279898 ),
 .UNSPECIFIED. ) ;
#5053 = EDGE_CURVE ( 'NONE', #6142, #4063, #7184, .T. ) ;
#5054 = CARTESIAN_POINT ( 'NONE',  ( -0.1286633637273350839, 0.2966325180661985583, 0.3099999999999999978 ) ) ;
#5055 =( NAMED_UNIT ( * ) SI_UNIT ( $, .STERADIAN. ) SOLID_ANGLE_UNIT ( ) );
#5056 = LINE ( 'NONE', #8060, #6607 ) ;
#5057 = VERTEX_POINT ( 'NONE', #5995 ) ;
#5058 = FILL_AREA_STYLE_COLOUR ( '', #4419 ) ;
#5059 = CARTESIAN_POINT ( 'NONE',  ( 0.002203601940028727512, 0.2013578829656293145, 0.2999999999999999889 ) ) ;
#5060 = ORIENTED_EDGE ( 'NONE', *, *, #1937, .T. ) ;
#5061 = FILL_AREA_STYLE ('',( #2382 ) ) ;
#5062 = CARTESIAN_POINT ( 'NONE',  ( -0.8749999999999995559, -1.125000000000000666, 10.50000000000000000 ) ) ;
#5063 =( NAMED_UNIT ( * ) SI_UNIT ( $, .STERADIAN. ) SOLID_ANGLE_UNIT ( ) );
#5064 = ADVANCED_FACE ( 'NONE', ( #3158 ), #2068, .F. ) ;
#5065 = VERTEX_POINT ( 'NONE', #6770 ) ;
#5066 = UNCERTAINTY_MEASURE_WITH_UNIT (LENGTH_MEASURE( 1.000000000000000082E-05 ), #5740, 'distance_accuracy_value', 'NONE');
#5067 = ORIENTED_EDGE ( 'NONE', *, *, #4068, .T. ) ;
#5068 = COLOUR_RGB ( '',0.4313725490196078649, 0.3529411764705882026, 0.3725490196078431460 ) ;
#5069 = SURFACE_STYLE_USAGE ( .BOTH. , #3716 ) ;
#5070 = CARTESIAN_POINT ( 'NONE',  ( -0.02195121951219507553, 0.3206250158301560127, 0.2999999999999999889 ) ) ;
#5071 = AXIS2_PLACEMENT_3D ( 'NONE', #7029, #431, #6368 ) ;
#5072 = DIRECTION ( 'NONE',  ( 0.0000000000000000000, 1.000000000000000000, 0.0000000000000000000 ) ) ;
#5073 = SURFACE_STYLE_USAGE ( .BOTH. , #5680 ) ;
#5074 =( NAMED_UNIT ( * ) SI_UNIT ( $, .STERADIAN. ) SOLID_ANGLE_UNIT ( ) );
#5075 =( LENGTH_UNIT ( ) NAMED_UNIT ( * ) SI_UNIT ( .MILLI., .METRE. ) );
#5076 = FACE_OUTER_BOUND ( 'NONE', #1056, .T. ) ;
#5077 = SURFACE_STYLE_USAGE ( .BOTH. , #2437 ) ;
#5078 = CARTESIAN_POINT ( 'NONE',  ( 4.475347096579661155E-14, -0.03059449636494268945, 0.2999999999999999889 ) ) ;
#5079 = CARTESIAN_POINT ( 'NONE',  ( -0.02804878048780486133, -0.2450190390478930724, 0.3099999999999999978 ) ) ;
#5080 = MECHANICAL_DESIGN_GEOMETRIC_PRESENTATION_REPRESENTATION (  '', ( #5962 ), #6841 ) ;
#5081 = COLOUR_RGB ( '',0.7764705882352941346, 0.7568627450980391913, 0.7372549019607843590 ) ;
#5082 =( GEOMETRIC_REPRESENTATION_CONTEXT ( 3 ) GLOBAL_UNCERTAINTY_ASSIGNED_CONTEXT ( ( #8535 ) ) GLOBAL_UNIT_ASSIGNED_CONTEXT ( ( #5075, #3725, #8330 ) ) REPRESENTATION_CONTEXT ( 'NONE', 'WORKASPACE' ) );
#5083 = B_SPLINE_SURFACE_WITH_KNOTS ( 'NONE', 3, 1, ( 
 ( #7195, #5979 ),
 ( #1931, #7276 ),
 ( #1450, #6032 ),
 ( #4059, #141 ),
 ( #116, #7413 ) ),
 .UNSPECIFIED., .F., .F., .F.,
 ( 4, 1, 4 ),
 ( 2, 2 ),
 ( 0.0000000000000000000, 0.5550399762853497343, 0.9999999999999998890 ),
 ( 0.0000000000000000000, 1.000000000000000000 ),
 .UNSPECIFIED. ) ;
#5084 = DIRECTION ( 'NONE',  ( 0.0000000000000000000, 0.0000000000000000000, 1.000000000000000000 ) ) ;
#5085 = CARTESIAN_POINT ( 'NONE',  ( 2.800000000000000266, -2.900000000000000355, 5.500000000000000000 ) ) ;
#5086 = CARTESIAN_POINT ( 'NONE',  ( -0.07804878048780500288, 0.0000000000000000000, 0.3099999999999999978 ) ) ;
#5087 = CARTESIAN_POINT ( 'NONE',  ( -0.1756097560975611038, -0.2943521183161854626, 0.2999999999999999889 ) ) ;
#5088 = CARTESIAN_POINT ( 'NONE',  ( -0.1999999999999999001, 0.4096492394073919519, 0.2999999999999999889 ) ) ;
#5089 = FILL_AREA_STYLE ('',( #2823 ) ) ;
#5090 = ORIENTED_EDGE ( 'NONE', *, *, #2846, .F. ) ;
#5091 = LINE ( 'NONE', #6947, #8180 ) ;
#5092 = ORIENTED_EDGE ( 'NONE', *, *, #6421, .T. ) ;
#5093 = DIRECTION ( 'NONE',  ( 1.000000000000000000, 0.0000000000000000000, 0.0000000000000000000 ) ) ;
#5094 = B_SPLINE_CURVE_WITH_KNOTS ( 'NONE', 3,
 ( #5618, #2428, #7624, #5700, #3011 ),
 .UNSPECIFIED., .F., .F.,
 ( 4, 1, 4 ),
 ( 0.0000000000000000000, 0.5000000000000002220, 0.9999523886342480683 ),
 .UNSPECIFIED. ) ;
#5095 = MECHANICAL_DESIGN_GEOMETRIC_PRESENTATION_REPRESENTATION (  '', ( #3596 ), #6412 ) ;
#5096 = AXIS2_PLACEMENT_3D ( 'NONE', #1674, #1618, #1021 ) ;
#5097 = UNCERTAINTY_MEASURE_WITH_UNIT (LENGTH_MEASURE( 1.000000000000000082E-05 ), #931, 'distance_accuracy_value', 'NONE');
#5098 = DIRECTION ( 'NONE',  ( -1.322197771323786684E-17, 0.0000000000000000000, -1.000000000000000000 ) ) ;
#5099 = ORIENTED_EDGE ( 'NONE', *, *, #4132, .T. ) ;
#5100 = COLOUR_RGB ( '',0.4313725490196078649, 0.3529411764705882026, 0.3725490196078431460 ) ;
#5101 = CARTESIAN_POINT ( 'NONE',  ( 4.150912291827595801, -2.299999999999999822, 7.799999999999999822 ) ) ;
#5102 = VERTEX_POINT ( 'NONE', #845 ) ;
#5103 = PRESENTATION_STYLE_ASSIGNMENT (( #2664 ) ) ;
#5104 = ADVANCED_FACE ( 'NONE', ( #3364 ), #268, .F. ) ;
#5105 = CARTESIAN_POINT ( 'NONE',  ( -0.03333333333333324267, 0.08891769875698521397, 0.2999999999999999889 ) ) ;
#5106 = ORIENTED_EDGE ( 'NONE', *, *, #3394, .F. ) ;
#5107 = EDGE_CURVE ( 'NONE', #1718, #7738, #4702, .T. ) ;
#5108 = CARTESIAN_POINT ( 'NONE',  ( -0.1615853658536586523, -0.2911508988039902546, 0.2999999999999999889 ) ) ;
#5109 = LINE ( 'NONE', #2692, #6656 ) ;
#5110 = ORIENTED_EDGE ( 'NONE', *, *, #6765, .F. ) ;
#5111 = SURFACE_STYLE_USAGE ( .BOTH. , #457 ) ;
#5112 = CARTESIAN_POINT ( 'NONE',  ( -0.8750000000000007772, 1.224999999999999423, 8.650000000000000355 ) ) ;
#5113 = CARTESIAN_POINT ( 'NONE',  ( -1.449999999999999512, -1.750000000000000222, 7.799999999999999822 ) ) ;
#5114 = COLOUR_RGB ( '',0.7764705882352941346, 0.7568627450980391913, 0.7372549019607843590 ) ;
#5115 = B_SPLINE_CURVE_WITH_KNOTS ( 'NONE', 3,
 ( #5119, #8434, #3855, #7819, #4489 ),
 .UNSPECIFIED., .F., .F.,
 ( 4, 1, 4 ),
 ( 0.0000000000000000000, 0.4999999999999999445, 0.9999940145985399820 ),
 .UNSPECIFIED. ) ;
#5116 =( NAMED_UNIT ( * ) PLANE_ANGLE_UNIT ( ) SI_UNIT ( $, .RADIAN. ) );
#5117 = VERTEX_POINT ( 'NONE', #4235 ) ;
#5118 = AXIS2_PLACEMENT_3D ( 'NONE', #6592, #3305, #7913 ) ;
#5119 = CARTESIAN_POINT ( 'NONE',  ( -0.1615853658536586523, -0.2980868744137465387, 0.2999999999999999889 ) ) ;
#5120 = EDGE_LOOP ( 'NONE', ( #7780, #2979, #7429, #6818, #8189, #5730, #7427, #1460, #165, #3464, #6005, #588 ) ) ;
#5121 = CARTESIAN_POINT ( 'NONE',  ( -2.900000000000000799, 3.000000000000000000, 4.290000000000000036 ) ) ;
#5122 = EDGE_CURVE ( 'NONE', #7844, #3265, #6343, .T. ) ;
#5123 = CARTESIAN_POINT ( 'NONE',  ( -4.460912291827594522, -0.2999999999999999334, -0.001386042793142161413 ) ) ;
#5124 = FILL_AREA_STYLE_COLOUR ( '', #1082 ) ;
#5125 = SURFACE_STYLE_FILL_AREA ( #1645 ) ;
#5126 = STYLED_ITEM ( 'NONE', ( #6477 ), #248 ) ;
#5127 = PRESENTATION_STYLE_ASSIGNMENT (( #1128 ) ) ;
#5128 = EDGE_CURVE ( 'NONE', #1649, #1919, #8099, .T. ) ;
#5129 = FACE_OUTER_BOUND ( 'NONE', #2463, .T. ) ;
#5130 = VERTEX_POINT ( 'NONE', #5488 ) ;
#5131 = DIRECTION ( 'NONE',  ( -1.000000000000000000, 0.0000000000000000000, 1.322197771323786684E-17 ) ) ;
#5132 = ORIENTED_EDGE ( 'NONE', *, *, #86, .F. ) ;
#5133 = CARTESIAN_POINT ( 'NONE',  ( -0.07804878048780497513, -0.3170464780722831444, 0.2999999999999999889 ) ) ;
#5134 = VECTOR ( 'NONE', #6135, 1000.000000000000000 ) ;
#5135 = LINE ( 'NONE', #3046, #6964 ) ;
#5136 = CARTESIAN_POINT ( 'NONE',  ( -0.1756097560975611038, -0.2943521183161854626, 0.2999999999999999889 ) ) ;
#5137 = AXIS2_PLACEMENT_3D ( 'NONE', #6874, #6101, #3568 ) ;
#5138 = SURFACE_SIDE_STYLE ('',( #5689 ) ) ;
#5139 = DIRECTION ( 'NONE',  ( -1.000000000000000000, -0.0000000000000000000, 1.322197771323786684E-17 ) ) ;
#5140 = AXIS2_PLACEMENT_3D ( 'NONE', #318, #4354, #1705 ) ;
#5141 = VERTEX_POINT ( 'NONE', #3511 ) ;
#5142 = CARTESIAN_POINT ( 'NONE',  ( -0.1682119218709047515, -0.2931356558383235722, 0.2999999999999999889 ) ) ;
#5143 =( NAMED_UNIT ( * ) SI_UNIT ( $, .STERADIAN. ) SOLID_ANGLE_UNIT ( ) );
#5144 = LINE ( 'NONE', #7765, #4925 ) ;
#5145 = EDGE_CURVE ( 'NONE', #773, #6785, #2828, .T. ) ;
#5146 = VECTOR ( 'NONE', #100, 1000.000000000000000 ) ;
#5147 = CARTESIAN_POINT ( 'NONE',  ( -2.485912291827595322, -0.2999999999999999334, 0.2890877081724139153 ) ) ;
#5148 = VERTEX_POINT ( 'NONE', #4896 ) ;
#5149 = CARTESIAN_POINT ( 'NONE',  ( -0.1676829268292681641, 0.1547713572935706106, 0.2999999999999999889 ) ) ;
#5150 = STYLED_ITEM ( 'NONE', ( #5610 ), #5836 ) ;
#5151 = VECTOR ( 'NONE', #2235, 1000.000000000000000 ) ;
#5152 = CARTESIAN_POINT ( 'NONE',  ( -0.01951219512195112582, 0.2061051987569851585, 0.3099999999999999978 ) ) ;
#5153 = ADVANCED_FACE ( 'NONE', ( #1052 ), #240, .T. ) ;
#5154 = SURFACE_SIDE_STYLE ('',( #2656 ) ) ;
#5155 = ORIENTED_EDGE ( 'NONE', *, *, #4728, .F. ) ;
#5156 = LINE ( 'NONE', #7171, #5474 ) ;
#5157 = ORIENTED_EDGE ( 'NONE', *, *, #6064, .T. ) ;
#5158 = VECTOR ( 'NONE', #6735, 1000.000000000000000 ) ;
#5159 = DIRECTION ( 'NONE',  ( 1.322197771323786684E-17, 0.0000000000000000000, 1.000000000000000000 ) ) ;
#5160 = UNCERTAINTY_MEASURE_WITH_UNIT (LENGTH_MEASURE( 1.000000000000000082E-05 ), #6293, 'distance_accuracy_value', 'NONE');
#5161 = EDGE_CURVE ( 'NONE', #6092, #89, #663, .T. ) ;
#5162 = SURFACE_SIDE_STYLE ('',( #8345 ) ) ;
#5163 = EDGE_LOOP ( 'NONE', ( #785, #7394, #2714, #2228 ) ) ;
#5164 = CARTESIAN_POINT ( 'NONE',  ( -0.02195121951219502002, 0.08891769875698520009, 0.2999999999999999889 ) ) ;
#5165 = CARTESIAN_POINT ( 'NONE',  ( -0.1718225138095084703, 0.1630595889805083742, 0.2999999999999999889 ) ) ;
#5166 = CARTESIAN_POINT ( 'NONE',  ( 2.400000000000013234, 2.299999999999999822, 0.2999999999999999889 ) ) ;
#5167 = LINE ( 'NONE', #2585, #8042 ) ;
#5168 = CARTESIAN_POINT ( 'NONE',  ( -0.8749999999999998890, 1.124999999999999778, 10.40000000000000213 ) ) ;
#5169 = EDGE_LOOP ( 'NONE', ( #5409, #8095, #6418, #5363 ) ) ;
#5170 = AXIS2_PLACEMENT_3D ( 'NONE', #5062, #6317, #5668 ) ;
#5171 = ORIENTED_EDGE ( 'NONE', *, *, #2721, .T. ) ;
#5172 = EDGE_CURVE ( 'NONE', #7884, #635, #5981, .T. ) ;
#5174 = DIRECTION ( 'NONE',  ( 1.000000000000000000, 0.0000000000000000000, 0.0000000000000000000 ) ) ;
#5173 = DIRECTION ( 'NONE',  ( 1.322197771323786684E-17, -0.0000000000000000000, 1.000000000000000000 ) ) ;
#5175 = DIRECTION ( 'NONE',  ( 0.0000000000000000000, 0.0000000000000000000, -1.000000000000000000 ) ) ;
#5176 = PRESENTATION_STYLE_ASSIGNMENT (( #1563 ) ) ;
#5177 = DIRECTION ( 'NONE',  ( -1.000000000000000000, 0.0000000000000000000, 0.0000000000000000000 ) ) ;
#5178 = ORIENTED_EDGE ( 'NONE', *, *, #1742, .F. ) ;
#5179 =( NAMED_UNIT ( * ) PLANE_ANGLE_UNIT ( ) SI_UNIT ( $, .RADIAN. ) );
#5180 = UNCERTAINTY_MEASURE_WITH_UNIT (LENGTH_MEASURE( 1.000000000000000082E-05 ), #1431, 'distance_accuracy_value', 'NONE');
#5181 = PLANE ( 'NONE',  #1883 ) ;
#5182 = CARTESIAN_POINT ( 'NONE',  ( 2.032879073410320814E-17, -0.2354725451454539875, 0.2999999999999999889 ) ) ;
#5183 = AXIS2_PLACEMENT_3D ( 'NONE', #6889, #4942, #1603 ) ;
#5184 = SURFACE_SIDE_STYLE ('',( #2108 ) ) ;
#5185 = CARTESIAN_POINT ( 'NONE',  ( -0.01402439024390233178, 0.1547713572935705273, 0.2999999999999999889 ) ) ;
#5186 = AXIS2_PLACEMENT_3D ( 'NONE', #6482, #2487, #3110 ) ;
#5187 = VECTOR ( 'NONE', #658, 1000.000000000000000 ) ;
#5188 = SURFACE_STYLE_USAGE ( .BOTH. , #2638 ) ;
#5189 = CARTESIAN_POINT ( 'NONE',  ( -0.02195121951219511716, 0.3962347719277171665, 0.2999999999999999889 ) ) ;
#5190 = FILL_AREA_STYLE ('',( #8356 ) ) ;
#5191 = EDGE_CURVE ( 'NONE', #2493, #2300, #4393, .T. ) ;
#5192 = CARTESIAN_POINT ( 'NONE',  ( 2.400000000000006128, 0.2999999999999999334, 0.2999999999999999889 ) ) ;
#5193 = ORIENTED_EDGE ( 'NONE', *, *, #3342, .F. ) ;
#5194 = ORIENTED_EDGE ( 'NONE', *, *, #3121, .F. ) ;
#5195 = DIRECTION ( 'NONE',  ( -1.000000000000000000, 2.315223389161759125E-15, 0.0000000000000000000 ) ) ;
#5196 = DIRECTION ( 'NONE',  ( -0.0000000000000000000, 0.0000000000000000000, 1.000000000000000000 ) ) ;
#5197 = CYLINDRICAL_SURFACE ( 'NONE', #3216, 0.09999999999999982514 ) ;
#5198 = DIRECTION ( 'NONE',  ( -0.0000000000000000000, 1.000000000000000000, 0.0000000000000000000 ) ) ;
#5199 = CARTESIAN_POINT ( 'NONE',  ( 4.743384504624081899E-17, -0.2062042524625271878, 0.2999999999999999889 ) ) ;
#5200 = AXIS2_PLACEMENT_3D ( 'NONE', #6160, #2241, #8206 ) ;
#5201 = AXIS2_PLACEMENT_3D ( 'NONE', #4453, #2506, #469 ) ;
#5202 = SURFACE_STYLE_FILL_AREA ( #4975 ) ;
#5203 = ORIENTED_EDGE ( 'NONE', *, *, #995, .F. ) ;
#5204 = DIRECTION ( 'NONE',  ( 0.0000000000000000000, 0.0000000000000000000, -1.000000000000000000 ) ) ;
#5205 = CARTESIAN_POINT ( 'NONE',  ( -2.449999999999999289, 0.0000000000000000000, 0.3499999999999999778 ) ) ;
#5206 = FACE_OUTER_BOUND ( 'NONE', #3029, .T. ) ;
#5207 = DIRECTION ( 'NONE',  ( -0.2499999999999998057, 0.0000000000000000000, -0.9682458365518542553 ) ) ;
#5208 = CARTESIAN_POINT ( 'NONE',  ( -0.01036585365853647835, 0.1547713572935705273, 0.2999999999999999889 ) ) ;
#5209 = UNCERTAINTY_MEASURE_WITH_UNIT (LENGTH_MEASURE( 1.000000000000000082E-05 ), #1291, 'distance_accuracy_value', 'NONE');
#5210 = CARTESIAN_POINT ( 'NONE',  ( -4.535912291827594700, -0.2999999999999999334, 0.2890877081724139153 ) ) ;
#5211 = VECTOR ( 'NONE', #7751, 1000.000000000000000 ) ;
#5212 = ORIENTED_EDGE ( 'NONE', *, *, #6984, .T. ) ;
#5213 = DIRECTION ( 'NONE',  ( -0.0000000000000000000, -1.000000000000000000, -0.0000000000000000000 ) ) ;
#5214 = ORIENTED_EDGE ( 'NONE', *, *, #8192, .F. ) ;
#5215 = CIRCLE ( 'NONE', #2800, 0.3535533905932665144 ) ;
#5216 = ORIENTED_EDGE ( 'NONE', *, *, #2609, .T. ) ;
#5217 = AXIS2_PLACEMENT_3D ( 'NONE', #2460, #1788, #4407 ) ;
#5218 = LINE ( 'NONE', #7445, #3450 ) ;
#5219 =( LENGTH_UNIT ( ) NAMED_UNIT ( * ) SI_UNIT ( .MILLI., .METRE. ) );
#5220 = CARTESIAN_POINT ( 'NONE',  ( -2.100000000000000089, -1.700000000000000178, 0.2999999999999999889 ) ) ;
#5221 = CARTESIAN_POINT ( 'NONE',  ( -0.2000000000000000111, -0.08703504514545377935, 0.3099999999999999978 ) ) ;
#5222 = VECTOR ( 'NONE', #3653, 1000.000000000000000 ) ;
#5223 = ORIENTED_EDGE ( 'NONE', *, *, #5301, .T. ) ;
#5224 = DIRECTION ( 'NONE',  ( 1.445602896647339163E-16, -1.000000000000000000, 0.0000000000000000000 ) ) ;
#5225 = ORIENTED_EDGE ( 'NONE', *, *, #8038, .T. ) ;
#5226 = CARTESIAN_POINT ( 'NONE',  ( -0.1804878048780486632, 0.2016082475374730842, 0.2999999999999999889 ) ) ;
#5227 = EDGE_CURVE ( 'NONE', #4095, #81, #3335, .T. ) ;
#5228 = EDGE_CURVE ( 'NONE', #6546, #5832, #6140, .T. ) ;
#5229 = SURFACE_STYLE_USAGE ( .BOTH. , #7923 ) ;
#5230 = LINE ( 'NONE', #1122, #2080 ) ;
#5231 = CIRCLE ( 'NONE', #2347, 0.09999999999999939493 ) ;
#5232 = SURFACE_SIDE_STYLE ('',( #7002 ) ) ;
#5233 = ORIENTED_EDGE ( 'NONE', *, *, #5402, .F. ) ;
#5234 = DIRECTION ( 'NONE',  ( -0.5078765015848255571, 0.0000000000000000000, -0.8614298921780917384 ) ) ;
#5235 = FILL_AREA_STYLE ('',( #7903 ) ) ;
#5236 = DIRECTION ( 'NONE',  ( 0.0000000000000000000, 1.000000000000000000, 0.0000000000000000000 ) ) ;
#5237 = DIRECTION ( 'NONE',  ( 1.000000000000000000, 0.0000000000000000000, 0.0000000000000000000 ) ) ;
#5238 = LINE ( 'NONE', #5874, #1051 ) ;
#5239 = ADVANCED_FACE ( 'NONE', ( #3564 ), #4957, .F. ) ;
#5240 = VERTEX_POINT ( 'NONE', #7021 ) ;
#5241 =( GEOMETRIC_REPRESENTATION_CONTEXT ( 3 ) GLOBAL_UNCERTAINTY_ASSIGNED_CONTEXT ( ( #4127 ) ) GLOBAL_UNIT_ASSIGNED_CONTEXT ( ( #2227, #1570, #6228 ) ) REPRESENTATION_CONTEXT ( 'NONE', 'WORKASPACE' ) );
#5242 = ORIENTED_EDGE ( 'NONE', *, *, #2526, .T. ) ;
#5243 =( GEOMETRIC_REPRESENTATION_CONTEXT ( 3 ) GLOBAL_UNCERTAINTY_ASSIGNED_CONTEXT ( ( #4053 ) ) GLOBAL_UNIT_ASSIGNED_CONTEXT ( ( #289, #4291, #4955 ) ) REPRESENTATION_CONTEXT ( 'NONE', 'WORKASPACE' ) );
#5244 = LINE ( 'NONE', #7116, #5022 ) ;
#5245 = PRESENTATION_STYLE_ASSIGNMENT (( #8471 ) ) ;
#5246 = CARTESIAN_POINT ( 'NONE',  ( -2.410912291827595588, -0.2999999999999999334, -0.001386042793142161413 ) ) ;
#5247 = FILL_AREA_STYLE_COLOUR ( '', #7717 ) ;
#5248 = ORIENTED_EDGE ( 'NONE', *, *, #4100, .T. ) ;
#5249 = LINE ( 'NONE', #5950, #3076 ) ;
#5250 =( LENGTH_UNIT ( ) NAMED_UNIT ( * ) SI_UNIT ( .MILLI., .METRE. ) );
#5251 = AXIS2_PLACEMENT_3D ( 'NONE', #2544, #4558, #1880 ) ;
#5252 = AXIS2_PLACEMENT_3D ( 'NONE', #5334, #1295, #1317 ) ;
#5253 = CARTESIAN_POINT ( 'NONE',  ( -0.005145845428662360402, 0.2395164444374139889, 0.3099999999999999978 ) ) ;
#5254 = LINE ( 'NONE', #6143, #6794 ) ;
#5255 = SURFACE_SIDE_STYLE ('',( #747 ) ) ;
#5256 = ORIENTED_EDGE ( 'NONE', *, *, #668, .F. ) ;
#5257 = CARTESIAN_POINT ( 'NONE',  ( -0.2000000000000001499, -0.2818140085600878697, 0.2999999999999999889 ) ) ;
#5258 = PRESENTATION_STYLE_ASSIGNMENT (( #4588 ) ) ;
#5259 = VECTOR ( 'NONE', #6436, 1000.000000000000000 ) ;
#5260 = EDGE_CURVE ( 'NONE', #8008, #6785, #7856, .T. ) ;
#5261 = DIRECTION ( 'NONE',  ( 1.000000000000000000, 1.445602896647339163E-16, -0.0000000000000000000 ) ) ;
#5262 = FILL_AREA_STYLE_COLOUR ( '', #4661 ) ;
#5263 = COLOUR_RGB ( '',0.4313725490196078649, 0.3529411764705882026, 0.3725490196078431460 ) ;
#5264 = DIRECTION ( 'NONE',  ( 1.000000000000000000, 0.0000000000000000000, 0.0000000000000000000 ) ) ;
#5265 = ORIENTED_EDGE ( 'NONE', *, *, #1100, .F. ) ;
#5266 = CIRCLE ( 'NONE', #7264, 0.1000000000000002554 ) ;
#5267 = SURFACE_STYLE_USAGE ( .BOTH. , #563 ) ;
#5268 = STYLED_ITEM ( 'NONE', ( #821 ), #3334 ) ;
#5269 =( LENGTH_UNIT ( ) NAMED_UNIT ( * ) SI_UNIT ( .MILLI., .METRE. ) );
#5270 = CARTESIAN_POINT ( 'NONE',  ( 0.8750000000000000000, -1.225000000000000533, 10.50000000000000000 ) ) ;
#5271 = B_SPLINE_CURVE_WITH_KNOTS ( 'NONE', 3,
 ( #1258, #4539, #8538, #5253, #3291 ),
 .UNSPECIFIED., .F., .F.,
 ( 4, 1, 4 ),
 ( 0.0000000000000000000, 0.4453298189073909841, 1.000000000000000000 ),
 .UNSPECIFIED. ) ;
#5272 = LINE ( 'NONE', #6635, #3610 ) ;
#5273 = VERTEX_POINT ( 'NONE', #6270 ) ;
#5274 = ORIENTED_EDGE ( 'NONE', *, *, #156, .F. ) ;
#5275 = VECTOR ( 'NONE', #3846, 1000.000000000000000 ) ;
#5276 =( NAMED_UNIT ( * ) SI_UNIT ( $, .STERADIAN. ) SOLID_ANGLE_UNIT ( ) );
#5277 = CARTESIAN_POINT ( 'NONE',  ( -0.02195121951219507553, 0.0000000000000000000, 0.3099999999999999978 ) ) ;
#5278 = DIRECTION ( 'NONE',  ( 1.000000000000000000, 0.0000000000000000000, 0.0000000000000000000 ) ) ;
#5279 = EDGE_CURVE ( 'NONE', #5463, #5006, #3776, .T. ) ;
#5280 = VERTEX_POINT ( 'NONE', #7678 ) ;
#5281 = VERTEX_POINT ( 'NONE', #3684 ) ;
#5282 = LINE ( 'NONE', #7608, #6623 ) ;
#5283 = SURFACE_SIDE_STYLE ('',( #5739 ) ) ;
#5284 = CARTESIAN_POINT ( 'NONE',  ( -0.1780487804878047586, 0.01330794265942434468, 0.2999999999999999889 ) ) ;
#5285 = CARTESIAN_POINT ( 'NONE',  ( -0.2024390243902438047, 0.2018369060740585474, 0.3099999999999999978 ) ) ;
#5286 = SURFACE_SIDE_STYLE ('',( #2882 ) ) ;
#5287 = MECHANICAL_DESIGN_GEOMETRIC_PRESENTATION_REPRESENTATION (  '', ( #1860 ), #7034 ) ;
#5288 = CLOSED_SHELL ( 'NONE', ( #5455, #8392, #6045, #3862, #4146, #5961, #8215, #5916, #6738, #7303, #3950, #5064, #8165, #3547, #1026, #7954, #671, #8210, #7075, #1372, #1991, #3288, #4750, #248, #4713, #3163, #1759, #7992, #117, #4832, #963, #5918, #8522, #6543, #8299, #3626, #4462, #4371, #7604, #7463, #6083, #7733, #715, #7775, #1727, #1386, #6579, #2496, #7175, #197, #7343, #3448, #2893, #5796, #2035, #3993, #5153, #6484, #2977, #6530, #5627, #4980, #6737, #3104, #6308, #5330, #2747, #319, #395, #6779, #4716, #2092, #6953, #7863, #3857, #8436, #2451, #1451, #129, #3774, #4785, #966, #6782, #7821, #2784, #1038, #756, #6221, #2490, #3072, #1855, #6949, #2842, #7263, #4376, #2579, #3722, #7688, #17, #7125, #582, #161, #7383, #5239, #7556, #488, #3376, #4758, #1901, #4459, #1086, #4593, #1947, #4632, #444, #3068, #3451, #3248, #625, #2304, #7228, #7477, #3714, #4032, #7428, #8534, #4136, #5579, #8116, #1214, #5506, #4069, #2884, #2453, #3330, #2538, #1257, #7600, #1987, #8301, #3196, #6003, #4284, #5428, #4361 ) ) ;
#5289 = EDGE_CURVE ( 'NONE', #2795, #571, #5433, .T. ) ;
#5290 =( LENGTH_UNIT ( ) NAMED_UNIT ( * ) SI_UNIT ( .MILLI., .METRE. ) );
#5291 = SURFACE_STYLE_FILL_AREA ( #2401 ) ;
#5292 = DIRECTION ( 'NONE',  ( -1.000000000000000000, 0.0000000000000000000, 0.0000000000000000000 ) ) ;
#5293 = CARTESIAN_POINT ( 'NONE',  ( -0.006049827965546907861, 0.1646095802989714918, 0.2999999999999999889 ) ) ;
#5294 = MECHANICAL_DESIGN_GEOMETRIC_PRESENTATION_REPRESENTATION (  '', ( #4402 ), #4838 ) ;
#5295 = SURFACE_SIDE_STYLE ('',( #2599 ) ) ;
#5296 = CARTESIAN_POINT ( 'NONE',  ( -2.800000000000000711, 3.000000000000000000, 4.290000000000000036 ) ) ;
#5297 = ORIENTED_EDGE ( 'NONE', *, *, #7491, .T. ) ;
#5298 = VECTOR ( 'NONE', #3828, 1000.000000000000000 ) ;
#5299 = SURFACE_STYLE_USAGE ( .BOTH. , #4690 ) ;
#5300 = EDGE_CURVE ( 'NONE', #2620, #3955, #239, .T. ) ;
#5301 = EDGE_CURVE ( 'NONE', #455, #4873, #7996, .T. ) ;
#5302 = COLOUR_RGB ( '',0.4313725490196078649, 0.3529411764705882026, 0.3725490196078431460 ) ;
#5303 = CARTESIAN_POINT ( 'NONE',  ( -2.449999999999999289, 0.0000000000000000000, 0.3499999999999999778 ) ) ;
#5304 = EDGE_LOOP ( 'NONE', ( #3998, #4009, #2225, #1887 ) ) ;
#5305 =( NAMED_UNIT ( * ) SI_UNIT ( $, .STERADIAN. ) SOLID_ANGLE_UNIT ( ) );
#5306 = AXIS2_PLACEMENT_3D ( 'NONE', #4288, #233, #2209 ) ;
#5307 = VERTEX_POINT ( 'NONE', #2395 ) ;
#5308 = DIRECTION ( 'NONE',  ( -1.000000000000000000, -0.0000000000000000000, 1.322197771323786684E-17 ) ) ;
#5309 = CARTESIAN_POINT ( 'NONE',  ( 0.0000000000000000000, 0.4230640402204000616, 0.3099999999999999978 ) ) ;
#5310 = UNCERTAINTY_MEASURE_WITH_UNIT (LENGTH_MEASURE( 1.000000000000000082E-05 ), #2393, 'distance_accuracy_value', 'NONE');
#5311 = SURFACE_STYLE_FILL_AREA ( #2261 ) ;
#5312 = EDGE_CURVE ( 'NONE', #1736, #2060, #3454, .T. ) ;
#5313 = CARTESIAN_POINT ( 'NONE',  ( -2.485912291827593545, -2.299999999999999822, 0.2890877081724074760 ) ) ;
#5314 = VERTEX_POINT ( 'NONE', #4321 ) ;
#5315 = FILL_AREA_STYLE ('',( #5907 ) ) ;
#5316 = VECTOR ( 'NONE', #833, 1000.000000000000114 ) ;
#5317 = EDGE_LOOP ( 'NONE', ( #936, #3651, #4513, #3053 ) ) ;
#5318 = CARTESIAN_POINT ( 'NONE',  ( 4.444299040062657873E-14, -0.08497711831616255873, 0.3099999999999999978 ) ) ;
#5319 = STYLED_ITEM ( 'NONE', ( #6218 ), #5752 ) ;
#5320 = SURFACE_STYLE_FILL_AREA ( #203 ) ;
#5321 =( GEOMETRIC_REPRESENTATION_CONTEXT ( 3 ) GLOBAL_UNCERTAINTY_ASSIGNED_CONTEXT ( ( #578 ) ) GLOBAL_UNIT_ASSIGNED_CONTEXT ( ( #5327, #1312, #76 ) ) REPRESENTATION_CONTEXT ( 'NONE', 'WORKASPACE' ) );
#5322 = UNCERTAINTY_MEASURE_WITH_UNIT (LENGTH_MEASURE( 1.000000000000000082E-05 ), #5345, 'distance_accuracy_value', 'NONE');
#5323 = UNCERTAINTY_MEASURE_WITH_UNIT (LENGTH_MEASURE( 1.000000000000000082E-05 ), #5269, 'distance_accuracy_value', 'NONE');
#5324 = VERTEX_POINT ( 'NONE', #7046 ) ;
#5325 = CARTESIAN_POINT ( 'NONE',  ( -2.799999999999999822, -2.900000000000000355, 5.399999999999999467 ) ) ;
#5326 = VERTEX_POINT ( 'NONE', #8242 ) ;
#5327 =( LENGTH_UNIT ( ) NAMED_UNIT ( * ) SI_UNIT ( .MILLI., .METRE. ) );
#5328 = CARTESIAN_POINT ( 'NONE',  ( -0.09786585365853650575, 0.2767225768057657298, 0.2999999999999999889 ) ) ;
#5329 = DIRECTION ( 'NONE',  ( 0.0000000000000000000, -0.0000000000000000000, -1.000000000000000000 ) ) ;
#5330 = ADVANCED_FACE ( 'NONE', ( #3883 ), #4985, .T. ) ;
#5331 = CARTESIAN_POINT ( 'NONE',  ( -1.499999999999999778, -2.750000000000000444, 0.5000000000000000000 ) ) ;
#5332 = PRESENTATION_STYLE_ASSIGNMENT (( #2744 ) ) ;
#5333 = COLOUR_RGB ( '',0.4313725490196078649, 0.3529411764705882026, 0.3725490196078431460 ) ;
#5334 = CARTESIAN_POINT ( 'NONE',  ( 0.0000000000000000000, 1.124999999999999778, 10.40000000000000213 ) ) ;
#5335 = B_SPLINE_CURVE_WITH_KNOTS ( 'NONE', 3,
 ( #7576, #4817, #4853, #1007, #8279 ),
 .UNSPECIFIED., .F., .F.,
 ( 4, 1, 4 ),
 ( 0.0000000000000000000, 0.4999999999999984457, 0.9999811011618752188 ),
 .UNSPECIFIED. ) ;
#5336 = AXIS2_PLACEMENT_3D ( 'NONE', #2700, #3380, #732 ) ;
#5337 = VECTOR ( 'NONE', #91, 1000.000000000000000 ) ;
#5338 = ORIENTED_EDGE ( 'NONE', *, *, #3134, .T. ) ;
#5339 = ORIENTED_EDGE ( 'NONE', *, *, #6614, .F. ) ;
#5340 =( NAMED_UNIT ( * ) SI_UNIT ( $, .STERADIAN. ) SOLID_ANGLE_UNIT ( ) );
#5341 = CARTESIAN_POINT ( 'NONE',  ( 4.535912291827592924, -1.700000000000000178, 0.2890877081724074205 ) ) ;
#5342 = VECTOR ( 'NONE', #8272, 1000.000000000000000 ) ;
#5343 = SURFACE_SIDE_STYLE ('',( #3375 ) ) ;
#5344 = VECTOR ( 'NONE', #1573, 1000.000000000000000 ) ;
#5345 =( LENGTH_UNIT ( ) NAMED_UNIT ( * ) SI_UNIT ( .MILLI., .METRE. ) );
#5346 =( GEOMETRIC_REPRESENTATION_CONTEXT ( 3 ) GLOBAL_UNCERTAINTY_ASSIGNED_CONTEXT ( ( #4153 ) ) GLOBAL_UNIT_ASSIGNED_CONTEXT ( ( #8336, #1652, #4969 ) ) REPRESENTATION_CONTEXT ( 'NONE', 'WORKASPACE' ) );
#5347 = VERTEX_POINT ( 'NONE', #315 ) ;
#5348 = EDGE_CURVE ( 'NONE', #6959, #3418, #5094, .T. ) ;
#5349 = ORIENTED_EDGE ( 'NONE', *, *, #2501, .T. ) ;
#5350 = FILL_AREA_STYLE_COLOUR ( '', #3503 ) ;
#5351 =( LENGTH_UNIT ( ) NAMED_UNIT ( * ) SI_UNIT ( .MILLI., .METRE. ) );
#5352 = VECTOR ( 'NONE', #7434, 1000.000000000000000 ) ;
#5353 = CARTESIAN_POINT ( 'NONE',  ( 2.410912291827593812, -2.299999999999999822, -0.001386042793148666626 ) ) ;
#5354 = VECTOR ( 'NONE', #4954, 1000.000000000000000 ) ;
#5355 = CARTESIAN_POINT ( 'NONE',  ( -0.8749999999999995559, -1.125000000000000666, 10.40000000000000213 ) ) ;
#5356 = ORIENTED_EDGE ( 'NONE', *, *, #3424, .T. ) ;
#5357 = CARTESIAN_POINT ( 'NONE',  ( -0.9749999999999996447, -1.125000000000000888, 8.650000000000000355 ) ) ;
#5358 = ORIENTED_EDGE ( 'NONE', *, *, #782, .F. ) ;
#5359 = DIRECTION ( 'NONE',  ( 0.0000000000000000000, 0.0000000000000000000, -1.000000000000000000 ) ) ;
#5360 = DIRECTION ( 'NONE',  ( 1.000000000000000000, 0.0000000000000000000, -1.322197771323786684E-17 ) ) ;
#5361 =( GEOMETRIC_REPRESENTATION_CONTEXT ( 3 ) GLOBAL_UNCERTAINTY_ASSIGNED_CONTEXT ( ( #790 ) ) GLOBAL_UNIT_ASSIGNED_CONTEXT ( ( #101, #7390, #5983 ) ) REPRESENTATION_CONTEXT ( 'NONE', 'WORKASPACE' ) );
#5362 = CARTESIAN_POINT ( 'NONE',  ( -2.485912291827593545, -1.700000000000000178, 0.2890877081724074205 ) ) ;
#5363 = ORIENTED_EDGE ( 'NONE', *, *, #6705, .F. ) ;
#5364 = AXIS2_PLACEMENT_3D ( 'NONE', #2527, #5196, #1390 ) ;
#5365 = FILL_AREA_STYLE_COLOUR ( '', #2734 ) ;
#5366 = VECTOR ( 'NONE', #5755, 1000.000000000000000 ) ;
#5367 = CARTESIAN_POINT ( 'NONE',  ( -0.1999999999999999278, -0.03059449636496596597, 0.2999999999999999889 ) ) ;
#5368 = CARTESIAN_POINT ( 'NONE',  ( -0.02195121951219501655, -0.06215605937309628959, 0.2999999999999999889 ) ) ;
#5369 = DIRECTION ( 'NONE',  ( 0.0000000000000000000, 0.0000000000000000000, -1.000000000000000000 ) ) ;
#5370 = EDGE_CURVE ( 'NONE', #7324, #2530, #8515, .T. ) ;
#5371 = DIRECTION ( 'NONE',  ( -1.000000000000000000, -1.649338269310206230E-15, 0.0000000000000000000 ) ) ;
#5372 = CARTESIAN_POINT ( 'NONE',  ( -4.460912291827592746, -2.299999999999999822, -0.001386042793148666626 ) ) ;
#5373 = CARTESIAN_POINT ( 'NONE',  ( -4.150912291827595801, 0.9999999999999986677, 9.650000000000000355 ) ) ;
#5374 = ORIENTED_EDGE ( 'NONE', *, *, #7306, .T. ) ;
#5375 = LINE ( 'NONE', #1302, #1388 ) ;
#5376 = ADVANCED_FACE ( 'NONE', ( #860 ), #2361, .F. ) ;
#5377 = AXIS2_PLACEMENT_3D ( 'NONE', #7201, #8502, #6539 ) ;
#5378 = MECHANICAL_DESIGN_GEOMETRIC_PRESENTATION_REPRESENTATION (  '', ( #4752 ), #6683 ) ;
#5379 = SURFACE_STYLE_USAGE ( .BOTH. , #7055 ) ;
#5380 = DIRECTION ( 'NONE',  ( -1.000000000000000000, -0.0000000000000000000, 1.322197771323786684E-17 ) ) ;
#5381 = FACE_OUTER_BOUND ( 'NONE', #4151, .T. ) ;
#5382 = ORIENTED_EDGE ( 'NONE', *, *, #1355, .F. ) ;
#5383 = PLANE ( 'NONE',  #1961 ) ;
#5384 = MECHANICAL_DESIGN_GEOMETRIC_PRESENTATION_REPRESENTATION (  '', ( #6133 ), #2708 ) ;
#5385 = PLANE ( 'NONE',  #6948 ) ;
#5386 = CARTESIAN_POINT ( 'NONE',  ( 1.000000000000000000, 3.000000000000000000, 0.5000000000000000000 ) ) ;
#5387 = ORIENTED_EDGE ( 'NONE', *, *, #1601, .F. ) ;
#5388 = CARTESIAN_POINT ( 'NONE',  ( -1.054909488602984169, 2.899999999999999023, 0.5000000000000000000 ) ) ;
#5389 = CARTESIAN_POINT ( 'NONE',  ( -4.150912291827595801, -0.2999999999999999334, -0.001386042793148558206 ) ) ;
#5390 = ORIENTED_EDGE ( 'NONE', *, *, #558, .T. ) ;
#5391 = LINE ( 'NONE', #6939, #3419 ) ;
#5392 = DIRECTION ( 'NONE',  ( 0.0000000000000000000, -0.0000000000000000000, 1.000000000000000000 ) ) ;
#5393 = VECTOR ( 'NONE', #2248, 1000.000000000000000 ) ;
#5394 = ORIENTED_EDGE ( 'NONE', *, *, #1402, .T. ) ;
#5395 = CARTESIAN_POINT ( 'NONE',  ( -4.150912291827595801, 1.224999999999999201, 8.650000000000000355 ) ) ;
#5396 = PRESENTATION_LAYER_ASSIGNMENT (  '', '', ( #6370 ) ) ;
#5397 =( NAMED_UNIT ( * ) PLANE_ANGLE_UNIT ( ) SI_UNIT ( $, .RADIAN. ) );
#5398 = EDGE_CURVE ( 'NONE', #5102, #6959, #5921, .T. ) ;
#5399 = DIRECTION ( 'NONE',  ( -0.0000000000000000000, 0.0000000000000000000, -1.000000000000000000 ) ) ;
#5400 = EDGE_CURVE ( 'NONE', #1735, #5326, #3990, .T. ) ;
#5401 =( NAMED_UNIT ( * ) PLANE_ANGLE_UNIT ( ) SI_UNIT ( $, .RADIAN. ) );
#5402 = EDGE_CURVE ( 'NONE', #737, #291, #2478, .T. ) ;
#5403 = ORIENTED_EDGE ( 'NONE', *, *, #7919, .F. ) ;
#5404 =( LENGTH_UNIT ( ) NAMED_UNIT ( * ) SI_UNIT ( .MILLI., .METRE. ) );
#5405 = LINE ( 'NONE', #3575, #7543 ) ;
#5406 = MECHANICAL_DESIGN_GEOMETRIC_PRESENTATION_REPRESENTATION (  '', ( #5885 ), #3797 ) ;
#5407 = EDGE_LOOP ( 'NONE', ( #8044, #7446, #1929, #2214 ) ) ;
#5408 = LINE ( 'NONE', #1401, #516 ) ;
#5409 = ORIENTED_EDGE ( 'NONE', *, *, #3225, .F. ) ;
#5410 = AXIS2_PLACEMENT_3D ( 'NONE', #175, #885, #2143 ) ;
#5411 = CARTESIAN_POINT ( 'NONE',  ( -0.1999999999999999001, 0.01330794265942438284, 0.2999999999999999889 ) ) ;
#5412 = STYLED_ITEM ( 'NONE', ( #6665 ), #671 ) ;
#5413 = PRESENTATION_STYLE_ASSIGNMENT (( #4575 ) ) ;
#5414 = CARTESIAN_POINT ( 'NONE',  ( 4.581176121432938789E-14, 0.06208859713094777577, 0.2999999999999999889 ) ) ;
#5415 = ADVANCED_FACE ( 'NONE', ( #4503 ), #4436, .F. ) ;
#5416 =( LENGTH_UNIT ( ) NAMED_UNIT ( * ) SI_UNIT ( .MILLI., .METRE. ) );
#5417 = ORIENTED_EDGE ( 'NONE', *, *, #8278, .F. ) ;
#5418 = ORIENTED_EDGE ( 'NONE', *, *, #241, .F. ) ;
#5419 = UNCERTAINTY_MEASURE_WITH_UNIT (LENGTH_MEASURE( 1.000000000000000082E-05 ), #6970, 'distance_accuracy_value', 'NONE');
#5420 = AXIS2_PLACEMENT_3D ( 'NONE', #3934, #576, #5903 ) ;
#5421 = CARTESIAN_POINT ( 'NONE',  ( -0.1613749165474542835, 0.2692072145984460985, 0.3099999999999999978 ) ) ;
#5422 = CARTESIAN_POINT ( 'NONE',  ( -1.054909488602984169, -2.899999999999999023, 0.5000000000000000000 ) ) ;
#5423 = MECHANICAL_DESIGN_GEOMETRIC_PRESENTATION_REPRESENTATION (  '', ( #955 ), #3370 ) ;
#5424 = ORIENTED_EDGE ( 'NONE', *, *, #7650, .T. ) ;
#5425 = DIRECTION ( 'NONE',  ( 1.649338269310206230E-15, -1.000000000000000000, 0.0000000000000000000 ) ) ;
#5426 = ORIENTED_EDGE ( 'NONE', *, *, #1109, .T. ) ;
#5427 = FILL_AREA_STYLE_COLOUR ( '', #1478 ) ;
#5428 = ADVANCED_FACE ( 'NONE', ( #2407 ), #2484, .F. ) ;
#5429 = FACE_OUTER_BOUND ( 'NONE', #5599, .T. ) ;
#5430 = FILL_AREA_STYLE ('',( #4070 ) ) ;
#5431 = DIRECTION ( 'NONE',  ( 1.000000000000000000, 8.850629979473508477E-17, -0.0000000000000000000 ) ) ;
#5432 = ORIENTED_EDGE ( 'NONE', *, *, #408, .F. ) ;
#5433 = LINE ( 'NONE', #1730, #1866 ) ;
#5434 = ORIENTED_EDGE ( 'NONE', *, *, #7629, .T. ) ;
#5435 = MECHANICAL_DESIGN_GEOMETRIC_PRESENTATION_REPRESENTATION (  '', ( #2754 ), #410 ) ;
#5436 = EDGE_LOOP ( 'NONE', ( #7955, #3712, #1030 ) ) ;
#5437 = MECHANICAL_DESIGN_GEOMETRIC_PRESENTATION_REPRESENTATION (  '', ( #1397 ), #7670 ) ;
#5438 = LINE ( 'NONE', #6995, #5342 ) ;
#5439 = VECTOR ( 'NONE', #4912, 1000.000000000000000 ) ;
#5440 = FILL_AREA_STYLE ('',( #5547 ) ) ;
#5441 = ORIENTED_EDGE ( 'NONE', *, *, #1308, .F. ) ;
#5442 = DIRECTION ( 'NONE',  ( 0.0000000000000000000, -1.000000000000000000, 0.0000000000000000000 ) ) ;
#5443 = VERTEX_POINT ( 'NONE', #5819 ) ;
#5444 = EDGE_CURVE ( 'NONE', #7324, #5502, #2511, .T. ) ;
#5445 = LINE ( 'NONE', #2459, #6870 ) ;
#5446 = CARTESIAN_POINT ( 'NONE',  ( 4.475347096579661155E-14, -0.03059449636495433292, 0.3099999999999999978 ) ) ;
#5447 = UNCERTAINTY_MEASURE_WITH_UNIT (LENGTH_MEASURE( 1.000000000000000082E-05 ), #6919, 'distance_accuracy_value', 'NONE');
#5448 = DIRECTION ( 'NONE',  ( 0.0000000000000000000, 1.000000000000000000, 0.0000000000000000000 ) ) ;
#5449 = ORIENTED_EDGE ( 'NONE', *, *, #3527, .F. ) ;
#5450 = CARTESIAN_POINT ( 'NONE',  ( -0.09786585365853650575, 0.2767225768057657298, 0.2999999999999999889 ) ) ;
#5451 = CARTESIAN_POINT ( 'NONE',  ( -0.05609756097560984062, -0.3371874841698440650, 0.2999999999999999889 ) ) ;
#5452 = ORIENTED_EDGE ( 'NONE', *, *, #183, .T. ) ;
#5453 = CARTESIAN_POINT ( 'NONE',  ( 2.799999999999998934, 2.900000000000000355, 5.399999999999999467 ) ) ;
#5454 = VECTOR ( 'NONE', #2515, 1000.000000000000000 ) ;
#5455 = ADVANCED_FACE ( 'NONE', ( #3652 ), #4781, .F. ) ;
#5456 = AXIS2_PLACEMENT_3D ( 'NONE', #3343, #7890, #6598 ) ;
#5457 = EDGE_CURVE ( 'NONE', #1796, #7585, #6028, .T. ) ;
#5458 = CARTESIAN_POINT ( 'NONE',  ( -0.02095766630898904595, 0.1780203395313452730, 0.2999999999999999889 ) ) ;
#5459 =( NAMED_UNIT ( * ) SI_UNIT ( $, .STERADIAN. ) SOLID_ANGLE_UNIT ( ) );
#5460 = ORIENTED_EDGE ( 'NONE', *, *, #1251, .F. ) ;
#5461 = CARTESIAN_POINT ( 'NONE',  ( -4.460912291827592746, -1.700000000000000178, -0.001386042793148666626 ) ) ;
#5462 = VECTOR ( 'NONE', #3741, 1000.000000000000000 ) ;
#5463 = VERTEX_POINT ( 'NONE', #7860 ) ;
#5464 = VECTOR ( 'NONE', #532, 1000.000000000000000 ) ;
#5465 = CARTESIAN_POINT ( 'NONE',  ( 4.150912291827595801, -0.2999999999999999334, 0.2890877081724139153 ) ) ;
#5466 = ORIENTED_EDGE ( 'NONE', *, *, #4114, .F. ) ;
#5467 = COLOUR_RGB ( '',0.4313725490196078649, 0.3529411764705882026, 0.3725490196078431460 ) ;
#5468 = FILL_AREA_STYLE ('',( #7461 ) ) ;
#5469 = CARTESIAN_POINT ( 'NONE',  ( -0.1520325203252031743, -0.05742376465764897214, 0.2999999999999999889 ) ) ;
#5470 = CARTESIAN_POINT ( 'NONE',  ( -0.01882040389143279854, 0.2930880990023531640, 0.3099999999999999978 ) ) ;
#5471 = CYLINDRICAL_SURFACE ( 'NONE', #10, 0.1000000000000000472 ) ;
#5472 = MECHANICAL_DESIGN_GEOMETRIC_PRESENTATION_REPRESENTATION (  '', ( #5012 ), #6173 ) ;
#5473 = AXIS2_PLACEMENT_3D ( 'NONE', #5373, #4670, #609 ) ;
#5474 = VECTOR ( 'NONE', #5957, 1000.000000000000000 ) ;
#5475 = SURFACE_STYLE_USAGE ( .BOTH. , #3400 ) ;
#5476 = ORIENTED_EDGE ( 'NONE', *, *, #7393, .T. ) ;
#5477 = UNCERTAINTY_MEASURE_WITH_UNIT (LENGTH_MEASURE( 1.000000000000000082E-05 ), #7227, 'distance_accuracy_value', 'NONE');
#5478 = LINE ( 'NONE', #4421, #2873 ) ;
#5479 = DIRECTION ( 'NONE',  ( -0.0000000000000000000, -1.000000000000000000, 0.0000000000000000000 ) ) ;
#5480 = CARTESIAN_POINT ( 'NONE',  ( -0.1945121951219511980, 0.1547713572935706661, 0.2999999999999999889 ) ) ;
#5481 = LINE ( 'NONE', #7957, #3718 ) ;
#5482 = ORIENTED_EDGE ( 'NONE', *, *, #6749, .F. ) ;
#5483 = ORIENTED_EDGE ( 'NONE', *, *, #2835, .F. ) ;
#5484 =( GEOMETRIC_REPRESENTATION_CONTEXT ( 3 ) GLOBAL_UNCERTAINTY_ASSIGNED_CONTEXT ( ( #1198 ) ) GLOBAL_UNIT_ASSIGNED_CONTEXT ( ( #4061, #7284, #4744 ) ) REPRESENTATION_CONTEXT ( 'NONE', 'WORKASPACE' ) );
#5485 = CARTESIAN_POINT ( 'NONE',  ( -2.899999999999999911, -2.900000000000000799, 4.290000000000000036 ) ) ;
#5486 = SURFACE_SIDE_STYLE ('',( #902 ) ) ;
#5487 = DIRECTION ( 'NONE',  ( -0.0000000000000000000, 0.0000000000000000000, 1.000000000000000000 ) ) ;
#5488 = CARTESIAN_POINT ( 'NONE',  ( 4.150912291827595801, -2.299999999999999822, -0.001386042793148666626 ) ) ;
#5489 = FACE_OUTER_BOUND ( 'NONE', #4692, .T. ) ;
#5490 = ORIENTED_EDGE ( 'NONE', *, *, #2781, .T. ) ;
#5491 = CARTESIAN_POINT ( 'NONE',  ( -4.150912291827595801, 2.299999999999999822, -0.001386042793148558206 ) ) ;
#5492 = EDGE_LOOP ( 'NONE', ( #1604, #1325, #3753, #841 ) ) ;
#5493 =( NAMED_UNIT ( * ) SI_UNIT ( $, .STERADIAN. ) SOLID_ANGLE_UNIT ( ) );
#5494 = STYLED_ITEM ( 'NONE', ( #4224 ), #7225 ) ;
#5495 = DIRECTION ( 'NONE',  ( 1.000000000000000000, 0.0000000000000000000, 0.0000000000000000000 ) ) ;
#5496 = CARTESIAN_POINT ( 'NONE',  ( -0.09999999999999993616, -0.05742376465764902765, 0.2999999999999999889 ) ) ;
#5497 = CARTESIAN_POINT ( 'NONE',  ( -0.09622713414634141704, 0.3035518450984487360, 0.3099999999999999978 ) ) ;
#5498 = ORIENTED_EDGE ( 'NONE', *, *, #343, .T. ) ;
#5499 = CARTESIAN_POINT ( 'NONE',  ( 2.485912291827597098, 2.299999999999999822, 0.2890877081724209097 ) ) ;
#5500 = DIRECTION ( 'NONE',  ( 8.673617379884072943E-16, -1.000000000000000000, 0.0000000000000000000 ) ) ;
#5501 = AXIS2_PLACEMENT_3D ( 'NONE', #589, #7926, #3911 ) ;
#5502 = VERTEX_POINT ( 'NONE', #2601 ) ;
#5503 = CARTESIAN_POINT ( 'NONE',  ( -2.900000000000000799, 3.000000000000000000, 5.500000000000000000 ) ) ;
#5504 = EDGE_CURVE ( 'NONE', #6264, #4762, #3028, .T. ) ;
#5505 = B_SPLINE_SURFACE_WITH_KNOTS ( 'NONE', 3, 1, ( 
 ( #5108, #1058 ),
 ( #7028, #5708 ),
 ( #5142, #7115 ),
 ( #3115, #519 ),
 ( #6999, #1713 ) ),
 .UNSPECIFIED., .F., .F., .F.,
 ( 4, 1, 4 ),
 ( 2, 2 ),
 ( 0.0000000000000000000, 0.4399133418320153033, 1.000000000000000000 ),
 ( 0.0000000000000000000, 1.000000000000000000 ),
 .UNSPECIFIED. ) ;
#5506 = ADVANCED_FACE ( 'NONE', ( #3252 ), #4613, .F. ) ;
#5507 = EDGE_LOOP ( 'NONE', ( #3415, #4976, #2277, #7626 ) ) ;
#5508 = CARTESIAN_POINT ( 'NONE',  ( -0.02195121951219501308, 0.008429893878924482609, 0.3099999999999999978 ) ) ;
#5509 = ORIENTED_EDGE ( 'NONE', *, *, #92, .F. ) ;
#5510 = LINE ( 'NONE', #5717, #7150 ) ;
#5511 = EDGE_CURVE ( 'NONE', #8364, #5741, #5109, .T. ) ;
#5512 = CARTESIAN_POINT ( 'NONE',  ( -2.034017743893765662, 1.116868741266024312, 4.289999999999999147 ) ) ;
#5513 = VERTEX_POINT ( 'NONE', #5246 ) ;
#5514 = PRESENTATION_LAYER_ASSIGNMENT (  '', '', ( #4899 ) ) ;
#5515 = DIRECTION ( 'NONE',  ( -0.0000000000000000000, -1.000000000000000000, -0.0000000000000000000 ) ) ;
#5516 = DIRECTION ( 'NONE',  ( -0.0000000000000000000, 0.0000000000000000000, 1.000000000000000000 ) ) ;
#5517 = ORIENTED_EDGE ( 'NONE', *, *, #3612, .F. ) ;
#5518 = VECTOR ( 'NONE', #1631, 1000.000000000000000 ) ;
#5519 = STYLED_ITEM ( 'NONE', ( #222 ), #582 ) ;
#5520 = ORIENTED_EDGE ( 'NONE', *, *, #6440, .T. ) ;
#5521 =( LENGTH_UNIT ( ) NAMED_UNIT ( * ) SI_UNIT ( .MILLI., .METRE. ) );
#5522 = DIRECTION ( 'NONE',  ( -0.0000000000000000000, 0.0000000000000000000, 1.000000000000000000 ) ) ;
#5523 = SURFACE_STYLE_USAGE ( .BOTH. , #8162 ) ;
#5524 = VECTOR ( 'NONE', #1456, 1000.000000000000000 ) ;
#5525 = CARTESIAN_POINT ( 'NONE',  ( -0.1666666666666667684, -0.2692123825438277884, 0.2999999999999999889 ) ) ;
#5526 = ORIENTED_EDGE ( 'NONE', *, *, #3445, .T. ) ;
#5527 = PRESENTATION_STYLE_ASSIGNMENT (( #1754 ) ) ;
#5528 = VERTEX_POINT ( 'NONE', #3956 ) ;
#5529 = DIRECTION ( 'NONE',  ( 0.0000000000000000000, 0.0000000000000000000, -1.000000000000000000 ) ) ;
#5530 = FILL_AREA_STYLE_COLOUR ( '', #7487 ) ;
#5531 = CARTESIAN_POINT ( 'NONE',  ( 4.519906605862593068E-14, 0.008429893878912603222, 0.2999999999999999889 ) ) ;
#5532 = CARTESIAN_POINT ( 'NONE',  ( 0.0000000000000000000, 0.0000000000000000000, 4.290000000000000036 ) ) ;
#5533 = MECHANICAL_DESIGN_GEOMETRIC_PRESENTATION_REPRESENTATION (  '', ( #5963 ), #8174 ) ;
#5534 = CARTESIAN_POINT ( 'NONE',  ( -2.485912291827593545, -1.700000000000000178, 0.2890877081724074760 ) ) ;
#5535 = LINE ( 'NONE', #6022, #5337 ) ;
#5536 = ORIENTED_EDGE ( 'NONE', *, *, #3546, .T. ) ;
#5537 = CARTESIAN_POINT ( 'NONE',  ( -0.02003106448397610692, 0.1960232126464138136, 0.2999999999999999889 ) ) ;
#5538 = CARTESIAN_POINT ( 'NONE',  ( -2.449999999999999289, -0.2999999999999999334, 0.3499999999999999778 ) ) ;
#5539 = DIRECTION ( 'NONE',  ( 1.000000000000000000, 0.0000000000000000000, 0.0000000000000000000 ) ) ;
#5540 = LINE ( 'NONE', #1511, #4186 ) ;
#5541 = STYLED_ITEM ( 'NONE', ( #4866 ), #6535 ) ;
#5542 = PRESENTATION_LAYER_ASSIGNMENT (  '', '', ( #4058 ) ) ;
#5543 = ORIENTED_EDGE ( 'NONE', *, *, #8193, .F. ) ;
#5544 = CARTESIAN_POINT ( 'NONE',  ( -2.800000000000001155, 3.000000000000000000, 4.299999999999999822 ) ) ;
#5545 = EDGE_LOOP ( 'NONE', ( #7359, #189, #4247, #6235 ) ) ;
#5546 = FACE_OUTER_BOUND ( 'NONE', #6044, .T. ) ;
#5547 = FILL_AREA_STYLE_COLOUR ( '', #1315 ) ;
#5548 = CARTESIAN_POINT ( 'NONE',  ( -0.02736567290923758861, -0.1110006450758283525, 0.2999999999999999889 ) ) ;
#5549 = LINE ( 'NONE', #2427, #4301 ) ;
#5550 = UNCERTAINTY_MEASURE_WITH_UNIT (LENGTH_MEASURE( 1.000000000000000082E-05 ), #3548, 'distance_accuracy_value', 'NONE');
#5551 = EDGE_CURVE ( 'NONE', #4725, #4645, #942, .T. ) ;
#5552 =( NAMED_UNIT ( * ) SI_UNIT ( $, .STERADIAN. ) SOLID_ANGLE_UNIT ( ) );
#5553 = ORIENTED_EDGE ( 'NONE', *, *, #6907, .T. ) ;
#5554 = LINE ( 'NONE', #1964, #4415 ) ;
#5555 = CARTESIAN_POINT ( 'NONE',  ( 1.349999999999999645, 1.749999999999999778, 7.799999999999999822 ) ) ;
#5556 = SURFACE_STYLE_FILL_AREA ( #2280 ) ;
#5557 = DIRECTION ( 'NONE',  ( 0.0000000000000000000, 1.000000000000000000, 0.0000000000000000000 ) ) ;
#5558 = EDGE_LOOP ( 'NONE', ( #3438, #8303, #7558, #1185 ) ) ;
#5559 = PRESENTATION_STYLE_ASSIGNMENT (( #2920 ) ) ;
#5560 = EDGE_CURVE ( 'NONE', #5513, #6650, #138, .T. ) ;
#5561 = CARTESIAN_POINT ( 'NONE',  ( -0.1756097560975611038, -0.2943521183161854626, 0.3099999999999999978 ) ) ;
#5562 = EDGE_CURVE ( 'NONE', #455, #4960, #1342, .T. ) ;
#5563 = ORIENTED_EDGE ( 'NONE', *, *, #8484, .F. ) ;
#5564 = FACE_BOUND ( 'NONE', #8516, .T. ) ;
#5565 =( NAMED_UNIT ( * ) SI_UNIT ( $, .STERADIAN. ) SOLID_ANGLE_UNIT ( ) );
#5566 = CARTESIAN_POINT ( 'NONE',  ( -0.01036585365853647835, 0.1547713572935705273, 0.3099999999999999978 ) ) ;
#5567 = ORIENTED_EDGE ( 'NONE', *, *, #5145, .F. ) ;
#5568 = DIRECTION ( 'NONE',  ( 0.0000000000000000000, -0.0000000000000000000, -1.000000000000000000 ) ) ;
#5569 = UNCERTAINTY_MEASURE_WITH_UNIT (LENGTH_MEASURE( 1.000000000000000082E-05 ), #2291, 'distance_accuracy_value', 'NONE');
#5570 = MECHANICAL_DESIGN_GEOMETRIC_PRESENTATION_REPRESENTATION (  '', ( #6114 ), #1653 ) ;
#5571 = PRESENTATION_STYLE_ASSIGNMENT (( #3555 ) ) ;
#5572 = UNCERTAINTY_MEASURE_WITH_UNIT (LENGTH_MEASURE( 1.000000000000000082E-05 ), #6251, 'distance_accuracy_value', 'NONE');
#5573 = DIRECTION ( 'NONE',  ( -1.322197771323786684E-17, 0.0000000000000000000, -1.000000000000000000 ) ) ;
#5574 = EDGE_CURVE ( 'NONE', #567, #1044, #5215, .T. ) ;
#5575 = EDGE_LOOP ( 'NONE', ( #2204, #7739, #1410, #2703 ) ) ;
#5576 = ORIENTED_EDGE ( 'NONE', *, *, #4031, .T. ) ;
#5577 = COLOUR_RGB ( '',0.7764705882352941346, 0.7568627450980391913, 0.7372549019607843590 ) ;
#5578 =( NAMED_UNIT ( * ) SI_UNIT ( $, .STERADIAN. ) SOLID_ANGLE_UNIT ( ) );
#5579 = ADVANCED_FACE ( 'NONE', ( #2722 ), #5899, .F. ) ;
#5580 = CARTESIAN_POINT ( 'NONE',  ( -1.084202172485504434E-16, -0.3574237646576489680, 0.2999999999999999889 ) ) ;
#5581 = COLOUR_RGB ( '',0.4313725490196078649, 0.3529411764705882026, 0.3725490196078431460 ) ;
#5582 = EDGE_CURVE ( 'NONE', #123, #2037, #4691, .T. ) ;
#5583 = UNCERTAINTY_MEASURE_WITH_UNIT (LENGTH_MEASURE( 1.000000000000000082E-05 ), #2409, 'distance_accuracy_value', 'NONE');
#5584 = CARTESIAN_POINT ( 'NONE',  ( -2.449999999999999289, -1.700000000000000178, 0.3499999999999999778 ) ) ;
#5585 = DIRECTION ( 'NONE',  ( 0.0000000000000000000, -0.0000000000000000000, 1.000000000000000000 ) ) ;
#5586 = MECHANICAL_DESIGN_GEOMETRIC_PRESENTATION_REPRESENTATION (  '', ( #5150 ), #8236 ) ;
#5587 = PRESENTATION_STYLE_ASSIGNMENT (( #2406 ) ) ;
#5588 =( GEOMETRIC_REPRESENTATION_CONTEXT ( 3 ) GLOBAL_UNCERTAINTY_ASSIGNED_CONTEXT ( ( #5569 ) ) GLOBAL_UNIT_ASSIGNED_CONTEXT ( ( #2291, #4368, #386 ) ) REPRESENTATION_CONTEXT ( 'NONE', 'WORKASPACE' ) );
#5589 = ORIENTED_EDGE ( 'NONE', *, *, #3424, .F. ) ;
#5590 =( NAMED_UNIT ( * ) SI_UNIT ( $, .STERADIAN. ) SOLID_ANGLE_UNIT ( ) );
#5591 = DIRECTION ( 'NONE',  ( 0.0000000000000000000, -0.0000000000000000000, -1.000000000000000000 ) ) ;
#5592 = ORIENTED_EDGE ( 'NONE', *, *, #6207, .T. ) ;
#5593 = LINE ( 'NONE', #2624, #4672 ) ;
#5594 = EDGE_CURVE ( 'NONE', #321, #3265, #2611, .T. ) ;
#5595 = EDGE_CURVE ( 'NONE', #3388, #2985, #3351, .T. ) ;
#5596 = DIRECTION ( 'NONE',  ( 1.000000000000000000, 8.673617379884072943E-16, -0.0000000000000000000 ) ) ;
#5597 = DIRECTION ( 'NONE',  ( 0.0000000000000000000, -1.000000000000000000, 0.0000000000000000000 ) ) ;
#5598 = CARTESIAN_POINT ( 'NONE',  ( -0.8749999999999997780, -1.161645184805897256E-16, 10.40000000000000213 ) ) ;
#5599 = EDGE_LOOP ( 'NONE', ( #3111, #2919, #2034, #3664 ) ) ;
#5600 = VECTOR ( 'NONE', #1660, 1000.000000000000000 ) ;
#5601 = PRESENTATION_STYLE_ASSIGNMENT (( #3663 ) ) ;
#5602 = EDGE_LOOP ( 'NONE', ( #6189, #861, #1642, #4045, #1306, #7817, #2662, #6018 ) ) ;
#5603 = DIRECTION ( 'NONE',  ( -0.0000000000000000000, 0.0000000000000000000, -1.000000000000000000 ) ) ;
#5604 =( NAMED_UNIT ( * ) SI_UNIT ( $, .STERADIAN. ) SOLID_ANGLE_UNIT ( ) );
#5605 = CARTESIAN_POINT ( 'NONE',  ( -1.449999999999999512, -1.750000000000000222, 7.799999999999999822 ) ) ;
#5606 = FILL_AREA_STYLE_COLOUR ( '', #4267 ) ;
#5607 =( LENGTH_UNIT ( ) NAMED_UNIT ( * ) SI_UNIT ( .MILLI., .METRE. ) );
#5608 = SURFACE_SIDE_STYLE ('',( #4831 ) ) ;
#5609 = EDGE_LOOP ( 'NONE', ( #4110, #2777, #6355, #2994 ) ) ;
#5610 = PRESENTATION_STYLE_ASSIGNMENT (( #260 ) ) ;
#5611 = ORIENTED_EDGE ( 'NONE', *, *, #6111, .F. ) ;
#5612 = DIRECTION ( 'NONE',  ( -0.5078765015848255571, 0.0000000000000000000, -0.8614298921780917384 ) ) ;
#5613 = LINE ( 'NONE', #2317, #4776 ) ;
#5614 = FILL_AREA_STYLE_COLOUR ( '', #5333 ) ;
#5615 = CARTESIAN_POINT ( 'NONE',  ( -2.900000000000000799, 2.900000000000000355, 5.399999999999999467 ) ) ;
#5616 = ORIENTED_EDGE ( 'NONE', *, *, #1264, .T. ) ;
#5617 = VERTEX_POINT ( 'NONE', #808 ) ;
#5618 = CARTESIAN_POINT ( 'NONE',  ( -0.07804878048780491961, -0.2613109597796002270, 0.2999999999999999889 ) ) ;
#5619 = ORIENTED_EDGE ( 'NONE', *, *, #939, .T. ) ;
#5620 = CIRCLE ( 'NONE', #6403, 0.07071067811864449604 ) ;
#5621 = CARTESIAN_POINT ( 'NONE',  ( -0.1615853658536586523, -0.2911508988039902546, 0.2999999999999999889 ) ) ;
#5622 = SURFACE_STYLE_FILL_AREA ( #3735 ) ;
#5623 =( GEOMETRIC_REPRESENTATION_CONTEXT ( 3 ) GLOBAL_UNCERTAINTY_ASSIGNED_CONTEXT ( ( #8093 ) ) GLOBAL_UNIT_ASSIGNED_CONTEXT ( ( #6637, #6258, #7639 ) ) REPRESENTATION_CONTEXT ( 'NONE', 'WORKASPACE' ) );
#5624 = SURFACE_STYLE_USAGE ( .BOTH. , #6961 ) ;
#5625 = PLANE ( 'NONE',  #8287 ) ;
#5626 = AXIS2_PLACEMENT_3D ( 'NONE', #5584, #965, #5612 ) ;
#5627 = ADVANCED_FACE ( 'NONE', ( #7981 ), #3401, .T. ) ;
#5628 = FILL_AREA_STYLE ('',( #4269 ) ) ;
#5629 = CARTESIAN_POINT ( 'NONE',  ( 4.150912291827595801, -2.299999999999999822, 0.2890877081724074205 ) ) ;
#5630 = CARTESIAN_POINT ( 'NONE',  ( -0.8749999999999998890, 1.124999999999999778, 9.650000000000000355 ) ) ;
#5631 = CARTESIAN_POINT ( 'NONE',  ( -2.485912291827595322, -0.2999999999999999334, 0.2890877081724139153 ) ) ;
#5632 =( NAMED_UNIT ( * ) PLANE_ANGLE_UNIT ( ) SI_UNIT ( $, .RADIAN. ) );
#5633 = LINE ( 'NONE', #2553, #4706 ) ;
#5634 = CARTESIAN_POINT ( 'NONE',  ( -0.09786585365853650575, 0.2767225768057657298, 0.2999999999999999889 ) ) ;
#5635 = DIRECTION ( 'NONE',  ( 1.000000000000000000, 0.0000000000000000000, 0.0000000000000000000 ) ) ;
#5636 = ORIENTED_EDGE ( 'NONE', *, *, #4185, .F. ) ;
#5637 = STYLED_ITEM ( 'NONE', ( #4699 ), #5506 ) ;
#5638 = DIRECTION ( 'NONE',  ( 1.000000000000000000, 0.0000000000000000000, 0.0000000000000000000 ) ) ;
#5639 = ORIENTED_EDGE ( 'NONE', *, *, #2622, .T. ) ;
#5640 =( LENGTH_UNIT ( ) NAMED_UNIT ( * ) SI_UNIT ( .MILLI., .METRE. ) );
#5641 = AXIS2_PLACEMENT_3D ( 'NONE', #5985, #7391, #8169 ) ;
#5642 = FILL_AREA_STYLE_COLOUR ( '', #1111 ) ;
#5643 =( NAMED_UNIT ( * ) SI_UNIT ( $, .STERADIAN. ) SOLID_ANGLE_UNIT ( ) );
#5644 = CARTESIAN_POINT ( 'NONE',  ( -0.1025152439024390044, -0.1915701061210637046, 0.3099999999999999978 ) ) ;
#5645 =( NAMED_UNIT ( * ) SI_UNIT ( $, .STERADIAN. ) SOLID_ANGLE_UNIT ( ) );
#5646 = VECTOR ( 'NONE', #3211, 1000.000000000000000 ) ;
#5647 = VERTEX_POINT ( 'NONE', #4156 ) ;
#5648 = DIRECTION ( 'NONE',  ( 1.000000000000000000, 0.0000000000000000000, 0.0000000000000000000 ) ) ;
#5649 = CIRCLE ( 'NONE', #6672, 0.07071067811865430763 ) ;
#5650 = VECTOR ( 'NONE', #247, 1000.000000000000000 ) ;
#5651 = FILL_AREA_STYLE_COLOUR ( '', #4804 ) ;
#5652 =( NAMED_UNIT ( * ) SI_UNIT ( $, .STERADIAN. ) SOLID_ANGLE_UNIT ( ) );
#5653 = CARTESIAN_POINT ( 'NONE',  ( 1.500000000000000000, 2.899999999999999467, 0.5000000000000000000 ) ) ;
#5654 = CARTESIAN_POINT ( 'NONE',  ( -0.9749999999999996447, -1.225000000000000533, 10.50000000000000000 ) ) ;
#5655 = ORIENTED_EDGE ( 'NONE', *, *, #8205, .F. ) ;
#5656 = CARTESIAN_POINT ( 'NONE',  ( -0.03711406172038384660, -0.1563448834038844992, 0.3099999999999999978 ) ) ;
#5657 = SURFACE_STYLE_FILL_AREA ( #2949 ) ;
#5658 = CARTESIAN_POINT ( 'NONE',  ( -0.1937265489505299310, -0.1188195810681174219, 0.2999999999999999889 ) ) ;
#5659 = PRESENTATION_LAYER_ASSIGNMENT (  '', '', ( #8139 ) ) ;
#5660 = B_SPLINE_CURVE_WITH_KNOTS ( 'NONE', 3,
 ( #1791, #6448, #7806, #577, #7774 ),
 .UNSPECIFIED., .F., .F.,
 ( 4, 1, 4 ),
 ( 0.0000000000000000000, 0.4456323637531086068, 0.9999954385275882096 ),
 .UNSPECIFIED. ) ;
#5661 = EDGE_CURVE ( 'NONE', #1649, #1736, #4072, .T. ) ;
#5662 = VERTEX_POINT ( 'NONE', #6732 ) ;
#5663 = ORIENTED_EDGE ( 'NONE', *, *, #7929, .T. ) ;
#5664 = LINE ( 'NONE', #3502, #2865 ) ;
#5665 = CARTESIAN_POINT ( 'NONE',  ( -0.1780487804878047586, -0.05742376465764903459, 0.3099999999999999978 ) ) ;
#5666 = SURFACE_STYLE_USAGE ( .BOTH. , #471 ) ;
#5667 = DIRECTION ( 'NONE',  ( 0.0000000000000000000, 1.000000000000000000, 0.0000000000000000000 ) ) ;
#5668 = DIRECTION ( 'NONE',  ( -1.000000000000000000, 0.0000000000000000000, 0.0000000000000000000 ) ) ;
#5669 = CARTESIAN_POINT ( 'NONE',  ( -0.1736755678031965122, 0.2257019471222366236, 0.3099999999999999978 ) ) ;
#5670 = MECHANICAL_DESIGN_GEOMETRIC_PRESENTATION_REPRESENTATION (  '', ( #188 ), #8203 ) ;
#5671 = ORIENTED_EDGE ( 'NONE', *, *, #5948, .F. ) ;
#5672 = LINE ( 'NONE', #5199, #2340 ) ;
#5673 = FACE_BOUND ( 'NONE', #4920, .T. ) ;
#5674 = FILL_AREA_STYLE ('',( #163 ) ) ;
#5675 = AXIS2_PLACEMENT_3D ( 'NONE', #4472, #4442, #8506 ) ;
#5676 = CARTESIAN_POINT ( 'NONE',  ( -0.1286633637273350839, 0.2966325180661985583, 0.2999999999999999889 ) ) ;
#5677 = PRESENTATION_LAYER_ASSIGNMENT (  '', '', ( #4236 ) ) ;
#5678 = PRESENTATION_STYLE_ASSIGNMENT (( #4595 ) ) ;
#5679 = VERTEX_POINT ( 'NONE', #7368 ) ;
#5680 = SURFACE_SIDE_STYLE ('',( #3468 ) ) ;
#5681 = VERTEX_POINT ( 'NONE', #2794 ) ;
#5682 = SURFACE_SIDE_STYLE ('',( #3458 ) ) ;
#5683 = LINE ( 'NONE', #5166, #4044 ) ;
#5684 = SURFACE_SIDE_STYLE ('',( #495 ) ) ;
#5685 = ORIENTED_EDGE ( 'NONE', *, *, #5923, .T. ) ;
#5686 = AXIS2_PLACEMENT_3D ( 'NONE', #4200, #2950, #836 ) ;
#5687 = ORIENTED_EDGE ( 'NONE', *, *, #8097, .T. ) ;
#5688 = PRESENTATION_LAYER_ASSIGNMENT (  '', '', ( #6451 ) ) ;
#5689 = SURFACE_STYLE_FILL_AREA ( #1794 ) ;
#5690 = PLANE ( 'NONE',  #7334 ) ;
#5691 = EDGE_CURVE ( 'NONE', #7067, #2795, #645, .T. ) ;
#5692 = ORIENTED_EDGE ( 'NONE', *, *, #5228, .T. ) ;
#5693 = FILL_AREA_STYLE ('',( #5530 ) ) ;
#5694 = DIRECTION ( 'NONE',  ( -0.0000000000000000000, -0.0000000000000000000, 1.000000000000000000 ) ) ;
#5695 = CARTESIAN_POINT ( 'NONE',  ( -0.8749999999999995559, -1.125000000000000666, 10.40000000000000213 ) ) ;
#5696 = STYLED_ITEM ( 'NONE', ( #4572 ), #6435 ) ;
#5697 = PRESENTATION_LAYER_ASSIGNMENT (  '', '', ( #5268 ) ) ;
#5698 = UNCERTAINTY_MEASURE_WITH_UNIT (LENGTH_MEASURE( 1.000000000000000082E-05 ), #1356, 'distance_accuracy_value', 'NONE');
#5699 = VERTEX_POINT ( 'NONE', #2148 ) ;
#5700 = CARTESIAN_POINT ( 'NONE',  ( -0.1476599500987366698, -0.2861766284864247223, 0.2999999999999999889 ) ) ;
#5701 = PLANE ( 'NONE',  #2930 ) ;
#5702 = DIRECTION ( 'NONE',  ( 0.0000000000000000000, 0.0000000000000000000, 1.000000000000000000 ) ) ;
#5703 = DIRECTION ( 'NONE',  ( 0.0000000000000000000, -1.000000000000000000, 0.0000000000000000000 ) ) ;
#5704 = ORIENTED_EDGE ( 'NONE', *, *, #389, .T. ) ;
#5705 = COLOUR_RGB ( '',0.4313725490196078649, 0.3529411764705882026, 0.3725490196078431460 ) ;
#5706 = EDGE_LOOP ( 'NONE', ( #3240, #5441, #5030, #7270 ) ) ;
#5707 = EDGE_CURVE ( 'NONE', #8498, #8405, #2278, .T. ) ;
#5708 = CARTESIAN_POINT ( 'NONE',  ( -0.1636098699107395305, -0.2917572693919503468, 0.3099999999999999978 ) ) ;
#5709 = SURFACE_STYLE_FILL_AREA ( #3613 ) ;
#5710 =( LENGTH_UNIT ( ) NAMED_UNIT ( * ) SI_UNIT ( .MILLI., .METRE. ) );
#5711 = VERTEX_POINT ( 'NONE', #8002 ) ;
#5712 = B_SPLINE_CURVE_WITH_KNOTS ( 'NONE', 3,
 ( #2345, #2290, #3584, #2315, #3031 ),
 .UNSPECIFIED., .F., .F.,
 ( 4, 1, 4 ),
 ( 0.0000000000000000000, 0.5000000000000000000, 0.9999929310344827238 ),
 .UNSPECIFIED. ) ;
#5713 = ORIENTED_EDGE ( 'NONE', *, *, #2764, .F. ) ;
#5714 = LINE ( 'NONE', #1564, #2172 ) ;
#5715 = VERTEX_POINT ( 'NONE', #8054 ) ;
#5716 = PRESENTATION_LAYER_ASSIGNMENT (  '', '', ( #3064 ) ) ;
#5717 = CARTESIAN_POINT ( 'NONE',  ( -2.449999999999999289, 0.0000000000000000000, 0.2792893218813508049 ) ) ;
#5718 = FILL_AREA_STYLE ('',( #3798 ) ) ;
#5719 = EDGE_CURVE ( 'NONE', #2792, #8010, #7459, .T. ) ;
#5720 = FILL_AREA_STYLE_COLOUR ( '', #6786 ) ;
#5721 = SURFACE_STYLE_FILL_AREA ( #2640 ) ;
#5722 = DIRECTION ( 'NONE',  ( 0.0000000000000000000, 1.000000000000000000, -0.0000000000000000000 ) ) ;
#5723 = AXIS2_PLACEMENT_3D ( 'NONE', #2050, #5442, #2138 ) ;
#5724 = ORIENTED_EDGE ( 'NONE', *, *, #1937, .F. ) ;
#5725 = UNCERTAINTY_MEASURE_WITH_UNIT (LENGTH_MEASURE( 1.000000000000000082E-05 ), #7183, 'distance_accuracy_value', 'NONE');
#5726 = CIRCLE ( 'NONE', #4647, 0.3535533905932665144 ) ;
#5727 = DIRECTION ( 'NONE',  ( -1.000000000000000000, 0.0000000000000000000, 0.0000000000000000000 ) ) ;
#5728 = ORIENTED_EDGE ( 'NONE', *, *, #6372, .F. ) ;
#5729 = DIRECTION ( 'NONE',  ( -0.0000000000000000000, 0.0000000000000000000, 1.000000000000000000 ) ) ;
#5730 = ORIENTED_EDGE ( 'NONE', *, *, #5887, .F. ) ;
#5731 =( GEOMETRIC_REPRESENTATION_CONTEXT ( 3 ) GLOBAL_UNCERTAINTY_ASSIGNED_CONTEXT ( ( #4764 ) ) GLOBAL_UNIT_ASSIGNED_CONTEXT ( ( #8166, #3551, #2223 ) ) REPRESENTATION_CONTEXT ( 'NONE', 'WORKASPACE' ) );
#5732 = CARTESIAN_POINT ( 'NONE',  ( 4.743384504624081899E-17, -0.2062042524625271878, 0.2999999999999999889 ) ) ;
#5733 = CARTESIAN_POINT ( 'NONE',  ( -2.400000000000013234, 1.700000000000000178, 0.2999999999999999889 ) ) ;
#5734 = PRESENTATION_LAYER_ASSIGNMENT (  '', '', ( #4126 ) ) ;
#5735 = FILL_AREA_STYLE ('',( #4479 ) ) ;
#5736 = CARTESIAN_POINT ( 'NONE',  ( -2.449999999999999289, 1.700000000000000178, 0.3499999999999999778 ) ) ;
#5737 = EDGE_CURVE ( 'NONE', #5006, #6278, #6471, .T. ) ;
#5738 = CARTESIAN_POINT ( 'NONE',  ( -0.1756097560975611038, -0.2943521183161854626, 0.2999999999999999889 ) ) ;
#5739 = SURFACE_STYLE_FILL_AREA ( #5693 ) ;
#5740 =( LENGTH_UNIT ( ) NAMED_UNIT ( * ) SI_UNIT ( .MILLI., .METRE. ) );
#5741 = VERTEX_POINT ( 'NONE', #7447 ) ;
#5742 = ORIENTED_EDGE ( 'NONE', *, *, #4591, .T. ) ;
#5743 = DIRECTION ( 'NONE',  ( 0.0000000000000000000, 0.0000000000000000000, 1.000000000000000000 ) ) ;
#5744 = LINE ( 'NONE', #3513, #4197 ) ;
#5745 = DIRECTION ( 'NONE',  ( 0.0000000000000000000, -0.0000000000000000000, -1.000000000000000000 ) ) ;
#5746 = LINE ( 'NONE', #7849, #5650 ) ;
#5747 = PRESENTATION_LAYER_ASSIGNMENT (  '', '', ( #1547 ) ) ;
#5748 = CARTESIAN_POINT ( 'NONE',  ( -0.1890242235772356394, 0.01330794265942437070, 0.2999999999999999889 ) ) ;
#5749 = DIRECTION ( 'NONE',  ( -0.0000000000000000000, 0.0000000000000000000, -1.000000000000000000 ) ) ;
#5750 = AXIS2_PLACEMENT_3D ( 'NONE', #3032, #961, #6917 ) ;
#5751 = DIRECTION ( 'NONE',  ( 1.000000000000000000, 0.0000000000000000000, 0.0000000000000000000 ) ) ;
#5752 = ADVANCED_FACE ( 'NONE', ( #7665 ), #4065, .F. ) ;
#5753 = CARTESIAN_POINT ( 'NONE',  ( -1.449999999999999956, 1.749999999999999778, 7.799999999999999822 ) ) ;
#5754 = B_SPLINE_SURFACE_WITH_KNOTS ( 'NONE', 3, 1, ( 
 ( #3417, #7441 ),
 ( #825, #8020 ),
 ( #6780, #5470 ),
 ( #2814, #2109 ),
 ( #8101, #5497 ) ),
 .UNSPECIFIED., .F., .F., .F.,
 ( 4, 1, 4 ),
 ( 2, 2 ),
 ( 0.0000000000000000000, 0.5546701810926090159, 1.000000000000000000 ),
 ( 0.0000000000000000000, 1.000000000000000000 ),
 .UNSPECIFIED. ) ;
#5755 = DIRECTION ( 'NONE',  ( -0.0000000000000000000, -1.000000000000000000, 0.0000000000000000000 ) ) ;
#5756 = ORIENTED_EDGE ( 'NONE', *, *, #3799, .F. ) ;
#5757 = B_SPLINE_CURVE_WITH_KNOTS ( 'NONE', 3,
 ( #5892, #7095, #5414, #1345, #3393 ),
 .UNSPECIFIED., .F., .F.,
 ( 4, 1, 4 ),
 ( 0.0000000000000000000, 0.5000000000000002220, 0.9999953409090078793 ),
 .UNSPECIFIED. ) ;
#5758 = LINE ( 'NONE', #661, #4820 ) ;
#5759 = EDGE_CURVE ( 'NONE', #602, #2864, #850, .T. ) ;
#5760 =( LENGTH_UNIT ( ) NAMED_UNIT ( * ) SI_UNIT ( .MILLI., .METRE. ) );
#5761 = VERTEX_POINT ( 'NONE', #5422 ) ;
#5762 = PLANE ( 'NONE',  #4124 ) ;
#5763 = FILL_AREA_STYLE ('',( #7802 ) ) ;
#5764 = AXIS2_PLACEMENT_3D ( 'NONE', #1080, #5072, #4469 ) ;
#5765 = VECTOR ( 'NONE', #5093, 1000.000000000000000 ) ;
#5766 = CIRCLE ( 'NONE', #2447, 0.07071067811864921449 ) ;
#5767 = CARTESIAN_POINT ( 'NONE',  ( -2.485912291827595766, 2.299999999999999822, 0.2890877081724212982 ) ) ;
#5768 =( LENGTH_UNIT ( ) NAMED_UNIT ( * ) SI_UNIT ( .MILLI., .METRE. ) );
#5769 = DIRECTION ( 'NONE',  ( 0.0000000000000000000, 0.0000000000000000000, -1.000000000000000000 ) ) ;
#5770 = VERTEX_POINT ( 'NONE', #6149 ) ;
#5771 = VECTOR ( 'NONE', #5308, 1000.000000000000000 ) ;
#5772 = FACE_BOUND ( 'NONE', #1498, .T. ) ;
#5773 = STYLED_ITEM ( 'NONE', ( #3515 ), #7263 ) ;
#5774 = B_SPLINE_CURVE_WITH_KNOTS ( 'NONE', 3,
 ( #4003, #1986, #46, #7988, #2073 ),
 .UNSPECIFIED., .F., .F.,
 ( 4, 1, 4 ),
 ( 0.0000000000000000000, 0.4456323637531086068, 1.000000000000000000 ),
 .UNSPECIFIED. ) ;
#5775 = EDGE_CURVE ( 'NONE', #3357, #3009, #7269, .T. ) ;
#5776 = CARTESIAN_POINT ( 'NONE',  ( -0.1801002760399360858, 0.1943503714882890421, 0.2999999999999999889 ) ) ;
#5777 = CARTESIAN_POINT ( 'NONE',  ( -0.9999999999999991118, 2.999999999999999556, 4.289999999999999147 ) ) ;
#5778 = FACE_OUTER_BOUND ( 'NONE', #4778, .T. ) ;
#5779 = VERTEX_POINT ( 'NONE', #6819 ) ;
#5780 = FILL_AREA_STYLE ('',( #3706 ) ) ;
#5781 =( LENGTH_UNIT ( ) NAMED_UNIT ( * ) SI_UNIT ( .MILLI., .METRE. ) );
#5782 = VECTOR ( 'NONE', #1875, 1000.000000000000000 ) ;
#5783 = VECTOR ( 'NONE', #5935, 1000.000000000000000 ) ;
#5784 = EDGE_LOOP ( 'NONE', ( #2927, #7755, #2941, #6896 ) ) ;
#5785 = EDGE_LOOP ( 'NONE', ( #5256, #1013, #5382, #5216, #7045, #752 ) ) ;
#5786 = CARTESIAN_POINT ( 'NONE',  ( 0.9749999999999999778, 1.124999999999999778, 10.40000000000000213 ) ) ;
#5787 = PRESENTATION_LAYER_ASSIGNMENT (  '', '', ( #6383 ) ) ;
#5788 = VECTOR ( 'NONE', #5859, 1000.000000000000000 ) ;
#5789 = DIRECTION ( 'NONE',  ( 0.0000000000000000000, 1.000000000000000000, 0.0000000000000000000 ) ) ;
#5790 =( NAMED_UNIT ( * ) SI_UNIT ( $, .STERADIAN. ) SOLID_ANGLE_UNIT ( ) );
#5791 = STYLED_ITEM ( 'NONE', ( #6842 ), #533 ) ;
#5792 = CARTESIAN_POINT ( 'NONE',  ( -0.07804878048780496125, -0.2613109597796002270, 0.3099999999999999978 ) ) ;
#5793 = CARTESIAN_POINT ( 'NONE',  ( -2.899999999999999911, -3.000000000000000000, 4.290000000000000036 ) ) ;
#5794 = SURFACE_STYLE_FILL_AREA ( #5628 ) ;
#5795 = ORIENTED_EDGE ( 'NONE', *, *, #2932, .T. ) ;
#5796 = ADVANCED_FACE ( 'NONE', ( #6649 ), #2404, .T. ) ;
#5797 =( NAMED_UNIT ( * ) SI_UNIT ( $, .STERADIAN. ) SOLID_ANGLE_UNIT ( ) );
#5798 = PLANE ( 'NONE',  #2242 ) ;
#5799 = PLANE ( 'NONE',  #1049 ) ;
#5800 = CARTESIAN_POINT ( 'NONE',  ( -2.034017743893765662, -1.116868741266024312, 0.5000000000000000000 ) ) ;
#5801 =( NAMED_UNIT ( * ) PLANE_ANGLE_UNIT ( ) SI_UNIT ( $, .RADIAN. ) );
#5802 = MECHANICAL_DESIGN_GEOMETRIC_PRESENTATION_REPRESENTATION (  '', ( #1173 ), #6230 ) ;
#5803 =( GEOMETRIC_REPRESENTATION_CONTEXT ( 3 ) GLOBAL_UNCERTAINTY_ASSIGNED_CONTEXT ( ( #7515 ) ) GLOBAL_UNIT_ASSIGNED_CONTEXT ( ( #3824, #8369, #5055 ) ) REPRESENTATION_CONTEXT ( 'NONE', 'WORKASPACE' ) );
#5804 = SURFACE_SIDE_STYLE ('',( #2883 ) ) ;
#5805 = PRESENTATION_STYLE_ASSIGNMENT (( #6164 ) ) ;
#5806 = CARTESIAN_POINT ( 'NONE',  ( -1.500000000000000000, -2.899999999999999467, 4.289999999999999147 ) ) ;
#5807 = CARTESIAN_POINT ( 'NONE',  ( -1.349999999999999867, 1.649999999999999689, 7.799999999999999822 ) ) ;
#5808 = CARTESIAN_POINT ( 'NONE',  ( 2.449999999999999289, 0.0000000000000000000, 0.3499999999999999778 ) ) ;
#5809 = CARTESIAN_POINT ( 'NONE',  ( 2.400000000000013234, 1.700000000000000178, 0.2999999999999999889 ) ) ;
#5810 = UNCERTAINTY_MEASURE_WITH_UNIT (LENGTH_MEASURE( 1.000000000000000082E-05 ), #6465, 'distance_accuracy_value', 'NONE');
#5811 = VERTEX_POINT ( 'NONE', #6866 ) ;
#5812 = LINE ( 'NONE', #8462, #2271 ) ;
#5813 = VERTEX_POINT ( 'NONE', #308 ) ;
#5814 = DIRECTION ( 'NONE',  ( -0.0000000000000000000, 1.000000000000000000, 0.0000000000000000000 ) ) ;
#5815 = MECHANICAL_DESIGN_GEOMETRIC_PRESENTATION_REPRESENTATION (  '', ( #7128 ), #6240 ) ;
#5816 = SURFACE_STYLE_USAGE ( .BOTH. , #1939 ) ;
#5818 = ORIENTED_EDGE ( 'NONE', *, *, #3733, .F. ) ;
#5817 = DIRECTION ( 'NONE',  ( 0.0000000000000000000, -0.0000000000000000000, -1.000000000000000000 ) ) ;
#5819 = CARTESIAN_POINT ( 'NONE',  ( -0.09024390243902426223, 0.01818599143991208450, 0.2999999999999999889 ) ) ;
#5820 = VERTEX_POINT ( 'NONE', #5555 ) ;
#5821 = CARTESIAN_POINT ( 'NONE',  ( -0.1735407591033820973, -0.2949645689822661954, 0.2999999999999999889 ) ) ;
#5822 = CARTESIAN_POINT ( 'NONE',  ( -2.449999999999999289, -0.2999999999999999334, 0.2792893218813508049 ) ) ;
#5823 = AXIS2_PLACEMENT_3D ( 'NONE', #5257, #5910, #649 ) ;
#5824 = CARTESIAN_POINT ( 'NONE',  ( -0.1676829268292681641, 0.1547713572935706106, 0.2999999999999999889 ) ) ;
#5825 = EDGE_CURVE ( 'NONE', #3379, #6959, #2504, .T. ) ;
#5826 = FILL_AREA_STYLE ('',( #7839 ) ) ;
#5827 = SURFACE_STYLE_FILL_AREA ( #4584 ) ;
#5828 = VERTEX_POINT ( 'NONE', #6843 ) ;
#5829 = CARTESIAN_POINT ( 'NONE',  ( 0.9749999999999999778, 0.9999999999999991118, 8.650000000000000355 ) ) ;
#5830 = DIRECTION ( 'NONE',  ( 0.0000000000000000000, -0.0000000000000000000, -1.000000000000000000 ) ) ;
#5831 = CARTESIAN_POINT ( 'NONE',  ( -0.1945121951219511980, 0.1547713572935706661, 0.2999999999999999889 ) ) ;
#5832 = VERTEX_POINT ( 'NONE', #4282 ) ;
#5833 = MECHANICAL_DESIGN_GEOMETRIC_PRESENTATION_REPRESENTATION (  '', ( #7432 ), #5996 ) ;
#5834 = CARTESIAN_POINT ( 'NONE',  ( -0.02195121951219511716, 0.3962347719277171665, 0.2999999999999999889 ) ) ;
#5835 = UNCERTAINTY_MEASURE_WITH_UNIT (LENGTH_MEASURE( 1.000000000000000082E-05 ), #8438, 'distance_accuracy_value', 'NONE');
#5836 = ADVANCED_FACE ( 'NONE', ( #422 ), #8188, .T. ) ;
#5837 = LINE ( 'NONE', #7137, #7180 ) ;
#5838 = DIRECTION ( 'NONE',  ( -0.0000000000000000000, -0.0000000000000000000, 1.000000000000000000 ) ) ;
#5839 = CARTESIAN_POINT ( 'NONE',  ( -2.800000000000000711, 2.900000000000000355, 5.500000000000000000 ) ) ;
#5840 = AXIS2_PLACEMENT_3D ( 'NONE', #4675, #4701, #6606 ) ;
#5841 = CYLINDRICAL_SURFACE ( 'NONE', #354, 0.1000000000000000472 ) ;
#5842 = ORIENTED_EDGE ( 'NONE', *, *, #6749, .T. ) ;
#5843 = ORIENTED_EDGE ( 'NONE', *, *, #8205, .T. ) ;
#5844 = EDGE_CURVE ( 'NONE', #4658, #8258, #3643, .T. ) ;
#5845 = SURFACE_STYLE_USAGE ( .BOTH. , #6301 ) ;
#5846 = FACE_OUTER_BOUND ( 'NONE', #4341, .T. ) ;
#5847 = CARTESIAN_POINT ( 'NONE',  ( -0.2000000000000001776, -0.3086432768527708204, 0.2999999999999999889 ) ) ;
#5848 = PRESENTATION_STYLE_ASSIGNMENT (( #2867 ) ) ;
#5849 = DIRECTION ( 'NONE',  ( -0.9417224702971445094, -0.3363908276654463680, 0.0000000000000000000 ) ) ;
#5850 = PRESENTATION_LAYER_ASSIGNMENT (  '', '', ( #1824 ) ) ;
#5851 = ORIENTED_EDGE ( 'NONE', *, *, #40, .F. ) ;
#5852 = FILL_AREA_STYLE_COLOUR ( '', #1256 ) ;
#5853 = STYLED_ITEM ( 'NONE', ( #1553 ), #1991 ) ;
#5854 = SURFACE_SIDE_STYLE ('',( #1814 ) ) ;
#5855 = FILL_AREA_STYLE ('',( #3910 ) ) ;
#5856 = LINE ( 'NONE', #5147, #1272 ) ;
#5857 = FILL_AREA_STYLE ('',( #3913 ) ) ;
#5858 = ORIENTED_EDGE ( 'NONE', *, *, #939, .F. ) ;
#5859 = DIRECTION ( 'NONE',  ( -0.0000000000000000000, -0.0000000000000000000, -1.000000000000000000 ) ) ;
#5860 = EDGE_LOOP ( 'NONE', ( #5194, #3319, #4385, #6132 ) ) ;
#5861 = MECHANICAL_DESIGN_GEOMETRIC_PRESENTATION_REPRESENTATION (  '', ( #113 ), #6297 ) ;
#5862 = LINE ( 'NONE', #417, #5366 ) ;
#5863 = LINE ( 'NONE', #473, #1790 ) ;
#5864 =( LENGTH_UNIT ( ) NAMED_UNIT ( * ) SI_UNIT ( .MILLI., .METRE. ) );
#5865 = AXIS2_PLACEMENT_3D ( 'NONE', #229, #933, #4131 ) ;
#5866 = CARTESIAN_POINT ( 'NONE',  ( -2.449999999999999289, 2.299999999999999822, 0.2792893218813555234 ) ) ;
#5867 = SURFACE_STYLE_USAGE ( .BOTH. , #7822 ) ;
#5868 = SURFACE_STYLE_USAGE ( .BOTH. , #5154 ) ;
#5869 = ORIENTED_EDGE ( 'NONE', *, *, #2303, .T. ) ;
#5870 = FACE_OUTER_BOUND ( 'NONE', #2208, .T. ) ;
#5871 = B_SPLINE_CURVE_WITH_KNOTS ( 'NONE', 3,
 ( #3154, #3179, #5079, #8396, #5049 ),
 .UNSPECIFIED., .F., .F.,
 ( 4, 1, 4 ),
 ( 0.0000000000000000000, 0.5000000000000003331, 1.000000000000000000 ),
 .UNSPECIFIED. ) ;
#5872 = ORIENTED_EDGE ( 'NONE', *, *, #7510, .F. ) ;
#5873 = FACE_OUTER_BOUND ( 'NONE', #8094, .T. ) ;
#5874 = CARTESIAN_POINT ( 'NONE',  ( 2.900000000000000355, -2.900000000000000799, 4.290000000000000036 ) ) ;
#5875 = SURFACE_STYLE_USAGE ( .BOTH. , #1846 ) ;
#5876 = CARTESIAN_POINT ( 'NONE',  ( -9.396771758602394387E-18, 0.3206250158301560127, 0.3099999999999999978 ) ) ;
#5877 = EDGE_CURVE ( 'NONE', #5307, #1569, #1130, .T. ) ;
#5878 = CARTESIAN_POINT ( 'NONE',  ( -0.2000000000000000944, -0.3041717321373236249, 0.2999999999999999889 ) ) ;
#5879 = EDGE_LOOP ( 'NONE', ( #8100, #1248, #4627, #8291 ) ) ;
#5880 = CARTESIAN_POINT ( 'NONE',  ( -0.8749999999999995559, -1.125000000000000666, 10.40000000000000213 ) ) ;
#5881 = CARTESIAN_POINT ( 'NONE',  ( 1.450000000000000400, -1.650000000000000355, 5.500000000000000000 ) ) ;
#5882 = LINE ( 'NONE', #4050, #2135 ) ;
#5883 = UNCERTAINTY_MEASURE_WITH_UNIT (LENGTH_MEASURE( 1.000000000000000082E-05 ), #1200, 'distance_accuracy_value', 'NONE');
#5884 = EDGE_LOOP ( 'NONE', ( #3833, #5611, #6707, #5349 ) ) ;
#5885 = STYLED_ITEM ( 'NONE', ( #7093 ), #8165 ) ;
#5886 = ORIENTED_EDGE ( 'NONE', *, *, #6016, .T. ) ;
#5887 = EDGE_CURVE ( 'NONE', #7902, #1607, #7127, .T. ) ;
#5888 = SURFACE_STYLE_FILL_AREA ( #5235 ) ;
#5889 = CARTESIAN_POINT ( 'NONE',  ( -0.1756097560975611038, -0.2943521183161854626, 0.3099999999999999978 ) ) ;
#5890 = PLANE ( 'NONE',  #3622 ) ;
#5891 = DIRECTION ( 'NONE',  ( -0.0000000000000000000, 1.000000000000000000, 0.0000000000000000000 ) ) ;
#5892 = CARTESIAN_POINT ( 'NONE',  ( 4.642445256390806029E-14, 0.1157469670496437120, 0.2999999999999999889 ) ) ;
#5893 = ORIENTED_EDGE ( 'NONE', *, *, #928, .T. ) ;
#5894 = ORIENTED_EDGE ( 'NONE', *, *, #5122, .F. ) ;
#5895 = CARTESIAN_POINT ( 'NONE',  ( -4.150912291827595801, -2.299999999999999822, -0.001386042793148558206 ) ) ;
#5896 = SURFACE_STYLE_FILL_AREA ( #1068 ) ;
#5897 = LINE ( 'NONE', #3414, #7641 ) ;
#5898 = DIRECTION ( 'NONE',  ( 0.0000000000000000000, -0.0000000000000000000, -1.000000000000000000 ) ) ;
#5899 = PLANE ( 'NONE',  #528 ) ;
#5900 = PRESENTATION_LAYER_ASSIGNMENT (  '', '', ( #4741 ) ) ;
#5901 = DIRECTION ( 'NONE',  ( -0.0000000000000000000, -1.000000000000000000, -0.0000000000000000000 ) ) ;
#5902 = SURFACE_SIDE_STYLE ('',( #2669 ) ) ;
#5903 = DIRECTION ( 'NONE',  ( 1.000000000000000000, 0.0000000000000000000, -0.0000000000000000000 ) ) ;
#5904 = CARTESIAN_POINT ( 'NONE',  ( 0.8750000000000001110, -1.125000000000000444, 7.799999999999999822 ) ) ;
#5905 = CARTESIAN_POINT ( 'NONE',  ( -2.400000000000013234, 1.700000000000000178, 0.2999999999999999889 ) ) ;
#5906 = ORIENTED_EDGE ( 'NONE', *, *, #6563, .F. ) ;
#5907 = FILL_AREA_STYLE_COLOUR ( '', #4748 ) ;
#5908 = SURFACE_SIDE_STYLE ('',( #2922 ) ) ;
#5909 = SURFACE_STYLE_FILL_AREA ( #7965 ) ;
#5910 = DIRECTION ( 'NONE',  ( 0.3536223923290736093, -0.9353882635801364920, 0.0000000000000000000 ) ) ;
#5911 = PRESENTATION_LAYER_ASSIGNMENT (  '', '', ( #4865 ) ) ;
#5912 = MECHANICAL_DESIGN_GEOMETRIC_PRESENTATION_REPRESENTATION (  '', ( #8065 ), #2650 ) ;
#5913 = VERTEX_POINT ( 'NONE', #2945 ) ;
#5914 = DIRECTION ( 'NONE',  ( 1.000000000000000000, 0.0000000000000000000, 0.0000000000000000000 ) ) ;
#5915 = DIRECTION ( 'NONE',  ( 1.000000000000000000, 0.0000000000000000000, 0.0000000000000000000 ) ) ;
#5916 = ADVANCED_FACE ( 'NONE', ( #2715 ), #7473, .T. ) ;
#5917 = CARTESIAN_POINT ( 'NONE',  ( 2.800000000000000266, -2.900000000000000799, 0.2999999999999999889 ) ) ;
#5918 = ADVANCED_FACE ( 'NONE', ( #843 ), #3967, .T. ) ;
#5919 = ORIENTED_EDGE ( 'NONE', *, *, #1459, .F. ) ;
#5920 = ORIENTED_EDGE ( 'NONE', *, *, #932, .F. ) ;
#5921 = B_SPLINE_CURVE_WITH_KNOTS ( 'NONE', 3,
 ( #3138, #5133, #2548, #3169, #7169 ),
 .UNSPECIFIED., .F., .F.,
 ( 4, 1, 4 ),
 ( 0.0000000000000000000, 0.4999999999999996114, 0.9999920615853268302 ),
 .UNSPECIFIED. ) ;
#5922 = AXIS2_PLACEMENT_3D ( 'NONE', #7204, #2576, #1849 ) ;
#5923 = EDGE_CURVE ( 'NONE', #4594, #2772, #1323, .T. ) ;
#5924 = COLOUR_RGB ( '',0.4313725490196078649, 0.3529411764705882026, 0.3725490196078431460 ) ;
#5925 = FILL_AREA_STYLE ('',( #5614 ) ) ;
#5926 = VECTOR ( 'NONE', #7209, 1000.000000000000000 ) ;
#5927 = DIRECTION ( 'NONE',  ( 0.0000000000000000000, 1.000000000000000000, -0.0000000000000000000 ) ) ;
#5928 = ORIENTED_EDGE ( 'NONE', *, *, #3697, .T. ) ;
#5929 = DIRECTION ( 'NONE',  ( 0.0000000000000000000, -0.0000000000000000000, -1.000000000000000000 ) ) ;
#5930 = DIRECTION ( 'NONE',  ( -8.850629979473508477E-17, 1.000000000000000000, 0.0000000000000000000 ) ) ;
#5931 = ORIENTED_EDGE ( 'NONE', *, *, #8541, .F. ) ;
#5932 = VECTOR ( 'NONE', #1615, 1000.000000000000000 ) ;
#5933 = UNCERTAINTY_MEASURE_WITH_UNIT (LENGTH_MEASURE( 1.000000000000000082E-05 ), #5521, 'distance_accuracy_value', 'NONE');
#5934 = ORIENTED_EDGE ( 'NONE', *, *, #425, .T. ) ;
#5935 = DIRECTION ( 'NONE',  ( 1.000000000000000000, 0.0000000000000000000, 1.322197771323786684E-17 ) ) ;
#5936 = PRESENTATION_LAYER_ASSIGNMENT (  '', '', ( #6203 ) ) ;
#5937 = EDGE_CURVE ( 'NONE', #1796, #4645, #5091, .T. ) ;
#5938 =( NAMED_UNIT ( * ) PLANE_ANGLE_UNIT ( ) SI_UNIT ( $, .RADIAN. ) );
#5939 = VECTOR ( 'NONE', #7166, 1000.000000000000000 ) ;
#5940 = PLANE ( 'NONE',  #5823 ) ;
#5941 = ORIENTED_EDGE ( 'NONE', *, *, #7356, .F. ) ;
#5942 = CARTESIAN_POINT ( 'NONE',  ( -0.2018469768548240006, 0.1767204396504904740, 0.2999999999999999889 ) ) ;
#5943 = LINE ( 'NONE', #5621, #8214 ) ;
#5944 = CARTESIAN_POINT ( 'NONE',  ( -0.006049827965546907861, 0.1646095802989714918, 0.3099999999999999978 ) ) ;
#5945 = LINE ( 'NONE', #543, #4910 ) ;
#5946 = FILL_AREA_STYLE_COLOUR ( '', #521 ) ;
#5947 = DIRECTION ( 'NONE',  ( 1.000000000000000000, 0.0000000000000000000, -0.0000000000000000000 ) ) ;
#5948 = EDGE_CURVE ( 'NONE', #7585, #1403, #7972, .T. ) ;
#5949 = ORIENTED_EDGE ( 'NONE', *, *, #5107, .T. ) ;
#5950 = CARTESIAN_POINT ( 'NONE',  ( -1.449999999999999512, -1.750000000000000222, 5.500000000000000000 ) ) ;
#5951 = ORIENTED_EDGE ( 'NONE', *, *, #1109, .F. ) ;
#5952 =( GEOMETRIC_REPRESENTATION_CONTEXT ( 3 ) GLOBAL_UNCERTAINTY_ASSIGNED_CONTEXT ( ( #213 ) ) GLOBAL_UNIT_ASSIGNED_CONTEXT ( ( #1764, #6423, #7080 ) ) REPRESENTATION_CONTEXT ( 'NONE', 'WORKASPACE' ) );
#5953 = LINE ( 'NONE', #6827, #5134 ) ;
#5954 = DIRECTION ( 'NONE',  ( 1.322197771323786684E-17, 0.0000000000000000000, -1.000000000000000000 ) ) ;
#5955 = EDGE_CURVE ( 'NONE', #5662, #983, #3339, .T. ) ;
#5956 = CARTESIAN_POINT ( 'NONE',  ( -0.2000000000000001776, -0.3086432768527708204, 0.2999999999999999889 ) ) ;
#5957 = DIRECTION ( 'NONE',  ( -1.239088197126290817E-16, 1.000000000000000000, -0.0000000000000000000 ) ) ;
#5958 = COLOUR_RGB ( '',0.4313725490196078649, 0.3529411764705882026, 0.3725490196078431460 ) ;
#5959 = FACE_OUTER_BOUND ( 'NONE', #3027, .T. ) ;
#5960 = CARTESIAN_POINT ( 'NONE',  ( -4.460912291827592746, -2.299999999999999822, -0.001386042793148666626 ) ) ;
#5961 = ADVANCED_FACE ( 'NONE', ( #6319 ), #3769, .F. ) ;
#5962 = STYLED_ITEM ( 'NONE', ( #7478 ), #5239 ) ;
#5963 = STYLED_ITEM ( 'NONE', ( #1555 ), #2267 ) ;
#5964 = SURFACE_SIDE_STYLE ('',( #6098 ) ) ;
#5965 = ORIENTED_EDGE ( 'NONE', *, *, #5560, .T. ) ;
#5966 = PLANE ( 'NONE',  #1019 ) ;
#5967 = SURFACE_STYLE_USAGE ( .BOTH. , #3322 ) ;
#5968 = ORIENTED_EDGE ( 'NONE', *, *, #4470, .F. ) ;
#5969 = COLOUR_RGB ( '',0.4313725490196078649, 0.3529411764705882026, 0.3725490196078431460 ) ;
#5970 = DIRECTION ( 'NONE',  ( -1.000000000000000000, -0.0000000000000000000, -0.0000000000000000000 ) ) ;
#5971 = LINE ( 'NONE', #7674, #4220 ) ;
#5972 = VECTOR ( 'NONE', #1215, 1000.000000000000000 ) ;
#5973 = DIRECTION ( 'NONE',  ( -1.000000000000000000, -0.0000000000000000000, -0.0000000000000000000 ) ) ;
#5974 =( NAMED_UNIT ( * ) PLANE_ANGLE_UNIT ( ) SI_UNIT ( $, .RADIAN. ) );
#5975 = FACE_OUTER_BOUND ( 'NONE', #2262, .T. ) ;
#5976 =( GEOMETRIC_REPRESENTATION_CONTEXT ( 3 ) GLOBAL_UNCERTAINTY_ASSIGNED_CONTEXT ( ( #2342 ) ) GLOBAL_UNIT_ASSIGNED_CONTEXT ( ( #924, #3694, #353 ) ) REPRESENTATION_CONTEXT ( 'NONE', 'WORKASPACE' ) );
#5977 = EDGE_LOOP ( 'NONE', ( #3592, #5460, #4802, #3968 ) ) ;
#5978 = MECHANICAL_DESIGN_GEOMETRIC_PRESENTATION_REPRESENTATION (  '', ( #7455 ), #8185 ) ;
#5979 = CARTESIAN_POINT ( 'NONE',  ( -0.1025152439024390044, -0.1915701061210637046, 0.3099999999999999978 ) ) ;
#5980 = DIRECTION ( 'NONE',  ( 0.2499999999999998057, -0.0000000000000000000, -0.9682458365518542553 ) ) ;
#5981 = B_SPLINE_CURVE_WITH_KNOTS ( 'NONE', 3,
 ( #6130, #4871, #4141, #896, #5561 ),
 .UNSPECIFIED., .F., .F.,
 ( 4, 1, 4 ),
 ( 0.0000000000000000000, 0.4399133418320153033, 1.000000000000000000 ),
 .UNSPECIFIED. ) ;
#5982 = SURFACE_SIDE_STYLE ('',( #2833 ) ) ;
#5983 =( NAMED_UNIT ( * ) SI_UNIT ( $, .STERADIAN. ) SOLID_ANGLE_UNIT ( ) );
#5984 = ORIENTED_EDGE ( 'NONE', *, *, #3147, .T. ) ;
#5985 = CARTESIAN_POINT ( 'NONE',  ( -2.899999999999999911, -3.000000000000000000, 5.500000000000000000 ) ) ;
#5986 = CARTESIAN_POINT ( 'NONE',  ( 0.9750000000000001998, -1.000000000000000000, 9.650000000000000355 ) ) ;
#5987 = EDGE_CURVE ( 'NONE', #4594, #3453, #6419, .T. ) ;
#5988 = DIRECTION ( 'NONE',  ( 0.0000000000000000000, -0.0000000000000000000, -1.000000000000000000 ) ) ;
#5989 = CARTESIAN_POINT ( 'NONE',  ( -0.8749999999999998890, 1.124999999999999778, 10.50000000000000000 ) ) ;
#5990 = UNCERTAINTY_MEASURE_WITH_UNIT (LENGTH_MEASURE( 1.000000000000000082E-05 ), #697, 'distance_accuracy_value', 'NONE');
#5991 = VERTEX_POINT ( 'NONE', #6378 ) ;
#5992 = ORIENTED_EDGE ( 'NONE', *, *, #4244, .T. ) ;
#5993 = LINE ( 'NONE', #2589, #2040 ) ;
#5994 = DIRECTION ( 'NONE',  ( 1.322197771323786684E-17, -0.0000000000000000000, 1.000000000000000000 ) ) ;
#5995 = CARTESIAN_POINT ( 'NONE',  ( 1.350000000000000089, -1.750000000000000222, 7.799999999999999822 ) ) ;
#5996 =( GEOMETRIC_REPRESENTATION_CONTEXT ( 3 ) GLOBAL_UNCERTAINTY_ASSIGNED_CONTEXT ( ( #173 ) ) GLOBAL_UNIT_ASSIGNED_CONTEXT ( ( #7546, #252, #8191 ) ) REPRESENTATION_CONTEXT ( 'NONE', 'WORKASPACE' ) );
#5997 = ORIENTED_EDGE ( 'NONE', *, *, #8192, .T. ) ;
#5998 = SURFACE_STYLE_FILL_AREA ( #192 ) ;
#5999 = FILL_AREA_STYLE ('',( #6643 ) ) ;
#6000 = EDGE_CURVE ( 'NONE', #5679, #6076, #8389, .T. ) ;
#6001 = DIRECTION ( 'NONE',  ( 1.322197771323786684E-17, 0.0000000000000000000, -1.000000000000000000 ) ) ;
#6002 = CARTESIAN_POINT ( 'NONE',  ( -0.02195121951219507553, 0.3206250158301560127, 0.2999999999999999889 ) ) ;
#6003 = ADVANCED_FACE ( 'NONE', ( #2171 ), #3001, .F. ) ;
#6004 = DIRECTION ( 'NONE',  ( -1.322197771323786684E-17, 0.0000000000000000000, -1.000000000000000000 ) ) ;
#6005 = ORIENTED_EDGE ( 'NONE', *, *, #4763, .F. ) ;
#6006 = CARTESIAN_POINT ( 'NONE',  ( 4.535912291827594700, 0.2999999999999999334, 0.2890877081724139153 ) ) ;
#6007 = EDGE_CURVE ( 'NONE', #1276, #1449, #6104, .T. ) ;
#6008 = EDGE_CURVE ( 'NONE', #373, #3986, #7349, .T. ) ;
#6009 = DIRECTION ( 'NONE',  ( 0.0000000000000000000, -1.000000000000000000, 0.0000000000000000000 ) ) ;
#6010 = MECHANICAL_DESIGN_GEOMETRIC_PRESENTATION_REPRESENTATION (  '', ( #103 ), #7444 ) ;
#6011 = DIRECTION ( 'NONE',  ( 0.0000000000000000000, 0.0000000000000000000, -1.000000000000000000 ) ) ;
#6012 = EDGE_LOOP ( 'NONE', ( #4007, #4077, #4162, #7259 ) ) ;
#6013 =( GEOMETRIC_REPRESENTATION_CONTEXT ( 3 ) GLOBAL_UNCERTAINTY_ASSIGNED_CONTEXT ( ( #1092 ) ) GLOBAL_UNIT_ASSIGNED_CONTEXT ( ( #6902, #4810, #2956 ) ) REPRESENTATION_CONTEXT ( 'NONE', 'WORKASPACE' ) );
#6014 = ORIENTED_EDGE ( 'NONE', *, *, #3220, .T. ) ;
#6015 = CARTESIAN_POINT ( 'NONE',  ( -0.2018470482731543059, 0.1767206533673904290, 0.3099999999999999978 ) ) ;
#6016 = EDGE_CURVE ( 'NONE', #5811, #3379, #3230, .T. ) ;
#6017 = SURFACE_SIDE_STYLE ('',( #5721 ) ) ;
#6018 = ORIENTED_EDGE ( 'NONE', *, *, #131, .T. ) ;
#6019 = PLANE ( 'NONE',  #5336 ) ;
#6020 = VECTOR ( 'NONE', #7336, 1000.000000000000000 ) ;
#6021 = ORIENTED_EDGE ( 'NONE', *, *, #2797, .T. ) ;
#6022 = CARTESIAN_POINT ( 'NONE',  ( -0.1676829268292681641, 0.1547713572935706106, 0.2999999999999999889 ) ) ;
#6023 = MECHANICAL_DESIGN_GEOMETRIC_PRESENTATION_REPRESENTATION (  '', ( #4865 ), #7507 ) ;
#6024 = MECHANICAL_DESIGN_GEOMETRIC_PRESENTATION_REPRESENTATION (  '', ( #6349 ), #2297 ) ;
#6025 = CIRCLE ( 'NONE', #3460, 0.1000000000000000472 ) ;
#6026 = ORIENTED_EDGE ( 'NONE', *, *, #4083, .F. ) ;
#6027 = CARTESIAN_POINT ( 'NONE',  ( -0.1121951219512193759, 0.07712874753747311907, 0.2999999999999999889 ) ) ;
#6028 = LINE ( 'NONE', #4013, #7564 ) ;
#6029 = VERTEX_POINT ( 'NONE', #1067 ) ;
#6030 = FILL_AREA_STYLE_COLOUR ( '', #5114 ) ;
#6031 = CARTESIAN_POINT ( 'NONE',  ( -0.1756097560975611038, -0.2943521183161854626, 0.2999999999999999889 ) ) ;
#6032 = CARTESIAN_POINT ( 'NONE',  ( -0.01235192601029994758, -0.1685994980976595614, 0.3099999999999999978 ) ) ;
#6033 = SURFACE_SIDE_STYLE ('',( #8440 ) ) ;
#6034 = FACE_OUTER_BOUND ( 'NONE', #4123, .T. ) ;
#6035 = EDGE_CURVE ( 'NONE', #4448, #1649, #6731, .T. ) ;
#6036 = VECTOR ( 'NONE', #7132, 1000.000000000000114 ) ;
#6037 = UNCERTAINTY_MEASURE_WITH_UNIT (LENGTH_MEASURE( 1.000000000000000082E-05 ), #8284, 'distance_accuracy_value', 'NONE');
#6038 = ORIENTED_EDGE ( 'NONE', *, *, #4068, .F. ) ;
#6039 = VERTEX_POINT ( 'NONE', #4457 ) ;
#6040 = CARTESIAN_POINT ( 'NONE',  ( -0.1121951219512194037, 0.08891769875698531111, 0.2999999999999999889 ) ) ;
#6041 = CARTESIAN_POINT ( 'NONE',  ( -0.02804894715447167272, -0.3473055642914639751, 0.2999999999999999889 ) ) ;
#6042 = FILL_AREA_STYLE ('',( #3427 ) ) ;
#6043 = SURFACE_STYLE_FILL_AREA ( #6972 ) ;
#6044 = EDGE_LOOP ( 'NONE', ( #1623, #744, #5452, #2174 ) ) ;
#6045 = ADVANCED_FACE ( 'NONE', ( #2793 ), #7032, .F. ) ;
#6046 = MECHANICAL_DESIGN_GEOMETRIC_PRESENTATION_REPRESENTATION (  '', ( #3964 ), #1574 ) ;
#6047 = ORIENTED_EDGE ( 'NONE', *, *, #1672, .F. ) ;
#6048 = EDGE_CURVE ( 'NONE', #4897, #3422, #2597, .T. ) ;
#6049 = DIRECTION ( 'NONE',  ( 0.0000000000000000000, -1.000000000000000000, 0.0000000000000000000 ) ) ;
#6050 = DIRECTION ( 'NONE',  ( 0.0000000000000000000, -0.0000000000000000000, -1.000000000000000000 ) ) ;
#6051 = LINE ( 'NONE', #2836, #7188 ) ;
#6052 = VECTOR ( 'NONE', #6924, 1000.000000000000000 ) ;
#6053 = CARTESIAN_POINT ( 'NONE',  ( -0.2000000000000000111, 0.4230640402204000616, 0.2999999999999999889 ) ) ;
#6054 = ORIENTED_EDGE ( 'NONE', *, *, #2791, .T. ) ;
#6055 = PLANE ( 'NONE',  #2475 ) ;
#6056 =( LENGTH_UNIT ( ) NAMED_UNIT ( * ) SI_UNIT ( .MILLI., .METRE. ) );
#6057 = LINE ( 'NONE', #2200, #6778 ) ;
#6058 = CARTESIAN_POINT ( 'NONE',  ( -0.9999999999999991118, 2.999999999999999556, 4.289999999999999147 ) ) ;
#6059 = STYLED_ITEM ( 'NONE', ( #2316 ), #4284 ) ;
#6060 = AXIS2_PLACEMENT_3D ( 'NONE', #3102, #8406, #3680 ) ;
#6061 = ORIENTED_EDGE ( 'NONE', *, *, #5172, .T. ) ;
#6062 = CARTESIAN_POINT ( 'NONE',  ( -0.1121951219512194176, 0.01818599143991211919, 0.2999999999999999889 ) ) ;
#6063 = UNCERTAINTY_MEASURE_WITH_UNIT (LENGTH_MEASURE( 1.000000000000000082E-05 ), #3282, 'distance_accuracy_value', 'NONE');
#6064 = EDGE_CURVE ( 'NONE', #5280, #1428, #832, .T. ) ;
#6065 = SURFACE_SIDE_STYLE ('',( #524 ) ) ;
#6066 = CARTESIAN_POINT ( 'NONE',  ( 2.410912291827593812, -1.700000000000000178, -0.001386042793148666626 ) ) ;
#6067 = ORIENTED_EDGE ( 'NONE', *, *, #3516, .F. ) ;
#6068 = LINE ( 'NONE', #1591, #2444 ) ;
#6069 =( LENGTH_UNIT ( ) NAMED_UNIT ( * ) SI_UNIT ( .MILLI., .METRE. ) );
#6070 = ORIENTED_EDGE ( 'NONE', *, *, #1145, .T. ) ;
#6071 = MECHANICAL_DESIGN_GEOMETRIC_PRESENTATION_REPRESENTATION (  '', ( #5637 ), #6522 ) ;
#6072 = AXIS2_PLACEMENT_3D ( 'NONE', #7392, #4745, #6703 ) ;
#6073 = CARTESIAN_POINT ( 'NONE',  ( -0.09786585365853650575, 0.2767225768057657298, 0.2999999999999999889 ) ) ;
#6074 = DIRECTION ( 'NONE',  ( -8.850629979473506011E-17, 1.000000000000000000, -0.0000000000000000000 ) ) ;
#6075 = LINE ( 'NONE', #1843, #5046 ) ;
#6076 = VERTEX_POINT ( 'NONE', #7193 ) ;
#6077 = COLOUR_RGB ( '',0.4313725490196078649, 0.3529411764705882026, 0.3725490196078431460 ) ;
#6078 = EDGE_CURVE ( 'NONE', #1442, #2792, #3860, .T. ) ;
#6079 =( GEOMETRIC_REPRESENTATION_CONTEXT ( 3 ) GLOBAL_UNCERTAINTY_ASSIGNED_CONTEXT ( ( #6700 ) ) GLOBAL_UNIT_ASSIGNED_CONTEXT ( ( #872, #8179, #265 ) ) REPRESENTATION_CONTEXT ( 'NONE', 'WORKASPACE' ) );
#6080 = LINE ( 'NONE', #1827, #2984 ) ;
#6081 =( NAMED_UNIT ( * ) SI_UNIT ( $, .STERADIAN. ) SOLID_ANGLE_UNIT ( ) );
#6082 = ORIENTED_EDGE ( 'NONE', *, *, #7467, .T. ) ;
#6083 = ADVANCED_FACE ( 'NONE', ( #6532 ), #3215, .T. ) ;
#6084 = ORIENTED_EDGE ( 'NONE', *, *, #949, .F. ) ;
#6085 = COLOUR_RGB ( '',0.4313725490196078649, 0.3529411764705882026, 0.3725490196078431460 ) ;
#6086 = PRESENTATION_STYLE_ASSIGNMENT (( #1864 ) ) ;
#6087 = DIRECTION ( 'NONE',  ( -1.322197771323786684E-17, -0.0000000000000000000, -1.000000000000000000 ) ) ;
#6088 = CARTESIAN_POINT ( 'NONE',  ( 4.150912291827595801, -2.299999999999999822, -0.001386042793148666626 ) ) ;
#6089 = CARTESIAN_POINT ( 'NONE',  ( 0.8750000000000000000, 7.744301232039317914E-17, 10.40000000000000213 ) ) ;
#6090 = CYLINDRICAL_SURFACE ( 'NONE', #1957, 0.1000000000000000472 ) ;
#6091 = UNCERTAINTY_MEASURE_WITH_UNIT (LENGTH_MEASURE( 1.000000000000000082E-05 ), #4056, 'distance_accuracy_value', 'NONE');
#6092 = VERTEX_POINT ( 'NONE', #1268 ) ;
#6093 = PLANE ( 'NONE',  #4259 ) ;
#6094 = EDGE_LOOP ( 'NONE', ( #3167, #2179, #3019, #6708 ) ) ;
#6095 = CARTESIAN_POINT ( 'NONE',  ( -0.9749999999999999778, 1.124999999999999778, 10.50000000000000000 ) ) ;
#6096 = EDGE_CURVE ( 'NONE', #5347, #7889, #736, .T. ) ;
#6097 = DIRECTION ( 'NONE',  ( 0.0000000000000000000, -0.0000000000000000000, -1.000000000000000000 ) ) ;
#6098 = SURFACE_STYLE_FILL_AREA ( #5430 ) ;
#6099 = ORIENTED_EDGE ( 'NONE', *, *, #4382, .T. ) ;
#6100 = DIRECTION ( 'NONE',  ( 1.000000000000000000, 0.0000000000000000000, -0.0000000000000000000 ) ) ;
#6101 = DIRECTION ( 'NONE',  ( -1.000000000000000000, 4.315250363735421253E-15, 0.0000000000000000000 ) ) ;
#6102 = DIRECTION ( 'NONE',  ( -0.0000000000000000000, 0.0000000000000000000, 1.000000000000000000 ) ) ;
#6103 = STYLED_ITEM ( 'NONE', ( #1479 ), #8215 ) ;
#6104 = LINE ( 'NONE', #3097, #1950 ) ;
#6105 = ORIENTED_EDGE ( 'NONE', *, *, #2846, .T. ) ;
#6106 = FACE_OUTER_BOUND ( 'NONE', #7799, .T. ) ;
#6107 = SURFACE_SIDE_STYLE ('',( #1218 ) ) ;
#6108 =( NAMED_UNIT ( * ) PLANE_ANGLE_UNIT ( ) SI_UNIT ( $, .RADIAN. ) );
#6109 = ORIENTED_EDGE ( 'NONE', *, *, #1612, .F. ) ;
#6110 = VECTOR ( 'NONE', #360, 1000.000000000000000 ) ;
#6111 = EDGE_CURVE ( 'NONE', #2454, #7571, #1729, .T. ) ;
#6112 = EDGE_LOOP ( 'NONE', ( #2578, #1758, #515, #184 ) ) ;
#6113 = CARTESIAN_POINT ( 'NONE',  ( -1.499999999999999778, 2.750000000000000444, 0.5000000000000000000 ) ) ;
#6114 = STYLED_ITEM ( 'NONE', ( #8109 ), #4750 ) ;
#6115 = COLOUR_RGB ( '',0.4313725490196078649, 0.3529411764705882026, 0.3725490196078431460 ) ;
#6116 = CARTESIAN_POINT ( 'NONE',  ( -2.799999999999999822, -2.900000000000000355, 5.399999999999999467 ) ) ;
#6117 =( NAMED_UNIT ( * ) SI_UNIT ( $, .STERADIAN. ) SOLID_ANGLE_UNIT ( ) );
#6118 = STYLED_ITEM ( 'NONE', ( #5016 ), #1901 ) ;
#6119 = EDGE_LOOP ( 'NONE', ( #5536, #8266, #4356, #884 ) ) ;
#6120 = CARTESIAN_POINT ( 'NONE',  ( -0.2024390243902438047, 0.2018369060740585474, 0.2999999999999999889 ) ) ;
#6121 = ORIENTED_EDGE ( 'NONE', *, *, #235, .T. ) ;
#6122 = VECTOR ( 'NONE', #4723, 1000.000000000000000 ) ;
#6123 = ORIENTED_EDGE ( 'NONE', *, *, #5001, .F. ) ;
#6124 = CARTESIAN_POINT ( 'NONE',  ( -0.1286633637273350839, 0.2966325180661985583, 0.3099999999999999978 ) ) ;
#6125 = VECTOR ( 'NONE', #4227, 1000.000000000000000 ) ;
#6126 = VECTOR ( 'NONE', #7715, 1000.000000000000000 ) ;
#6127 = ADVANCED_FACE ( 'NONE', ( #7649 ), #3532, .T. ) ;
#6128 = CARTESIAN_POINT ( 'NONE',  ( -4.150912291827595801, 0.9999999999999986677, 9.650000000000000355 ) ) ;
#6129 = ORIENTED_EDGE ( 'NONE', *, *, #7218, .T. ) ;
#6130 = CARTESIAN_POINT ( 'NONE',  ( -0.1615853658536586523, -0.2911508988039902546, 0.3099999999999999978 ) ) ;
#6131 = CARTESIAN_POINT ( 'NONE',  ( -1.499999999999999778, 2.750000000000000444, 0.5000000000000000000 ) ) ;
#6132 = ORIENTED_EDGE ( 'NONE', *, *, #389, .F. ) ;
#6133 = STYLED_ITEM ( 'NONE', ( #1617 ), #6439 ) ;
#6134 = MECHANICAL_DESIGN_GEOMETRIC_PRESENTATION_REPRESENTATION (  '', ( #5268 ), #3780 ) ;
#6135 = DIRECTION ( 'NONE',  ( -1.000000000000000000, -0.0000000000000000000, 1.322197771323786684E-17 ) ) ;
#6136 = CARTESIAN_POINT ( 'NONE',  ( 4.150912291827595801, 2.299999999999999822, -0.001386042793148666626 ) ) ;
#6137 = VECTOR ( 'NONE', #3853, 1000.000000000000000 ) ;
#6138 = LINE ( 'NONE', #5182, #7593 ) ;
#6139 = CARTESIAN_POINT ( 'NONE',  ( 0.0000000000000000000, 0.3962347719277171665, 0.3099999999999999978 ) ) ;
#6140 = LINE ( 'NONE', #7598, #159 ) ;
#6141 = EDGE_CURVE ( 'NONE', #7738, #1071, #6310, .T. ) ;
#6142 = VERTEX_POINT ( 'NONE', #7820 ) ;
#6143 = CARTESIAN_POINT ( 'NONE',  ( -0.9749999999999999778, 1.124999999999999778, 10.50000000000000000 ) ) ;
#6144 = CARTESIAN_POINT ( 'NONE',  ( -0.1000000000000000194, -0.2440091305113075704, 0.2999999999999999889 ) ) ;
#6145 = EDGE_CURVE ( 'NONE', #5528, #3801, #7254, .T. ) ;
#6146 = CARTESIAN_POINT ( 'NONE',  ( -0.1121951219512194176, 0.01818599143991211919, 0.2999999999999999889 ) ) ;
#6147 = FACE_OUTER_BOUND ( 'NONE', #5317, .T. ) ;
#6148 = CARTESIAN_POINT ( 'NONE',  ( -0.1198170731707318276, -0.3131402280722831444, 0.3099999999999999978 ) ) ;
#6149 = CARTESIAN_POINT ( 'NONE',  ( 0.002439024390243987005, 0.2098018450984485972, 0.2999999999999999889 ) ) ;
#6150 = CARTESIAN_POINT ( 'NONE',  ( -1.084202172485504434E-16, -0.3574237646576489680, 0.3099999999999999978 ) ) ;
#6151 = ORIENTED_EDGE ( 'NONE', *, *, #7306, .F. ) ;
#6152 = LINE ( 'NONE', #5078, #2646 ) ;
#6153 = CARTESIAN_POINT ( 'NONE',  ( -0.1109756097560975624, 0.3962347719277171665, 0.2999999999999999889 ) ) ;
#6154 = MECHANICAL_DESIGN_GEOMETRIC_PRESENTATION_REPRESENTATION (  '', ( #3064 ), #7927 ) ;
#6155 = ORIENTED_EDGE ( 'NONE', *, *, #3657, .T. ) ;
#6156 = CARTESIAN_POINT ( 'NONE',  ( -1.349999999999999867, 1.749999999999999778, 7.799999999999999822 ) ) ;
#6157 = DIRECTION ( 'NONE',  ( 0.0000000000000000000, 1.000000000000000000, -0.0000000000000000000 ) ) ;
#6158 = ORIENTED_EDGE ( 'NONE', *, *, #7837, .F. ) ;
#6159 = VECTOR ( 'NONE', #3100, 1000.000000000000000 ) ;
#6160 = CARTESIAN_POINT ( 'NONE',  ( -0.02195121951219501655, -0.08581553295033207684, 0.2999999999999999889 ) ) ;
#6161 = LINE ( 'NONE', #5362, #269 ) ;
#6162 = LINE ( 'NONE', #1477, #2854 ) ;
#6163 = DIRECTION ( 'NONE',  ( -0.3390537954853711233, -0.9407669869669982310, 0.0000000000000000000 ) ) ;
#6164 = SURFACE_STYLE_USAGE ( .BOTH. , #6216 ) ;
#6165 = VERTEX_POINT ( 'NONE', #4549 ) ;
#6166 = FILL_AREA_STYLE ('',( #2562 ) ) ;
#6167 = VECTOR ( 'NONE', #7286, 1000.000000000000000 ) ;
#6168 = EDGE_LOOP ( 'NONE', ( #8324, #1785, #3512, #1464, #6311, #6642 ) ) ;
#6169 = DIRECTION ( 'NONE',  ( -1.000000000000000000, 0.0000000000000000000, 0.0000000000000000000 ) ) ;
#6170 = CARTESIAN_POINT ( 'NONE',  ( -0.02195121951219501308, 0.008429893878936361995, 0.2999999999999999889 ) ) ;
#6171 =( LENGTH_UNIT ( ) NAMED_UNIT ( * ) SI_UNIT ( .MILLI., .METRE. ) );
#6172 = SURFACE_STYLE_FILL_AREA ( #3132 ) ;
#6173 =( GEOMETRIC_REPRESENTATION_CONTEXT ( 3 ) GLOBAL_UNCERTAINTY_ASSIGNED_CONTEXT ( ( #7561 ) ) GLOBAL_UNIT_ASSIGNED_CONTEXT ( ( #3594, #4892, #5590 ) ) REPRESENTATION_CONTEXT ( 'NONE', 'WORKASPACE' ) );
#6174 = UNCERTAINTY_MEASURE_WITH_UNIT (LENGTH_MEASURE( 1.000000000000000082E-05 ), #7539, 'distance_accuracy_value', 'NONE');
#6175 = DIRECTION ( 'NONE',  ( -0.0000000000000000000, -0.0000000000000000000, -1.000000000000000000 ) ) ;
#6176 = LINE ( 'NONE', #5309, #6998 ) ;
#6177 = EDGE_LOOP ( 'NONE', ( #6021, #3410, #3778, #1537 ) ) ;
#6178 = PRESENTATION_STYLE_ASSIGNMENT (( #4759 ) ) ;
#6179 = SURFACE_STYLE_FILL_AREA ( #1147 ) ;
#6180 = SURFACE_STYLE_USAGE ( .BOTH. , #4948 ) ;
#6181 = DIRECTION ( 'NONE',  ( -1.000000000000000000, 0.0000000000000000000, 0.0000000000000000000 ) ) ;
#6182 =( LENGTH_UNIT ( ) NAMED_UNIT ( * ) SI_UNIT ( .MILLI., .METRE. ) );
#6183 = PRESENTATION_LAYER_ASSIGNMENT (  '', '', ( #2754 ) ) ;
#6184 = ORIENTED_EDGE ( 'NONE', *, *, #6096, .T. ) ;
#6185 = STYLED_ITEM ( 'NONE', ( #5413 ), #3072 ) ;
#6186 = VECTOR ( 'NONE', #8048, 1000.000000000000000 ) ;
#6187 = CARTESIAN_POINT ( 'NONE',  ( -0.009349593495934945681, -0.2386547097796003492, 0.2999999999999999889 ) ) ;
#6188 = EDGE_CURVE ( 'NONE', #3773, #7902, #5757, .T. ) ;
#6189 = ORIENTED_EDGE ( 'NONE', *, *, #2057, .F. ) ;
#6190 = VERTEX_POINT ( 'NONE', #3302 ) ;
#6191 = CYLINDRICAL_SURFACE ( 'NONE', #8323, 0.3535533905932732313 ) ;
#6192 = DIRECTION ( 'NONE',  ( 0.1105567340389909253, 0.0000000000000000000, -0.9938698146933692135 ) ) ;
#6193 = MECHANICAL_DESIGN_GEOMETRIC_PRESENTATION_REPRESENTATION (  '', ( #4609 ), #4437 ) ;
#6194 = EDGE_CURVE ( 'NONE', #102, #8439, #7868, .T. ) ;
#6195 = FILL_AREA_STYLE_COLOUR ( '', #3620 ) ;
#6196 =( NAMED_UNIT ( * ) SI_UNIT ( $, .STERADIAN. ) SOLID_ANGLE_UNIT ( ) );
#6197 = UNCERTAINTY_MEASURE_WITH_UNIT (LENGTH_MEASURE( 1.000000000000000082E-05 ), #2855, 'distance_accuracy_value', 'NONE');
#6198 = VERTEX_POINT ( 'NONE', #6694 ) ;
#6199 = CIRCLE ( 'NONE', #79, 0.3535533905932732313 ) ;
#6200 = DIRECTION ( 'NONE',  ( 0.0000000000000000000, -1.000000000000000000, 0.0000000000000000000 ) ) ;
#6201 = CARTESIAN_POINT ( 'NONE',  ( -2.449999999999999289, 0.0000000000000000000, 0.3499999999999999778 ) ) ;
#6202 = DIRECTION ( 'NONE',  ( 0.0000000000000000000, -0.0000000000000000000, -1.000000000000000000 ) ) ;
#6203 = STYLED_ITEM ( 'NONE', ( #2769 ), #7477 ) ;
#6204 =( LENGTH_UNIT ( ) NAMED_UNIT ( * ) SI_UNIT ( .MILLI., .METRE. ) );
#6205 = EDGE_CURVE ( 'NONE', #6198, #7549, #5812, .T. ) ;
#6206 = CARTESIAN_POINT ( 'NONE',  ( 0.8750000000000000000, -1.225000000000000533, 8.650000000000000355 ) ) ;
#6207 = EDGE_CURVE ( 'NONE', #2817, #506, #5408, .T. ) ;
#6208 =( NAMED_UNIT ( * ) PLANE_ANGLE_UNIT ( ) SI_UNIT ( $, .RADIAN. ) );
#6209 = ORIENTED_EDGE ( 'NONE', *, *, #8383, .T. ) ;
#6210 = VECTOR ( 'NONE', #388, 1000.000000000000000 ) ;
#6211 = ORIENTED_EDGE ( 'NONE', *, *, #4357, .T. ) ;
#6212 = CARTESIAN_POINT ( 'NONE',  ( -0.02195121951219502002, 0.08891769875698520009, 0.2999999999999999889 ) ) ;
#6213 = COLOUR_RGB ( '',0.4313725490196078649, 0.3529411764705882026, 0.3725490196078431460 ) ;
#6214 = CARTESIAN_POINT ( 'NONE',  ( -1.054909488602984169, 2.899999999999999023, 4.289999999999999147 ) ) ;
#6215 = PRESENTATION_LAYER_ASSIGNMENT (  '', '', ( #8 ) ) ;
#6216 = SURFACE_SIDE_STYLE ('',( #2701 ) ) ;
#6217 = CARTESIAN_POINT ( 'NONE',  ( -0.9749999999999999778, 1.224999999999999645, 8.650000000000000355 ) ) ;
#6218 = PRESENTATION_STYLE_ASSIGNMENT (( #205 ) ) ;
#6219 = AXIS2_PLACEMENT_3D ( 'NONE', #2127, #5487, #2805 ) ;
#6220 = VERTEX_POINT ( 'NONE', #6669 ) ;
#6221 = ADVANCED_FACE ( 'NONE', ( #4064 ), #6055, .T. ) ;
#6222 = CARTESIAN_POINT ( 'NONE',  ( 2.032879073410320814E-17, -0.2354725451454539875, 0.2999999999999999889 ) ) ;
#6223 = DIRECTION ( 'NONE',  ( 1.000000000000000000, 0.0000000000000000000, 0.0000000000000000000 ) ) ;
#6224 = DIRECTION ( 'NONE',  ( -0.0000000000000000000, 0.0000000000000000000, -1.000000000000000000 ) ) ;
#6225 = CARTESIAN_POINT ( 'NONE',  ( -2.399999999999999467, -2.299999999999999822, 0.3000000000000001554 ) ) ;
#6226 = VECTOR ( 'NONE', #3314, 1000.000000000000000 ) ;
#6227 = EDGE_LOOP ( 'NONE', ( #1096, #87, #1023, #2706 ) ) ;
#6228 =( NAMED_UNIT ( * ) SI_UNIT ( $, .STERADIAN. ) SOLID_ANGLE_UNIT ( ) );
#6229 = CARTESIAN_POINT ( 'NONE',  ( 2.800000000000000266, -2.900000000000000355, 5.399999999999999467 ) ) ;
#6230 =( GEOMETRIC_REPRESENTATION_CONTEXT ( 3 ) GLOBAL_UNCERTAINTY_ASSIGNED_CONTEXT ( ( #1793 ) ) GLOBAL_UNIT_ASSIGNED_CONTEXT ( ( #4561, #450, #5790 ) ) REPRESENTATION_CONTEXT ( 'NONE', 'WORKASPACE' ) );
#6231 = CARTESIAN_POINT ( 'NONE',  ( -0.1262250630136597940, -0.1593816199477637863, 0.2999999999999999889 ) ) ;
#6232 = AXIS2_PLACEMENT_3D ( 'NONE', #2160, #5516, #4245 ) ;
#6233 = CARTESIAN_POINT ( 'NONE',  ( -0.1780487804878048419, 0.08891769875698533887, 0.3099999999999999978 ) ) ;
#6234 =( LENGTH_UNIT ( ) NAMED_UNIT ( * ) SI_UNIT ( .MILLI., .METRE. ) );
#6235 = ORIENTED_EDGE ( 'NONE', *, *, #6705, .T. ) ;
#6236 = ORIENTED_EDGE ( 'NONE', *, *, #4031, .F. ) ;
#6237 = LINE ( 'NONE', #4473, #4089 ) ;
#6238 = VECTOR ( 'NONE', #7501, 1000.000000000000000 ) ;
#6239 = VECTOR ( 'NONE', #6696, 1000.000000000000000 ) ;
#6240 =( GEOMETRIC_REPRESENTATION_CONTEXT ( 3 ) GLOBAL_UNCERTAINTY_ASSIGNED_CONTEXT ( ( #7864 ) ) GLOBAL_UNIT_ASSIGNED_CONTEXT ( ( #615, #4620, #7211 ) ) REPRESENTATION_CONTEXT ( 'NONE', 'WORKASPACE' ) );
#6241 = AXIS2_PLACEMENT_3D ( 'NONE', #6273, #378, #5013 ) ;
#6242 = ORIENTED_EDGE ( 'NONE', *, *, #7187, .F. ) ;
#6243 = DIRECTION ( 'NONE',  ( -0.5078765015848867304, 0.0000000000000000000, -0.8614298921780556562 ) ) ;
#6244 = ORIENTED_EDGE ( 'NONE', *, *, #3789, .T. ) ;
#6245 =( NAMED_UNIT ( * ) SI_UNIT ( $, .STERADIAN. ) SOLID_ANGLE_UNIT ( ) );
#6246 = ORIENTED_EDGE ( 'NONE', *, *, #435, .F. ) ;
#6247 = PLANE ( 'NONE',  #3255 ) ;
#6248 = CARTESIAN_POINT ( 'NONE',  ( 0.8749999999999998890, 1.124999999999999778, 8.650000000000000355 ) ) ;
#6249 = CARTESIAN_POINT ( 'NONE',  ( -0.03231707317073160418, 0.1547713572935704718, 0.2999999999999999889 ) ) ;
#6250 = FACE_OUTER_BOUND ( 'NONE', #4566, .T. ) ;
#6251 =( LENGTH_UNIT ( ) NAMED_UNIT ( * ) SI_UNIT ( .MILLI., .METRE. ) );
#6252 =( NAMED_UNIT ( * ) SI_UNIT ( $, .STERADIAN. ) SOLID_ANGLE_UNIT ( ) );
#6253 = STYLED_ITEM ( 'NONE', ( #4951 ), #7600 ) ;
#6254 = EDGE_CURVE ( 'NONE', #7460, #8282, #3332, .T. ) ;
#6255 = ORIENTED_EDGE ( 'NONE', *, *, #2774, .F. ) ;
#6256 = PRESENTATION_STYLE_ASSIGNMENT (( #5299 ) ) ;
#6257 = CARTESIAN_POINT ( 'NONE',  ( 2.449999999999999289, 2.299999999999999822, 0.3499999999999999778 ) ) ;
#6259 = EDGE_CURVE ( 'NONE', #2287, #8364, #5593, .T. ) ;
#6258 =( NAMED_UNIT ( * ) PLANE_ANGLE_UNIT ( ) SI_UNIT ( $, .RADIAN. ) );
#6260 = CARTESIAN_POINT ( 'NONE',  ( -0.01036585365853647835, 0.1547713572935705273, 0.2999999999999999889 ) ) ;
#6261 = FILL_AREA_STYLE ('',( #2892 ) ) ;
#6262 =( NAMED_UNIT ( * ) SI_UNIT ( $, .STERADIAN. ) SOLID_ANGLE_UNIT ( ) );
#6263 = CARTESIAN_POINT ( 'NONE',  ( -2.899999999999999911, -3.000000000000000000, 0.2999999999999999889 ) ) ;
#6264 = VERTEX_POINT ( 'NONE', #687 ) ;
#6265 = CARTESIAN_POINT ( 'NONE',  ( 4.150912291827595801, -2.299999999999999822, -0.001386042793148666626 ) ) ;
#6266 = ORIENTED_EDGE ( 'NONE', *, *, #330, .T. ) ;
#6267 = AXIS2_PLACEMENT_3D ( 'NONE', #5630, #6224, #2880 ) ;
#6268 =( LENGTH_UNIT ( ) NAMED_UNIT ( * ) SI_UNIT ( .MILLI., .METRE. ) );
#6269 = STYLED_ITEM ( 'NONE', ( #2569 ), #3862 ) ;
#6270 = CARTESIAN_POINT ( 'NONE',  ( -2.485912291827595322, -0.2999999999999999334, 0.2890877081724139708 ) ) ;
#6271 = ORIENTED_EDGE ( 'NONE', *, *, #6188, .T. ) ;
#6272 = CARTESIAN_POINT ( 'NONE',  ( -1.500000000000000000, 2.899999999999999467, 0.5000000000000000000 ) ) ;
#6273 = CARTESIAN_POINT ( 'NONE',  ( 2.034017743893765662, -1.116868741266024312, 4.289999999999999147 ) ) ;
#6274 = EDGE_CURVE ( 'NONE', #2530, #1992, #7968, .T. ) ;
#6275 = LINE ( 'NONE', #6329, #8147 ) ;
#6276 =( NAMED_UNIT ( * ) PLANE_ANGLE_UNIT ( ) SI_UNIT ( $, .RADIAN. ) );
#6277 = DIRECTION ( 'NONE',  ( -1.000000000000000000, 1.190686314426044034E-15, 0.0000000000000000000 ) ) ;
#6278 = VERTEX_POINT ( 'NONE', #5328 ) ;
#6279 = SURFACE_STYLE_FILL_AREA ( #4353 ) ;
#6280 = CARTESIAN_POINT ( 'NONE',  ( -4.150912291827595801, 2.299999999999999822, 0.2890877081724208542 ) ) ;
#6281 = CARTESIAN_POINT ( 'NONE',  ( -2.399999999999999467, -1.700000000000000178, 0.2999999999999999889 ) ) ;
#6282 = AXIS2_PLACEMENT_3D ( 'NONE', #7217, #591, #5234 ) ;
#6283 = LINE ( 'NONE', #5367, #4555 ) ;
#6284 = STYLED_ITEM ( 'NONE', ( #344 ), #1987 ) ;
#6285 = PLANE ( 'NONE',  #628 ) ;
#6286 = FILL_AREA_STYLE_COLOUR ( '', #6863 ) ;
#6287 = FILL_AREA_STYLE ('',( #8313 ) ) ;
#6288 = ORIENTED_EDGE ( 'NONE', *, *, #2318, .T. ) ;
#6289 = DIRECTION ( 'NONE',  ( 1.000000000000000000, 8.850629979473508477E-17, -0.0000000000000000000 ) ) ;
#6290 = DIRECTION ( 'NONE',  ( 1.000000000000000000, 0.0000000000000000000, 0.0000000000000000000 ) ) ;
#6291 = ORIENTED_EDGE ( 'NONE', *, *, #6855, .F. ) ;
#6292 = FACE_OUTER_BOUND ( 'NONE', #1016, .T. ) ;
#6293 =( LENGTH_UNIT ( ) NAMED_UNIT ( * ) SI_UNIT ( .MILLI., .METRE. ) );
#6294 = LINE ( 'NONE', #6586, #4242 ) ;
#6295 = SURFACE_SIDE_STYLE ('',( #5657 ) ) ;
#6296 = UNCERTAINTY_MEASURE_WITH_UNIT (LENGTH_MEASURE( 1.000000000000000082E-05 ), #1995, 'distance_accuracy_value', 'NONE');
#6297 =( GEOMETRIC_REPRESENTATION_CONTEXT ( 3 ) GLOBAL_UNCERTAINTY_ASSIGNED_CONTEXT ( ( #3924 ) ) GLOBAL_UNIT_ASSIGNED_CONTEXT ( ( #1124, #1721, #1775 ) ) REPRESENTATION_CONTEXT ( 'NONE', 'WORKASPACE' ) );
#6298 = AXIS2_PLACEMENT_3D ( 'NONE', #724, #6729, #4012 ) ;
#6299 = ORIENTED_EDGE ( 'NONE', *, *, #3088, .T. ) ;
#6300 = EDGE_LOOP ( 'NONE', ( #3682, #6271, #8316, #5274 ) ) ;
#6301 = SURFACE_SIDE_STYLE ('',( #6751 ) ) ;
#6302 = PLANE ( 'NONE',  #5140 ) ;
#6303 = VECTOR ( 'NONE', #98, 1000.000000000000000 ) ;
#6304 = VERTEX_POINT ( 'NONE', #739 ) ;
#6305 =( LENGTH_UNIT ( ) NAMED_UNIT ( * ) SI_UNIT ( .MILLI., .METRE. ) );
#6306 = EDGE_CURVE ( 'NONE', #4873, #2935, #7798, .T. ) ;
#6307 = VECTOR ( 'NONE', #4812, 1000.000000000000000 ) ;
#6308 = ADVANCED_FACE ( 'NONE', ( #507 ), #7275, .T. ) ;
#6309 = VERTEX_POINT ( 'NONE', #5386 ) ;
#6310 = LINE ( 'NONE', #7224, #39 ) ;
#6311 = ORIENTED_EDGE ( 'NONE', *, *, #7704, .T. ) ;
#6312 = VECTOR ( 'NONE', #6645, 1000.000000000000000 ) ;
#6313 =( NAMED_UNIT ( * ) PLANE_ANGLE_UNIT ( ) SI_UNIT ( $, .RADIAN. ) );
#6314 = AXIS2_PLACEMENT_3D ( 'NONE', #5210, #2568, #3829 ) ;
#6315 = CARTESIAN_POINT ( 'NONE',  ( 2.399999999999999467, -2.299999999999999822, 0.2999999999999999889 ) ) ;
#6316 = FILL_AREA_STYLE_COLOUR ( '', #5081 ) ;
#6317 = DIRECTION ( 'NONE',  ( -0.0000000000000000000, 0.0000000000000000000, -1.000000000000000000 ) ) ;
#6318 = CARTESIAN_POINT ( 'NONE',  ( 2.410912291827593812, -2.299999999999999822, -0.001386042793148666626 ) ) ;
#6319 = FACE_OUTER_BOUND ( 'NONE', #2888, .T. ) ;
#6320 = ORIENTED_EDGE ( 'NONE', *, *, #1915, .F. ) ;
#6321 = UNCERTAINTY_MEASURE_WITH_UNIT (LENGTH_MEASURE( 1.000000000000000082E-05 ), #2556, 'distance_accuracy_value', 'NONE');
#6322 = COLOUR_RGB ( '',0.4313725490196078649, 0.3529411764705882026, 0.3725490196078431460 ) ;
#6323 = VERTEX_POINT ( 'NONE', #6031 ) ;
#6324 = EDGE_CURVE ( 'NONE', #1262, #4496, #5897, .T. ) ;
#6326 = ORIENTED_EDGE ( 'NONE', *, *, #5128, .F. ) ;
#6325 = CARTESIAN_POINT ( 'NONE',  ( -1.092076380707581558E-16, -0.3866920573405758232, 0.2999999999999999889 ) ) ;
#6327 = DIRECTION ( 'NONE',  ( -1.141837425376562538E-14, -1.000000000000000000, 0.0000000000000000000 ) ) ;
#6328 = VERTEX_POINT ( 'NONE', #7355 ) ;
#6329 = CARTESIAN_POINT ( 'NONE',  ( -0.1999999999999999001, 0.0000000000000000000, 0.3099999999999999978 ) ) ;
#6330 = FACE_OUTER_BOUND ( 'NONE', #998, .T. ) ;
#6331 = CARTESIAN_POINT ( 'NONE',  ( -1.715694505387974174E-16, -0.3720577320911361285, 0.2999999999999999889 ) ) ;
#6332 = PRESENTATION_LAYER_ASSIGNMENT (  '', '', ( #6059 ) ) ;
#6333 = CARTESIAN_POINT ( 'NONE',  ( 2.400000000000006128, -0.2999999999999999334, 0.3000000000000002665 ) ) ;
#6334 = FILL_AREA_STYLE_COLOUR ( '', #6594 ) ;
#6335 =( NAMED_UNIT ( * ) PLANE_ANGLE_UNIT ( ) SI_UNIT ( $, .RADIAN. ) );
#6336 = VERTEX_POINT ( 'NONE', #4004 ) ;
#6337 = SURFACE_SIDE_STYLE ('',( #7350 ) ) ;
#6338 = FILL_AREA_STYLE ('',( #1681 ) ) ;
#6339 = EDGE_CURVE ( 'NONE', #7186, #3173, #3120, .T. ) ;
#6340 =( NAMED_UNIT ( * ) PLANE_ANGLE_UNIT ( ) SI_UNIT ( $, .RADIAN. ) );
#6341 = FACE_OUTER_BOUND ( 'NONE', #910, .T. ) ;
#6342 = CARTESIAN_POINT ( 'NONE',  ( -0.09622713414634141704, 0.3035518450984487360, 0.3099999999999999978 ) ) ;
#6343 = CIRCLE ( 'NONE', #6946, 0.3535533905932732313 ) ;
#6344 = ORIENTED_EDGE ( 'NONE', *, *, #4504, .T. ) ;
#6345 = AXIS2_PLACEMENT_3D ( 'NONE', #781, #4769, #105 ) ;
#6346 =( NAMED_UNIT ( * ) PLANE_ANGLE_UNIT ( ) SI_UNIT ( $, .RADIAN. ) );
#6347 = VERTEX_POINT ( 'NONE', #2736 ) ;
#6348 = DIRECTION ( 'NONE',  ( -0.0000000000000000000, -0.0000000000000000000, -1.000000000000000000 ) ) ;
#6349 = STYLED_ITEM ( 'NONE', ( #3354 ), #2657 ) ;
#6350 =( NAMED_UNIT ( * ) PLANE_ANGLE_UNIT ( ) SI_UNIT ( $, .RADIAN. ) );
#6351 = FILL_AREA_STYLE ('',( #5720 ) ) ;
#6352 = COLOUR_RGB ( '',0.7764705882352941346, 0.7568627450980391913, 0.7372549019607843590 ) ;
#6353 = EDGE_CURVE ( 'NONE', #394, #6264, #2481, .T. ) ;
#6354 = UNCERTAINTY_MEASURE_WITH_UNIT (LENGTH_MEASURE( 1.000000000000000082E-05 ), #6804, 'distance_accuracy_value', 'NONE');
#6355 = ORIENTED_EDGE ( 'NONE', *, *, #1760, .T. ) ;
#6356 = ORIENTED_EDGE ( 'NONE', *, *, #4676, .T. ) ;
#6357 =( NAMED_UNIT ( * ) SI_UNIT ( $, .STERADIAN. ) SOLID_ANGLE_UNIT ( ) );
#6358 = DIRECTION ( 'NONE',  ( 0.0000000000000000000, 1.000000000000000000, -0.0000000000000000000 ) ) ;
#6359 = AXIS2_PLACEMENT_3D ( 'NONE', #6128, #6768, #6100 ) ;
#6360 = CARTESIAN_POINT ( 'NONE',  ( -0.1198170731707317860, -0.2762309292917952686, 0.3099999999999999978 ) ) ;
#6361 = DIRECTION ( 'NONE',  ( 0.0000000000000000000, 0.0000000000000000000, -1.000000000000000000 ) ) ;
#6362 = FILL_AREA_STYLE_COLOUR ( '', #6409 ) ;
#6363 = ORIENTED_EDGE ( 'NONE', *, *, #4939, .F. ) ;
#6364 = DIRECTION ( 'NONE',  ( 1.327594496921025717E-16, -1.000000000000000000, 0.0000000000000000000 ) ) ;
#6365 = ORIENTED_EDGE ( 'NONE', *, *, #7026, .T. ) ;
#6366 = VECTOR ( 'NONE', #2419, 1000.000000000000000 ) ;
#6367 = CARTESIAN_POINT ( 'NONE',  ( -0.2000000000000001499, -0.2818140085600878697, 0.3099999999999999978 ) ) ;
#6368 = DIRECTION ( 'NONE',  ( 1.000000000000000000, 0.0000000000000000000, 0.0000000000000000000 ) ) ;
#6369 = DIRECTION ( 'NONE',  ( 0.0000000000000000000, 0.0000000000000000000, 1.000000000000000000 ) ) ;
#6370 = STYLED_ITEM ( 'NONE', ( #6811 ), #7428 ) ;
#6371 = B_SPLINE_CURVE_WITH_KNOTS ( 'NONE', 3,
 ( #2009, #2726, #4648, #7958, #5285 ),
 .UNSPECIFIED., .F., .F.,
 ( 4, 1, 4 ),
 ( 0.0000000000000000000, 0.4397738761604244040, 1.000000000000000000 ),
 .UNSPECIFIED. ) ;
#6372 = EDGE_CURVE ( 'NONE', #7101, #3238, #1011, .T. ) ;
#6373 = SURFACE_STYLE_FILL_AREA ( #2308 ) ;
#6374 = ORIENTED_EDGE ( 'NONE', *, *, #4857, .F. ) ;
#6375 = PRESENTATION_STYLE_ASSIGNMENT (( #4864 ) ) ;
#6376 = LINE ( 'NONE', #5296, #4425 ) ;
#6377 = CARTESIAN_POINT ( 'NONE',  ( 1.054909488602983725, -2.899999999999999911, 4.289999999999999147 ) ) ;
#6378 = CARTESIAN_POINT ( 'NONE',  ( -0.03231707317073160418, 0.1547713572935704995, 0.3099999999999999978 ) ) ;
#6379 = DIRECTION ( 'NONE',  ( -1.322197771323786684E-17, -0.0000000000000000000, -1.000000000000000000 ) ) ;
#6380 = EDGE_LOOP ( 'NONE', ( #6123, #8470, #2405, #414 ) ) ;
#6381 = LINE ( 'NONE', #2310, #804 ) ;
#6382 = EDGE_CURVE ( 'NONE', #4704, #1569, #3849, .T. ) ;
#6383 = STYLED_ITEM ( 'NONE', ( #5571 ), #3714 ) ;
#6384 = DIRECTION ( 'NONE',  ( -0.0000000000000000000, 1.000000000000000000, -0.0000000000000000000 ) ) ;
#6385 = CARTESIAN_POINT ( 'NONE',  ( -0.2024390243902438047, 0.2018369060740585474, 0.2999999999999999889 ) ) ;
#6386 = AXIS2_PLACEMENT_3D ( 'NONE', #3264, #587, #3176 ) ;
#6387 = PRESENTATION_STYLE_ASSIGNMENT (( #6799 ) ) ;
#6388 = ORIENTED_EDGE ( 'NONE', *, *, #2824, .T. ) ;
#6389 = CARTESIAN_POINT ( 'NONE',  ( 0.0000000000000000000, 0.0000000000000000000, 0.2999999999999999889 ) ) ;
#6390 = ORIENTED_EDGE ( 'NONE', *, *, #5289, .F. ) ;
#6391 = FACE_OUTER_BOUND ( 'NONE', #4931, .T. ) ;
#6392 = ADVANCED_FACE ( 'NONE', ( #6413 ), #7756, .T. ) ;
#6393 = CARTESIAN_POINT ( 'NONE',  ( -1.088139276596542996E-16, -0.3866920573405758232, 0.3099999999999999978 ) ) ;
#6394 = SURFACE_SIDE_STYLE ('',( #7851 ) ) ;
#6395 = DIRECTION ( 'NONE',  ( -0.5078765015849451281, 0.0000000000000000000, -0.8614298921780212392 ) ) ;
#6396 = CARTESIAN_POINT ( 'NONE',  ( 1.054909488602983725, 2.899999999999999911, 0.5000000000000000000 ) ) ;
#6397 = FACE_OUTER_BOUND ( 'NONE', #917, .T. ) ;
#6398 = DIRECTION ( 'NONE',  ( 0.0000000000000000000, 1.000000000000000000, -0.0000000000000000000 ) ) ;
#6399 = ORIENTED_EDGE ( 'NONE', *, *, #6259, .F. ) ;
#6400 = MECHANICAL_DESIGN_GEOMETRIC_PRESENTATION_REPRESENTATION (  '', ( #1768 ), #7553 ) ;
#6401 = ORIENTED_EDGE ( 'NONE', *, *, #379, .T. ) ;
#6402 = FACE_OUTER_BOUND ( 'NONE', #652, .T. ) ;
#6403 = AXIS2_PLACEMENT_3D ( 'NONE', #4901, #7542, #4930 ) ;
#6404 = CARTESIAN_POINT ( 'NONE',  ( -0.9749999999999999778, 1.224999999999999645, 10.40000000000000213 ) ) ;
#6405 = CARTESIAN_POINT ( 'NONE',  ( 2.900000000000000355, -2.900000000000000799, 0.2999999999999999889 ) ) ;
#6406 = PRESENTATION_STYLE_ASSIGNMENT (( #8059 ) ) ;
#6407 = LINE ( 'NONE', #4846, #2043 ) ;
#6408 = EDGE_LOOP ( 'NONE', ( #7047, #4698, #6401, #8519 ) ) ;
#6409 = COLOUR_RGB ( '',0.7764705882352941346, 0.7568627450980391913, 0.7372549019607843590 ) ;
#6410 = CARTESIAN_POINT ( 'NONE',  ( -0.8749999999999995559, -1.125000000000000666, 10.40000000000000213 ) ) ;
#6411 = B_SPLINE_CURVE_WITH_KNOTS ( 'NONE', 3,
 ( #2785, #880, #7414, #2139, #3466 ),
 .UNSPECIFIED., .F., .F.,
 ( 4, 1, 4 ),
 ( 0.0000000000000000000, 0.4409481981981146492, 1.000000000000000000 ),
 .UNSPECIFIED. ) ;
#6412 =( GEOMETRIC_REPRESENTATION_CONTEXT ( 3 ) GLOBAL_UNCERTAINTY_ASSIGNED_CONTEXT ( ( #1314 ) ) GLOBAL_UNIT_ASSIGNED_CONTEXT ( ( #7142, #8510, #7268 ) ) REPRESENTATION_CONTEXT ( 'NONE', 'WORKASPACE' ) );
#6413 = FACE_OUTER_BOUND ( 'NONE', #5706, .T. ) ;
#6414 =( NAMED_UNIT ( * ) PLANE_ANGLE_UNIT ( ) SI_UNIT ( $, .RADIAN. ) );
#6415 = DIRECTION ( 'NONE',  ( -0.3363908276654463680, 0.9417224702971445094, 0.0000000000000000000 ) ) ;
#6416 = VECTOR ( 'NONE', #1110, 1000.000000000000000 ) ;
#6417 = DIRECTION ( 'NONE',  ( 0.0000000000000000000, -1.000000000000000000, 0.0000000000000000000 ) ) ;
#6418 = ORIENTED_EDGE ( 'NONE', *, *, #8144, .F. ) ;
#6419 = LINE ( 'NONE', #7699, #6110 ) ;
#6420 = ORIENTED_EDGE ( 'NONE', *, *, #6872, .F. ) ;
#6421 = EDGE_CURVE ( 'NONE', #4960, #3253, #6633, .T. ) ;
#6422 = CARTESIAN_POINT ( 'NONE',  ( -4.150912291827595801, -2.299999999999999822, 0.2890877081724074205 ) ) ;
#6423 =( NAMED_UNIT ( * ) PLANE_ANGLE_UNIT ( ) SI_UNIT ( $, .RADIAN. ) );
#6424 = LINE ( 'NONE', #442, #930 ) ;
#6425 = DIRECTION ( 'NONE',  ( -1.000000000000000000, -0.0000000000000000000, 1.322197771323786684E-17 ) ) ;
#6426 = CARTESIAN_POINT ( 'NONE',  ( -0.1025152439024390044, -0.1915701061210637046, 0.2999999999999999889 ) ) ;
#6427 = B_SPLINE_CURVE_WITH_KNOTS ( 'NONE', 3,
 ( #6073, #3478, #8090, #3539, #4167 ),
 .UNSPECIFIED., .F., .F.,
 ( 4, 1, 4 ),
 ( 0.0000000000000000000, 0.4461889103902437759, 0.9999928586088475679 ),
 .UNSPECIFIED. ) ;
#6428 = ORIENTED_EDGE ( 'NONE', *, *, #5691, .F. ) ;
#6429 = VECTOR ( 'NONE', #2264, 1000.000000000000000 ) ;
#6430 = PRESENTATION_LAYER_ASSIGNMENT (  '', '', ( #188 ) ) ;
#6431 = CARTESIAN_POINT ( 'NONE',  ( -0.03231707317073160418, 0.1547713572935704995, 0.3099999999999999978 ) ) ;
#6432 = CARTESIAN_POINT ( 'NONE',  ( -0.8749999999999995559, -1.225000000000000533, 10.50000000000000000 ) ) ;
#6433 = EDGE_CURVE ( 'NONE', #6880, #1271, #6595, .T. ) ;
#6434 = CARTESIAN_POINT ( 'NONE',  ( -0.02884605855447445327, 0.1618753864160945577, 0.3099999999999999978 ) ) ;
#6435 = ADVANCED_FACE ( 'NONE', ( #4874 ), #823, .T. ) ;
#6436 = DIRECTION ( 'NONE',  ( -1.000000000000000000, 0.0000000000000000000, 0.0000000000000000000 ) ) ;
#6437 = ORIENTED_EDGE ( 'NONE', *, *, #2154, .T. ) ;
#6438 =( NAMED_UNIT ( * ) SI_UNIT ( $, .STERADIAN. ) SOLID_ANGLE_UNIT ( ) );
#6439 = ADVANCED_FACE ( 'NONE', ( #7858 ), #826, .T. ) ;
#6440 = EDGE_CURVE ( 'NONE', #3062, #858, #400, .T. ) ;
#6441 = ORIENTED_EDGE ( 'NONE', *, *, #8474, .T. ) ;
#6442 = PRESENTATION_STYLE_ASSIGNMENT (( #2133 ) ) ;
#6443 = FILL_AREA_STYLE ('',( #1105 ) ) ;
#6444 = VECTOR ( 'NONE', #4766, 1000.000000000000000 ) ;
#6445 = EDGE_CURVE ( 'NONE', #8021, #3277, #4010, .T. ) ;
#6446 = CARTESIAN_POINT ( 'NONE',  ( 1.500000000000000000, -3.000000000000000000, 0.5000000000000000000 ) ) ;
#6447 = ORIENTED_EDGE ( 'NONE', *, *, #3075, .F. ) ;
#6448 = CARTESIAN_POINT ( 'NONE',  ( -0.1755754703592872501, -0.1062775587966815899, 0.2999999999999999889 ) ) ;
#6449 = MECHANICAL_DESIGN_GEOMETRIC_PRESENTATION_REPRESENTATION (  '', ( #512 ), #7895 ) ;
#6450 = SURFACE_STYLE_USAGE ( .BOTH. , #5138 ) ;
#6451 = STYLED_ITEM ( 'NONE', ( #6256 ), #1330 ) ;
#6452 = CARTESIAN_POINT ( 'NONE',  ( 0.0000000000000000000, 0.0000000000000000000, 7.799999999999999822 ) ) ;
#6453 =( NAMED_UNIT ( * ) PLANE_ANGLE_UNIT ( ) SI_UNIT ( $, .RADIAN. ) );
#6454 = CARTESIAN_POINT ( 'NONE',  ( -0.1121951219512194037, 0.08891769875698531111, 0.3099999999999999978 ) ) ;
#6455 = PRESENTATION_STYLE_ASSIGNMENT (( #6521 ) ) ;
#6456 = FILL_AREA_STYLE_COLOUR ( '', #2350 ) ;
#6457 = ORIENTED_EDGE ( 'NONE', *, *, #7241, .F. ) ;
#6458 = EDGE_CURVE ( 'NONE', #5028, #3388, #6407, .T. ) ;
#6459 = CARTESIAN_POINT ( 'NONE',  ( -0.1868546059824211791, 0.2842191074825045627, 0.2999999999999999889 ) ) ;
#6460 = VECTOR ( 'NONE', #6009, 1000.000000000000000 ) ;
#6462 = DIRECTION ( 'NONE',  ( 1.000000000000000000, 0.0000000000000000000, 0.0000000000000000000 ) ) ;
#6461 = FILL_AREA_STYLE ('',( #2474 ) ) ;
#6463 = MECHANICAL_DESIGN_GEOMETRIC_PRESENTATION_REPRESENTATION (  '', ( #8400 ), #967 ) ;
#6464 = SURFACE_SIDE_STYLE ('',( #326 ) ) ;
#6465 =( LENGTH_UNIT ( ) NAMED_UNIT ( * ) SI_UNIT ( .MILLI., .METRE. ) );
#6466 = MECHANICAL_DESIGN_GEOMETRIC_PRESENTATION_REPRESENTATION (  '', ( #2757 ), #968 ) ;
#6467 = UNCERTAINTY_MEASURE_WITH_UNIT (LENGTH_MEASURE( 1.000000000000000082E-05 ), #5351, 'distance_accuracy_value', 'NONE');
#6468 = CARTESIAN_POINT ( 'NONE',  ( -0.1025152439024390044, -0.1915701061210637046, 0.2999999999999999889 ) ) ;
#6469 = UNCERTAINTY_MEASURE_WITH_UNIT (LENGTH_MEASURE( 1.000000000000000082E-05 ), #2079, 'distance_accuracy_value', 'NONE');
#6470 = EDGE_LOOP ( 'NONE', ( #5742, #6844, #8293, #985 ) ) ;
#6471 = B_SPLINE_CURVE_WITH_KNOTS ( 'NONE', 3,
 ( #153, #3500, #8114, #4747, #5450 ),
 .UNSPECIFIED., .F., .F.,
 ( 4, 1, 4 ),
 ( 0.0000000000000000000, 0.4409481981981146492, 1.000000000000000000 ),
 .UNSPECIFIED. ) ;
#6472 = CIRCLE ( 'NONE', #1654, 0.09999999999999982514 ) ;
#6473 = LINE ( 'NONE', #5465, #2648 ) ;
#6474 = CARTESIAN_POINT ( 'NONE',  ( 4.581175931126699549E-14, 0.008429893878912603222, 0.3099999999999999978 ) ) ;
#6475 = VECTOR ( 'NONE', #6590, 1000.000000000000000 ) ;
#6476 = CARTESIAN_POINT ( 'NONE',  ( -2.449999999999999289, 0.0000000000000000000, 0.3499999999999999778 ) ) ;
#6477 = PRESENTATION_STYLE_ASSIGNMENT (( #8072 ) ) ;
#6478 = EDGE_CURVE ( 'NONE', #7922, #3576, #8163, .T. ) ;
#6479 = VERTEX_POINT ( 'NONE', #3434 ) ;
#6480 = COLOUR_RGB ( '',0.4313725490196078649, 0.3529411764705882026, 0.3725490196078431460 ) ;
#6481 = FILL_AREA_STYLE ('',( #3227 ) ) ;
#6482 = CARTESIAN_POINT ( 'NONE',  ( -1.499999999999999778, -2.750000000000000444, 0.5000000000000000000 ) ) ;
#6483 =( NAMED_UNIT ( * ) SI_UNIT ( $, .STERADIAN. ) SOLID_ANGLE_UNIT ( ) );
#6484 = ADVANCED_FACE ( 'NONE', ( #722 ), #2775, .T. ) ;
#6485 = CARTESIAN_POINT ( 'NONE',  ( -0.07804878048780496125, -0.2613109597796002270, 0.3099999999999999978 ) ) ;
#6486 = CARTESIAN_POINT ( 'NONE',  ( -0.1792204018677653887, 0.1778715522303551677, 0.2999999999999999889 ) ) ;
#6487 = ADVANCED_FACE ( 'NONE', ( #7442 ), #3736, .T. ) ;
#6488 = PRESENTATION_STYLE_ASSIGNMENT (( #5188 ) ) ;
#6489 = CARTESIAN_POINT ( 'NONE',  ( 1.350000000000000089, -1.750000000000000222, 5.500000000000000000 ) ) ;
#6490 = EDGE_LOOP ( 'NONE', ( #1633, #6888, #5482, #8503 ) ) ;
#6491 = LINE ( 'NONE', #4134, #2230 ) ;
#6492 = CARTESIAN_POINT ( 'NONE',  ( -2.900000000000000799, 2.900000000000000355, 4.290000000000000036 ) ) ;
#6493 = AXIS2_PLACEMENT_3D ( 'NONE', #6920, #7671, #3034 ) ;
#6494 = DIRECTION ( 'NONE',  ( 0.0000000000000000000, -0.0000000000000000000, -1.000000000000000000 ) ) ;
#6495 = PLANE ( 'NONE',  #741 ) ;
#6496 = DIRECTION ( 'NONE',  ( 0.4813095137127779144, -0.8765507127426052092, 0.0000000000000000000 ) ) ;
#6497 = VERTEX_POINT ( 'NONE', #3660 ) ;
#6498 =( LENGTH_UNIT ( ) NAMED_UNIT ( * ) SI_UNIT ( .MILLI., .METRE. ) );
#6499 = CARTESIAN_POINT ( 'NONE',  ( -0.1019435975609755685, -0.1647408378283807540, 0.3099999999999999978 ) ) ;
#6500 = SURFACE_SIDE_STYLE ('',( #694 ) ) ;
#6501 = FACE_OUTER_BOUND ( 'NONE', #2010, .T. ) ;
#6502 = CARTESIAN_POINT ( 'NONE',  ( -4.535912291827596476, 1.700000000000000178, 0.2890877081724208542 ) ) ;
#6503 = ORIENTED_EDGE ( 'NONE', *, *, #5844, .T. ) ;
#6504 = DIRECTION ( 'NONE',  ( 0.0000000000000000000, -0.0000000000000000000, -1.000000000000000000 ) ) ;
#6505 = ORIENTED_EDGE ( 'NONE', *, *, #827, .F. ) ;
#6506 = FILL_AREA_STYLE_COLOUR ( '', #6600 ) ;
#6507 = MECHANICAL_DESIGN_GEOMETRIC_PRESENTATION_REPRESENTATION (  '', ( #1708 ), #5623 ) ;
#6508 = VECTOR ( 'NONE', #5292, 1000.000000000000000 ) ;
#6509 =( LENGTH_UNIT ( ) NAMED_UNIT ( * ) SI_UNIT ( .MILLI., .METRE. ) );
#6510 = MECHANICAL_DESIGN_GEOMETRIC_PRESENTATION_REPRESENTATION (  '', ( #3868 ), #3201 ) ;
#6511 = CARTESIAN_POINT ( 'NONE',  ( -0.1270002124748391137, -0.1867108446239766628, 0.3099999999999999978 ) ) ;
#6512 = CARTESIAN_POINT ( 'NONE',  ( -1.449999999999999956, 1.749999999999999778, 7.799999999999999822 ) ) ;
#6513 = CARTESIAN_POINT ( 'NONE',  ( -2.900000000000000799, 3.000000000000000000, 4.290000000000000036 ) ) ;
#6514 = COLOUR_RGB ( '',0.4313725490196078649, 0.3529411764705882026, 0.3725490196078431460 ) ;
#6515 = ORIENTED_EDGE ( 'NONE', *, *, #8124, .T. ) ;
#6516 = CARTESIAN_POINT ( 'NONE',  ( -0.05609756097560963939, 0.08891769875698522785, 0.2999999999999999889 ) ) ;
#6517 = EDGE_CURVE ( 'NONE', #5913, #7513, #4664, .T. ) ;
#6518 = DIRECTION ( 'NONE',  ( 0.0000000000000000000, -0.0000000000000000000, -1.000000000000000000 ) ) ;
#6519 = PLANE ( 'NONE',  #4468 ) ;
#6520 = CARTESIAN_POINT ( 'NONE',  ( -0.1025152439024390044, -0.1915701061210637046, 0.3099999999999999978 ) ) ;
#6521 = SURFACE_STYLE_USAGE ( .BOTH. , #7875 ) ;
#6522 =( GEOMETRIC_REPRESENTATION_CONTEXT ( 3 ) GLOBAL_UNCERTAINTY_ASSIGNED_CONTEXT ( ( #3113 ) ) GLOBAL_UNIT_ASSIGNED_CONTEXT ( ( #3280, #667, #7888 ) ) REPRESENTATION_CONTEXT ( 'NONE', 'WORKASPACE' ) );
#6523 = SURFACE_STYLE_USAGE ( .BOTH. , #3267 ) ;
#6524 = AXIS2_PLACEMENT_3D ( 'NONE', #5205, #6774, #7437 ) ;
#6525 = EDGE_LOOP ( 'NONE', ( #2270, #2243, #6291, #3229 ) ) ;
#6526 = PRESENTATION_STYLE_ASSIGNMENT (( #4963 ) ) ;
#6527 =( NAMED_UNIT ( * ) PLANE_ANGLE_UNIT ( ) SI_UNIT ( $, .RADIAN. ) );
#6528 = DIRECTION ( 'NONE',  ( 0.0000000000000000000, 1.000000000000000000, -0.0000000000000000000 ) ) ;
#6529 = CARTESIAN_POINT ( 'NONE',  ( -0.02884605855447445327, 0.1618753864160945577, 0.2999999999999999889 ) ) ;
#6530 = ADVANCED_FACE ( 'NONE', ( #618 ), #1647, .T. ) ;
#6531 = CARTESIAN_POINT ( 'NONE',  ( -2.449999999999999289, 0.2999999999999999334, 0.3499999999999999778 ) ) ;
#6532 = FACE_OUTER_BOUND ( 'NONE', #6610, .T. ) ;
#6533 = ORIENTED_EDGE ( 'NONE', *, *, #1222, .T. ) ;
#6534 = DIRECTION ( 'NONE',  ( 0.0000000000000000000, 0.0000000000000000000, 1.000000000000000000 ) ) ;
#6535 = ADVANCED_FACE ( 'NONE', ( #1507 ), #2152, .T. ) ;
#6536 = B_SPLINE_CURVE_WITH_KNOTS ( 'NONE', 3,
 ( #8290, #362, #4344, #7616, #2385 ),
 .UNSPECIFIED., .F., .F.,
 ( 4, 1, 4 ),
 ( 0.0000000000000000000, 0.4999999999999997780, 0.9999933870967742111 ),
 .UNSPECIFIED. ) ;
#6537 = AXIS2_PLACEMENT_3D ( 'NONE', #2803, #2213, #2155 ) ;
#6538 = PLANE ( 'NONE',  #5251 ) ;
#6539 = DIRECTION ( 'NONE',  ( 1.239088197126290817E-16, -1.000000000000000000, 0.0000000000000000000 ) ) ;
#6540 = VECTOR ( 'NONE', #925, 1000.000000000000000 ) ;
#6541 = ORIENTED_EDGE ( 'NONE', *, *, #4898, .T. ) ;
#6542 = CARTESIAN_POINT ( 'NONE',  ( -4.460912291827596299, 1.700000000000000178, -0.001386042793135222519 ) ) ;
#6543 = ADVANCED_FACE ( 'NONE', ( #8475 ), #2337, .T. ) ;
#6544 = DIRECTION ( 'NONE',  ( 0.0000000000000000000, -0.0000000000000000000, -1.000000000000000000 ) ) ;
#6545 = PRESENTATION_LAYER_ASSIGNMENT (  '', '', ( #2203 ) ) ;
#6546 = VERTEX_POINT ( 'NONE', #8216 ) ;
#6547 = EDGE_CURVE ( 'NONE', #6076, #3367, #2365, .T. ) ;
#6548 = ORIENTED_EDGE ( 'NONE', *, *, #2584, .T. ) ;
#6549 =( NAMED_UNIT ( * ) SI_UNIT ( $, .STERADIAN. ) SOLID_ANGLE_UNIT ( ) );
#6550 = ORIENTED_EDGE ( 'NONE', *, *, #7784, .F. ) ;
#6551 = SURFACE_SIDE_STYLE ('',( #4273 ) ) ;
#6552 = FILL_AREA_STYLE ('',( #6456 ) ) ;
#6553 = LINE ( 'NONE', #1541, #1035 ) ;
#6554 =( NAMED_UNIT ( * ) SI_UNIT ( $, .STERADIAN. ) SOLID_ANGLE_UNIT ( ) );
#6555 = CARTESIAN_POINT ( 'NONE',  ( -2.900000000000000799, 3.000000000000000000, 4.290000000000000036 ) ) ;
#6556 =( NAMED_UNIT ( * ) SI_UNIT ( $, .STERADIAN. ) SOLID_ANGLE_UNIT ( ) );
#6557 = ORIENTED_EDGE ( 'NONE', *, *, #379, .F. ) ;
#6558 =( GEOMETRIC_REPRESENTATION_CONTEXT ( 3 ) GLOBAL_UNCERTAINTY_ASSIGNED_CONTEXT ( ( #2866 ) ) GLOBAL_UNIT_ASSIGNED_CONTEXT ( ( #4033, #31, #1932 ) ) REPRESENTATION_CONTEXT ( 'NONE', 'WORKASPACE' ) );
#6559 =( LENGTH_UNIT ( ) NAMED_UNIT ( * ) SI_UNIT ( .MILLI., .METRE. ) );
#6560 = DIRECTION ( 'NONE',  ( 0.0000000000000000000, -0.0000000000000000000, 1.000000000000000000 ) ) ;
#6561 = ORIENTED_EDGE ( 'NONE', *, *, #7140, .T. ) ;
#6562 = CARTESIAN_POINT ( 'NONE',  ( 4.743384504624081899E-17, -0.2062042524625271878, 0.2999999999999999889 ) ) ;
#6563 = EDGE_CURVE ( 'NONE', #8405, #575, #1940, .T. ) ;
#6564 = FILL_AREA_STYLE_COLOUR ( '', #8238 ) ;
#6565 = LINE ( 'NONE', #4822, #4173 ) ;
#6566 = AXIS2_PLACEMENT_3D ( 'NONE', #5325, #5236, #5914 ) ;
#6567 = FILL_AREA_STYLE ('',( #3830 ) ) ;
#6568 = STYLED_ITEM ( 'NONE', ( #2494 ), #579 ) ;
#6569 = FACE_OUTER_BOUND ( 'NONE', #2768, .T. ) ;
#6570 = VECTOR ( 'NONE', #1418, 1000.000000000000000 ) ;
#6571 = ORIENTED_EDGE ( 'NONE', *, *, #2458, .F. ) ;
#6572 = ORIENTED_EDGE ( 'NONE', *, *, #8113, .T. ) ;
#6573 =( NAMED_UNIT ( * ) PLANE_ANGLE_UNIT ( ) SI_UNIT ( $, .RADIAN. ) );
#6574 = DIRECTION ( 'NONE',  ( 0.0000000000000000000, 1.000000000000000000, 0.0000000000000000000 ) ) ;
#6575 = EDGE_CURVE ( 'NONE', #6792, #3991, #6715, .T. ) ;
#6576 = CARTESIAN_POINT ( 'NONE',  ( 0.9749999999999999778, 0.9999999999999991118, 9.650000000000000355 ) ) ;
#6577 = DIRECTION ( 'NONE',  ( -0.5078765015849451281, 0.0000000000000000000, -0.8614298921780212392 ) ) ;
#6578 = DIRECTION ( 'NONE',  ( 0.0000000000000000000, -0.0000000000000000000, -1.000000000000000000 ) ) ;
#6579 = ADVANCED_FACE ( 'NONE', ( #498 ), #5505, .T. ) ;
#6580 = AXIS2_PLACEMENT_3D ( 'NONE', #1725, #7672, #1634 ) ;
#6581 = CARTESIAN_POINT ( 'NONE',  ( 2.449999999999999289, 0.2999999999999999334, 0.3499999999999999778 ) ) ;
#6582 = ADVANCED_FACE ( 'NONE', ( #4968 ), #2497, .F. ) ;
#6583 =( NAMED_UNIT ( * ) SI_UNIT ( $, .STERADIAN. ) SOLID_ANGLE_UNIT ( ) );
#6584 = CARTESIAN_POINT ( 'NONE',  ( 2.400000000000000355, -1.700000000000000178, 0.2999999999999999889 ) ) ;
#6585 = CARTESIAN_POINT ( 'NONE',  ( -0.9999999999999991118, -2.999999999999999556, 4.289999999999999147 ) ) ;
#6586 = CARTESIAN_POINT ( 'NONE',  ( -1.500000000000000000, -2.999999999999999112, 0.5000000000000000000 ) ) ;
#6587 = ORIENTED_EDGE ( 'NONE', *, *, #3966, .F. ) ;
#6588 = LINE ( 'NONE', #6263, #4205 ) ;
#6589 = PRESENTATION_LAYER_ASSIGNMENT (  '', '', ( #8347 ) ) ;
#6590 = DIRECTION ( 'NONE',  ( -1.322197771323786684E-17, -0.0000000000000000000, -1.000000000000000000 ) ) ;
#6591 = CARTESIAN_POINT ( 'NONE',  ( -0.1999999999999999556, 0.3962347719277171110, 0.2999999999999999889 ) ) ;
#6592 = CARTESIAN_POINT ( 'NONE',  ( -2.900000000000000799, 3.000000000000000000, 4.290000000000000036 ) ) ;
#6593 = ORIENTED_EDGE ( 'NONE', *, *, #8142, .F. ) ;
#6594 = COLOUR_RGB ( '',0.4313725490196078649, 0.3529411764705882026, 0.3725490196078431460 ) ;
#6595 = B_SPLINE_CURVE_WITH_KNOTS ( 'NONE', 3,
 ( #2843, #4784, #2195, #2813, #798 ),
 .UNSPECIFIED., .F., .F.,
 ( 4, 1, 4 ),
 ( 0.0000000000000000000, 0.4999999999999997780, 0.9999951190476188412 ),
 .UNSPECIFIED. ) ;
#6596 = COLOUR_RGB ( '',0.4313725490196078649, 0.3529411764705882026, 0.3725490196078431460 ) ;
#6597 = EDGE_CURVE ( 'NONE', #3498, #812, #33, .T. ) ;
#6598 = DIRECTION ( 'NONE',  ( 1.000000000000000000, 0.0000000000000000000, 0.0000000000000000000 ) ) ;
#6599 = EDGE_CURVE ( 'NONE', #3522, #7531, #8050, .T. ) ;
#6600 = COLOUR_RGB ( '',0.7764705882352941346, 0.7568627450980391913, 0.7372549019607843590 ) ;
#6601 = ORIENTED_EDGE ( 'NONE', *, *, #7356, .T. ) ;
#6602 = COLOUR_RGB ( '',0.7764705882352941346, 0.7568627450980391913, 0.7372549019607843590 ) ;
#6603 = UNCERTAINTY_MEASURE_WITH_UNIT (LENGTH_MEASURE( 1.000000000000000082E-05 ), #7547, 'distance_accuracy_value', 'NONE');
#6604 = FACE_BOUND ( 'NONE', #5169, .T. ) ;
#6605 = DIRECTION ( 'NONE',  ( 1.000000000000000000, 0.0000000000000000000, 1.322197771323786684E-17 ) ) ;
#6606 = DIRECTION ( 'NONE',  ( -1.000000000000000000, -2.168404344971007685E-15, 0.0000000000000000000 ) ) ;
#6607 = VECTOR ( 'NONE', #786, 1000.000000000000000 ) ;
#6608 = ORIENTED_EDGE ( 'NONE', *, *, #1145, .F. ) ;
#6609 = AXIS2_PLACEMENT_3D ( 'NONE', #2771, #4696, #7557 ) ;
#6610 = EDGE_LOOP ( 'NONE', ( #2153, #6082, #7620, #4388 ) ) ;
#6611 = EDGE_CURVE ( 'NONE', #423, #5617, #3318, .T. ) ;
#6612 = CIRCLE ( 'NONE', #3306, 0.09999999999999982514 ) ;
#6613 =( NAMED_UNIT ( * ) SI_UNIT ( $, .STERADIAN. ) SOLID_ANGLE_UNIT ( ) );
#6614 = EDGE_CURVE ( 'NONE', #4181, #6479, #5683, .T. ) ;
#6615 =( NAMED_UNIT ( * ) PLANE_ANGLE_UNIT ( ) SI_UNIT ( $, .RADIAN. ) );
#6616 = SURFACE_SIDE_STYLE ('',( #7144 ) ) ;
#6617 = SURFACE_STYLE_FILL_AREA ( #1797 ) ;
#6618 = CARTESIAN_POINT ( 'NONE',  ( -0.02195121951219511716, 0.3962347719277171665, 0.2999999999999999889 ) ) ;
#6619 = ORIENTED_EDGE ( 'NONE', *, *, #5227, .F. ) ;
#6620 = ADVANCED_FACE ( 'NONE', ( #4756 ), #6090, .T. ) ;
#6621 = DIRECTION ( 'NONE',  ( -1.968367043774426697E-15, -1.000000000000000000, 0.0000000000000000000 ) ) ;
#6622 = ORIENTED_EDGE ( 'NONE', *, *, #48, .T. ) ;
#6623 = VECTOR ( 'NONE', #3728, 1000.000000000000000 ) ;
#6624 = DIRECTION ( 'NONE',  ( 1.000000000000000000, 0.0000000000000000000, 0.0000000000000000000 ) ) ;
#6625 = ADVANCED_FACE ( 'NONE', ( #4347, #2776 ), #5798, .T. ) ;
#6626 = ORIENTED_EDGE ( 'NONE', *, *, #6205, .F. ) ;
#6627 = PRESENTATION_LAYER_ASSIGNMENT (  '', '', ( #5012 ) ) ;
#6628 = DIRECTION ( 'NONE',  ( -0.0000000000000000000, -0.0000000000000000000, 1.000000000000000000 ) ) ;
#6629 = MECHANICAL_DESIGN_GEOMETRIC_PRESENTATION_REPRESENTATION (  '', ( #4854 ), #3257 ) ;
#6630 = PLANE ( 'NONE',  #5922 ) ;
#6631 = SURFACE_STYLE_USAGE ( .BOTH. , #6017 ) ;
#6632 = UNCERTAINTY_MEASURE_WITH_UNIT (LENGTH_MEASURE( 1.000000000000000082E-05 ), #6305, 'distance_accuracy_value', 'NONE');
#6633 = LINE ( 'NONE', #6139, #2903 ) ;
#6634 = CARTESIAN_POINT ( 'NONE',  ( 4.460912291827592746, -2.299999999999999822, -0.001386042793148666626 ) ) ;
#6635 = CARTESIAN_POINT ( 'NONE',  ( -0.09786585365853650575, 0.2767225768057657298, 0.2999999999999999889 ) ) ;
#6636 =( NAMED_UNIT ( * ) SI_UNIT ( $, .STERADIAN. ) SOLID_ANGLE_UNIT ( ) );
#6637 =( LENGTH_UNIT ( ) NAMED_UNIT ( * ) SI_UNIT ( .MILLI., .METRE. ) );
#6638 = VECTOR ( 'NONE', #1341, 1000.000000000000000 ) ;
#6639 =( GEOMETRIC_REPRESENTATION_CONTEXT ( 3 ) GLOBAL_UNCERTAINTY_ASSIGNED_CONTEXT ( ( #5810 ) ) GLOBAL_UNIT_ASSIGNED_CONTEXT ( ( #6465, #2509, #499 ) ) REPRESENTATION_CONTEXT ( 'NONE', 'WORKASPACE' ) );
#6640 = MECHANICAL_DESIGN_GEOMETRIC_PRESENTATION_REPRESENTATION (  '', ( #6185 ), #1549 ) ;
#6641 = EDGE_CURVE ( 'NONE', #4725, #5647, #908, .T. ) ;
#6642 = ORIENTED_EDGE ( 'NONE', *, *, #8087, .F. ) ;
#6643 = FILL_AREA_STYLE_COLOUR ( '', #1518 ) ;
#6644 = CIRCLE ( 'NONE', #27, 0.3535533905932595200 ) ;
#6645 = DIRECTION ( 'NONE',  ( 0.0000000000000000000, -0.0000000000000000000, -1.000000000000000000 ) ) ;
#6646 = FILL_AREA_STYLE_COLOUR ( '', #2263 ) ;
#6647 = CARTESIAN_POINT ( 'NONE',  ( -0.2000000000000000111, 0.0000000000000000000, 0.3099999999999999978 ) ) ;
#6648 = ORIENTED_EDGE ( 'NONE', *, *, #1328, .F. ) ;
#6649 = FACE_OUTER_BOUND ( 'NONE', #2119, .T. ) ;
#6650 = VERTEX_POINT ( 'NONE', #585 ) ;
#6651 = B_SPLINE_CURVE_WITH_KNOTS ( 'NONE', 3,
 ( #2026, #5033, #1270, #1784, #1711 ),
 .UNSPECIFIED., .F., .F.,
 ( 4, 1, 4 ),
 ( 0.0000000000000000000, 0.5000000000000001110, 0.9999937878787877876 ),
 .UNSPECIFIED. ) ;
#6652 =( GEOMETRIC_REPRESENTATION_CONTEXT ( 3 ) GLOBAL_UNCERTAINTY_ASSIGNED_CONTEXT ( ( #6321 ) ) GLOBAL_UNIT_ASSIGNED_CONTEXT ( ( #2556, #5938, #6549 ) ) REPRESENTATION_CONTEXT ( 'NONE', 'WORKASPACE' ) );
#6653 = LINE ( 'NONE', #8025, #8401 ) ;
#6654 = CARTESIAN_POINT ( 'NONE',  ( -4.535912291827594700, 0.2999999999999999334, 0.2890877081724139153 ) ) ;
#6655 = CARTESIAN_POINT ( 'NONE',  ( -4.150912291827595801, -1.000000000000000444, 8.650000000000000355 ) ) ;
#6656 = VECTOR ( 'NONE', #3340, 1000.000000000000000 ) ;
#6657 = ORIENTED_EDGE ( 'NONE', *, *, #2526, .F. ) ;
#6658 = CARTESIAN_POINT ( 'NONE',  ( -0.1729538598830813734, -0.2939153961633196310, 0.2999999999999999889 ) ) ;
#6659 = ADVANCED_FACE ( 'NONE', ( #5489 ), #7528, .T. ) ;
#6660 = MECHANICAL_DESIGN_GEOMETRIC_PRESENTATION_REPRESENTATION (  '', ( #2203 ), #1622 ) ;
#6661 = EDGE_CURVE ( 'NONE', #773, #2816, #5271, .T. ) ;
#6662 = DIRECTION ( 'NONE',  ( 1.000000000000000000, 0.0000000000000000000, 0.0000000000000000000 ) ) ;
#6663 = PRESENTATION_STYLE_ASSIGNMENT (( #6742 ) ) ;
#6664 = ORIENTED_EDGE ( 'NONE', *, *, #2724, .T. ) ;
#6665 = PRESENTATION_STYLE_ASSIGNMENT (( #5379 ) ) ;
#6666 = VERTEX_POINT ( 'NONE', #8421 ) ;
#6667 = SURFACE_SIDE_STYLE ('',( #7258 ) ) ;
#6668 = CARTESIAN_POINT ( 'NONE',  ( -2.449999999999999289, 2.299999999999999822, 0.3499999999999999778 ) ) ;
#6669 = CARTESIAN_POINT ( 'NONE',  ( -1.500000000000000000, -2.999999999999999112, 4.289999999999999147 ) ) ;
#6670 = DIRECTION ( 'NONE',  ( -8.673617379884072943E-16, -1.000000000000000000, 0.0000000000000000000 ) ) ;
#6671 = ORIENTED_EDGE ( 'NONE', *, *, #1054, .F. ) ;
#6672 = AXIS2_PLACEMENT_3D ( 'NONE', #121, #777, #227 ) ;
#6673 = PLANE ( 'NONE',  #8224 ) ;
#6674 = EDGE_LOOP ( 'NONE', ( #5906, #7563, #3729, #396 ) ) ;
#6675 = FILL_AREA_STYLE ('',( #5365 ) ) ;
#6676 = COLOUR_RGB ( '',0.7764705882352941346, 0.7568627450980391913, 0.7372549019607843590 ) ;
#6677 = CARTESIAN_POINT ( 'NONE',  ( -1.449999999999999956, 1.749999999999999778, 5.500000000000000000 ) ) ;
#6678 = CARTESIAN_POINT ( 'NONE',  ( -0.09786585365853650575, 0.2767225768057657298, 0.3099999999999999978 ) ) ;
#6679 = ORIENTED_EDGE ( 'NONE', *, *, #4390, .F. ) ;
#6680 = LINE ( 'NONE', #7325, #5146 ) ;
#6681 = CARTESIAN_POINT ( 'NONE',  ( 0.8750000000000001110, -1.125000000000000444, 10.50000000000000000 ) ) ;
#6682 = AXIS2_PLACEMENT_3D ( 'NONE', #7770, #8443, #1131 ) ;
#6683 =( GEOMETRIC_REPRESENTATION_CONTEXT ( 3 ) GLOBAL_UNCERTAINTY_ASSIGNED_CONTEXT ( ( #8265 ) ) GLOBAL_UNIT_ASSIGNED_CONTEXT ( ( #3392, #7354, #2709 ) ) REPRESENTATION_CONTEXT ( 'NONE', 'WORKASPACE' ) );
#6684 = ORIENTED_EDGE ( 'NONE', *, *, #6194, .F. ) ;
#6685 = CYLINDRICAL_SURFACE ( 'NONE', #1526, 0.3535533905932665144 ) ;
#6686 = ORIENTED_EDGE ( 'NONE', *, *, #4978, .T. ) ;
#6687 = DIRECTION ( 'NONE',  ( 1.000000000000000000, 0.0000000000000000000, 1.322197771323786684E-17 ) ) ;
#6688 = COLOUR_RGB ( '',0.7764705882352941346, 0.7568627450980391913, 0.7372549019607843590 ) ;
#6689 = VERTEX_POINT ( 'NONE', #3263 ) ;
#6690 =( GEOMETRIC_REPRESENTATION_CONTEXT ( 3 ) GLOBAL_UNCERTAINTY_ASSIGNED_CONTEXT ( ( #3633 ) ) GLOBAL_UNIT_ASSIGNED_CONTEXT ( ( #3601, #6276, #5565 ) ) REPRESENTATION_CONTEXT ( 'NONE', 'WORKASPACE' ) );
#6691 = FILL_AREA_STYLE ('',( #96 ) ) ;
#6692 = ORIENTED_EDGE ( 'NONE', *, *, #6254, .T. ) ;
#6693 = FACE_OUTER_BOUND ( 'NONE', #6177, .T. ) ;
#6694 = CARTESIAN_POINT ( 'NONE',  ( -1.499999999999999778, -2.750000000000000444, 0.2999999999999999889 ) ) ;
#6695 = MECHANICAL_DESIGN_GEOMETRIC_PRESENTATION_REPRESENTATION (  '', ( #7129 ), #659 ) ;
#6696 = DIRECTION ( 'NONE',  ( -0.0000000000000000000, -1.000000000000000000, -0.0000000000000000000 ) ) ;
#6697 = ADVANCED_FACE ( 'NONE', ( #6397 ), #491, .T. ) ;
#6698 = VERTEX_POINT ( 'NONE', #3995 ) ;
#6699 = COLOUR_RGB ( '',0.7764705882352941346, 0.7568627450980391913, 0.7372549019607843590 ) ;
#6700 = UNCERTAINTY_MEASURE_WITH_UNIT (LENGTH_MEASURE( 1.000000000000000082E-05 ), #872, 'distance_accuracy_value', 'NONE');
#6701 = VECTOR ( 'NONE', #6087, 1000.000000000000000 ) ;
#6702 = PRESENTATION_LAYER_ASSIGNMENT (  '', '', ( #6253 ) ) ;
#6703 = DIRECTION ( 'NONE',  ( -0.5078765015848867304, 0.0000000000000000000, -0.8614298921780556562 ) ) ;
#6704 = CARTESIAN_POINT ( 'NONE',  ( -0.04674796747967490534, -0.3405601975844781970, 0.2999999999999999889 ) ) ;
#6705 = EDGE_CURVE ( 'NONE', #7253, #6650, #5167, .T. ) ;
#6706 = LINE ( 'NONE', #644, #4959 ) ;
#6707 = ORIENTED_EDGE ( 'NONE', *, *, #4946, .F. ) ;
#6708 = ORIENTED_EDGE ( 'NONE', *, *, #183, .F. ) ;
#6709 = COLOUR_RGB ( '',0.7764705882352941346, 0.7568627450980391913, 0.7372549019607843590 ) ;
#6710 =( NAMED_UNIT ( * ) PLANE_ANGLE_UNIT ( ) SI_UNIT ( $, .RADIAN. ) );
#6711 = FACE_OUTER_BOUND ( 'NONE', #2123, .T. ) ;
#6712 =( NAMED_UNIT ( * ) SI_UNIT ( $, .STERADIAN. ) SOLID_ANGLE_UNIT ( ) );
#6713 =( NAMED_UNIT ( * ) PLANE_ANGLE_UNIT ( ) SI_UNIT ( $, .RADIAN. ) );
#6714 = PRESENTATION_LAYER_ASSIGNMENT (  '', '', ( #1467 ) ) ;
#6715 = LINE ( 'NONE', #1024, #3324 ) ;
#6716 = EDGE_LOOP ( 'NONE', ( #5490, #2598, #820, #735 ) ) ;
#6717 = CARTESIAN_POINT ( 'NONE',  ( -2.449999999999999289, -2.299999999999999822, 0.3499999999999999778 ) ) ;
#6718 = MECHANICAL_DESIGN_GEOMETRIC_PRESENTATION_REPRESENTATION (  '', ( #6269 ), #899 ) ;
#6719 = DIRECTION ( 'NONE',  ( 1.000000000000000000, 1.587581752568060684E-15, 0.0000000000000000000 ) ) ;
#6720 =( GEOMETRIC_REPRESENTATION_CONTEXT ( 3 ) GLOBAL_UNCERTAINTY_ASSIGNED_CONTEXT ( ( #3666 ) ) GLOBAL_UNIT_ASSIGNED_CONTEXT ( ( #6963, #3022, #4994 ) ) REPRESENTATION_CONTEXT ( 'NONE', 'WORKASPACE' ) );
#6721 =( NAMED_UNIT ( * ) SI_UNIT ( $, .STERADIAN. ) SOLID_ANGLE_UNIT ( ) );
#6722 =( NAMED_UNIT ( * ) SI_UNIT ( $, .STERADIAN. ) SOLID_ANGLE_UNIT ( ) );
#6723 = VERTEX_POINT ( 'NONE', #6489 ) ;
#6724 = EDGE_CURVE ( 'NONE', #5715, #3773, #6706, .T. ) ;
#6725 = FACE_OUTER_BOUND ( 'NONE', #4157, .T. ) ;
#6726 = CARTESIAN_POINT ( 'NONE',  ( -0.1999999999999999278, 0.1157469670496683034, 0.3099999999999999978 ) ) ;
#6727 = UNCERTAINTY_MEASURE_WITH_UNIT (LENGTH_MEASURE( 1.000000000000000082E-05 ), #4542, 'distance_accuracy_value', 'NONE');
#6728 = MECHANICAL_DESIGN_GEOMETRIC_PRESENTATION_REPRESENTATION (  '', ( #1824 ), #1061 ) ;
#6729 = DIRECTION ( 'NONE',  ( 0.0000000000000000000, -0.0000000000000000000, 1.000000000000000000 ) ) ;
#6730 = VERTEX_POINT ( 'NONE', #674 ) ;
#6731 = LINE ( 'NONE', #1012, #6923 ) ;
#6732 = CARTESIAN_POINT ( 'NONE',  ( -0.8749999999999995559, -1.225000000000000533, 8.650000000000000355 ) ) ;
#6733 =( GEOMETRIC_REPRESENTATION_CONTEXT ( 3 ) GLOBAL_UNCERTAINTY_ASSIGNED_CONTEXT ( ( #7364 ) ) GLOBAL_UNIT_ASSIGNED_CONTEXT ( ( #3977, #2630, #4035 ) ) REPRESENTATION_CONTEXT ( 'NONE', 'WORKASPACE' ) );
#6734 = ORIENTED_EDGE ( 'NONE', *, *, #7803, .T. ) ;
#6735 = DIRECTION ( 'NONE',  ( 2.168404344971008868E-16, -1.000000000000000000, -0.0000000000000000000 ) ) ;
#6736 = DIRECTION ( 'NONE',  ( -1.000000000000000000, 0.0000000000000000000, 0.0000000000000000000 ) ) ;
#6737 = ADVANCED_FACE ( 'NONE', ( #3940 ), #7181, .T. ) ;
#6738 = ADVANCED_FACE ( 'NONE', ( #3205 ), #2610, .F. ) ;
#6739 = DIRECTION ( 'NONE',  ( -1.000000000000000000, 0.0000000000000000000, 0.0000000000000000000 ) ) ;
#6740 = CARTESIAN_POINT ( 'NONE',  ( -1.499999999999999778, -2.750000000000000444, 0.5000000000000000000 ) ) ;
#6741 = ORIENTED_EDGE ( 'NONE', *, *, #14, .F. ) ;
#6742 = SURFACE_STYLE_USAGE ( .BOTH. , #4677 ) ;
#6743 = PRESENTATION_LAYER_ASSIGNMENT (  '', '', ( #6349 ) ) ;
#6744 = DIRECTION ( 'NONE',  ( 1.000000000000000000, -0.0000000000000000000, -0.0000000000000000000 ) ) ;
#6745 = VERTEX_POINT ( 'NONE', #7872 ) ;
#6746 = CIRCLE ( 'NONE', #4175, 0.07071067811864449604 ) ;
#6747 = SURFACE_STYLE_USAGE ( .BOTH. , #219 ) ;
#6748 = FILL_AREA_STYLE ('',( #1373 ) ) ;
#6749 = EDGE_CURVE ( 'NONE', #4379, #4819, #6080, .T. ) ;
#6750 = EDGE_LOOP ( 'NONE', ( #3338, #232, #7196, #6365 ) ) ;
#6751 = SURFACE_STYLE_FILL_AREA ( #1641 ) ;
#6752 = ORIENTED_EDGE ( 'NONE', *, *, #8479, .T. ) ;
#6753 = DIRECTION ( 'NONE',  ( 0.0000000000000000000, 0.0000000000000000000, -1.000000000000000000 ) ) ;
#6754 = PLANE ( 'NONE',  #3420 ) ;
#6755 = ORIENTED_EDGE ( 'NONE', *, *, #8309, .T. ) ;
#6756 = CARTESIAN_POINT ( 'NONE',  ( -1.349999999999999423, -1.750000000000000222, 7.799999999999999822 ) ) ;
#6757 = CARTESIAN_POINT ( 'NONE',  ( -0.1780487804878048141, -0.08692071587716113101, 0.2999999999999999889 ) ) ;
#6758 = PLANE ( 'NONE',  #2942 ) ;
#6759 = VECTOR ( 'NONE', #320, 1000.000000000000000 ) ;
#6760 = LINE ( 'NONE', #4858, #3374 ) ;
#6761 = DIRECTION ( 'NONE',  ( 0.0000000000000000000, 0.0000000000000000000, -1.000000000000000000 ) ) ;
#6762 = LINE ( 'NONE', #5353, #1877 ) ;
#6763 = DIRECTION ( 'NONE',  ( -1.000000000000000000, -2.168404344971008868E-16, 0.0000000000000000000 ) ) ;
#6764 = ORIENTED_EDGE ( 'NONE', *, *, #3304, .T. ) ;
#6765 = EDGE_CURVE ( 'NONE', #601, #7738, #5882, .T. ) ;
#6766 = SURFACE_STYLE_USAGE ( .BOTH. , #5982 ) ;
#6767 = DIRECTION ( 'NONE',  ( 0.0000000000000000000, -0.0000000000000000000, 1.000000000000000000 ) ) ;
#6768 = DIRECTION ( 'NONE',  ( 0.0000000000000000000, -0.0000000000000000000, 1.000000000000000000 ) ) ;
#6769 = FACE_OUTER_BOUND ( 'NONE', #5558, .T. ) ;
#6770 = CARTESIAN_POINT ( 'NONE',  ( 1.000000000000000000, 3.000000000000000000, 4.289999999999999147 ) ) ;
#6771 = LINE ( 'NONE', #7769, #3384 ) ;
#6772 = SURFACE_STYLE_FILL_AREA ( #6461 ) ;
#6773 = VERTEX_POINT ( 'NONE', #7403 ) ;
#6774 = DIRECTION ( 'NONE',  ( -0.0000000000000000000, -1.000000000000000000, -0.0000000000000000000 ) ) ;
#6775 = PRESENTATION_STYLE_ASSIGNMENT (( #5523 ) ) ;
#6776 = DIRECTION ( 'NONE',  ( 1.322197771323786684E-17, 0.0000000000000000000, 1.000000000000000000 ) ) ;
#6777 = CARTESIAN_POINT ( 'NONE',  ( -1.499999999999999778, 2.750000000000000444, 0.5000000000000000000 ) ) ;
#6778 = VECTOR ( 'NONE', #2253, 1000.000000000000000 ) ;
#6779 = ADVANCED_FACE ( 'NONE', ( #3309 ), #5966, .T. ) ;
#6780 = CARTESIAN_POINT ( 'NONE',  ( -0.01882040389143279854, 0.2930880990023531640, 0.2999999999999999889 ) ) ;
#6781 = PRESENTATION_LAYER_ASSIGNMENT (  '', '', ( #1881 ) ) ;
#6782 = ADVANCED_FACE ( 'NONE', ( #1703 ), #7344, .T. ) ;
#6783 = EDGE_LOOP ( 'NONE', ( #6288, #7068, #7283, #4984 ) ) ;
#6784 = AXIS2_PLACEMENT_3D ( 'NONE', #6681, #1282, #7312 ) ;
#6785 = VERTEX_POINT ( 'NONE', #8032 ) ;
#6786 = COLOUR_RGB ( '',0.4313725490196078649, 0.3529411764705882026, 0.3725490196078431460 ) ;
#6787 = EDGE_CURVE ( 'NONE', #4704, #7922, #4119, .T. ) ;
#6788 = FACE_OUTER_BOUND ( 'NONE', #2684, .T. ) ;
#6789 = EDGE_CURVE ( 'NONE', #2394, #5117, #3092, .T. ) ;
#6790 = DIRECTION ( 'NONE',  ( -0.0000000000000000000, -1.000000000000000000, -0.0000000000000000000 ) ) ;
#6791 = CARTESIAN_POINT ( 'NONE',  ( -0.9749999999999999778, 1.124999999999999778, 7.799999999999999822 ) ) ;
#6792 = VERTEX_POINT ( 'NONE', #3452 ) ;
#6793 = FACE_OUTER_BOUND ( 'NONE', #8398, .T. ) ;
#6794 = VECTOR ( 'NONE', #3490, 1000.000000000000000 ) ;
#6795 = ADVANCED_FACE ( 'NONE', ( #1490 ), #6019, .F. ) ;
#6796 = ORIENTED_EDGE ( 'NONE', *, *, #7759, .T. ) ;
#6797 = SURFACE_STYLE_FILL_AREA ( #6351 ) ;
#6798 =( GEOMETRIC_REPRESENTATION_CONTEXT ( 3 ) GLOBAL_UNCERTAINTY_ASSIGNED_CONTEXT ( ( #4680 ) ) GLOBAL_UNIT_ASSIGNED_CONTEXT ( ( #7584, #6346, #1694 ) ) REPRESENTATION_CONTEXT ( 'NONE', 'WORKASPACE' ) );
#6799 = SURFACE_STYLE_USAGE ( .BOTH. , #5486 ) ;
#6800 = CARTESIAN_POINT ( 'NONE',  ( 2.799999999999999378, 2.900000000000000355, 4.290000000000000036 ) ) ;
#6801 = ORIENTED_EDGE ( 'NONE', *, *, #1831, .F. ) ;
#6802 = FACE_OUTER_BOUND ( 'NONE', #5609, .T. ) ;
#6803 = FACE_BOUND ( 'NONE', #4659, .T. ) ;
#6804 =( LENGTH_UNIT ( ) NAMED_UNIT ( * ) SI_UNIT ( .MILLI., .METRE. ) );
#6805 =( GEOMETRIC_REPRESENTATION_CONTEXT ( 3 ) GLOBAL_UNCERTAINTY_ASSIGNED_CONTEXT ( ( #548 ) ) GLOBAL_UNIT_ASSIGNED_CONTEXT ( ( #1552, #8088, #5459 ) ) REPRESENTATION_CONTEXT ( 'NONE', 'WORKASPACE' ) );
#6806 = CARTESIAN_POINT ( 'NONE',  ( -0.1792204018677653887, 0.1778715522303551677, 0.3099999999999999978 ) ) ;
#6807 = VERTEX_POINT ( 'NONE', #1977 ) ;
#6808 = CARTESIAN_POINT ( 'NONE',  ( -0.2000000000000000111, 0.4230640402204000616, 0.2999999999999999889 ) ) ;
#6809 = CARTESIAN_POINT ( 'NONE',  ( -0.03333333333330235071, 0.1157469670496539399, 0.2999999999999999889 ) ) ;
#6810 = ORIENTED_EDGE ( 'NONE', *, *, #5737, .F. ) ;
#6811 = PRESENTATION_STYLE_ASSIGNMENT (( #407 ) ) ;
#6812 = COLOUR_RGB ( '',0.7764705882352941346, 0.7568627450980391913, 0.7372549019607843590 ) ;
#6813 = CARTESIAN_POINT ( 'NONE',  ( -1.349999999999999867, 1.749999999999999778, 5.500000000000000000 ) ) ;
#6814 = DIRECTION ( 'NONE',  ( 1.000000000000000000, 0.0000000000000000000, -0.0000000000000000000 ) ) ;
#6815 = ORIENTED_EDGE ( 'NONE', *, *, #2178, .F. ) ;
#6816 = AXIS2_PLACEMENT_3D ( 'NONE', #8362, #6398, #6369 ) ;
#6817 = CARTESIAN_POINT ( 'NONE',  ( -0.09197154471544727317, -0.3231757971779742333, 0.3099999999999999978 ) ) ;
#6818 = ORIENTED_EDGE ( 'NONE', *, *, #3344, .F. ) ;
#6819 = CARTESIAN_POINT ( 'NONE',  ( 1.500000000000000000, -3.000000000000000000, 4.289999999999999147 ) ) ;
#6820 = EDGE_CURVE ( 'NONE', #174, #5141, #5481, .T. ) ;
#6821 = CARTESIAN_POINT ( 'NONE',  ( 4.460912291827592746, -2.299999999999999822, -0.001386042793148666626 ) ) ;
#6822 = EDGE_CURVE ( 'NONE', #1584, #5148, #5056, .T. ) ;
#6823 = CARTESIAN_POINT ( 'NONE',  ( 0.0000000000000000000, 0.1547713572935705273, 0.3099999999999999978 ) ) ;
#6824 = CARTESIAN_POINT ( 'NONE',  ( -0.07804878048780491961, -0.2613109597796002270, 0.2999999999999999889 ) ) ;
#6825 = VECTOR ( 'NONE', #3724, 1000.000000000000000 ) ;
#6826 = DIRECTION ( 'NONE',  ( 0.0000000000000000000, -0.0000000000000000000, -1.000000000000000000 ) ) ;
#6827 = CARTESIAN_POINT ( 'NONE',  ( 4.460912291827594522, 0.2999999999999999334, -0.001386042793142161413 ) ) ;
#6828 = LINE ( 'NONE', #7315, #1938 ) ;
#6829 = VECTOR ( 'NONE', #2023, 1000.000000000000000 ) ;
#6830 =( GEOMETRIC_REPRESENTATION_CONTEXT ( 3 ) GLOBAL_UNCERTAINTY_ASSIGNED_CONTEXT ( ( #8359 ) ) GLOBAL_UNIT_ASSIGNED_CONTEXT ( ( #1895, #2618, #2533 ) ) REPRESENTATION_CONTEXT ( 'NONE', 'WORKASPACE' ) );
#6831 = FILL_AREA_STYLE ('',( #3358 ) ) ;
#6832 = PRESENTATION_LAYER_ASSIGNMENT (  '', '', ( #4635 ) ) ;
#6833 = DIRECTION ( 'NONE',  ( -1.000000000000000000, -0.0000000000000000000, 1.322197771323786684E-17 ) ) ;
#6834 = FILL_AREA_STYLE_COLOUR ( '', #3686 ) ;
#6835 = UNCERTAINTY_MEASURE_WITH_UNIT (LENGTH_MEASURE( 1.000000000000000082E-05 ), #37, 'distance_accuracy_value', 'NONE');
#6836 = CARTESIAN_POINT ( 'NONE',  ( -0.09024390243902426223, 0.01818599143991208450, 0.2999999999999999889 ) ) ;
#6837 = ORIENTED_EDGE ( 'NONE', *, *, #1661, .F. ) ;
#6838 = ORIENTED_EDGE ( 'NONE', *, *, #975, .T. ) ;
#6839 = LINE ( 'NONE', #4155, #8079 ) ;
#6840 = CARTESIAN_POINT ( 'NONE',  ( -0.2024390243902438047, 0.2018369060740585474, 0.3099999999999999978 ) ) ;
#6841 =( GEOMETRIC_REPRESENTATION_CONTEXT ( 3 ) GLOBAL_UNCERTAINTY_ASSIGNED_CONTEXT ( ( #1062 ) ) GLOBAL_UNIT_ASSIGNED_CONTEXT ( ( #971, #7652, #1078 ) ) REPRESENTATION_CONTEXT ( 'NONE', 'WORKASPACE' ) );
#6842 = PRESENTATION_STYLE_ASSIGNMENT (( #5967 ) ) ;
#6843 = CARTESIAN_POINT ( 'NONE',  ( -5.945112498541120505E-17, 0.4230640402204000616, 0.2999999999999999889 ) ) ;
#6844 = ORIENTED_EDGE ( 'NONE', *, *, #1776, .F. ) ;
#6845 = EDGE_LOOP ( 'NONE', ( #1161, #1998, #3565, #7062 ) ) ;
#6846 = VECTOR ( 'NONE', #6628, 1000.000000000000000 ) ;
#6847 = ORIENTED_EDGE ( 'NONE', *, *, #8428, .T. ) ;
#6848 = ORIENTED_EDGE ( 'NONE', *, *, #302, .T. ) ;
#6849 = AXIS2_PLACEMENT_3D ( 'NONE', #3843, #7750, #3727 ) ;
#6850 = PRESENTATION_LAYER_ASSIGNMENT (  '', '', ( #7455 ) ) ;
#6851 = LINE ( 'NONE', #193, #7896 ) ;
#6852 = DIRECTION ( 'NONE',  ( -0.0000000000000000000, 0.0000000000000000000, 1.000000000000000000 ) ) ;
#6853 = CARTESIAN_POINT ( 'NONE',  ( -0.1999999999999999278, -0.03059449636496596597, 0.2999999999999999889 ) ) ;
#6854 = COLOUR_RGB ( '',0.4313725490196078649, 0.3529411764705882026, 0.3725490196078431460 ) ;
#6855 = EDGE_CURVE ( 'NONE', #5913, #6901, #1918, .T. ) ;
#6856 = VERTEX_POINT ( 'NONE', #4673 ) ;
#6857 = DIRECTION ( 'NONE',  ( -0.0000000000000000000, -1.000000000000000000, -0.0000000000000000000 ) ) ;
#6858 = CARTESIAN_POINT ( 'NONE',  ( -4.535912291827592924, -2.299999999999999822, 0.2890877081724074205 ) ) ;
#6859 = CYLINDRICAL_SURFACE ( 'NONE', #1755, 0.07071067811865430763 ) ;
#6860 = EDGE_CURVE ( 'NONE', #7810, #6278, #5272, .T. ) ;
#6861 = LINE ( 'NONE', #8285, #5344 ) ;
#6862 = CARTESIAN_POINT ( 'NONE',  ( -0.07415100955989956111, 0.2726440555890137785, 0.3099999999999999978 ) ) ;
#6863 = COLOUR_RGB ( '',0.4313725490196078649, 0.3529411764705882026, 0.3725490196078431460 ) ;
#6864 = PLANE ( 'NONE',  #6898 ) ;
#6865 = ORIENTED_EDGE ( 'NONE', *, *, #4824, .F. ) ;
#6866 = CARTESIAN_POINT ( 'NONE',  ( -0.07804878048780500288, -0.3281935817308196945, 0.3099999999999999978 ) ) ;
#6867 =( NAMED_UNIT ( * ) SI_UNIT ( $, .STERADIAN. ) SOLID_ANGLE_UNIT ( ) );
#6868 = ORIENTED_EDGE ( 'NONE', *, *, #92, .T. ) ;
#6869 = CARTESIAN_POINT ( 'NONE',  ( -0.9749999999999999778, 1.224999999999999645, 9.650000000000000355 ) ) ;
#6870 = VECTOR ( 'NONE', #6384, 1000.000000000000000 ) ;
#6871 = AXIS2_PLACEMENT_3D ( 'NONE', #4080, #7384, #7464 ) ;
#6872 = EDGE_CURVE ( 'NONE', #4323, #2027, #7676, .T. ) ;
#6873 = CARTESIAN_POINT ( 'NONE',  ( -0.02884605855447445327, 0.1618753864160945577, 0.2999999999999999889 ) ) ;
#6874 = CARTESIAN_POINT ( 'NONE',  ( -1.084202172485504434E-16, -0.3574237646576489680, 0.2999999999999999889 ) ) ;
#6875 = ORIENTED_EDGE ( 'NONE', *, *, #2781, .F. ) ;
#6876 = FILL_AREA_STYLE_COLOUR ( '', #6854 ) ;
#6877 = EDGE_CURVE ( 'NONE', #5117, #1206, #7426, .T. ) ;
#6878 = VECTOR ( 'NONE', #4495, 1000.000000000000000 ) ;
#6879 = DIRECTION ( 'NONE',  ( 0.4813095137127779144, 0.8765507127426052092, 0.0000000000000000000 ) ) ;
#6880 = VERTEX_POINT ( 'NONE', #2065 ) ;
#6881 = DIRECTION ( 'NONE',  ( -1.000000000000000000, 0.0000000000000000000, 0.0000000000000000000 ) ) ;
#6882 = CARTESIAN_POINT ( 'NONE',  ( -0.03711406172038384660, -0.1563448834038844992, 0.3099999999999999978 ) ) ;
#6883 = CARTESIAN_POINT ( 'NONE',  ( 2.799999999999999378, 2.900000000000000355, 4.290000000000000036 ) ) ;
#6884 = CARTESIAN_POINT ( 'NONE',  ( -1.499999999999999778, -2.750000000000000444, 0.5000000000000000000 ) ) ;
#6885 = PRESENTATION_LAYER_ASSIGNMENT (  '', '', ( #7776 ) ) ;
#6886 = FILL_AREA_STYLE ('',( #4305 ) ) ;
#6887 = PRESENTATION_LAYER_ASSIGNMENT (  '', '', ( #1228 ) ) ;
#6888 = ORIENTED_EDGE ( 'NONE', *, *, #4349, .T. ) ;
#6889 = CARTESIAN_POINT ( 'NONE',  ( -2.449999999999999289, 0.0000000000000000000, 0.3499999999999999778 ) ) ;
#6890 = EDGE_CURVE ( 'NONE', #5273, #3378, #4036, .T. ) ;
#6891 = ORIENTED_EDGE ( 'NONE', *, *, #1676, .T. ) ;
#6892 = COLOUR_RGB ( '',0.4313725490196078649, 0.3529411764705882026, 0.3725490196078431460 ) ;
#6893 = VECTOR ( 'NONE', #867, 1000.000000000000000 ) ;
#6894 = FILL_AREA_STYLE_COLOUR ( '', #846 ) ;
#6895 = CARTESIAN_POINT ( 'NONE',  ( -0.1780487804878048141, -0.08692071587716113101, 0.3099999999999999978 ) ) ;
#6896 = ORIENTED_EDGE ( 'NONE', *, *, #5661, .F. ) ;
#6897 = LINE ( 'NONE', #1172, #4342 ) ;
#6898 = AXIS2_PLACEMENT_3D ( 'NONE', #5531, #7502, #830 ) ;
#6899 = LINE ( 'NONE', #3863, #1300 ) ;
#6900 = CARTESIAN_POINT ( 'NONE',  ( -0.01951219512195112582, 0.2061051987569851585, 0.2999999999999999889 ) ) ;
#6901 = VERTEX_POINT ( 'NONE', #67 ) ;
#6902 =( LENGTH_UNIT ( ) NAMED_UNIT ( * ) SI_UNIT ( .MILLI., .METRE. ) );
#6903 = EDGE_LOOP ( 'NONE', ( #4084, #2602, #1839, #7001 ) ) ;
#6904 = ADVANCED_FACE ( 'NONE', ( #4230 ), #4869, .F. ) ;
#6905 = DIRECTION ( 'NONE',  ( 1.000000000000000000, 0.0000000000000000000, 0.0000000000000000000 ) ) ;
#6906 = PLANE ( 'NONE',  #8508 ) ;
#6907 = EDGE_CURVE ( 'NONE', #4097, #7341, #3219, .T. ) ;
#6908 = ADVANCED_FACE ( 'NONE', ( #5778 ), #397, .F. ) ;
#6909 = DIRECTION ( 'NONE',  ( -1.000000000000000000, 0.0000000000000000000, 0.0000000000000000000 ) ) ;
#6910 = DIRECTION ( 'NONE',  ( 1.239088197126290817E-16, -1.000000000000000000, 0.0000000000000000000 ) ) ;
#6911 =( NAMED_UNIT ( * ) SI_UNIT ( $, .STERADIAN. ) SOLID_ANGLE_UNIT ( ) );
#6912 = VECTOR ( 'NONE', #249, 1000.000000000000000 ) ;
#6913 = DIRECTION ( 'NONE',  ( 0.0000000000000000000, 1.000000000000000000, 0.0000000000000000000 ) ) ;
#6914 = ORIENTED_EDGE ( 'NONE', *, *, #7229, .F. ) ;
#6915 = DIRECTION ( 'NONE',  ( -1.327594496921025717E-16, 1.000000000000000000, 0.0000000000000000000 ) ) ;
#6916 = STYLED_ITEM ( 'NONE', ( #1186 ), #7871 ) ;
#6917 = DIRECTION ( 'NONE',  ( 0.0000000000000000000, -0.0000000000000000000, 1.000000000000000000 ) ) ;
#6918 = VECTOR ( 'NONE', #7966, 1000.000000000000000 ) ;
#6919 =( LENGTH_UNIT ( ) NAMED_UNIT ( * ) SI_UNIT ( .MILLI., .METRE. ) );
#6920 = CARTESIAN_POINT ( 'NONE',  ( 2.449999999999999289, -1.700000000000000178, 0.3499999999999999778 ) ) ;
#6921 = PLANE ( 'NONE',  #8273 ) ;
#6922 = UNCERTAINTY_MEASURE_WITH_UNIT (LENGTH_MEASURE( 1.000000000000000082E-05 ), #856, 'distance_accuracy_value', 'NONE');
#6923 = VECTOR ( 'NONE', #2351, 1000.000000000000000 ) ;
#6924 = DIRECTION ( 'NONE',  ( -0.0000000000000000000, -1.000000000000000000, -0.0000000000000000000 ) ) ;
#6925 = ORIENTED_EDGE ( 'NONE', *, *, #1283, .T. ) ;
#6926 = CARTESIAN_POINT ( 'NONE',  ( -0.1121951219512194037, 0.08891769875698531111, 0.2999999999999999889 ) ) ;
#6927 = DIRECTION ( 'NONE',  ( 0.0000000000000000000, -0.0000000000000000000, -1.000000000000000000 ) ) ;
#6928 = CARTESIAN_POINT ( 'NONE',  ( -1.092076380707581558E-16, -0.3866920573405758232, 0.2999999999999999889 ) ) ;
#6929 = PRESENTATION_LAYER_ASSIGNMENT (  '', '', ( #3689 ) ) ;
#6930 = FILL_AREA_STYLE_COLOUR ( '', #3740 ) ;
#6931 = CARTESIAN_POINT ( 'NONE',  ( 4.535912291827596476, 2.299999999999999822, 0.2890877081724208542 ) ) ;
#6932 = VECTOR ( 'NONE', #6574, 1000.000000000000000 ) ;
#6933 =( GEOMETRIC_REPRESENTATION_CONTEXT ( 3 ) GLOBAL_UNCERTAINTY_ASSIGNED_CONTEXT ( ( #3557 ) ) GLOBAL_UNIT_ASSIGNED_CONTEXT ( ( #6069, #5401, #8029 ) ) REPRESENTATION_CONTEXT ( 'NONE', 'WORKASPACE' ) );
#6934 = ORIENTED_EDGE ( 'NONE', *, *, #703, .T. ) ;
#6935 = CARTESIAN_POINT ( 'NONE',  ( -0.02736567290923758861, -0.1110006450758283525, 0.3099999999999999978 ) ) ;
#6936 = PLANE ( 'NONE',  #451 ) ;
#6937 = CARTESIAN_POINT ( 'NONE',  ( -0.9749999999999996447, -1.225000000000000533, 9.650000000000000355 ) ) ;
#6938 = CARTESIAN_POINT ( 'NONE',  ( 2.400000000000013234, 1.700000000000000178, 0.3000000000000001554 ) ) ;
#6939 = CARTESIAN_POINT ( 'NONE',  ( -0.03231707317073160418, 0.1547713572935704718, 0.2999999999999999889 ) ) ;
#6940 = EDGE_CURVE ( 'NONE', #5813, #3917, #6275, .T. ) ;
#6941 = EDGE_LOOP ( 'NONE', ( #2881, #1878, #500, #7691 ) ) ;
#6942 = VERTEX_POINT ( 'NONE', #3567 ) ;
#6943 = VECTOR ( 'NONE', #3192, 1000.000000000000000 ) ;
#6944 = ORIENTED_EDGE ( 'NONE', *, *, #4183, .F. ) ;
#6945 = CARTESIAN_POINT ( 'NONE',  ( -2.410912291827593812, -1.700000000000000178, -0.001386042793148666626 ) ) ;
#6946 = AXIS2_PLACEMENT_3D ( 'NONE', #4169, #187, #919 ) ;
#6947 = CARTESIAN_POINT ( 'NONE',  ( -4.150912291827595801, -2.299999999999999822, -0.001386042793148558206 ) ) ;
#6948 = AXIS2_PLACEMENT_3D ( 'NONE', #738, #6001, #2021 ) ;
#6949 = ADVANCED_FACE ( 'NONE', ( #801 ), #2831, .F. ) ;
#6950 = CARTESIAN_POINT ( 'NONE',  ( -4.150912291827595801, 0.9999999999999986677, 9.650000000000000355 ) ) ;
#6951 = CARTESIAN_POINT ( 'NONE',  ( -0.1804878048780486910, 0.2016082475374731120, 0.2999999999999999889 ) ) ;
#6952 = CARTESIAN_POINT ( 'NONE',  ( -0.04674796747967490534, -0.3405601975844781970, 0.3099999999999999978 ) ) ;
#6953 = ADVANCED_FACE ( 'NONE', ( #4546 ), #8327, .T. ) ;
#6954 = ORIENTED_EDGE ( 'NONE', *, *, #7110, .T. ) ;
#6955 = EDGE_LOOP ( 'NONE', ( #7402, #8058, #3908, #793 ) ) ;
#6956 = VECTOR ( 'NONE', #4830, 1000.000000000000000 ) ;
#6957 = STYLED_ITEM ( 'NONE', ( #2878 ), #6949 ) ;
#6958 = SURFACE_STYLE_FILL_AREA ( #6988 ) ;
#6959 = VERTEX_POINT ( 'NONE', #6824 ) ;
#6960 =( NAMED_UNIT ( * ) PLANE_ANGLE_UNIT ( ) SI_UNIT ( $, .RADIAN. ) );
#6961 = SURFACE_SIDE_STYLE ('',( #5998 ) ) ;
#6962 = SURFACE_STYLE_USAGE ( .BOTH. , #4300 ) ;
#6963 =( LENGTH_UNIT ( ) NAMED_UNIT ( * ) SI_UNIT ( .MILLI., .METRE. ) );
#6964 = VECTOR ( 'NONE', #5727, 1000.000000000000000 ) ;
#6965 = CARTESIAN_POINT ( 'NONE',  ( -0.1825005441917567639, -0.1756963062883392102, 0.2999999999999999889 ) ) ;
#6966 = AXIS2_PLACEMENT_3D ( 'NONE', #2251, #5597, #300 ) ;
#6967 = ORIENTED_EDGE ( 'NONE', *, *, #5923, .F. ) ;
#6968 = EDGE_CURVE ( 'NONE', #4275, #5280, #4327, .T. ) ;
#6969 = EDGE_LOOP ( 'NONE', ( #3582, #3637, #7292, #2723 ) ) ;
#6970 =( LENGTH_UNIT ( ) NAMED_UNIT ( * ) SI_UNIT ( .MILLI., .METRE. ) );
#6971 = VECTOR ( 'NONE', #3204, 1000.000000000000114 ) ;
#6972 = FILL_AREA_STYLE ('',( #6286 ) ) ;
#6973 = DIRECTION ( 'NONE',  ( 0.0000000000000000000, 1.000000000000000000, -0.0000000000000000000 ) ) ;
#6974 = VECTOR ( 'NONE', #4221, 1000.000000000000000 ) ;
#6975 = CARTESIAN_POINT ( 'NONE',  ( 0.0000000000000000000, 0.0000000000000000000, 0.3099999999999999978 ) ) ;
#6976 = CARTESIAN_POINT ( 'NONE',  ( -1.500000000000000000, 2.999999999999999112, 0.5000000000000000000 ) ) ;
#6977 = FILL_AREA_STYLE_COLOUR ( '', #5036 ) ;
#6978 = VERTEX_POINT ( 'NONE', #7048 ) ;
#6979 = ORIENTED_EDGE ( 'NONE', *, *, #3581, .T. ) ;
#6980 = CIRCLE ( 'NONE', #5626, 0.07071067811865430763 ) ;
#6981 =( GEOMETRIC_REPRESENTATION_CONTEXT ( 3 ) GLOBAL_UNCERTAINTY_ASSIGNED_CONTEXT ( ( #2322 ) ) GLOBAL_UNIT_ASSIGNED_CONTEXT ( ( #5416, #2166, #854 ) ) REPRESENTATION_CONTEXT ( 'NONE', 'WORKASPACE' ) );
#6982 = COLOUR_RGB ( '',1.000000000000000000, 1.000000000000000000, 1.000000000000000000 ) ;
#6983 = UNCERTAINTY_MEASURE_WITH_UNIT (LENGTH_MEASURE( 1.000000000000000082E-05 ), #3541, 'distance_accuracy_value', 'NONE');
#6984 = EDGE_CURVE ( 'NONE', #6666, #5828, #8033, .T. ) ;
#6985 = MECHANICAL_DESIGN_GEOMETRIC_PRESENTATION_REPRESENTATION (  '', ( #51 ), #1753 ) ;
#6986 = ORIENTED_EDGE ( 'NONE', *, *, #6992, .F. ) ;
#6987 = CARTESIAN_POINT ( 'NONE',  ( 4.150912291827595801, -2.299999999999999822, 7.799999999999999822 ) ) ;
#6988 = FILL_AREA_STYLE ('',( #290 ) ) ;
#6989 =( GEOMETRIC_REPRESENTATION_CONTEXT ( 3 ) GLOBAL_UNCERTAINTY_ASSIGNED_CONTEXT ( ( #847 ) ) GLOBAL_UNIT_ASSIGNED_CONTEXT ( ( #633, #666, #5276 ) ) REPRESENTATION_CONTEXT ( 'NONE', 'WORKASPACE' ) );
#6990 = SURFACE_SIDE_STYLE ('',( #3408 ) ) ;
#6991 = ORIENTED_EDGE ( 'NONE', *, *, #7870, .F. ) ;
#6992 = EDGE_CURVE ( 'NONE', #2864, #7404, #4742, .T. ) ;
#6993 =( NAMED_UNIT ( * ) SI_UNIT ( $, .STERADIAN. ) SOLID_ANGLE_UNIT ( ) );
#6994 = FILL_AREA_STYLE ('',( #6930 ) ) ;
#6995 = CARTESIAN_POINT ( 'NONE',  ( 4.150912291827595801, -0.2999999999999999334, 0.2890877081724139153 ) ) ;
#6996 =( NAMED_UNIT ( * ) SI_UNIT ( $, .STERADIAN. ) SOLID_ANGLE_UNIT ( ) );
#6997 = ADVANCED_FACE ( 'NONE', ( #2767 ), #1911, .T. ) ;
#6998 = VECTOR ( 'NONE', #7261, 1000.000000000000000 ) ;
#6999 = CARTESIAN_POINT ( 'NONE',  ( -0.1756097560975611038, -0.2943521183161854626, 0.2999999999999999889 ) ) ;
#7000 = CARTESIAN_POINT ( 'NONE',  ( 2.410912291827595588, 0.2999999999999999334, -0.001386042793142161413 ) ) ;
#7001 = ORIENTED_EDGE ( 'NONE', *, *, #2260, .T. ) ;
#7002 = SURFACE_STYLE_FILL_AREA ( #3323 ) ;
#7003 = CARTESIAN_POINT ( 'NONE',  ( -2.034017743893765662, 1.116868741266024312, 4.289999999999999147 ) ) ;
#7004 = SURFACE_STYLE_FILL_AREA ( #8023 ) ;
#7005 = AXIS2_PLACEMENT_3D ( 'NONE', #5355, #4055, #2017 ) ;
#7006 = EDGE_CURVE ( 'NONE', #3576, #5307, #2226, .T. ) ;
#7007 = CARTESIAN_POINT ( 'NONE',  ( -0.1976576688199392640, 0.2271120615075461757, 0.3099999999999999978 ) ) ;
#7008 = DIRECTION ( 'NONE',  ( 0.0000000000000000000, 0.0000000000000000000, 1.000000000000000000 ) ) ;
#7009 = ORIENTED_EDGE ( 'NONE', *, *, #6306, .T. ) ;
#7010 = DIRECTION ( 'NONE',  ( -1.000000000000000000, 0.0000000000000000000, 0.0000000000000000000 ) ) ;
#7011 = ORIENTED_EDGE ( 'NONE', *, *, #4185, .T. ) ;
#7012 =( LENGTH_UNIT ( ) NAMED_UNIT ( * ) SI_UNIT ( .MILLI., .METRE. ) );
#7013 = CARTESIAN_POINT ( 'NONE',  ( 0.9750000000000001998, -1.125000000000000444, 8.650000000000000355 ) ) ;
#7014 = CARTESIAN_POINT ( 'NONE',  ( -2.899999999999999911, -2.900000000000000799, 5.500000000000000000 ) ) ;
#7015 =( GEOMETRIC_REPRESENTATION_CONTEXT ( 3 ) GLOBAL_UNCERTAINTY_ASSIGNED_CONTEXT ( ( #5550 ) ) GLOBAL_UNIT_ASSIGNED_CONTEXT ( ( #3548, #2106, #1448 ) ) REPRESENTATION_CONTEXT ( 'NONE', 'WORKASPACE' ) );
#7016 = MECHANICAL_DESIGN_GEOMETRIC_PRESENTATION_REPRESENTATION (  '', ( #4377 ), #8521 ) ;
#7017 = ORIENTED_EDGE ( 'NONE', *, *, #7266, .F. ) ;
#7018 = ORIENTED_EDGE ( 'NONE', *, *, #1904, .T. ) ;
#7019 = VECTOR ( 'NONE', #2608, 1000.000000000000000 ) ;
#7020 = CARTESIAN_POINT ( 'NONE',  ( 2.449999999999999289, 0.0000000000000000000, 0.3499999999999999778 ) ) ;
#7021 = CARTESIAN_POINT ( 'NONE',  ( -0.1025152439024390044, -0.1915701061210637046, 0.2999999999999999889 ) ) ;
#7022 = DIRECTION ( 'NONE',  ( 0.0000000000000000000, 1.000000000000000000, 0.0000000000000000000 ) ) ;
#7023 = ORIENTED_EDGE ( 'NONE', *, *, #6478, .T. ) ;
#7024 = CARTESIAN_POINT ( 'NONE',  ( -0.1676829268292681641, 0.1547713572935706106, 0.3099999999999999978 ) ) ;
#7025 = FILL_AREA_STYLE ('',( #3085 ) ) ;
#7026 = EDGE_CURVE ( 'NONE', #5779, #6165, #2020, .T. ) ;
#7027 = EDGE_CURVE ( 'NONE', #1044, #3325, #8451, .T. ) ;
#7028 = CARTESIAN_POINT ( 'NONE',  ( -0.1636098699107395305, -0.2917572693919503468, 0.2999999999999999889 ) ) ;
#7029 = CARTESIAN_POINT ( 'NONE',  ( 0.8749999999999998890, 1.124999999999999778, 7.799999999999999822 ) ) ;
#7030 = SURFACE_SIDE_STYLE ('',( #294 ) ) ;
#7031 = ORIENTED_EDGE ( 'NONE', *, *, #7693, .F. ) ;
#7032 = CYLINDRICAL_SURFACE ( 'NONE', #7346, 0.07071067811865430763 ) ;
#7033 = COLOUR_RGB ( '',0.4313725490196078649, 0.3529411764705882026, 0.3725490196078431460 ) ;
#7034 =( GEOMETRIC_REPRESENTATION_CONTEXT ( 3 ) GLOBAL_UNCERTAINTY_ASSIGNED_CONTEXT ( ( #3172 ) ) GLOBAL_UNIT_ASSIGNED_CONTEXT ( ( #8199, #261, #2206 ) ) REPRESENTATION_CONTEXT ( 'NONE', 'WORKASPACE' ) );
#7035 = DIRECTION ( 'NONE',  ( -0.0000000000000000000, -0.0000000000000000000, -1.000000000000000000 ) ) ;
#7036 = EDGE_CURVE ( 'NONE', #2471, #373, #1698, .T. ) ;
#7037 = PLANE ( 'NONE',  #3972 ) ;
#7038 = ORIENTED_EDGE ( 'NONE', *, *, #7521, .T. ) ;
#7039 = VERTEX_POINT ( 'NONE', #3808 ) ;
#7040 =( NAMED_UNIT ( * ) PLANE_ANGLE_UNIT ( ) SI_UNIT ( $, .RADIAN. ) );
#7041 = MECHANICAL_DESIGN_GEOMETRIC_PRESENTATION_REPRESENTATION (  '', ( #2947 ), #683 ) ;
#7042 = SURFACE_STYLE_FILL_AREA ( #3292 ) ;
#7043 = EDGE_CURVE ( 'NONE', #3379, #7884, #8466, .T. ) ;
#7045 = ORIENTED_EDGE ( 'NONE', *, *, #7311, .T. ) ;
#7044 = FILL_AREA_STYLE ('',( #1129 ) ) ;
#7046 = CARTESIAN_POINT ( 'NONE',  ( -0.02195121951219501655, -0.08581553295033207684, 0.2999999999999999889 ) ) ;
#7047 = ORIENTED_EDGE ( 'NONE', *, *, #286, .F. ) ;
#7048 = CARTESIAN_POINT ( 'NONE',  ( -0.1121951219512194176, 0.01818599143991210185, 0.3099999999999999978 ) ) ;
#7049 = DIRECTION ( 'NONE',  ( -1.000000000000000000, 0.0000000000000000000, 0.0000000000000000000 ) ) ;
#7050 =( GEOMETRIC_REPRESENTATION_CONTEXT ( 3 ) GLOBAL_UNCERTAINTY_ASSIGNED_CONTEXT ( ( #1925 ) ) GLOBAL_UNIT_ASSIGNED_CONTEXT ( ( #539, #7168, #2547 ) ) REPRESENTATION_CONTEXT ( 'NONE', 'WORKASPACE' ) );
#7051 = DIRECTION ( 'NONE',  ( 0.0000000000000000000, 0.0000000000000000000, -1.000000000000000000 ) ) ;
#7052 = CARTESIAN_POINT ( 'NONE',  ( -0.1718225138095084703, 0.1630595889805083742, 0.3099999999999999978 ) ) ;
#7053 =( GEOMETRIC_REPRESENTATION_CONTEXT ( 3 ) GLOBAL_UNCERTAINTY_ASSIGNED_CONTEXT ( ( #4937 ) ) GLOBAL_UNIT_ASSIGNED_CONTEXT ( ( #7476, #2266, #2294 ) ) REPRESENTATION_CONTEXT ( 'NONE', 'WORKASPACE' ) );
#7054 = ORIENTED_EDGE ( 'NONE', *, *, #2502, .T. ) ;
#7055 = SURFACE_SIDE_STYLE ('',( #8419 ) ) ;
#7056 =( NAMED_UNIT ( * ) SI_UNIT ( $, .STERADIAN. ) SOLID_ANGLE_UNIT ( ) );
#7057 = SURFACE_STYLE_FILL_AREA ( #6166 ) ;
#7058 = VECTOR ( 'NONE', #3906, 1000.000000000000000 ) ;
#7059 = ORIENTED_EDGE ( 'NONE', *, *, #3733, .T. ) ;
#7060 = AXIS2_PLACEMENT_3D ( 'NONE', #5807, #3274, #597 ) ;
#7061 = CARTESIAN_POINT ( 'NONE',  ( -0.02095757235475189870, 0.1780205318248705149, 0.3099999999999999978 ) ) ;
#7062 = ORIENTED_EDGE ( 'NONE', *, *, #198, .F. ) ;
#7063 = PRESENTATION_LAYER_ASSIGNMENT (  '', '', ( #2757 ) ) ;
#7064 = DIRECTION ( 'NONE',  ( -1.000000000000000000, -0.0000000000000000000, -0.0000000000000000000 ) ) ;
#7065 = DIRECTION ( 'NONE',  ( 0.0000000000000000000, 0.0000000000000000000, -1.000000000000000000 ) ) ;
#7066 = EDGE_CURVE ( 'NONE', #6689, #3312, #475, .T. ) ;
#7067 = VERTEX_POINT ( 'NONE', #3141 ) ;
#7068 = ORIENTED_EDGE ( 'NONE', *, *, #4253, .T. ) ;
#7069 = DIRECTION ( 'NONE',  ( -0.9315776194850606817, 0.3635424856527053605, 0.0000000000000000000 ) ) ;
#7070 = CARTESIAN_POINT ( 'NONE',  ( -0.02865816559150048681, 0.1547713572935704718, 0.2999999999999999889 ) ) ;
#7071 = AXIS2_PLACEMENT_3D ( 'NONE', #5538, #842, #4891 ) ;
#7072 = LINE ( 'NONE', #8482, #5352 ) ;
#7073 = DIRECTION ( 'NONE',  ( -0.0000000000000000000, -0.0000000000000000000, -1.000000000000000000 ) ) ;
#7074 = PLANE ( 'NONE',  #5186 ) ;
#7075 = ADVANCED_FACE ( 'NONE', ( #5975 ), #5701, .T. ) ;
#7076 =( NAMED_UNIT ( * ) SI_UNIT ( $, .STERADIAN. ) SOLID_ANGLE_UNIT ( ) );
#7077 = CARTESIAN_POINT ( 'NONE',  ( -0.1676829268292681641, 0.1547713572935706106, 0.3099999999999999978 ) ) ;
#7078 = ORIENTED_EDGE ( 'NONE', *, *, #7417, .T. ) ;
#7079 = SURFACE_STYLE_USAGE ( .BOTH. , #6394 ) ;
#7080 =( NAMED_UNIT ( * ) SI_UNIT ( $, .STERADIAN. ) SOLID_ANGLE_UNIT ( ) );
#7081 = FACE_OUTER_BOUND ( 'NONE', #6845, .T. ) ;
#7082 = CARTESIAN_POINT ( 'NONE',  ( -0.1641935704285157338, -0.2974633675790516740, 0.2999999999999999889 ) ) ;
#7083 = DIRECTION ( 'NONE',  ( -0.0000000000000000000, -0.0000000000000000000, -1.000000000000000000 ) ) ;
#7084 = PRESENTATION_LAYER_ASSIGNMENT (  '', '', ( #5773 ) ) ;
#7085 = B_SPLINE_CURVE_WITH_KNOTS ( 'NONE', 3,
 ( #2499, #2440, #4682, #709, #8066 ),
 .UNSPECIFIED., .F., .F.,
 ( 4, 1, 4 ),
 ( 0.0000000000000000000, 0.4999999999999994449, 0.9999951190476183971 ),
 .UNSPECIFIED. ) ;
#7086 = PRESENTATION_LAYER_ASSIGNMENT (  '', '', ( #2947 ) ) ;
#7087 = ORIENTED_EDGE ( 'NONE', *, *, #6641, .T. ) ;
#7088 = PRESENTATION_STYLE_ASSIGNMENT (( #3671 ) ) ;
#7089 = DIRECTION ( 'NONE',  ( -0.0000000000000000000, -1.000000000000000000, -0.0000000000000000000 ) ) ;
#7090 = EDGE_LOOP ( 'NONE', ( #647, #1119, #7524, #2760 ) ) ;
#7091 = FACE_OUTER_BOUND ( 'NONE', #1405, .T. ) ;
#7092 = VECTOR ( 'NONE', #7537, 1000.000000000000000 ) ;
#7093 = PRESENTATION_STYLE_ASSIGNMENT (( #3218 ) ) ;
#7094 = CARTESIAN_POINT ( 'NONE',  ( -0.09024390243902426223, 0.01818599143991208450, 0.2999999999999999889 ) ) ;
#7095 = CARTESIAN_POINT ( 'NONE',  ( 4.622022147969436571E-14, 0.09786078818785519384, 0.2999999999999999889 ) ) ;
#7096 = UNCERTAINTY_MEASURE_WITH_UNIT (LENGTH_MEASURE( 1.000000000000000082E-05 ), #3517, 'distance_accuracy_value', 'NONE');
#7097 = CARTESIAN_POINT ( 'NONE',  ( -0.03231707317073160418, 0.1547713572935704718, 0.3099999999999999978 ) ) ;
#7098 =( NAMED_UNIT ( * ) SI_UNIT ( $, .STERADIAN. ) SOLID_ANGLE_UNIT ( ) );
#7099 = CARTESIAN_POINT ( 'NONE',  ( -2.899999999999999911, -2.900000000000000799, 4.290000000000000036 ) ) ;
#7100 = LINE ( 'NONE', #1303, #1183 ) ;
#7101 = VERTEX_POINT ( 'NONE', #8504 ) ;
#7102 = LINE ( 'NONE', #4614, #1585 ) ;
#7103 = LINE ( 'NONE', #2033, #1586 ) ;
#7104 = FILL_AREA_STYLE ('',( #8267 ) ) ;
#7105 =( GEOMETRIC_REPRESENTATION_CONTEXT ( 3 ) GLOBAL_UNCERTAINTY_ASSIGNED_CONTEXT ( ( #4401 ) ) GLOBAL_UNIT_ASSIGNED_CONTEXT ( ( #8274, #4326, #6996 ) ) REPRESENTATION_CONTEXT ( 'NONE', 'WORKASPACE' ) );
#7106 = SURFACE_SIDE_STYLE ('',( #2091 ) ) ;
#7107 = SURFACE_SIDE_STYLE ('',( #2190 ) ) ;
#7108 = AXIS2_PLACEMENT_3D ( 'NONE', #1489, #158, #8004 ) ;
#7109 =( LENGTH_UNIT ( ) NAMED_UNIT ( * ) SI_UNIT ( .MILLI., .METRE. ) );
#7110 = EDGE_CURVE ( 'NONE', #4982, #1421, #3831, .T. ) ;
#7111 = PLANE ( 'NONE',  #7388 ) ;
#7112 = ORIENTED_EDGE ( 'NONE', *, *, #5370, .F. ) ;
#7113 =( LENGTH_UNIT ( ) NAMED_UNIT ( * ) SI_UNIT ( .MILLI., .METRE. ) );
#7114 = DIRECTION ( 'NONE',  ( 0.0000000000000000000, 0.0000000000000000000, -1.000000000000000000 ) ) ;
#7115 = CARTESIAN_POINT ( 'NONE',  ( -0.1682119218709047515, -0.2931356558383235722, 0.3099999999999999978 ) ) ;
#7116 = CARTESIAN_POINT ( 'NONE',  ( -1.054909488602984169, -2.899999999999999023, 4.289999999999999147 ) ) ;
#7117 = VECTOR ( 'NONE', #5431, 1000.000000000000000 ) ;
#7118 = CARTESIAN_POINT ( 'NONE',  ( -0.1999999999999999556, 0.3962347719277171110, 0.2999999999999999889 ) ) ;
#7119 = ORIENTED_EDGE ( 'NONE', *, *, #3146, .F. ) ;
#7120 = STYLED_ITEM ( 'NONE', ( #5527 ), #5428 ) ;
#7121 = ORIENTED_EDGE ( 'NONE', *, *, #730, .F. ) ;
#7122 = PRESENTATION_LAYER_ASSIGNMENT (  '', '', ( #4314 ) ) ;
#7123 = VECTOR ( 'NONE', #1288, 1000.000000000000000 ) ;
#7124 = ORIENTED_EDGE ( 'NONE', *, *, #2996, .F. ) ;
#7125 = ADVANCED_FACE ( 'NONE', ( #2869 ), #3402, .F. ) ;
#7126 = FILL_AREA_STYLE_COLOUR ( '', #1898 ) ;
#7127 = B_SPLINE_CURVE_WITH_KNOTS ( 'NONE', 3,
 ( #2232, #962, #2205, #7533, #284 ),
 .UNSPECIFIED., .F., .F.,
 ( 4, 1, 4 ),
 ( 0.0000000000000000000, 0.5000000000010270673, 0.9999772222222222950 ),
 .UNSPECIFIED. ) ;
#7128 = STYLED_ITEM ( 'NONE', ( #8152 ), #6697 ) ;
#7129 = STYLED_ITEM ( 'NONE', ( #4352 ), #3330 ) ;
#7130 = ORIENTED_EDGE ( 'NONE', *, *, #5955, .F. ) ;
#7131 = DIRECTION ( 'NONE',  ( -0.0000000000000000000, -1.000000000000000000, -0.0000000000000000000 ) ) ;
#7132 = DIRECTION ( 'NONE',  ( 0.4813095137127779144, 0.8765507127426052092, 0.0000000000000000000 ) ) ;
#7133 = SURFACE_STYLE_FILL_AREA ( #6831 ) ;
#7134 = DIRECTION ( 'NONE',  ( 0.0000000000000000000, -0.0000000000000000000, -1.000000000000000000 ) ) ;
#7135 = DIRECTION ( 'NONE',  ( 0.0000000000000000000, -0.0000000000000000000, -1.000000000000000000 ) ) ;
#7136 = MECHANICAL_DESIGN_GEOMETRIC_PRESENTATION_REPRESENTATION (  '', ( #6253 ), #8478 ) ;
#7137 = CARTESIAN_POINT ( 'NONE',  ( 4.535912291827594700, -0.2999999999999999334, 0.2890877081724139153 ) ) ;
#7138 = ORIENTED_EDGE ( 'NONE', *, *, #4992, .T. ) ;
#7139 = ORIENTED_EDGE ( 'NONE', *, *, #4643, .T. ) ;
#7140 = EDGE_CURVE ( 'NONE', #6745, #6666, #6176, .T. ) ;
#7141 = EDGE_CURVE ( 'NONE', #4412, #3293, #4736, .T. ) ;
#7142 =( LENGTH_UNIT ( ) NAMED_UNIT ( * ) SI_UNIT ( .MILLI., .METRE. ) );
#7143 =( NAMED_UNIT ( * ) PLANE_ANGLE_UNIT ( ) SI_UNIT ( $, .RADIAN. ) );
#7144 = SURFACE_STYLE_FILL_AREA ( #3973 ) ;
#7145 = DIRECTION ( 'NONE',  ( 1.000000000000000000, 0.0000000000000000000, 0.0000000000000000000 ) ) ;
#7146 = FILL_AREA_STYLE_COLOUR ( '', #6085 ) ;
#7147 = ORIENTED_EDGE ( 'NONE', *, *, #7940, .F. ) ;
#7148 = CARTESIAN_POINT ( 'NONE',  ( 1.054909488602983725, -2.899999999999999911, 4.289999999999999147 ) ) ;
#7149 =( NAMED_UNIT ( * ) PLANE_ANGLE_UNIT ( ) SI_UNIT ( $, .RADIAN. ) );
#7150 = VECTOR ( 'NONE', #359, 1000.000000000000000 ) ;
#7151 = PRESENTATION_LAYER_ASSIGNMENT (  '', '', ( #4171 ) ) ;
#7152 = DIRECTION ( 'NONE',  ( 0.0000000000000000000, -1.000000000000000000, 0.0000000000000000000 ) ) ;
#7153 = DIRECTION ( 'NONE',  ( -9.260893556647002578E-16, 1.000000000000000000, 0.0000000000000000000 ) ) ;
#7154 = CARTESIAN_POINT ( 'NONE',  ( 2.449999999999999289, 1.700000000000000178, 0.3499999999999999778 ) ) ;
#7155 = EDGE_CURVE ( 'NONE', #1584, #7935, #7100, .T. ) ;
#7156 = DIRECTION ( 'NONE',  ( -0.0000000000000000000, -0.0000000000000000000, -1.000000000000000000 ) ) ;
#7157 = PRESENTATION_STYLE_ASSIGNMENT (( #489 ) ) ;
#7158 = ORIENTED_EDGE ( 'NONE', *, *, #1085, .F. ) ;
#7159 = MECHANICAL_DESIGN_GEOMETRIC_PRESENTATION_REPRESENTATION (  '', ( #4634 ), #4351 ) ;
#7160 =( NAMED_UNIT ( * ) SI_UNIT ( $, .STERADIAN. ) SOLID_ANGLE_UNIT ( ) );
#7161 = CARTESIAN_POINT ( 'NONE',  ( 1.500000000000000000, -2.750000000000000444, 0.5000000000000000000 ) ) ;
#7162 = ORIENTED_EDGE ( 'NONE', *, *, #800, .F. ) ;
#7163 = SURFACE_STYLE_FILL_AREA ( #572 ) ;
#7164 = PRESENTATION_LAYER_ASSIGNMENT (  '', '', ( #53 ) ) ;
#7165 = ORIENTED_EDGE ( 'NONE', *, *, #5400, .T. ) ;
#7166 = DIRECTION ( 'NONE',  ( -1.000000000000000000, 0.0000000000000000000, 0.0000000000000000000 ) ) ;
#7167 = SURFACE_SIDE_STYLE ('',( #1194 ) ) ;
#7168 =( NAMED_UNIT ( * ) PLANE_ANGLE_UNIT ( ) SI_UNIT ( $, .RADIAN. ) );
#7169 = CARTESIAN_POINT ( 'NONE',  ( -0.07804878048780491961, -0.2613109597796002270, 0.2999999999999999889 ) ) ;
#7170 = PLANE ( 'NONE',  #8370 ) ;
#7171 = CARTESIAN_POINT ( 'NONE',  ( 1.449999999999999956, 1.749999999999999778, 5.500000000000000000 ) ) ;
#7172 = DIRECTION ( 'NONE',  ( 1.000000000000000000, 0.0000000000000000000, 0.0000000000000000000 ) ) ;
#7173 = ORIENTED_EDGE ( 'NONE', *, *, #3056, .F. ) ;
#7174 = EDGE_LOOP ( 'NONE', ( #250, #764, #6608, #6047 ) ) ;
#7175 = ADVANCED_FACE ( 'NONE', ( #2968 ), #6630, .T. ) ;
#7176 = AXIS2_PLACEMENT_3D ( 'NONE', #7818, #5173, #3852 ) ;
#7177 = SURFACE_STYLE_USAGE ( .BOTH. , #3788 ) ;
#7178 = CARTESIAN_POINT ( 'NONE',  ( 4.475347096579661155E-14, -0.03059449636494268945, 0.2999999999999999889 ) ) ;
#7179 = AXIS2_PLACEMENT_3D ( 'NONE', #4142, #6852, #7517 ) ;
#7180 = VECTOR ( 'NONE', #5139, 1000.000000000000000 ) ;
#7181 = PLANE ( 'NONE',  #2590 ) ;
#7182 = VECTOR ( 'NONE', #3673, 1000.000000000000000 ) ;
#7183 =( LENGTH_UNIT ( ) NAMED_UNIT ( * ) SI_UNIT ( .MILLI., .METRE. ) );
#7184 = LINE ( 'NONE', #2728, #6570 ) ;
#7185 = CARTESIAN_POINT ( 'NONE',  ( -0.9750000000000010880, 0.9999999999999988898, 9.650000000000000355 ) ) ;
#7186 = VERTEX_POINT ( 'NONE', #7830 ) ;
#7187 = EDGE_CURVE ( 'NONE', #506, #3238, #5156, .T. ) ;
#7188 = VECTOR ( 'NONE', #4211, 1000.000000000000000 ) ;
#7189 = DIRECTION ( 'NONE',  ( 1.000000000000000000, -1.301042606982607530E-14, 0.0000000000000000000 ) ) ;
#7190 = AXIS2_PLACEMENT_3D ( 'NONE', #4228, #230, #4947 ) ;
#7191 = DIRECTION ( 'NONE',  ( -2.168404344971008868E-16, 1.000000000000000000, -0.0000000000000000000 ) ) ;
#7192 = DIRECTION ( 'NONE',  ( -1.000000000000000000, 0.0000000000000000000, 0.0000000000000000000 ) ) ;
#7193 = CARTESIAN_POINT ( 'NONE',  ( -2.799999999999999822, -3.000000000000000000, 4.299999999999999822 ) ) ;
#7194 = PRESENTATION_LAYER_ASSIGNMENT (  '', '', ( #6185 ) ) ;
#7195 = CARTESIAN_POINT ( 'NONE',  ( -0.1025152439024390044, -0.1915701061210637046, 0.2999999999999999889 ) ) ;
#7196 = ORIENTED_EDGE ( 'NONE', *, *, #1203, .F. ) ;
#7197 = CARTESIAN_POINT ( 'NONE',  ( -4.460912291827594522, -0.2999999999999999334, -0.001386042793142161413 ) ) ;
#7198 = ORIENTED_EDGE ( 'NONE', *, *, #6860, .T. ) ;
#7199 = B_SPLINE_CURVE_WITH_KNOTS ( 'NONE', 3,
 ( #890, #1575, #964, #3501, #2918 ),
 .UNSPECIFIED., .F., .F.,
 ( 4, 1, 4 ),
 ( 0.0000000000000000000, 0.5000000000000000000, 0.9999935666300183712 ),
 .UNSPECIFIED. ) ;
#7200 = PRESENTATION_STYLE_ASSIGNMENT (( #2157 ) ) ;
#7201 = CARTESIAN_POINT ( 'NONE',  ( 1.449999999999999956, 1.749999999999999778, 7.799999999999999822 ) ) ;
#7202 = DIRECTION ( 'NONE',  ( 1.000000000000000000, 0.0000000000000000000, 1.322197771323786684E-17 ) ) ;
#7203 = EDGE_CURVE ( 'NONE', #2613, #7922, #1383, .T. ) ;
#7204 = CARTESIAN_POINT ( 'NONE',  ( 4.475347096579661155E-14, -0.03059449636494268945, 0.2999999999999999889 ) ) ;
#7205 = ORIENTED_EDGE ( 'NONE', *, *, #5289, .T. ) ;
#7206 = DIRECTION ( 'NONE',  ( -0.0000000000000000000, -1.000000000000000000, 0.0000000000000000000 ) ) ;
#7207 = COLOUR_RGB ( '',0.4313725490196078649, 0.3529411764705882026, 0.3725490196078431460 ) ;
#7208 = SURFACE_STYLE_FILL_AREA ( #4815 ) ;
#7209 = DIRECTION ( 'NONE',  ( -1.000000000000000000, -0.0000000000000000000, -0.0000000000000000000 ) ) ;
#7210 = SURFACE_SIDE_STYLE ('',( #4569 ) ) ;
#7211 =( NAMED_UNIT ( * ) SI_UNIT ( $, .STERADIAN. ) SOLID_ANGLE_UNIT ( ) );
#7212 = DIRECTION ( 'NONE',  ( -1.000000000000000000, 0.0000000000000000000, -0.0000000000000000000 ) ) ;
#7213 = ORIENTED_EDGE ( 'NONE', *, *, #730, .T. ) ;
#7214 = PLANE ( 'NONE',  #1535 ) ;
#7215 = SURFACE_STYLE_FILL_AREA ( #3317 ) ;
#7216 = PRESENTATION_LAYER_ASSIGNMENT (  '', '', ( #7814 ) ) ;
#7217 = CARTESIAN_POINT ( 'NONE',  ( -2.449999999999999289, -2.299999999999999822, 0.3499999999999999778 ) ) ;
#7218 = EDGE_CURVE ( 'NONE', #4790, #1558, #7916, .T. ) ;
#7219 = UNCERTAINTY_MEASURE_WITH_UNIT (LENGTH_MEASURE( 1.000000000000000082E-05 ), #6171, 'distance_accuracy_value', 'NONE');
#7220 = FACE_OUTER_BOUND ( 'NONE', #5575, .T. ) ;
#7221 = LINE ( 'NONE', #3077, #8344 ) ;
#7222 = CARTESIAN_POINT ( 'NONE',  ( -0.1780487804878048141, -0.08692071587716113101, 0.2999999999999999889 ) ) ;
#7223 = ORIENTED_EDGE ( 'NONE', *, *, #1661, .T. ) ;
#7224 = CARTESIAN_POINT ( 'NONE',  ( 0.9750000000000001998, -1.125000000000000444, 10.50000000000000000 ) ) ;
#7225 = ADVANCED_FACE ( 'NONE', ( #7932 ), #60, .F. ) ;
#7226 = FILL_AREA_STYLE_COLOUR ( '', #6596 ) ;
#7227 =( LENGTH_UNIT ( ) NAMED_UNIT ( * ) SI_UNIT ( .MILLI., .METRE. ) );
#7228 = ADVANCED_FACE ( 'NONE', ( #564 ), #36, .F. ) ;
#7229 = EDGE_CURVE ( 'NONE', #6029, #2493, #7845, .T. ) ;
#7230 = ORIENTED_EDGE ( 'NONE', *, *, #4514, .T. ) ;
#7231 = ORIENTED_EDGE ( 'NONE', *, *, #703, .F. ) ;
#7232 = COLOUR_RGB ( '',0.7764705882352941346, 0.7568627450980391913, 0.7372549019607843590 ) ;
#7233 = AXIS2_PLACEMENT_3D ( 'NONE', #1453, #1512, #5529 ) ;
#7234 = COLOUR_RGB ( '',0.4313725490196078649, 0.3529411764705882026, 0.3725490196078431460 ) ;
#7235 = MECHANICAL_DESIGN_GEOMETRIC_PRESENTATION_REPRESENTATION (  '', ( #4741 ), #2517 ) ;
#7236 = FILL_AREA_STYLE_COLOUR ( '', #6602 ) ;
#7237 = CARTESIAN_POINT ( 'NONE',  ( -0.1636098699107395305, -0.2917572693919503468, 0.2999999999999999889 ) ) ;
#7238 = ORIENTED_EDGE ( 'NONE', *, *, #7486, .F. ) ;
#7239 = UNCERTAINTY_MEASURE_WITH_UNIT (LENGTH_MEASURE( 1.000000000000000082E-05 ), #762, 'distance_accuracy_value', 'NONE');
#7240 = DIRECTION ( 'NONE',  ( 1.000000000000000000, 0.0000000000000000000, 0.0000000000000000000 ) ) ;
#7241 = EDGE_CURVE ( 'NONE', #6745, #3504, #1307, .T. ) ;
#7242 = EDGE_LOOP ( 'NONE', ( #6299, #2191, #3989, #3802, #6664 ) ) ;
#7243 = PRESENTATION_STYLE_ASSIGNMENT (( #6450 ) ) ;
#7244 = FILL_AREA_STYLE_COLOUR ( '', #200 ) ;
#7245 =( NAMED_UNIT ( * ) SI_UNIT ( $, .STERADIAN. ) SOLID_ANGLE_UNIT ( ) );
#7246 =( NAMED_UNIT ( * ) SI_UNIT ( $, .STERADIAN. ) SOLID_ANGLE_UNIT ( ) );
#7247 =( GEOMETRIC_REPRESENTATION_CONTEXT ( 3 ) GLOBAL_UNCERTAINTY_ASSIGNED_CONTEXT ( ( #7594 ) ) GLOBAL_UNIT_ASSIGNED_CONTEXT ( ( #4863, #7554, #5578 ) ) REPRESENTATION_CONTEXT ( 'NONE', 'WORKASPACE' ) );
#7248 = MECHANICAL_DESIGN_GEOMETRIC_PRESENTATION_REPRESENTATION (  '', ( #8403 ), #5588 ) ;
#7249 = EDGE_LOOP ( 'NONE', ( #5931, #7886, #4410, #3457, #3662, #5687 ) ) ;
#7250 = DIRECTION ( 'NONE',  ( -0.0000000000000000000, -0.0000000000000000000, 1.000000000000000000 ) ) ;
#7251 = EDGE_CURVE ( 'NONE', #4749, #8439, #7532, .T. ) ;
#7252 = FILL_AREA_STYLE ('',( #7226 ) ) ;
#7253 = VERTEX_POINT ( 'NONE', #4697 ) ;
#7254 = LINE ( 'NONE', #8493, #5298 ) ;
#7255 = DIRECTION ( 'NONE',  ( 0.0000000000000000000, -0.0000000000000000000, -1.000000000000000000 ) ) ;
#7256 = B_SPLINE_CURVE_WITH_KNOTS ( 'NONE', 3,
 ( #5044, #2031, #5088, #3922, #6808 ),
 .UNSPECIFIED., .F., .F.,
 ( 4, 1, 4 ),
 ( 0.0000000000000000000, 0.5000000000000009992, 0.9999813636363634739 ),
 .UNSPECIFIED. ) ;
#7257 = MECHANICAL_DESIGN_GEOMETRIC_PRESENTATION_REPRESENTATION (  '', ( #877 ), #600 ) ;
#7258 = SURFACE_STYLE_FILL_AREA ( #8069 ) ;
#7259 = ORIENTED_EDGE ( 'NONE', *, *, #6599, .F. ) ;
#7260 = DIRECTION ( 'NONE',  ( 0.0000000000000000000, -0.0000000000000000000, 1.000000000000000000 ) ) ;
#7261 = DIRECTION ( 'NONE',  ( 1.000000000000000000, 0.0000000000000000000, 0.0000000000000000000 ) ) ;
#7262 = UNCERTAINTY_MEASURE_WITH_UNIT (LENGTH_MEASURE( 1.000000000000000082E-05 ), #7825, 'distance_accuracy_value', 'NONE');
#7263 = ADVANCED_FACE ( 'NONE', ( #6402 ), #8220, .F. ) ;
#7264 = AXIS2_PLACEMENT_3D ( 'NONE', #4598, #617, #3963 ) ;
#7265 = ORIENTED_EDGE ( 'NONE', *, *, #1006, .T. ) ;
#7266 = EDGE_CURVE ( 'NONE', #4365, #4448, #5282, .T. ) ;
#7267 = ORIENTED_EDGE ( 'NONE', *, *, #5107, .F. ) ;
#7268 =( NAMED_UNIT ( * ) SI_UNIT ( $, .STERADIAN. ) SOLID_ANGLE_UNIT ( ) );
#7269 = LINE ( 'NONE', #8082, #5316 ) ;
#7270 = ORIENTED_EDGE ( 'NONE', *, *, #7417, .F. ) ;
#7271 = LINE ( 'NONE', #1514, #5524 ) ;
#7272 = EDGE_LOOP ( 'NONE', ( #7824, #3701, #5517, #2682 ) ) ;
#7273 = CARTESIAN_POINT ( 'NONE',  ( -0.2000000000000000111, -0.08703504514545377935, 0.2999999999999999889 ) ) ;
#7274 = CARTESIAN_POINT ( 'NONE',  ( 0.002203601940028727512, 0.2013578829656293145, 0.3099999999999999978 ) ) ;
#7275 = PLANE ( 'NONE',  #3385 ) ;
#7276 = CARTESIAN_POINT ( 'NONE',  ( -0.07033327650105679341, -0.1833712135350182293, 0.3099999999999999978 ) ) ;
#7277 = FILL_AREA_STYLE ('',( #6564 ) ) ;
#7278 = CIRCLE ( 'NONE', #6072, 0.07071067811864921449 ) ;
#7279 = AXIS2_PLACEMENT_3D ( 'NONE', #4911, #2997, #256 ) ;
#7280 = SURFACE_SIDE_STYLE ('',( #2438 ) ) ;
#7281 = STYLED_ITEM ( 'NONE', ( #7157 ), #488 ) ;
#7282 = VERTEX_POINT ( 'NONE', #1597 ) ;
#7283 = ORIENTED_EDGE ( 'NONE', *, *, #7467, .F. ) ;
#7284 =( NAMED_UNIT ( * ) PLANE_ANGLE_UNIT ( ) SI_UNIT ( $, .RADIAN. ) );
#7285 = SURFACE_STYLE_USAGE ( .BOTH. , #3931 ) ;
#7286 = DIRECTION ( 'NONE',  ( -1.000000000000000000, -0.0000000000000000000, -0.0000000000000000000 ) ) ;
#7287 = CIRCLE ( 'NONE', #1063, 0.1000000000000000472 ) ;
#7288 =( LENGTH_UNIT ( ) NAMED_UNIT ( * ) SI_UNIT ( .MILLI., .METRE. ) );
#7289 = EDGE_CURVE ( 'NONE', #5117, #6198, #2245, .T. ) ;
#7290 = AXIS2_PLACEMENT_3D ( 'NONE', #7843, #3236, #6739 ) ;
#7291 = AXIS2_PLACEMENT_3D ( 'NONE', #6089, #179, #3528 ) ;
#7292 = ORIENTED_EDGE ( 'NONE', *, *, #119, .T. ) ;
#7293 = DIRECTION ( 'NONE',  ( 0.0000000000000000000, -0.0000000000000000000, -1.000000000000000000 ) ) ;
#7294 = DIRECTION ( 'NONE',  ( 0.0000000000000000000, 0.0000000000000000000, -1.000000000000000000 ) ) ;
#7295 = LINE ( 'NONE', #4467, #3579 ) ;
#7296 = CARTESIAN_POINT ( 'NONE',  ( -0.1615853658536586523, -0.2980868744137465387, 0.2999999999999999889 ) ) ;
#7297 = ORIENTED_EDGE ( 'NONE', *, *, #1728, .T. ) ;
#7298 =( NAMED_UNIT ( * ) PLANE_ANGLE_UNIT ( ) SI_UNIT ( $, .RADIAN. ) );
#7299 = DIRECTION ( 'NONE',  ( 0.0000000000000000000, 0.0000000000000000000, -1.000000000000000000 ) ) ;
#7300 = ORIENTED_EDGE ( 'NONE', *, *, #3508, .T. ) ;
#7301 = MECHANICAL_DESIGN_GEOMETRIC_PRESENTATION_REPRESENTATION (  '', ( #5541 ), #5976 ) ;
#7302 = PRESENTATION_LAYER_ASSIGNMENT (  '', '', ( #921 ) ) ;
#7303 = ADVANCED_FACE ( 'NONE', ( #4241 ), #1567, .F. ) ;
#7304 = FILL_AREA_STYLE ('',( #2687 ) ) ;
#7305 = ORIENTED_EDGE ( 'NONE', *, *, #270, .F. ) ;
#7306 = EDGE_CURVE ( 'NONE', #5991, #291, #5391, .T. ) ;
#7307 = CYLINDRICAL_SURFACE ( 'NONE', #1277, 0.09999999999999982514 ) ;
#7308 = DIRECTION ( 'NONE',  ( -0.1105567340389909253, 0.0000000000000000000, -0.9938698146933692135 ) ) ;
#7309 = EDGE_CURVE ( 'NONE', #1099, #7974, #1208, .T. ) ;
#7310 = FILL_AREA_STYLE_COLOUR ( '', #6892 ) ;
#7311 = EDGE_CURVE ( 'NONE', #1483, #8405, #7327, .T. ) ;
#7312 = DIRECTION ( 'NONE',  ( -1.000000000000000000, 0.0000000000000000000, 0.0000000000000000000 ) ) ;
#7313 = VERTEX_POINT ( 'NONE', #6225 ) ;
#7314 = LINE ( 'NONE', #2603, #3191 ) ;
#7315 = CARTESIAN_POINT ( 'NONE',  ( -0.9749999999999996447, -1.225000000000000533, 7.799999999999999822 ) ) ;
#7316 =( LENGTH_UNIT ( ) NAMED_UNIT ( * ) SI_UNIT ( .MILLI., .METRE. ) );
#7317 = DIRECTION ( 'NONE',  ( -1.000000000000000000, 0.0000000000000000000, 0.0000000000000000000 ) ) ;
#7318 = EDGE_LOOP ( 'NONE', ( #1416, #994, #3981, #4592 ) ) ;
#7319 = EDGE_CURVE ( 'NONE', #8375, #4318, #1104, .T. ) ;
#7320 = COLOUR_RGB ( '',0.7764705882352941346, 0.7568627450980391913, 0.7372549019607843590 ) ;
#7321 = CARTESIAN_POINT ( 'NONE',  ( -0.1121951219512194176, 0.02997460932609099377, 0.2999999999999999889 ) ) ;
#7322 = PRESENTATION_LAYER_ASSIGNMENT (  '', '', ( #4402 ) ) ;
#7323 = DIRECTION ( 'NONE',  ( -0.0000000000000000000, -1.000000000000000000, -0.0000000000000000000 ) ) ;
#7324 = VERTEX_POINT ( 'NONE', #3024 ) ;
#7325 = CARTESIAN_POINT ( 'NONE',  ( -2.799999999999999822, -3.000000000000000000, 4.290000000000000036 ) ) ;
#7326 = ORIENTED_EDGE ( 'NONE', *, *, #119, .F. ) ;
#7327 = LINE ( 'NONE', #277, #8365 ) ;
#7328 = FACE_OUTER_BOUND ( 'NONE', #1305, .T. ) ;
#7329 = EDGE_CURVE ( 'NONE', #3801, #7039, #3208, .T. ) ;
#7330 = DIRECTION ( 'NONE',  ( -1.000000000000000000, -0.0000000000000000000, -0.0000000000000000000 ) ) ;
#7331 = SURFACE_STYLE_FILL_AREA ( #4511 ) ;
#7332 = ORIENTED_EDGE ( 'NONE', *, *, #2524, .F. ) ;
#7333 = DIRECTION ( 'NONE',  ( 0.0000000000000000000, 0.0000000000000000000, -1.000000000000000000 ) ) ;
#7334 = AXIS2_PLACEMENT_3D ( 'NONE', #2378, #1688, #7008 ) ;
#7335 = CARTESIAN_POINT ( 'NONE',  ( -1.054909488602984169, -2.899999999999999023, 4.289999999999999147 ) ) ;
#7336 = DIRECTION ( 'NONE',  ( 1.000000000000000000, 0.0000000000000000000, 1.322197771323786684E-17 ) ) ;
#7337 = AXIS2_PLACEMENT_3D ( 'NONE', #292, #4928, #4872 ) ;
#7338 = CARTESIAN_POINT ( 'NONE',  ( -0.1615853658536586523, -0.2911508988039902546, 0.3099999999999999978 ) ) ;
#7339 = FACE_OUTER_BOUND ( 'NONE', #2140, .T. ) ;
#7340 = EDGE_CURVE ( 'NONE', #6942, #7664, #1406, .T. ) ;
#7341 = VERTEX_POINT ( 'NONE', #2993 ) ;
#7342 = ORIENTED_EDGE ( 'NONE', *, *, #6035, .T. ) ;
#7343 = ADVANCED_FACE ( 'NONE', ( #2685 ), #8283, .T. ) ;
#7344 = PLANE ( 'NONE',  #1133 ) ;
#7345 = FILL_AREA_STYLE ('',( #3409 ) ) ;
#7346 = AXIS2_PLACEMENT_3D ( 'NONE', #4604, #8520, #4490 ) ;
#7347 = STYLED_ITEM ( 'NONE', ( #135 ), #2842 ) ;
#7348 = ORIENTED_EDGE ( 'NONE', *, *, #1459, .T. ) ;
#7349 = LINE ( 'NONE', #8341, #5600 ) ;
#7350 = SURFACE_STYLE_FILL_AREA ( #2908 ) ;
#7351 = ORIENTED_EDGE ( 'NONE', *, *, #7940, .T. ) ;
#7352 = PLANE ( 'NONE',  #1666 ) ;
#7353 = VECTOR ( 'NONE', #5237, 1000.000000000000000 ) ;
#7354 =( NAMED_UNIT ( * ) PLANE_ANGLE_UNIT ( ) SI_UNIT ( $, .RADIAN. ) );
#7355 = CARTESIAN_POINT ( 'NONE',  ( 4.743384504624081899E-17, -0.2062042524625271878, 0.2999999999999999889 ) ) ;
#7356 = EDGE_CURVE ( 'NONE', #8469, #62, #5871, .T. ) ;
#7357 = CARTESIAN_POINT ( 'NONE',  ( -2.449999999999999289, 0.0000000000000000000, 0.3499999999999999778 ) ) ;
#7358 = ORIENTED_EDGE ( 'NONE', *, *, #5279, .T. ) ;
#7359 = ORIENTED_EDGE ( 'NONE', *, *, #5560, .F. ) ;
#7360 = EDGE_CURVE ( 'NONE', #3649, #6546, #3835, .T. ) ;
#7361 = CARTESIAN_POINT ( 'NONE',  ( -2.800000000000000711, 2.900000000000000355, 0.2999999999999999889 ) ) ;
#7362 = DIRECTION ( 'NONE',  ( 0.0000000000000000000, 1.000000000000000000, 0.0000000000000000000 ) ) ;
#7363 = COLOUR_RGB ( '',0.4313725490196078649, 0.3529411764705882026, 0.3725490196078431460 ) ;
#7364 = UNCERTAINTY_MEASURE_WITH_UNIT (LENGTH_MEASURE( 1.000000000000000082E-05 ), #3977, 'distance_accuracy_value', 'NONE');
#7365 =( NAMED_UNIT ( * ) SI_UNIT ( $, .STERADIAN. ) SOLID_ANGLE_UNIT ( ) );
#7366 = PRESENTATION_STYLE_ASSIGNMENT (( #520 ) ) ;
#7367 = DIRECTION ( 'NONE',  ( 0.0000000000000000000, -0.0000000000000000000, -1.000000000000000000 ) ) ;
#7368 = CARTESIAN_POINT ( 'NONE',  ( -2.799999999999999822, -3.000000000000000000, 5.399999999999999467 ) ) ;
#7369 = VERTEX_POINT ( 'NONE', #7118 ) ;
#7370 = CARTESIAN_POINT ( 'NONE',  ( -5.945112498541120505E-17, 0.4230640402204000616, 0.2999999999999999889 ) ) ;
#7371 = EDGE_LOOP ( 'NONE', ( #1577, #6533, #7138, #940 ) ) ;
#7372 = SURFACE_STYLE_USAGE ( .BOTH. , #2183 ) ;
#7373 = CIRCLE ( 'NONE', #2698, 0.1000000000000000472 ) ;
#7374 = CARTESIAN_POINT ( 'NONE',  ( -0.03333333333330347481, -0.03059449636495244207, 0.2999999999999999889 ) ) ;
#7375 = PRESENTATION_STYLE_ASSIGNMENT (( #5845 ) ) ;
#7376 = DIRECTION ( 'NONE',  ( 0.0000000000000000000, 2.168404344971021884E-15, -1.000000000000000000 ) ) ;
#7377 = ORIENTED_EDGE ( 'NONE', *, *, #3944, .T. ) ;
#7378 = VERTEX_POINT ( 'NONE', #7785 ) ;
#7379 = CARTESIAN_POINT ( 'NONE',  ( -5.945112498541120505E-17, 0.4230640402204000616, 0.2999999999999999889 ) ) ;
#7380 = CIRCLE ( 'NONE', #2532, 0.09999999999999939493 ) ;
#7381 = VECTOR ( 'NONE', #1033, 1000.000000000000000 ) ;
#7382 = ORIENTED_EDGE ( 'NONE', *, *, #7155, .T. ) ;
#7383 = ADVANCED_FACE ( 'NONE', ( #6292 ), #1143, .F. ) ;
#7384 = DIRECTION ( 'NONE',  ( -0.0000000000000000000, 0.0000000000000000000, -1.000000000000000000 ) ) ;
#7385 = ORIENTED_EDGE ( 'NONE', *, *, #6968, .T. ) ;
#7386 = AXIS2_PLACEMENT_3D ( 'NONE', #1692, #2380, #4396 ) ;
#7387 = ADVANCED_FACE ( 'NONE', ( #7430 ), #7722, .F. ) ;
#7388 = AXIS2_PLACEMENT_3D ( 'NONE', #1137, #6415, #5849 ) ;
#7389 = PRESENTATION_STYLE_ASSIGNMENT (( #8353 ) ) ;
#7390 =( NAMED_UNIT ( * ) PLANE_ANGLE_UNIT ( ) SI_UNIT ( $, .RADIAN. ) );
#7391 = DIRECTION ( 'NONE',  ( 0.0000000000000000000, 1.000000000000000000, 0.0000000000000000000 ) ) ;
#7392 = CARTESIAN_POINT ( 'NONE',  ( -2.449999999999999289, 0.2999999999999999334, 0.3499999999999999778 ) ) ;
#7393 = EDGE_CURVE ( 'NONE', #1206, #5281, #6897, .T. ) ;
#7394 = ORIENTED_EDGE ( 'NONE', *, *, #8357, .F. ) ;
#7395 = VECTOR ( 'NONE', #2778, 1000.000000000000000 ) ;
#7396 = SURFACE_STYLE_FILL_AREA ( #4907 ) ;
#7397 = PLANE ( 'NONE',  #7108 ) ;
#7398 = DIRECTION ( 'NONE',  ( 2.168404344971008868E-16, -1.000000000000000000, 0.0000000000000000000 ) ) ;
#7399 = VECTOR ( 'NONE', #4602, 1000.000000000000000 ) ;
#7400 = PRESENTATION_LAYER_ASSIGNMENT (  '', '', ( #5962 ) ) ;
#7401 = PRESENTATION_LAYER_ASSIGNMENT (  '', '', ( #913 ) ) ;
#7402 = ORIENTED_EDGE ( 'NONE', *, *, #4020, .T. ) ;
#7403 = CARTESIAN_POINT ( 'NONE',  ( 0.9749999999999999778, 0.9999999999999991118, 9.650000000000000355 ) ) ;
#7404 = VERTEX_POINT ( 'NONE', #1801 ) ;
#7405 = DIRECTION ( 'NONE',  ( -1.000000000000000000, -2.150917213156726666E-15, 0.0000000000000000000 ) ) ;
#7406 = CARTESIAN_POINT ( 'NONE',  ( -0.1121951219512194037, 0.08891769875698531111, 0.2999999999999999889 ) ) ;
#7407 = ORIENTED_EDGE ( 'NONE', *, *, #525, .F. ) ;
#7408 = PRESENTATION_LAYER_ASSIGNMENT (  '', '', ( #1184 ) ) ;
#7409 = ORIENTED_EDGE ( 'NONE', *, *, #6274, .F. ) ;
#7410 = VECTOR ( 'NONE', #5399, 1000.000000000000000 ) ;
#7411 = DIRECTION ( 'NONE',  ( 0.0000000000000000000, 1.000000000000000000, 0.0000000000000000000 ) ) ;
#7412 = UNCERTAINTY_MEASURE_WITH_UNIT (LENGTH_MEASURE( 1.000000000000000082E-05 ), #549, 'distance_accuracy_value', 'NONE');
#7413 = CARTESIAN_POINT ( 'NONE',  ( 4.413250983545655222E-14, -0.08497711831616255873, 0.3099999999999999978 ) ) ;
#7414 = CARTESIAN_POINT ( 'NONE',  ( -0.03173124805979991858, 0.2653486292911170219, 0.3099999999999999978 ) ) ;
#7415 = LINE ( 'NONE', #6677, #4621 ) ;
#7416 = SURFACE_STYLE_FILL_AREA ( #4533 ) ;
#7417 = EDGE_CURVE ( 'NONE', #2182, #1285, #4038, .T. ) ;
#7418 = ORIENTED_EDGE ( 'NONE', *, *, #7241, .T. ) ;
#7419 = FACE_BOUND ( 'NONE', #5120, .T. ) ;
#7420 = PRESENTATION_LAYER_ASSIGNMENT (  '', '', ( #2552 ) ) ;
#7421 = DIRECTION ( 'NONE',  ( -1.000000000000000000, 1.234785807552938147E-15, 0.0000000000000000000 ) ) ;
#7422 = EDGE_CURVE ( 'NONE', #7565, #5281, #2237, .T. ) ;
#7423 = CARTESIAN_POINT ( 'NONE',  ( -0.1945121951219511980, 0.1547713572935706661, 0.3099999999999999978 ) ) ;
#7424 = EDGE_CURVE ( 'NONE', #4749, #5913, #483, .T. ) ;
#7425 = CARTESIAN_POINT ( 'NONE',  ( -2.800000000000000711, 2.900000000000000355, 4.290000000000000036 ) ) ;
#7426 = LINE ( 'NONE', #4092, #21 ) ;
#7427 = ORIENTED_EDGE ( 'NONE', *, *, #6188, .F. ) ;
#7428 = ADVANCED_FACE ( 'NONE', ( #26 ), #2500, .F. ) ;
#7429 = ORIENTED_EDGE ( 'NONE', *, *, #2289, .F. ) ;
#7430 = FACE_OUTER_BOUND ( 'NONE', #1913, .T. ) ;
#7431 = FILL_AREA_STYLE ('',( #4803 ) ) ;
#7432 = STYLED_ITEM ( 'NONE', ( #4530 ), #3413 ) ;
#7433 = ORIENTED_EDGE ( 'NONE', *, *, #6440, .F. ) ;
#7434 = DIRECTION ( 'NONE',  ( 0.0000000000000000000, -1.000000000000000000, 0.0000000000000000000 ) ) ;
#7435 = VERTEX_POINT ( 'NONE', #7185 ) ;
#7436 = DIRECTION ( 'NONE',  ( 1.000000000000000000, 1.239088197126290817E-16, -0.0000000000000000000 ) ) ;
#7437 = DIRECTION ( 'NONE',  ( 0.0000000000000000000, 0.0000000000000000000, -1.000000000000000000 ) ) ;
#7438 =( GEOMETRIC_REPRESENTATION_CONTEXT ( 3 ) GLOBAL_UNCERTAINTY_ASSIGNED_CONTEXT ( ( #311 ) ) GLOBAL_UNIT_ASSIGNED_CONTEXT ( ( #1364, #1220, #2577 ) ) REPRESENTATION_CONTEXT ( 'NONE', 'WORKASPACE' ) );
#7439 = ADVANCED_FACE ( 'NONE', ( #603 ), #7727, .T. ) ;
#7440 = CARTESIAN_POINT ( 'NONE',  ( 0.8750000000000000000, -1.225000000000000533, 10.50000000000000000 ) ) ;
#7441 = CARTESIAN_POINT ( 'NONE',  ( 0.002439024390243986571, 0.2098018450984485694, 0.3099999999999999978 ) ) ;
#7442 = FACE_OUTER_BOUND ( 'NONE', #3795, .T. ) ;
#7443 = CARTESIAN_POINT ( 'NONE',  ( 4.150912291827595801, 2.299999999999999822, 0.2890877081724208542 ) ) ;
#7444 =( GEOMETRIC_REPRESENTATION_CONTEXT ( 3 ) GLOBAL_UNCERTAINTY_ASSIGNED_CONTEXT ( ( #3243 ) ) GLOBAL_UNIT_ASSIGNED_CONTEXT ( ( #5404, #6710, #3429 ) ) REPRESENTATION_CONTEXT ( 'NONE', 'WORKASPACE' ) );
#7445 = CARTESIAN_POINT ( 'NONE',  ( -0.8749999999999998890, 1.224999999999999645, 10.50000000000000000 ) ) ;
#7446 = ORIENTED_EDGE ( 'NONE', *, *, #2502, .F. ) ;
#7447 = CARTESIAN_POINT ( 'NONE',  ( 2.899999999999999023, 2.900000000000000799, 4.299999999999999822 ) ) ;
#7448 =( GEOMETRIC_REPRESENTATION_CONTEXT ( 3 ) GLOBAL_UNCERTAINTY_ASSIGNED_CONTEXT ( ( #7730 ) ) GLOBAL_UNIT_ASSIGNED_CONTEXT ( ( #403, #7603, #7628 ) ) REPRESENTATION_CONTEXT ( 'NONE', 'WORKASPACE' ) );
#7449 = CARTESIAN_POINT ( 'NONE',  ( 1.500000000000000000, -2.750000000000000444, 0.5000000000000000000 ) ) ;
#7450 = CARTESIAN_POINT ( 'NONE',  ( -4.460912291827594522, 0.2999999999999999334, -0.001386042793142161413 ) ) ;
#7451 = ORIENTED_EDGE ( 'NONE', *, *, #1760, .F. ) ;
#7452 = DIRECTION ( 'NONE',  ( -0.0000000000000000000, 0.0000000000000000000, 1.000000000000000000 ) ) ;
#7453 = AXIS2_PLACEMENT_3D ( 'NONE', #140, #7411, #5495 ) ;
#7454 = FACE_OUTER_BOUND ( 'NONE', #1142, .T. ) ;
#7455 = STYLED_ITEM ( 'NONE', ( #8384 ), #3112 ) ;
#7456 = DIRECTION ( 'NONE',  ( 0.1105567340389937286, 0.0000000000000000000, -0.9938698146933688804 ) ) ;
#7457 =( NAMED_UNIT ( * ) PLANE_ANGLE_UNIT ( ) SI_UNIT ( $, .RADIAN. ) );
#7458 = ORIENTED_EDGE ( 'NONE', *, *, #8358, .T. ) ;
#7459 = LINE ( 'NONE', #6095, #7559 ) ;
#7460 = VERTEX_POINT ( 'NONE', #6584 ) ;
#7461 = FILL_AREA_STYLE_COLOUR ( '', #1120 ) ;
#7462 = DIRECTION ( 'NONE',  ( -0.0000000000000000000, -0.0000000000000000000, 1.000000000000000000 ) ) ;
#7463 = ADVANCED_FACE ( 'NONE', ( #3604 ), #5940, .T. ) ;
#7464 = DIRECTION ( 'NONE',  ( 1.000000000000000000, 0.0000000000000000000, 0.0000000000000000000 ) ) ;
#7465 = CARTESIAN_POINT ( 'NONE',  ( 4.150912291827595801, -0.2999999999999999334, 0.2890877081724139153 ) ) ;
#7466 = ORIENTED_EDGE ( 'NONE', *, *, #3508, .F. ) ;
#7467 = EDGE_CURVE ( 'NONE', #812, #6328, #5672, .T. ) ;
#7468 = ORIENTED_EDGE ( 'NONE', *, *, #2161, .F. ) ;
#7469 = EDGE_LOOP ( 'NONE', ( #5212, #8085, #5968, #4905 ) ) ;
#7470 = CARTESIAN_POINT ( 'NONE',  ( 2.400000000000007017, 0.2999999999999999334, 0.2999999999999999889 ) ) ;
#7471 = VECTOR ( 'NONE', #4877, 1000.000000000000000 ) ;
#7472 =( NAMED_UNIT ( * ) SI_UNIT ( $, .STERADIAN. ) SOLID_ANGLE_UNIT ( ) );
#7473 = PLANE ( 'NONE',  #1123 ) ;
#7474 =( NAMED_UNIT ( * ) PLANE_ANGLE_UNIT ( ) SI_UNIT ( $, .RADIAN. ) );
#7475 = LINE ( 'NONE', #5192, #3563 ) ;
#7476 =( LENGTH_UNIT ( ) NAMED_UNIT ( * ) SI_UNIT ( .MILLI., .METRE. ) );
#7477 = ADVANCED_FACE ( 'NONE', ( #6391 ), #42, .F. ) ;
#7478 = PRESENTATION_STYLE_ASSIGNMENT (( #1048 ) ) ;
#7479 = ORIENTED_EDGE ( 'NONE', *, *, #2824, .F. ) ;
#7480 = STYLED_ITEM ( 'NONE', ( #6375 ), #7992 ) ;
#7481 = ORIENTED_EDGE ( 'NONE', *, *, #5228, .F. ) ;
#7482 = EDGE_CURVE ( 'NONE', #5065, #8375, #7835, .T. ) ;
#7483 = CARTESIAN_POINT ( 'NONE',  ( 2.485912291827592213, -2.299999999999999822, 0.2890877081724078645 ) ) ;
#7484 = CARTESIAN_POINT ( 'NONE',  ( 0.8749999999999998890, 1.124999999999999778, 10.50000000000000000 ) ) ;
#7485 = DIRECTION ( 'NONE',  ( 1.000000000000000000, 0.0000000000000000000, 0.0000000000000000000 ) ) ;
#7486 = EDGE_CURVE ( 'NONE', #89, #5347, #3411, .T. ) ;
#7487 = COLOUR_RGB ( '',0.4313725490196078649, 0.3529411764705882026, 0.3725490196078431460 ) ;
#7488 = UNCERTAINTY_MEASURE_WITH_UNIT (LENGTH_MEASURE( 1.000000000000000082E-05 ), #8452, 'distance_accuracy_value', 'NONE');
#7489 = ORIENTED_EDGE ( 'NONE', *, *, #5691, .T. ) ;
#7490 =( NAMED_UNIT ( * ) PLANE_ANGLE_UNIT ( ) SI_UNIT ( $, .RADIAN. ) );
#7491 = EDGE_CURVE ( 'NONE', #7632, #1262, #5266, .T. ) ;
#7492 = ORIENTED_EDGE ( 'NONE', *, *, #6907, .F. ) ;
#7493 = CYLINDRICAL_SURFACE ( 'NONE', #7879, 0.3535533905932665699 ) ;
#7494 = CARTESIAN_POINT ( 'NONE',  ( -2.485912291827593545, -2.299999999999999822, 0.2890877081724074205 ) ) ;
#7495 = CARTESIAN_POINT ( 'NONE',  ( -0.02736567290923758861, -0.1110006450758283525, 0.3099999999999999978 ) ) ;
#7496 = DIRECTION ( 'NONE',  ( -1.000000000000000000, 0.0000000000000000000, 0.0000000000000000000 ) ) ;
#7497 = EDGE_LOOP ( 'NONE', ( #6505, #802, #7297, #6099 ) ) ;
#7498 = ORIENTED_EDGE ( 'NONE', *, *, #2766, .T. ) ;
#7499 = CARTESIAN_POINT ( 'NONE',  ( -2.410912291827596921, 1.700000000000000178, -0.001386042793135222519 ) ) ;
#7500 = DIRECTION ( 'NONE',  ( -0.0000000000000000000, -1.000000000000000000, -0.0000000000000000000 ) ) ;
#7501 = DIRECTION ( 'NONE',  ( 0.0000000000000000000, -0.0000000000000000000, 1.000000000000000000 ) ) ;
#7502 = DIRECTION ( 'NONE',  ( 2.704180918529818718E-12, 1.000000000000000000, 0.0000000000000000000 ) ) ;
#7503 = CARTESIAN_POINT ( 'NONE',  ( -0.07804878048780491961, -0.2613109597796002270, 0.2999999999999999889 ) ) ;
#7504 = CARTESIAN_POINT ( 'NONE',  ( 1.500000000000000000, 3.000000000000000000, 4.289999999999999147 ) ) ;
#7505 = ORIENTED_EDGE ( 'NONE', *, *, #1355, .T. ) ;
#7506 = LINE ( 'NONE', #1677, #2219 ) ;
#7507 =( GEOMETRIC_REPRESENTATION_CONTEXT ( 3 ) GLOBAL_UNCERTAINTY_ASSIGNED_CONTEXT ( ( #433 ) ) GLOBAL_UNIT_ASSIGNED_CONTEXT ( ( #7012, #1695, #4397 ) ) REPRESENTATION_CONTEXT ( 'NONE', 'WORKASPACE' ) );
#7508 = PRESENTATION_STYLE_ASSIGNMENT (( #688 ) ) ;
#7509 = AXIS2_PLACEMENT_3D ( 'NONE', #6116, #3586, #2821 ) ;
#7510 = EDGE_CURVE ( 'NONE', #2923, #5813, #1596, .T. ) ;
#7511 =( NAMED_UNIT ( * ) PLANE_ANGLE_UNIT ( ) SI_UNIT ( $, .RADIAN. ) );
#7512 = CARTESIAN_POINT ( 'NONE',  ( -2.449999999999999289, 0.2999999999999999334, 0.2792893218813508049 ) ) ;
#7513 = VERTEX_POINT ( 'NONE', #4623 ) ;
#7514 = LINE ( 'NONE', #6576, #3404 ) ;
#7515 = UNCERTAINTY_MEASURE_WITH_UNIT (LENGTH_MEASURE( 1.000000000000000082E-05 ), #3824, 'distance_accuracy_value', 'NONE');
#7516 = FACE_BOUND ( 'NONE', #4895, .T. ) ;
#7517 = DIRECTION ( 'NONE',  ( 1.000000000000000000, 0.0000000000000000000, 0.0000000000000000000 ) ) ;
#7518 = CARTESIAN_POINT ( 'NONE',  ( -4.150912291827595801, -2.299999999999999822, -0.001386042793148666626 ) ) ;
#7519 = DIRECTION ( 'NONE',  ( 1.000000000000000000, -5.996993266560448925E-14, 0.0000000000000000000 ) ) ;
#7520 = PRESENTATION_LAYER_ASSIGNMENT (  '', '', ( #2661 ) ) ;
#7521 = EDGE_CURVE ( 'NONE', #4897, #4790, #3954, .T. ) ;
#7522 = CARTESIAN_POINT ( 'NONE',  ( -0.02736567290923758861, -0.1110006450758283525, 0.2999999999999999889 ) ) ;
#7523 = DIRECTION ( 'NONE',  ( -8.673617379884072943E-16, 1.000000000000000000, 0.0000000000000000000 ) ) ;
#7524 = ORIENTED_EDGE ( 'NONE', *, *, #1600, .F. ) ;
#7525 = CIRCLE ( 'NONE', #4466, 0.1000000000000000472 ) ;
#7526 = DIRECTION ( 'NONE',  ( -1.000000000000000000, 0.0000000000000000000, -1.322197771323786684E-17 ) ) ;
#7527 =( LENGTH_UNIT ( ) NAMED_UNIT ( * ) SI_UNIT ( .MILLI., .METRE. ) );
#7528 = CYLINDRICAL_SURFACE ( 'NONE', #3165, 0.1000000000000000472 ) ;
#7529 = VERTEX_POINT ( 'NONE', #7874 ) ;
#7530 = DIRECTION ( 'NONE',  ( -0.0000000000000000000, -0.0000000000000000000, 1.000000000000000000 ) ) ;
#7531 = VERTEX_POINT ( 'NONE', #8350 ) ;
#7532 = LINE ( 'NONE', #6655, #718 ) ;
#7533 = CARTESIAN_POINT ( 'NONE',  ( -0.01829234959349583176, 0.008429893878938332641, 0.2999999999999999889 ) ) ;
#7534 = SURFACE_SIDE_STYLE ('',( #4731 ) ) ;
#7535 = PRESENTATION_LAYER_ASSIGNMENT (  '', '', ( #2675 ) ) ;
#7536 = SURFACE_STYLE_FILL_AREA ( #8544 ) ;
#7537 = DIRECTION ( 'NONE',  ( 1.000000000000000000, 0.0000000000000000000, 0.0000000000000000000 ) ) ;
#7538 = ORIENTED_EDGE ( 'NONE', *, *, #95, .T. ) ;
#7539 =( LENGTH_UNIT ( ) NAMED_UNIT ( * ) SI_UNIT ( .MILLI., .METRE. ) );
#7540 = DIRECTION ( 'NONE',  ( -0.0000000000000000000, -1.000000000000000000, -0.0000000000000000000 ) ) ;
#7541 = STYLED_ITEM ( 'NONE', ( #1473 ), #4146 ) ;
#7542 = DIRECTION ( 'NONE',  ( 0.0000000000000000000, 1.000000000000000000, -0.0000000000000000000 ) ) ;
#7543 = VECTOR ( 'NONE', #4144, 1000.000000000000000 ) ;
#7544 = FILL_AREA_STYLE ('',( #6195 ) ) ;
#7545 = CARTESIAN_POINT ( 'NONE',  ( 2.099999999999999645, -2.299999999999999822, 0.3000000000000000444 ) ) ;
#7546 =( LENGTH_UNIT ( ) NAMED_UNIT ( * ) SI_UNIT ( .MILLI., .METRE. ) );
#7547 =( LENGTH_UNIT ( ) NAMED_UNIT ( * ) SI_UNIT ( .MILLI., .METRE. ) );
#7548 = ORIENTED_EDGE ( 'NONE', *, *, #3262, .F. ) ;
#7549 = VERTEX_POINT ( 'NONE', #1979 ) ;
#7550 = CARTESIAN_POINT ( 'NONE',  ( 2.399999999999999467, -1.700000000000000178, 0.2999999999999999889 ) ) ;
#7551 = LINE ( 'NONE', #8518, #8184 ) ;
#7552 = CARTESIAN_POINT ( 'NONE',  ( -0.01036585365853647835, 0.1547713572935705273, 0.3099999999999999978 ) ) ;
#7553 =( GEOMETRIC_REPRESENTATION_CONTEXT ( 3 ) GLOBAL_UNCERTAINTY_ASSIGNED_CONTEXT ( ( #6174 ) ) GLOBAL_UNIT_ASSIGNED_CONTEXT ( ( #7539, #8092, #211 ) ) REPRESENTATION_CONTEXT ( 'NONE', 'WORKASPACE' ) );
#7554 =( NAMED_UNIT ( * ) PLANE_ANGLE_UNIT ( ) SI_UNIT ( $, .RADIAN. ) );
#7555 = PRESENTATION_LAYER_ASSIGNMENT (  '', '', ( #3269 ) ) ;
#7556 = ADVANCED_FACE ( 'NONE', ( #6802 ), #3353, .F. ) ;
#7557 = DIRECTION ( 'NONE',  ( -1.000000000000000000, 0.0000000000000000000, 0.0000000000000000000 ) ) ;
#7558 = ORIENTED_EDGE ( 'NONE', *, *, #2269, .T. ) ;
#7559 = VECTOR ( 'NONE', #3473, 1000.000000000000000 ) ;
#7560 = ORIENTED_EDGE ( 'NONE', *, *, #3067, .F. ) ;
#7561 = UNCERTAINTY_MEASURE_WITH_UNIT (LENGTH_MEASURE( 1.000000000000000082E-05 ), #3594, 'distance_accuracy_value', 'NONE');
#7562 = CARTESIAN_POINT ( 'NONE',  ( -2.800000000000000711, 2.900000000000000355, 5.399999999999999467 ) ) ;
#7563 = ORIENTED_EDGE ( 'NONE', *, *, #5707, .F. ) ;
#7564 = VECTOR ( 'NONE', #1324, 1000.000000000000000 ) ;
#7565 = VERTEX_POINT ( 'NONE', #7574 ) ;
#7566 = AXIS2_PLACEMENT_3D ( 'NONE', #1000, #2275, #1644 ) ;
#7567 = FACE_OUTER_BOUND ( 'NONE', #2740, .T. ) ;
#7568 = CARTESIAN_POINT ( 'NONE',  ( 4.475347096579661155E-14, -0.03059449636494268945, 0.2999999999999999889 ) ) ;
#7569 = CARTESIAN_POINT ( 'NONE',  ( 2.032879073410320814E-17, -0.2354725451454539875, 0.2999999999999999889 ) ) ;
#7570 = DIRECTION ( 'NONE',  ( 0.0000000000000000000, 1.000000000000000000, 0.0000000000000000000 ) ) ;
#7571 = VERTEX_POINT ( 'NONE', #6938 ) ;
#7572 = CARTESIAN_POINT ( 'NONE',  ( -0.02195121951219501655, -0.08581553295033207684, 0.3099999999999999978 ) ) ;
#7573 = SURFACE_SIDE_STYLE ('',( #2439 ) ) ;
#7574 = CARTESIAN_POINT ( 'NONE',  ( 1.500000000000000000, -2.899999999999999467, 4.289999999999999147 ) ) ;
#7575 = AXIS2_PLACEMENT_3D ( 'NONE', #554, #4650, #8483 ) ;
#7576 = CARTESIAN_POINT ( 'NONE',  ( -0.1676829268292681641, 0.1547713572935706106, 0.2999999999999999889 ) ) ;
#7577 = EDGE_CURVE ( 'NONE', #5811, #5102, #6381, .T. ) ;
#7578 = EDGE_CURVE ( 'NONE', #5513, #5273, #8250, .T. ) ;
#7579 = FACE_OUTER_BOUND ( 'NONE', #2621, .T. ) ;
#7580 = FACE_OUTER_BOUND ( 'NONE', #1027, .T. ) ;
#7581 = LINE ( 'NONE', #4705, #2421 ) ;
#7582 = CARTESIAN_POINT ( 'NONE',  ( 4.642445256390806029E-14, 0.1157469670496437120, 0.2999999999999999889 ) ) ;
#7583 = ORIENTED_EDGE ( 'NONE', *, *, #525, .T. ) ;
#7584 =( LENGTH_UNIT ( ) NAMED_UNIT ( * ) SI_UNIT ( .MILLI., .METRE. ) );
#7585 = VERTEX_POINT ( 'NONE', #6280 ) ;
#7586 = CARTESIAN_POINT ( 'NONE',  ( 2.899999999999999023, 3.000000000000000000, 5.399999999999999467 ) ) ;
#7587 =( LENGTH_UNIT ( ) NAMED_UNIT ( * ) SI_UNIT ( .MILLI., .METRE. ) );
#7588 = CARTESIAN_POINT ( 'NONE',  ( -0.8749999999999998890, 1.224999999999999645, 10.50000000000000000 ) ) ;
#7589 = CIRCLE ( 'NONE', #2412, 0.07071067811864921449 ) ;
#7590 = CARTESIAN_POINT ( 'NONE',  ( 0.0000000000000000000, 2.899999999999999467, 0.5000000000000000000 ) ) ;
#7591 = PRESENTATION_STYLE_ASSIGNMENT (( #6523 ) ) ;
#7592 = MECHANICAL_DESIGN_GEOMETRIC_PRESENTATION_REPRESENTATION (  '', ( #4171 ), #4777 ) ;
#7593 = VECTOR ( 'NONE', #6504, 1000.000000000000000 ) ;
#7594 = UNCERTAINTY_MEASURE_WITH_UNIT (LENGTH_MEASURE( 1.000000000000000082E-05 ), #4863, 'distance_accuracy_value', 'NONE');
#7595 = CARTESIAN_POINT ( 'NONE',  ( -0.1231707317073169466, 0.08891769875698532499, 0.2999999999999999889 ) ) ;
#7596 = AXIS2_PLACEMENT_3D ( 'NONE', #8368, #1686, #5743 ) ;
#7597 = ORIENTED_EDGE ( 'NONE', *, *, #1366, .T. ) ;
#7598 = CARTESIAN_POINT ( 'NONE',  ( -0.9749999999999999778, 1.124999999999999778, 10.50000000000000000 ) ) ;
#7599 = LINE ( 'NONE', #3116, #1065 ) ;
#7600 = ADVANCED_FACE ( 'NONE', ( #2130 ), #981, .F. ) ;
#7601 =( LENGTH_UNIT ( ) NAMED_UNIT ( * ) SI_UNIT ( .MILLI., .METRE. ) );
#7602 = ORIENTED_EDGE ( 'NONE', *, *, #2774, .T. ) ;
#7603 =( NAMED_UNIT ( * ) PLANE_ANGLE_UNIT ( ) SI_UNIT ( $, .RADIAN. ) );
#7604 = ADVANCED_FACE ( 'NONE', ( #1396 ), #7170, .T. ) ;
#7605 = VERTEX_POINT ( 'NONE', #7948 ) ;
#7606 = SURFACE_SIDE_STYLE ('',( #5794 ) ) ;
#7607 = VECTOR ( 'NONE', #5980, 1000.000000000000000 ) ;
#7608 = CARTESIAN_POINT ( 'NONE',  ( 0.0000000000000000000, 0.008429893878912603222, 0.3099999999999999978 ) ) ;
#7609 = AXIS2_PLACEMENT_3D ( 'NONE', #2886, #6200, #3553 ) ;
#7610 = AXIS2_PLACEMENT_3D ( 'NONE', #6717, #8039, #7456 ) ;
#7611 = FILL_AREA_STYLE ('',( #279 ) ) ;
#7612 = ORIENTED_EDGE ( 'NONE', *, *, #7309, .T. ) ;
#7613 = CYLINDRICAL_SURFACE ( 'NONE', #1144, 0.09999999999999982514 ) ;
#7614 = CARTESIAN_POINT ( 'NONE',  ( 0.002439024390243987005, 0.2098018450984485972, 0.2999999999999999889 ) ) ;
#7615 = DIRECTION ( 'NONE',  ( -1.000000000000000000, -1.445602896647341628E-16, 0.0000000000000000000 ) ) ;
#7616 = CARTESIAN_POINT ( 'NONE',  ( -0.1780487804878047586, 0.02590990200901785792, 0.2999999999999999889 ) ) ;
#7617 = CARTESIAN_POINT ( 'NONE',  ( 1.350000000000000311, -1.650000000000000355, 5.500000000000000000 ) ) ;
#7618 = VECTOR ( 'NONE', #8150, 1000.000000000000000 ) ;
#7619 =( GEOMETRIC_REPRESENTATION_CONTEXT ( 3 ) GLOBAL_UNCERTAINTY_ASSIGNED_CONTEXT ( ( #5180 ) ) GLOBAL_UNIT_ASSIGNED_CONTEXT ( ( #1431, #1380, #6117 ) ) REPRESENTATION_CONTEXT ( 'NONE', 'WORKASPACE' ) );
#7620 = ORIENTED_EDGE ( 'NONE', *, *, #3262, .T. ) ;
#7621 = VECTOR ( 'NONE', #327, 1000.000000000000000 ) ;
#7622 = AXIS2_PLACEMENT_3D ( 'NONE', #7094, #7153, #3214 ) ;
#7623 = UNCERTAINTY_MEASURE_WITH_UNIT (LENGTH_MEASURE( 1.000000000000000082E-05 ), #5864, 'distance_accuracy_value', 'NONE');
#7624 = CARTESIAN_POINT ( 'NONE',  ( -0.1198157474070919437, -0.2762304557183783427, 0.2999999999999999889 ) ) ;
#7625 = ORIENTED_EDGE ( 'NONE', *, *, #2324, .T. ) ;
#7626 = ORIENTED_EDGE ( 'NONE', *, *, #4529, .T. ) ;
#7627 = VECTOR ( 'NONE', #523, 1000.000000000000000 ) ;
#7628 =( NAMED_UNIT ( * ) SI_UNIT ( $, .STERADIAN. ) SOLID_ANGLE_UNIT ( ) );
#7629 = EDGE_CURVE ( 'NONE', #1099, #6546, #1484, .T. ) ;
#7630 = DIRECTION ( 'NONE',  ( 1.000000000000000000, -0.0000000000000000000, 0.0000000000000000000 ) ) ;
#7631 = CARTESIAN_POINT ( 'NONE',  ( -0.1825005441917567639, -0.1756963062883392102, 0.3099999999999999978 ) ) ;
#7632 = VERTEX_POINT ( 'NONE', #3899 ) ;
#7633 = ORIENTED_EDGE ( 'NONE', *, *, #7218, .F. ) ;
#7634 = COLOUR_RGB ( '',0.4313725490196078649, 0.3529411764705882026, 0.3725490196078431460 ) ;
#7635 = CARTESIAN_POINT ( 'NONE',  ( -0.02325137837876034563, 0.2242344305931936732, 0.2999999999999999889 ) ) ;
#7636 = SURFACE_SIDE_STYLE ('',( #2006 ) ) ;
#7637 = CARTESIAN_POINT ( 'NONE',  ( -2.800000000000001155, 3.000000000000000000, 5.500000000000000000 ) ) ;
#7638 = AXIS2_PLACEMENT_3D ( 'NONE', #6542, #7861, #7202 ) ;
#7639 =( NAMED_UNIT ( * ) SI_UNIT ( $, .STERADIAN. ) SOLID_ANGLE_UNIT ( ) );
#7640 = DIRECTION ( 'NONE',  ( 0.0000000000000000000, 1.000000000000000000, -0.0000000000000000000 ) ) ;
#7641 = VECTOR ( 'NONE', #1313, 1000.000000000000000 ) ;
#7642 = DIRECTION ( 'NONE',  ( -0.0000000000000000000, 0.0000000000000000000, -1.000000000000000000 ) ) ;
#7643 = ORIENTED_EDGE ( 'NONE', *, *, #48, .F. ) ;
#7644 = EDGE_CURVE ( 'NONE', #4790, #5240, #382, .T. ) ;
#7645 =( NAMED_UNIT ( * ) PLANE_ANGLE_UNIT ( ) SI_UNIT ( $, .RADIAN. ) );
#7646 = CARTESIAN_POINT ( 'NONE',  ( -0.09786585365853650575, 0.2767225768057657298, 0.2999999999999999889 ) ) ;
#7647 = CARTESIAN_POINT ( 'NONE',  ( -1.084202172485504434E-16, -0.3574237646576489680, 0.3099999999999999978 ) ) ;
#7648 = VERTEX_POINT ( 'NONE', #5876 ) ;
#7649 = FACE_OUTER_BOUND ( 'NONE', #4266, .T. ) ;
#7650 = EDGE_CURVE ( 'NONE', #3693, #3312, #7314, .T. ) ;
#7651 = FILL_AREA_STYLE_COLOUR ( '', #3902 ) ;
#7652 =( NAMED_UNIT ( * ) PLANE_ANGLE_UNIT ( ) SI_UNIT ( $, .RADIAN. ) );
#7653 = PRESENTATION_STYLE_ASSIGNMENT (( #2887 ) ) ;
#7654 = FILL_AREA_STYLE ('',( #208 ) ) ;
#7655 = CARTESIAN_POINT ( 'NONE',  ( 4.444299314601773886E-14, -0.05778556690429557247, 0.2999999999999999889 ) ) ;
#7656 = PRESENTATION_LAYER_ASSIGNMENT (  '', '', ( #2634 ) ) ;
#7657 = CARTESIAN_POINT ( 'NONE',  ( -2.400000000000014122, 1.700000000000000178, 0.2999999999999999889 ) ) ;
#7658 = SURFACE_STYLE_USAGE ( .BOTH. , #2334 ) ;
#7659 = SURFACE_STYLE_FILL_AREA ( #5718 ) ;
#7660 = MECHANICAL_DESIGN_GEOMETRIC_PRESENTATION_REPRESENTATION (  '', ( #3525 ), #8104 ) ;
#7661 = ORIENTED_EDGE ( 'NONE', *, *, #6035, .F. ) ;
#7662 = SURFACE_STYLE_USAGE ( .BOTH. , #5684 ) ;
#7663 = LINE ( 'NONE', #7873, #5211 ) ;
#7664 = VERTEX_POINT ( 'NONE', #5220 ) ;
#7665 = FACE_OUTER_BOUND ( 'NONE', #2891, .T. ) ;
#7666 = ORIENTED_EDGE ( 'NONE', *, *, #2320, .T. ) ;
#7667 = CARTESIAN_POINT ( 'NONE',  ( -0.2024390243902438047, 0.2018369060740585474, 0.2999999999999999889 ) ) ;
#7668 = AXIS2_PLACEMENT_3D ( 'NONE', #8286, #3127, #8373 ) ;
#7669 = VECTOR ( 'NONE', #5479, 1000.000000000000000 ) ;
#7670 =( GEOMETRIC_REPRESENTATION_CONTEXT ( 3 ) GLOBAL_UNCERTAINTY_ASSIGNED_CONTEXT ( ( #5990 ) ) GLOBAL_UNIT_ASSIGNED_CONTEXT ( ( #697, #1379, #5340 ) ) REPRESENTATION_CONTEXT ( 'NONE', 'WORKASPACE' ) );
#7671 = DIRECTION ( 'NONE',  ( 0.0000000000000000000, 1.000000000000000000, -0.0000000000000000000 ) ) ;
#7672 = DIRECTION ( 'NONE',  ( 0.0000000000000000000, 1.000000000000000000, -0.0000000000000000000 ) ) ;
#7673 = ORIENTED_EDGE ( 'NONE', *, *, #5661, .T. ) ;
#7674 = CARTESIAN_POINT ( 'NONE',  ( -0.2000000000000001776, 0.0000000000000000000, 0.3099999999999999978 ) ) ;
#7675 = ORIENTED_EDGE ( 'NONE', *, *, #8108, .T. ) ;
#7676 = B_SPLINE_CURVE_WITH_KNOTS ( 'NONE', 3,
 ( #3407, #2750, #4773, #7374, #3430 ),
 .UNSPECIFIED., .F., .F.,
 ( 4, 1, 4 ),
 ( 0.0000000000000000000, 0.4999999999998883116, 0.9999974999999999836 ),
 .UNSPECIFIED. ) ;
#7677 = LINE ( 'NONE', #6217, #3994 ) ;
#7678 = CARTESIAN_POINT ( 'NONE',  ( -1.349999999999999867, 1.749999999999999778, 7.799999999999999822 ) ) ;
#7679 = VECTOR ( 'NONE', #6462, 1000.000000000000000 ) ;
#7680 = VECTOR ( 'NONE', #3823, 1000.000000000000000 ) ;
#7681 = PRESENTATION_LAYER_ASSIGNMENT (  '', '', ( #5494 ) ) ;
#7682 = DIRECTION ( 'NONE',  ( 0.5078765015848867304, 0.0000000000000000000, -0.8614298921780556562 ) ) ;
#7683 = LINE ( 'NONE', #2041, #8527 ) ;
#7684 = ORIENTED_EDGE ( 'NONE', *, *, #6096, .F. ) ;
#7685 = CARTESIAN_POINT ( 'NONE',  ( 4.413250983545655222E-14, -0.08497711831616255873, 0.2999999999999999889 ) ) ;
#7686 = FILL_AREA_STYLE ('',( #2988 ) ) ;
#7687 = VECTOR ( 'NONE', #1673, 1000.000000000000000 ) ;
#7688 = ADVANCED_FACE ( 'NONE', ( #3930 ), #3932, .F. ) ;
#7689 = DIRECTION ( 'NONE',  ( 0.0000000000000000000, -1.000000000000000000, 0.0000000000000000000 ) ) ;
#7690 = MECHANICAL_DESIGN_GEOMETRIC_PRESENTATION_REPRESENTATION (  '', ( #5773 ), #5346 ) ;
#7691 = ORIENTED_EDGE ( 'NONE', *, *, #408, .T. ) ;
#7692 = B_SPLINE_CURVE_WITH_KNOTS ( 'NONE', 3,
 ( #122, #3423, #5421, #2085, #4768 ),
 .UNSPECIFIED., .F., .F.,
 ( 4, 1, 4 ),
 ( 0.0000000000000000000, 0.4461889103902437759, 1.000000000000000000 ),
 .UNSPECIFIED. ) ;
#7693 = EDGE_CURVE ( 'NONE', #5028, #8225, #4226, .T. ) ;
#7694 = ORIENTED_EDGE ( 'NONE', *, *, #2604, .F. ) ;
#7695 = FACE_OUTER_BOUND ( 'NONE', #1127, .T. ) ;
#7696 = CARTESIAN_POINT ( 'NONE',  ( -0.8749999999999998890, 1.124999999999999778, 10.40000000000000213 ) ) ;
#7697 = CARTESIAN_POINT ( 'NONE',  ( -0.1963411300813007465, 0.01330794265942437937, 0.2999999999999999889 ) ) ;
#7698 = UNCERTAINTY_MEASURE_WITH_UNIT (LENGTH_MEASURE( 1.000000000000000082E-05 ), #991, 'distance_accuracy_value', 'NONE');
#7699 = CARTESIAN_POINT ( 'NONE',  ( -1.499999999999997335, -1.301042606982608871E-15, 4.289999999999999147 ) ) ;
#7700 = UNCERTAINTY_MEASURE_WITH_UNIT (LENGTH_MEASURE( 1.000000000000000082E-05 ), #3898, 'distance_accuracy_value', 'NONE');
#7701 = CARTESIAN_POINT ( 'NONE',  ( -1.500000000000000000, -2.999999999999999112, 0.5000000000000000000 ) ) ;
#7702 = ORIENTED_EDGE ( 'NONE', *, *, #5370, .T. ) ;
#7703 = CYLINDRICAL_SURFACE ( 'NONE', #5252, 0.09999999999999939493 ) ;
#7704 = EDGE_CURVE ( 'NONE', #1678, #6773, #7514, .T. ) ;
#7705 = AXIS2_PLACEMENT_3D ( 'NONE', #776, #1409, #2083 ) ;
#7706 = ORIENTED_EDGE ( 'NONE', *, *, #2808, .T. ) ;
#7707 = DIRECTION ( 'NONE',  ( 1.322197771323786684E-17, 0.0000000000000000000, 1.000000000000000000 ) ) ;
#7708 = VECTOR ( 'NONE', #2853, 1000.000000000000000 ) ;
#7709 = CARTESIAN_POINT ( 'NONE',  ( -0.03231707317073160418, 0.1547713572935704718, 0.2999999999999999889 ) ) ;
#7710 = SURFACE_STYLE_FILL_AREA ( #4760 ) ;
#7711 = MECHANICAL_DESIGN_GEOMETRIC_PRESENTATION_REPRESENTATION (  '', ( #2841 ), #1318 ) ;
#7712 = ORIENTED_EDGE ( 'NONE', *, *, #5775, .T. ) ;
#7713 = FACE_OUTER_BOUND ( 'NONE', #3731, .T. ) ;
#7714 = SURFACE_STYLE_FILL_AREA ( #534 ) ;
#7715 = DIRECTION ( 'NONE',  ( -0.0000000000000000000, -1.000000000000000000, 0.0000000000000000000 ) ) ;
#7716 = CARTESIAN_POINT ( 'NONE',  ( -0.03333333333333345777, -0.3736839272592750172, 0.3099999999999999978 ) ) ;
#7717 = COLOUR_RGB ( '',0.7764705882352941346, 0.7568627450980391913, 0.7372549019607843590 ) ;
#7718 = SURFACE_SIDE_STYLE ('',( #7331 ) ) ;
#7719 = EDGE_CURVE ( 'NONE', #5502, #8154, #7102, .T. ) ;
#7720 = ORIENTED_EDGE ( 'NONE', *, *, #2207, .T. ) ;
#7721 = CARTESIAN_POINT ( 'NONE',  ( -0.1689004901895844457, -0.2963381503818741103, 0.3099999999999999978 ) ) ;
#7722 = PLANE ( 'NONE',  #4019 ) ;
#7723 = AXIS2_PLACEMENT_3D ( 'NONE', #2806, #6102, #4116 ) ;
#7724 = MECHANICAL_DESIGN_GEOMETRIC_PRESENTATION_REPRESENTATION (  '', ( #3269 ), #2233 ) ;
#7725 = SURFACE_STYLE_USAGE ( .BOTH. , #8340 ) ;
#7726 = ORIENTED_EDGE ( 'NONE', *, *, #5161, .F. ) ;
#7727 = CYLINDRICAL_SURFACE ( 'NONE', #778, 0.1000000000000002554 ) ;
#7728 = DIRECTION ( 'NONE',  ( 0.0000000000000000000, 1.000000000000000000, -0.0000000000000000000 ) ) ;
#7729 = EDGE_CURVE ( 'NONE', #62, #81, #5375, .T. ) ;
#7730 = UNCERTAINTY_MEASURE_WITH_UNIT (LENGTH_MEASURE( 1.000000000000000082E-05 ), #403, 'distance_accuracy_value', 'NONE');
#7731 = CARTESIAN_POINT ( 'NONE',  ( -0.2000000000000000111, -0.08703504514545377935, 0.2999999999999999889 ) ) ;
#7732 = CARTESIAN_POINT ( 'NONE',  ( -0.05609756097560981286, -0.3371874841698440650, 0.3099999999999999978 ) ) ;
#7733 = ADVANCED_FACE ( 'NONE', ( #2973, #5873 ), #3281, .F. ) ;
#7734 = B_SPLINE_CURVE_WITH_KNOTS ( 'NONE', 3,
 ( #5164, #5105, #6516, #3171, #3904 ),
 .UNSPECIFIED., .F., .F.,
 ( 4, 1, 4 ),
 ( 0.0000000000000000000, 0.5000000000000003331, 1.000000000000000000 ),
 .UNSPECIFIED. ) ;
#7735 = PRESENTATION_LAYER_ASSIGNMENT (  '', '', ( #7128 ) ) ;
#7736 = VECTOR ( 'NONE', #6605, 1000.000000000000000 ) ;
#7737 = AXIS2_PLACEMENT_3D ( 'NONE', #7934, #622, #5264 ) ;
#7738 = VERTEX_POINT ( 'NONE', #3315 ) ;
#7739 = ORIENTED_EDGE ( 'NONE', *, *, #749, .T. ) ;
#7740 = VECTOR ( 'NONE', #4042, 1000.000000000000000 ) ;
#7741 = SURFACE_SIDE_STYLE ('',( #2170 ) ) ;
#7742 = SURFACE_SIDE_STYLE ('',( #1765 ) ) ;
#7743 = LINE ( 'NONE', #3916, #1610 ) ;
#7744 = FILL_AREA_STYLE ('',( #7827 ) ) ;
#7745 = DIRECTION ( 'NONE',  ( 0.0000000000000000000, 0.0000000000000000000, -1.000000000000000000 ) ) ;
#7746 = ORIENTED_EDGE ( 'NONE', *, *, #4491, .F. ) ;
#7747 = SURFACE_SIDE_STYLE ('',( #8268 ) ) ;
#7748 = PLANE ( 'NONE',  #7846 ) ;
#7749 = EDGE_CURVE ( 'NONE', #1933, #567, #3818, .T. ) ;
#7750 = DIRECTION ( 'NONE',  ( -0.0000000000000000000, 1.000000000000000000, 0.0000000000000000000 ) ) ;
#7751 = DIRECTION ( 'NONE',  ( 0.0000000000000000000, -1.000000000000000000, 0.0000000000000000000 ) ) ;
#7752 = B_SPLINE_SURFACE_WITH_KNOTS ( 'NONE', 3, 1, ( 
 ( #5738, #1800 ),
 ( #2680, #1739 ),
 ( #3791, #7721 ),
 ( #7082, #3356 ),
 ( #7296, #1983 ) ),
 .UNSPECIFIED., .F., .F., .F.,
 ( 4, 1, 4 ),
 ( 2, 2 ),
 ( 0.0000000000000000000, 0.4458786834588214232, 1.000000000000000000 ),
 ( 0.0000000000000000000, 1.000000000000000000 ),
 .UNSPECIFIED. ) ;
#7753 = CARTESIAN_POINT ( 'NONE',  ( -1.449999999999999956, 1.649999999999999689, 7.799999999999999822 ) ) ;
#7754 = DIRECTION ( 'NONE',  ( 0.0000000000000000000, 0.0000000000000000000, 1.000000000000000000 ) ) ;
#7755 = ORIENTED_EDGE ( 'NONE', *, *, #3344, .T. ) ;
#7756 = CYLINDRICAL_SURFACE ( 'NONE', #4057, 0.09999999999999939493 ) ;
#7757 = B_SPLINE_CURVE_WITH_KNOTS ( 'NONE', 3,
 ( #6053, #2045, #2702, #765, #7379 ),
 .UNSPECIFIED., .F., .F.,
 ( 4, 1, 4 ),
 ( 0.0000000000000000000, 0.5000000000000000000, 0.9999974999999999836 ),
 .UNSPECIFIED. ) ;
#7758 = PRODUCT_DEFINITION_FORMATION_WITH_SPECIFIED_SOURCE ( '任何', '', #418, .NOT_KNOWN. ) ;
#7759 = EDGE_CURVE ( 'NONE', #6029, #2471, #3703, .T. ) ;
#7760 = DIRECTION ( 'NONE',  ( 0.0000000000000000000, -1.000000000000000000, 0.0000000000000000000 ) ) ;
#7761 =( NAMED_UNIT ( * ) SI_UNIT ( $, .STERADIAN. ) SOLID_ANGLE_UNIT ( ) );
#7762 = CIRCLE ( 'NONE', #6219, 0.09999999999999982514 ) ;
#7763 = FACE_OUTER_BOUND ( 'NONE', #8352, .T. ) ;
#7764 = ORIENTED_EDGE ( 'NONE', *, *, #8124, .F. ) ;
#7765 = CARTESIAN_POINT ( 'NONE',  ( -1.000000000000000000, -1.550000000000000266, 5.500000000000000000 ) ) ;
#7766 = STYLED_ITEM ( 'NONE', ( #4346 ), #88 ) ;
#7767 = EDGE_CURVE ( 'NONE', #2772, #5502, #4541, .T. ) ;
#7768 = LINE ( 'NONE', #7222, #3133 ) ;
#7769 = CARTESIAN_POINT ( 'NONE',  ( -0.02195121951219501308, -0.05742376465764913868, 0.2999999999999999889 ) ) ;
#7770 = CARTESIAN_POINT ( 'NONE',  ( -0.9749999999999999778, 1.224999999999999645, 10.50000000000000000 ) ) ;
#7771 = VERTEX_POINT ( 'NONE', #4109 ) ;
#7772 = DIRECTION ( 'NONE',  ( 0.4813095137127779144, -0.8765507127426052092, 0.0000000000000000000 ) ) ;
#7773 = CYLINDRICAL_SURFACE ( 'NONE', #3098, 0.1000000000000000472 ) ;
#7774 = CARTESIAN_POINT ( 'NONE',  ( -0.1019435975609755685, -0.1647408378283807540, 0.2999999999999999889 ) ) ;
#7775 = ADVANCED_FACE ( 'NONE', ( #4944 ), #4041, .T. ) ;
#7776 = STYLED_ITEM ( 'NONE', ( #3669 ), #4671 ) ;
#7777 = CARTESIAN_POINT ( 'NONE',  ( -1.000000000000000000, -1.550000000000000266, 7.799999999999999822 ) ) ;
#7778 =( GEOMETRIC_REPRESENTATION_CONTEXT ( 3 ) GLOBAL_UNCERTAINTY_ASSIGNED_CONTEXT ( ( #6727 ) ) GLOBAL_UNIT_ASSIGNED_CONTEXT ( ( #4542, #3845, #1766 ) ) REPRESENTATION_CONTEXT ( 'NONE', 'WORKASPACE' ) );
#7779 = ORIENTED_EDGE ( 'NONE', *, *, #3624, .F. ) ;
#7780 = ORIENTED_EDGE ( 'NONE', *, *, #3147, .F. ) ;
#7781 = DIRECTION ( 'NONE',  ( 0.2499999999999998057, 0.0000000000000000000, 0.9682458365518542553 ) ) ;
#7782 = ORIENTED_EDGE ( 'NONE', *, *, #558, .F. ) ;
#7783 = CARTESIAN_POINT ( 'NONE',  ( 4.460912291827594522, -0.2999999999999999334, -0.001386042793142161413 ) ) ;
#7784 = EDGE_CURVE ( 'NONE', #7999, #5662, #4029, .T. ) ;
#7785 = CARTESIAN_POINT ( 'NONE',  ( 4.150912291827595801, -1.700000000000000178, -0.001386042793148666626 ) ) ;
#7786 = PRESENTATION_STYLE_ASSIGNMENT (( #4507 ) ) ;
#7788 = CARTESIAN_POINT ( 'NONE',  ( 4.535912291827596476, 2.299999999999999822, 0.2890877081724208542 ) ) ;
#7787 = CARTESIAN_POINT ( 'NONE',  ( -1.088139276596542996E-16, -0.3866920573405758232, 0.3099999999999999978 ) ) ;
#7789 = EDGE_LOOP ( 'NONE', ( #2391, #5171, #8354, #7377 ) ) ;
#7790 = AXIS2_PLACEMENT_3D ( 'NONE', #5503, #750, #1486 ) ;
#7791 = CARTESIAN_POINT ( 'NONE',  ( 2.899999999999999023, 3.000000000000000000, 0.2999999999999999889 ) ) ;
#7792 = CARTESIAN_POINT ( 'NONE',  ( -0.1999999999999999001, 0.01330794265942438284, 0.2999999999999999889 ) ) ;
#7793 = STYLED_ITEM ( 'NONE', ( #4481 ), #3020 ) ;
#7794 = CARTESIAN_POINT ( 'NONE',  ( -0.02003104241248938530, 0.1960236414910241920, 0.3099999999999999978 ) ) ;
#7795 = CARTESIAN_POINT ( 'NONE',  ( -2.899999999999999911, -2.900000000000000355, 5.399999999999999467 ) ) ;
#7796 = LINE ( 'NONE', #1429, #6238 ) ;
#7797 = PRESENTATION_STYLE_ASSIGNMENT (( #6766 ) ) ;
#7798 = B_SPLINE_CURVE_WITH_KNOTS ( 'NONE', 3,
 ( #6002, #1960, #29, #3328, #6618 ),
 .UNSPECIFIED., .F., .F.,
 ( 4, 1, 4 ),
 ( 0.0000000000000000000, 0.4999999999999992784, 0.9999933870967741001 ),
 .UNSPECIFIED. ) ;
#7799 = EDGE_LOOP ( 'NONE', ( #780, #3096, #7124, #1362, #4060 ) ) ;
#7800 = ORIENTED_EDGE ( 'NONE', *, *, #8097, .F. ) ;
#7801 = DIRECTION ( 'NONE',  ( 0.0000000000000000000, -0.0000000000000000000, -1.000000000000000000 ) ) ;
#7802 = FILL_AREA_STYLE_COLOUR ( '', #655 ) ;
#7803 = EDGE_CURVE ( 'NONE', #4704, #2287, #3487, .T. ) ;
#7804 = CARTESIAN_POINT ( 'NONE',  ( -0.09197154471544721765, -0.2662842829503319075, 0.3099999999999999978 ) ) ;
#7805 = LINE ( 'NONE', #3648, #6052 ) ;
#7806 = CARTESIAN_POINT ( 'NONE',  ( -0.1700253823321260516, -0.1497141585552655696, 0.2999999999999999889 ) ) ;
#7807 = SURFACE_SIDE_STYLE ('',( #946 ) ) ;
#7808 = CARTESIAN_POINT ( 'NONE',  ( -0.1000000000000001582, -0.3476676670966734606, 0.3099999999999999978 ) ) ;
#7809 = CARTESIAN_POINT ( 'NONE',  ( -2.899999999999999911, -3.000000000000000000, 4.299999999999999822 ) ) ;
#7810 = VERTEX_POINT ( 'NONE', #6678 ) ;
#7811 = FILL_AREA_STYLE ('',( #7244 ) ) ;
#7812 = SURFACE_SIDE_STYLE ('',( #1707 ) ) ;
#7813 = LINE ( 'NONE', #3886, #7399 ) ;
#7814 = STYLED_ITEM ( 'NONE', ( #185 ), #7912 ) ;
#7815 = ORIENTED_EDGE ( 'NONE', *, *, #4618, .F. ) ;
#7816 = CARTESIAN_POINT ( 'NONE',  ( -0.2000000000000000111, 0.4230640402204000616, 0.2999999999999999889 ) ) ;
#7817 = ORIENTED_EDGE ( 'NONE', *, *, #2449, .T. ) ;
#7818 = CARTESIAN_POINT ( 'NONE',  ( 4.460912291827596299, 1.700000000000000178, -0.001386042793135222519 ) ) ;
#7819 = CARTESIAN_POINT ( 'NONE',  ( -0.09197187804878061146, -0.3231756770441542304, 0.2999999999999999889 ) ) ;
#7820 = CARTESIAN_POINT ( 'NONE',  ( 4.150912291827595801, 1.700000000000000178, 0.2890877081724208542 ) ) ;
#7821 = ADVANCED_FACE ( 'NONE', ( #8244 ), #6758, .T. ) ;
#7822 = SURFACE_SIDE_STYLE ('',( #3918 ) ) ;
#7823 = ORIENTED_EDGE ( 'NONE', *, *, #3016, .F. ) ;
#7824 = ORIENTED_EDGE ( 'NONE', *, *, #1795, .F. ) ;
#7825 =( LENGTH_UNIT ( ) NAMED_UNIT ( * ) SI_UNIT ( .MILLI., .METRE. ) );
#7826 = MECHANICAL_DESIGN_GEOMETRIC_PRESENTATION_REPRESENTATION (  '', ( #3689 ), #7050 ) ;
#7827 = FILL_AREA_STYLE_COLOUR ( '', #3039 ) ;
#7828 = PRESENTATION_LAYER_ASSIGNMENT (  '', '', ( #3525 ) ) ;
#7829 = SURFACE_SIDE_STYLE ('',( #7936 ) ) ;
#7830 = CARTESIAN_POINT ( 'NONE',  ( 2.799999999999998934, 3.000000000000000000, 4.299999999999999822 ) ) ;
#7831 =( LENGTH_UNIT ( ) NAMED_UNIT ( * ) SI_UNIT ( .MILLI., .METRE. ) );
#7832 = UNCERTAINTY_MEASURE_WITH_UNIT (LENGTH_MEASURE( 1.000000000000000082E-05 ), #2938, 'distance_accuracy_value', 'NONE');
#7833 = CARTESIAN_POINT ( 'NONE',  ( -0.09622713414634141704, 0.3035518450984487360, 0.3099999999999999978 ) ) ;
#7834 = ORIENTED_EDGE ( 'NONE', *, *, #2176, .T. ) ;
#7835 = LINE ( 'NONE', #7901, #1197 ) ;
#7836 = CARTESIAN_POINT ( 'NONE',  ( -0.2000000000000001776, -0.3086432768527708204, 0.2999999999999999889 ) ) ;
#7837 = EDGE_CURVE ( 'NONE', #4066, #7979, #1840, .T. ) ;
#7838 = DIRECTION ( 'NONE',  ( 0.0000000000000000000, -1.000000000000000000, 0.0000000000000000000 ) ) ;
#7839 = FILL_AREA_STYLE_COLOUR ( '', #6514 ) ;
#7840 = DIRECTION ( 'NONE',  ( 0.0000000000000000000, -0.0000000000000000000, -1.000000000000000000 ) ) ;
#7841 = ORIENTED_EDGE ( 'NONE', *, *, #1251, .T. ) ;
#7842 = STYLED_ITEM ( 'NONE', ( #7375 ), #5376 ) ;
#7843 = CARTESIAN_POINT ( 'NONE',  ( -2.799999999999999822, -2.900000000000000355, 4.290000000000000036 ) ) ;
#7844 = VERTEX_POINT ( 'NONE', #6066 ) ;
#7845 = LINE ( 'NONE', #7976, #7740 ) ;
#7846 = AXIS2_PLACEMENT_3D ( 'NONE', #8388, #4509, #7838 ) ;
#7847 = COLOUR_RGB ( '',0.4313725490196078649, 0.3529411764705882026, 0.3725490196078431460 ) ;
#7848 = CARTESIAN_POINT ( 'NONE',  ( -0.1641935704285157338, -0.2974633675790516740, 0.3099999999999999978 ) ) ;
#7849 = CARTESIAN_POINT ( 'NONE',  ( -2.410912291827595588, -0.2999999999999999334, -0.001386042793142161413 ) ) ;
#7850 = CARTESIAN_POINT ( 'NONE',  ( -2.485912291827592213, -2.299999999999999822, 0.2890877081724078645 ) ) ;
#7851 = SURFACE_STYLE_FILL_AREA ( #5735 ) ;
#7852 = DIRECTION ( 'NONE',  ( -9.260893556646949330E-16, -1.000000000000000000, 0.0000000000000000000 ) ) ;
#7853 = ORIENTED_EDGE ( 'NONE', *, *, #1945, .T. ) ;
#7854 = ORIENTED_EDGE ( 'NONE', *, *, #3304, .F. ) ;
#7855 = VECTOR ( 'NONE', #6417, 1000.000000000000000 ) ;
#7856 = B_SPLINE_CURVE_WITH_KNOTS ( 'NONE', 3,
 ( #6385, #1018, #3047, #5676, #8325 ),
 .UNSPECIFIED., .F., .F.,
 ( 4, 1, 4 ),
 ( 0.0000000000000000000, 0.4425925908437077783, 0.9999965977674574180 ),
 .UNSPECIFIED. ) ;
#7857 = PRESENTATION_LAYER_ASSIGNMENT (  '', '', ( #8297 ) ) ;
#7858 = FACE_OUTER_BOUND ( 'NONE', #3206, .T. ) ;
#7859 = ORIENTED_EDGE ( 'NONE', *, *, #7141, .F. ) ;
#7860 = CARTESIAN_POINT ( 'NONE',  ( -0.01951219512195112582, 0.2061051987569851585, 0.3099999999999999978 ) ) ;
#7861 = DIRECTION ( 'NONE',  ( -1.322197771323786684E-17, -0.0000000000000000000, 1.000000000000000000 ) ) ;
#7862 = SURFACE_STYLE_USAGE ( .BOTH. , #2695 ) ;
#7863 = ADVANCED_FACE ( 'NONE', ( #374 ), #8294, .T. ) ;
#7864 = UNCERTAINTY_MEASURE_WITH_UNIT (LENGTH_MEASURE( 1.000000000000000082E-05 ), #615, 'distance_accuracy_value', 'NONE');
#7865 = FILL_AREA_STYLE ('',( #2581 ) ) ;
#7866 = MECHANICAL_DESIGN_GEOMETRIC_PRESENTATION_REPRESENTATION (  '', ( #6370 ), #2674 ) ;
#7867 = ORIENTED_EDGE ( 'NONE', *, *, #975, .F. ) ;
#7868 = LINE ( 'NONE', #1152, #6829 ) ;
#7869 = ORIENTED_EDGE ( 'NONE', *, *, #3770, .F. ) ;
#7870 = EDGE_CURVE ( 'NONE', #6039, #3089, #6491, .T. ) ;
#7871 = ADVANCED_FACE ( 'NONE', ( #6693 ), #7613, .T. ) ;
#7872 = CARTESIAN_POINT ( 'NONE',  ( -0.1999999999999999833, 0.4230640402204000616, 0.3099999999999999978 ) ) ;
#7873 = CARTESIAN_POINT ( 'NONE',  ( 0.9750000000000001998, -1.000000000000000000, 9.650000000000000355 ) ) ;
#7874 = CARTESIAN_POINT ( 'NONE',  ( -0.8750000000000007772, 1.224999999999999423, 9.650000000000000355 ) ) ;
#7875 = SURFACE_SIDE_STYLE ('',( #2940 ) ) ;
#7876 = ORIENTED_EDGE ( 'NONE', *, *, #2554, .T. ) ;
#7877 = CARTESIAN_POINT ( 'NONE',  ( 1.449999999999999956, 1.749999999999999778, 7.799999999999999822 ) ) ;
#7878 = LINE ( 'NONE', #4884, #3758 ) ;
#7879 = AXIS2_PLACEMENT_3D ( 'NONE', #2198, #1566, #1506 ) ;
#7880 = FILL_AREA_STYLE ('',( #3856 ) ) ;
#7881 = EDGE_CURVE ( 'NONE', #8234, #3943, #2329, .T. ) ;
#7882 = CARTESIAN_POINT ( 'NONE',  ( -0.1666666666666666019, 0.1157469670496703296, 0.2999999999999999889 ) ) ;
#7883 = STYLED_ITEM ( 'NONE', ( #708 ), #3811 ) ;
#7884 = VERTEX_POINT ( 'NONE', #7338 ) ;
#7885 =( GEOMETRIC_REPRESENTATION_CONTEXT ( 3 ) GLOBAL_UNCERTAINTY_ASSIGNED_CONTEXT ( ( #8000 ) ) GLOBAL_UNIT_ASSIGNED_CONTEXT ( ( #1231, #3203, #7245 ) ) REPRESENTATION_CONTEXT ( 'NONE', 'WORKASPACE' ) );
#7886 = ORIENTED_EDGE ( 'NONE', *, *, #2344, .T. ) ;
#7887 = VECTOR ( 'NONE', #5224, 1000.000000000000000 ) ;
#7888 =( NAMED_UNIT ( * ) SI_UNIT ( $, .STERADIAN. ) SOLID_ANGLE_UNIT ( ) );
#7889 = VERTEX_POINT ( 'NONE', #2061 ) ;
#7890 = DIRECTION ( 'NONE',  ( -0.0000000000000000000, 0.0000000000000000000, 1.000000000000000000 ) ) ;
#7891 =( NAMED_UNIT ( * ) PLANE_ANGLE_UNIT ( ) SI_UNIT ( $, .RADIAN. ) );
#7892 = EDGE_LOOP ( 'NONE', ( #4276, #1704, #1920, #8249 ) ) ;
#7893 = ORIENTED_EDGE ( 'NONE', *, *, #6765, .T. ) ;
#7894 = UNCERTAINTY_MEASURE_WITH_UNIT (LENGTH_MEASURE( 1.000000000000000082E-05 ), #4694, 'distance_accuracy_value', 'NONE');
#7895 =( GEOMETRIC_REPRESENTATION_CONTEXT ( 3 ) GLOBAL_UNCERTAINTY_ASSIGNED_CONTEXT ( ( #1648 ) ) GLOBAL_UNIT_ASSIGNED_CONTEXT ( ( #7831, #7997, #720 ) ) REPRESENTATION_CONTEXT ( 'NONE', 'WORKASPACE' ) );
#7896 = VECTOR ( 'NONE', #2876, 1000.000000000000000 ) ;
#7897 = AXIS2_PLACEMENT_3D ( 'NONE', #6502, #5814, #6534 ) ;
#7898 = VECTOR ( 'NONE', #5891, 1000.000000000000000 ) ;
#7899 = COLOUR_RGB ( '',0.4313725490196078649, 0.3529411764705882026, 0.3725490196078431460 ) ;
#7900 = VECTOR ( 'NONE', #5591, 1000.000000000000000 ) ;
#7901 = CARTESIAN_POINT ( 'NONE',  ( -2.900000000000000799, 3.000000000000000000, 4.290000000000000036 ) ) ;
#7902 = VERTEX_POINT ( 'NONE', #126 ) ;
#7903 = FILL_AREA_STYLE_COLOUR ( '', #5581 ) ;
#7904 = UNCERTAINTY_MEASURE_WITH_UNIT (LENGTH_MEASURE( 1.000000000000000082E-05 ), #5710, 'distance_accuracy_value', 'NONE');
#7905 = CARTESIAN_POINT ( 'NONE',  ( -0.2000000000000001499, -0.2818140085600878697, 0.3099999999999999978 ) ) ;
#7906 = CARTESIAN_POINT ( 'NONE',  ( -1.500000000000000000, -2.899999999999999467, 0.5000000000000000000 ) ) ;
#7907 = FACE_OUTER_BOUND ( 'NONE', #8537, .T. ) ;
#7908 =( NAMED_UNIT ( * ) SI_UNIT ( $, .STERADIAN. ) SOLID_ANGLE_UNIT ( ) );
#7909 = SURFACE_STYLE_USAGE ( .BOTH. , #4603 ) ;
#7910 = CARTESIAN_POINT ( 'NONE',  ( -0.1999999999999999556, 0.1157469670496683034, 0.2999999999999999889 ) ) ;
#7911 = PRESENTATION_LAYER_ASSIGNMENT (  '', '', ( #2131 ) ) ;
#7912 = ADVANCED_FACE ( 'NONE', ( #797 ), #8133, .T. ) ;
#7913 = DIRECTION ( 'NONE',  ( 0.0000000000000000000, -0.0000000000000000000, -1.000000000000000000 ) ) ;
#7914 = DIRECTION ( 'NONE',  ( 1.000000000000000000, 0.0000000000000000000, 0.0000000000000000000 ) ) ;
#7915 = ORIENTED_EDGE ( 'NONE', *, *, #3355, .T. ) ;
#7916 = B_SPLINE_CURVE_WITH_KNOTS ( 'NONE', 3,
 ( #7949, #6511, #3901, #3316, #5221 ),
 .UNSPECIFIED., .F., .F.,
 ( 4, 1, 4 ),
 ( 0.0000000000000000000, 0.4411679680994874397, 0.9999999999999998890 ),
 .UNSPECIFIED. ) ;
#7917 = FACE_OUTER_BOUND ( 'NONE', #2279, .T. ) ;
#7918 = CARTESIAN_POINT ( 'NONE',  ( 4.460912291827594522, -0.2999999999999999334, -0.001386042793142161413 ) ) ;
#7919 = EDGE_CURVE ( 'NONE', #2493, #373, #2960, .T. ) ;
#7920 = ORIENTED_EDGE ( 'NONE', *, *, #3612, .T. ) ;
#7921 =( NAMED_UNIT ( * ) PLANE_ANGLE_UNIT ( ) SI_UNIT ( $, .RADIAN. ) );
#7922 = VERTEX_POINT ( 'NONE', #935 ) ;
#7923 = SURFACE_SIDE_STYLE ('',( #4237 ) ) ;
#7924 = ORIENTED_EDGE ( 'NONE', *, *, #7110, .F. ) ;
#7925 = PRESENTATION_STYLE_ASSIGNMENT (( #2862 ) ) ;
#7926 = DIRECTION ( 'NONE',  ( 0.0000000000000000000, 1.000000000000000000, 0.0000000000000000000 ) ) ;
#7927 =( GEOMETRIC_REPRESENTATION_CONTEXT ( 3 ) GLOBAL_UNCERTAINTY_ASSIGNED_CONTEXT ( ( #3750 ) ) GLOBAL_UNIT_ASSIGNED_CONTEXT ( ( #8378, #1039, #445 ) ) REPRESENTATION_CONTEXT ( 'NONE', 'WORKASPACE' ) );
#7928 = LINE ( 'NONE', #5809, #5972 ) ;
#7929 = EDGE_CURVE ( 'NONE', #81, #4066, #7199, .T. ) ;
#7930 = DIRECTION ( 'NONE',  ( 5.762889602839895437E-15, 1.000000000000000000, 0.0000000000000000000 ) ) ;
#7931 = CARTESIAN_POINT ( 'NONE',  ( -0.01036585365853647835, 0.1547713572935705273, 0.2999999999999999889 ) ) ;
#7932 = FACE_OUTER_BOUND ( 'NONE', #6525, .T. ) ;
#7933 = AXIS2_PLACEMENT_3D ( 'NONE', #3549, #5522, #6223 ) ;
#7934 = CARTESIAN_POINT ( 'NONE',  ( 0.0000000000000000000, 0.0000000000000000000, 0.2999999999999999889 ) ) ;
#7935 = VERTEX_POINT ( 'NONE', #6233 ) ;
#7936 = SURFACE_STYLE_FILL_AREA ( #4014 ) ;
#7937 = DIRECTION ( 'NONE',  ( 1.000000000000000000, 6.098637220230959917E-14, 0.0000000000000000000 ) ) ;
#7938 = SURFACE_STYLE_USAGE ( .BOTH. , #3951 ) ;
#7939 = DIRECTION ( 'NONE',  ( -0.0000000000000000000, -0.0000000000000000000, 1.000000000000000000 ) ) ;
#7940 = EDGE_CURVE ( 'NONE', #5647, #1403, #2011, .T. ) ;
#7941 = LINE ( 'NONE', #4414, #794 ) ;
#7942 = ORIENTED_EDGE ( 'NONE', *, *, #85, .F. ) ;
#7943 = VERTEX_POINT ( 'NONE', #5534 ) ;
#7944 = AXIS2_PLACEMENT_3D ( 'NONE', #7562, #8241, #1581 ) ;
#7945 = LINE ( 'NONE', #8106, #4441 ) ;
#7946 = CARTESIAN_POINT ( 'NONE',  ( 2.449999999999999289, -0.2999999999999999334, 0.3499999999999999778 ) ) ;
#7947 = STYLED_ITEM ( 'NONE', ( #5002 ), #837 ) ;
#7948 = CARTESIAN_POINT ( 'NONE',  ( -2.410912291827596921, 2.299999999999999822, -0.001386042793135222519 ) ) ;
#7949 = CARTESIAN_POINT ( 'NONE',  ( -0.1025152439024390044, -0.1915701061210637046, 0.3099999999999999978 ) ) ;
#7950 = CARTESIAN_POINT ( 'NONE',  ( -2.449999999999999289, -1.700000000000000178, 0.3499999999999999778 ) ) ;
#7951 = VECTOR ( 'NONE', #7781, 1000.000000000000000 ) ;
#7952 = ORIENTED_EDGE ( 'NONE', *, *, #6992, .T. ) ;
#7953 = CARTESIAN_POINT ( 'NONE',  ( 2.900000000000000355, -3.000000000000000000, 5.500000000000000000 ) ) ;
#7954 = ADVANCED_FACE ( 'NONE', ( #7713 ), #4195, .F. ) ;
#7955 = ORIENTED_EDGE ( 'NONE', *, *, #541, .T. ) ;
#7956 = CARTESIAN_POINT ( 'NONE',  ( 1.000000000000000000, -1.750000000000000222, 5.500000000000000000 ) ) ;
#7957 = CARTESIAN_POINT ( 'NONE',  ( -0.1019435975609755685, -0.1647408378283807540, 0.2999999999999999889 ) ) ;
#7958 = CARTESIAN_POINT ( 'NONE',  ( -0.2022264651461603280, 0.1928184819596071020, 0.3099999999999999978 ) ) ;
#7959 = CARTESIAN_POINT ( 'NONE',  ( -0.01235192601029994758, -0.1685994980976595614, 0.3099999999999999978 ) ) ;
#7960 = AXIS2_PLACEMENT_3D ( 'NONE', #7154, #6528, #1808 ) ;
#7961 = CIRCLE ( 'NONE', #943, 0.09999999999999939493 ) ;
#7962 = PRESENTATION_LAYER_ASSIGNMENT (  '', '', ( #8065 ) ) ;
#7963 = ORIENTED_EDGE ( 'NONE', *, *, #1308, .T. ) ;
#7964 = CARTESIAN_POINT ( 'NONE',  ( 0.9749999999999999778, 1.124999999999999778, 9.650000000000000355 ) ) ;
#7965 = FILL_AREA_STYLE ('',( #3300 ) ) ;
#7966 = DIRECTION ( 'NONE',  ( -1.000000000000000000, -0.0000000000000000000, 1.322197771323786684E-17 ) ) ;
#7967 =( NAMED_UNIT ( * ) PLANE_ANGLE_UNIT ( ) SI_UNIT ( $, .RADIAN. ) );
#7968 = LINE ( 'NONE', #2049, #8382 ) ;
#7969 = CARTESIAN_POINT ( 'NONE',  ( -0.9749999999999996447, -1.225000000000000533, 10.40000000000000213 ) ) ;
#7970 = CARTESIAN_POINT ( 'NONE',  ( -2.899999999999999911, -3.000000000000000000, 4.290000000000000036 ) ) ;
#7971 = CARTESIAN_POINT ( 'NONE',  ( 2.800000000000000266, -2.900000000000000355, 5.500000000000000000 ) ) ;
#7972 = LINE ( 'NONE', #2417, #6210 ) ;
#7973 = FILL_AREA_STYLE ('',( #58 ) ) ;
#7974 = VERTEX_POINT ( 'NONE', #4158 ) ;
#7975 = FILL_AREA_STYLE_COLOUR ( '', #5467 ) ;
#7976 = CARTESIAN_POINT ( 'NONE',  ( 4.460912291827596299, 1.700000000000000178, -0.001386042793135222519 ) ) ;
#7977 = CARTESIAN_POINT ( 'NONE',  ( -0.1615853658536586523, -0.2911508988039902546, 0.2999999999999999889 ) ) ;
#7978 = MECHANICAL_DESIGN_GEOMETRIC_PRESENTATION_REPRESENTATION (  '', ( #4727 ), #8426 ) ;
#7979 = VERTEX_POINT ( 'NONE', #5580 ) ;
#7980 = DIRECTION ( 'NONE',  ( 8.673617379884072943E-16, 1.000000000000000000, -0.0000000000000000000 ) ) ;
#7981 = FACE_OUTER_BOUND ( 'NONE', #1668, .T. ) ;
#7982 = FACE_OUTER_BOUND ( 'NONE', #4091, .T. ) ;
#7983 = VERTEX_POINT ( 'NONE', #7504 ) ;
#7984 = CARTESIAN_POINT ( 'NONE',  ( -0.02195121951219507553, 0.3206250158301560127, 0.2999999999999999889 ) ) ;
#7985 = FACE_OUTER_BOUND ( 'NONE', #3479, .T. ) ;
#7986 = CARTESIAN_POINT ( 'NONE',  ( -0.02195121951219501308, 0.008429893878936361995, 0.2999999999999999889 ) ) ;
#7987 = ORIENTED_EDGE ( 'NONE', *, *, #7340, .T. ) ;
#7988 = CARTESIAN_POINT ( 'NONE',  ( -0.1262250630136597940, -0.1593816199477637863, 0.3099999999999999978 ) ) ;
#7989 = EDGE_LOOP ( 'NONE', ( #3268, #4, #7702, #2147 ) ) ;
#7990 = SURFACE_SIDE_STYLE ('',( #3558 ) ) ;
#7991 = DIRECTION ( 'NONE',  ( 1.212335156506534113E-14, 1.000000000000000000, 0.0000000000000000000 ) ) ;
#7992 = ADVANCED_FACE ( 'NONE', ( #2752 ), #4826, .T. ) ;
#7993 = CARTESIAN_POINT ( 'NONE',  ( -0.05609756097560978511, -0.2545655329503319630, 0.2999999999999999889 ) ) ;
#7994 = FACE_OUTER_BOUND ( 'NONE', #4882, .T. ) ;
#7995 = MECHANICAL_DESIGN_GEOMETRIC_PRESENTATION_REPRESENTATION (  '', ( #8 ), #3864 ) ;
#7996 = LINE ( 'NONE', #5070, #5222 ) ;
#7997 =( NAMED_UNIT ( * ) PLANE_ANGLE_UNIT ( ) SI_UNIT ( $, .RADIAN. ) );
#7998 = ORIENTED_EDGE ( 'NONE', *, *, #1360, .T. ) ;
#7999 = VERTEX_POINT ( 'NONE', #6206 ) ;
#8000 = UNCERTAINTY_MEASURE_WITH_UNIT (LENGTH_MEASURE( 1.000000000000000082E-05 ), #1231, 'distance_accuracy_value', 'NONE');
#8001 = SURFACE_SIDE_STYLE ('',( #650 ) ) ;
#8002 = CARTESIAN_POINT ( 'NONE',  ( -2.799999999999999822, -3.000000000000000000, 4.290000000000000036 ) ) ;
#8003 = UNCERTAINTY_MEASURE_WITH_UNIT (LENGTH_MEASURE( 1.000000000000000082E-05 ), #4006, 'distance_accuracy_value', 'NONE');
#8004 = DIRECTION ( 'NONE',  ( -1.000000000000000000, 0.0000000000000000000, 0.0000000000000000000 ) ) ;
#8005 = LINE ( 'NONE', #5461, #2737 ) ;
#8006 = EDGE_LOOP ( 'NONE', ( #2678, #409, #6326, #7661 ) ) ;
#8007 = PRESENTATION_LAYER_ASSIGNMENT (  '', '', ( #7120 ) ) ;
#8008 = VERTEX_POINT ( 'NONE', #2265 ) ;
#8009 = MECHANICAL_DESIGN_GEOMETRIC_PRESENTATION_REPRESENTATION (  '', ( #4194 ), #4918 ) ;
#8010 = VERTEX_POINT ( 'NONE', #6791 ) ;
#8011 = DIRECTION ( 'NONE',  ( -1.149628165652732347E-15, -1.000000000000000000, 0.0000000000000000000 ) ) ;
#8012 = CIRCLE ( 'NONE', #3636, 0.3535533905932595200 ) ;
#8013 = CARTESIAN_POINT ( 'NONE',  ( 1.500000000000000000, 0.0000000000000000000, 4.289999999999999147 ) ) ;
#8014 = CARTESIAN_POINT ( 'NONE',  ( -0.02195121951219501655, 0.08891769875698520009, 0.3099999999999999978 ) ) ;
#8015 = ORIENTED_EDGE ( 'NONE', *, *, #6445, .F. ) ;
#8016 = COLOUR_RGB ( '',0.7764705882352941346, 0.7568627450980391913, 0.7372549019607843590 ) ;
#8017 =( GEOMETRIC_REPRESENTATION_CONTEXT ( 3 ) GLOBAL_UNCERTAINTY_ASSIGNED_CONTEXT ( ( #1443 ) ) GLOBAL_UNIT_ASSIGNED_CONTEXT ( ( #8127, #1559, #1471 ) ) REPRESENTATION_CONTEXT ( 'NONE', 'WORKASPACE' ) );
#8018 = DIRECTION ( 'NONE',  ( -0.0000000000000000000, -1.000000000000000000, 0.0000000000000000000 ) ) ;
#8019 = PRESENTATION_STYLE_ASSIGNMENT (( #303 ) ) ;
#8020 = CARTESIAN_POINT ( 'NONE',  ( -0.005145845428662360402, 0.2395164444374139889, 0.3099999999999999978 ) ) ;
#8021 = VERTEX_POINT ( 'NONE', #3589 ) ;
#8022 = FACE_OUTER_BOUND ( 'NONE', #3443, .T. ) ;
#8023 = FILL_AREA_STYLE ('',( #177 ) ) ;
#8024 = STYLED_ITEM ( 'NONE', ( #111 ), #7303 ) ;
#8025 = CARTESIAN_POINT ( 'NONE',  ( -4.150912291827595801, 0.9999999999999986677, 8.650000000000000355 ) ) ;
#8026 = CARTESIAN_POINT ( 'NONE',  ( 0.9749999999999999778, 1.124999999999999778, 10.50000000000000000 ) ) ;
#8027 = EDGE_CURVE ( 'NONE', #5130, #4762, #4217, .T. ) ;
#8028 = SURFACE_STYLE_FILL_AREA ( #4564 ) ;
#8029 =( NAMED_UNIT ( * ) SI_UNIT ( $, .STERADIAN. ) SOLID_ANGLE_UNIT ( ) );
#8030 = VERTEX_POINT ( 'NONE', #6150 ) ;
#8031 = ADVANCED_FACE ( 'NONE', ( #7091 ), #2849, .T. ) ;
#8032 = CARTESIAN_POINT ( 'NONE',  ( -0.09622713414634141704, 0.3035518450984487360, 0.2999999999999999889 ) ) ;
#8033 = LINE ( 'NONE', #4202, #594 ) ;
#8034 = CARTESIAN_POINT ( 'NONE',  ( 0.8749999999999998890, 1.224999999999999645, 10.50000000000000000 ) ) ;
#8035 = AXIS2_PLACEMENT_3D ( 'NONE', #3129, #3800, #2510 ) ;
#8036 = ORIENTED_EDGE ( 'NONE', *, *, #3018, .T. ) ;
#8037 = VECTOR ( 'NONE', #7294, 1000.000000000000000 ) ;
#8038 = EDGE_CURVE ( 'NONE', #5681, #7460, #788, .T. ) ;
#8039 = DIRECTION ( 'NONE',  ( -0.0000000000000000000, -1.000000000000000000, -0.0000000000000000000 ) ) ;
#8040 = PRESENTATION_LAYER_ASSIGNMENT (  '', '', ( #7883 ) ) ;
#8041 =( GEOMETRIC_REPRESENTATION_CONTEXT ( 3 ) GLOBAL_UNCERTAINTY_ASSIGNED_CONTEXT ( ( #6467 ) ) GLOBAL_UNIT_ASSIGNED_CONTEXT ( ( #5351, #1978, #6636 ) ) REPRESENTATION_CONTEXT ( 'NONE', 'WORKASPACE' ) );
#8042 = VECTOR ( 'NONE', #1230, 1000.000000000000000 ) ;
#8043 = CARTESIAN_POINT ( 'NONE',  ( 2.799999999999998934, 2.900000000000000355, 5.399999999999999467 ) ) ;
#8044 = ORIENTED_EDGE ( 'NONE', *, *, #1029, .F. ) ;
#8045 = CARTESIAN_POINT ( 'NONE',  ( -0.01235192601029994758, -0.1685994980976595614, 0.2999999999999999889 ) ) ;
#8046 = CARTESIAN_POINT ( 'NONE',  ( 2.899999999999999023, 3.000000000000000000, 4.290000000000000036 ) ) ;
#8047 = ORIENTED_EDGE ( 'NONE', *, *, #3518, .T. ) ;
#8048 = DIRECTION ( 'NONE',  ( 1.000000000000000000, 0.0000000000000000000, 1.322197771323786684E-17 ) ) ;
#8049 =( NAMED_UNIT ( * ) SI_UNIT ( $, .STERADIAN. ) SOLID_ANGLE_UNIT ( ) );
#8050 = LINE ( 'NONE', #6422, #8361 ) ;
#8051 = ORIENTED_EDGE ( 'NONE', *, *, #4965, .T. ) ;
#8052 = MECHANICAL_DESIGN_GEOMETRIC_PRESENTATION_REPRESENTATION (  '', ( #202 ), #952 ) ;
#8053 = CARTESIAN_POINT ( 'NONE',  ( 4.150912291827595801, 0.2999999999999999334, 0.2890877081724139153 ) ) ;
#8054 = CARTESIAN_POINT ( 'NONE',  ( 4.642445256390806029E-14, 0.1157469670496560077, 0.3099999999999999978 ) ) ;
#8055 = MECHANICAL_DESIGN_GEOMETRIC_PRESENTATION_REPRESENTATION (  '', ( #1228 ), #7778 ) ;
#8056 = CARTESIAN_POINT ( 'NONE',  ( -0.2018470482731543059, 0.1767206533673904290, 0.2999999999999999889 ) ) ;
#8057 =( NAMED_UNIT ( * ) SI_UNIT ( $, .STERADIAN. ) SOLID_ANGLE_UNIT ( ) );
#8058 = ORIENTED_EDGE ( 'NONE', *, *, #3174, .F. ) ;
#8059 = SURFACE_STYLE_USAGE ( .BOTH. , #5964 ) ;
#8060 = CARTESIAN_POINT ( 'NONE',  ( -0.1121951219512194037, 0.08891769875698531111, 0.2999999999999999889 ) ) ;
#8061 = FACE_OUTER_BOUND ( 'NONE', #610, .T. ) ;
#8062 = B_SPLINE_SURFACE_WITH_KNOTS ( 'NONE', 3, 1, ( 
 ( #1095, #6342 ),
 ( #1121, #5054 ),
 ( #6459, #3734 ),
 ( #1719, #7007 ),
 ( #7667, #8486 ) ),
 .UNSPECIFIED., .F., .F., .F.,
 ( 4, 1, 4 ),
 ( 2, 2 ),
 ( 0.0000000000000000000, 0.5574074091562921662, 0.9999999999999998890 ),
 ( 0.0000000000000000000, 1.000000000000000000 ),
 .UNSPECIFIED. ) ;
#8063 = CARTESIAN_POINT ( 'NONE',  ( -0.2000000000000001776, -0.3086432768527708204, 0.2999999999999999889 ) ) ;
#8064 = MECHANICAL_DESIGN_GEOMETRIC_PRESENTATION_REPRESENTATION (  '', ( #1616 ), #4807 ) ;
#8065 = STYLED_ITEM ( 'NONE', ( #5103 ), #2625 ) ;
#8066 = CARTESIAN_POINT ( 'NONE',  ( 4.065758146820641628E-17, 0.3206250158301560127, 0.2999999999999999889 ) ) ;
#8067 = EDGE_LOOP ( 'NONE', ( #6734, #8089, #306, #5795 ) ) ;
#8068 = ORIENTED_EDGE ( 'NONE', *, *, #4386, .T. ) ;
#8069 = FILL_AREA_STYLE ('',( #2780 ) ) ;
#8070 = FACE_OUTER_BOUND ( 'NONE', #2773, .T. ) ;
#8071 = EDGE_CURVE ( 'NONE', #7529, #1099, #4534, .T. ) ;
#8072 = SURFACE_STYLE_USAGE ( .BOTH. , #4122 ) ;
#8073 = ADVANCED_FACE ( 'NONE', ( #1280 ), #682, .T. ) ;
#8074 = SURFACE_STYLE_USAGE ( .BOTH. , #2845 ) ;
#8075 = ADVANCED_FACE ( 'NONE', ( #2125 ), #338, .F. ) ;
#8076 = EDGE_LOOP ( 'NONE', ( #3861, #221, #4432, #1141 ) ) ;
#8077 = EDGE_CURVE ( 'NONE', #6165, #602, #6588, .T. ) ;
#8078 =( NAMED_UNIT ( * ) PLANE_ANGLE_UNIT ( ) SI_UNIT ( $, .RADIAN. ) );
#8079 = VECTOR ( 'NONE', #283, 1000.000000000000000 ) ;
#8080 = FACE_OUTER_BOUND ( 'NONE', #8442, .T. ) ;
#8081 = CARTESIAN_POINT ( 'NONE',  ( -0.1780487804878047586, 0.0000000000000000000, 0.3099999999999999978 ) ) ;
#8082 = CARTESIAN_POINT ( 'NONE',  ( 2.034017743893765662, -1.116868741266024312, 4.289999999999999147 ) ) ;
#8083 = CARTESIAN_POINT ( 'NONE',  ( -0.2022264651461603280, 0.1928184819596071020, 0.2999999999999999889 ) ) ;
#8084 = ORIENTED_EDGE ( 'NONE', *, *, #4349, .F. ) ;
#8085 = ORIENTED_EDGE ( 'NONE', *, *, #1601, .T. ) ;
#8086 = MECHANICAL_DESIGN_GEOMETRIC_PRESENTATION_REPRESENTATION (  '', ( #3847 ), #2615 ) ;
#8087 = EDGE_CURVE ( 'NONE', #7435, #6773, #3705, .T. ) ;
#8088 =( NAMED_UNIT ( * ) PLANE_ANGLE_UNIT ( ) SI_UNIT ( $, .RADIAN. ) );
#8089 = ORIENTED_EDGE ( 'NONE', *, *, #6259, .T. ) ;
#8090 = CARTESIAN_POINT ( 'NONE',  ( -0.1613746029348573918, 0.2692072517098779705, 0.2999999999999999889 ) ) ;
#8091 = SURFACE_STYLE_FILL_AREA ( #7744 ) ;
#8092 =( NAMED_UNIT ( * ) PLANE_ANGLE_UNIT ( ) SI_UNIT ( $, .RADIAN. ) );
#8093 = UNCERTAINTY_MEASURE_WITH_UNIT (LENGTH_MEASURE( 1.000000000000000082E-05 ), #6637, 'distance_accuracy_value', 'NONE');
#8094 = EDGE_LOOP ( 'NONE', ( #2749, #4373, #6601, #8446, #1175, #1159, #7915, #5426 ) ) ;
#8095 = ORIENTED_EDGE ( 'NONE', *, *, #3134, .F. ) ;
#8096 = VECTOR ( 'NONE', #1202, 1000.000000000000000 ) ;
#8097 = EDGE_CURVE ( 'NONE', #1071, #7282, #8122, .T. ) ;
#8098 = LINE ( 'NONE', #3971, #7898 ) ;
#8099 = LINE ( 'NONE', #6212, #4610 ) ;
#8100 = ORIENTED_EDGE ( 'NONE', *, *, #5312, .F. ) ;
#8101 = CARTESIAN_POINT ( 'NONE',  ( -0.09622713414634141704, 0.3035518450984487360, 0.2999999999999999889 ) ) ;
#8102 = ORIENTED_EDGE ( 'NONE', *, *, #8071, .T. ) ;
#8103 = MECHANICAL_DESIGN_GEOMETRIC_PRESENTATION_REPRESENTATION (  '', ( #1881 ), #4581 ) ;
#8104 =( GEOMETRIC_REPRESENTATION_CONTEXT ( 3 ) GLOBAL_UNCERTAINTY_ASSIGNED_CONTEXT ( ( #3143 ) ) GLOBAL_UNIT_ASSIGNED_CONTEXT ( ( #5250, #7921, #8057 ) ) REPRESENTATION_CONTEXT ( 'NONE', 'WORKASPACE' ) );
#8105 = B_SPLINE_SURFACE_WITH_KNOTS ( 'NONE', 3, 1, ( 
 ( #6951, #3679 ),
 ( #3739, #5669 ),
 ( #3035, #5029 ),
 ( #2355, #3071 ),
 ( #7646, #3710 ) ),
 .UNSPECIFIED., .F., .F., .F.,
 ( 4, 1, 4 ),
 ( 2, 2 ),
 ( 0.0000000000000000000, 0.5538110896097562241, 1.000000000000000000 ),
 ( 0.0000000000000000000, 1.000000000000000000 ),
 .UNSPECIFIED. ) ;
#8106 = CARTESIAN_POINT ( 'NONE',  ( -4.535912291827594700, -0.2999999999999999334, 0.2890877081724139153 ) ) ;
#8107 = DIRECTION ( 'NONE',  ( 0.0000000000000000000, 0.0000000000000000000, -1.000000000000000000 ) ) ;
#8108 = EDGE_CURVE ( 'NONE', #7531, #3190, #8333, .T. ) ;
#8109 = PRESENTATION_STYLE_ASSIGNMENT (( #2971 ) ) ;
#8110 = CARTESIAN_POINT ( 'NONE',  ( -0.1756097560975611038, -0.2943521183161854626, 0.3099999999999999978 ) ) ;
#8111 = DIRECTION ( 'NONE',  ( 1.000000000000000000, 0.0000000000000000000, 0.0000000000000000000 ) ) ;
#8112 = VERTEX_POINT ( 'NONE', #3678 ) ;
#8113 = EDGE_CURVE ( 'NONE', #3367, #1262, #2436, .T. ) ;
#8114 = CARTESIAN_POINT ( 'NONE',  ( -0.03173124805979991858, 0.2653486292911170219, 0.2999999999999999889 ) ) ;
#8115 = EDGE_LOOP ( 'NONE', ( #7451, #4296, #3289, #3611 ) ) ;
#8116 = ADVANCED_FACE ( 'NONE', ( #4016 ), #3069, .F. ) ;
#8117 = MECHANICAL_DESIGN_GEOMETRIC_PRESENTATION_REPRESENTATION (  '', ( #1547 ), #6639 ) ;
#8118 = AXIS2_PLACEMENT_3D ( 'NONE', #6975, #1630, #6290 ) ;
#8119 = DIRECTION ( 'NONE',  ( 0.0000000000000000000, 1.000000000000000000, -0.0000000000000000000 ) ) ;
#8120 = CARTESIAN_POINT ( 'NONE',  ( -2.899999999999999911, -3.000000000000000000, 0.2999999999999999889 ) ) ;
#8121 = ORIENTED_EDGE ( 'NONE', *, *, #3850, .F. ) ;
#8122 = CIRCLE ( 'NONE', #8256, 0.1000000000000000472 ) ;
#8123 = LINE ( 'NONE', #4849, #178 ) ;
#8124 = EDGE_CURVE ( 'NONE', #6785, #5770, #4663, .T. ) ;
#8125 = UNCERTAINTY_MEASURE_WITH_UNIT (LENGTH_MEASURE( 1.000000000000000082E-05 ), #6498, 'distance_accuracy_value', 'NONE');
#8126 = DIRECTION ( 'NONE',  ( -0.0000000000000000000, -1.000000000000000000, -0.0000000000000000000 ) ) ;
#8127 =( LENGTH_UNIT ( ) NAMED_UNIT ( * ) SI_UNIT ( .MILLI., .METRE. ) );
#8128 = CARTESIAN_POINT ( 'NONE',  ( 4.150912291827595801, 0.2999999999999999334, -0.001386042793148666626 ) ) ;
#8129 = FACE_OUTER_BOUND ( 'NONE', #1207, .T. ) ;
#8130 = LINE ( 'NONE', #1153, #2121 ) ;
#8131 = MECHANICAL_DESIGN_GEOMETRIC_PRESENTATION_REPRESENTATION (  '', ( #5494 ), #424 ) ;
#8132 = ORIENTED_EDGE ( 'NONE', *, *, #393, .T. ) ;
#8133 = CYLINDRICAL_SURFACE ( 'NONE', #6609, 0.1000000000000000472 ) ;
#8134 = CARTESIAN_POINT ( 'NONE',  ( -0.1718225138095084703, 0.1630595889805083742, 0.3099999999999999978 ) ) ;
#8135 = CARTESIAN_POINT ( 'NONE',  ( 0.9750000000000001998, -1.000000000000000000, 8.650000000000000355 ) ) ;
#8136 = CARTESIAN_POINT ( 'NONE',  ( -0.02195121951219501308, -0.05742376465764913868, 0.2999999999999999889 ) ) ;
#8137 = ORIENTED_EDGE ( 'NONE', *, *, #8531, .F. ) ;
#8138 = CARTESIAN_POINT ( 'NONE',  ( -0.1780487804878047586, 0.01330794265942434468, 0.2999999999999999889 ) ) ;
#8139 = STYLED_ITEM ( 'NONE', ( #6178 ), #7556 ) ;
#8140 = SURFACE_STYLE_USAGE ( .BOTH. , #3560 ) ;
#8141 = SURFACE_STYLE_USAGE ( .BOTH. , #989 ) ;
#8142 = EDGE_CURVE ( 'NONE', #1992, #1449, #365, .T. ) ;
#8143 = FILL_AREA_STYLE ('',( #914 ) ) ;
#8144 = EDGE_CURVE ( 'NONE', #6650, #6698, #3494, .T. ) ;
#8145 = CARTESIAN_POINT ( 'NONE',  ( 2.100000000000006750, -0.2999999999999999334, 0.2999999999999999889 ) ) ;
#8146 = CARTESIAN_POINT ( 'NONE',  ( -4.150912291827595801, 1.700000000000000178, 0.2890877081724208542 ) ) ;
#8147 = VECTOR ( 'NONE', #2187, 1000.000000000000000 ) ;
#8148 = ORIENTED_EDGE ( 'NONE', *, *, #800, .T. ) ;
#8149 = ORIENTED_EDGE ( 'NONE', *, *, #7767, .F. ) ;
#8150 = DIRECTION ( 'NONE',  ( -0.0000000000000000000, -0.0000000000000000000, 1.000000000000000000 ) ) ;
#8151 = DIRECTION ( 'NONE',  ( 1.000000000000000000, 0.0000000000000000000, -0.0000000000000000000 ) ) ;
#8152 = PRESENTATION_STYLE_ASSIGNMENT (( #5229 ) ) ;
#8153 = UNCERTAINTY_MEASURE_WITH_UNIT (LENGTH_MEASURE( 1.000000000000000082E-05 ), #3720, 'distance_accuracy_value', 'NONE');
#8154 = VERTEX_POINT ( 'NONE', #2477 ) ;
#8155 = EDGE_CURVE ( 'NONE', #904, #1992, #5863, .T. ) ;
#8156 = EDGE_LOOP ( 'NONE', ( #7800, #2435, #7267, #8243 ) ) ;
#8157 = VECTOR ( 'NONE', #5988, 1000.000000000000000 ) ;
#8158 = AXIS2_PLACEMENT_3D ( 'NONE', #4392, #1770, #4366 ) ;
#8159 = AXIS2_PLACEMENT_3D ( 'NONE', #8386, #3142, #7745 ) ;
#8160 = DIRECTION ( 'NONE',  ( 0.0000000000000000000, 0.0000000000000000000, 1.000000000000000000 ) ) ;
#8161 = CARTESIAN_POINT ( 'NONE',  ( -1.449999999999999956, 1.749999999999999778, 5.500000000000000000 ) ) ;
#8162 = SURFACE_SIDE_STYLE ('',( #7396 ) ) ;
#8163 = LINE ( 'NONE', #3462, #8372 ) ;
#8164 = ORIENTED_EDGE ( 'NONE', *, *, #2376, .F. ) ;
#8165 = ADVANCED_FACE ( 'NONE', ( #5041 ), #8495, .F. ) ;
#8166 =( LENGTH_UNIT ( ) NAMED_UNIT ( * ) SI_UNIT ( .MILLI., .METRE. ) );
#8167 = LINE ( 'NONE', #1710, #6825 ) ;
#8168 = EDGE_CURVE ( 'NONE', #5240, #5699, #2542, .T. ) ;
#8169 = DIRECTION ( 'NONE',  ( 0.0000000000000000000, -0.0000000000000000000, 1.000000000000000000 ) ) ;
#8170 = STYLED_ITEM ( 'NONE', ( #6663 ), #5064 ) ;
#8171 = ORIENTED_EDGE ( 'NONE', *, *, #581, .T. ) ;
#8172 = SURFACE_STYLE_FILL_AREA ( #5440 ) ;
#8173 = FILL_AREA_STYLE ('',( #5606 ) ) ;
#8174 =( GEOMETRIC_REPRESENTATION_CONTEXT ( 3 ) GLOBAL_UNCERTAINTY_ASSIGNED_CONTEXT ( ( #5097 ) ) GLOBAL_UNIT_ASSIGNED_CONTEXT ( ( #931, #1657, #1034 ) ) REPRESENTATION_CONTEXT ( 'NONE', 'WORKASPACE' ) );
#8175 =( LENGTH_UNIT ( ) NAMED_UNIT ( * ) SI_UNIT ( .MILLI., .METRE. ) );
#8176 = SURFACE_STYLE_USAGE ( .BOTH. , #4979 ) ;
#8177 = EDGE_LOOP ( 'NONE', ( #5724, #32, #5728, #1780 ) ) ;
#8178 = COLOUR_RGB ( '',0.4313725490196078649, 0.3529411764705882026, 0.3725490196078431460 ) ;
#8179 =( NAMED_UNIT ( * ) PLANE_ANGLE_UNIT ( ) SI_UNIT ( $, .RADIAN. ) );
#8180 = VECTOR ( 'NONE', #1037, 1000.000000000000000 ) ;
#8181 = ORIENTED_EDGE ( 'NONE', *, *, #4263, .T. ) ;
#8182 = DIRECTION ( 'NONE',  ( -0.1105567340389882053, 0.0000000000000000000, -0.9938698146933694355 ) ) ;
#8183 = AXIS2_PLACEMENT_3D ( 'NONE', #8275, #2961, #8247 ) ;
#8184 = VECTOR ( 'NONE', #4027, 1000.000000000000000 ) ;
#8185 =( GEOMETRIC_REPRESENTATION_CONTEXT ( 3 ) GLOBAL_UNCERTAINTY_ASSIGNED_CONTEXT ( ( #6091 ) ) GLOBAL_UNIT_ASSIGNED_CONTEXT ( ( #4056, #4076, #2018 ) ) REPRESENTATION_CONTEXT ( 'NONE', 'WORKASPACE' ) );
#8186 = CARTESIAN_POINT ( 'NONE',  ( 2.485912291827597098, 1.700000000000000178, 0.2890877081724209097 ) ) ;
#8187 = ORIENTED_EDGE ( 'NONE', *, *, #5955, .T. ) ;
#8188 = SPHERICAL_SURFACE ( 'NONE', #7190, 0.1000000000000000056 ) ;
#8189 = ORIENTED_EDGE ( 'NONE', *, *, #4834, .F. ) ;
#8190 = DIRECTION ( 'NONE',  ( 1.000000000000000000, 2.525698242721911228E-16, 0.0000000000000000000 ) ) ;
#8191 =( NAMED_UNIT ( * ) SI_UNIT ( $, .STERADIAN. ) SOLID_ANGLE_UNIT ( ) );
#8192 = EDGE_CURVE ( 'NONE', #7571, #2300, #7928, .T. ) ;
#8193 = EDGE_CURVE ( 'NONE', #5347, #1769, #894, .T. ) ;
#8194 = VECTOR ( 'NONE', #5927, 1000.000000000000000 ) ;
#8195 = ORIENTED_EDGE ( 'NONE', *, *, #1283, .F. ) ;
#8196 = FILL_AREA_STYLE_COLOUR ( '', #7320 ) ;
#8197 = DIRECTION ( 'NONE',  ( -0.1105567340389882053, 0.0000000000000000000, -0.9938698146933694355 ) ) ;
#8198 = SURFACE_SIDE_STYLE ('',( #1335 ) ) ;
#8199 =( LENGTH_UNIT ( ) NAMED_UNIT ( * ) SI_UNIT ( .MILLI., .METRE. ) );
#8200 = LINE ( 'NONE', #1454, #6444 ) ;
#8201 = PRESENTATION_STYLE_ASSIGNMENT (( #1495 ) ) ;
#8202 = ORIENTED_EDGE ( 'NONE', *, *, #7006, .T. ) ;
#8203 =( GEOMETRIC_REPRESENTATION_CONTEXT ( 3 ) GLOBAL_UNCERTAINTY_ASSIGNED_CONTEXT ( ( #8485 ) ) GLOBAL_UNIT_ASSIGNED_CONTEXT ( ( #2909, #4219, #6196 ) ) REPRESENTATION_CONTEXT ( 'NONE', 'WORKASPACE' ) );
#8204 = ORIENTED_EDGE ( 'NONE', *, *, #501, .T. ) ;
#8205 = EDGE_CURVE ( 'NONE', #2985, #4485, #5766, .T. ) ;
#8206 = DIRECTION ( 'NONE',  ( 7.160100253192848135E-16, 1.000000000000000000, 0.0000000000000000000 ) ) ;
#8207 = EDGE_CURVE ( 'NONE', #2530, #8154, #2222, .T. ) ;
#8208 = CIRCLE ( 'NONE', #7723, 0.1000000000000000472 ) ;
#8209 = VERTEX_POINT ( 'NONE', #8464 ) ;
#8210 = ADVANCED_FACE ( 'NONE', ( #2756 ), #1180, .F. ) ;
#8211 = ORIENTED_EDGE ( 'NONE', *, *, #4681, .T. ) ;
#8212 = DIRECTION ( 'NONE',  ( -1.327594496921025717E-16, 1.000000000000000000, 0.0000000000000000000 ) ) ;
#8213 = UNCERTAINTY_MEASURE_WITH_UNIT (LENGTH_MEASURE( 1.000000000000000082E-05 ), #5781, 'distance_accuracy_value', 'NONE');
#8214 = VECTOR ( 'NONE', #8269, 1000.000000000000000 ) ;
#8215 = ADVANCED_FACE ( 'NONE', ( #2326 ), #1988, .F. ) ;
#8216 = CARTESIAN_POINT ( 'NONE',  ( -0.9749999999999999778, 1.124999999999999778, 10.40000000000000213 ) ) ;
#8217 = CARTESIAN_POINT ( 'NONE',  ( 2.410912291827596921, 2.299999999999999822, -0.001386042793135222519 ) ) ;
#8218 = CIRCLE ( 'NONE', #6282, 0.07071067811865430763 ) ;
#8219 = CARTESIAN_POINT ( 'NONE',  ( 0.0000000000000000000, 0.0000000000000000000, 0.0000000000000000000 ) ) ;
#8220 = PLANE ( 'NONE',  #6966 ) ;
#8221 = PRESENTATION_LAYER_ASSIGNMENT (  '', '', ( #2410 ) ) ;
#8222 = ORIENTED_EDGE ( 'NONE', *, *, #6789, .T. ) ;
#8223 = SURFACE_STYLE_USAGE ( .BOTH. , #2967 ) ;
#8224 = AXIS2_PLACEMENT_3D ( 'NONE', #8455, #2469, #8360 ) ;
#8225 = VERTEX_POINT ( 'NONE', #5389 ) ;
#8226 = DIRECTION ( 'NONE',  ( -0.4813095137127779144, 0.8765507127426052092, 0.0000000000000000000 ) ) ;
#8227 = VECTOR ( 'NONE', #4578, 1000.000000000000000 ) ;
#8228 = CARTESIAN_POINT ( 'NONE',  ( 0.001669636225061408913, 0.1822059869876324345, 0.2999999999999999889 ) ) ;
#8229 = CARTESIAN_POINT ( 'NONE',  ( -0.1262250630136597940, -0.1593816199477637863, 0.3099999999999999978 ) ) ;
#8230 = DIRECTION ( 'NONE',  ( -1.000000000000000000, -0.0000000000000000000, 1.322197771323786684E-17 ) ) ;
#8231 = EDGE_LOOP ( 'NONE', ( #3168, #6155, #7643 ) ) ;
#8232 = FACE_OUTER_BOUND ( 'NONE', #447, .T. ) ;
#8233 = DIRECTION ( 'NONE',  ( 0.0000000000000000000, 1.000000000000000000, -0.0000000000000000000 ) ) ;
#8234 = VERTEX_POINT ( 'NONE', #4689 ) ;
#8235 = COLOUR_RGB ( '',0.4313725490196078649, 0.3529411764705882026, 0.3725490196078431460 ) ;
#8236 =( GEOMETRIC_REPRESENTATION_CONTEXT ( 3 ) GLOBAL_UNCERTAINTY_ASSIGNED_CONTEXT ( ( #5447 ) ) GLOBAL_UNIT_ASSIGNED_CONTEXT ( ( #6919, #2975, #4256 ) ) REPRESENTATION_CONTEXT ( 'NONE', 'WORKASPACE' ) );
#8237 = PRESENTATION_STYLE_ASSIGNMENT (( #3038 ) ) ;
#8238 = COLOUR_RGB ( '',0.7764705882352941346, 0.7568627450980391913, 0.7372549019607843590 ) ;
#8239 = STYLED_ITEM ( 'NONE', ( #4262 ), #3068 ) ;
#8240 = UNCERTAINTY_MEASURE_WITH_UNIT (LENGTH_MEASURE( 1.000000000000000082E-05 ), #3149, 'distance_accuracy_value', 'NONE');
#8241 = DIRECTION ( 'NONE',  ( 0.0000000000000000000, -0.0000000000000000000, 1.000000000000000000 ) ) ;
#8242 = CARTESIAN_POINT ( 'NONE',  ( 1.054909488602983725, -2.899999999999999911, 0.5000000000000000000 ) ) ;
#8243 = ORIENTED_EDGE ( 'NONE', *, *, #1293, .F. ) ;
#8244 = FACE_OUTER_BOUND ( 'NONE', #7469, .T. ) ;
#8245 = CARTESIAN_POINT ( 'NONE',  ( 2.100000000000000089, -1.700000000000000178, 0.2999999999999999889 ) ) ;
#8246 = EDGE_CURVE ( 'NONE', #1558, #381, #4936, .T. ) ;
#8247 = DIRECTION ( 'NONE',  ( -1.000000000000000000, 0.0000000000000000000, 0.0000000000000000000 ) ) ;
#8248 = DIRECTION ( 'NONE',  ( 1.190686314426044034E-15, 1.000000000000000000, 0.0000000000000000000 ) ) ;
#8249 = ORIENTED_EDGE ( 'NONE', *, *, #6207, .F. ) ;
#8250 = LINE ( 'NONE', #5631, #7621 ) ;
#8251 = DIRECTION ( 'NONE',  ( 0.0000000000000000000, -0.0000000000000000000, -1.000000000000000000 ) ) ;
#8252 = DIRECTION ( 'NONE',  ( 0.0000000000000000000, 1.000000000000000000, 0.0000000000000000000 ) ) ;
#8253 = SURFACE_STYLE_USAGE ( .BOTH. , #982 ) ;
#8254 = B_SPLINE_CURVE_WITH_KNOTS ( 'NONE', 3,
 ( #7614, #5059, #8228, #2943, #6260 ),
 .UNSPECIFIED., .F., .F.,
 ( 4, 1, 4 ),
 ( 0.0000000000000000000, 0.4408901428664989686, 0.9999905282716057275 ),
 .UNSPECIFIED. ) ;
#8255 = ORIENTED_EDGE ( 'NONE', *, *, #7424, .T. ) ;
#8256 = AXIS2_PLACEMENT_3D ( 'NONE', #1014, #1662, #3709 ) ;
#8257 = CARTESIAN_POINT ( 'NONE',  ( 2.800000000000000266, -3.000000000000000000, 4.290000000000000036 ) ) ;
#8258 = VERTEX_POINT ( 'NONE', #1269 ) ;
#8259 = VECTOR ( 'NONE', #8277, 1000.000000000000000 ) ;
#8260 = DIRECTION ( 'NONE',  ( 1.000000000000000000, -0.0000000000000000000, -0.0000000000000000000 ) ) ;
#8261 = SURFACE_STYLE_USAGE ( .BOTH. , #4977 ) ;
#8262 = VECTOR ( 'NONE', #3210, 1000.000000000000000 ) ;
#8263 = EDGE_CURVE ( 'NONE', #1064, #6190, #6376, .T. ) ;
#8264 = CARTESIAN_POINT ( 'NONE',  ( -0.8749999999999995559, -1.225000000000000533, 7.799999999999999822 ) ) ;
#8265 = UNCERTAINTY_MEASURE_WITH_UNIT (LENGTH_MEASURE( 1.000000000000000082E-05 ), #3392, 'distance_accuracy_value', 'NONE');
#8266 = ORIENTED_EDGE ( 'NONE', *, *, #949, .T. ) ;
#8267 = FILL_AREA_STYLE_COLOUR ( '', #1322 ) ;
#8268 = SURFACE_STYLE_FILL_AREA ( #5190 ) ;
#8269 = DIRECTION ( 'NONE',  ( 0.0000000000000000000, -0.0000000000000000000, -1.000000000000000000 ) ) ;
#8270 = VECTOR ( 'NONE', #6767, 1000.000000000000000 ) ;
#8271 = EDGE_LOOP ( 'NONE', ( #7332, #4684, #6550, #4240, #4850, #8417 ) ) ;
#8272 = DIRECTION ( 'NONE',  ( 0.0000000000000000000, 1.000000000000000000, 0.0000000000000000000 ) ) ;
#8273 = AXIS2_PLACEMENT_3D ( 'NONE', #4889, #4922, #4949 ) ;
#8274 =( LENGTH_UNIT ( ) NAMED_UNIT ( * ) SI_UNIT ( .MILLI., .METRE. ) );
#8275 = CARTESIAN_POINT ( 'NONE',  ( 0.8749999999999998890, 1.124999999999999778, 10.50000000000000000 ) ) ;
#8276 = SURFACE_STYLE_USAGE ( .BOTH. , #3665 ) ;
#8277 = DIRECTION ( 'NONE',  ( 1.000000000000000000, -0.0000000000000000000, -0.0000000000000000000 ) ) ;
#8278 = EDGE_CURVE ( 'NONE', #2985, #4378, #2551, .T. ) ;
#8279 = CARTESIAN_POINT ( 'NONE',  ( -0.1945121951219511980, 0.1547713572935706661, 0.2999999999999999889 ) ) ;
#8280 = ORIENTED_EDGE ( 'NONE', *, *, #624, .T. ) ;
#8281 = VECTOR ( 'NONE', #7728, 1000.000000000000000 ) ;
#8282 = VERTEX_POINT ( 'NONE', #660 ) ;
#8283 = B_SPLINE_SURFACE_WITH_KNOTS ( 'NONE', 3, 1, ( 
 ( #4333, #4996 ),
 ( #5658, #2341 ),
 ( #6965, #7631 ),
 ( #3696, #1716 ),
 ( #6426, #1740 ) ),
 .UNSPECIFIED., .F., .F., .F.,
 ( 4, 1, 4 ),
 ( 2, 2 ),
 ( 0.0000000000000000000, 0.5588320319005124492, 0.9999999999999998890 ),
 ( 0.0000000000000000000, 1.000000000000000000 ),
 .UNSPECIFIED. ) ;
#8284 =( LENGTH_UNIT ( ) NAMED_UNIT ( * ) SI_UNIT ( .MILLI., .METRE. ) );
#8285 = CARTESIAN_POINT ( 'NONE',  ( -2.485912291827597098, 1.700000000000000178, 0.2890877081724208542 ) ) ;
#8286 = CARTESIAN_POINT ( 'NONE',  ( -4.150912291827595801, -2.299999999999999822, 7.799999999999999822 ) ) ;
#8287 = AXIS2_PLACEMENT_3D ( 'NONE', #974, #8420, #1854 ) ;
#8288 = DIRECTION ( 'NONE',  ( 0.2499999999999998057, -0.0000000000000000000, -0.9682458365518542553 ) ) ;
#8289 =( NAMED_UNIT ( * ) PLANE_ANGLE_UNIT ( ) SI_UNIT ( $, .RADIAN. ) );
#8290 = CARTESIAN_POINT ( 'NONE',  ( -0.1780487804878048419, 0.08891769875698535275, 0.2999999999999999889 ) ) ;
#8291 = ORIENTED_EDGE ( 'NONE', *, *, #4746, .F. ) ;
#8292 = CARTESIAN_POINT ( 'NONE',  ( -0.8749999999999998890, 1.224999999999999645, 10.40000000000000213 ) ) ;
#8293 = ORIENTED_EDGE ( 'NONE', *, *, #7319, .F. ) ;
#8294 = B_SPLINE_SURFACE_WITH_KNOTS ( 'NONE', 3, 1, ( 
 ( #6120, #810 ),
 ( #8083, #753 ),
 ( #8056, #6015 ),
 ( #4724, #2118 ),
 ( #5480, #7423 ) ),
 .UNSPECIFIED., .F., .F., .F.,
 ( 4, 1, 4 ),
 ( 2, 2 ),
 ( 0.0000000000000000000, 0.5602261238395755960, 1.000000000000000000 ),
 ( 0.0000000000000000000, 1.000000000000000000 ),
 .UNSPECIFIED. ) ;
#8295 = FILL_AREA_STYLE_COLOUR ( '', #5004 ) ;
#8296 = ORIENTED_EDGE ( 'NONE', *, *, #6048, .F. ) ;
#8297 = STYLED_ITEM ( 'NONE', ( #6387 ), #6904 ) ;
#8298 = LINE ( 'NONE', #4825, #6125 ) ;
#8299 = ADVANCED_FACE ( 'NONE', ( #1377 ), #1962, .T. ) ;
#8300 =( NAMED_UNIT ( * ) PLANE_ANGLE_UNIT ( ) SI_UNIT ( $, .RADIAN. ) );
#8301 = ADVANCED_FACE ( 'NONE', ( #4734 ), #2713, .F. ) ;
#8302 = ORIENTED_EDGE ( 'NONE', *, *, #3677, .T. ) ;
#8303 = ORIENTED_EDGE ( 'NONE', *, *, #6008, .F. ) ;
#8304 = PRESENTATION_STYLE_ASSIGNMENT (( #3896 ) ) ;
#8305 = ORIENTED_EDGE ( 'NONE', *, *, #5595, .F. ) ;
#8306 = SURFACE_STYLE_USAGE ( .BOTH. , #4303 ) ;
#8307 = MECHANICAL_DESIGN_GEOMETRIC_PRESENTATION_REPRESENTATION (  '', ( #2552 ), #2820 ) ;
#8308 = B_SPLINE_CURVE_WITH_KNOTS ( 'NONE', 3,
 ( #2107, #2164, #5496, #5469, #3465 ),
 .UNSPECIFIED., .F., .F.,
 ( 4, 1, 4 ),
 ( 0.0000000000000000000, 0.5000000000000001110, 0.9999967968749998715 ),
 .UNSPECIFIED. ) ;
#8309 = EDGE_CURVE ( 'NONE', #5711, #7771, #6680, .T. ) ;
#8310 = CIRCLE ( 'NONE', #5025, 0.1000000000000000472 ) ;
#8311 = LINE ( 'NONE', #333, #3049 ) ;
#8312 =( LENGTH_UNIT ( ) NAMED_UNIT ( * ) SI_UNIT ( .MILLI., .METRE. ) );
#8313 = FILL_AREA_STYLE_COLOUR ( '', #3890 ) ;
#8314 = VERTEX_POINT ( 'NONE', #3 ) ;
#8315 = FILL_AREA_STYLE_COLOUR ( '', #3244 ) ;
#8316 = ORIENTED_EDGE ( 'NONE', *, *, #891, .F. ) ;
#8317 = DIRECTION ( 'NONE',  ( -1.000000000000000000, 0.0000000000000000000, 0.0000000000000000000 ) ) ;
#8318 = CARTESIAN_POINT ( 'NONE',  ( -0.003658536585365815708, 0.3206250158301560682, 0.2999999999999999889 ) ) ;
#8319 = PRESENTATION_STYLE_ASSIGNMENT (( #5073 ) ) ;
#8320 = SURFACE_SIDE_STYLE ('',( #6172 ) ) ;
#8321 =( GEOMETRIC_REPRESENTATION_CONTEXT ( 3 ) GLOBAL_UNCERTAINTY_ASSIGNED_CONTEXT ( ( #7219 ) ) GLOBAL_UNIT_ASSIGNED_CONTEXT ( ( #6171, #2250, #6911 ) ) REPRESENTATION_CONTEXT ( 'NONE', 'WORKASPACE' ) );
#8322 = LINE ( 'NONE', #3118, #959 ) ;
#8323 = AXIS2_PLACEMENT_3D ( 'NONE', #3242, #1209, #5204 ) ;
#8324 = ORIENTED_EDGE ( 'NONE', *, *, #1006, .F. ) ;
#8325 = CARTESIAN_POINT ( 'NONE',  ( -0.09622713414634141704, 0.3035518450984487360, 0.2999999999999999889 ) ) ;
#8326 = PRESENTATION_LAYER_ASSIGNMENT (  '', '', ( #7281 ) ) ;
#8327 = PLANE ( 'NONE',  #3397 ) ;
#8328 = DIRECTION ( 'NONE',  ( 1.239088197126290817E-16, -1.000000000000000000, 0.0000000000000000000 ) ) ;
#8329 = CARTESIAN_POINT ( 'NONE',  ( 2.100000000000006750, 0.2999999999999999334, 0.2999999999999999889 ) ) ;
#8330 =( NAMED_UNIT ( * ) SI_UNIT ( $, .STERADIAN. ) SOLID_ANGLE_UNIT ( ) );
#8331 = CARTESIAN_POINT ( 'NONE',  ( -0.02195121951219501308, 0.008429893878936361995, 0.2999999999999999889 ) ) ;
#8332 = ORIENTED_EDGE ( 'NONE', *, *, #1469, .F. ) ;
#8333 = LINE ( 'NONE', #2319, #3074 ) ;
#8334 = CARTESIAN_POINT ( 'NONE',  ( -0.8749999999999998890, 1.124999999999999778, 10.50000000000000000 ) ) ;
#8335 = COLOUR_RGB ( '',0.4313725490196078649, 0.3529411764705882026, 0.3725490196078431460 ) ;
#8336 =( LENGTH_UNIT ( ) NAMED_UNIT ( * ) SI_UNIT ( .MILLI., .METRE. ) );
#8337 = MECHANICAL_DESIGN_GEOMETRIC_PRESENTATION_REPRESENTATION (  '', ( #4250 ), #6013 ) ;
#8338 = CARTESIAN_POINT ( 'NONE',  ( -0.01951219512195112582, 0.2061051987569851585, 0.2999999999999999889 ) ) ;
#8339 = ORIENTED_EDGE ( 'NONE', *, *, #1408, .F. ) ;
#8340 = SURFACE_SIDE_STYLE ('',( #5622 ) ) ;
#8341 = CARTESIAN_POINT ( 'NONE',  ( 2.485912291827597098, 2.299999999999999822, 0.2890877081724208542 ) ) ;
#8342 = FILL_AREA_STYLE ('',( #3738 ) ) ;
#8343 =( LENGTH_UNIT ( ) NAMED_UNIT ( * ) SI_UNIT ( .MILLI., .METRE. ) );
#8344 = VECTOR ( 'NONE', #3708, 1000.000000000000114 ) ;
#8345 = SURFACE_STYLE_FILL_AREA ( #3079 ) ;
#8346 = B_SPLINE_CURVE_WITH_KNOTS ( 'NONE', 3,
 ( #4714, #7882, #4761, #6809, #799 ),
 .UNSPECIFIED., .F., .F.,
 ( 4, 1, 4 ),
 ( 0.0000000000000000000, 0.4999999999998843148, 0.9999974999999999836 ),
 .UNSPECIFIED. ) ;
#8347 = STYLED_ITEM ( 'NONE', ( #1210 ), #6620 ) ;
#8348 = ORIENTED_EDGE ( 'NONE', *, *, #302, .F. ) ;
#8349 = VECTOR ( 'NONE', #11, 1000.000000000000000 ) ;
#8350 = CARTESIAN_POINT ( 'NONE',  ( -4.150912291827595801, -2.299999999999999822, 0.2890877081724074205 ) ) ;
#8351 = DIRECTION ( 'NONE',  ( -1.000000000000000000, -0.0000000000000000000, 1.322197771323786684E-17 ) ) ;
#8352 = EDGE_LOOP ( 'NONE', ( #2384, #714, #1845, #478 ) ) ;
#8353 = SURFACE_STYLE_USAGE ( .BOTH. , #3749 ) ;
#8354 = ORIENTED_EDGE ( 'NONE', *, *, #668, .T. ) ;
#8355 = PRESENTATION_STYLE_ASSIGNMENT (( #1286 ) ) ;
#8356 = FILL_AREA_STYLE_COLOUR ( '', #2256 ) ;
#8357 = EDGE_CURVE ( 'NONE', #567, #423, #3284, .T. ) ;
#8358 = EDGE_CURVE ( 'NONE', #1271, #3773, #8346, .T. ) ;
#8359 = UNCERTAINTY_MEASURE_WITH_UNIT (LENGTH_MEASURE( 1.000000000000000082E-05 ), #1895, 'distance_accuracy_value', 'NONE');
#8360 = DIRECTION ( 'NONE',  ( 0.0000000000000000000, -0.0000000000000000000, 1.000000000000000000 ) ) ;
#8361 = VECTOR ( 'NONE', #7689, 1000.000000000000000 ) ;
#8362 = CARTESIAN_POINT ( 'NONE',  ( 2.485912291827593990, -0.2999999999999999334, 0.2890877081724148034 ) ) ;
#8363 = ORIENTED_EDGE ( 'NONE', *, *, #7229, .T. ) ;
#8364 = VERTEX_POINT ( 'NONE', #740 ) ;
#8365 = VECTOR ( 'NONE', #8252, 1000.000000000000000 ) ;
#8366 = B_SPLINE_CURVE_WITH_KNOTS ( 'NONE', 3,
 ( #1997, #84, #4721, #5368, #1353 ),
 .UNSPECIFIED., .F., .F.,
 ( 4, 1, 4 ),
 ( 0.0000000000000000000, 0.4999999999999992784, 0.9999823892617449861 ),
 .UNSPECIFIED. ) ;
#8367 = LINE ( 'NONE', #5905, #7019 ) ;
#8368 = CARTESIAN_POINT ( 'NONE',  ( 0.0000000000000000000, -2.900000000000000355, 5.399999999999999467 ) ) ;
#8369 =( NAMED_UNIT ( * ) PLANE_ANGLE_UNIT ( ) SI_UNIT ( $, .RADIAN. ) );
#8370 = AXIS2_PLACEMENT_3D ( 'NONE', #5956, #8530, #636 ) ;
#8371 = DIRECTION ( 'NONE',  ( -0.0000000000000000000, -0.0000000000000000000, 1.000000000000000000 ) ) ;
#8372 = VECTOR ( 'NONE', #6169, 1000.000000000000000 ) ;
#8373 = DIRECTION ( 'NONE',  ( -1.322197771323786684E-17, 0.0000000000000000000, -1.000000000000000000 ) ) ;
#8374 = MANIFOLD_SOLID_BREP ( '实体-移动/复制1[1]', #3814 ) ;
#8375 = VERTEX_POINT ( 'NONE', #6058 ) ;
#8376 = EDGE_CURVE ( 'NONE', #642, #3173, #4630, .T. ) ;
#8377 =( NAMED_UNIT ( * ) PLANE_ANGLE_UNIT ( ) SI_UNIT ( $, .RADIAN. ) );
#8378 =( LENGTH_UNIT ( ) NAMED_UNIT ( * ) SI_UNIT ( .MILLI., .METRE. ) );
#8379 = UNCERTAINTY_MEASURE_WITH_UNIT (LENGTH_MEASURE( 1.000000000000000082E-05 ), #4729, 'distance_accuracy_value', 'NONE');
#8380 = LINE ( 'NONE', #849, #6307 ) ;
#8381 = EDGE_CURVE ( 'NONE', #5528, #4316, #6162, .T. ) ;
#8382 = VECTOR ( 'NONE', #1370, 1000.000000000000000 ) ;
#8383 = EDGE_CURVE ( 'NONE', #7404, #6092, #1, .T. ) ;
#8384 = PRESENTATION_STYLE_ASSIGNMENT (( #2047 ) ) ;
#8385 = FILL_AREA_STYLE_COLOUR ( '', #1391 ) ;
#8386 = CARTESIAN_POINT ( 'NONE',  ( 0.8750000000000001110, -1.125000000000000666, 10.40000000000000213 ) ) ;
#8387 = CARTESIAN_POINT ( 'NONE',  ( -0.1666666666666668517, -0.3216514069340716819, 0.3099999999999999978 ) ) ;
#8388 = CARTESIAN_POINT ( 'NONE',  ( -0.1780487804878047586, -0.05742376465764893745, 0.2999999999999999889 ) ) ;
#8389 = LINE ( 'NONE', #5024, #3239 ) ;
#8390 = STYLED_ITEM ( 'NONE', ( #8237 ), #1086 ) ;
#8391 = ORIENTED_EDGE ( 'NONE', *, *, #6141, .T. ) ;
#8392 = ADVANCED_FACE ( 'NONE', ( #2113 ), #5032, .F. ) ;
#8393 = FILL_AREA_STYLE_COLOUR ( '', #4456 ) ;
#8394 = PLANE ( 'NONE',  #2688 ) ;
#8395 = CARTESIAN_POINT ( 'NONE',  ( 0.0000000000000000000, 0.1157469670496683034, 0.3099999999999999978 ) ) ;
#8396 = CARTESIAN_POINT ( 'NONE',  ( -0.04674796747967480820, -0.2513833683161856292, 0.3099999999999999978 ) ) ;
#8397 = ORIENTED_EDGE ( 'NONE', *, *, #6458, .T. ) ;
#8398 = EDGE_LOOP ( 'NONE', ( #8280, #137, #1749, #4847 ) ) ;
#8399 = CARTESIAN_POINT ( 'NONE',  ( -0.1804878048780486632, 0.2016082475374730842, 0.2999999999999999889 ) ) ;
#8400 = STYLED_ITEM ( 'NONE', ( #3008 ), #6127 ) ;
#8401 = VECTOR ( 'NONE', #3369, 1000.000000000000000 ) ;
#8402 =( NAMED_UNIT ( * ) PLANE_ANGLE_UNIT ( ) SI_UNIT ( $, .RADIAN. ) );
#8403 = STYLED_ITEM ( 'NONE', ( #3540 ), #2884 ) ;
#8404 = FILL_AREA_STYLE_COLOUR ( '', #1685 ) ;
#8405 = VERTEX_POINT ( 'NONE', #4180 ) ;
#8406 = DIRECTION ( 'NONE',  ( 0.0000000000000000000, 1.000000000000000000, -0.0000000000000000000 ) ) ;
#8407 = ORIENTED_EDGE ( 'NONE', *, *, #679, .F. ) ;
#8408 = EDGE_CURVE ( 'NONE', #5463, #7810, #6411, .T. ) ;
#8409 = SURFACE_STYLE_USAGE ( .BOTH. , #7741 ) ;
#8410 =( NAMED_UNIT ( * ) SI_UNIT ( $, .STERADIAN. ) SOLID_ANGLE_UNIT ( ) );
#8411 = PRESENTATION_STYLE_ASSIGNMENT (( #5816 ) ) ;
#8412 =( NAMED_UNIT ( * ) PLANE_ANGLE_UNIT ( ) SI_UNIT ( $, .RADIAN. ) );
#8413 = SURFACE_STYLE_USAGE ( .BOTH. , #3782 ) ;
#8414 = AXIS2_PLACEMENT_3D ( 'NONE', #7483, #8119, #2363 ) ;
#8415 =( NAMED_UNIT ( * ) SI_UNIT ( $, .STERADIAN. ) SOLID_ANGLE_UNIT ( ) );
#8416 = LINE ( 'NONE', #8034, #440 ) ;
#8417 = ORIENTED_EDGE ( 'NONE', *, *, #7251, .F. ) ;
#8418 = DIRECTION ( 'NONE',  ( 0.0000000000000000000, 0.0000000000000000000, -1.000000000000000000 ) ) ;
#8419 = SURFACE_STYLE_FILL_AREA ( #2739 ) ;
#8420 = DIRECTION ( 'NONE',  ( 0.0000000000000000000, -1.000000000000000000, 0.0000000000000000000 ) ) ;
#8421 = CARTESIAN_POINT ( 'NONE',  ( -5.945112498541120505E-17, 0.4230640402204000616, 0.3099999999999999978 ) ) ;
#8422 = VECTOR ( 'NONE', #986, 1000.000000000000000 ) ;
#8423 = PLANE ( 'NONE',  #6386 ) ;
#8424 = DIRECTION ( 'NONE',  ( 0.0000000000000000000, 1.000000000000000000, 0.0000000000000000000 ) ) ;
#8425 = FILL_AREA_STYLE_COLOUR ( '', #6709 ) ;
#8426 =( GEOMETRIC_REPRESENTATION_CONTEXT ( 3 ) GLOBAL_UNCERTAINTY_ASSIGNED_CONTEXT ( ( #5160 ) ) GLOBAL_UNIT_ASSIGNED_CONTEXT ( ( #6293, #7645, #5643 ) ) REPRESENTATION_CONTEXT ( 'NONE', 'WORKASPACE' ) );
#8427 = ORIENTED_EDGE ( 'NONE', *, *, #3355, .F. ) ;
#8428 = EDGE_CURVE ( 'NONE', #8030, #7979, #1468, .T. ) ;
#8429 = B_SPLINE_CURVE_WITH_KNOTS ( 'NONE', 3,
 ( #767, #7321, #1367, #6027, #7406 ),
 .UNSPECIFIED., .F., .F.,
 ( 4, 1, 4 ),
 ( 0.0000000000000000000, 0.5000000000000002220, 0.9999929310344827238 ),
 .UNSPECIFIED. ) ;
#8430 = ORIENTED_EDGE ( 'NONE', *, *, #4369, .F. ) ;
#8431 = DIRECTION ( 'NONE',  ( 0.0000000000000000000, -0.0000000000000000000, -1.000000000000000000 ) ) ;
#8432 = SURFACE_STYLE_FILL_AREA ( #997 ) ;
#8433 =( NAMED_UNIT ( * ) SI_UNIT ( $, .STERADIAN. ) SOLID_ANGLE_UNIT ( ) );
#8434 = CARTESIAN_POINT ( 'NONE',  ( -0.1476626016260164098, -0.3031046589665920554, 0.2999999999999999889 ) ) ;
#8435 = CARTESIAN_POINT ( 'NONE',  ( -0.02095757235475189870, 0.1780205318248705149, 0.2999999999999999889 ) ) ;
#8436 = ADVANCED_FACE ( 'NONE', ( #6788 ), #5754, .T. ) ;
#8437 = CARTESIAN_POINT ( 'NONE',  ( -0.1270002124748391137, -0.1867108446239766628, 0.2999999999999999889 ) ) ;
#8438 =( LENGTH_UNIT ( ) NAMED_UNIT ( * ) SI_UNIT ( .MILLI., .METRE. ) );
#8439 = VERTEX_POINT ( 'NONE', #8135 ) ;
#8440 = SURFACE_STYLE_FILL_AREA ( #6748 ) ;
#8441 = PRESENTATION_LAYER_ASSIGNMENT (  '', '', ( #7541 ) ) ;
#8442 = EDGE_LOOP ( 'NONE', ( #7815, #8204, #1441, #813, #1077, #2064, #6242, #3876, #4117, #4268, #4449, #293 ) ) ;
#8443 = DIRECTION ( 'NONE',  ( 0.0000000000000000000, -1.000000000000000000, 0.0000000000000000000 ) ) ;
#8444 = PRESENTATION_STYLE_ASSIGNMENT (( #4458 ) ) ;
#8445 = CARTESIAN_POINT ( 'NONE',  ( 2.449999999999999289, -0.2999999999999999334, 0.3499999999999999778 ) ) ;
#8446 = ORIENTED_EDGE ( 'NONE', *, *, #4563, .T. ) ;
#8447 = SURFACE_STYLE_FILL_AREA ( #7252 ) ;
#8448 = PLANE ( 'NONE',  #2173 ) ;
#8449 =( NAMED_UNIT ( * ) PLANE_ANGLE_UNIT ( ) SI_UNIT ( $, .RADIAN. ) );
#8450 = DIRECTION ( 'NONE',  ( 1.322197771323786684E-17, 0.0000000000000000000, 1.000000000000000000 ) ) ;
#8451 = LINE ( 'NONE', #2486, #1481 ) ;
#8452 =( LENGTH_UNIT ( ) NAMED_UNIT ( * ) SI_UNIT ( .MILLI., .METRE. ) );
#8453 = ORIENTED_EDGE ( 'NONE', *, *, #3546, .F. ) ;
#8454 = SURFACE_STYLE_FILL_AREA ( #2720 ) ;
#8455 = CARTESIAN_POINT ( 'NONE',  ( 0.0000000000000000000, -2.899999999999999467, 4.289999999999999147 ) ) ;
#8456 = MECHANICAL_DESIGN_GEOMETRIC_PRESENTATION_REPRESENTATION (  '', ( #7120 ), #3704 ) ;
#8457 = AXIS2_PLACEMENT_3D ( 'NONE', #6668, #7323, #2048 ) ;
#8458 = PLANE ( 'NONE',  #1216 ) ;
#8459 = CARTESIAN_POINT ( 'NONE',  ( 4.150912291827595801, -2.299999999999999822, 7.799999999999999822 ) ) ;
#8460 = CARTESIAN_POINT ( 'NONE',  ( -0.02884605855447445327, 0.1618753864160945577, 0.3099999999999999978 ) ) ;
#8461 = EDGE_LOOP ( 'NONE', ( #2082, #355, #3341, #7633 ) ) ;
#8462 = CARTESIAN_POINT ( 'NONE',  ( -1.499999999999999778, -2.750000000000000444, 0.2999999999999999889 ) ) ;
#8463 = SURFACE_SIDE_STYLE ('',( #4021 ) ) ;
#8464 = CARTESIAN_POINT ( 'NONE',  ( -0.9749999999999999778, 0.9999999999999988898, 8.650000000000000355 ) ) ;
#8465 = CARTESIAN_POINT ( 'NONE',  ( -1.000000000000000000, -1.750000000000000222, 5.500000000000000000 ) ) ;
#8466 = B_SPLINE_CURVE_WITH_KNOTS ( 'NONE', 3,
 ( #5792, #7804, #6360, #1821, #3870 ),
 .UNSPECIFIED., .F., .F.,
 ( 4, 1, 4 ),
 ( 0.0000000000000000000, 0.5000000000000002220, 1.000000000000000000 ),
 .UNSPECIFIED. ) ;
#8467 = AXIS2_PLACEMENT_3D ( 'NONE', #5880, #1888, #3232 ) ;
#8468 = AXIS2_PLACEMENT_3D ( 'NONE', #4843, #2247, #4265 ) ;
#8469 = VERTEX_POINT ( 'NONE', #118 ) ;
#8470 = ORIENTED_EDGE ( 'NONE', *, *, #5937, .F. ) ;
#8471 = SURFACE_STYLE_USAGE ( .BOTH. , #5184 ) ;
#8472 = SURFACE_STYLE_USAGE ( .BOTH. , #542 ) ;
#8473 = DIRECTION ( 'NONE',  ( -1.000000000000000000, 0.0000000000000000000, 0.0000000000000000000 ) ) ;
#8474 = EDGE_CURVE ( 'NONE', #1081, #1980, #8123, .T. ) ;
#8475 = FACE_OUTER_BOUND ( 'NONE', #969, .T. ) ;
#8476 = EDGE_LOOP ( 'NONE', ( #2617, #3848, #3893, #3105 ) ) ;
#8477 = DIRECTION ( 'NONE',  ( -1.000000000000000000, 0.0000000000000000000, -0.0000000000000000000 ) ) ;
#8478 =( GEOMETRIC_REPRESENTATION_CONTEXT ( 3 ) GLOBAL_UNCERTAINTY_ASSIGNED_CONTEXT ( ( #3449 ) ) GLOBAL_UNIT_ASSIGNED_CONTEXT ( ( #4332, #2549, #2575 ) ) REPRESENTATION_CONTEXT ( 'NONE', 'WORKASPACE' ) );
#8479 = EDGE_CURVE ( 'NONE', #2816, #2295, #599, .T. ) ;
#8480 = DIRECTION ( 'NONE',  ( 2.315223389161759125E-15, 1.000000000000000000, 0.0000000000000000000 ) ) ;
#8481 = CARTESIAN_POINT ( 'NONE',  ( -1.000000000000000000, -1.550000000000000266, 5.500000000000000000 ) ) ;
#8482 = CARTESIAN_POINT ( 'NONE',  ( -4.150912291827595801, 1.700000000000000178, 0.2890877081724208542 ) ) ;
#8483 = DIRECTION ( 'NONE',  ( 0.0000000000000000000, -0.0000000000000000000, -1.000000000000000000 ) ) ;
#8484 = EDGE_CURVE ( 'NONE', #5832, #7529, #4209, .T. ) ;
#8485 = UNCERTAINTY_MEASURE_WITH_UNIT (LENGTH_MEASURE( 1.000000000000000082E-05 ), #2909, 'distance_accuracy_value', 'NONE');
#8486 = CARTESIAN_POINT ( 'NONE',  ( -0.2024390243902438047, 0.2018369060740585474, 0.3099999999999999978 ) ) ;
#8487 = LINE ( 'NONE', #73, #6638 ) ;
#8488 = CARTESIAN_POINT ( 'NONE',  ( -1.500000000000000000, 2.899999999999999467, 4.289999999999999147 ) ) ;
#8490 = CARTESIAN_POINT ( 'NONE',  ( 0.002203601940028727512, 0.2013578829656293145, 0.2999999999999999889 ) ) ;
#8489 = PLANE ( 'NONE',  #7176 ) ;
#8491 = PRESENTATION_LAYER_ASSIGNMENT (  '', '', ( #6103 ) ) ;
#8492 =( NAMED_UNIT ( * ) SI_UNIT ( $, .STERADIAN. ) SOLID_ANGLE_UNIT ( ) );
#8493 = CARTESIAN_POINT ( 'NONE',  ( 1.000000000000000000, -1.550000000000000266, 5.500000000000000000 ) ) ;
#8494 = DIRECTION ( 'NONE',  ( 1.000000000000000000, 0.0000000000000000000, 1.322197771323786684E-17 ) ) ;
#8495 = PLANE ( 'NONE',  #1981 ) ;
#8496 = ORIENTED_EDGE ( 'NONE', *, *, #6822, .F. ) ;
#8497 = VECTOR ( 'NONE', #2566, 1000.000000000000000 ) ;
#8498 = VERTEX_POINT ( 'NONE', #4935 ) ;
#8499 = AXIS2_PLACEMENT_3D ( 'NONE', #1886, #6544, #7240 ) ;
#8500 = PRESENTATION_LAYER_ASSIGNMENT (  '', '', ( #5519 ) ) ;
#8501 = ORIENTED_EDGE ( 'NONE', *, *, #7311, .F. ) ;
#8502 = DIRECTION ( 'NONE',  ( -1.000000000000000000, -1.239088197126290817E-16, 0.0000000000000000000 ) ) ;
#8503 = ORIENTED_EDGE ( 'NONE', *, *, #1375, .F. ) ;
#8504 = CARTESIAN_POINT ( 'NONE',  ( 1.349999999999999645, 1.749999999999999778, 5.500000000000000000 ) ) ;
#8505 = DIRECTION ( 'NONE',  ( -0.0000000000000000000, 1.000000000000000000, -0.0000000000000000000 ) ) ;
#8506 = DIRECTION ( 'NONE',  ( 0.0000000000000000000, -0.0000000000000000000, 1.000000000000000000 ) ) ;
#8507 = DIRECTION ( 'NONE',  ( 1.000000000000000000, 0.0000000000000000000, -0.0000000000000000000 ) ) ;
#8508 = AXIS2_PLACEMENT_3D ( 'NONE', #6931, #5703, #2989 ) ;
#8509 = ORIENTED_EDGE ( 'NONE', *, *, #6064, .F. ) ;
#8510 =( NAMED_UNIT ( * ) PLANE_ANGLE_UNIT ( ) SI_UNIT ( $, .RADIAN. ) );
#8511 = VECTOR ( 'NONE', #6814, 1000.000000000000000 ) ;
#8512 = CARTESIAN_POINT ( 'NONE',  ( -0.2022264545072530451, 0.1928180306135096889, 0.2999999999999999889 ) ) ;
#8513 =( LENGTH_UNIT ( ) NAMED_UNIT ( * ) SI_UNIT ( .MILLI., .METRE. ) );
#8514 = ORIENTED_EDGE ( 'NONE', *, *, #5825, .F. ) ;
#8515 = LINE ( 'NONE', #346, #544 ) ;
#8516 = EDGE_LOOP ( 'NONE', ( #1965, #6420, #4548, #4380, #43 ) ) ;
#8517 = MECHANICAL_DESIGN_GEOMETRIC_PRESENTATION_REPRESENTATION (  '', ( #3779 ), #6690 ) ;
#8518 = CARTESIAN_POINT ( 'NONE',  ( 0.9749999999999999778, 1.224999999999999645, 7.799999999999999822 ) ) ;
#8519 = ORIENTED_EDGE ( 'NONE', *, *, #2192, .F. ) ;
#8520 = DIRECTION ( 'NONE',  ( -0.0000000000000000000, -1.000000000000000000, -0.0000000000000000000 ) ) ;
#8521 =( GEOMETRIC_REPRESENTATION_CONTEXT ( 3 ) GLOBAL_UNCERTAINTY_ASSIGNED_CONTEXT ( ( #4823 ) ) GLOBAL_UNIT_ASSIGNED_CONTEXT ( ( #1057, #3015, #6245 ) ) REPRESENTATION_CONTEXT ( 'NONE', 'WORKASPACE' ) );
#8522 = ADVANCED_FACE ( 'NONE', ( #5959 ), #4198, .T. ) ;
#8523 = CARTESIAN_POINT ( 'NONE',  ( 2.899999999999999023, 3.000000000000000000, 4.290000000000000036 ) ) ;
#8524 = CARTESIAN_POINT ( 'NONE',  ( 1.054909488602983725, 2.899999999999999911, 4.289999999999999147 ) ) ;
#8525 = LINE ( 'NONE', #5605, #5439 ) ;
#8526 = LINE ( 'NONE', #5777, #7680 ) ;
#8527 = VECTOR ( 'NONE', #6687, 1000.000000000000000 ) ;
#8528 = ORIENTED_EDGE ( 'NONE', *, *, #6940, .T. ) ;
#8529 = DIRECTION ( 'NONE',  ( 0.0000000000000000000, -1.000000000000000000, 0.0000000000000000000 ) ) ;
#8530 = DIRECTION ( 'NONE',  ( 1.000000000000000000, -1.818502734759757152E-14, 0.0000000000000000000 ) ) ;
#8531 = EDGE_CURVE ( 'NONE', #7531, #858, #453, .T. ) ;
#8532 = CARTESIAN_POINT ( 'NONE',  ( -4.150912291827595801, -1.000000000000000444, 9.650000000000000355 ) ) ;
#8533 = VECTOR ( 'NONE', #4836, 1000.000000000000000 ) ;
#8534 = ADVANCED_FACE ( 'NONE', ( #2429 ), #7493, .T. ) ;
#8535 = UNCERTAINTY_MEASURE_WITH_UNIT (LENGTH_MEASURE( 1.000000000000000082E-05 ), #5075, 'distance_accuracy_value', 'NONE');
#8536 =( NAMED_UNIT ( * ) PLANE_ANGLE_UNIT ( ) SI_UNIT ( $, .RADIAN. ) );
#8537 = EDGE_LOOP ( 'NONE', ( #8348, #4774, #1683, #2180 ) ) ;
#8538 = CARTESIAN_POINT ( 'NONE',  ( -0.01882040389143279854, 0.2930880990023531640, 0.3099999999999999978 ) ) ;
#8539 = DIRECTION ( 'NONE',  ( 0.0000000000000000000, -0.0000000000000000000, 1.000000000000000000 ) ) ;
#8540 = VECTOR ( 'NONE', #4026, 1000.000000000000000 ) ;
#8541 = EDGE_CURVE ( 'NONE', #3943, #7282, #4309, .T. ) ;
#8542 = ORIENTED_EDGE ( 'NONE', *, *, #2142, .F. ) ;
#8543 = CARTESIAN_POINT ( 'NONE',  ( -0.1967526002680525243, 0.1614756927265195152, 0.2999999999999999889 ) ) ;
#8544 = FILL_AREA_STYLE ('',( #5262 ) ) ;
ENDSEC;
END-ISO-10303-21;
