#VRML V2.0 utf8
# 3D model generated by easyeda2kicad.py (https://github.com/uPesy/easyeda2kicad.py)

Shape{
    appearance Appearance {
        material  Material 	{
            diffuseColor 0.2235294117647059 0.2235294117647059 0.2235294117647059
            specularColor 0.11372549019607843 0.11372549019607843 0.11372549019607843
            ambientIntensity 0.2235
            transparency 0.0
            shininess 0.5
        }
    }
    geometry IndexedFaceSet {
        ccw TRUE
        solid FALSE
        coord DEF co Coordinate {
            point [
                -0.1016 0.0569 0.0236, -0.121 0.0591 0.0236, -0.0591 0.2047 0.0236, -0.0845 0.0365 0.0236, -0.0783 0.0369 0.0236, -0.0363 0.0365 0.0236, -0.0555 0.0431 0.0236, -0.0555 0.0695 0.0236, -0.0787 0.271 0.0236, -0.2188 0.2346 0.0236, -0.2362 0.271 0.0236, -0.3196 0.2346 0.0236, -0.315 0.271 0.0236, -0.7354 0.0365 0.0236, -0.7354 0.271 0.0236, -0.5512 0.271 0.0236, -0.0777 0.06 0.0236, -0.0555 0.2027 0.0236, -0.3196 0.0377 0.0236, -0.4724 0.271 0.0236, -0.3937 0.271 0.0236, -0.0555 0.2244 0.0236, -0.0363 0.271 0.0236, -0.1357 0.0644 0.0236, -0.1494 0.0735 0.0236, -0.1613 0.0866 0.0236, -0.1756 0.1382 0.0236, -0.1736 0.1595 0.0236, -0.1682 0.1765 0.0236, -0.1244 0.2133 0.0236, -0.1061 0.2154 0.0236, -0.1388 0.208 0.0236, -0.1508 0.1999 0.0236, -0.1601 0.1901 0.0236, -0.0799 0.2125 0.0236, -0.1689 0.2178 0.0236, -0.2188 0.2129 0.0236, -0.153 0.2279 0.0236, -0.134 0.2344 0.0236, -0.1694 0.1018 0.0236, -0.1746 0.1229 0.0236, -0.1837 0.2022 0.0236, -0.1941 0.1835 0.0236, -0.2932 0.2129 0.0236, -0.1916 0.0896 0.0236, -0.18 0.0711 0.0236, -0.2932 0.0377 0.0236, -0.1623 0.0541 0.0236, -0.1436 0.0433 0.0236, -0.0765 0.233 0.0236, -0.1043 0.2369 0.0236, -0.1216 0.0369 0.0236, -0.1166 0.0365 0.0236, -0.1097 0.237 0.0236, -0.2001 0.1626 0.0236, -0.202 0.1398 0.0236, -0.1991 0.1119 0.0236, -0.1019 0.0353 0.0236, -0.0363 0.015 0.0236, -0.7354 0.015 0.0236, 0.3937 0.271 0.0236, 0.4486 0.2346 0.0236, 0.4287 0.1793 0.0236, 0.2826 0.16 0.0236, 0.2755 0.1806 0.0236, 0.2998 0.2346 0.0236, -0.0171 0.2346 0.0236, 0.3286 0.2346 0.0236, 0.2362 0.271 0.0236, 0.0 0.271 0.0236, 0.0787 0.271 0.0236, 0.0885 0.2346 0.0236, 0.4774 0.2346 0.0236, 0.3474 0.1793 0.0236, 0.315 0.271 0.0236, 0.2642 0.1982 0.0236, 0.248 0.2137 0.0236, 0.2275 0.2257 0.0236, 0.0837 0.0593 0.0236, 0.0093 0.0593 0.0236, 0.0093 0.1241 0.0236, 0.2109 0.0407 0.0236, 0.2339 0.0488 0.0236, 0.3742 0.0377 0.0236, 0.1269 0.0377 0.0236, 0.0789 0.1241 0.0236, 0.1269 0.2346 0.0236, 0.0789 0.1457 0.0236, 0.1825 0.0377 0.0236, 0.4724 0.271 0.0236, 0.5512 0.271 0.0236, 0.4006 0.0377 0.0236, 0.6299 0.271 0.0236, 0.7146 0.271 0.0236, 0.2048 0.2324 0.0236, 0.1804 0.2346 0.0236, 0.0885 0.2129 0.0236, 0.0093 0.2129 0.0236, 0.0093 0.1457 0.0236, 0.0837 0.0377 0.0236, -0.0171 0.0377 0.0236, 0.2554 0.0632 0.0236, 0.2556 0.0634 0.0236, 0.2695 0.0788 0.0236, 0.2786 0.0957 0.0236, 0.2839 0.1151 0.0236, 0.2854 0.1337 0.0236, 0.7354 0.271 0.0236, 0.7354 0.0365 0.0236, 0.7354 0.015 0.0236, -0.2755 -0.0591 1.0079, 0.2755 -0.0591 1.0079, -0.2728 -0.0591 0.935, 0.2728 -0.0591 0.935, 0.2756 -0.0591 1.0157, 0.2756 0.4396 1.0157, 0.2728 0.4396 0.935, -0.2756 -0.0591 1.0157, -0.2756 -0.134 1.0079, -0.2756 -0.2134 1.0157, -0.2756 -0.2606 0.9488, -0.2756 -0.2606 0.9685
            ]
        }
        coordIndex [
            0,1,2,-1,3,4,5,-1,5,4,6,-1,5,6,7,-1,8,9,10,-1,10,9,11,-1,10,11,12,-1,13,14,15,-1,0,2,16,-1,16,2,17,-1,16,17,7,-1,18,19,11,-1,11,19,20,-1,11,20,12,-1,17,21,22,-1,1,23,2,-1,2,23,24,-1,2,24,25,-1,26,27,2,-1,2,27,28,-1,29,30,31,-1,31,30,32,-1,28,33,2,-1,2,33,32,-1,2,32,34,-1,34,32,30,-1,35,36,37,-1,37,36,38,-1,25,39,2,-1,2,39,40,-1,2,40,26,-1,35,41,36,-1,36,41,42,-1,36,42,43,-1,44,45,46,-1,46,45,47,-1,46,47,48,-1,22,21,8,-1,8,21,49,-1,8,49,50,-1,48,51,46,-1,46,51,52,-1,46,52,18,-1,36,9,38,-1,38,9,8,-1,38,8,53,-1,53,8,50,-1,42,54,43,-1,43,54,55,-1,43,55,46,-1,46,55,56,-1,46,56,44,-1,52,57,58,-1,58,59,52,-1,52,59,13,-1,52,13,18,-1,18,13,15,-1,18,15,19,-1,60,61,62,-1,63,64,65,-1,7,17,5,-1,5,17,22,-1,5,22,66,-1,67,65,68,-1,22,69,66,-1,66,69,70,-1,66,70,71,-1,61,60,72,-1,62,73,60,-1,60,73,67,-1,60,67,74,-1,74,67,68,-1,64,75,65,-1,65,75,76,-1,65,76,68,-1,68,76,77,-1,78,79,80,-1,81,82,83,-1,84,85,86,-1,86,85,87,-1,81,83,88,-1,60,89,72,-1,72,89,90,-1,72,90,91,-1,91,90,92,-1,91,92,93,-1,77,94,68,-1,68,94,95,-1,68,95,86,-1,70,68,71,-1,71,68,86,-1,71,86,96,-1,96,86,87,-1,96,87,97,-1,97,87,98,-1,80,85,78,-1,78,85,84,-1,78,84,99,-1,99,84,5,-1,99,5,100,-1,100,5,66,-1,82,101,83,-1,83,101,102,-1,83,102,103,-1,103,104,83,-1,83,104,105,-1,83,105,65,-1,65,105,106,-1,65,106,63,-1,93,107,91,-1,91,107,108,-1,91,108,83,-1,83,108,5,-1,83,5,88,-1,88,5,84,-1,108,109,5,-1,5,109,58,-1,5,58,3,-1,3,58,57,-1,110,111,112,-1,112,111,113,-1,114,115,111,-1,111,115,116,-1,111,116,113,-1,110,117,118,-1,118,117,119,-1,118,119,120,-1,120,119,121,-1,
        ]
    }
}
Shape{
    appearance Appearance {
        material  Material 	{
            diffuseColor 0.6666666666666666 0.6980392156862745 0.7686274509803922
            specularColor 0.3333333333333333 0.34901960784313724 0.3843137254901961
            ambientIntensity 0.6967
            transparency 0.0
            shininess 0.5
        }
    }
    geometry IndexedFaceSet {
        ccw TRUE
        solid FALSE
        coord DEF co Coordinate {
            point [
                0.3972 1.0091 0.8919, 0.4741 1.0091 0.8154, 0.3966 0.9992 0.8913, 0.4801 0.9992 0.8078, 0.4001 1.023 0.8948, 0.4054 1.0355 0.9001, 0.4636 1.0353 0.8423, 0.4658 1.0262 0.8313, 0.4673 1.0229 0.8281, 0.4719 1.0127 0.8182, 0.4127 1.0458 0.9074, 0.4215 1.0533 0.9162, 0.4672 1.0532 0.8705, 0.4638 1.0474 0.8593, 0.4636 1.0456 0.8566, 0.4629 1.0381 0.8456, 0.4741 1.0573 0.8833, 0.4731 1.0571 0.882, 0.4675 1.0536 0.8713, 0.4313 1.0574 0.926, 0.4383 1.0583 0.933, 0.4801 1.0583 0.8913, 0.6049 -0.5885 0.1181, 0.8141 -0.0539 0.1181, 0.5956 -0.5978 0.1181, 0.5885 -0.609 0.1181, 0.6161 -0.5814 0.1181, 0.6286 -0.5771 0.1181, 0.6417 -0.5756 0.1181, 0.2888 -1.2542 0.1181, 0.0039 -1.8354 0.1181, 0.3073 -1.2497 0.1181, 0.8486 -1.8354 0.1181, 0.3241 -1.2409 0.1181, 0.8486 -0.5756 0.1181, 0.8486 0.0051 0.1181, 0.8141 0.0051 0.1181, 1.0039 -1.048 0.1181, 0.9785 -1.0447 0.1181, 0.6264 -1.1878 0.1181, 0.9547 -1.0348 0.1181, 0.5956 -1.3014 0.1181, 0.5885 -1.2902 0.1181, 0.3492 -1.2127 0.1181, 0.8486 -1.3236 0.1181, 0.6417 -1.3236 0.1181, 0.6286 -1.3221 0.1181, 0.6161 -1.3178 0.1181, 0.9187 -0.9004 0.1181, 0.9343 -0.88 0.1181, 0.6417 -0.7134 0.1181, 0.3384 -1.2283 0.1181, 0.6049 -1.3107 0.1181, 0.0925 -1.191 0.1181, 0.0827 -1.1904 0.1181, 0.0039 -1.2691 0.1181, 0.0734 -1.1909 0.1181, 0.5906 -1.2154 0.1181, 0.6 -1.2031 0.1181, 0.3583 -1.176 0.1181, 0.6122 -1.1937 0.1181, 1.2598 -1.0888 0.1181, 1.0892 -0.9988 0.1181, 1.2598 -1.1366 0.1181, 1.0735 -1.0192 0.1181, 1.2582 -1.1494 0.1181, 0.5842 -1.2777 0.1181, 0.5827 -1.2646 0.1181, 0.356 -1.1949 0.1181, 0.5827 -1.2449 0.1181, 0.5847 -1.2296 0.1181, 0.2697 -1.2541 0.1181, 0.2513 -1.2495 0.1181, 0.1109 -1.1956 0.1181, 0.3492 -0.5487 0.1181, 0.9089 -0.9241 0.1181, 0.3384 -0.5331 0.1181, 0.3241 -0.5205 0.1181, 0.9547 -0.8644 0.1181, 0.9785 -0.8545 0.1181, 1.2106 -0.7134 0.1181, 1.0039 -0.8512 0.1181, 1.0531 -1.0348 0.1181, 1.2106 -1.1858 0.1181, 1.2234 -1.1841 0.1181, 1.2352 -1.1792 0.1181, 1.0735 -0.88 0.1181, 1.0892 -0.9004 0.1181, 1.2598 -0.8104 0.1181, 1.2454 -1.1714 0.1181, 1.2532 -1.1612 0.1181, 1.0294 -1.0447 0.1181, 0.6417 -1.1858 0.1181, 0.0238 -1.2168 0.1181, 0.0381 -1.2042 0.1181, 0.055 -1.1954 0.1181, 0.013 -1.2324 0.1181, 0.0062 -1.2502 0.1181, 0.9343 -1.0192 0.1181, 0.9187 -0.9988 0.1181, 0.9089 -0.9751 0.1181, 0.9055 -0.9496 0.1181, 0.3583 -0.5854 0.1181, 0.356 -0.5665 0.1181, 1.0294 -0.8545 0.1181, 1.0531 -0.8644 0.1181, 1.2234 -0.7151 0.1181, 1.099 -0.9241 0.1181, 1.1731 -0.9031 0.1181, 1.2584 -1.0768 0.1181, 1.227 -1.0424 0.1181, 1.2054 -1.0316 0.1181, 1.1871 -1.0159 0.1181, 1.099 -0.9751 0.1181, 1.254 -1.0655 0.1181, 1.247 -1.0557 0.1181, 1.2378 -1.0478 0.1181, 1.2598 -0.7626 0.1181, 1.2582 -0.7499 0.1181, 1.2532 -0.738 0.1181, 1.2454 -0.7278 0.1181, 1.2352 -0.72 0.1181, 1.1731 -0.9961 0.1181, 1.1644 -0.9736 0.1181, 1.1024 -0.9496 0.1181, 1.1614 -0.9496 0.1181, 1.1644 -0.9256 0.1181, 0.6286 -0.7119 0.1181, 0.6161 -0.7075 0.1181, 0.6049 -0.7005 0.1181, 0.5956 -0.6912 0.1181, 0.5885 -0.68 0.1181, 1.1871 -0.8833 0.1181, 1.2054 -0.8676 0.1181, 1.227 -0.8568 0.1181, 1.2584 -0.8224 0.1181, 0.5842 -0.6675 0.1181, 0.5827 -0.6543 0.1181, 0.5827 -0.6346 0.1181, 0.5842 -0.6215 0.1181, 0.3073 -0.5117 0.1181, 0.2888 -0.5072 0.1181, 0.0039 -0.0539 0.1181, 0.2697 -0.5073 0.1181, 0.055 -0.566 0.1181, 0.0062 -0.5112 0.1181, 0.0381 -0.5572 0.1181, 0.013 -0.529 0.1181, 0.0238 -0.5446 0.1181, 1.2378 -0.8514 0.1181, 1.247 -0.8435 0.1181, 1.254 -0.8337 0.1181, 0.0734 -0.5705 0.1181, 0.0925 -0.5704 0.1181, 0.0039 -0.4923 0.1181, 0.1109 -0.5658 0.1181, 0.2513 -0.5119 0.1181
            ]
        }
        coordIndex [
            0,1,2,-1,2,1,3,-1,4,5,6,-1,6,7,4,-1,4,7,8,-1,4,8,0,-1,0,8,9,-1,0,9,1,-1,10,11,12,-1,12,13,10,-1,10,13,14,-1,10,14,5,-1,5,14,15,-1,5,15,6,-1,16,17,11,-1,11,17,18,-1,11,18,12,-1,11,19,16,-1,16,19,20,-1,16,20,21,-1,22,23,24,-1,24,23,25,-1,22,26,23,-1,23,26,27,-1,23,27,28,-1,29,30,31,-1,31,30,32,-1,31,32,33,-1,28,34,23,-1,23,34,35,-1,23,35,36,-1,37,38,39,-1,39,38,40,-1,41,42,43,-1,44,45,32,-1,32,45,46,-1,32,46,47,-1,48,49,50,-1,33,32,51,-1,51,32,47,-1,51,47,43,-1,43,47,52,-1,43,52,41,-1,53,54,55,-1,55,54,56,-1,57,58,59,-1,59,58,60,-1,61,62,63,-1,63,62,64,-1,63,64,65,-1,42,66,43,-1,43,66,67,-1,43,67,68,-1,68,67,69,-1,68,69,59,-1,59,69,70,-1,59,70,57,-1,29,71,30,-1,30,71,72,-1,30,72,55,-1,55,72,73,-1,55,73,53,-1,74,75,76,-1,76,75,77,-1,49,78,50,-1,50,78,79,-1,50,79,80,-1,80,79,81,-1,82,83,64,-1,64,83,84,-1,64,84,85,-1,86,87,88,-1,85,89,64,-1,64,89,90,-1,64,90,65,-1,82,91,83,-1,83,91,37,-1,83,37,92,-1,92,37,39,-1,93,56,94,-1,94,56,95,-1,93,96,56,-1,56,96,97,-1,56,97,55,-1,40,98,39,-1,39,98,99,-1,39,99,60,-1,60,99,100,-1,60,100,59,-1,59,100,101,-1,59,101,102,-1,102,101,75,-1,102,75,103,-1,103,75,74,-1,81,104,80,-1,80,104,105,-1,80,105,106,-1,106,105,86,-1,87,107,108,-1,109,110,61,-1,61,110,111,-1,61,111,62,-1,62,111,112,-1,62,112,113,-1,109,114,110,-1,110,114,115,-1,110,115,116,-1,88,117,86,-1,86,117,118,-1,86,118,119,-1,119,120,86,-1,86,120,121,-1,86,121,106,-1,112,122,113,-1,113,122,123,-1,113,123,124,-1,124,123,125,-1,124,125,107,-1,107,125,126,-1,107,126,108,-1,50,127,48,-1,48,127,128,-1,48,128,75,-1,75,128,129,-1,75,129,77,-1,77,129,130,-1,77,130,131,-1,108,132,87,-1,87,132,133,-1,87,133,88,-1,88,133,134,-1,88,134,135,-1,131,136,77,-1,77,136,137,-1,77,137,138,-1,138,139,77,-1,77,139,25,-1,77,25,140,-1,140,25,23,-1,140,23,141,-1,141,23,142,-1,141,142,143,-1,144,145,146,-1,146,145,147,-1,146,147,148,-1,149,150,134,-1,134,150,151,-1,134,151,135,-1,144,152,145,-1,145,152,153,-1,145,153,154,-1,154,153,155,-1,154,155,142,-1,142,155,156,-1,142,156,143,-1,
        ]
    }
}
Shape{
    appearance Appearance {
        material  Material 	{
            diffuseColor 0.9686274509803922 0.8784313725490196 0.6
            specularColor 0.6784313725490196 0.615686274509804 0.4196078431372549
            ambientIntensity 0.8737
            transparency 0.0
            shininess 0.5
        }
    }
    geometry IndexedFaceSet {
        ccw TRUE
        solid FALSE
        coord DEF co Coordinate {
            point [
                0.437 0.4283 0.1181, 0.5079 0.4283 0.1181, 0.437 0.4298 0.105, 0.5079 0.4298 0.105, 0.437 0.4342 0.0925, 0.5079 0.4342 0.0925, 0.437 0.4412 0.0813, 0.5079 0.4412 0.0813, 0.437 0.4506 0.0719, 0.5079 0.4506 0.0719, 0.437 0.4618 0.0649, 0.5079 0.4618 0.0649, 0.437 0.4743 0.0605, 0.5079 0.4743 0.0605, 0.437 0.4874 0.0591, 0.5079 0.4874 0.0591, 0.7323 -1.2107 0.689, 0.685 -1.2107 0.689, 0.685 -1.2195 0.688, 0.7323 -1.2195 0.688, 0.685 -1.2278 0.685, 0.7323 -1.2278 0.685
            ]
        }
        coordIndex [
            0,1,2,-1,2,1,3,-1,2,3,4,-1,4,3,5,-1,4,5,6,-1,6,5,7,-1,6,7,8,-1,8,7,9,-1,8,9,10,-1,10,9,11,-1,10,11,12,-1,12,11,13,-1,12,13,14,-1,14,13,15,-1,16,17,18,-1,16,18,19,-1,19,18,20,-1,19,20,21,-1,
        ]
    }
}
Shape{
    appearance Appearance {
        material  Material 	{
            diffuseColor 0.2235294117647059 0.2235294117647059 0.2235294117647059
            specularColor 0.11372549019607843 0.11372549019607843 0.11372549019607843
            ambientIntensity 0.2235
            transparency 0.0
            shininess 0.5
        }
    }
    geometry IndexedFaceSet {
        ccw TRUE
        solid FALSE
        coord DEF co Coordinate {
            point [
                -1.1102 1.0583 0.7347, -1.1102 0.2709 0.7347, -1.1102 1.0583 0.9921, -1.1102 0.2709 0.9921
            ]
        }
        coordIndex [
            0,1,2,-1,2,1,3,-1,
        ]
    }
}
Shape{
    appearance Appearance {
        material  Material 	{
            diffuseColor 0.9686274509803922 0.8784313725490196 0.6
            specularColor 0.6784313725490196 0.615686274509804 0.4196078431372549
            ambientIntensity 0.8737
            transparency 0.0
            shininess 0.5
        }
    }
    geometry IndexedFaceSet {
        ccw TRUE
        solid FALSE
        coord DEF co Coordinate {
            point [
                -0.1909 0.7198 0.2695, -0.2815 0.7198 0.2695, -0.1909 0.7112 0.2814, -0.2815 0.7112 0.2814, -0.1909 0.7058 0.2951, -0.2815 0.7058 0.2951, -0.1909 0.7039 0.3097, -0.2815 0.7039 0.3097
            ]
        }
        coordIndex [
            0,1,2,-1,2,1,3,-1,2,3,4,-1,4,3,5,-1,4,5,6,-1,6,5,7,-1,
        ]
    }
}
Shape{
    appearance Appearance {
        material  Material 	{
            diffuseColor 0.6666666666666666 0.6980392156862745 0.7686274509803922
            specularColor 0.3333333333333333 0.34901960784313724 0.3843137254901961
            ambientIntensity 0.6967
            transparency 0.0
            shininess 0.5
        }
    }
    geometry IndexedFaceSet {
        ccw TRUE
        solid FALSE
        coord DEF co Coordinate {
            point [
                1.2598 -0.8104 0.1181, 1.2598 -0.8104 0.0, 1.2598 -0.7626 0.1181, 1.2598 -0.7626 0.0
            ]
        }
        coordIndex [
            0,1,2,-1,2,1,3,-1,
        ]
    }
}
Shape{
    appearance Appearance {
        material  Material 	{
            diffuseColor 0.9686274509803922 0.8784313725490196 0.6
            specularColor 0.6784313725490196 0.615686274509804 0.4196078431372549
            ambientIntensity 0.8737
            transparency 0.0
            shininess 0.5
        }
    }
    geometry IndexedFaceSet {
        ccw TRUE
        solid FALSE
        coord DEF co Coordinate {
            point [
                -0.2717 0.9181 0.064, -0.2717 0.8945 0.0098, -0.2717 0.9076 0.0699, -0.2717 0.8715 0.0231, -0.2717 0.8985 0.0778, -0.2717 0.8553 0.0376, -0.2717 0.836 0.1448, -0.2717 0.7928 0.1046, -0.2717 1.0542 0.0591, -0.2717 1.0542 0.0098, -0.2717 0.9417 0.0591, -0.2717 0.9296 0.0603, -0.2815 0.271 0.6299, -0.2815 0.5858 0.6299, -0.2362 0.271 0.6299, -0.1909 0.5858 0.6299, -0.1909 0.271 0.6299, 0.5177 0.3102 0.4528, 0.4272 0.3102 0.4528, 0.5177 0.3255 0.4507, 0.4272 0.3255 0.4507, 0.5177 0.3398 0.4448, 0.4272 0.3398 0.4448, 0.5177 0.352 0.4355, 0.4272 0.352 0.4355, 0.5177 0.3614 0.4232, 0.4272 0.3614 0.4232, 0.5177 0.3673 0.409, 0.4272 0.3673 0.409, 0.5177 0.3693 0.3937, 0.4272 0.3693 0.3937
            ]
        }
        coordIndex [
            0,1,2,-1,2,1,3,-1,2,3,4,-1,4,3,5,-1,4,5,6,-1,6,5,7,-1,8,9,10,-1,10,9,1,-1,10,1,11,-1,11,1,0,-1,12,13,14,-1,14,13,15,-1,14,15,16,-1,17,18,19,-1,19,18,20,-1,19,20,21,-1,21,20,22,-1,21,22,23,-1,23,22,24,-1,23,24,25,-1,25,24,26,-1,25,26,27,-1,27,26,28,-1,27,28,29,-1,29,28,30,-1,
        ]
    }
}
Shape{
    appearance Appearance {
        material  Material 	{
            diffuseColor 0.6666666666666666 0.6980392156862745 0.7686274509803922
            specularColor 0.3333333333333333 0.34901960784313724 0.3843137254901961
            ambientIntensity 0.6967
            transparency 0.0
            shininess 0.5
        }
    }
    geometry IndexedFaceSet {
        ccw TRUE
        solid FALSE
        coord DEF co Coordinate {
            point [
                0.9462 -0.7582 1.0236, 0.9462 -0.7582 1.1417, 0.946 -0.744 1.0236, 0.946 -0.744 1.1417, 0.9425 -0.7303 1.0236, 0.9425 -0.7303 1.1417, 0.9359 -0.7178 1.0236, 0.9359 -0.7178 1.1417, 0.9264 -0.7073 1.0236, 0.9264 -0.7073 1.1417, 0.9148 -0.6993 1.0236, 0.9148 -0.6993 1.1417, 0.9015 -0.6943 1.0236, 0.9015 -0.6943 1.1417, 0.8875 -0.6926 1.0236, 0.8875 -0.6926 1.1417
            ]
        }
        coordIndex [
            0,1,2,-1,2,1,3,-1,2,3,4,-1,4,3,5,-1,4,5,6,-1,6,5,7,-1,6,7,8,-1,8,7,9,-1,8,9,10,-1,10,9,11,-1,10,11,12,-1,12,11,13,-1,12,13,14,-1,14,13,15,-1,
        ]
    }
}
Shape{
    appearance Appearance {
        material  Material 	{
            diffuseColor 0.9686274509803922 0.8784313725490196 0.6
            specularColor 0.6784313725490196 0.615686274509804 0.4196078431372549
            ambientIntensity 0.8737
            transparency 0.0
            shininess 0.5
        }
    }
    geometry IndexedFaceSet {
        ccw TRUE
        solid FALSE
        coord DEF co Coordinate {
            point [
                0.2697 0.271 0.4528, 0.2697 0.271 0.5118, 0.2697 0.3102 0.4528, 0.2697 0.3102 0.5118, 0.2697 0.3255 0.4507, 0.2697 0.3408 0.5078, 0.2697 0.3398 0.4448, 0.2697 0.3693 0.496, 0.2697 0.352 0.4355, 0.2697 0.3938 0.4772, 0.2697 0.3614 0.4232, 0.2697 0.4125 0.4528, 0.2697 0.3673 0.409, 0.2697 0.4243 0.4243, 0.2697 0.3693 0.3937, 0.2697 0.4283 0.3937, 0.2697 0.3693 0.2375, 0.2697 0.4283 0.2375
            ]
        }
        coordIndex [
            0,1,2,-1,2,1,3,-1,2,3,4,-1,4,3,5,-1,4,5,6,-1,6,5,7,-1,6,7,8,-1,8,7,9,-1,8,9,10,-1,10,9,11,-1,10,11,12,-1,12,11,13,-1,12,13,14,-1,14,13,15,-1,14,15,16,-1,16,15,17,-1,
        ]
    }
}
Shape{
    appearance Appearance {
        material  Material 	{
            diffuseColor 0.6666666666666666 0.6980392156862745 0.7686274509803922
            specularColor 0.3333333333333333 0.34901960784313724 0.3843137254901961
            ambientIntensity 0.6967
            transparency 0.0
            shininess 0.5
        }
    }
    geometry IndexedFaceSet {
        ccw TRUE
        solid FALSE
        coord DEF co Coordinate {
            point [
                0.1772 0.5858 1.1024, 0.1772 0.5858 1.063, -0.1772 0.5858 1.1024, -0.1772 0.5858 1.063, 0.4218 -1.2698 1.0775, 0.7593 -1.2698 1.0775, 0.7593 -1.2462 1.1043, 0.4218 -1.2462 1.1043, 0.7593 -1.2168 1.1247, 0.4218 -1.2168 1.1247, 0.7593 -1.1834 1.1374, 0.4218 -1.1834 1.1374, 0.7593 -1.148 1.1417, 0.4218 -1.148 1.1417, -0.8669 -0.6926 1.1417, -0.8669 -0.6926 1.0236, -0.8528 -0.6943 1.1417, -0.8528 -0.6943 1.0236, -0.8395 -0.6993 1.1417, -0.8395 -0.6993 1.0236, -0.8279 -0.7073 1.1417, -0.8279 -0.7073 1.0236, -0.8184 -0.7179 1.1417, -0.8184 -0.7179 1.0236, -0.8118 -0.7304 1.1417, -0.8118 -0.7304 1.0236, -0.8083 -0.7441 1.1417, -0.8083 -0.7441 1.0236, 0.3622 -0.062 1.0236, 0.3622 -0.062 1.1417, 0.3622 0.1913 1.0236, 0.3622 0.1913 1.1417
            ]
        }
        coordIndex [
            0,1,2,-1,2,1,3,-1,4,5,6,-1,4,6,7,-1,7,6,8,-1,7,8,9,-1,9,8,10,-1,9,10,11,-1,11,10,12,-1,11,12,13,-1,14,15,16,-1,16,15,17,-1,16,17,18,-1,18,17,19,-1,18,19,20,-1,20,19,21,-1,20,21,22,-1,22,21,23,-1,22,23,24,-1,24,23,25,-1,24,25,26,-1,26,25,27,-1,28,29,30,-1,30,29,31,-1,
        ]
    }
}
Shape{
    appearance Appearance {
        material  Material 	{
            diffuseColor 0.9686274509803922 0.8784313725490196 0.6
            specularColor 0.6784313725490196 0.615686274509804 0.4196078431372549
            ambientIntensity 0.8737
            transparency 0.0
            shininess 0.5
        }
    }
    geometry IndexedFaceSet {
        ccw TRUE
        solid FALSE
        coord DEF co Coordinate {
            point [
                0.2756 -1.0905 0.4528, 0.2902 -1.1051 0.4528, 0.2756 -1.0905 0.4606, 0.2902 -1.1051 0.4606, 0.5079 0.4402 0.0098, 0.5079 0.6055 0.0098, 0.5079 0.6055 0.0591, 0.5079 0.4283 0.2205, 0.5079 0.3693 0.2205, 0.5079 0.4283 0.1181, 0.5079 0.3693 0.1181, 0.5079 0.4298 0.105, 0.5079 0.371 0.0983, 0.5079 0.4342 0.0925, 0.5079 0.3793 0.0705, 0.5079 0.4412 0.0813, 0.5079 0.3942 0.0455, 0.5079 0.4506 0.0719, 0.5079 0.4148 0.0249, 0.5079 0.4618 0.0649, 0.5079 0.4398 0.0101, 0.5079 0.4743 0.0605, 0.5079 0.4874 0.0591
            ]
        }
        coordIndex [
            0,1,2,-1,2,1,3,-1,4,5,6,-1,7,8,9,-1,9,8,10,-1,9,10,11,-1,11,10,12,-1,11,12,13,-1,13,12,14,-1,13,14,15,-1,15,14,16,-1,15,16,17,-1,17,16,18,-1,17,18,19,-1,19,18,20,-1,19,20,21,-1,21,20,4,-1,21,4,22,-1,22,4,6,-1,
        ]
    }
}
Shape{
    appearance Appearance {
        material  Material 	{
            diffuseColor 0.2235294117647059 0.2235294117647059 0.2235294117647059
            specularColor 0.11372549019607843 0.11372549019607843 0.11372549019607843
            ambientIntensity 0.2235
            transparency 0.0
            shininess 0.5
        }
    }
    geometry IndexedFaceSet {
        ccw TRUE
        solid FALSE
        coord DEF co Coordinate {
            point [
                -0.8327 -0.2213 0.122, -0.8164 -0.2606 0.1614, -1.1244 -0.2213 0.4138, -1.0966 -0.2606 0.4416
            ]
        }
        coordIndex [
            0,1,2,-1,2,1,3,-1,
        ]
    }
}
Shape{
    appearance Appearance {
        material  Material 	{
            diffuseColor 0.9686274509803922 0.8784313725490196 0.6
            specularColor 0.6784313725490196 0.615686274509804 0.4196078431372549
            ambientIntensity 0.8737
            transparency 0.0
            shininess 0.5
        }
    }
    geometry IndexedFaceSet {
        ccw TRUE
        solid FALSE
        coord DEF co Coordinate {
            point [
                -0.5748 -1.1079 0.6811, -0.5748 -1.1079 0.689, -0.5749 -1.1069 0.6811, -0.5749 -1.1069 0.689, -0.5753 -1.1059 0.6811, -0.5753 -1.1059 0.689, -0.576 -1.1051 0.6811, -0.576 -1.1051 0.689, -0.5748 -1.1228 0.6811, -0.5748 -1.1228 0.685, -0.5748 -1.2107 0.689, -0.5748 -1.2278 0.685, -0.5748 -1.2195 0.688, -0.3583 1.0542 0.0098, -0.3583 1.0542 0.0591, -0.3583 0.8945 0.0098, -0.3583 0.9417 0.0591, -0.3583 0.836 0.1448, -0.3583 0.7928 0.1046, -0.3583 0.8985 0.0778, -0.3583 0.8553 0.0376, -0.3583 0.9076 0.0699, -0.3583 0.8715 0.0231, -0.3583 0.9181 0.064, -0.3583 0.9296 0.0603, -0.1909 0.7812 0.117, -0.2008 0.7928 0.1046, -0.1909 0.8244 0.1573, -0.2008 0.836 0.1448, -0.5059 0.7198 0.2695, -0.5965 0.7198 0.2695, -0.5059 0.7112 0.2814, -0.5965 0.7112 0.2814, -0.5059 0.7058 0.2951, -0.5965 0.7058 0.2951, -0.5059 0.7039 0.3097, -0.5965 0.7039 0.3097, 0.5177 0.271 0.5118, 0.5177 0.3102 0.5118, 0.4724 0.271 0.5118, 0.4272 0.3102 0.5118, 0.4272 0.271 0.5118, -0.4193 1.0542 0.0, -0.4291 1.0542 0.0098, -0.3681 1.0542 0.0, -0.4291 1.0542 0.0591
            ]
        }
        coordIndex [
            0,1,2,-1,2,1,3,-1,2,3,4,-1,4,3,5,-1,4,5,6,-1,6,5,7,-1,0,8,1,-1,1,8,9,-1,1,9,10,-1,10,9,11,-1,10,11,12,-1,13,14,15,-1,15,14,16,-1,17,18,19,-1,19,18,20,-1,19,20,21,-1,21,20,22,-1,21,22,23,-1,23,22,15,-1,23,15,24,-1,24,15,16,-1,25,26,27,-1,27,26,28,-1,29,30,31,-1,31,30,32,-1,31,32,33,-1,33,32,34,-1,33,34,35,-1,35,34,36,-1,37,38,39,-1,39,38,40,-1,39,40,41,-1,42,43,44,-1,44,43,45,-1,44,45,13,-1,13,45,14,-1,
        ]
    }
}
Shape{
    appearance Appearance {
        material  Material 	{
            diffuseColor 0.2235294117647059 0.2235294117647059 0.2235294117647059
            specularColor 0.11372549019607843 0.11372549019607843 0.11372549019607843
            ambientIntensity 0.2235
            transparency 0.0
            shininess 0.5
        }
    }
    geometry IndexedFaceSet {
        ccw TRUE
        solid FALSE
        coord DEF co Coordinate {
            point [
                1.1102 0.2709 0.7347, 1.1102 1.0583 0.7347, 1.1102 0.2709 0.9921, 1.1102 1.0583 0.9921, 0.7258 0.6364 1.0079, 0.4331 0.6364 1.0079, 0.7258 0.015 1.0079, 0.4331 -0.2213 1.0079, 0.7376 0.015 1.0079, 0.7376 -0.2213 1.0079
            ]
        }
        coordIndex [
            0,1,2,-1,2,1,3,-1,4,5,6,-1,6,5,7,-1,6,7,8,-1,8,7,9,-1,
        ]
    }
}
Shape{
    appearance Appearance {
        material  Material 	{
            diffuseColor 0.6666666666666666 0.6980392156862745 0.7686274509803922
            specularColor 0.3333333333333333 0.34901960784313724 0.3843137254901961
            ambientIntensity 0.6967
            transparency 0.0
            shininess 0.5
        }
    }
    geometry IndexedFaceSet {
        ccw TRUE
        solid FALSE
        coord DEF co Coordinate {
            point [
                1.1614 -0.5756 0.4743, 1.2795 -0.5756 0.4743, 1.1614 -0.5776 0.4896, 1.2795 -0.5776 0.4896, 1.1614 -0.5835 0.5039, 1.2795 -0.5835 0.5039, 1.1614 -0.5929 0.5161, 1.2795 -0.5929 0.5161, 1.1614 -0.6051 0.5255, 1.2795 -0.6051 0.5255, 1.1614 -0.6194 0.5314, 1.2795 -0.6194 0.5314, 1.1614 -0.6346 0.5334, 1.2795 -0.6346 0.5334
            ]
        }
        coordIndex [
            0,1,2,-1,2,1,3,-1,2,3,4,-1,4,3,5,-1,4,5,6,-1,6,5,7,-1,6,7,8,-1,8,7,9,-1,8,9,10,-1,10,9,11,-1,10,11,12,-1,12,11,13,-1,
        ]
    }
}
Shape{
    appearance Appearance {
        material  Material 	{
            diffuseColor 0.9686274509803922 0.8784313725490196 0.6
            specularColor 0.6784313725490196 0.615686274509804 0.4196078431372549
            ambientIntensity 0.8737
            transparency 0.0
            shininess 0.5
        }
    }
    geometry IndexedFaceSet {
        ccw TRUE
        solid FALSE
        coord DEF co Coordinate {
            point [
                0.2236 0.0019 0.9552, 0.2189 -0.0043 0.9554, -0.2189 -0.0043 0.9554, -0.226 0.0052 0.955, 0.226 0.0052 0.955, -0.2236 0.0019 0.9551, -0.2194 -0.0039 0.9553, 0.2133 -0.0103 0.9571, 0.2101 -0.0135 0.9581, -0.2101 -0.0135 0.9581, 0.2187 -0.0047 0.9554, -0.2132 -0.0103 0.9572, 0.209 -0.0147 0.9585, 0.2008 -0.0209 0.9627, -0.2092 -0.0145 0.9584, -0.2007 -0.0208 0.9628, -0.1998 -0.0215 0.9633, 0.1998 -0.0216 0.9631, 0.1956 -0.0249 0.9653, 0.1869 -0.0291 0.9711, 0.1772 -0.0339 0.9776, -0.1772 -0.0339 0.9776, 0.1887 -0.0282 0.9699, -0.187 -0.0292 0.971, -0.1888 -0.0284 0.9697, -0.1935 -0.0262 0.9666
            ]
        }
        coordIndex [
            0,1,2,-1,3,4,5,-1,5,4,0,-1,5,0,6,-1,6,0,2,-1,7,8,9,-1,1,10,2,-1,2,10,7,-1,2,7,11,-1,11,7,9,-1,8,12,9,-1,9,12,13,-1,9,13,14,-1,14,13,15,-1,15,13,16,-1,16,13,17,-1,16,17,18,-1,19,20,21,-1,19,21,22,-1,21,23,22,-1,22,23,24,-1,22,24,18,-1,18,24,25,-1,18,25,16,-1,
        ]
    }
}
Shape{
    appearance Appearance {
        material  Material 	{
            diffuseColor 0.6666666666666666 0.6980392156862745 0.7686274509803922
            specularColor 0.3333333333333333 0.34901960784313724 0.3843137254901961
            ambientIntensity 0.6967
            transparency 0.0
            shininess 0.5
        }
    }
    geometry IndexedFaceSet {
        ccw TRUE
        solid FALSE
        coord DEF co Coordinate {
            point [
                1.0039 -1.048 0.0, 1.0039 -1.048 0.1181, 1.0294 -1.0447 0.0, 1.0294 -1.0447 0.1181, 1.0531 -1.0348 0.0, 1.0531 -1.0348 0.1181, 1.0735 -1.0192 0.0, 1.0735 -1.0192 0.1181, 1.0892 -0.9988 0.0, 1.0892 -0.9988 0.1181, 1.099 -0.9751 0.0, 1.099 -0.9751 0.1181, 1.1024 -0.9496 0.0, 1.1024 -0.9496 0.1181, 1.099 -0.9241 0.0, 1.099 -0.9241 0.1181, 1.0892 -0.9004 0.0, 1.0892 -0.9004 0.1181, 1.0735 -0.88 0.0, 1.0735 -0.88 0.1181, 1.0531 -0.8644 0.0, 1.0531 -0.8644 0.1181, 1.0294 -0.8545 0.0, 1.0294 -0.8545 0.1181, 1.0039 -0.8512 0.0, 1.0039 -0.8512 0.1181, 0.9785 -0.8545 0.0, 0.9785 -0.8545 0.1181, 0.9547 -0.8644 0.0, 0.9547 -0.8644 0.1181, 0.9343 -0.88 0.0, 0.9343 -0.88 0.1181, 0.9187 -0.9004 0.0, 0.9187 -0.9004 0.1181, 0.9089 -0.9241 0.0, 0.9089 -0.9241 0.1181, 0.9055 -0.9496 0.0, 0.9055 -0.9496 0.1181, 0.9089 -0.9751 0.0, 0.9089 -0.9751 0.1181, 0.9187 -0.9988 0.0, 0.9187 -0.9988 0.1181, 0.9343 -1.0192 0.0, 0.9343 -1.0192 0.1181, 0.9547 -1.0348 0.0, 0.9547 -1.0348 0.1181, 0.9785 -1.0447 0.0, 0.9785 -1.0447 0.1181
            ]
        }
        coordIndex [
            0,1,2,-1,2,1,3,-1,2,3,4,-1,4,3,5,-1,4,5,6,-1,6,5,7,-1,6,7,8,-1,8,7,9,-1,8,9,10,-1,10,9,11,-1,10,11,12,-1,12,11,13,-1,12,13,14,-1,14,13,15,-1,14,15,16,-1,16,15,17,-1,16,17,18,-1,18,17,19,-1,18,19,20,-1,20,19,21,-1,20,21,22,-1,22,21,23,-1,22,23,24,-1,24,23,25,-1,24,25,26,-1,26,25,27,-1,26,27,28,-1,28,27,29,-1,28,29,30,-1,30,29,31,-1,30,31,32,-1,32,31,33,-1,32,33,34,-1,34,33,35,-1,34,35,36,-1,36,35,37,-1,36,37,38,-1,38,37,39,-1,38,39,40,-1,40,39,41,-1,40,41,42,-1,42,41,43,-1,42,43,44,-1,44,43,45,-1,44,45,46,-1,46,45,47,-1,46,47,0,-1,0,47,1,-1,
        ]
    }
}
Shape{
    appearance Appearance {
        material  Material 	{
            diffuseColor 0.9686274509803922 0.8784313725490196 0.6
            specularColor 0.6784313725490196 0.615686274509804 0.4196078431372549
            ambientIntensity 0.8737
            transparency 0.0
            shininess 0.5
        }
    }
    geometry IndexedFaceSet {
        ccw TRUE
        solid FALSE
        coord DEF co Coordinate {
            point [
                0.3484 0.271 0.6299, 0.3484 0.5858 0.6299, 0.3937 0.271 0.6299, 0.439 0.5858 0.6299, 0.439 0.271 0.6299, 0.2815 0.7198 0.2695, 0.1909 0.7198 0.2695, 0.2815 0.7112 0.2814, 0.1909 0.7112 0.2814, 0.2815 0.7058 0.2951, 0.1909 0.7058 0.2951, 0.2815 0.7039 0.3097, 0.1909 0.7039 0.3097, 0.7539 0.5858 0.6299, 0.6634 0.5858 0.6299, 0.7539 0.6011 0.6279, 0.6634 0.6011 0.6279, 0.7539 0.6154 0.622, 0.6634 0.6154 0.622, 0.7539 0.6276 0.6126, 0.6634 0.6276 0.6126, 0.7539 0.637 0.6004, 0.6634 0.637 0.6004, 0.7539 0.6429 0.5862, 0.6634 0.6429 0.5862, 0.7539 0.6449 0.5709, 0.6634 0.6449 0.5709, -0.5945 0.4283 0.2205, -0.5945 0.4283 0.1181, -0.6654 0.4283 0.1181, -0.6654 0.4283 0.2205, -0.6752 0.4283 0.2375, -0.5846 0.4283 0.2375, -0.6752 0.4283 0.3937, -0.5846 0.4283 0.3937
            ]
        }
        coordIndex [
            0,1,2,-1,2,1,3,-1,2,3,4,-1,5,6,7,-1,7,6,8,-1,7,8,9,-1,9,8,10,-1,9,10,11,-1,11,10,12,-1,13,14,15,-1,15,14,16,-1,15,16,17,-1,17,16,18,-1,17,18,19,-1,19,18,20,-1,19,20,21,-1,21,20,22,-1,21,22,23,-1,23,22,24,-1,23,24,25,-1,25,24,26,-1,27,28,29,-1,29,30,27,-1,27,30,31,-1,27,31,32,-1,32,31,33,-1,32,33,34,-1,
        ]
    }
}
Shape{
    appearance Appearance {
        material  Material 	{
            diffuseColor 0.6666666666666666 0.6980392156862745 0.7686274509803922
            specularColor 0.3333333333333333 0.34901960784313724 0.3843137254901961
            ambientIntensity 0.6967
            transparency 0.0
            shininess 0.5
        }
    }
    geometry IndexedFaceSet {
        ccw TRUE
        solid FALSE
        coord DEF co Coordinate {
            point [
                0.4251 -1.4231 1.1208, 0.756 -1.4231 1.1208, 0.4229 -1.4154 1.1156, 0.7582 -1.4154 1.1156, 0.4218 -1.4046 1.1081, 0.7593 -1.4046 1.1081, 0.4218 -1.3229 1.0522, 0.7593 -1.3229 1.0522
            ]
        }
        coordIndex [
            0,1,2,-1,2,1,3,-1,2,3,4,-1,4,3,5,-1,4,5,6,-1,6,5,7,-1,
        ]
    }
}
Shape{
    appearance Appearance {
        material  Material 	{
            diffuseColor 0.9686274509803922 0.8784313725490196 0.6
            specularColor 0.6784313725490196 0.615686274509804 0.4196078431372549
            ambientIntensity 0.8737
            transparency 0.0
            shininess 0.5
        }
    }
    geometry IndexedFaceSet {
        ccw TRUE
        solid FALSE
        coord DEF co Coordinate {
            point [
                0.2795 0.3693 0.2205, 0.2795 0.3693 0.1181, 0.3504 0.3693 0.1181, 0.3504 0.3693 0.2205, 0.3602 0.3693 0.2375, 0.2697 0.3693 0.2375, 0.3602 0.3693 0.3937, 0.2697 0.3693 0.3937
            ]
        }
        coordIndex [
            0,1,2,-1,2,3,0,-1,0,3,4,-1,0,4,5,-1,5,4,6,-1,5,6,7,-1,
        ]
    }
}
Shape{
    appearance Appearance {
        material  Material 	{
            diffuseColor 0.2235294117647059 0.2235294117647059 0.2235294117647059
            specularColor 0.11372549019607843 0.11372549019607843 0.11372549019607843
            ambientIntensity 0.2235
            transparency 0.0
            shininess 0.5
        }
    }
    geometry IndexedFaceSet {
        ccw TRUE
        solid FALSE
        coord DEF co Coordinate {
            point [
                0.1969 0.6364 1.0157, 0.1969 0.6364 0.7949, 0.1969 0.6168 1.0157, 0.1969 0.6168 0.7949
            ]
        }
        coordIndex [
            0,1,2,-1,2,1,3,-1,
        ]
    }
}
Shape{
    appearance Appearance {
        material  Material 	{
            diffuseColor 0.9686274509803922 0.8784313725490196 0.6
            specularColor 0.6784313725490196 0.615686274509804 0.4196078431372549
            ambientIntensity 0.8737
            transparency 0.0
            shininess 0.5
        }
    }
    geometry IndexedFaceSet {
        ccw TRUE
        solid FALSE
        coord DEF co Coordinate {
            point [
                0.3583 0.8985 0.0778, 0.4291 0.8985 0.0778, 0.3583 0.9076 0.0699, 0.4291 0.9076 0.0699, 0.3583 0.9181 0.064, 0.4291 0.9181 0.064, 0.3583 0.9296 0.0603, 0.4291 0.9296 0.0603, 0.3583 0.9417 0.0591, 0.4291 0.9417 0.0591, -0.748 -1.0905 0.689, -0.748 -0.3315 0.689, -0.748 -1.0905 0.6811, -0.748 -0.3394 0.6811, -0.7334 -1.1051 0.689, -0.7334 -1.1051 0.6811
            ]
        }
        coordIndex [
            0,1,2,-1,2,1,3,-1,2,3,4,-1,4,3,5,-1,4,5,6,-1,6,5,7,-1,6,7,8,-1,8,7,9,-1,10,11,12,-1,12,11,13,-1,10,12,14,-1,14,12,15,-1,
        ]
    }
}
Shape{
    appearance Appearance {
        material  Material 	{
            diffuseColor 0.2235294117647059 0.2235294117647059 0.2235294117647059
            specularColor 0.11372549019607843 0.11372549019607843 0.11372549019607843
            ambientIntensity 0.2235
            transparency 0.0
            shininess 0.5
        }
    }
    geometry IndexedFaceSet {
        ccw TRUE
        solid FALSE
        coord DEF co Coordinate {
            point [
                -0.4185 -1.1051 0.6811, -0.4331 -1.0905 0.6811, -0.5276 -1.1228 0.6811, -0.4173 -1.1228 0.6811, -0.4173 -1.1079 0.6811, -0.4331 -0.3394 0.6811, -0.5118 -0.3394 0.6811, -0.5118 -1.0905 0.6811, -0.4175 -1.1069 0.6811, -0.4179 -1.1059 0.6811, -0.5264 -1.1051 0.6811, -0.5269 -1.1057 0.6811, -0.5273 -1.1064 0.6811, -0.5275 -1.1071 0.6811, -0.5276 -1.1079 0.6811
            ]
        }
        coordIndex [
            0,1,2,-1,2,3,4,-1,5,6,1,-1,1,6,7,-1,4,8,2,-1,2,8,9,-1,2,9,0,-1,7,10,1,-1,1,10,11,-1,1,11,12,-1,12,13,1,-1,1,13,14,-1,1,14,2,-1,
        ]
    }
}
Shape{
    appearance Appearance {
        material  Material 	{
            diffuseColor 0.9686274509803922 0.8784313725490196 0.6
            specularColor 0.6784313725490196 0.615686274509804 0.4196078431372549
            ambientIntensity 0.8737
            transparency 0.0
            shininess 0.5
        }
    }
    geometry IndexedFaceSet {
        ccw TRUE
        solid FALSE
        coord DEF co Coordinate {
            point [
                -0.1181 -1.0905 0.689, -0.1181 -1.0905 0.6811, -0.1035 -1.1051 0.689, -0.1035 -1.1051 0.6811, -0.0394 -1.0905 0.689, -0.0394 -0.3315 0.689, -0.1181 -0.3315 0.689, -0.1024 -1.1079 0.689, -0.1024 -1.2107 0.689, -0.0551 -1.2107 0.689, -0.0551 -1.1079 0.689, -0.055 -1.1071 0.689, -0.1025 -1.1069 0.689, -0.0548 -1.1064 0.689, -0.0545 -1.1057 0.689, -0.1029 -1.1059 0.689, -0.054 -1.1051 0.689, -0.8327 0.015 0.122, -0.8327 -0.2213 0.122, -0.8858 0.015 0.1752, -1.1244 -0.2213 0.4138, -1.1244 0.015 0.4138, -0.2618 1.0542 0.0, -0.2618 0.9417 0.0, -0.2717 1.0542 0.0098, -0.2625 0.9321 0.0004, -0.2643 0.92 0.0024, -0.2654 0.9128 0.0036, -0.2716 0.8946 0.0098, -0.2717 0.8945 0.0098, -0.2008 0.8715 0.0231, -0.2008 0.8553 0.0376, -0.2717 0.8715 0.0231, -0.2717 0.8553 0.0376, -0.2008 0.8945 0.0098, -0.2008 0.8946 0.0098, -0.2106 0.9417 0.0, -0.209 0.922 0.0017, -0.2085 0.92 0.0021, -0.2041 0.9033 0.0064, -0.3442 0.4586 0.0036, -0.3504 0.4402 0.0098, -0.3504 0.6055 0.0098, -0.3406 0.6055 0.0, -0.3406 0.4874 0.0, -0.3412 0.4778 0.0004, -0.3428 0.4677 0.0021, 0.1035 -1.1051 0.6811, 0.1035 -1.1051 0.689, 0.103 -1.1057 0.6811, 0.103 -1.1057 0.689, 0.1027 -1.1064 0.6811, 0.1027 -1.1064 0.689, 0.1024 -1.1071 0.6811, 0.1024 -1.1071 0.689, 0.1024 -1.1079 0.6811, 0.1024 -1.1079 0.689, -0.2894 0.4874 0.0, -0.2877 0.4677 0.0017, -0.2877 0.4676 0.0017, -0.2828 0.4491 0.0064, -0.2795 0.4402 0.0098, -0.2795 0.4398 0.0101, -0.3504 0.4398 0.0101, -0.2795 0.4148 0.0249, -0.3504 0.4148 0.0249, -0.2795 0.3942 0.0455, -0.3504 0.3942 0.0455, -0.2795 0.3793 0.0705, -0.3504 0.3793 0.0705, -0.2795 0.371 0.0983, -0.3504 0.371 0.0983, -0.2795 0.3693 0.1181, -0.3504 0.3693 0.1181, -0.2795 0.6055 0.0098, -0.2894 0.6055 0.0
            ]
        }
        coordIndex [
            0,1,2,-1,2,1,3,-1,2,4,0,-1,0,4,5,-1,0,5,6,-1,7,8,9,-1,9,10,7,-1,7,10,11,-1,7,11,12,-1,12,11,13,-1,12,13,14,-1,2,15,4,-1,4,15,12,-1,4,12,16,-1,16,12,14,-1,17,18,19,-1,19,18,20,-1,19,20,21,-1,22,23,24,-1,24,23,25,-1,24,25,26,-1,26,27,24,-1,24,27,28,-1,24,28,29,-1,30,31,32,-1,32,31,33,-1,30,32,34,-1,34,32,29,-1,34,29,35,-1,35,29,28,-1,35,28,27,-1,23,36,25,-1,25,36,37,-1,25,37,26,-1,26,37,38,-1,26,38,27,-1,27,38,39,-1,27,39,35,-1,40,41,42,-1,42,43,44,-1,44,45,42,-1,42,45,46,-1,42,46,40,-1,47,48,49,-1,49,48,50,-1,49,50,51,-1,51,50,52,-1,51,52,53,-1,53,52,54,-1,53,54,55,-1,55,54,56,-1,44,57,45,-1,45,57,58,-1,45,58,46,-1,46,58,59,-1,46,59,40,-1,59,60,40,-1,40,60,61,-1,40,61,41,-1,41,61,62,-1,41,62,63,-1,63,62,64,-1,63,64,65,-1,65,64,66,-1,65,66,67,-1,67,66,68,-1,67,68,69,-1,69,68,70,-1,69,70,71,-1,71,70,72,-1,71,72,73,-1,59,74,60,-1,60,74,61,-1,59,58,74,-1,74,58,57,-1,74,57,75,-1,
        ]
    }
}
Shape{
    appearance Appearance {
        material  Material 	{
            diffuseColor 0.2235294117647059 0.2235294117647059 0.2235294117647059
            specularColor 0.11372549019607843 0.11372549019607843 0.11372549019607843
            ambientIntensity 0.2235
            transparency 0.0
            shininess 0.5
        }
    }
    geometry IndexedFaceSet {
        ccw TRUE
        solid FALSE
        coord DEF co Coordinate {
            point [
                0.8508 1.0583 1.0197, 0.7376 1.0583 1.0197, 0.8508 0.015 1.0197, 0.7376 0.015 1.0197
            ]
        }
        coordIndex [
            0,1,2,-1,2,1,3,-1,
        ]
    }
}
Shape{
    appearance Appearance {
        material  Material 	{
            diffuseColor 0.9686274509803922 0.8784313725490196 0.6
            specularColor 0.6784313725490196 0.615686274509804 0.4196078431372549
            ambientIntensity 0.8737
            transparency 0.0
            shininess 0.5
        }
    }
    geometry IndexedFaceSet {
        ccw TRUE
        solid FALSE
        coord DEF co Coordinate {
            point [
                -0.2717 0.7928 0.1046, -0.2717 0.8553 0.0376, -0.2008 0.8553 0.0376, -0.2008 0.7928 0.1046, -0.1909 0.7812 0.117, -0.2815 0.7812 0.117, -0.1909 0.6766 0.2292, -0.2815 0.6766 0.2292, -0.6752 0.271 0.4528, -0.6752 0.271 0.5118, -0.6752 0.3102 0.4528, -0.6752 0.3102 0.5118, -0.6752 0.3255 0.4507, -0.6752 0.3408 0.5078, -0.6752 0.3398 0.4448, -0.6752 0.3693 0.496, -0.6752 0.352 0.4355, -0.6752 0.3938 0.4772, -0.6752 0.3614 0.4232, -0.6752 0.4125 0.4528, -0.6752 0.3673 0.409, -0.6752 0.4243 0.4243, -0.6752 0.3693 0.3937, -0.6752 0.4283 0.3937, -0.6752 0.3693 0.2375, -0.6752 0.4283 0.2375, 0.124 0.6449 0.3097, 0.124 0.6449 0.5709, 0.0335 0.6449 0.3097, 0.0335 0.6449 0.5709, 0.1909 0.8244 0.1573, 0.1909 0.7812 0.117, 0.1909 0.7198 0.2695, 0.1909 0.6766 0.2292, 0.1909 0.7112 0.2814, 0.1909 0.6594 0.253, 0.1909 0.7058 0.2951, 0.1909 0.6486 0.2805, 0.1909 0.7039 0.3097, 0.1909 0.6449 0.3097, 0.1909 0.7039 0.5709, 0.1909 0.6449 0.5709, 0.1909 0.6999 0.6014, 0.1909 0.6429 0.5862, 0.1909 0.6881 0.6299, 0.1909 0.637 0.6004, 0.1909 0.6693 0.6544, 0.1909 0.6276 0.6126, 0.1909 0.6449 0.6732, 0.1909 0.6154 0.622, 0.1909 0.6164 0.685, 0.1909 0.6011 0.6279, 0.1909 0.5858 0.689, 0.1909 0.5858 0.6299, 0.1909 0.271 0.689, 0.1909 0.271 0.6299
            ]
        }
        coordIndex [
            0,1,2,-1,2,3,0,-1,0,3,4,-1,0,4,5,-1,5,4,6,-1,5,6,7,-1,8,9,10,-1,10,9,11,-1,10,11,12,-1,12,11,13,-1,12,13,14,-1,14,13,15,-1,14,15,16,-1,16,15,17,-1,16,17,18,-1,18,17,19,-1,18,19,20,-1,20,19,21,-1,20,21,22,-1,22,21,23,-1,22,23,24,-1,24,23,25,-1,26,27,28,-1,28,27,29,-1,30,31,32,-1,32,31,33,-1,32,33,34,-1,34,33,35,-1,34,35,36,-1,36,35,37,-1,36,37,38,-1,38,37,39,-1,38,39,40,-1,40,39,41,-1,40,41,42,-1,42,41,43,-1,42,43,44,-1,44,43,45,-1,44,45,46,-1,46,45,47,-1,46,47,48,-1,48,47,49,-1,48,49,50,-1,50,49,51,-1,50,51,52,-1,52,51,53,-1,52,53,54,-1,54,53,55,-1,
        ]
    }
}
Shape{
    appearance Appearance {
        material  Material 	{
            diffuseColor 0.6666666666666666 0.6980392156862745 0.7686274509803922
            specularColor 0.3333333333333333 0.34901960784313724 0.3843137254901961
            ambientIntensity 0.6967
            transparency 0.0
            shininess 0.5
        }
    }
    geometry IndexedFaceSet {
        ccw TRUE
        solid FALSE
        coord DEF co Coordinate {
            point [
                -1.1278 0.9992 0.444, -1.1617 1.0583 0.3956, -1.1419 0.9992 0.4565, -1.1863 1.0583 0.4176, -1.1525 0.9992 0.4721, -1.2049 1.0583 0.4448, -1.1592 0.9992 0.4897, -1.2165 1.0583 0.4757, -1.1614 0.9992 0.5085, -1.2205 1.0583 0.5085
            ]
        }
        coordIndex [
            0,1,2,-1,2,1,3,-1,2,3,4,-1,4,3,5,-1,4,5,6,-1,6,5,7,-1,6,7,8,-1,8,7,9,-1,
        ]
    }
}
Shape{
    appearance Appearance {
        material  Material 	{
            diffuseColor 0.9686274509803922 0.8784313725490196 0.6
            specularColor 0.6784313725490196 0.615686274509804 0.4196078431372549
            ambientIntensity 0.8737
            transparency 0.0
            shininess 0.5
        }
    }
    geometry IndexedFaceSet {
        ccw TRUE
        solid FALSE
        coord DEF co Coordinate {
            point [
                -0.6654 0.3693 0.2205, -0.6654 0.4283 0.2205, -0.6654 0.3693 0.1181, -0.6654 0.4283 0.1181, -0.6654 0.371 0.0983, -0.6654 0.4298 0.105, -0.6654 0.3793 0.0705, -0.6654 0.4342 0.0925, -0.6654 0.3942 0.0455, -0.6654 0.4412 0.0813, -0.6654 0.4148 0.0249, -0.6654 0.4506 0.0719, -0.6654 0.4398 0.0101, -0.6654 0.4618 0.0649, -0.6654 0.4402 0.0098, -0.6654 0.6055 0.0591, -0.6654 0.6055 0.0098, -0.6654 0.4874 0.0591, -0.6654 0.4743 0.0605, -0.122 0.4402 0.0098, -0.122 0.6055 0.0098, -0.122 0.6055 0.0591, -0.122 0.4283 0.2205, -0.122 0.3693 0.2205, -0.122 0.4283 0.1181, -0.122 0.3693 0.1181, -0.122 0.4298 0.105, -0.122 0.371 0.0983, -0.122 0.4342 0.0925, -0.122 0.3793 0.0705, -0.122 0.4412 0.0813, -0.122 0.3942 0.0455, -0.122 0.4506 0.0719, -0.122 0.4148 0.0249, -0.122 0.4618 0.0649, -0.122 0.4398 0.0101, -0.122 0.4743 0.0605, -0.122 0.4874 0.0591, -0.4331 -1.0905 0.689, -0.4331 -1.0905 0.6811, -0.4185 -1.1051 0.689, -0.4185 -1.1051 0.6811, -0.3543 -1.0905 0.689, -0.3543 -0.3315 0.689, -0.4331 -0.3315 0.689, -0.4173 -1.1079 0.689, -0.4173 -1.2107 0.689, -0.3701 -1.2107 0.689, -0.3701 -1.1079 0.689, -0.37 -1.1071 0.689, -0.4175 -1.1069 0.689, -0.3698 -1.1064 0.689, -0.3694 -1.1057 0.689, -0.4179 -1.1059 0.689, -0.3689 -1.1051 0.689, -0.054 -1.1051 0.6811, -0.054 -1.1051 0.689, -0.0545 -1.1057 0.6811, -0.0545 -1.1057 0.689, -0.0548 -1.1064 0.6811, -0.0548 -1.1064 0.689, -0.055 -1.1071 0.6811, -0.055 -1.1071 0.689, -0.0551 -1.1079 0.6811, -0.0551 -1.1079 0.689
            ]
        }
        coordIndex [
            0,1,2,-1,2,1,3,-1,2,3,4,-1,4,3,5,-1,4,5,6,-1,6,5,7,-1,6,7,8,-1,8,7,9,-1,8,9,10,-1,10,9,11,-1,10,11,12,-1,12,11,13,-1,12,13,14,-1,15,16,17,-1,17,16,14,-1,17,14,18,-1,18,14,13,-1,19,20,21,-1,22,23,24,-1,24,23,25,-1,24,25,26,-1,26,25,27,-1,26,27,28,-1,28,27,29,-1,28,29,30,-1,30,29,31,-1,30,31,32,-1,32,31,33,-1,32,33,34,-1,34,33,35,-1,34,35,36,-1,36,35,19,-1,36,19,37,-1,37,19,21,-1,38,39,40,-1,40,39,41,-1,40,42,38,-1,38,42,43,-1,38,43,44,-1,45,46,47,-1,47,48,45,-1,45,48,49,-1,45,49,50,-1,50,49,51,-1,50,51,52,-1,40,53,42,-1,42,53,50,-1,42,50,54,-1,54,50,52,-1,55,56,57,-1,57,56,58,-1,57,58,59,-1,59,58,60,-1,59,60,61,-1,61,60,62,-1,61,62,63,-1,63,62,64,-1,
        ]
    }
}
Shape{
    appearance Appearance {
        material  Material 	{
            diffuseColor 0.6666666666666666 0.6980392156862745 0.7686274509803922
            specularColor 0.3333333333333333 0.34901960784313724 0.3843137254901961
            ambientIntensity 0.6967
            transparency 0.0
            shininess 0.5
        }
    }
    geometry IndexedFaceSet {
        ccw TRUE
        solid FALSE
        coord DEF co Coordinate {
            point [
                -0.6417 -1.3236 0.0, -0.6417 -1.3236 0.1181, -0.6286 -1.3221 0.0, -0.6286 -1.3221 0.1181, -0.6161 -1.3178 0.0, -0.6161 -1.3178 0.1181, -0.6049 -1.3107 0.0, -0.6049 -1.3107 0.1181, -0.5956 -1.3014 0.0, -0.5956 -1.3014 0.1181, -0.5885 -1.2902 0.0, -0.5885 -1.2902 0.1181, -0.5842 -1.2777 0.0, -0.5842 -1.2777 0.1181, -0.5827 -1.2646 0.0, -0.5827 -1.2646 0.1181
            ]
        }
        coordIndex [
            0,1,2,-1,2,1,3,-1,2,3,4,-1,4,3,5,-1,4,5,6,-1,6,5,7,-1,6,7,8,-1,8,7,9,-1,8,9,10,-1,10,9,11,-1,10,11,12,-1,12,11,13,-1,12,13,14,-1,14,13,15,-1,
        ]
    }
}
Shape{
    appearance Appearance {
        material  Material 	{
            diffuseColor 0.9686274509803922 0.8784313725490196 0.6
            specularColor 0.6784313725490196 0.615686274509804 0.4196078431372549
            ambientIntensity 0.8737
            transparency 0.0
            shininess 0.5
        }
    }
    geometry IndexedFaceSet {
        ccw TRUE
        solid FALSE
        coord DEF co Coordinate {
            point [
                -0.0433 0.836 0.1448, -0.0433 0.8985 0.0778, -0.1142 0.8985 0.0778, -0.1142 0.836 0.1448, -0.124 0.8244 0.1573, -0.0335 0.8244 0.1573, -0.124 0.7198 0.2695, -0.0335 0.7198 0.2695, -0.2717 0.8985 0.0778, -0.2008 0.8985 0.0778, -0.2717 0.9076 0.0699, -0.2008 0.9076 0.0699, -0.2717 0.9181 0.064, -0.2008 0.9181 0.064, -0.2717 0.9296 0.0603, -0.2008 0.9296 0.0603, -0.2717 0.9417 0.0591, -0.2008 0.9417 0.0591, 0.1772 0.5819 1.1024, 0.1772 0.5819 1.063, 0.1772 0.5858 1.1024, 0.1772 0.5858 1.063, 0.4173 -1.2107 0.689, 0.3701 -1.2107 0.689, 0.3701 -1.2195 0.688, 0.4173 -1.2195 0.688, 0.3701 -1.2278 0.685, 0.4173 -1.2278 0.685, -0.7441 0.9181 0.064, -0.7441 0.8945 0.0098, -0.7441 0.9076 0.0699, -0.7441 0.8715 0.0231, -0.7441 0.8985 0.0778, -0.7441 0.8553 0.0376, -0.7441 0.836 0.1448, -0.7441 0.7928 0.1046, -0.7441 1.0542 0.0591, -0.7441 1.0542 0.0098, -0.7441 0.9417 0.0591, -0.7441 0.9296 0.0603
            ]
        }
        coordIndex [
            0,1,2,-1,2,3,0,-1,0,3,4,-1,0,4,5,-1,5,4,6,-1,5,6,7,-1,8,9,10,-1,10,9,11,-1,10,11,12,-1,12,11,13,-1,12,13,14,-1,14,13,15,-1,14,15,16,-1,16,15,17,-1,18,19,20,-1,20,19,21,-1,22,23,24,-1,22,24,25,-1,25,24,26,-1,25,26,27,-1,28,29,30,-1,30,29,31,-1,30,31,32,-1,32,31,33,-1,32,33,34,-1,34,33,35,-1,36,37,38,-1,38,37,29,-1,38,29,39,-1,39,29,28,-1,
        ]
    }
}
Shape{
    appearance Appearance {
        material  Material 	{
            diffuseColor 0.2235294117647059 0.2235294117647059 0.2235294117647059
            specularColor 0.11372549019607843 0.11372549019607843 0.11372549019607843
            ambientIntensity 0.2235
            transparency 0.0
            shininess 0.5
        }
    }
    geometry IndexedFaceSet {
        ccw TRUE
        solid FALSE
        coord DEF co Coordinate {
            point [
                -0.1969 0.6364 0.7949, -0.1969 0.6364 1.0157, -0.1969 0.6168 0.7949, -0.1969 0.6168 1.0157
            ]
        }
        coordIndex [
            0,1,2,-1,2,1,3,-1,
        ]
    }
}
Shape{
    appearance Appearance {
        material  Material 	{
            diffuseColor 0.6666666666666666 0.6980392156862745 0.7686274509803922
            specularColor 0.3333333333333333 0.34901960784313724 0.3843137254901961
            ambientIntensity 0.6967
            transparency 0.0
            shininess 0.5
        }
    }
    geometry IndexedFaceSet {
        ccw TRUE
        solid FALSE
        coord DEF co Coordinate {
            point [
                0.7449 0.9992 1.0236, 0.7449 0.6488 1.0236, 0.7218 0.9992 1.0213, 0.7218 0.6488 1.0214, 0.7217 0.9992 1.0213, 0.6997 0.9992 1.0146, 0.6997 0.6488 1.0146, 0.6994 0.9992 1.0145, 0.6793 0.6488 1.0037, 0.6793 0.9992 1.0037, 0.6789 0.9992 1.0035, 0.6614 0.6488 0.989, 0.6614 0.9992 0.989, -1.1614 0.9992 0.5085, -1.1614 0.7433 0.5085, -1.1592 0.9992 0.4897, -1.1592 0.7433 0.4897, -1.1525 0.9992 0.4721, -1.1525 0.7433 0.4721, -1.1419 0.9992 0.4565, -1.1419 0.7433 0.4565, -1.1278 0.9992 0.444, -1.1278 0.7433 0.444, -1.1614 0.6977 0.5772, -1.1614 0.6995 0.5767, -1.1614 0.9992 0.5772, -1.1614 0.7138 0.5708, -1.1614 0.726 0.5614, -1.1614 0.7354 0.5492, -1.1614 0.7413 0.535, -1.1614 0.7433 0.5197, 0.7598 0.5228 1.0236, 0.7598 0.5228 1.1417, 0.7751 0.5248 1.0236, 0.7751 0.5248 1.1417, 0.7894 0.5307 1.0236, 0.7894 0.5307 1.1417, 0.8016 0.5401 1.0236, 0.8016 0.5401 1.1417, 0.811 0.5524 1.0236, 0.811 0.5524 1.1417, 0.8169 0.5666 1.0236, 0.8169 0.5666 1.1417, 0.8189 0.5819 1.0236, 0.8189 0.5819 1.1417
            ]
        }
        coordIndex [
            0,1,2,-1,2,1,3,-1,2,3,4,-1,4,3,5,-1,5,3,6,-1,5,6,7,-1,7,6,8,-1,7,8,9,-1,9,8,10,-1,10,8,11,-1,10,11,12,-1,13,14,15,-1,15,14,16,-1,15,16,17,-1,17,16,18,-1,17,18,19,-1,19,18,20,-1,19,20,21,-1,21,20,22,-1,23,24,25,-1,25,24,26,-1,25,26,27,-1,27,28,25,-1,25,28,29,-1,25,29,13,-1,13,29,30,-1,13,30,14,-1,31,32,33,-1,33,32,34,-1,33,34,35,-1,35,34,36,-1,35,36,37,-1,37,36,38,-1,37,38,39,-1,39,38,40,-1,39,40,41,-1,41,40,42,-1,41,42,43,-1,43,42,44,-1,
        ]
    }
}
Shape{
    appearance Appearance {
        material  Material 	{
            diffuseColor 0.9686274509803922 0.8784313725490196 0.6
            specularColor 0.6784313725490196 0.615686274509804 0.4196078431372549
            ambientIntensity 0.8737
            transparency 0.0
            shininess 0.5
        }
    }
    geometry IndexedFaceSet {
        ccw TRUE
        solid FALSE
        coord DEF co Coordinate {
            point [
                -0.3386 -1.1228 0.4567, -0.3386 -1.1228 0.4606, -0.3386 -1.1079 0.4606, -0.3386 -1.1079 0.4528, -0.3386 -1.2107 0.4528, -0.3386 -1.2278 0.4567, -0.3386 -1.2195 0.4538
            ]
        }
        coordIndex [
            0,1,2,-1,2,3,0,-1,0,3,4,-1,0,4,5,-1,5,4,6,-1,
        ]
    }
}
Shape{
    appearance Appearance {
        material  Material 	{
            diffuseColor 0.6666666666666666 0.6980392156862745 0.7686274509803922
            specularColor 0.3333333333333333 0.34901960784313724 0.3843137254901961
            ambientIntensity 0.6967
            transparency 0.0
            shininess 0.5
        }
    }
    geometry IndexedFaceSet {
        ccw TRUE
        solid FALSE
        coord DEF co Coordinate {
            point [
                -0.6417 -0.7134 0.0, -0.6417 -0.7134 0.1181, -0.6286 -0.7119 0.0, -0.6286 -0.7119 0.1181, -0.6161 -0.7075 0.0, -0.6161 -0.7075 0.1181, -0.6049 -0.7005 0.0, -0.6049 -0.7005 0.1181, -0.5956 -0.6912 0.0, -0.5956 -0.6912 0.1181, -0.5885 -0.68 0.0, -0.5885 -0.68 0.1181, -0.5842 -0.6675 0.0, -0.5842 -0.6675 0.1181, -0.5827 -0.6543 0.0, -0.5827 -0.6543 0.1181, 0.6417 -0.5756 0.1181, 0.6417 -0.5756 0.0, 0.8486 -0.5756 0.1181, 0.8486 -0.5756 0.0, 0.8605 -0.5756 0.1193, 0.8843 -0.5756 0.0036, 0.872 -0.5756 0.1229, 0.9186 -0.5756 0.0144, 0.8824 -0.5756 0.1287, 0.95 -0.5756 0.0319, 0.8915 -0.5756 0.1365, 0.9772 -0.5756 0.0553, 1.1452 -0.5756 0.4042, 1.2309 -0.5756 0.3229, 1.154 -0.5756 0.4162, 1.2573 -0.5756 0.359, 1.1595 -0.5756 0.43, 1.2739 -0.5756 0.4005, 1.1614 -0.5756 0.4448, 1.2795 -0.5756 0.4448, 1.1614 -0.5756 0.4743, 1.2795 -0.5756 0.4743
            ]
        }
        coordIndex [
            0,1,2,-1,2,1,3,-1,2,3,4,-1,4,3,5,-1,4,5,6,-1,6,5,7,-1,6,7,8,-1,8,7,9,-1,8,9,10,-1,10,9,11,-1,10,11,12,-1,12,11,13,-1,12,13,14,-1,14,13,15,-1,16,17,18,-1,18,17,19,-1,18,19,20,-1,20,19,21,-1,20,21,22,-1,22,21,23,-1,22,23,24,-1,24,23,25,-1,24,25,26,-1,26,25,27,-1,26,27,28,-1,28,27,29,-1,28,29,30,-1,30,29,31,-1,30,31,32,-1,32,31,33,-1,32,33,34,-1,34,33,35,-1,34,35,36,-1,36,35,37,-1,
        ]
    }
}
Shape{
    appearance Appearance {
        material  Material 	{
            diffuseColor 0.9686274509803922 0.8784313725490196 0.6
            specularColor 0.6784313725490196 0.615686274509804 0.4196078431372549
            ambientIntensity 0.8737
            transparency 0.0
            shininess 0.5
        }
    }
    geometry IndexedFaceSet {
        ccw TRUE
        solid FALSE
        coord DEF co Coordinate {
            point [
                -0.6634 0.7198 0.2695, -0.7539 0.7198 0.2695, -0.6634 0.7112 0.2814, -0.7539 0.7112 0.2814, -0.6634 0.7058 0.2951, -0.7539 0.7058 0.2951, -0.6634 0.7039 0.3097, -0.7539 0.7039 0.3097
            ]
        }
        coordIndex [
            0,1,2,-1,2,1,3,-1,2,3,4,-1,4,3,5,-1,4,5,6,-1,6,5,7,-1,
        ]
    }
}
Shape{
    appearance Appearance {
        material  Material 	{
            diffuseColor 0.2235294117647059 0.2235294117647059 0.2235294117647059
            specularColor 0.11372549019607843 0.11372549019607843 0.11372549019607843
            ambientIntensity 0.2235
            transparency 0.0
            shininess 0.5
        }
    }
    geometry IndexedFaceSet {
        ccw TRUE
        solid FALSE
        coord DEF co Coordinate {
            point [
                -0.8459 -1.2677 0.5759, -0.8465 -1.2606 0.576, -0.7283 -1.2606 0.4567, -0.8451 -1.2711 0.5762, -0.7279 -1.2677 0.4571, -0.8451 -1.2711 0.5762, -0.7276 -1.2711 0.4579, -0.8428 -1.281 0.5771, -0.7276 -1.2711 0.4579, -0.8405 -1.2859 0.5781, -0.7266 -1.281 0.4601, -0.7257 -1.2859 0.4624, -0.7256 -1.2859 0.4624, -0.724 -1.2946 0.4666, -0.7226 -1.2991 0.4703, -0.8327 -1.2991 0.5815, -0.8327 -1.2991 0.5815, -0.7226 -1.2991 0.4703, -0.8364 -1.2946 0.58, -0.8405 -1.2859 0.5781, -0.8086 -1.3178 0.5914, -0.718 -1.3099 0.4812, -0.8086 -1.3178 0.5914, -0.718 -1.3099 0.4812, -0.8142 -1.3155 0.5891, -0.8219 -1.3099 0.586, -0.7202 -1.3062 0.4762, -0.8219 -1.3099 0.586, -0.8269 -1.3062 0.584, -0.7125 -1.3178 0.4945, -0.7939 -1.3223 0.5975, -0.7125 -1.3178 0.4944, -0.7939 -1.3223 0.5975, -0.7148 -1.3155 0.4888, -0.7994 -1.3216 0.5952, -0.7086 -1.3216 0.5037, -0.7064 -1.3223 0.5092, -0.7835 -1.3236 0.6019, -0.7064 -1.3223 0.5092, -0.7021 -1.3236 0.5197, -0.8441 -1.2769 0.6826, -0.8424 -1.2828 0.681, -0.8409 -1.2859 0.6795, -0.8455 -1.2717 0.6841, -0.8455 -1.2712 0.6841, -0.8465 -1.2606 0.685, -0.8378 -1.292 0.6764, -0.8368 -1.2941 0.6754, -0.8328 -1.2991 0.6714, -0.8279 -1.3051 0.6665, -0.8274 -1.3058 0.666, -0.8219 -1.3099 0.6604, -0.8149 -1.315 0.6534, -0.8087 -1.3177 0.6472, -0.8137 -1.3159 0.6523, -0.7996 -1.321 0.6382, -0.794 -1.3226 0.6326, -0.7952 -1.3225 0.6338, -0.7835 -1.3236 0.622
            ]
        }
        coordIndex [
            0,1,2,-1,0,2,3,-1,3,2,4,-1,3,4,5,-1,5,4,6,-1,5,6,7,-1,7,6,8,-1,7,8,9,-1,9,8,10,-1,9,10,11,-1,11,12,9,-1,9,12,13,-1,9,13,14,-1,15,16,17,-1,17,16,18,-1,17,18,14,-1,14,18,19,-1,14,19,9,-1,20,21,22,-1,22,21,23,-1,20,24,21,-1,21,24,25,-1,21,25,26,-1,26,25,27,-1,26,27,17,-1,17,27,28,-1,17,28,15,-1,29,30,31,-1,31,30,32,-1,23,33,22,-1,22,33,31,-1,22,31,34,-1,34,31,32,-1,29,35,30,-1,30,35,36,-1,30,36,37,-1,37,36,38,-1,37,38,39,-1,40,3,5,-1,5,7,40,-1,40,7,9,-1,40,9,41,-1,41,9,19,-1,41,19,42,-1,40,43,3,-1,3,43,44,-1,3,44,0,-1,0,44,45,-1,0,45,1,-1,19,18,42,-1,42,18,16,-1,42,16,46,-1,46,16,47,-1,47,16,48,-1,48,16,15,-1,48,15,49,-1,49,15,28,-1,49,28,50,-1,50,28,51,-1,51,28,27,-1,51,27,52,-1,25,53,27,-1,27,53,54,-1,27,54,52,-1,25,24,53,-1,53,24,20,-1,53,20,55,-1,22,56,20,-1,20,56,57,-1,20,57,55,-1,22,34,56,-1,56,34,32,-1,56,32,58,-1,58,32,30,-1,58,30,37,-1,
        ]
    }
}
Shape{
    appearance Appearance {
        material  Material 	{
            diffuseColor 0.6666666666666666 0.6980392156862745 0.7686274509803922
            specularColor 0.3333333333333333 0.34901960784313724 0.3843137254901961
            ambientIntensity 0.6967
            transparency 0.0
            shininess 0.5
        }
    }
    geometry IndexedFaceSet {
        ccw TRUE
        solid FALSE
        coord DEF co Coordinate {
            point [
                -0.2362 0.2504 1.1417, -0.2362 0.2504 1.0236, -0.2362 0.2319 1.1417, -0.2362 0.2319 1.0236, -0.2362 0.1979 1.138, -0.2362 0.2234 1.0227, -0.2362 0.1654 1.127, -0.2362 0.0404 0.9581, -0.2362 -0.002 1.0489, -0.2362 0.0925 0.9626, -0.2362 0.2153 1.0199
            ]
        }
        coordIndex [
            0,1,2,-1,2,1,3,-1,2,3,4,-1,4,3,5,-1,4,5,6,-1,7,8,9,-1,9,8,6,-1,9,6,10,-1,10,6,5,-1,
        ]
    }
}
Shape{
    appearance Appearance {
        material  Material 	{
            diffuseColor 0.2235294117647059 0.2235294117647059 0.2235294117647059
            specularColor 0.11372549019607843 0.11372549019607843 0.11372549019607843
            ambientIntensity 0.2235
            transparency 0.0
            shininess 0.5
        }
    }
    geometry IndexedFaceSet {
        ccw TRUE
        solid FALSE
        coord DEF co Coordinate {
            point [
                0.2755 -0.0591 1.0079, -0.2755 -0.0591 1.0079, 0.2756 -0.134 1.0079, -0.2756 -0.134 1.0079, 0.2756 -0.0591 1.0157, 0.2756 -0.2606 0.9488, 0.2756 -0.2606 0.9685, 0.2756 -0.2134 1.0157
            ]
        }
        coordIndex [
            0,1,2,-1,2,1,3,-1,4,0,2,-1,5,6,2,-1,2,6,7,-1,2,7,4,-1,
        ]
    }
}
Shape{
    appearance Appearance {
        material  Material 	{
            diffuseColor 0.9686274509803922 0.8784313725490196 0.6
            specularColor 0.6784313725490196 0.615686274509804 0.4196078431372549
            ambientIntensity 0.8737
            transparency 0.0
            shininess 0.5
        }
    }
    geometry IndexedFaceSet {
        ccw TRUE
        solid FALSE
        coord DEF co Coordinate {
            point [
                -0.3484 0.7039 0.3097, -0.439 0.7039 0.3097, -0.3484 0.7039 0.5709, -0.439 0.7039 0.5709, -0.0335 0.271 0.689, -0.0335 0.271 0.6299, -0.0335 0.5858 0.689, -0.0335 0.5858 0.6299, -0.0335 0.6164 0.685, -0.0335 0.6011 0.6279, -0.0335 0.6449 0.6732, -0.0335 0.6154 0.622, -0.0335 0.6693 0.6544, -0.0335 0.6276 0.6126, -0.0335 0.6881 0.6299, -0.0335 0.637 0.6004, -0.0335 0.6999 0.6014, -0.0335 0.6429 0.5862, -0.0335 0.7039 0.5709, -0.0335 0.6449 0.5709, -0.0335 0.7039 0.3097, -0.0335 0.6449 0.3097, -0.0335 0.7058 0.2951, -0.0335 0.6486 0.2805, -0.0335 0.7112 0.2814, -0.0335 0.6594 0.253, -0.0335 0.7198 0.2695, -0.0335 0.6766 0.2292, -0.0335 0.8244 0.1573, -0.0335 0.7812 0.117, -0.3543 -1.0905 0.4528, -0.3397 -1.1051 0.4528, -0.3543 -1.0905 0.4606, -0.3397 -1.1051 0.4606, 0.0256 0.6055 0.0, 0.0256 0.4874 0.0, -0.0256 0.6055 0.0, -0.0256 0.4874 0.0, -0.1909 0.5858 0.6299, -0.2815 0.5858 0.6299, -0.1909 0.6011 0.6279, -0.2815 0.6011 0.6279, -0.1909 0.6154 0.622, -0.2815 0.6154 0.622, -0.1909 0.6276 0.6126, -0.2815 0.6276 0.6126, -0.1909 0.637 0.6004, -0.2815 0.637 0.6004, -0.1909 0.6429 0.5862, -0.2815 0.6429 0.5862, -0.1909 0.6449 0.5709, -0.2815 0.6449 0.5709, -0.7539 0.8244 0.1573, -0.7539 0.7812 0.117, -0.7539 0.7198 0.2695, -0.7539 0.6766 0.2292, -0.7539 0.7112 0.2814, -0.7539 0.6594 0.253, -0.7539 0.7058 0.2951, -0.7539 0.6486 0.2805, -0.7539 0.7039 0.3097, -0.7539 0.6449 0.3097, -0.7539 0.7039 0.5709, -0.7539 0.6449 0.5709, -0.7539 0.6999 0.6014, -0.7539 0.6429 0.5862, -0.7539 0.6881 0.6299, -0.7539 0.637 0.6004, -0.7539 0.6693 0.6544, -0.7539 0.6276 0.6126, -0.7539 0.6449 0.6732, -0.7539 0.6154 0.622, -0.7539 0.6164 0.685, -0.7539 0.6011 0.6279, -0.7539 0.5858 0.689, -0.7539 0.5858 0.6299, -0.7539 0.271 0.689, -0.7539 0.271 0.6299, 0.5965 0.7198 0.2695, 0.5059 0.7198 0.2695, 0.5965 0.7112 0.2814, 0.5059 0.7112 0.2814, 0.5965 0.7058 0.2951, 0.5059 0.7058 0.2951, 0.5965 0.7039 0.3097, 0.5059 0.7039 0.3097, 0.1333 -1.1059 0.4528, 0.1969 -1.0905 0.4528, 0.1337 -1.1069 0.4528, 0.1823 -1.1051 0.4528, 0.1818 -1.1057 0.4528, 0.1811 -1.2107 0.4528, 0.1339 -1.2107 0.4528, 0.1811 -1.1079 0.4528, 0.1339 -1.1079 0.4528, 0.1812 -1.1071 0.4528, 0.1814 -1.1064 0.4528, 0.1181 -0.3315 0.4528, 0.1969 -0.3315 0.4528, 0.1181 -1.0905 0.4528, 0.1327 -1.1051 0.4528, -0.439 0.6766 0.2292, -0.3484 0.6766 0.2292, -0.3484 0.6594 0.253, -0.439 0.6594 0.253, -0.3484 0.6486 0.2805, -0.439 0.6486 0.2805, -0.3484 0.6449 0.3097, -0.439 0.6449 0.3097
            ]
        }
        coordIndex [
            0,1,2,-1,2,1,3,-1,4,5,6,-1,6,5,7,-1,6,7,8,-1,8,7,9,-1,8,9,10,-1,10,9,11,-1,10,11,12,-1,12,11,13,-1,12,13,14,-1,14,13,15,-1,14,15,16,-1,16,15,17,-1,16,17,18,-1,18,17,19,-1,18,19,20,-1,20,19,21,-1,20,21,22,-1,22,21,23,-1,22,23,24,-1,24,23,25,-1,24,25,26,-1,26,25,27,-1,26,27,28,-1,28,27,29,-1,30,31,32,-1,32,31,33,-1,34,35,36,-1,36,35,37,-1,38,39,40,-1,40,39,41,-1,40,41,42,-1,42,41,43,-1,42,43,44,-1,44,43,45,-1,44,45,46,-1,46,45,47,-1,46,47,48,-1,48,47,49,-1,48,49,50,-1,50,49,51,-1,52,53,54,-1,54,53,55,-1,54,55,56,-1,56,55,57,-1,56,57,58,-1,58,57,59,-1,58,59,60,-1,60,59,61,-1,60,61,62,-1,62,61,63,-1,62,63,64,-1,64,63,65,-1,64,65,66,-1,66,65,67,-1,66,67,68,-1,68,67,69,-1,68,69,70,-1,70,69,71,-1,70,71,72,-1,72,71,73,-1,72,73,74,-1,74,73,75,-1,74,75,76,-1,76,75,77,-1,78,79,80,-1,80,79,81,-1,80,81,82,-1,82,81,83,-1,82,83,84,-1,84,83,85,-1,86,87,88,-1,88,87,89,-1,88,89,90,-1,91,92,93,-1,93,92,94,-1,93,94,95,-1,95,94,88,-1,95,88,96,-1,96,88,90,-1,97,98,99,-1,99,98,87,-1,99,87,100,-1,100,87,86,-1,101,102,103,-1,101,103,104,-1,104,103,105,-1,104,105,106,-1,106,105,107,-1,106,107,108,-1,
        ]
    }
}
Shape{
    appearance Appearance {
        material  Material 	{
            diffuseColor 0.6666666666666666 0.6980392156862745 0.7686274509803922
            specularColor 0.3333333333333333 0.34901960784313724 0.3843137254901961
            ambientIntensity 0.6967
            transparency 0.0
            shininess 0.5
        }
    }
    geometry IndexedFaceSet {
        ccw TRUE
        solid FALSE
        coord DEF co Coordinate {
            point [
                0.5827 -0.6543 0.0, 0.5827 -0.6346 0.0, 0.5827 -0.6543 0.1181, 0.5827 -0.6346 0.1181
            ]
        }
        coordIndex [
            0,1,2,-1,2,1,3,-1,
        ]
    }
}
Shape{
    appearance Appearance {
        material  Material 	{
            diffuseColor 0.9686274509803922 0.8784313725490196 0.6
            specularColor 0.6784313725490196 0.615686274509804 0.4196078431372549
            ambientIntensity 0.8737
            transparency 0.0
            shininess 0.5
        }
    }
    geometry IndexedFaceSet {
        ccw TRUE
        solid FALSE
        coord DEF co Coordinate {
            point [
                0.1024 -1.2107 0.689, 0.0551 -1.2107 0.689, 0.0551 -1.2195 0.688, 0.1024 -1.2195 0.688, 0.0551 -1.2278 0.685, 0.1024 -1.2278 0.685
            ]
        }
        coordIndex [
            0,1,2,-1,0,2,3,-1,3,2,4,-1,3,4,5,-1,
        ]
    }
}
Shape{
    appearance Appearance {
        material  Material 	{
            diffuseColor 0.6666666666666666 0.6980392156862745 0.7686274509803922
            specularColor 0.3333333333333333 0.34901960784313724 0.3843137254901961
            ambientIntensity 0.6967
            transparency 0.0
            shininess 0.5
        }
    }
    geometry IndexedFaceSet {
        ccw TRUE
        solid FALSE
        coord DEF co Coordinate {
            point [
                -0.284 -1.1999 1.1417, -0.2349 -0.7582 1.1417, -0.284 -1.1999 1.0236, -0.2349 -0.7582 1.0236, 0.9256 0.7433 0.3024, 0.9934 0.7433 0.2056, 1.1278 0.7433 0.444, 1.1956 0.7433 0.3472, 1.1419 0.7433 0.4565, 1.2307 0.7433 0.3787, 1.1525 0.7433 0.4721, 1.2573 0.7433 0.4176, 1.1592 0.7433 0.4897, 1.2739 0.7433 0.4617, 1.1614 0.7433 0.5085, 1.2795 0.7433 0.5085, 1.1614 0.7433 0.5197, 1.2795 0.7433 0.5197
            ]
        }
        coordIndex [
            0,1,2,-1,2,1,3,-1,4,5,6,-1,6,5,7,-1,6,7,8,-1,8,7,9,-1,8,9,10,-1,10,9,11,-1,10,11,12,-1,12,11,13,-1,12,13,14,-1,14,13,15,-1,14,15,16,-1,16,15,17,-1,
        ]
    }
}
Shape{
    appearance Appearance {
        material  Material 	{
            diffuseColor 0.9686274509803922 0.8784313725490196 0.6
            specularColor 0.6784313725490196 0.615686274509804 0.4196078431372549
            ambientIntensity 0.8737
            transparency 0.0
            shininess 0.5
        }
    }
    geometry IndexedFaceSet {
        ccw TRUE
        solid FALSE
        coord DEF co Coordinate {
            point [
                -0.0354 0.3693 0.2205, -0.0354 0.3693 0.1181, 0.0354 0.3693 0.1181, 0.0354 0.3693 0.2205, 0.0453 0.3693 0.2375, -0.0453 0.3693 0.2375, 0.0453 0.3693 0.3937, -0.0453 0.3693 0.3937
            ]
        }
        coordIndex [
            0,1,2,-1,2,3,0,-1,0,3,4,-1,0,4,5,-1,5,4,6,-1,5,6,7,-1,
        ]
    }
}
Shape{
    appearance Appearance {
        material  Material 	{
            diffuseColor 0.6666666666666666 0.6980392156862745 0.7686274509803922
            specularColor 0.3333333333333333 0.34901960784313724 0.3843137254901961
            ambientIntensity 0.6967
            transparency 0.0
            shininess 0.5
        }
    }
    geometry IndexedFaceSet {
        ccw TRUE
        solid FALSE
        coord DEF co Coordinate {
            point [
                -0.2936 -0.6926 1.1417, -0.3142 -0.6926 1.1417, -0.2936 -0.6926 1.0236, -0.3142 -0.6926 1.0236
            ]
        }
        coordIndex [
            0,1,2,-1,2,1,3,-1,
        ]
    }
}
Shape{
    appearance Appearance {
        material  Material 	{
            diffuseColor 0.9686274509803922 0.8784313725490196 0.6
            specularColor 0.6784313725490196 0.615686274509804 0.4196078431372549
            ambientIntensity 0.8737
            transparency 0.0
            shininess 0.5
        }
    }
    geometry IndexedFaceSet {
        ccw TRUE
        solid FALSE
        coord DEF co Coordinate {
            point [
                -0.6634 0.5858 0.6299, -0.7539 0.5858 0.6299, -0.6634 0.6011 0.6279, -0.7539 0.6011 0.6279, -0.6634 0.6154 0.622, -0.7539 0.6154 0.622, -0.6634 0.6276 0.6126, -0.7539 0.6276 0.6126, -0.6634 0.637 0.6004, -0.7539 0.637 0.6004, -0.6634 0.6429 0.5862, -0.7539 0.6429 0.5862, -0.6634 0.6449 0.5709, -0.7539 0.6449 0.5709, 0.122 0.6055 0.0591, 0.122 0.4874 0.0591, 0.1929 0.6055 0.0591, 0.1929 0.4874 0.0591
            ]
        }
        coordIndex [
            0,1,2,-1,2,1,3,-1,2,3,4,-1,4,3,5,-1,4,5,6,-1,6,5,7,-1,6,7,8,-1,8,7,9,-1,8,9,10,-1,10,9,11,-1,10,11,12,-1,12,11,13,-1,14,15,16,-1,16,15,17,-1,
        ]
    }
}
Shape{
    appearance Appearance {
        material  Material 	{
            diffuseColor 0.6666666666666666 0.6980392156862745 0.7686274509803922
            specularColor 0.3333333333333333 0.34901960784313724 0.3843137254901961
            ambientIntensity 0.6967
            transparency 0.0
            shininess 0.5
        }
    }
    geometry IndexedFaceSet {
        ccw TRUE
        solid FALSE
        coord DEF co Coordinate {
            point [
                1.1956 0.7433 0.3472, 1.1956 1.0583 0.3472, 1.2307 1.0583 0.3787, 1.2307 0.7433 0.3787, 1.2573 1.0583 0.4176, 1.2573 0.7433 0.4176, 1.2739 1.0583 0.4617, 1.2739 0.7433 0.4617, 1.2795 1.0583 0.5085, 1.2795 0.7433 0.5085
            ]
        }
        coordIndex [
            0,1,2,-1,0,2,3,-1,3,2,4,-1,3,4,5,-1,5,4,6,-1,5,6,7,-1,7,6,8,-1,7,8,9,-1,
        ]
    }
}
Shape{
    appearance Appearance {
        material  Material 	{
            diffuseColor 0.9686274509803922 0.8784313725490196 0.6
            specularColor 0.6784313725490196 0.615686274509804 0.4196078431372549
            ambientIntensity 0.8737
            transparency 0.0
            shininess 0.5
        }
    }
    geometry IndexedFaceSet {
        ccw TRUE
        solid FALSE
        coord DEF co Coordinate {
            point [
                -0.0354 0.4283 0.1181, 0.0354 0.4283 0.1181, -0.0354 0.4298 0.105, 0.0354 0.4298 0.105, -0.0354 0.4342 0.0925, 0.0354 0.4342 0.0925, -0.0354 0.4412 0.0813, 0.0354 0.4412 0.0813, -0.0354 0.4506 0.0719, 0.0354 0.4506 0.0719, -0.0354 0.4618 0.0649, 0.0354 0.4618 0.0649, -0.0354 0.4743 0.0605, 0.0354 0.4743 0.0605, -0.0354 0.4874 0.0591, 0.0354 0.4874 0.0591
            ]
        }
        coordIndex [
            0,1,2,-1,2,1,3,-1,2,3,4,-1,4,3,5,-1,4,5,6,-1,6,5,7,-1,6,7,8,-1,8,7,9,-1,8,9,10,-1,10,9,11,-1,10,11,12,-1,12,11,13,-1,12,13,14,-1,14,13,15,-1,
        ]
    }
}
Shape{
    appearance Appearance {
        material  Material 	{
            diffuseColor 0.6666666666666666 0.6980392156862745 0.7686274509803922
            specularColor 0.3333333333333333 0.34901960784313724 0.3843137254901961
            ambientIntensity 0.6967
            transparency 0.0
            shininess 0.5
        }
    }
    geometry IndexedFaceSet {
        ccw TRUE
        solid FALSE
        coord DEF co Coordinate {
            point [
                -1.2106 -0.7134 0.1181, -1.2106 -0.7134 0.0, -1.2234 -0.7151 0.0, -1.2234 -0.7151 0.1181, -1.2352 -0.72 0.0, -1.2352 -0.72 0.1181, -1.2454 -0.7278 0.0, -1.2454 -0.7278 0.1181, -1.2532 -0.738 0.0, -1.2532 -0.738 0.1181, -1.2582 -0.7499 0.0, -1.2582 -0.7499 0.1181, -1.2598 -0.7626 0.0, -1.2598 -0.7626 0.1181
            ]
        }
        coordIndex [
            0,1,2,-1,0,2,3,-1,3,2,4,-1,3,4,5,-1,5,4,6,-1,5,6,7,-1,7,6,8,-1,7,8,9,-1,9,8,10,-1,9,10,11,-1,11,10,12,-1,11,12,13,-1,
        ]
    }
}
Shape{
    appearance Appearance {
        material  Material 	{
            diffuseColor 0.9686274509803922 0.8784313725490196 0.6
            specularColor 0.6784313725490196 0.615686274509804 0.4196078431372549
            ambientIntensity 0.8737
            transparency 0.0
            shininess 0.5
        }
    }
    geometry IndexedFaceSet {
        ccw TRUE
        solid FALSE
        coord DEF co Coordinate {
            point [
                -0.5118 -1.0905 0.4528, -0.5118 -1.0905 0.4606, -0.5118 -0.3315 0.4528, -0.5118 -0.3394 0.4606, -0.0256 0.4874 0.0, 0.0256 0.4874 0.0, -0.0262 0.4778 0.0004, 0.0273 0.4677 0.0017, -0.0278 0.4677 0.0021, 0.0273 0.4676 0.0017, -0.0292 0.4586 0.0036, 0.0321 0.4491 0.0064, 0.0354 0.4402 0.0098, -0.0354 0.4402 0.0098, 0.0354 0.4398 0.0101, -0.0354 0.4398 0.0101, 0.0354 0.4148 0.0249, -0.0354 0.4148 0.0249, 0.0354 0.3942 0.0455, -0.0354 0.3942 0.0455, 0.0354 0.3793 0.0705, -0.0354 0.3793 0.0705, 0.0354 0.371 0.0983, -0.0354 0.371 0.0983, 0.0354 0.3693 0.1181, -0.0354 0.3693 0.1181
            ]
        }
        coordIndex [
            0,1,2,-1,2,1,3,-1,4,5,6,-1,6,5,7,-1,6,7,8,-1,8,7,9,-1,8,9,10,-1,9,11,10,-1,10,11,12,-1,10,12,13,-1,13,12,14,-1,13,14,15,-1,15,14,16,-1,15,16,17,-1,17,16,18,-1,17,18,19,-1,19,18,20,-1,19,20,21,-1,21,20,22,-1,21,22,23,-1,23,22,24,-1,23,24,25,-1,
        ]
    }
}
Shape{
    appearance Appearance {
        material  Material 	{
            diffuseColor 0.6666666666666666 0.6980392156862745 0.7686274509803922
            specularColor 0.3333333333333333 0.34901960784313724 0.3843137254901961
            ambientIntensity 0.6967
            transparency 0.0
            shininess 0.5
        }
    }
    geometry IndexedFaceSet {
        ccw TRUE
        solid FALSE
        coord DEF co Coordinate {
            point [
                -0.2362 -0.188 1.1417, -0.2362 -0.188 1.0236, -0.2643 -0.1848 1.1417, -0.2643 -0.1848 1.0236, -0.2909 -0.1755 1.1417, -0.2909 -0.1755 1.0236, -0.3148 -0.1605 1.1417, -0.3148 -0.1605 1.0236, -0.3347 -0.1405 1.1417, -0.3347 -0.1405 1.0236, -0.3497 -0.1167 1.1417, -0.3497 -0.1167 1.0236, -0.359 -0.09 1.1417, -0.359 -0.09 1.0236, -0.3622 -0.062 1.1417, -0.3622 -0.062 1.0236, -1.1956 0.7433 0.3472, -1.1956 1.0583 0.3472, -0.9934 1.0583 0.2056, -0.9853 1.0572 0.2, -0.9826 1.0568 0.1981, -0.9739 1.0531 0.192, -0.9724 1.0524 0.1909, -0.9637 1.0457 0.1848, -0.9632 1.0454 0.1845, -0.9555 1.036 0.1791, -0.9553 1.0355 0.1789, -0.9498 1.0248 0.1751, -0.9492 1.023 0.1747, -0.9462 1.0124 0.1726, -0.9459 1.0091 0.1724, -0.945 0.9992 0.1717, -0.945 0.8024 0.1717, -0.9464 0.7893 0.1727, -0.9466 0.7871 0.1729, -0.9501 0.7769 0.1753, -0.9515 0.7728 0.1763, -0.9559 0.7658 0.1794, -0.9592 0.7606 0.1817, -0.9634 0.7566 0.1847, -0.9725 0.7495 0.191, -0.9808 0.7453 0.1968, -0.9826 0.745 0.1981, -0.9692 0.7512 0.1887, -0.9934 0.7433 0.2056
            ]
        }
        coordIndex [
            0,1,2,-1,2,1,3,-1,2,3,4,-1,4,3,5,-1,4,5,6,-1,6,5,7,-1,6,7,8,-1,8,7,9,-1,8,9,10,-1,10,9,11,-1,10,11,12,-1,12,11,13,-1,12,13,14,-1,14,13,15,-1,16,17,18,-1,18,19,16,-1,16,19,20,-1,16,20,21,-1,21,22,16,-1,16,22,23,-1,16,23,24,-1,24,25,16,-1,16,25,26,-1,16,26,27,-1,27,28,16,-1,16,28,29,-1,16,29,30,-1,30,31,16,-1,16,31,32,-1,16,32,33,-1,33,34,16,-1,16,34,35,-1,16,35,36,-1,36,37,16,-1,16,37,38,-1,16,38,39,-1,40,41,42,-1,39,43,16,-1,16,43,40,-1,16,40,44,-1,44,40,42,-1,
        ]
    }
}
Shape{
    appearance Appearance {
        material  Material 	{
            diffuseColor 0.9686274509803922 0.8784313725490196 0.6
            specularColor 0.6784313725490196 0.615686274509804 0.4196078431372549
            ambientIntensity 0.8737
            transparency 0.0
            shininess 0.5
        }
    }
    geometry IndexedFaceSet {
        ccw TRUE
        solid FALSE
        coord DEF co Coordinate {
            point [
                0.1969 -0.3315 0.689, 0.1969 -0.3394 0.6811, 0.1969 -1.0905 0.689, 0.1969 -1.0905 0.6811
            ]
        }
        coordIndex [
            0,1,2,-1,2,1,3,-1,
        ]
    }
}
Shape{
    appearance Appearance {
        material  Material 	{
            diffuseColor 0.6666666666666666 0.6980392156862745 0.7686274509803922
            specularColor 0.3333333333333333 0.34901960784313724 0.3843137254901961
            ambientIntensity 0.6967
            transparency 0.0
            shininess 0.5
        }
    }
    geometry IndexedFaceSet {
        ccw TRUE
        solid FALSE
        coord DEF co Coordinate {
            point [
                0.4801 1.0583 0.8913, 0.4383 1.0583 0.933, 0.6196 1.0583 1.0308, 0.5778 1.0583 1.0725, 0.6459 1.0583 1.0525, 0.6268 1.0583 1.1101, 0.9934 1.0583 0.2056, 0.9595 1.0583 0.254, 1.1956 1.0583 0.3472, 1.1617 1.0583 0.3956, 1.2307 1.0583 0.3787, 1.1863 1.0583 0.4176, 1.2573 1.0583 0.4176, 1.2049 1.0583 0.4448, 1.2739 1.0583 0.4617, 1.2165 1.0583 0.4757, 1.2795 1.0583 0.5085, 1.2205 1.0583 0.5085, 1.2795 1.0583 0.9646, 1.2205 1.0583 0.9646, 1.2751 1.0583 1.004, 1.2175 1.0583 0.9908, 1.262 1.0583 1.0414, 1.2088 1.0583 1.0158, 1.2409 1.0583 1.075, 1.1947 1.0583 1.0382, 1.2128 1.0583 1.1031, 1.176 1.0583 1.0569, 1.1792 1.0583 1.1242, 1.1536 1.0583 1.071, 1.1418 1.0583 1.1373, 1.1286 1.0583 1.0797, 1.1024 1.0583 1.1417, 1.1024 1.0583 1.0827, 0.7449 1.0583 1.1417, 0.7449 1.0583 1.0827, 0.6837 1.0583 1.1337, 0.7101 1.0583 1.0792, 0.6767 1.0583 1.069, 0.4218 -1.1723 1.0108, 0.7593 -1.1723 1.0108, 0.4218 -1.1844 0.9932, 0.7593 -1.1844 0.9932
            ]
        }
        coordIndex [
            0,1,2,-1,2,1,3,-1,2,3,4,-1,4,3,5,-1,6,7,8,-1,8,7,9,-1,8,9,10,-1,10,9,11,-1,10,11,12,-1,12,11,13,-1,12,13,14,-1,14,13,15,-1,14,15,16,-1,16,15,17,-1,16,17,18,-1,18,17,19,-1,18,19,20,-1,20,19,21,-1,20,21,22,-1,22,21,23,-1,22,23,24,-1,24,23,25,-1,24,25,26,-1,26,25,27,-1,26,27,28,-1,28,27,29,-1,28,29,30,-1,30,29,31,-1,30,31,32,-1,32,31,33,-1,32,33,34,-1,34,33,35,-1,34,35,36,-1,36,35,37,-1,36,37,5,-1,5,37,38,-1,5,38,4,-1,39,40,41,-1,41,40,42,-1,
        ]
    }
}
Shape{
    appearance Appearance {
        material  Material 	{
            diffuseColor 0.9686274509803922 0.8784313725490196 0.6
            specularColor 0.6784313725490196 0.615686274509804 0.4196078431372549
            ambientIntensity 0.8737
            transparency 0.0
            shininess 0.5
        }
    }
    geometry IndexedFaceSet {
        ccw TRUE
        solid FALSE
        coord DEF co Coordinate {
            point [
                -0.1831 0.4874 0.0, -0.1319 0.4874 0.0, -0.1837 0.4778 0.0004, -0.1302 0.4677 0.0017, -0.1853 0.4677 0.0021, -0.1302 0.4676 0.0017, -0.1867 0.4586 0.0036, -0.1253 0.4491 0.0064, -0.122 0.4402 0.0098, -0.1929 0.4402 0.0098, -0.122 0.4398 0.0101, -0.1929 0.4398 0.0101, -0.122 0.4148 0.0249, -0.1929 0.4148 0.0249, -0.122 0.3942 0.0455, -0.1929 0.3942 0.0455, -0.122 0.3793 0.0705, -0.1929 0.3793 0.0705, -0.122 0.371 0.0983, -0.1929 0.371 0.0983, -0.122 0.3693 0.1181, -0.1929 0.3693 0.1181
            ]
        }
        coordIndex [
            0,1,2,-1,2,1,3,-1,2,3,4,-1,4,3,5,-1,4,5,6,-1,5,7,6,-1,6,7,8,-1,6,8,9,-1,9,8,10,-1,9,10,11,-1,11,10,12,-1,11,12,13,-1,13,12,14,-1,13,14,15,-1,15,14,16,-1,15,16,17,-1,17,16,18,-1,17,18,19,-1,19,18,20,-1,19,20,21,-1,
        ]
    }
}
Shape{
    appearance Appearance {
        material  Material 	{
            diffuseColor 0.6666666666666666 0.6980392156862745 0.7686274509803922
            specularColor 0.3333333333333333 0.34901960784313724 0.3843137254901961
            ambientIntensity 0.6967
            transparency 0.0
            shininess 0.5
        }
    }
    geometry IndexedFaceSet {
        ccw TRUE
        solid FALSE
        coord DEF co Coordinate {
            point [
                -1.1024 -1.8354 1.0236, -1.1024 -1.8945 1.0827, -1.1155 -1.8354 1.0221, -1.1286 -1.8945 1.0797, -1.128 -1.8354 1.0178, -1.1536 -1.8945 1.071, -1.1392 -1.8354 1.0107, -1.176 -1.8945 1.0569, -1.1485 -1.8354 1.0014, -1.1947 -1.8945 1.0382, -1.1556 -1.8354 0.9902, -1.2088 -1.8945 1.0158, -1.1599 -1.8354 0.9777, -1.2175 -1.8945 0.9908, -1.1614 -1.8354 0.9646, -1.2205 -1.8945 0.9646, -1.2106 -1.1858 0.0, -0.6417 -1.1858 0.0, -1.2106 -1.1858 0.1181, -0.6417 -1.1858 0.1181
            ]
        }
        coordIndex [
            0,1,2,-1,2,1,3,-1,2,3,4,-1,4,3,5,-1,4,5,6,-1,6,5,7,-1,6,7,8,-1,8,7,9,-1,8,9,10,-1,10,9,11,-1,10,11,12,-1,12,11,13,-1,12,13,14,-1,14,13,15,-1,16,17,18,-1,18,17,19,-1,
        ]
    }
}
Shape{
    appearance Appearance {
        material  Material 	{
            diffuseColor 0.9686274509803922 0.8784313725490196 0.6
            specularColor 0.6784313725490196 0.615686274509804 0.4196078431372549
            ambientIntensity 0.8737
            transparency 0.0
            shininess 0.5
        }
    }
    geometry IndexedFaceSet {
        ccw TRUE
        solid FALSE
        coord DEF co Coordinate {
            point [
                -0.1122 0.4283 0.3937, -0.2028 0.4283 0.3937, -0.2028 0.4243 0.4243, -0.1122 0.4243 0.4243, -0.2028 0.4125 0.4528, -0.1122 0.4125 0.4528, -0.2028 0.3938 0.4772, -0.1122 0.3938 0.4772, -0.2028 0.3693 0.496, -0.1122 0.3693 0.496, -0.2028 0.3408 0.5078, -0.1122 0.3408 0.5078, -0.2028 0.3102 0.5118, -0.1122 0.3102 0.5118
            ]
        }
        coordIndex [
            0,1,2,-1,0,2,3,-1,3,2,4,-1,3,4,5,-1,5,4,6,-1,5,6,7,-1,7,6,8,-1,7,8,9,-1,9,8,10,-1,9,10,11,-1,11,10,12,-1,11,12,13,-1,
        ]
    }
}
Shape{
    appearance Appearance {
        material  Material 	{
            diffuseColor 0.6666666666666666 0.6980392156862745 0.7686274509803922
            specularColor 0.3333333333333333 0.34901960784313724 0.3843137254901961
            ambientIntensity 0.6967
            transparency 0.0
            shininess 0.5
        }
    }
    geometry IndexedFaceSet {
        ccw TRUE
        solid FALSE
        coord DEF co Coordinate {
            point [
                -0.8885 1.0156 0.2563, -0.8952 1.0228 0.2523, -0.9509 1.0575 0.2489, -1.1617 1.0583 0.3956, -1.1278 0.9992 0.444, -0.9595 1.0583 0.254, -0.8772 0.9992 0.2685, -0.8839 1.009 0.2612, -0.9019 1.03 0.2482, -0.9084 1.0352 0.2463, -0.9165 1.0418 0.244, -0.9226 1.0456 0.2436, -0.9297 1.05 0.2432, -0.937 1.0532 0.2444, -0.9508 1.0575 0.2489, -0.941 1.055 0.2451, 0.5778 0.6488 1.0725, 0.5778 1.0583 1.0725, 0.4383 0.6488 0.933, 0.4383 1.0583 0.933, 0.3972 1.0091 0.8919, 0.3966 0.9992 0.8913, 0.4313 1.0574 0.926, 0.4215 1.0533 0.9162, 0.4127 1.0458 0.9074, 0.4054 1.0355 0.9001, 0.4001 1.023 0.8948, 0.3966 0.7079 0.8913, 0.4291 0.6503 0.9237, 0.3976 0.6947 0.8923, 0.4007 0.6823 0.8954, 0.4057 0.6711 0.9004, 0.4123 0.6617 0.907, 0.4202 0.6547 0.9149, -0.8971 -1.6094 1.0236, -0.8971 -1.6094 1.1417, -0.8956 -1.6225 1.0236, -0.8956 -1.6225 1.1417, -0.8912 -1.635 1.0236, -0.8912 -1.635 1.1417, -0.8842 -1.6462 1.0236, -0.8842 -1.6462 1.1417, -0.8748 -1.6555 1.0236, -0.8748 -1.6555 1.1417, -0.8636 -1.6626 1.0236, -0.8636 -1.6626 1.1417, -0.8512 -1.6669 1.0236, -0.8512 -1.6669 1.1417, -0.838 -1.6684 1.0236, -0.838 -1.6684 1.1417
            ]
        }
        coordIndex [
            0,1,2,-1,3,4,5,-1,5,4,6,-1,5,6,2,-1,2,6,7,-1,2,7,0,-1,1,8,2,-1,2,8,9,-1,2,9,10,-1,11,12,13,-1,10,11,2,-1,2,11,13,-1,2,13,14,-1,14,13,15,-1,16,17,18,-1,18,17,19,-1,20,21,22,-1,22,21,19,-1,23,24,25,-1,23,25,22,-1,22,25,26,-1,22,26,20,-1,19,21,18,-1,18,21,27,-1,18,27,28,-1,28,27,29,-1,28,29,30,-1,31,32,30,-1,30,32,33,-1,30,33,28,-1,34,35,36,-1,36,35,37,-1,36,37,38,-1,38,37,39,-1,38,39,40,-1,40,39,41,-1,40,41,42,-1,42,41,43,-1,42,43,44,-1,44,43,45,-1,44,45,46,-1,46,45,47,-1,46,47,48,-1,48,47,49,-1,
        ]
    }
}
Shape{
    appearance Appearance {
        material  Material 	{
            diffuseColor 0.9686274509803922 0.8784313725490196 0.6
            specularColor 0.6784313725490196 0.615686274509804 0.4196078431372549
            ambientIntensity 0.8737
            transparency 0.0
            shininess 0.5
        }
    }
    geometry IndexedFaceSet {
        ccw TRUE
        solid FALSE
        coord DEF co Coordinate {
            point [
                -0.4272 0.271 0.5118, -0.4272 0.3102 0.5118, -0.4724 0.271 0.5118, -0.5177 0.3102 0.5118, -0.5177 0.271 0.5118, -0.5846 0.3102 0.4528, -0.6752 0.3102 0.4528, -0.5846 0.3255 0.4507, -0.6752 0.3255 0.4507, -0.5846 0.3398 0.4448, -0.6752 0.3398 0.4448, -0.5846 0.352 0.4355, -0.6752 0.352 0.4355, -0.5846 0.3614 0.4232, -0.6752 0.3614 0.4232, -0.5846 0.3673 0.409, -0.6752 0.3673 0.409, -0.5846 0.3693 0.3937, -0.6752 0.3693 0.3937
            ]
        }
        coordIndex [
            0,1,2,-1,2,1,3,-1,2,3,4,-1,5,6,7,-1,7,6,8,-1,7,8,9,-1,9,8,10,-1,9,10,11,-1,11,10,12,-1,11,12,13,-1,13,12,14,-1,13,14,15,-1,15,14,16,-1,15,16,17,-1,17,16,18,-1,
        ]
    }
}
Shape{
    appearance Appearance {
        material  Material 	{
            diffuseColor 0.6666666666666666 0.6980392156862745 0.7686274509803922
            specularColor 0.3333333333333333 0.34901960784313724 0.3843137254901961
            ambientIntensity 0.6967
            transparency 0.0
            shininess 0.5
        }
    }
    geometry IndexedFaceSet {
        ccw TRUE
        solid FALSE
        coord DEF co Coordinate {
            point [
                0.8875 -0.6926 1.1417, 0.8669 -0.6926 1.1417, 0.8875 -0.6926 1.0236, 0.8669 -0.6926 1.0236
            ]
        }
        coordIndex [
            0,1,2,-1,2,1,3,-1,
        ]
    }
}
Shape{
    appearance Appearance {
        material  Material 	{
            diffuseColor 0.9686274509803922 0.8784313725490196 0.6
            specularColor 0.6784313725490196 0.615686274509804 0.4196078431372549
            ambientIntensity 0.8737
            transparency 0.0
            shininess 0.5
        }
    }
    geometry IndexedFaceSet {
        ccw TRUE
        solid FALSE
        coord DEF co Coordinate {
            point [
                0.6572 0.4676 0.0017, 0.6654 0.6055 0.0098, 0.6621 0.4491 0.0064, 0.6654 0.4402 0.0098, 0.6572 0.4677 0.0017, 0.6555 0.4874 0.0, 0.6555 0.6055 0.0
            ]
        }
        coordIndex [
            0,1,2,-1,2,1,3,-1,0,4,1,-1,1,4,5,-1,1,5,6,-1,
        ]
    }
}
Shape{
    appearance Appearance {
        material  Material 	{
            diffuseColor 0.6666666666666666 0.6980392156862745 0.7686274509803922
            specularColor 0.3333333333333333 0.34901960784313724 0.3843137254901961
            ambientIntensity 0.6967
            transparency 0.0
            shininess 0.5
        }
    }
    geometry IndexedFaceSet {
        ccw TRUE
        solid FALSE
        coord DEF co Coordinate {
            point [
                1.1752 0.6977 0.5772, 1.1614 0.6977 0.5772, 1.1614 0.6995 0.5767, 1.2795 0.6995 0.5767, 1.2795 0.6843 0.5787, 1.1752 0.6843 0.5787, 1.1614 0.7433 0.5197, 1.2795 0.7433 0.5197, 1.1614 0.7413 0.535, 1.2795 0.7413 0.535, 1.1614 0.7354 0.5492, 1.2795 0.7354 0.5492, 1.1614 0.726 0.5614, 1.2795 0.726 0.5614, 1.1614 0.7138 0.5708, 1.2795 0.7138 0.5708
            ]
        }
        coordIndex [
            0,1,2,-1,3,4,5,-1,6,7,8,-1,8,7,9,-1,8,9,10,-1,10,9,11,-1,10,11,12,-1,12,11,13,-1,12,13,14,-1,14,13,15,-1,14,15,2,-1,2,15,3,-1,2,3,0,-1,0,3,5,-1,
        ]
    }
}
Shape{
    appearance Appearance {
        material  Material 	{
            diffuseColor 0.9686274509803922 0.8784313725490196 0.6
            specularColor 0.6784313725490196 0.615686274509804 0.4196078431372549
            ambientIntensity 0.8737
            transparency 0.0
            shininess 0.5
        }
    }
    geometry IndexedFaceSet {
        ccw TRUE
        solid FALSE
        coord DEF co Coordinate {
            point [
                0.1142 1.0542 0.0098, 0.1142 1.0542 0.0591, 0.1142 0.8945 0.0098, 0.1142 0.9417 0.0591, 0.1142 0.836 0.1448, 0.1142 0.7928 0.1046, 0.1142 0.8985 0.0778, 0.1142 0.8553 0.0376, 0.1142 0.9076 0.0699, 0.1142 0.8715 0.0231, 0.1142 0.9181 0.064, 0.1142 0.9296 0.0603, -0.5768 1.0542 0.0, -0.5256 1.0542 0.0, -0.5768 0.9417 0.0, -0.5256 0.9417 0.0
            ]
        }
        coordIndex [
            0,1,2,-1,2,1,3,-1,4,5,6,-1,6,5,7,-1,6,7,8,-1,8,7,9,-1,8,9,10,-1,10,9,2,-1,10,2,11,-1,11,2,3,-1,12,13,14,-1,14,13,15,-1,
        ]
    }
}
Shape{
    appearance Appearance {
        material  Material 	{
            diffuseColor 0.6666666666666666 0.6980392156862745 0.7686274509803922
            specularColor 0.3333333333333333 0.34901960784313724 0.3843137254901961
            ambientIntensity 0.6967
            transparency 0.0
            shininess 0.5
        }
    }
    geometry IndexedFaceSet {
        ccw TRUE
        solid FALSE
        coord DEF co Coordinate {
            point [
                -1.2795 1.0583 0.9646, -1.2795 -1.8945 0.9646, -1.2735 -1.8945 1.0104, -1.2735 1.0583 1.0104, -1.2558 -1.8945 1.0531, -1.2558 1.0583 1.0531, -1.2276 -1.8945 1.0898, -1.2276 1.0583 1.0898, -1.1909 -1.8945 1.118, -1.1909 1.0583 1.118, -1.1482 -1.8945 1.1357, -1.1482 1.0583 1.1357, -1.1024 -1.8945 1.1417, -1.1024 1.0583 1.1417
            ]
        }
        coordIndex [
            0,1,2,-1,0,2,3,-1,3,2,4,-1,3,4,5,-1,5,4,6,-1,5,6,7,-1,7,6,8,-1,7,8,9,-1,9,8,10,-1,9,10,11,-1,11,10,12,-1,11,12,13,-1,
        ]
    }
}
Shape{
    appearance Appearance {
        material  Material 	{
            diffuseColor 0.9686274509803922 0.8784313725490196 0.6
            specularColor 0.6784313725490196 0.615686274509804 0.4196078431372549
            ambientIntensity 0.8737
            transparency 0.0
            shininess 0.5
        }
    }
    geometry IndexedFaceSet {
        ccw TRUE
        solid FALSE
        coord DEF co Coordinate {
            point [
                -0.5906 -1.0905 0.689, -0.5906 -1.0905 0.6811, -0.576 -1.1051 0.689, -0.576 -1.1051 0.6811
            ]
        }
        coordIndex [
            0,1,2,-1,2,1,3,-1,
        ]
    }
}
Shape{
    appearance Appearance {
        material  Material 	{
            diffuseColor 0.2235294117647059 0.2235294117647059 0.2235294117647059
            specularColor 0.11372549019607843 0.11372549019607843 0.11372549019607843
            ambientIntensity 0.2235
            transparency 0.0
            shininess 0.5
        }
    }
    geometry IndexedFaceSet {
        ccw TRUE
        solid FALSE
        coord DEF co Coordinate {
            point [
                -0.8508 0.015 1.0197, -0.7376 0.015 1.0197, -0.8508 1.0583 1.0197, -0.7376 1.0583 1.0197
            ]
        }
        coordIndex [
            0,1,2,-1,2,1,3,-1,
        ]
    }
}
Shape{
    appearance Appearance {
        material  Material 	{
            diffuseColor 0.6666666666666666 0.6980392156862745 0.7686274509803922
            specularColor 0.3333333333333333 0.34901960784313724 0.3843137254901961
            ambientIntensity 0.6967
            transparency 0.0
            shininess 0.5
        }
    }
    geometry IndexedFaceSet {
        ccw TRUE
        solid FALSE
        coord DEF co Coordinate {
            point [
                1.1752 0.6646 0.5787, 1.2795 0.6646 0.5787, 1.1752 0.6514 0.5773, 1.2795 0.6514 0.5773, 1.1752 0.6511 0.5772, 1.2795 0.6389 0.5729, 1.2795 0.6055 0.5197, 1.1614 0.6055 0.5197, 1.2795 0.607 0.5328, 1.1614 0.607 0.5328, 1.2795 0.6114 0.5453, 1.1614 0.6114 0.5453, 1.2795 0.6184 0.5565, 1.1614 0.6184 0.5565, 1.2795 0.6277 0.5659, 1.1614 0.6277 0.5659, 1.1614 0.6389 0.5729, 1.1614 0.6511 0.5772
            ]
        }
        coordIndex [
            0,1,2,-1,2,1,3,-1,2,3,4,-1,4,3,5,-1,6,7,8,-1,8,7,9,-1,8,9,10,-1,10,9,11,-1,10,11,12,-1,12,11,13,-1,12,13,14,-1,14,13,15,-1,14,15,5,-1,5,15,16,-1,5,16,4,-1,4,16,17,-1,
        ]
    }
}
Shape{
    appearance Appearance {
        material  Material 	{
            diffuseColor 0.9686274509803922 0.8784313725490196 0.6
            specularColor 0.6784313725490196 0.615686274509804 0.4196078431372549
            ambientIntensity 0.8737
            transparency 0.0
            shininess 0.5
        }
    }
    geometry IndexedFaceSet {
        ccw TRUE
        solid FALSE
        coord DEF co Coordinate {
            point [
                0.439 0.6449 0.3097, 0.439 0.6449 0.5709, 0.3484 0.6449 0.3097, 0.3484 0.6449 0.5709
            ]
        }
        coordIndex [
            0,1,2,-1,2,1,3,-1,
        ]
    }
}
Shape{
    appearance Appearance {
        material  Material 	{
            diffuseColor 0.2235294117647059 0.2235294117647059 0.2235294117647059
            specularColor 0.11372549019607843 0.11372549019607843 0.11372549019607843
            ambientIntensity 0.2235
            transparency 0.0
            shininess 0.5
        }
    }
    geometry IndexedFaceSet {
        ccw TRUE
        solid FALSE
        coord DEF co Coordinate {
            point [
                0.6839 -1.1051 0.6811, 0.6693 -1.0905 0.6811, 0.5748 -1.1228 0.6811, 0.685 -1.1228 0.6811, 0.685 -1.1079 0.6811, 0.6693 -0.3394 0.6811, 0.5906 -0.3394 0.6811, 0.5906 -1.0905 0.6811, 0.6849 -1.1069 0.6811, 0.6845 -1.1059 0.6811, 0.576 -1.1051 0.6811, 0.5755 -1.1057 0.6811, 0.5751 -1.1064 0.6811, 0.5749 -1.1071 0.6811, 0.5748 -1.1079 0.6811
            ]
        }
        coordIndex [
            0,1,2,-1,2,3,4,-1,5,6,1,-1,1,6,7,-1,4,8,2,-1,2,8,9,-1,2,9,0,-1,7,10,1,-1,1,10,11,-1,1,11,12,-1,12,13,1,-1,1,13,14,-1,1,14,2,-1,
        ]
    }
}
Shape{
    appearance Appearance {
        material  Material 	{
            diffuseColor 0.9686274509803922 0.8784313725490196 0.6
            specularColor 0.6784313725490196 0.615686274509804 0.4196078431372549
            ambientIntensity 0.8737
            transparency 0.0
            shininess 0.5
        }
    }
    geometry IndexedFaceSet {
        ccw TRUE
        solid FALSE
        coord DEF co Coordinate {
            point [
                -0.437 0.4283 0.2205, -0.4272 0.4283 0.2375, -0.437 0.3693 0.2205, -0.4272 0.3693 0.2375, 0.5945 0.3693 0.2205, 0.5945 0.4283 0.2205, 0.5945 0.3693 0.1181, 0.5945 0.4283 0.1181, 0.5945 0.371 0.0983, 0.5945 0.4298 0.105, 0.5945 0.3793 0.0705, 0.5945 0.4342 0.0925, 0.5945 0.3942 0.0455, 0.5945 0.4412 0.0813, 0.5945 0.4148 0.0249, 0.5945 0.4506 0.0719, 0.5945 0.4398 0.0101, 0.5945 0.4618 0.0649, 0.5945 0.4402 0.0098, 0.5945 0.6055 0.0591, 0.5945 0.6055 0.0098, 0.5945 0.4874 0.0591, 0.5945 0.4743 0.0605, 0.2598 -1.1228 0.685, 0.2598 -1.1228 0.6811, 0.2598 -1.1079 0.6811, 0.2598 -1.1079 0.689, 0.2598 -1.2107 0.689, 0.2598 -1.2278 0.685, 0.2598 -1.2195 0.688, -0.2728 0.4396 0.935, 0.2728 0.4396 0.935, -0.2756 0.4396 1.0157, 0.2756 0.4396 1.0157, 0.122 0.4283 0.1181, 0.1929 0.4283 0.1181, 0.122 0.4298 0.105, 0.1929 0.4298 0.105, 0.122 0.4342 0.0925, 0.1929 0.4342 0.0925, 0.122 0.4412 0.0813, 0.1929 0.4412 0.0813, 0.122 0.4506 0.0719, 0.1929 0.4506 0.0719, 0.122 0.4618 0.0649, 0.1929 0.4618 0.0649, 0.122 0.4743 0.0605, 0.1929 0.4743 0.0605, 0.122 0.4874 0.0591, 0.1929 0.4874 0.0591
            ]
        }
        coordIndex [
            0,1,2,-1,2,1,3,-1,4,5,6,-1,6,5,7,-1,6,7,8,-1,8,7,9,-1,8,9,10,-1,10,9,11,-1,10,11,12,-1,12,11,13,-1,12,13,14,-1,14,13,15,-1,14,15,16,-1,16,15,17,-1,16,17,18,-1,19,20,21,-1,21,20,18,-1,21,18,22,-1,22,18,17,-1,23,24,25,-1,25,26,23,-1,23,26,27,-1,23,27,28,-1,28,27,29,-1,30,31,32,-1,32,31,33,-1,34,35,36,-1,36,35,37,-1,36,37,38,-1,38,37,39,-1,38,39,40,-1,40,39,41,-1,40,41,42,-1,42,41,43,-1,42,43,44,-1,44,43,45,-1,44,45,46,-1,46,45,47,-1,46,47,48,-1,48,47,49,-1,
        ]
    }
}
Shape{
    appearance Appearance {
        material  Material 	{
            diffuseColor 0.2235294117647059 0.2235294117647059 0.2235294117647059
            specularColor 0.11372549019607843 0.11372549019607843 0.11372549019607843
            ambientIntensity 0.2235
            transparency 0.0
            shininess 0.5
        }
    }
    geometry IndexedFaceSet {
        ccw TRUE
        solid FALSE
        coord DEF co Coordinate {
            point [
                1.1752 0.6977 0.5772, 1.1752 0.6511 0.5772, 1.1614 0.6977 0.5772, 1.1614 0.6511 0.5772, 1.1516 -0.2114 0.5772, 1.1417 -0.2213 0.5772, 1.1516 0.015 0.5772, 1.1417 1.0583 0.5772, 1.1752 1.0583 0.5772, 1.1752 1.013 0.5772, 1.1614 0.9992 0.5772, 1.1614 0.015 0.5772
            ]
        }
        coordIndex [
            0,1,2,-1,2,1,3,-1,4,5,6,-1,6,5,7,-1,8,9,7,-1,7,9,10,-1,11,6,3,-1,3,6,7,-1,3,7,2,-1,2,7,10,-1,
        ]
    }
}
Shape{
    appearance Appearance {
        material  Material 	{
            diffuseColor 0.9686274509803922 0.8784313725490196 0.6
            specularColor 0.6784313725490196 0.615686274509804 0.4196078431372549
            ambientIntensity 0.8737
            transparency 0.0
            shininess 0.5
        }
    }
    geometry IndexedFaceSet {
        ccw TRUE
        solid FALSE
        coord DEF co Coordinate {
            point [
                0.0453 0.4283 0.3937, -0.0453 0.4283 0.3937, -0.0453 0.4243 0.4243, 0.0453 0.4243 0.4243, -0.0453 0.4125 0.4528, 0.0453 0.4125 0.4528, -0.0453 0.3938 0.4772, 0.0453 0.3938 0.4772, -0.0453 0.3693 0.496, 0.0453 0.3693 0.496, -0.0453 0.3408 0.5078, 0.0453 0.3408 0.5078, -0.0453 0.3102 0.5118, 0.0453 0.3102 0.5118, -0.3504 0.6055 0.0591, -0.3504 0.4874 0.0591, -0.2795 0.6055 0.0591, -0.2795 0.4874 0.0591, 0.2815 0.6449 0.3097, 0.2815 0.6449 0.5709, 0.1909 0.6449 0.3097, 0.1909 0.6449 0.5709, 0.2815 0.5858 0.6299, 0.1909 0.5858 0.6299, 0.2815 0.6011 0.6279, 0.1909 0.6011 0.6279, 0.2815 0.6154 0.622, 0.1909 0.6154 0.622, 0.2815 0.6276 0.6126, 0.1909 0.6276 0.6126, 0.2815 0.637 0.6004, 0.1909 0.637 0.6004, 0.2815 0.6429 0.5862, 0.1909 0.6429 0.5862, 0.6752 0.3693 0.2375, 0.6752 0.4283 0.2375, 0.6752 0.3693 0.3937, 0.6752 0.4283 0.3937, 0.6752 0.3673 0.409, 0.6752 0.4243 0.4243, 0.6752 0.3614 0.4232, 0.6752 0.4125 0.4528, 0.6752 0.352 0.4355, 0.6752 0.3938 0.4772, 0.6752 0.3398 0.4448, 0.6752 0.3693 0.496, 0.6752 0.3255 0.4507, 0.6752 0.3408 0.5078, 0.6752 0.3102 0.4528, 0.6752 0.3102 0.5118, 0.6752 0.271 0.4528, 0.6752 0.271 0.5118, 0.437 0.3693 0.2205, 0.4272 0.3693 0.2375, 0.437 0.4283 0.2205, 0.4272 0.4283 0.2375, -0.2795 0.4402 0.0098, -0.2795 0.6055 0.0098, -0.2795 0.4283 0.2205, -0.2795 0.3693 0.2205, -0.2795 0.4283 0.1181, -0.2795 0.3693 0.1181, -0.2795 0.4298 0.105, -0.2795 0.371 0.0983, -0.2795 0.4342 0.0925, -0.2795 0.3793 0.0705, -0.2795 0.4412 0.0813, -0.2795 0.3942 0.0455, -0.2795 0.4506 0.0719, -0.2795 0.4148 0.0249, -0.2795 0.4618 0.0649, -0.2795 0.4398 0.0101, -0.2795 0.4743 0.0605, 0.124 0.271 0.689, 0.124 0.271 0.6299, 0.124 0.5858 0.689, 0.124 0.5858 0.6299, 0.124 0.6164 0.685, 0.124 0.6011 0.6279, 0.124 0.6449 0.6732, 0.124 0.6154 0.622, 0.124 0.6693 0.6544, 0.124 0.6276 0.6126, 0.124 0.6881 0.6299, 0.124 0.637 0.6004, 0.124 0.6999 0.6014, 0.124 0.6429 0.5862, 0.124 0.7039 0.5709, 0.124 0.6449 0.5709, 0.124 0.7039 0.3097, 0.124 0.6449 0.3097, 0.124 0.7058 0.2951, 0.124 0.6486 0.2805, 0.124 0.7112 0.2814, 0.124 0.6594 0.253, 0.124 0.7198 0.2695, 0.124 0.6766 0.2292, 0.124 0.8244 0.1573, 0.124 0.7812 0.117
            ]
        }
        coordIndex [
            0,1,2,-1,0,2,3,-1,3,2,4,-1,3,4,5,-1,5,4,6,-1,5,6,7,-1,7,6,8,-1,7,8,9,-1,9,8,10,-1,9,10,11,-1,11,10,12,-1,11,12,13,-1,14,15,16,-1,16,15,17,-1,18,19,20,-1,20,19,21,-1,22,23,24,-1,24,23,25,-1,24,25,26,-1,26,25,27,-1,26,27,28,-1,28,27,29,-1,28,29,30,-1,30,29,31,-1,30,31,32,-1,32,31,33,-1,32,33,19,-1,19,33,21,-1,34,35,36,-1,36,35,37,-1,36,37,38,-1,38,37,39,-1,38,39,40,-1,40,39,41,-1,40,41,42,-1,42,41,43,-1,42,43,44,-1,44,43,45,-1,44,45,46,-1,46,45,47,-1,46,47,48,-1,48,47,49,-1,48,49,50,-1,50,49,51,-1,52,53,54,-1,54,53,55,-1,56,57,16,-1,58,59,60,-1,60,59,61,-1,60,61,62,-1,62,61,63,-1,62,63,64,-1,64,63,65,-1,64,65,66,-1,66,65,67,-1,66,67,68,-1,68,67,69,-1,68,69,70,-1,70,69,71,-1,70,71,72,-1,72,71,56,-1,72,56,17,-1,17,56,16,-1,73,74,75,-1,75,74,76,-1,75,76,77,-1,77,76,78,-1,77,78,79,-1,79,78,80,-1,79,80,81,-1,81,80,82,-1,81,82,83,-1,83,82,84,-1,83,84,85,-1,85,84,86,-1,85,86,87,-1,87,86,88,-1,87,88,89,-1,89,88,90,-1,89,90,91,-1,91,90,92,-1,91,92,93,-1,93,92,94,-1,93,94,95,-1,95,94,96,-1,95,96,97,-1,97,96,98,-1,
        ]
    }
}
Shape{
    appearance Appearance {
        material  Material 	{
            diffuseColor 0.6666666666666666 0.6980392156862745 0.7686274509803922
            specularColor 0.3333333333333333 0.34901960784313724 0.3843137254901961
            ambientIntensity 0.6967
            transparency 0.0
            shininess 0.5
        }
    }
    geometry IndexedFaceSet {
        ccw TRUE
        solid FALSE
        coord DEF co Coordinate {
            point [
                -0.5778 0.6488 1.0725, -0.5778 1.0583 1.0725, -0.6268 1.0583 1.1101, -0.6268 0.6488 1.1101, -0.6837 1.0583 1.1337, -0.6837 0.6488 1.1337, -0.7449 1.0583 1.1417, -0.7449 0.6488 1.1417
            ]
        }
        coordIndex [
            0,1,2,-1,0,2,3,-1,3,2,4,-1,3,4,5,-1,5,4,6,-1,5,6,7,-1,
        ]
    }
}
Shape{
    appearance Appearance {
        material  Material 	{
            diffuseColor 0.9686274509803922 0.8784313725490196 0.6
            specularColor 0.6784313725490196 0.615686274509804 0.4196078431372549
            ambientIntensity 0.8737
            transparency 0.0
            shininess 0.5
        }
    }
    geometry IndexedFaceSet {
        ccw TRUE
        solid FALSE
        coord DEF co Coordinate {
            point [
                0.5965 0.271 0.689, 0.5965 0.271 0.6299, 0.5965 0.5858 0.689, 0.5965 0.5858 0.6299, 0.5965 0.6164 0.685, 0.5965 0.6011 0.6279, 0.5965 0.6449 0.6732, 0.5965 0.6154 0.622, 0.5965 0.6693 0.6544, 0.5965 0.6276 0.6126, 0.5965 0.6881 0.6299, 0.5965 0.637 0.6004, 0.5965 0.6999 0.6014, 0.5965 0.6429 0.5862, 0.5965 0.7039 0.5709, 0.5965 0.6449 0.5709, 0.5965 0.7039 0.3097, 0.5965 0.6449 0.3097, 0.5965 0.7058 0.2951, 0.5965 0.6486 0.2805, 0.5965 0.7112 0.2814, 0.5965 0.6594 0.253, 0.5965 0.7198 0.2695, 0.5965 0.6766 0.2292, 0.5965 0.8244 0.1573, 0.5965 0.7812 0.117, 0.2815 0.271 0.689, 0.2815 0.271 0.6299, 0.2815 0.5858 0.689, 0.2815 0.5858 0.6299, 0.2815 0.6164 0.685, 0.2815 0.6011 0.6279, 0.2815 0.6449 0.6732, 0.2815 0.6154 0.622, 0.2815 0.6693 0.6544, 0.2815 0.6276 0.6126, 0.2815 0.6881 0.6299, 0.2815 0.637 0.6004, 0.2815 0.6999 0.6014, 0.2815 0.6429 0.5862, 0.2815 0.7039 0.5709, 0.2815 0.6449 0.5709, 0.2815 0.7039 0.3097, 0.2815 0.6449 0.3097, 0.2815 0.7058 0.2951, 0.2815 0.6486 0.2805, 0.2815 0.7112 0.2814, 0.2815 0.6594 0.253, 0.2815 0.7198 0.2695, 0.2815 0.6766 0.2292, 0.2815 0.8244 0.1573, 0.2815 0.7812 0.117, 0.0335 0.271 0.6299, 0.0335 0.5858 0.6299, 0.0787 0.271 0.6299, 0.124 0.5858 0.6299, 0.124 0.271 0.6299, 0.5945 0.3693 0.2205, 0.5846 0.3693 0.2375, 0.5945 0.4283 0.2205, 0.5846 0.4283 0.2375
            ]
        }
        coordIndex [
            0,1,2,-1,2,1,3,-1,2,3,4,-1,4,3,5,-1,4,5,6,-1,6,5,7,-1,6,7,8,-1,8,7,9,-1,8,9,10,-1,10,9,11,-1,10,11,12,-1,12,11,13,-1,12,13,14,-1,14,13,15,-1,14,15,16,-1,16,15,17,-1,16,17,18,-1,18,17,19,-1,18,19,20,-1,20,19,21,-1,20,21,22,-1,22,21,23,-1,22,23,24,-1,24,23,25,-1,26,27,28,-1,28,27,29,-1,28,29,30,-1,30,29,31,-1,30,31,32,-1,32,31,33,-1,32,33,34,-1,34,33,35,-1,34,35,36,-1,36,35,37,-1,36,37,38,-1,38,37,39,-1,38,39,40,-1,40,39,41,-1,40,41,42,-1,42,41,43,-1,42,43,44,-1,44,43,45,-1,44,45,46,-1,46,45,47,-1,46,47,48,-1,48,47,49,-1,48,49,50,-1,50,49,51,-1,52,53,54,-1,54,53,55,-1,54,55,56,-1,57,58,59,-1,59,58,60,-1,
        ]
    }
}
Shape{
    appearance Appearance {
        material  Material 	{
            diffuseColor 0.6666666666666666 0.6980392156862745 0.7686274509803922
            specularColor 0.3333333333333333 0.34901960784313724 0.3843137254901961
            ambientIntensity 0.6967
            transparency 0.0
            shininess 0.5
        }
    }
    geometry IndexedFaceSet {
        ccw TRUE
        solid FALSE
        coord DEF co Coordinate {
            point [
                1.1614 -1.2646 0.5334, 1.1614 -0.6346 0.5334, 1.2795 -1.2646 0.5334, 1.2795 -0.6346 0.5334
            ]
        }
        coordIndex [
            0,1,2,-1,2,1,3,-1,
        ]
    }
}
Shape{
    appearance Appearance {
        material  Material 	{
            diffuseColor 0.9686274509803922 0.8784313725490196 0.6
            specularColor 0.6784313725490196 0.615686274509804 0.4196078431372549
            ambientIntensity 0.8737
            transparency 0.0
            shininess 0.5
        }
    }
    geometry IndexedFaceSet {
        ccw TRUE
        solid FALSE
        coord DEF co Coordinate {
            point [
                -0.3583 0.8715 0.0231, -0.3583 0.8553 0.0376, -0.4291 0.8715 0.0231, -0.4291 0.8553 0.0376, -0.3583 0.8945 0.0098, -0.4291 0.8945 0.0098, -0.3583 0.8946 0.0098, -0.4291 0.8946 0.0098, -0.4229 0.9128 0.0036, -0.4193 0.9417 0.0, -0.3681 0.9417 0.0, -0.4199 0.9321 0.0004, -0.3664 0.922 0.0017, -0.4218 0.92 0.0024, -0.3659 0.92 0.0021, -0.3616 0.9033 0.0064
            ]
        }
        coordIndex [
            0,1,2,-1,2,1,3,-1,0,2,4,-1,4,2,5,-1,4,5,6,-1,6,5,7,-1,6,7,8,-1,9,10,11,-1,11,10,12,-1,11,12,13,-1,13,12,14,-1,13,14,8,-1,8,14,15,-1,8,15,6,-1,
        ]
    }
}
Shape{
    appearance Appearance {
        material  Material 	{
            diffuseColor 0.6666666666666666 0.6980392156862745 0.7686274509803922
            specularColor 0.3333333333333333 0.34901960784313724 0.3843137254901961
            ambientIntensity 0.6967
            transparency 0.0
            shininess 0.5
        }
    }
    geometry IndexedFaceSet {
        ccw TRUE
        solid FALSE
        coord DEF co Coordinate {
            point [
                0.063 0.0051 0.0591, 0.063 0.0051 0.0, 0.0531 0.0043 0.0, 0.0391 -0.0 0.0642, 0.0418 0.0014 0.0628, 0.0392 0.0001 0.0, 0.0519 0.0041 0.06, 0.0531 0.0043 0.0599, 0.0316 -0.0038 0.068, 0.0267 -0.0074 0.0, 0.0269 -0.0077 0.0719, 0.0202 -0.0133 0.0774, 0.0164 -0.0176 0.0, 0.0167 -0.0179 0.0821, 0.0109 -0.0258 0.0899, 0.009 -0.0301 0.0, 0.0091 -0.0303 0.0945, 0.0055 -0.0398 0.104, 0.0048 -0.044 0.0, 0.005 -0.0441 0.1083, 0.0039 -0.0539 0.0, 0.0039 -0.0539 0.1181, 0.2559 -0.6937 0.0, 0.0984 -0.6937 0.0, 0.2559 -0.6937 0.0197, 0.0984 -0.6937 0.0197
            ]
        }
        coordIndex [
            0,1,2,-1,3,4,5,-1,5,4,6,-1,5,6,2,-1,2,6,7,-1,2,7,0,-1,3,5,8,-1,8,5,9,-1,8,9,10,-1,10,9,11,-1,11,9,12,-1,11,12,13,-1,13,12,14,-1,14,12,15,-1,14,15,16,-1,16,15,17,-1,17,15,18,-1,17,18,19,-1,19,18,20,-1,19,20,21,-1,22,23,24,-1,24,23,25,-1,
        ]
    }
}
Shape{
    appearance Appearance {
        material  Material 	{
            diffuseColor 0.9686274509803922 0.8784313725490196 0.6
            specularColor 0.6784313725490196 0.615686274509804 0.4196078431372549
            ambientIntensity 0.8737
            transparency 0.0
            shininess 0.5
        }
    }
    geometry IndexedFaceSet {
        ccw TRUE
        solid FALSE
        coord DEF co Coordinate {
            point [
                -0.2902 -1.1051 0.4528, -0.2902 -1.1051 0.4606, -0.2907 -1.1057 0.4528, -0.2907 -1.1057 0.4606, -0.291 -1.1064 0.4528, -0.291 -1.1064 0.4606, -0.2913 -1.1071 0.4528, -0.2913 -1.1071 0.4606, -0.2913 -1.1079 0.4528, -0.2913 -1.1079 0.4606
            ]
        }
        coordIndex [
            0,1,2,-1,2,1,3,-1,2,3,4,-1,4,3,5,-1,4,5,6,-1,6,5,7,-1,6,7,8,-1,8,7,9,-1,
        ]
    }
}
Shape{
    appearance Appearance {
        material  Material 	{
            diffuseColor 0.2235294117647059 0.2235294117647059 0.2235294117647059
            specularColor 0.11372549019607843 0.11372549019607843 0.11372549019607843
            ambientIntensity 0.2235
            transparency 0.0
            shininess 0.5
        }
    }
    geometry IndexedFaceSet {
        ccw TRUE
        solid FALSE
        coord DEF co Coordinate {
            point [
                1.1417 0.015 0.1752, 1.1417 0.015 0.4556, 1.1397 0.015 0.4403, 1.1338 0.015 0.426, 1.1244 0.015 0.4138, 0.8858 0.015 0.1752
            ]
        }
        coordIndex [
            0,1,2,-1,2,3,0,-1,0,3,4,-1,0,4,5,-1,
        ]
    }
}
Shape{
    appearance Appearance {
        material  Material 	{
            diffuseColor 0.9686274509803922 0.8784313725490196 0.6
            specularColor 0.6784313725490196 0.615686274509804 0.4196078431372549
            ambientIntensity 0.8737
            transparency 0.0
            shininess 0.5
        }
    }
    geometry IndexedFaceSet {
        ccw TRUE
        solid FALSE
        coord DEF co Coordinate {
            point [
                0.3504 0.4283 0.2205, 0.3504 0.4283 0.1181, 0.2795 0.4283 0.1181, 0.2795 0.4283 0.2205, 0.2697 0.4283 0.2375, 0.3602 0.4283 0.2375, 0.2697 0.4283 0.3937, 0.3602 0.4283 0.3937, -0.0354 0.3693 0.2205, -0.0453 0.3693 0.2375, -0.0354 0.4283 0.2205, -0.0453 0.4283 0.2375, -0.6535 -1.1079 0.4528, -0.6535 -1.1079 0.4606, -0.6537 -1.1069 0.4528, -0.6537 -1.1069 0.4606, -0.6541 -1.1059 0.4528, -0.6541 -1.1059 0.4606, -0.6547 -1.1051 0.4528, -0.6547 -1.1051 0.4606
            ]
        }
        coordIndex [
            0,1,2,-1,2,3,0,-1,0,3,4,-1,0,4,5,-1,5,4,6,-1,5,6,7,-1,8,9,10,-1,10,9,11,-1,12,13,14,-1,14,13,15,-1,14,15,16,-1,16,15,17,-1,16,17,18,-1,18,17,19,-1,
        ]
    }
}
Shape{
    appearance Appearance {
        material  Material 	{
            diffuseColor 0.6666666666666666 0.6980392156862745 0.7686274509803922
            specularColor 0.3333333333333333 0.34901960784313724 0.3843137254901961
            ambientIntensity 0.6967
            transparency 0.0
            shininess 0.5
        }
    }
    geometry IndexedFaceSet {
        ccw TRUE
        solid FALSE
        coord DEF co Coordinate {
            point [
                0.8915 -1.8354 0.1365, 0.8915 -1.3236 0.1365, 0.8824 -1.8354 0.1287, 0.8824 -1.3236 0.1287, 0.872 -1.8354 0.1229, 0.872 -1.3236 0.1229, 0.8605 -1.8354 0.1193, 0.8605 -1.3236 0.1193, 0.8486 -1.8354 0.1181, 0.8486 -1.3236 0.1181, -1.1614 0.9992 0.9646, -1.2205 1.0583 0.9646, -1.1599 0.9992 0.9777, -1.2175 1.0583 0.9908, -1.1556 0.9992 0.9902, -1.2088 1.0583 1.0158, -1.1485 0.9992 1.0014, -1.1947 1.0583 1.0382, -1.1392 0.9992 1.0107, -1.176 1.0583 1.0569, -1.128 0.9992 1.0178, -1.1536 1.0583 1.071, -1.1155 0.9992 1.0221, -1.1286 1.0583 1.0797, -1.1024 0.9992 1.0236, -1.1024 1.0583 1.0827
            ]
        }
        coordIndex [
            0,1,2,-1,2,1,3,-1,2,3,4,-1,4,3,5,-1,4,5,6,-1,6,5,7,-1,6,7,8,-1,8,7,9,-1,10,11,12,-1,12,11,13,-1,12,13,14,-1,14,13,15,-1,14,15,16,-1,16,15,17,-1,16,17,18,-1,18,17,19,-1,18,19,20,-1,20,19,21,-1,20,21,22,-1,22,21,23,-1,22,23,24,-1,24,23,25,-1,
        ]
    }
}
Shape{
    appearance Appearance {
        material  Material 	{
            diffuseColor 0.9686274509803922 0.8784313725490196 0.6
            specularColor 0.6784313725490196 0.615686274509804 0.4196078431372549
            ambientIntensity 0.8737
            transparency 0.0
            shininess 0.5
        }
    }
    geometry IndexedFaceSet {
        ccw TRUE
        solid FALSE
        coord DEF co Coordinate {
            point [
                -0.1909 0.271 0.689, -0.1909 0.271 0.6299, -0.1909 0.5858 0.689, -0.1909 0.5858 0.6299, -0.1909 0.6164 0.685, -0.1909 0.6011 0.6279, -0.1909 0.6449 0.6732, -0.1909 0.6154 0.622, -0.1909 0.6693 0.6544, -0.1909 0.6276 0.6126, -0.1909 0.6881 0.6299, -0.1909 0.637 0.6004, -0.1909 0.6999 0.6014, -0.1909 0.6429 0.5862, -0.1909 0.7039 0.5709, -0.1909 0.6449 0.5709, -0.1909 0.7039 0.3097, -0.1909 0.6449 0.3097, -0.1909 0.7058 0.2951, -0.1909 0.6486 0.2805, -0.1909 0.7112 0.2814, -0.1909 0.6594 0.253, -0.1909 0.7198 0.2695, -0.1909 0.6766 0.2292, -0.1909 0.8244 0.1573, -0.1909 0.7812 0.117, -0.6051 -1.1051 0.4528, -0.6051 -1.1051 0.4606, -0.6056 -1.1057 0.4528, -0.6056 -1.1057 0.4606, -0.606 -1.1064 0.4528, -0.606 -1.1064 0.4606, -0.6062 -1.1071 0.4528, -0.6062 -1.1071 0.4606, -0.6063 -1.1079 0.4528, -0.6063 -1.1079 0.4606, -0.1811 -1.1228 0.4567, -0.1811 -1.1228 0.4606, -0.1811 -1.1079 0.4606, -0.1811 -1.1079 0.4528, -0.1811 -1.2107 0.4528, -0.1811 -1.2278 0.4567, -0.1811 -1.2195 0.4538, 0.0354 0.4402 0.0098, 0.0354 0.6055 0.0098, 0.0354 0.6055 0.0591, 0.0354 0.4283 0.2205, 0.0354 0.3693 0.2205, 0.0354 0.4283 0.1181, 0.0354 0.3693 0.1181, 0.0354 0.4298 0.105, 0.0354 0.371 0.0983, 0.0354 0.4342 0.0925, 0.0354 0.3793 0.0705, 0.0354 0.4412 0.0813, 0.0354 0.3942 0.0455, 0.0354 0.4506 0.0719, 0.0354 0.4148 0.0249, 0.0354 0.4618 0.0649, 0.0354 0.4398 0.0101, 0.0354 0.4743 0.0605, 0.0354 0.4874 0.0591, 0.437 0.3693 0.2205, 0.437 0.4283 0.2205, 0.437 0.3693 0.1181, 0.437 0.4283 0.1181, 0.437 0.371 0.0983, 0.437 0.4298 0.105, 0.437 0.3793 0.0705, 0.437 0.4342 0.0925, 0.437 0.3942 0.0455, 0.437 0.4412 0.0813, 0.437 0.4148 0.0249, 0.437 0.4506 0.0719, 0.437 0.4398 0.0101, 0.437 0.4618 0.0649, 0.437 0.4402 0.0098, 0.437 0.6055 0.0591, 0.437 0.6055 0.0098, 0.437 0.4874 0.0591, 0.437 0.4743 0.0605, -0.6693 -1.0905 0.4528, -0.6547 -1.1051 0.4528, -0.6693 -1.0905 0.4606, -0.6547 -1.1051 0.4606
            ]
        }
        coordIndex [
            0,1,2,-1,2,1,3,-1,2,3,4,-1,4,3,5,-1,4,5,6,-1,6,5,7,-1,6,7,8,-1,8,7,9,-1,8,9,10,-1,10,9,11,-1,10,11,12,-1,12,11,13,-1,12,13,14,-1,14,13,15,-1,14,15,16,-1,16,15,17,-1,16,17,18,-1,18,17,19,-1,18,19,20,-1,20,19,21,-1,20,21,22,-1,22,21,23,-1,22,23,24,-1,24,23,25,-1,26,27,28,-1,28,27,29,-1,28,29,30,-1,30,29,31,-1,30,31,32,-1,32,31,33,-1,32,33,34,-1,34,33,35,-1,36,37,38,-1,38,39,36,-1,36,39,40,-1,36,40,41,-1,41,40,42,-1,43,44,45,-1,46,47,48,-1,48,47,49,-1,48,49,50,-1,50,49,51,-1,50,51,52,-1,52,51,53,-1,52,53,54,-1,54,53,55,-1,54,55,56,-1,56,55,57,-1,56,57,58,-1,58,57,59,-1,58,59,60,-1,60,59,43,-1,60,43,61,-1,61,43,45,-1,62,63,64,-1,64,63,65,-1,64,65,66,-1,66,65,67,-1,66,67,68,-1,68,67,69,-1,68,69,70,-1,70,69,71,-1,70,71,72,-1,72,71,73,-1,72,73,74,-1,74,73,75,-1,74,75,76,-1,77,78,79,-1,79,78,76,-1,79,76,80,-1,80,76,75,-1,81,82,83,-1,83,82,84,-1,
        ]
    }
}
Shape{
    appearance Appearance {
        material  Material 	{
            diffuseColor 0.2235294117647059 0.2235294117647059 0.2235294117647059
            specularColor 0.11372549019607843 0.11372549019607843 0.11372549019607843
            ambientIntensity 0.2235
            transparency 0.0
            shininess 0.5
        }
    }
    geometry IndexedFaceSet {
        ccw TRUE
        solid FALSE
        coord DEF co Coordinate {
            point [
                -0.4331 0.6364 1.0157, -0.1969 0.6364 1.0157, -0.4331 0.6364 1.0079, -0.1969 0.6364 0.7949, -0.6982 0.6364 0.7949, -0.6982 0.6364 0.9803, -0.7258 0.6364 1.0079
            ]
        }
        coordIndex [
            0,1,2,-1,2,1,3,-1,3,4,2,-1,2,4,5,-1,2,5,6,-1,
        ]
    }
}
Shape{
    appearance Appearance {
        material  Material 	{
            diffuseColor 0.6666666666666666 0.6980392156862745 0.7686274509803922
            specularColor 0.3333333333333333 0.34901960784313724 0.3843137254901961
            ambientIntensity 0.6967
            transparency 0.0
            shininess 0.5
        }
    }
    geometry IndexedFaceSet {
        ccw TRUE
        solid FALSE
        coord DEF co Coordinate {
            point [
                0.6459 1.0583 1.0525, 0.6789 0.9992 1.0035, 0.6196 1.0583 1.0308, 0.6614 0.9992 0.989, 0.7101 1.0583 1.0792, 0.7449 1.0583 1.0827, 0.7449 0.9992 1.0236, 0.7218 0.9992 1.0213, 0.7217 0.9992 1.0213, 0.6767 1.0583 1.069, 0.6997 0.9992 1.0146, 0.6994 0.9992 1.0145, 0.6793 0.9992 1.0037, -0.4218 -1.1245 1.1417, -0.4218 -1.1245 1.0236, -0.3728 -0.7441 1.1417, -0.3728 -0.7441 1.0236
            ]
        }
        coordIndex [
            0,1,2,-1,2,1,3,-1,4,5,6,-1,6,7,4,-1,4,7,8,-1,4,8,9,-1,8,10,9,-1,9,10,11,-1,9,11,0,-1,0,11,12,-1,0,12,1,-1,13,14,15,-1,15,14,16,-1,
        ]
    }
}
Shape{
    appearance Appearance {
        material  Material 	{
            diffuseColor 0.9686274509803922 0.8784313725490196 0.6
            specularColor 0.6784313725490196 0.615686274509804 0.4196078431372549
            ambientIntensity 0.8737
            transparency 0.0
            shininess 0.5
        }
    }
    geometry IndexedFaceSet {
        ccw TRUE
        solid FALSE
        coord DEF co Coordinate {
            point [
                -0.0433 0.8715 0.0231, -0.0433 0.8553 0.0376, -0.1142 0.8715 0.0231, -0.1142 0.8553 0.0376, -0.0433 0.8945 0.0098, -0.1142 0.8945 0.0098, -0.0433 0.8946 0.0098, -0.1141 0.8946 0.0098, -0.108 0.9128 0.0036, -0.1043 0.9417 0.0, -0.0531 0.9417 0.0, -0.105 0.9321 0.0004, -0.0515 0.922 0.0017, -0.1068 0.92 0.0024, -0.051 0.92 0.0021, -0.0466 0.9033 0.0064, 0.1969 -0.3315 0.4528, 0.1969 -0.3394 0.4606, 0.1969 -1.0905 0.4528, 0.1969 -1.0905 0.4606, 0.2913 -1.1228 0.4567, 0.1811 -1.1228 0.4567, 0.2913 -1.1228 0.4606, 0.1811 -1.1228 0.4606, -0.5276 -1.1228 0.685, -0.5276 -1.1228 0.6811, -0.5276 -1.1079 0.6811, -0.5276 -1.1079 0.689, -0.5276 -1.2107 0.689, -0.5276 -1.2278 0.685, -0.5276 -1.2195 0.688
            ]
        }
        coordIndex [
            0,1,2,-1,2,1,3,-1,0,2,4,-1,4,2,5,-1,4,5,6,-1,6,5,7,-1,6,7,8,-1,9,10,11,-1,11,10,12,-1,11,12,13,-1,13,12,14,-1,13,14,8,-1,8,14,15,-1,8,15,6,-1,16,17,18,-1,18,17,19,-1,20,21,22,-1,22,21,23,-1,24,25,26,-1,26,27,24,-1,24,27,28,-1,24,28,29,-1,29,28,30,-1,
        ]
    }
}
Shape{
    appearance Appearance {
        material  Material 	{
            diffuseColor 0.6666666666666666 0.6980392156862745 0.7686274509803922
            specularColor 0.3333333333333333 0.34901960784313724 0.3843137254901961
            ambientIntensity 0.6967
            transparency 0.0
            shininess 0.5
        }
    }
    geometry IndexedFaceSet {
        ccw TRUE
        solid FALSE
        coord DEF co Coordinate {
            point [
                0.0984 -0.3984 0.0, 0.2559 -0.3984 0.0, 0.0984 -0.3984 0.0197, 0.2559 -0.3984 0.0197, 0.4218 -1.1245 1.1417, 0.3728 -0.7441 1.1417, 0.4218 -1.1245 1.0236, 0.3728 -0.7441 1.0236
            ]
        }
        coordIndex [
            0,1,2,-1,2,1,3,-1,4,5,6,-1,6,5,7,-1,
        ]
    }
}
Shape{
    appearance Appearance {
        material  Material 	{
            diffuseColor 0.9686274509803922 0.8784313725490196 0.6
            specularColor 0.6784313725490196 0.615686274509804 0.4196078431372549
            ambientIntensity 0.8737
            transparency 0.0
            shininess 0.5
        }
    }
    geometry IndexedFaceSet {
        ccw TRUE
        solid FALSE
        coord DEF co Coordinate {
            point [
                0.6752 0.3102 0.4528, 0.5846 0.3102 0.4528, 0.6752 0.3255 0.4507, 0.5846 0.3255 0.4507, 0.6752 0.3398 0.4448, 0.5846 0.3398 0.4448, 0.6752 0.352 0.4355, 0.5846 0.352 0.4355, 0.6752 0.3614 0.4232, 0.5846 0.3614 0.4232, 0.6752 0.3673 0.409, 0.5846 0.3673 0.409, 0.6752 0.3693 0.3937, 0.5846 0.3693 0.3937, 0.4972 -1.1051 0.4606, 0.4972 -1.1051 0.4528, 0.5118 -1.0905 0.4606, 0.5118 -1.0905 0.4528
            ]
        }
        coordIndex [
            0,1,2,-1,2,1,3,-1,2,3,4,-1,4,3,5,-1,4,5,6,-1,6,5,7,-1,6,7,8,-1,8,7,9,-1,8,9,10,-1,10,9,11,-1,10,11,12,-1,12,11,13,-1,14,15,16,-1,16,15,17,-1,
        ]
    }
}
Shape{
    appearance Appearance {
        material  Material 	{
            diffuseColor 0.6666666666666666 0.6980392156862745 0.7686274509803922
            specularColor 0.3333333333333333 0.34901960784313724 0.3843137254901961
            ambientIntensity 0.6967
            transparency 0.0
            shininess 0.5
        }
    }
    geometry IndexedFaceSet {
        ccw TRUE
        solid FALSE
        coord DEF co Coordinate {
            point [
                -0.8268 0.202 0.0, -0.8268 0.202 0.1181, -0.8288 0.1867 0.1181, -0.8288 0.1867 0.0, -0.8347 0.1724 0.1181, -0.8347 0.1724 0.0, -0.8441 0.1602 0.1181, -0.8441 0.1602 0.0, -0.8563 0.1508 0.1181, -0.8563 0.1508 0.0, -0.8705 0.1449 0.1181, -0.8705 0.1449 0.0, -0.8858 0.1429 0.1181, -0.8858 0.1429 0.0, -1.2309 -1.3236 0.3229, -1.2309 -1.8945 0.3229, -1.2573 -1.8945 0.359, -1.2573 -1.3236 0.359, -1.2739 -1.8945 0.4005, -1.2739 -1.3236 0.4005, -1.2795 -1.8945 0.4448, -1.2795 -1.3236 0.4448
            ]
        }
        coordIndex [
            0,1,2,-1,0,2,3,-1,3,2,4,-1,3,4,5,-1,5,4,6,-1,5,6,7,-1,7,6,8,-1,7,8,9,-1,9,8,10,-1,9,10,11,-1,11,10,12,-1,11,12,13,-1,14,15,16,-1,14,16,17,-1,17,16,18,-1,17,18,19,-1,19,18,20,-1,19,20,21,-1,
        ]
    }
}
Shape{
    appearance Appearance {
        material  Material 	{
            diffuseColor 0.9686274509803922 0.8784313725490196 0.6
            specularColor 0.6784313725490196 0.615686274509804 0.4196078431372549
            ambientIntensity 0.8737
            transparency 0.0
            shininess 0.5
        }
    }
    geometry IndexedFaceSet {
        ccw TRUE
        solid FALSE
        coord DEF co Coordinate {
            point [
                0.1181 -1.0905 0.4528, 0.1327 -1.1051 0.4528, 0.1181 -1.0905 0.4606, 0.1327 -1.1051 0.4606, -0.0236 -1.1079 0.4528, -0.0236 -1.1079 0.4606, -0.0238 -1.1069 0.4528, -0.0238 -1.1069 0.4606, -0.0241 -1.1059 0.4528, -0.0241 -1.1059 0.4606, -0.0248 -1.1051 0.4528, -0.0248 -1.1051 0.4606, -0.5846 0.3102 0.4528, -0.5846 0.271 0.4528, -0.6752 0.3102 0.4528, -0.6752 0.271 0.4528
            ]
        }
        coordIndex [
            0,1,2,-1,2,1,3,-1,4,5,6,-1,6,5,7,-1,6,7,8,-1,8,7,9,-1,8,9,10,-1,10,9,11,-1,12,13,14,-1,14,13,15,-1,
        ]
    }
}
Shape{
    appearance Appearance {
        material  Material 	{
            diffuseColor 0.6666666666666666 0.6980392156862745 0.7686274509803922
            specularColor 0.3333333333333333 0.34901960784313724 0.3843137254901961
            ambientIntensity 0.6967
            transparency 0.0
            shininess 0.5
        }
    }
    geometry IndexedFaceSet {
        ccw TRUE
        solid FALSE
        coord DEF co Coordinate {
            point [
                -0.4801 0.7079 0.8078, -0.4801 0.9992 0.8078, -0.3966 0.7079 0.8913, -0.3966 0.9992 0.8913, 0.1998 -0.0216 0.9631, 0.2008 -0.0209 0.9627, 0.2008 -0.0505 1.0263, 0.2362 0.0404 0.9581, 0.2362 -0.002 1.0489, 0.2361 0.0358 0.9576, 0.2349 -0.0109 1.0448, 0.2349 0.0301 0.957, 0.2329 0.0199 0.956, 0.2342 -0.0158 1.0425, 0.2308 0.0154 0.9557, 0.2308 -0.0234 1.039, 0.226 0.0052 0.955, 0.2283 -0.0287 1.0365, 0.2236 0.0019 0.9552, 0.2233 -0.0346 1.0337, 0.2189 -0.0043 0.9554, 0.2189 -0.0398 1.0313, 0.2187 -0.0047 0.9554, 0.2132 -0.0438 1.0294, 0.2133 -0.0103 0.9571, 0.2067 -0.0483 1.0273, 0.209 -0.0147 0.9585, 0.2101 -0.0135 0.9581, 0.1869 -0.0291 0.9711, 0.1887 -0.0282 0.9699, 0.1925 -0.0537 1.0248, 0.1956 -0.0249 0.9653, 0.187 -0.0543 1.0245, 0.1772 -0.0555 1.024, 0.1772 -0.0339 0.9776
            ]
        }
        coordIndex [
            0,1,2,-1,2,1,3,-1,4,5,6,-1,7,8,9,-1,9,8,10,-1,9,10,11,-1,11,10,12,-1,12,10,13,-1,12,13,14,-1,14,13,15,-1,14,15,16,-1,16,15,17,-1,16,17,18,-1,18,17,19,-1,18,19,20,-1,20,19,21,-1,20,21,22,-1,22,21,23,-1,22,23,24,-1,6,5,25,-1,25,5,26,-1,25,26,23,-1,23,26,27,-1,23,27,24,-1,28,29,30,-1,30,29,6,-1,6,29,31,-1,6,31,4,-1,30,32,28,-1,28,32,33,-1,28,33,34,-1,
        ]
    }
}
Shape{
    appearance Appearance {
        material  Material 	{
            diffuseColor 0.9686274509803922 0.8784313725490196 0.6
            specularColor 0.6784313725490196 0.615686274509804 0.4196078431372549
            ambientIntensity 0.8737
            transparency 0.0
            shininess 0.5
        }
    }
    geometry IndexedFaceSet {
        ccw TRUE
        solid FALSE
        coord DEF co Coordinate {
            point [
                0.0394 -0.3315 0.689, 0.0394 -0.3394 0.6811, 0.0394 -1.0905 0.689, 0.0394 -1.0905 0.6811
            ]
        }
        coordIndex [
            0,1,2,-1,2,1,3,-1,
        ]
    }
}
Shape{
    appearance Appearance {
        material  Material 	{
            diffuseColor 0.6666666666666666 0.6980392156862745 0.7686274509803922
            specularColor 0.3333333333333333 0.34901960784313724 0.3843137254901961
            ambientIntensity 0.6967
            transparency 0.0
            shininess 0.5
        }
    }
    geometry IndexedFaceSet {
        ccw TRUE
        solid FALSE
        coord DEF co Coordinate {
            point [
                -0.8189 0.5819 1.1417, -0.8189 0.5819 1.0236, -0.8189 0.5898 1.1417, -0.8189 0.5898 1.0236
            ]
        }
        coordIndex [
            0,1,2,-1,2,1,3,-1,
        ]
    }
}
Shape{
    appearance Appearance {
        material  Material 	{
            diffuseColor 0.9686274509803922 0.8784313725490196 0.6
            specularColor 0.6784313725490196 0.615686274509804 0.4196078431372549
            ambientIntensity 0.8737
            transparency 0.0
            shininess 0.5
        }
    }
    geometry IndexedFaceSet {
        ccw TRUE
        solid FALSE
        coord DEF co Coordinate {
            point [
                0.3484 0.8244 0.1573, 0.3484 0.7812 0.117, 0.3484 0.7198 0.2695, 0.3484 0.6766 0.2292, 0.3484 0.7112 0.2814, 0.3484 0.6594 0.253, 0.3484 0.7058 0.2951, 0.3484 0.6486 0.2805, 0.3484 0.7039 0.3097, 0.3484 0.6449 0.3097, 0.3484 0.7039 0.5709, 0.3484 0.6449 0.5709, 0.3484 0.6999 0.6014, 0.3484 0.6429 0.5862, 0.3484 0.6881 0.6299, 0.3484 0.637 0.6004, 0.3484 0.6693 0.6544, 0.3484 0.6276 0.6126, 0.3484 0.6449 0.6732, 0.3484 0.6154 0.622, 0.3484 0.6164 0.685, 0.3484 0.6011 0.6279, 0.3484 0.5858 0.689, 0.3484 0.5858 0.6299, 0.3484 0.271 0.689, 0.3484 0.271 0.6299
            ]
        }
        coordIndex [
            0,1,2,-1,2,1,3,-1,2,3,4,-1,4,3,5,-1,4,5,6,-1,6,5,7,-1,6,7,8,-1,8,7,9,-1,8,9,10,-1,10,9,11,-1,10,11,12,-1,12,11,13,-1,12,13,14,-1,14,13,15,-1,14,15,16,-1,16,15,17,-1,16,17,18,-1,18,17,19,-1,18,19,20,-1,20,19,21,-1,20,21,22,-1,22,21,23,-1,22,23,24,-1,24,23,25,-1,
        ]
    }
}
Shape{
    appearance Appearance {
        material  Material 	{
            diffuseColor 0.2235294117647059 0.2235294117647059 0.2235294117647059
            specularColor 0.11372549019607843 0.11372549019607843 0.11372549019607843
            ambientIntensity 0.2235
            transparency 0.0
            shininess 0.5
        }
    }
    geometry IndexedFaceSet {
        ccw TRUE
        solid FALSE
        coord DEF co Coordinate {
            point [
                0.8164 -0.2606 0.1614, 0.8327 -0.2213 0.122, 1.0966 -0.2606 0.4416, 1.1244 -0.2213 0.4138
            ]
        }
        coordIndex [
            0,1,2,-1,2,1,3,-1,
        ]
    }
}
Shape{
    appearance Appearance {
        material  Material 	{
            diffuseColor 0.9686274509803922 0.8784313725490196 0.6
            specularColor 0.6784313725490196 0.615686274509804 0.4196078431372549
            ambientIntensity 0.8737
            transparency 0.0
            shininess 0.5
        }
    }
    geometry IndexedFaceSet {
        ccw TRUE
        solid FALSE
        coord DEF co Coordinate {
            point [
                -0.1816 -1.1059 0.4528, -0.1181 -1.0905 0.4528, -0.1812 -1.1069 0.4528, -0.1327 -1.1051 0.4528, -0.1332 -1.1057 0.4528, -0.1339 -1.2107 0.4528, -0.1811 -1.2107 0.4528, -0.1339 -1.1079 0.4528, -0.1811 -1.1079 0.4528, -0.1338 -1.1071 0.4528, -0.1336 -1.1064 0.4528, -0.1969 -0.3315 0.4528, -0.1181 -0.3315 0.4528, -0.1969 -1.0905 0.4528, -0.1823 -1.1051 0.4528, -0.1339 -1.1079 0.4606, -0.1339 -1.1228 0.4606, -0.1339 -1.1228 0.4567, -0.1339 -1.2278 0.4567, -0.1339 -1.2195 0.4538, 0.2126 -1.1228 0.6811, 0.1024 -1.1228 0.6811, 0.2126 -1.1228 0.685, 0.1024 -1.1228 0.685
            ]
        }
        coordIndex [
            0,1,2,-1,2,1,3,-1,2,3,4,-1,5,6,7,-1,7,6,8,-1,7,8,9,-1,9,8,2,-1,9,2,10,-1,10,2,4,-1,11,12,13,-1,13,12,1,-1,13,1,14,-1,14,1,0,-1,15,16,7,-1,7,16,17,-1,7,17,5,-1,5,17,18,-1,5,18,19,-1,20,21,22,-1,22,21,23,-1,
        ]
    }
}
Shape{
    appearance Appearance {
        material  Material 	{
            diffuseColor 0.2235294117647059 0.2235294117647059 0.2235294117647059
            specularColor 0.11372549019607843 0.11372549019607843 0.11372549019607843
            ambientIntensity 0.2235
            transparency 0.0
            shininess 0.5
        }
    }
    geometry IndexedFaceSet {
        ccw TRUE
        solid FALSE
        coord DEF co Coordinate {
            point [
                0.7376 1.0583 1.0197, 0.8508 1.0583 1.0197, 0.8508 1.0583 1.0079, 1.1024 1.0583 0.4528, 0.8508 1.0583 0.4528, 0.8508 1.0583 0.7949, 0.6982 1.0583 0.7949, 0.6982 1.0583 0.9803, 1.1024 1.0583 0.9973, 1.1102 1.0583 0.9921, 1.1102 1.0583 0.7347, 1.1752 1.0583 0.7347, 1.1752 1.0583 0.5772, 1.1417 1.0583 0.5772, 1.1417 1.0583 0.4922, 1.0834 1.0583 1.0052, 1.063 1.0583 1.0079, -0.7376 0.015 1.0197, -0.7258 0.015 1.0079, -0.7258 0.6364 1.0079, -0.6982 0.6364 0.9803, -0.6982 1.0583 0.9803, -0.7376 1.0583 1.0197
            ]
        }
        coordIndex [
            0,1,2,-1,3,4,5,-1,6,7,5,-1,5,7,0,-1,8,9,10,-1,11,12,10,-1,10,12,13,-1,10,13,0,-1,0,13,5,-1,5,13,14,-1,5,14,3,-1,8,10,15,-1,0,2,10,-1,10,2,16,-1,10,16,15,-1,17,18,19,-1,20,21,19,-1,19,21,22,-1,19,22,17,-1,
        ]
    }
}
Shape{
    appearance Appearance {
        material  Material 	{
            diffuseColor 0.9686274509803922 0.8784313725490196 0.6
            specularColor 0.6784313725490196 0.615686274509804 0.4196078431372549
            ambientIntensity 0.8737
            transparency 0.0
            shininess 0.5
        }
    }
    geometry IndexedFaceSet {
        ccw TRUE
        solid FALSE
        coord DEF co Coordinate {
            point [
                0.3689 -1.1051 0.689, 0.4331 -1.0905 0.689, 0.3543 -1.0905 0.689, 0.4331 -0.3315 0.689, 0.3543 -0.3315 0.689, 0.3701 -1.1079 0.689, 0.3701 -1.2107 0.689, 0.4173 -1.2107 0.689, 0.4173 -1.1079 0.689, 0.4174 -1.1071 0.689, 0.3699 -1.1069 0.689, 0.4176 -1.1064 0.689, 0.418 -1.1057 0.689, 0.3696 -1.1059 0.689, 0.4185 -1.1051 0.689, -0.437 0.4402 0.0098, -0.437 0.6055 0.0098, -0.437 0.6055 0.0591, -0.437 0.4283 0.2205, -0.437 0.3693 0.2205, -0.437 0.4283 0.1181, -0.437 0.3693 0.1181, -0.437 0.4298 0.105, -0.437 0.371 0.0983, -0.437 0.4342 0.0925, -0.437 0.3793 0.0705, -0.437 0.4412 0.0813, -0.437 0.3942 0.0455, -0.437 0.4506 0.0719, -0.437 0.4148 0.0249, -0.437 0.4618 0.0649, -0.437 0.4398 0.0101, -0.437 0.4743 0.0605, -0.437 0.4874 0.0591, -0.0335 0.7198 0.2695, -0.124 0.7198 0.2695, -0.0335 0.7112 0.2814, -0.124 0.7112 0.2814, -0.0335 0.7058 0.2951, -0.124 0.7058 0.2951, -0.0335 0.7039 0.3097, -0.124 0.7039 0.3097, 0.5965 0.7039 0.5709, 0.5059 0.7039 0.5709, 0.5059 0.6999 0.6014, 0.5965 0.6999 0.6014, 0.5059 0.6881 0.6299, 0.5965 0.6881 0.6299, 0.5059 0.6693 0.6544, 0.5965 0.6693 0.6544, 0.5059 0.6449 0.6732, 0.5965 0.6449 0.6732, 0.5059 0.6164 0.685, 0.5965 0.6164 0.685, 0.5059 0.5858 0.689, 0.5965 0.5858 0.689, 0.5965 0.271 0.689, 0.5512 0.271 0.689, 0.5059 0.271 0.689
            ]
        }
        coordIndex [
            0,1,2,-1,2,1,3,-1,2,3,4,-1,5,6,7,-1,7,8,5,-1,5,8,9,-1,5,9,10,-1,10,9,11,-1,10,11,12,-1,0,13,1,-1,1,13,10,-1,1,10,14,-1,14,10,12,-1,15,16,17,-1,18,19,20,-1,20,19,21,-1,20,21,22,-1,22,21,23,-1,22,23,24,-1,24,23,25,-1,24,25,26,-1,26,25,27,-1,26,27,28,-1,28,27,29,-1,28,29,30,-1,30,29,31,-1,30,31,32,-1,32,31,15,-1,32,15,33,-1,33,15,17,-1,34,35,36,-1,36,35,37,-1,36,37,38,-1,38,37,39,-1,38,39,40,-1,40,39,41,-1,42,43,44,-1,42,44,45,-1,45,44,46,-1,45,46,47,-1,47,46,48,-1,47,48,49,-1,49,48,50,-1,49,50,51,-1,51,50,52,-1,51,52,53,-1,53,52,54,-1,53,54,55,-1,56,55,57,-1,57,55,54,-1,57,54,58,-1,
        ]
    }
}
Shape{
    appearance Appearance {
        material  Material 	{
            diffuseColor 0.2235294117647059 0.2235294117647059 0.2235294117647059
            specularColor 0.11372549019607843 0.11372549019607843 0.11372549019607843
            ambientIntensity 0.2235
            transparency 0.0
            shininess 0.5
        }
    }
    geometry IndexedFaceSet {
        ccw TRUE
        solid FALSE
        coord DEF co Coordinate {
            point [
                0.7939 -1.3225 0.5975, 0.7939 -1.3225 0.5975, 0.794 -1.3226 0.6326, 0.8455 -1.2712 0.6841, 0.8451 -1.2711 0.5763, 0.8465 -1.2606 0.685, 0.8465 -1.2606 0.576, 0.8455 -1.2717 0.6841, 0.8441 -1.2769 0.6826, 0.8451 -1.2711 0.5763, 0.8409 -1.2859 0.6795, 0.8378 -1.292 0.6764, 0.8329 -1.2992 0.5815, 0.8368 -1.2941 0.6754, 0.8329 -1.2992 0.5815, 0.8394 -1.2893 0.5787, 0.8407 -1.2859 0.5782, 0.8424 -1.2828 0.681, 0.8407 -1.2859 0.5782, 0.8445 -1.2754 0.5765, 0.8328 -1.2991 0.6714, 0.8279 -1.3051 0.6665, 0.8313 -1.3016 0.5822, 0.8274 -1.3058 0.666, 0.822 -1.3101 0.5859, 0.8219 -1.3099 0.6604, 0.822 -1.3101 0.586, 0.8149 -1.315 0.6534, 0.8201 -1.3119 0.5867, 0.8137 -1.3159 0.6523, 0.8087 -1.3179 0.5913, 0.8087 -1.3177 0.6472, 0.8086 -1.318 0.5914, 0.7996 -1.321 0.6382, 0.7952 -1.3225 0.6338, 0.8055 -1.3196 0.5926, 0.7835 -1.3236 0.622, 0.7835 -1.3236 0.6019, 0.7915 -1.3231 0.5985
            ]
        }
        coordIndex [
            0,1,2,-1,3,4,5,-1,5,4,6,-1,3,7,4,-1,4,7,8,-1,4,8,9,-1,10,11,12,-1,12,11,13,-1,12,13,14,-1,12,15,10,-1,10,15,16,-1,10,16,17,-1,17,16,18,-1,17,18,8,-1,8,18,19,-1,8,19,9,-1,13,20,14,-1,14,20,21,-1,14,21,22,-1,22,21,23,-1,22,23,24,-1,24,23,25,-1,24,25,26,-1,26,25,27,-1,26,27,28,-1,28,27,29,-1,28,29,30,-1,30,29,31,-1,30,31,32,-1,32,31,33,-1,32,33,34,-1,2,1,34,-1,34,1,35,-1,34,35,32,-1,36,37,2,-1,2,37,38,-1,2,38,0,-1,
        ]
    }
}
Shape{
    appearance Appearance {
        material  Material 	{
            diffuseColor 0.6666666666666666 0.6980392156862745 0.7686274509803922
            specularColor 0.3333333333333333 0.34901960784313724 0.3843137254901961
            ambientIntensity 0.6967
            transparency 0.0
            shininess 0.5
        }
    }
    geometry IndexedFaceSet {
        ccw TRUE
        solid FALSE
        coord DEF co Coordinate {
            point [
                0.6417 -1.1858 0.1181, 0.6417 -1.1858 0.0, 1.2106 -1.1858 0.1181, 1.2106 -1.1858 0.0
            ]
        }
        coordIndex [
            0,1,2,-1,2,1,3,-1,
        ]
    }
}
Shape{
    appearance Appearance {
        material  Material 	{
            diffuseColor 0.2235294117647059 0.2235294117647059 0.2235294117647059
            specularColor 0.11372549019607843 0.11372549019607843 0.11372549019607843
            ambientIntensity 0.2235
            transparency 0.0
            shininess 0.5
        }
    }
    geometry IndexedFaceSet {
        ccw TRUE
        solid FALSE
        coord DEF co Coordinate {
            point [
                1.1417 -0.2213 0.4556, 1.1406 -0.2213 0.444, 1.1417 0.015 0.4556, 1.1397 0.015 0.4403, 1.1395 -0.2213 0.4404, 1.1372 -0.2213 0.433, 1.1338 0.015 0.426, 1.1244 -0.2213 0.4138, 1.1244 0.015 0.4138, 1.1318 -0.2213 0.4228, 1.1336 -0.2213 0.4262
            ]
        }
        coordIndex [
            0,1,2,-1,2,1,3,-1,1,4,3,-1,3,4,5,-1,3,5,6,-1,7,8,9,-1,9,8,6,-1,9,6,10,-1,10,6,5,-1,
        ]
    }
}
Shape{
    appearance Appearance {
        material  Material 	{
            diffuseColor 0.9686274509803922 0.8784313725490196 0.6
            specularColor 0.6784313725490196 0.615686274509804 0.4196078431372549
            ambientIntensity 0.8737
            transparency 0.0
            shininess 0.5
        }
    }
    geometry IndexedFaceSet {
        ccw TRUE
        solid FALSE
        coord DEF co Coordinate {
            point [
                -0.1811 -1.1228 0.4567, -0.2913 -1.1228 0.4567, -0.1811 -1.1228 0.4606, -0.2913 -1.1228 0.4606, 0.6634 0.8244 0.1573, 0.6634 0.7812 0.117, 0.6634 0.7198 0.2695, 0.6634 0.6766 0.2292, 0.6634 0.7112 0.2814, 0.6634 0.6594 0.253, 0.6634 0.7058 0.2951, 0.6634 0.6486 0.2805, 0.6634 0.7039 0.3097, 0.6634 0.6449 0.3097, 0.6634 0.7039 0.5709, 0.6634 0.6449 0.5709, 0.6634 0.6999 0.6014, 0.6634 0.6429 0.5862, 0.6634 0.6881 0.6299, 0.6634 0.637 0.6004, 0.6634 0.6693 0.6544, 0.6634 0.6276 0.6126, 0.6634 0.6449 0.6732, 0.6634 0.6154 0.622, 0.6634 0.6164 0.685, 0.6634 0.6011 0.6279, 0.6634 0.5858 0.689, 0.6634 0.5858 0.6299, 0.6634 0.271 0.689, 0.6634 0.271 0.6299, 0.122 0.3693 0.2205, 0.122 0.3693 0.1181, 0.1929 0.3693 0.1181, 0.1929 0.3693 0.2205, 0.2028 0.3693 0.2375, 0.1122 0.3693 0.2375, 0.2028 0.3693 0.3937, 0.1122 0.3693 0.3937, 0.1929 0.4283 0.2205, 0.2028 0.4283 0.2375
            ]
        }
        coordIndex [
            0,1,2,-1,2,1,3,-1,4,5,6,-1,6,5,7,-1,6,7,8,-1,8,7,9,-1,8,9,10,-1,10,9,11,-1,10,11,12,-1,12,11,13,-1,12,13,14,-1,14,13,15,-1,14,15,16,-1,16,15,17,-1,16,17,18,-1,18,17,19,-1,18,19,20,-1,20,19,21,-1,20,21,22,-1,22,21,23,-1,22,23,24,-1,24,23,25,-1,24,25,26,-1,26,25,27,-1,26,27,28,-1,28,27,29,-1,30,31,32,-1,32,33,30,-1,30,33,34,-1,30,34,35,-1,35,34,36,-1,35,36,37,-1,38,39,33,-1,33,39,34,-1,
        ]
    }
}
Shape{
    appearance Appearance {
        material  Material 	{
            diffuseColor 0.6666666666666666 0.6980392156862745 0.7686274509803922
            specularColor 0.3333333333333333 0.34901960784313724 0.3843137254901961
            ambientIntensity 0.6967
            transparency 0.0
            shininess 0.5
        }
    }
    geometry IndexedFaceSet {
        ccw TRUE
        solid FALSE
        coord DEF co Coordinate {
            point [
                -1.1614 0.0051 0.4448, -1.1614 -0.5756 0.4448, -1.1595 0.0051 0.43, -1.1595 -0.5756 0.43, -1.154 0.0051 0.4162, -1.154 -0.5756 0.4162, -1.1452 0.0051 0.4042, -1.1452 -0.5756 0.4042
            ]
        }
        coordIndex [
            0,1,2,-1,2,1,3,-1,2,3,4,-1,4,3,5,-1,4,5,6,-1,6,5,7,-1,
        ]
    }
}
Shape{
    appearance Appearance {
        material  Material 	{
            diffuseColor 0.9686274509803922 0.8784313725490196 0.6
            specularColor 0.6784313725490196 0.615686274509804 0.4196078431372549
            ambientIntensity 0.8737
            transparency 0.0
            shininess 0.5
        }
    }
    geometry IndexedFaceSet {
        ccw TRUE
        solid FALSE
        coord DEF co Coordinate {
            point [
                -0.1867 0.4586 0.0036, -0.1929 0.4402 0.0098, -0.1929 0.6055 0.0098, -0.1831 0.6055 0.0, -0.1831 0.4874 0.0, -0.1837 0.4778 0.0004, -0.1853 0.4677 0.0021, 0.5079 0.4283 0.2205, 0.5079 0.4283 0.1181, 0.437 0.4283 0.1181, 0.437 0.4283 0.2205, 0.4272 0.4283 0.2375, 0.5177 0.4283 0.2375, 0.4272 0.4283 0.3937, 0.5177 0.4283 0.3937
            ]
        }
        coordIndex [
            0,1,2,-1,2,3,4,-1,4,5,2,-1,2,5,6,-1,2,6,0,-1,7,8,9,-1,9,10,7,-1,7,10,11,-1,7,11,12,-1,12,11,13,-1,12,13,14,-1,
        ]
    }
}
Shape{
    appearance Appearance {
        material  Material 	{
            diffuseColor 0.6666666666666666 0.6980392156862745 0.7686274509803922
            specularColor 0.3333333333333333 0.34901960784313724 0.3843137254901961
            ambientIntensity 0.6967
            transparency 0.0
            shininess 0.5
        }
    }
    geometry IndexedFaceSet {
        ccw TRUE
        solid FALSE
        coord DEF co Coordinate {
            point [
                -1.1614 0.9992 0.5772, -1.1614 0.9992 0.5085, -1.1752 1.013 0.5772, -1.2205 1.0583 0.5085, -1.1752 1.013 0.7347, -1.2205 1.0583 0.9646, -1.1614 0.9992 0.7347, -1.1614 0.9992 0.9646
            ]
        }
        coordIndex [
            0,1,2,-1,2,1,3,-1,2,3,4,-1,4,3,5,-1,4,5,6,-1,6,5,7,-1,
        ]
    }
}
Shape{
    appearance Appearance {
        material  Material 	{
            diffuseColor 0.9686274509803922 0.8784313725490196 0.6
            specularColor 0.6784313725490196 0.615686274509804 0.4196078431372549
            ambientIntensity 0.8737
            transparency 0.0
            shininess 0.5
        }
    }
    geometry IndexedFaceSet {
        ccw TRUE
        solid FALSE
        coord DEF co Coordinate {
            point [
                -0.1181 -1.0905 0.689, -0.1181 -0.3315 0.689, -0.1181 -1.0905 0.6811, -0.1181 -0.3394 0.6811, 0.1909 0.6766 0.2292, 0.2815 0.6766 0.2292, 0.2815 0.6594 0.253, 0.1909 0.6594 0.253, 0.2815 0.6486 0.2805, 0.1909 0.6486 0.2805, 0.2815 0.6449 0.3097, 0.1909 0.6449 0.3097, -0.2598 -1.1079 0.6811, -0.2598 -1.1228 0.6811, -0.2598 -1.1079 0.689, -0.2598 -1.1228 0.685, -0.2598 -1.2107 0.689, -0.2598 -1.2278 0.685, -0.2598 -1.2195 0.688, -0.2618 1.0542 0.0, -0.2106 1.0542 0.0, -0.2618 0.9417 0.0, -0.2106 0.9417 0.0
            ]
        }
        coordIndex [
            0,1,2,-1,2,1,3,-1,4,5,6,-1,4,6,7,-1,7,6,8,-1,7,8,9,-1,9,8,10,-1,9,10,11,-1,12,13,14,-1,14,13,15,-1,14,15,16,-1,16,15,17,-1,16,17,18,-1,19,20,21,-1,21,20,22,-1,
        ]
    }
}
Shape{
    appearance Appearance {
        material  Material 	{
            diffuseColor 0.6666666666666666 0.6980392156862745 0.7686274509803922
            specularColor 0.3333333333333333 0.34901960784313724 0.3843137254901961
            ambientIntensity 0.6967
            transparency 0.0
            shininess 0.5
        }
    }
    geometry IndexedFaceSet {
        ccw TRUE
        solid FALSE
        coord DEF co Coordinate {
            point [
                1.1614 0.9992 0.5085, 1.2205 1.0583 0.5085, 1.1592 0.9992 0.4897, 1.2165 1.0583 0.4757, 1.1525 0.9992 0.4721, 1.2049 1.0583 0.4448, 1.1419 0.9992 0.4565, 1.1863 1.0583 0.4176, 1.1278 0.9992 0.444, 1.1617 1.0583 0.3956
            ]
        }
        coordIndex [
            0,1,2,-1,2,1,3,-1,2,3,4,-1,4,3,5,-1,4,5,6,-1,6,5,7,-1,6,7,8,-1,8,7,9,-1,
        ]
    }
}
Shape{
    appearance Appearance {
        material  Material 	{
            diffuseColor 0.9686274509803922 0.8784313725490196 0.6
            specularColor 0.6784313725490196 0.615686274509804 0.4196078431372549
            ambientIntensity 0.8737
            transparency 0.0
            shininess 0.5
        }
    }
    geometry IndexedFaceSet {
        ccw TRUE
        solid FALSE
        coord DEF co Coordinate {
            point [
                0.1319 0.4874 0.0, 0.1831 0.4874 0.0, 0.1312 0.4778 0.0004, 0.1847 0.4677 0.0017, 0.1297 0.4677 0.0021, 0.1848 0.4676 0.0017, 0.1283 0.4586 0.0036, 0.1896 0.4491 0.0064, 0.1929 0.4402 0.0098, 0.122 0.4402 0.0098, 0.1929 0.4398 0.0101, 0.122 0.4398 0.0101, 0.1929 0.4148 0.0249, 0.122 0.4148 0.0249, 0.1929 0.3942 0.0455, 0.122 0.3942 0.0455, 0.1929 0.3793 0.0705, 0.122 0.3793 0.0705, 0.1929 0.371 0.0983, 0.122 0.371 0.0983, 0.1929 0.3693 0.1181, 0.122 0.3693 0.1181
            ]
        }
        coordIndex [
            0,1,2,-1,2,1,3,-1,2,3,4,-1,4,3,5,-1,4,5,6,-1,5,7,6,-1,6,7,8,-1,6,8,9,-1,9,8,10,-1,9,10,11,-1,11,10,12,-1,11,12,13,-1,13,12,14,-1,13,14,15,-1,15,14,16,-1,15,16,17,-1,17,16,18,-1,17,18,19,-1,19,18,20,-1,19,20,21,-1,
        ]
    }
}
Shape{
    appearance Appearance {
        material  Material 	{
            diffuseColor 0.6666666666666666 0.6980392156862745 0.7686274509803922
            specularColor 0.3333333333333333 0.34901960784313724 0.3843137254901961
            ambientIntensity 0.6967
            transparency 0.0
            shininess 0.5
        }
    }
    geometry IndexedFaceSet {
        ccw TRUE
        solid FALSE
        coord DEF co Coordinate {
            point [
                0.4218 -1.148 1.0236, 0.7593 -1.148 1.0236, 0.4218 -1.155 1.0228, 0.7593 -1.155 1.0228, 0.4218 -1.1617 1.0202, 0.7593 -1.1617 1.0202, 0.4218 -1.1676 1.0161, 0.7593 -1.1676 1.0161, 0.4218 -1.1723 1.0108, 0.7593 -1.1723 1.0108
            ]
        }
        coordIndex [
            0,1,2,-1,2,1,3,-1,2,3,4,-1,4,3,5,-1,4,5,6,-1,6,5,7,-1,6,7,8,-1,8,7,9,-1,
        ]
    }
}
Shape{
    appearance Appearance {
        material  Material 	{
            diffuseColor 0.9686274509803922 0.8784313725490196 0.6
            specularColor 0.6784313725490196 0.615686274509804 0.4196078431372549
            ambientIntensity 0.8737
            transparency 0.0
            shininess 0.5
        }
    }
    geometry IndexedFaceSet {
        ccw TRUE
        solid FALSE
        coord DEF co Coordinate {
            point [
                0.439 0.271 0.689, 0.439 0.271 0.6299, 0.439 0.5858 0.689, 0.439 0.5858 0.6299, 0.439 0.6164 0.685, 0.439 0.6011 0.6279, 0.439 0.6449 0.6732, 0.439 0.6154 0.622, 0.439 0.6693 0.6544, 0.439 0.6276 0.6126, 0.439 0.6881 0.6299, 0.439 0.637 0.6004, 0.439 0.6999 0.6014, 0.439 0.6429 0.5862, 0.439 0.7039 0.5709, 0.439 0.6449 0.5709, 0.439 0.7039 0.3097, 0.439 0.6449 0.3097, 0.439 0.7058 0.2951, 0.439 0.6486 0.2805, 0.439 0.7112 0.2814, 0.439 0.6594 0.253, 0.439 0.7198 0.2695, 0.439 0.6766 0.2292, 0.439 0.8244 0.1573, 0.439 0.7812 0.117, -0.3689 -1.1051 0.6811, -0.3689 -1.1051 0.689, -0.3694 -1.1057 0.6811, -0.3694 -1.1057 0.689, -0.3698 -1.1064 0.6811, -0.3698 -1.1064 0.689, -0.37 -1.1071 0.6811, -0.37 -1.1071 0.689, -0.3701 -1.1079 0.6811, -0.3701 -1.1079 0.689, -0.7539 0.5858 0.689, -0.7539 0.271 0.689, -0.6634 0.5858 0.689, -0.6634 0.271 0.689
            ]
        }
        coordIndex [
            0,1,2,-1,2,1,3,-1,2,3,4,-1,4,3,5,-1,4,5,6,-1,6,5,7,-1,6,7,8,-1,8,7,9,-1,8,9,10,-1,10,9,11,-1,10,11,12,-1,12,11,13,-1,12,13,14,-1,14,13,15,-1,14,15,16,-1,16,15,17,-1,16,17,18,-1,18,17,19,-1,18,19,20,-1,20,19,21,-1,20,21,22,-1,22,21,23,-1,22,23,24,-1,24,23,25,-1,26,27,28,-1,28,27,29,-1,28,29,30,-1,30,29,31,-1,30,31,32,-1,32,31,33,-1,32,33,34,-1,34,33,35,-1,36,37,38,-1,38,37,39,-1,
        ]
    }
}
Shape{
    appearance Appearance {
        material  Material 	{
            diffuseColor 0.6666666666666666 0.6980392156862745 0.7686274509803922
            specularColor 0.3333333333333333 0.34901960784313724 0.3843137254901961
            ambientIntensity 0.6967
            transparency 0.0
            shininess 0.5
        }
    }
    geometry IndexedFaceSet {
        ccw TRUE
        solid FALSE
        coord DEF co Coordinate {
            point [
                0.9592 1.041 0.1817, 0.9639 1.0454 0.185, 0.9934 0.7433 0.2056, 1.1956 1.0583 0.3472, 1.1956 0.7433 0.3472, 0.9934 1.0583 0.2056, 0.9853 1.057 0.2, 0.9808 1.0563 0.1968, 0.9692 1.0504 0.1887, 0.974 1.0528 0.1921, 0.9466 1.0145 0.1729, 0.9495 1.0228 0.1749, 0.9515 1.0287 0.1763, 0.9555 1.0352 0.1791, 0.9808 0.7453 0.1968, 0.9725 0.7495 0.191, 0.946 1.009 0.1725, 0.9692 0.7512 0.1887, 0.9634 0.7566 0.1847, 0.9592 0.7606 0.1817, 0.9559 0.7658 0.1794, 0.9826 0.745 0.1981, 0.9466 0.7871 0.1729, 0.9464 0.7893 0.1727, 0.9501 0.7769 0.1753, 0.945 0.8024 0.1717, 0.9515 0.7728 0.1763, 0.945 0.9992 0.1717, 0.8189 0.5898 1.0236, 0.8189 0.5898 1.1417, 0.8169 0.605 1.0236, 0.8169 0.605 1.1417, 0.811 0.6193 1.0236, 0.811 0.6193 1.1417, 0.8016 0.6315 1.0236, 0.8016 0.6315 1.1417, 0.7894 0.6409 1.0236, 0.7894 0.6409 1.1417, 0.7751 0.6468 1.0236, 0.7751 0.6468 1.1417, 0.7598 0.6488 1.0236, 0.7598 0.6488 1.1417
            ]
        }
        coordIndex [
            0,1,2,-1,3,4,5,-1,5,4,2,-1,5,2,6,-1,6,2,7,-1,1,8,2,-1,2,8,9,-1,2,9,7,-1,10,11,2,-1,11,12,2,-1,2,12,13,-1,2,13,0,-1,14,15,16,-1,16,15,17,-1,17,18,16,-1,16,18,19,-1,16,19,20,-1,10,2,16,-1,16,2,21,-1,16,21,14,-1,22,23,24,-1,24,23,25,-1,20,26,16,-1,16,26,24,-1,16,24,27,-1,27,24,25,-1,28,29,30,-1,30,29,31,-1,30,31,32,-1,32,31,33,-1,32,33,34,-1,34,33,35,-1,34,35,36,-1,36,35,37,-1,36,37,38,-1,38,37,39,-1,38,39,40,-1,40,39,41,-1,
        ]
    }
}
Shape{
    appearance Appearance {
        material  Material 	{
            diffuseColor 0.9686274509803922 0.8784313725490196 0.6
            specularColor 0.6784313725490196 0.615686274509804 0.4196078431372549
            ambientIntensity 0.8737
            transparency 0.0
            shininess 0.5
        }
    }
    geometry IndexedFaceSet {
        ccw TRUE
        solid FALSE
        coord DEF co Coordinate {
            point [
                -0.124 0.271 0.6299, -0.124 0.5858 0.6299, -0.0787 0.271 0.6299, -0.0335 0.5858 0.6299, -0.0335 0.271 0.6299
            ]
        }
        coordIndex [
            0,1,2,-1,2,1,3,-1,2,3,4,-1,
        ]
    }
}
Shape{
    appearance Appearance {
        material  Material 	{
            diffuseColor 0.6666666666666666 0.6980392156862745 0.7686274509803922
            specularColor 0.3333333333333333 0.34901960784313724 0.3843137254901961
            ambientIntensity 0.6967
            transparency 0.0
            shininess 0.5
        }
    }
    geometry IndexedFaceSet {
        ccw TRUE
        solid FALSE
        coord DEF co Coordinate {
            point [
                -1.1614 -1.3236 0.4448, -1.1614 -1.8354 0.4448, -1.1595 -1.3236 0.43, -1.1595 -1.8354 0.43, -1.154 -1.3236 0.4162, -1.154 -1.8354 0.4162, -1.1452 -1.3236 0.4042, -1.1452 -1.8354 0.4042
            ]
        }
        coordIndex [
            0,1,2,-1,2,1,3,-1,2,3,4,-1,4,3,5,-1,4,5,6,-1,6,5,7,-1,
        ]
    }
}
Shape{
    appearance Appearance {
        material  Material 	{
            diffuseColor 0.2235294117647059 0.2235294117647059 0.2235294117647059
            specularColor 0.11372549019607843 0.11372549019607843 0.11372549019607843
            ambientIntensity 0.2235
            transparency 0.0
            shininess 0.5
        }
    }
    geometry IndexedFaceSet {
        ccw TRUE
        solid FALSE
        coord DEF co Coordinate {
            point [
                0.4331 0.6364 1.0157, 0.4331 -0.2134 1.0157, 0.4331 0.6364 1.0079, 0.4331 -0.2213 1.0079
            ]
        }
        coordIndex [
            0,1,2,-1,2,1,3,-1,
        ]
    }
}
Shape{
    appearance Appearance {
        material  Material 	{
            diffuseColor 0.9686274509803922 0.8784313725490196 0.6
            specularColor 0.6784313725490196 0.615686274509804 0.4196078431372549
            ambientIntensity 0.8737
            transparency 0.0
            shininess 0.5
        }
    }
    geometry IndexedFaceSet {
        ccw TRUE
        solid FALSE
        coord DEF co Coordinate {
            point [
                -0.5945 0.4283 0.2205, -0.5846 0.4283 0.2375, -0.5945 0.3693 0.2205, -0.5846 0.3693 0.2375, 0.124 0.7812 0.117, 0.1142 0.7928 0.1046, 0.124 0.8244 0.1573, 0.1142 0.836 0.1448, 0.4997 0.4676 0.0017, 0.5079 0.6055 0.0098, 0.5046 0.4491 0.0064, 0.5079 0.4402 0.0098, 0.4997 0.4677 0.0017, 0.498 0.4874 0.0, 0.498 0.6055 0.0, -0.2795 0.4283 0.2205, -0.2795 0.4283 0.1181, -0.3504 0.4283 0.1181, -0.3504 0.4283 0.2205, -0.3602 0.4283 0.2375, -0.2697 0.4283 0.2375, -0.3602 0.4283 0.3937, -0.2697 0.4283 0.3937, 0.3543 -0.3315 0.4528, 0.3543 -0.3394 0.4606, 0.3543 -1.0905 0.4528, 0.3543 -1.0905 0.4606
            ]
        }
        coordIndex [
            0,1,2,-1,2,1,3,-1,4,5,6,-1,6,5,7,-1,8,9,10,-1,10,9,11,-1,8,12,9,-1,9,12,13,-1,9,13,14,-1,15,16,17,-1,17,18,15,-1,15,18,19,-1,15,19,20,-1,20,19,21,-1,20,21,22,-1,23,24,25,-1,25,24,26,-1,
        ]
    }
}
Shape{
    appearance Appearance {
        material  Material 	{
            diffuseColor 0.2235294117647059 0.2235294117647059 0.2235294117647059
            specularColor 0.11372549019607843 0.11372549019607843 0.11372549019607843
            ambientIntensity 0.2235
            transparency 0.0
            shininess 0.5
        }
    }
    geometry IndexedFaceSet {
        ccw TRUE
        solid FALSE
        coord DEF co Coordinate {
            point [
                -0.4331 -0.2213 1.0079, -0.4331 -0.2134 1.0157, -0.4331 0.6364 1.0079, -0.4331 0.6364 1.0157
            ]
        }
        coordIndex [
            0,1,2,-1,2,1,3,-1,
        ]
    }
}
Shape{
    appearance Appearance {
        material  Material 	{
            diffuseColor 0.9686274509803922 0.8784313725490196 0.6
            specularColor 0.6784313725490196 0.615686274509804 0.4196078431372549
            ambientIntensity 0.8737
            transparency 0.0
            shininess 0.5
        }
    }
    geometry IndexedFaceSet {
        ccw TRUE
        solid FALSE
        coord DEF co Coordinate {
            point [
                0.6634 0.271 0.6299, 0.6634 0.5858 0.6299, 0.7146 0.271 0.6299, 0.7539 0.5858 0.6299, 0.7539 0.271 0.6299
            ]
        }
        coordIndex [
            0,1,2,-1,2,1,3,-1,2,3,4,-1,
        ]
    }
}
Shape{
    appearance Appearance {
        material  Material 	{
            diffuseColor 0.6666666666666666 0.6980392156862745 0.7686274509803922
            specularColor 0.3333333333333333 0.34901960784313724 0.3843137254901961
            ambientIntensity 0.6967
            transparency 0.0
            shininess 0.5
        }
    }
    geometry IndexedFaceSet {
        ccw TRUE
        solid FALSE
        coord DEF co Coordinate {
            point [
                0.8602 0.5997 0.0, 0.8727 0.604 0.0, 0.8268 0.5465 0.0, 0.8858 0.6055 0.0, 0.8268 0.202 0.0, 1.0827 0.6055 0.0, 1.0827 0.1429 0.0, 0.8858 0.1429 0.0, 0.8727 0.1444 0.0, 0.8283 0.1888 0.0, 0.8602 0.1488 0.0, 0.849 0.1558 0.0, 0.8397 0.1651 0.0, 0.8326 0.1763 0.0, 0.8283 0.5596 0.0, 0.8326 0.5721 0.0, 0.8397 0.5833 0.0, 0.849 0.5926 0.0
            ]
        }
        coordIndex [
            0,1,2,-1,2,1,3,-1,2,3,4,-1,5,6,3,-1,3,6,7,-1,3,7,4,-1,4,7,8,-1,4,8,9,-1,9,8,10,-1,10,11,9,-1,9,11,12,-1,9,12,13,-1,14,15,16,-1,14,16,2,-1,2,16,17,-1,2,17,0,-1,
        ]
    }
}
Shape{
    appearance Appearance {
        material  Material 	{
            diffuseColor 0.9686274509803922 0.8784313725490196 0.6
            specularColor 0.6784313725490196 0.615686274509804 0.4196078431372549
            ambientIntensity 0.8737
            transparency 0.0
            shininess 0.5
        }
    }
    geometry IndexedFaceSet {
        ccw TRUE
        solid FALSE
        coord DEF co Coordinate {
            point [
                0.1848 0.4676 0.0017, 0.1929 0.6055 0.0098, 0.1896 0.4491 0.0064, 0.1929 0.4402 0.0098, 0.1847 0.4677 0.0017, 0.1831 0.4874 0.0, 0.1831 0.6055 0.0
            ]
        }
        coordIndex [
            0,1,2,-1,2,1,3,-1,0,4,1,-1,1,4,5,-1,1,5,6,-1,
        ]
    }
}
Shape{
    appearance Appearance {
        material  Material 	{
            diffuseColor 0.6666666666666666 0.6980392156862745 0.7686274509803922
            specularColor 0.3333333333333333 0.34901960784313724 0.3843137254901961
            ambientIntensity 0.6967
            transparency 0.0
            shininess 0.5
        }
    }
    geometry IndexedFaceSet {
        ccw TRUE
        solid FALSE
        coord DEF co Coordinate {
            point [
                0.8268 0.202 0.1181, 0.8268 0.202 0.0, 0.8283 0.1888 0.0, 0.8283 0.1888 0.1181, 0.8326 0.1763 0.0, 0.8326 0.1763 0.1181, 0.8397 0.1651 0.0, 0.8397 0.1651 0.1181, 0.849 0.1558 0.0, 0.849 0.1558 0.1181, 0.8602 0.1488 0.0, 0.8602 0.1488 0.1181, 0.8727 0.1444 0.0, 0.8727 0.1444 0.1181, 0.8858 0.1429 0.0, 0.8858 0.1429 0.1181, 0.8915 -0.5756 0.1365, 1.1452 -0.5756 0.4042, 0.8915 0.0051 0.1365, 1.1452 0.0051 0.4042, -0.8486 0.0051 0.0, -0.8486 -0.5756 0.0, -0.8843 -0.5756 0.0036, -0.8843 0.0051 0.0036, -0.9186 -0.5756 0.0144, -0.9186 0.0051 0.0144, -0.95 -0.5756 0.0319, -0.95 0.0051 0.0319, -0.9772 -0.5756 0.0553, -0.9772 0.0051 0.0553
            ]
        }
        coordIndex [
            0,1,2,-1,0,2,3,-1,3,2,4,-1,3,4,5,-1,5,4,6,-1,5,6,7,-1,7,6,8,-1,7,8,9,-1,9,8,10,-1,9,10,11,-1,11,10,12,-1,11,12,13,-1,13,12,14,-1,13,14,15,-1,16,17,18,-1,18,17,19,-1,20,21,22,-1,20,22,23,-1,23,22,24,-1,23,24,25,-1,25,24,26,-1,25,26,27,-1,27,26,28,-1,27,28,29,-1,
        ]
    }
}
Shape{
    appearance Appearance {
        material  Material 	{
            diffuseColor 0.9686274509803922 0.8784313725490196 0.6
            specularColor 0.6784313725490196 0.615686274509804 0.4196078431372549
            ambientIntensity 0.8737
            transparency 0.0
            shininess 0.5
        }
    }
    geometry IndexedFaceSet {
        ccw TRUE
        solid FALSE
        coord DEF co Coordinate {
            point [
                -0.5059 0.6449 0.3097, -0.5059 0.6449 0.5709, -0.5965 0.6449 0.3097, -0.5965 0.6449 0.5709, 0.3504 0.4402 0.0098, 0.3504 0.6055 0.0098, 0.3504 0.6055 0.0591, 0.3504 0.4283 0.2205, 0.3504 0.3693 0.2205, 0.3504 0.4283 0.1181, 0.3504 0.3693 0.1181, 0.3504 0.4298 0.105, 0.3504 0.371 0.0983, 0.3504 0.4342 0.0925, 0.3504 0.3793 0.0705, 0.3504 0.4412 0.0813, 0.3504 0.3942 0.0455, 0.3504 0.4506 0.0719, 0.3504 0.4148 0.0249, 0.3504 0.4618 0.0649, 0.3504 0.4398 0.0101, 0.3504 0.4743 0.0605, 0.3504 0.4874 0.0591
            ]
        }
        coordIndex [
            0,1,2,-1,2,1,3,-1,4,5,6,-1,7,8,9,-1,9,8,10,-1,9,10,11,-1,11,10,12,-1,11,12,13,-1,13,12,14,-1,13,14,15,-1,15,14,16,-1,15,16,17,-1,17,16,18,-1,17,18,19,-1,19,18,20,-1,19,20,21,-1,21,20,4,-1,21,4,22,-1,22,4,6,-1,
        ]
    }
}
Shape{
    appearance Appearance {
        material  Material 	{
            diffuseColor 0.6666666666666666 0.6980392156862745 0.7686274509803922
            specularColor 0.3333333333333333 0.34901960784313724 0.3843137254901961
            ambientIntensity 0.6967
            transparency 0.0
            shininess 0.5
        }
    }
    geometry IndexedFaceSet {
        ccw TRUE
        solid FALSE
        coord DEF co Coordinate {
            point [
                -1.1452 -0.5756 0.4042, -0.8915 -0.5756 0.1365, -1.1452 0.0051 0.4042, -0.8915 0.0051 0.1365
            ]
        }
        coordIndex [
            0,1,2,-1,2,1,3,-1,
        ]
    }
}
Shape{
    appearance Appearance {
        material  Material 	{
            diffuseColor 0.9686274509803922 0.8784313725490196 0.6
            specularColor 0.6784313725490196 0.615686274509804 0.4196078431372549
            ambientIntensity 0.8737
            transparency 0.0
            shininess 0.5
        }
    }
    geometry IndexedFaceSet {
        ccw TRUE
        solid FALSE
        coord DEF co Coordinate {
            point [
                -0.5079 0.4283 0.1181, -0.437 0.4283 0.1181, -0.5079 0.4298 0.105, -0.437 0.4298 0.105, -0.5079 0.4342 0.0925, -0.437 0.4342 0.0925, -0.5079 0.4412 0.0813, -0.437 0.4412 0.0813, -0.5079 0.4506 0.0719, -0.437 0.4506 0.0719, -0.5079 0.4618 0.0649, -0.437 0.4618 0.0649, -0.5079 0.4743 0.0605, -0.437 0.4743 0.0605, -0.5079 0.4874 0.0591, -0.437 0.4874 0.0591, -0.6654 0.6055 0.0591, -0.6654 0.4874 0.0591, -0.5945 0.6055 0.0591, -0.5945 0.4874 0.0591
            ]
        }
        coordIndex [
            0,1,2,-1,2,1,3,-1,2,3,4,-1,4,3,5,-1,4,5,6,-1,6,5,7,-1,6,7,8,-1,8,7,9,-1,8,9,10,-1,10,9,11,-1,10,11,12,-1,12,11,13,-1,12,13,14,-1,14,13,15,-1,16,17,18,-1,18,17,19,-1,
        ]
    }
}
Shape{
    appearance Appearance {
        material  Material 	{
            diffuseColor 0.6666666666666666 0.6980392156862745 0.7686274509803922
            specularColor 0.3333333333333333 0.34901960784313724 0.3843137254901961
            ambientIntensity 0.6967
            transparency 0.0
            shininess 0.5
        }
    }
    geometry IndexedFaceSet {
        ccw TRUE
        solid FALSE
        coord DEF co Coordinate {
            point [
                0.1772 -0.0555 1.024, -0.1772 -0.0555 1.024, 0.1772 -0.0339 0.9776, -0.1772 -0.0339 0.9776
            ]
        }
        coordIndex [
            0,1,2,-1,2,1,3,-1,
        ]
    }
}
Shape{
    appearance Appearance {
        material  Material 	{
            diffuseColor 0.2235294117647059 0.2235294117647059 0.2235294117647059
            specularColor 0.11372549019607843 0.11372549019607843 0.11372549019607843
            ambientIntensity 0.2235
            transparency 0.0
            shininess 0.5
        }
    }
    geometry IndexedFaceSet {
        ccw TRUE
        solid FALSE
        coord DEF co Coordinate {
            point [
                -0.6051 -1.1051 0.4606, -0.5906 -1.0905 0.4606, -0.4961 -1.1228 0.4606, -0.6056 -1.1057 0.4606, -0.5906 -0.3394 0.4606, -0.5118 -0.3394 0.4606, -0.6063 -1.1228 0.4606, -0.6063 -1.1079 0.4606, -0.5118 -1.0905 0.4606, -0.4972 -1.1051 0.4606, -0.4966 -1.1059 0.4606, -0.6062 -1.1071 0.4606, -0.606 -1.1064 0.4606, -0.4962 -1.1069 0.4606, -0.4961 -1.1079 0.4606
            ]
        }
        coordIndex [
            0,1,2,-1,0,2,3,-1,1,4,5,-1,2,6,7,-1,5,8,1,-1,1,8,9,-1,1,9,10,-1,7,11,2,-1,2,11,12,-1,2,12,3,-1,10,13,1,-1,1,13,14,-1,1,14,2,-1,
        ]
    }
}
Shape{
    appearance Appearance {
        material  Material 	{
            diffuseColor 0.6666666666666666 0.6980392156862745 0.7686274509803922
            specularColor 0.3333333333333333 0.34901960784313724 0.3843137254901961
            ambientIntensity 0.6967
            transparency 0.0
            shininess 0.5
        }
    }
    geometry IndexedFaceSet {
        ccw TRUE
        solid FALSE
        coord DEF co Coordinate {
            point [
                0.838 -1.6684 1.0236, 0.3431 -1.6684 1.0236, 0.838 -1.6684 1.1417, 0.3431 -1.6684 1.1417, 0.8533 -1.6664 1.0236, 0.8533 -1.6664 1.1417, 0.8675 -1.6605 1.0236, 0.8675 -1.6605 1.1417, 0.8798 -1.6511 1.0236, 0.8798 -1.6511 1.1417, 0.8892 -1.6389 1.0236, 0.8892 -1.6389 1.1417, 0.8951 -1.6247 1.0236, 0.8951 -1.6247 1.1417, 0.8971 -1.6094 1.0236, 0.8971 -1.6094 1.1417
            ]
        }
        coordIndex [
            0,1,2,-1,2,1,3,-1,0,2,4,-1,4,2,5,-1,4,5,6,-1,6,5,7,-1,6,7,8,-1,8,7,9,-1,8,9,10,-1,10,9,11,-1,10,11,12,-1,12,11,13,-1,12,13,14,-1,14,13,15,-1,
        ]
    }
}
Shape{
    appearance Appearance {
        material  Material 	{
            diffuseColor 0.9686274509803922 0.8784313725490196 0.6
            specularColor 0.6784313725490196 0.615686274509804 0.4196078431372549
            ambientIntensity 0.8737
            transparency 0.0
            shininess 0.5
        }
    }
    geometry IndexedFaceSet {
        ccw TRUE
        solid FALSE
        coord DEF co Coordinate {
            point [
                -0.685 -1.1228 0.685, -0.685 -1.1228 0.6811, -0.685 -1.1079 0.6811, -0.685 -1.1079 0.689, -0.685 -1.2107 0.689, -0.685 -1.2278 0.685, -0.685 -1.2195 0.688, 0.2008 1.0542 0.0591, 0.2008 0.9417 0.0591, 0.2717 1.0542 0.0591, 0.2717 0.9417 0.0591, -0.2902 -1.1051 0.4606, -0.2902 -1.1051 0.4528, -0.2756 -1.0905 0.4606, -0.2756 -1.0905 0.4528, 0.4272 0.271 0.4528, 0.4272 0.3102 0.4528, 0.4724 0.271 0.4528, 0.5177 0.3102 0.4528, 0.5177 0.271 0.4528
            ]
        }
        coordIndex [
            0,1,2,-1,2,3,0,-1,0,3,4,-1,0,4,5,-1,5,4,6,-1,7,8,9,-1,9,8,10,-1,11,12,13,-1,13,12,14,-1,15,16,17,-1,17,16,18,-1,17,18,19,-1,
        ]
    }
}
Shape{
    appearance Appearance {
        material  Material 	{
            diffuseColor 0.6666666666666666 0.6980392156862745 0.7686274509803922
            specularColor 0.3333333333333333 0.34901960784313724 0.3843137254901961
            ambientIntensity 0.6967
            transparency 0.0
            shininess 0.5
        }
    }
    geometry IndexedFaceSet {
        ccw TRUE
        solid FALSE
        coord DEF co Coordinate {
            point [
                1.2598 -0.8104 0.0, 1.2598 -0.8104 0.1181, 1.2584 -0.8224 0.1181, 1.2584 -0.8224 0.0, 1.254 -0.8337 0.1181, 1.254 -0.8337 0.0, 1.247 -0.8435 0.1181, 1.247 -0.8435 0.0, 1.2378 -0.8514 0.1181, 1.2378 -0.8514 0.0, 1.227 -0.8568 0.1181, 1.227 -0.8568 0.0, -0.3142 -0.6926 1.0236, -0.3142 -0.6926 1.1417, -0.3283 -0.6943 1.0236, -0.3283 -0.6943 1.1417, -0.3416 -0.6993 1.0236, -0.3416 -0.6993 1.1417, -0.3532 -0.7073 1.0236, -0.3532 -0.7073 1.1417, -0.3627 -0.7179 1.0236, -0.3627 -0.7179 1.1417, -0.3693 -0.7304 1.0236, -0.3693 -0.7304 1.1417, -0.3728 -0.7441 1.0236, -0.3728 -0.7441 1.1417
            ]
        }
        coordIndex [
            0,1,2,-1,0,2,3,-1,3,2,4,-1,3,4,5,-1,5,4,6,-1,5,6,7,-1,7,6,8,-1,7,8,9,-1,9,8,10,-1,9,10,11,-1,12,13,14,-1,14,13,15,-1,14,15,16,-1,16,15,17,-1,16,17,18,-1,18,17,19,-1,18,19,20,-1,20,19,21,-1,20,21,22,-1,22,21,23,-1,22,23,24,-1,24,23,25,-1,
        ]
    }
}
Shape{
    appearance Appearance {
        material  Material 	{
            diffuseColor 0.9686274509803922 0.8784313725490196 0.6
            specularColor 0.6784313725490196 0.615686274509804 0.4196078431372549
            ambientIntensity 0.8737
            transparency 0.0
            shininess 0.5
        }
    }
    geometry IndexedFaceSet {
        ccw TRUE
        solid FALSE
        coord DEF co Coordinate {
            point [
                0.7539 0.7039 0.3097, 0.6634 0.7039 0.3097, 0.7539 0.7039 0.5709, 0.6634 0.7039 0.5709
            ]
        }
        coordIndex [
            0,1,2,-1,2,1,3,-1,
        ]
    }
}
Shape{
    appearance Appearance {
        material  Material 	{
            diffuseColor 0.2235294117647059 0.2235294117647059 0.2235294117647059
            specularColor 0.11372549019607843 0.11372549019607843 0.11372549019607843
            ambientIntensity 0.2235
            transparency 0.0
            shininess 0.5
        }
    }
    geometry IndexedFaceSet {
        ccw TRUE
        solid FALSE
        coord DEF co Coordinate {
            point [
                -0.1035 -1.1051 0.6811, -0.1181 -1.0905 0.6811, -0.2126 -1.1228 0.6811, -0.1024 -1.1228 0.6811, -0.1024 -1.1079 0.6811, -0.1181 -0.3394 0.6811, -0.1969 -0.3394 0.6811, -0.1969 -1.0905 0.6811, -0.1025 -1.1069 0.6811, -0.1029 -1.1059 0.6811, -0.2114 -1.1051 0.6811, -0.2119 -1.1057 0.6811, -0.2123 -1.1064 0.6811, -0.2125 -1.1071 0.6811, -0.2126 -1.1079 0.6811
            ]
        }
        coordIndex [
            0,1,2,-1,2,3,4,-1,5,6,1,-1,1,6,7,-1,4,8,2,-1,2,8,9,-1,2,9,0,-1,7,10,1,-1,1,10,11,-1,1,11,12,-1,12,13,1,-1,1,13,14,-1,1,14,2,-1,
        ]
    }
}
Shape{
    appearance Appearance {
        material  Material 	{
            diffuseColor 0.6666666666666666 0.6980392156862745 0.7686274509803922
            specularColor 0.3333333333333333 0.34901960784313724 0.3843137254901961
            ambientIntensity 0.6967
            transparency 0.0
            shininess 0.5
        }
    }
    geometry IndexedFaceSet {
        ccw TRUE
        solid FALSE
        coord DEF co Coordinate {
            point [
                0.284 -1.1999 1.1417, 0.284 -1.6094 1.1417, 0.284 -1.1999 1.0236, 0.284 -1.6094 1.0236, -1.1614 -1.8354 0.4448, -1.2205 -1.8945 0.4448, -1.1595 -1.8354 0.43, -1.2167 -1.8945 0.4153, -1.154 -1.8354 0.4162, -1.2057 -1.8945 0.3876, -1.1452 -1.8354 0.4042, -1.1881 -1.8945 0.3635
            ]
        }
        coordIndex [
            0,1,2,-1,2,1,3,-1,4,5,6,-1,6,5,7,-1,6,7,8,-1,8,7,9,-1,8,9,10,-1,10,9,11,-1,
        ]
    }
}
Shape{
    appearance Appearance {
        material  Material 	{
            diffuseColor 0.9686274509803922 0.8784313725490196 0.6
            specularColor 0.6784313725490196 0.615686274509804 0.4196078431372549
            ambientIntensity 0.8737
            transparency 0.0
            shininess 0.5
        }
    }
    geometry IndexedFaceSet {
        ccw TRUE
        solid FALSE
        coord DEF co Coordinate {
            point [
                0.0453 0.3693 0.2375, 0.0453 0.4283 0.2375, 0.0453 0.3693 0.3937, 0.0453 0.4283 0.3937, 0.0453 0.3673 0.409, 0.0453 0.4243 0.4243, 0.0453 0.3614 0.4232, 0.0453 0.4125 0.4528, 0.0453 0.352 0.4355, 0.0453 0.3938 0.4772, 0.0453 0.3398 0.4448, 0.0453 0.3693 0.496, 0.0453 0.3255 0.4507, 0.0453 0.3408 0.5078, 0.0453 0.3102 0.4528, 0.0453 0.3102 0.5118, 0.0453 0.271 0.4528, 0.0453 0.271 0.5118, -0.2106 0.9417 0.0, -0.2106 1.0542 0.0, -0.2008 1.0542 0.0098, -0.2008 0.8946 0.0098, -0.2041 0.9033 0.0064, -0.2085 0.92 0.0021, -0.2008 0.8945 0.0098, -0.209 0.922 0.0017, 0.5906 -1.0905 0.4528, 0.5906 -1.0905 0.4606, 0.5906 -0.3315 0.4528, 0.5906 -0.3394 0.4606
            ]
        }
        coordIndex [
            0,1,2,-1,2,1,3,-1,2,3,4,-1,4,3,5,-1,4,5,6,-1,6,5,7,-1,6,7,8,-1,8,7,9,-1,8,9,10,-1,10,9,11,-1,10,11,12,-1,12,11,13,-1,12,13,14,-1,14,13,15,-1,14,15,16,-1,16,15,17,-1,18,19,20,-1,21,22,23,-1,20,24,21,-1,21,23,20,-1,20,23,25,-1,20,25,18,-1,26,27,28,-1,28,27,29,-1,
        ]
    }
}
Shape{
    appearance Appearance {
        material  Material 	{
            diffuseColor 0.6666666666666666 0.6980392156862745 0.7686274509803922
            specularColor 0.3333333333333333 0.34901960784313724 0.3843137254901961
            ambientIntensity 0.6967
            transparency 0.0
            shininess 0.5
        }
    }
    geometry IndexedFaceSet {
        ccw TRUE
        solid FALSE
        coord DEF co Coordinate {
            point [
                -1.2795 0.0642 0.5137, -1.1614 0.0642 0.5137, -1.2795 0.051 0.5122, -1.1614 0.051 0.5122, -1.2795 0.0386 0.5079, -1.1614 0.0386 0.5079, -1.2795 0.0274 0.5008, -1.1614 0.0274 0.5008, -1.2795 0.018 0.4915, -1.1614 0.018 0.4915, -1.2795 0.011 0.4803, -1.1614 0.011 0.4803, -1.2795 0.0066 0.4678, -1.1614 0.0066 0.4678, -1.2795 0.0051 0.4546, -1.1614 0.0051 0.4546
            ]
        }
        coordIndex [
            0,1,2,-1,2,1,3,-1,2,3,4,-1,4,3,5,-1,4,5,6,-1,6,5,7,-1,6,7,8,-1,8,7,9,-1,8,9,10,-1,10,9,11,-1,10,11,12,-1,12,11,13,-1,12,13,14,-1,14,13,15,-1,
        ]
    }
}
Shape{
    appearance Appearance {
        material  Material 	{
            diffuseColor 0.9686274509803922 0.8784313725490196 0.6
            specularColor 0.6784313725490196 0.615686274509804 0.4196078431372549
            ambientIntensity 0.8737
            transparency 0.0
            shininess 0.5
        }
    }
    geometry IndexedFaceSet {
        ccw TRUE
        solid FALSE
        coord DEF co Coordinate {
            point [
                0.5256 1.0542 0.0, 0.5256 0.9417 0.0, 0.5157 1.0542 0.0098, 0.5249 0.9321 0.0004, 0.5231 0.92 0.0024, 0.522 0.9128 0.0036, 0.5158 0.8946 0.0098, 0.5157 0.8945 0.0098, 0.6732 0.8985 0.0778, 0.7441 0.8985 0.0778, 0.6732 0.9076 0.0699, 0.7441 0.9076 0.0699, 0.6732 0.9181 0.064, 0.7441 0.9181 0.064, 0.6732 0.9296 0.0603, 0.7441 0.9296 0.0603, 0.6732 0.9417 0.0591, 0.7441 0.9417 0.0591, -0.0531 0.9417 0.0, -0.0531 1.0542 0.0, -0.0433 1.0542 0.0098, -0.0433 0.8946 0.0098, -0.0466 0.9033 0.0064, -0.051 0.92 0.0021, -0.0433 0.8945 0.0098, -0.0515 0.922 0.0017, -0.2618 1.0542 0.0, -0.2717 1.0542 0.0098, -0.2106 1.0542 0.0, -0.2717 1.0542 0.0591, -0.2008 1.0542 0.0098, -0.2008 1.0542 0.0591, -0.5866 1.0542 0.0591, -0.5866 0.9417 0.0591, -0.5157 1.0542 0.0591, -0.5157 0.9417 0.0591, -0.6693 -1.0905 0.6811, -0.6693 -0.3394 0.6811, -0.6693 -1.0905 0.689, -0.6693 -0.3315 0.689, -0.6634 0.7039 0.5709, -0.7539 0.7039 0.5709, -0.7539 0.6999 0.6014, -0.6634 0.6999 0.6014, -0.7539 0.6881 0.6299, -0.6634 0.6881 0.6299, -0.7539 0.6693 0.6544, -0.6634 0.6693 0.6544, -0.7539 0.6449 0.6732, -0.6634 0.6449 0.6732, -0.7539 0.6164 0.685, -0.6634 0.6164 0.685, -0.7539 0.5858 0.689, -0.6634 0.5858 0.689, 0.3543 -0.3315 0.689, 0.3543 -0.3394 0.6811, 0.3543 -1.0905 0.689, 0.3543 -1.0905 0.6811
            ]
        }
        coordIndex [
            0,1,2,-1,2,1,3,-1,2,3,4,-1,4,5,2,-1,2,5,6,-1,2,6,7,-1,8,9,10,-1,10,9,11,-1,10,11,12,-1,12,11,13,-1,12,13,14,-1,14,13,15,-1,14,15,16,-1,16,15,17,-1,18,19,20,-1,21,22,23,-1,20,24,21,-1,21,23,20,-1,20,23,25,-1,20,25,18,-1,26,27,28,-1,28,27,29,-1,28,29,30,-1,30,29,31,-1,32,33,34,-1,34,33,35,-1,36,37,38,-1,38,37,39,-1,40,41,42,-1,40,42,43,-1,43,42,44,-1,43,44,45,-1,45,44,46,-1,45,46,47,-1,47,46,48,-1,47,48,49,-1,49,48,50,-1,49,50,51,-1,51,50,52,-1,51,52,53,-1,54,55,56,-1,56,55,57,-1,
        ]
    }
}
Shape{
    appearance Appearance {
        material  Material 	{
            diffuseColor 0.6666666666666666 0.6980392156862745 0.7686274509803922
            specularColor 0.3333333333333333 0.34901960784313724 0.3843137254901961
            ambientIntensity 0.6967
            transparency 0.0
            shininess 0.5
        }
    }
    geometry IndexedFaceSet {
        ccw TRUE
        solid FALSE
        coord DEF co Coordinate {
            point [
                0.7449 1.0583 1.0827, 1.1024 1.0583 1.0827, 0.7449 0.9992 1.0236, 1.1024 0.9992 1.0236
            ]
        }
        coordIndex [
            0,1,2,-1,2,1,3,-1,
        ]
    }
}
Shape{
    appearance Appearance {
        material  Material 	{
            diffuseColor 0.9686274509803922 0.8784313725490196 0.6
            specularColor 0.6784313725490196 0.615686274509804 0.4196078431372549
            ambientIntensity 0.8737
            transparency 0.0
            shininess 0.5
        }
    }
    geometry IndexedFaceSet {
        ccw TRUE
        solid FALSE
        coord DEF co Coordinate {
            point [
                0.7334 -1.1051 0.6811, 0.7334 -1.1051 0.689, 0.7329 -1.1057 0.6811, 0.7329 -1.1057 0.689, 0.7326 -1.1064 0.6811, 0.7326 -1.1064 0.689, 0.7324 -1.1071 0.6811, 0.7324 -1.1071 0.689, 0.7323 -1.1079 0.6811, 0.7323 -1.1079 0.689, 0.3484 0.7198 0.2695, 0.439 0.7198 0.2695, 0.3484 0.8244 0.1573, 0.439 0.8244 0.1573, 0.3583 0.836 0.1448, 0.4291 0.836 0.1448, 0.3583 0.8985 0.0778, 0.4291 0.8985 0.0778
            ]
        }
        coordIndex [
            0,1,2,-1,2,1,3,-1,2,3,4,-1,4,3,5,-1,4,5,6,-1,6,5,7,-1,6,7,8,-1,8,7,9,-1,10,11,12,-1,12,11,13,-1,12,13,14,-1,14,13,15,-1,14,15,16,-1,16,15,17,-1,
        ]
    }
}
Shape{
    appearance Appearance {
        material  Material 	{
            diffuseColor 0.6666666666666666 0.6980392156862745 0.7686274509803922
            specularColor 0.3333333333333333 0.34901960784313724 0.3843137254901961
            ambientIntensity 0.6967
            transparency 0.0
            shininess 0.5
        }
    }
    geometry IndexedFaceSet {
        ccw TRUE
        solid FALSE
        coord DEF co Coordinate {
            point [
                -0.063 0.0051 0.0591, -0.063 0.0051 0.0, -0.8141 0.0051 0.0591, -0.8486 0.0051 0.0, -0.8843 0.0051 0.0036, -0.8486 0.0051 0.1181, -0.8141 0.0051 0.1181, -1.2795 0.0051 0.4546, -1.1614 0.0051 0.4546, -1.2795 0.0051 0.4448, -1.1614 0.0051 0.4448, -1.2739 0.0051 0.4005, -1.1595 0.0051 0.43, -1.2573 0.0051 0.359, -1.154 0.0051 0.4162, -1.2309 0.0051 0.3229, -1.1452 0.0051 0.4042, -0.9772 0.0051 0.0553, -0.8915 0.0051 0.1365, -0.95 0.0051 0.0319, -0.8824 0.0051 0.1287, -0.9186 0.0051 0.0144, -0.872 0.0051 0.1229, -0.8605 0.0051 0.1193
            ]
        }
        coordIndex [
            0,1,2,-1,2,1,3,-1,3,4,2,-1,2,4,5,-1,2,5,6,-1,7,8,9,-1,9,8,10,-1,9,10,11,-1,11,10,12,-1,11,12,13,-1,13,12,14,-1,13,14,15,-1,15,14,16,-1,15,16,17,-1,17,16,18,-1,17,18,19,-1,19,18,20,-1,19,20,21,-1,21,20,22,-1,21,22,4,-1,4,22,23,-1,4,23,5,-1,
        ]
    }
}
Shape{
    appearance Appearance {
        material  Material 	{
            diffuseColor 0.2235294117647059 0.2235294117647059 0.2235294117647059
            specularColor 0.11372549019607843 0.11372549019607843 0.11372549019607843
            ambientIntensity 0.2235
            transparency 0.0
            shininess 0.5
        }
    }
    geometry IndexedFaceSet {
        ccw TRUE
        solid FALSE
        coord DEF co Coordinate {
            point [
                -0.4204 0.015 0.1339, 0.4204 0.015 0.1339, -0.4204 -0.2331 0.1339, 0.4204 -0.2331 0.1339
            ]
        }
        coordIndex [
            0,1,2,-1,2,1,3,-1,
        ]
    }
}
Shape{
    appearance Appearance {
        material  Material 	{
            diffuseColor 0.9686274509803922 0.8784313725490196 0.6
            specularColor 0.6784313725490196 0.615686274509804 0.4196078431372549
            ambientIntensity 0.8737
            transparency 0.0
            shininess 0.5
        }
    }
    geometry IndexedFaceSet {
        ccw TRUE
        solid FALSE
        coord DEF co Coordinate {
            point [
                0.2028 0.3693 0.2375, 0.2028 0.4283 0.2375, 0.2028 0.3693 0.3937, 0.2028 0.4283 0.3937, 0.2028 0.3673 0.409, 0.2028 0.4243 0.4243, 0.2028 0.3614 0.4232, 0.2028 0.4125 0.4528, 0.2028 0.352 0.4355, 0.2028 0.3938 0.4772, 0.2028 0.3398 0.4448, 0.2028 0.3693 0.496, 0.2028 0.3255 0.4507, 0.2028 0.3408 0.5078, 0.2028 0.3102 0.4528, 0.2028 0.3102 0.5118, 0.2028 0.271 0.4528, 0.2028 0.271 0.5118
            ]
        }
        coordIndex [
            0,1,2,-1,2,1,3,-1,2,3,4,-1,4,3,5,-1,4,5,6,-1,6,5,7,-1,6,7,8,-1,8,7,9,-1,8,9,10,-1,10,9,11,-1,10,11,12,-1,12,11,13,-1,12,13,14,-1,14,13,15,-1,14,15,16,-1,16,15,17,-1,
        ]
    }
}
Shape{
    appearance Appearance {
        material  Material 	{
            diffuseColor 0.6666666666666666 0.6980392156862745 0.7686274509803922
            specularColor 0.3333333333333333 0.34901960784313724 0.3843137254901961
            ambientIntensity 0.6967
            transparency 0.0
            shininess 0.5
        }
    }
    geometry IndexedFaceSet {
        ccw TRUE
        solid FALSE
        coord DEF co Coordinate {
            point [
                0.7593 -1.4046 1.1081, 0.7593 -1.4713 1.0107, 0.7593 -1.3229 1.0522, 0.7593 -1.3896 0.9548, 0.7593 -1.317 1.0491, 0.7593 -1.3552 0.9373, 0.7593 -1.3107 1.0474, 0.7593 -1.3175 0.9294, 0.7593 -1.3041 1.0471, 0.7593 -1.279 0.9315, 0.7593 -1.1245 1.0236, 0.7593 -1.1245 1.1417, 0.7593 -1.148 1.0236, 0.7593 -1.148 1.1417, 0.7593 -1.155 1.0228, 0.7593 -1.1834 1.1374, 0.7593 -1.1617 1.0202, 0.7593 -1.2168 1.1247, 0.7593 -1.1676 1.0161, 0.7593 -1.2462 1.1043, 0.7593 -1.1723 1.0108, 0.7593 -1.2698 1.0775, 0.7593 -1.1844 0.9932, 0.7593 -1.2818 1.0599, 0.7593 -1.2101 0.9645, 0.7593 -1.2862 1.0549, 0.7593 -1.2424 0.9434, 0.7593 -1.2915 1.051, 0.7593 -1.2976 1.0483, -1.2598 -1.0888 0.0, -1.2598 -1.0888 0.1181, -1.2584 -1.0768 0.1181, -1.2584 -1.0768 0.0, -1.254 -1.0655 0.1181, -1.254 -1.0655 0.0, -1.247 -1.0557 0.1181, -1.247 -1.0557 0.0, -1.2378 -1.0478 0.1181, -1.2378 -1.0478 0.0, -1.227 -1.0424 0.1181, -1.227 -1.0424 0.0
            ]
        }
        coordIndex [
            0,1,2,-1,2,1,3,-1,2,3,4,-1,4,3,5,-1,4,5,6,-1,6,5,7,-1,6,7,8,-1,8,7,9,-1,10,11,12,-1,12,11,13,-1,12,13,14,-1,14,13,15,-1,14,15,16,-1,16,15,17,-1,16,17,18,-1,18,17,19,-1,18,19,20,-1,20,19,21,-1,20,21,22,-1,22,21,23,-1,22,23,24,-1,24,23,25,-1,24,25,26,-1,26,25,27,-1,26,27,9,-1,9,27,28,-1,9,28,8,-1,29,30,31,-1,29,31,32,-1,32,31,33,-1,32,33,34,-1,34,33,35,-1,34,35,36,-1,36,35,37,-1,36,37,38,-1,38,37,39,-1,38,39,40,-1,
        ]
    }
}
Shape{
    appearance Appearance {
        material  Material 	{
            diffuseColor 0.2235294117647059 0.2235294117647059 0.2235294117647059
            specularColor 0.11372549019607843 0.11372549019607843 0.11372549019607843
            ambientIntensity 0.2235
            transparency 0.0
            shininess 0.5
        }
    }
    geometry IndexedFaceSet {
        ccw TRUE
        solid FALSE
        coord DEF co Coordinate {
            point [
                1.1614 0.9992 0.7347, 1.1752 1.013 0.7347, 1.1752 1.0583 0.7347, 1.1102 1.0583 0.7347, 1.1102 0.2709 0.7347, 1.1417 0.2709 0.7347, 1.1417 -0.2213 0.7347, 1.1516 0.015 0.7347, 1.1516 -0.2114 0.7347, 1.1614 0.015 0.7347, -0.8508 1.0583 0.4528, -0.8508 1.0583 0.7949, -0.8394 0.7335 0.4528, -0.8326 0.538 0.2933, -0.8394 0.7335 0.1752, -0.8326 0.538 0.1752, -0.8233 0.271 0.2933, -0.8233 0.271 0.5709, -0.8233 0.271 0.7419, -0.8233 0.271 0.7949
            ]
        }
        coordIndex [
            0,1,2,-1,3,4,5,-1,5,6,7,-1,7,6,8,-1,7,9,5,-1,5,9,0,-1,5,0,3,-1,3,0,2,-1,10,11,12,-1,12,11,13,-1,12,13,14,-1,14,13,15,-1,16,13,17,-1,17,13,11,-1,17,11,18,-1,18,11,19,-1,
        ]
    }
}
Shape{
    appearance Appearance {
        material  Material 	{
            diffuseColor 0.9686274509803922 0.8784313725490196 0.6
            specularColor 0.6784313725490196 0.615686274509804 0.4196078431372549
            ambientIntensity 0.8737
            transparency 0.0
            shininess 0.5
        }
    }
    geometry IndexedFaceSet {
        ccw TRUE
        solid FALSE
        coord DEF co Coordinate {
            point [
                -0.0394 -1.0905 0.689, -0.0394 -1.0905 0.6811, -0.0394 -0.3315 0.689, -0.0394 -0.3394 0.6811, 0.5965 0.7812 0.117, 0.5866 0.7928 0.1046, 0.5965 0.8244 0.1573, 0.5866 0.836 0.1448, 0.5118 -0.3315 0.4528, 0.5118 -0.3394 0.4606, 0.5118 -1.0905 0.4528, 0.5118 -1.0905 0.4606
            ]
        }
        coordIndex [
            0,1,2,-1,2,1,3,-1,4,5,6,-1,6,5,7,-1,8,9,10,-1,10,9,11,-1,
        ]
    }
}
Shape{
    appearance Appearance {
        material  Material 	{
            diffuseColor 0.6666666666666666 0.6980392156862745 0.7686274509803922
            specularColor 0.3333333333333333 0.34901960784313724 0.3843137254901961
            ambientIntensity 0.6967
            transparency 0.0
            shininess 0.5
        }
    }
    geometry IndexedFaceSet {
        ccw TRUE
        solid FALSE
        coord DEF co Coordinate {
            point [
                0.063 0.0051 0.0, 0.063 0.0051 0.0591, 0.8486 0.0051 0.0, 0.8141 0.0051 0.0591, 0.8843 0.0051 0.0036, 0.8141 0.0051 0.1181, 1.1614 0.0051 0.4546, 1.2795 0.0051 0.4546, 1.1614 0.0051 0.4448, 1.2795 0.0051 0.4448, 1.1595 0.0051 0.43, 1.2739 0.0051 0.4005, 1.154 0.0051 0.4162, 1.2573 0.0051 0.359, 1.1452 0.0051 0.4042, 1.2309 0.0051 0.3229, 0.8915 0.0051 0.1365, 0.9772 0.0051 0.0553, 0.8824 0.0051 0.1287, 0.95 0.0051 0.0319, 0.872 0.0051 0.1229, 0.9186 0.0051 0.0144, 0.8605 0.0051 0.1193, 0.8486 0.0051 0.1181, 1.2106 -0.7134 0.0, 0.6417 -0.7134 0.0, 1.2106 -0.7134 0.1181, 0.6417 -0.7134 0.1181
            ]
        }
        coordIndex [
            0,1,2,-1,2,1,3,-1,2,3,4,-1,4,3,5,-1,6,7,8,-1,8,7,9,-1,8,9,10,-1,10,9,11,-1,10,11,12,-1,12,11,13,-1,12,13,14,-1,14,13,15,-1,14,15,16,-1,16,15,17,-1,16,17,18,-1,18,17,19,-1,18,19,20,-1,20,19,21,-1,20,21,22,-1,22,21,4,-1,22,4,23,-1,23,4,5,-1,24,25,26,-1,26,25,27,-1,
        ]
    }
}
Shape{
    appearance Appearance {
        material  Material 	{
            diffuseColor 0.2235294117647059 0.2235294117647059 0.2235294117647059
            specularColor 0.11372549019607843 0.11372549019607843 0.11372549019607843
            ambientIntensity 0.2235
            transparency 0.0
            shininess 0.5
        }
    }
    geometry IndexedFaceSet {
        ccw TRUE
        solid FALSE
        coord DEF co Coordinate {
            point [
                -0.7354 0.015 0.1752, -0.7354 0.015 0.122, -0.8858 0.015 0.1752, -0.8327 0.015 0.122
            ]
        }
        coordIndex [
            0,1,2,-1,2,1,3,-1,
        ]
    }
}
Shape{
    appearance Appearance {
        material  Material 	{
            diffuseColor 0.6666666666666666 0.6980392156862745 0.7686274509803922
            specularColor 0.3333333333333333 0.34901960784313724 0.3843137254901961
            ambientIntensity 0.6967
            transparency 0.0
            shininess 0.5
        }
    }
    geometry IndexedFaceSet {
        ccw TRUE
        solid FALSE
        coord DEF co Coordinate {
            point [
                -0.945 0.9992 0.1717, -0.8772 0.9992 0.2685, -0.945 0.8024 0.1717, -0.8772 0.8024 0.2685
            ]
        }
        coordIndex [
            0,1,2,-1,2,1,3,-1,
        ]
    }
}
Shape{
    appearance Appearance {
        material  Material 	{
            diffuseColor 0.9686274509803922 0.8784313725490196 0.6
            specularColor 0.6784313725490196 0.615686274509804 0.4196078431372549
            ambientIntensity 0.8737
            transparency 0.0
            shininess 0.5
        }
    }
    geometry IndexedFaceSet {
        ccw TRUE
        solid FALSE
        coord DEF co Coordinate {
            point [
                -0.4331 -1.0905 0.689, -0.4331 -0.3315 0.689, -0.4331 -1.0905 0.6811, -0.4331 -0.3394 0.6811, 0.0248 -1.1051 0.4528, 0.0248 -1.1051 0.4606, 0.0243 -1.1057 0.4528, 0.0243 -1.1057 0.4606, 0.0239 -1.1064 0.4528, 0.0239 -1.1064 0.4606, 0.0237 -1.1071 0.4528, 0.0237 -1.1071 0.4606, 0.0236 -1.1079 0.4528, 0.0236 -1.1079 0.4606, -0.2756 -1.0905 0.689, -0.2756 -1.0905 0.6811, -0.261 -1.1051 0.689, -0.261 -1.1051 0.6811
            ]
        }
        coordIndex [
            0,1,2,-1,2,1,3,-1,4,5,6,-1,6,5,7,-1,6,7,8,-1,8,7,9,-1,8,9,10,-1,10,9,11,-1,10,11,12,-1,12,11,13,-1,14,15,16,-1,16,15,17,-1,
        ]
    }
}
Shape{
    appearance Appearance {
        material  Material 	{
            diffuseColor 0.6666666666666666 0.6980392156862745 0.7686274509803922
            specularColor 0.3333333333333333 0.34901960784313724 0.3843137254901961
            ambientIntensity 0.6967
            transparency 0.0
            shininess 0.5
        }
    }
    geometry IndexedFaceSet {
        ccw TRUE
        solid FALSE
        coord DEF co Coordinate {
            point [
                0.5827 -1.2646 0.0, 0.5827 -1.2449 0.0, 0.5827 -1.2646 0.1181, 0.5827 -1.2449 0.1181
            ]
        }
        coordIndex [
            0,1,2,-1,2,1,3,-1,
        ]
    }
}
Shape{
    appearance Appearance {
        material  Material 	{
            diffuseColor 0.9686274509803922 0.8784313725490196 0.6
            specularColor 0.6784313725490196 0.615686274509804 0.4196078431372549
            ambientIntensity 0.8737
            transparency 0.0
            shininess 0.5
        }
    }
    geometry IndexedFaceSet {
        ccw TRUE
        solid FALSE
        coord DEF co Coordinate {
            point [
                0.3543 -1.0905 0.689, 0.3543 -1.0905 0.6811, 0.3689 -1.1051 0.689, 0.3689 -1.1051 0.6811, -0.5079 0.6055 0.0591, -0.5079 0.4874 0.0591, -0.437 0.6055 0.0591, -0.437 0.4874 0.0591
            ]
        }
        coordIndex [
            0,1,2,-1,2,1,3,-1,4,5,6,-1,6,5,7,-1,
        ]
    }
}
Shape{
    appearance Appearance {
        material  Material 	{
            diffuseColor 0.2235294117647059 0.2235294117647059 0.2235294117647059
            specularColor 0.11372549019607843 0.11372549019607843 0.11372549019607843
            ambientIntensity 0.2235
            transparency 0.0
            shininess 0.5
        }
    }
    geometry IndexedFaceSet {
        ccw TRUE
        solid FALSE
        coord DEF co Coordinate {
            point [
                -1.1516 -0.2114 0.7347, -1.1417 -0.2213 0.7347, -1.1516 0.015 0.7347, -1.1417 0.2709 0.7347, -1.1614 0.015 0.7347, -1.1614 0.9992 0.7347, -1.1102 0.2709 0.7347, -1.1102 1.0583 0.7347, -1.1752 1.013 0.7347, -1.1752 1.0583 0.7347
            ]
        }
        coordIndex [
            0,1,2,-1,2,1,3,-1,2,3,4,-1,4,3,5,-1,3,6,5,-1,5,6,7,-1,5,7,8,-1,8,7,9,-1,
        ]
    }
}
Shape{
    appearance Appearance {
        material  Material 	{
            diffuseColor 0.9686274509803922 0.8784313725490196 0.6
            specularColor 0.6784313725490196 0.615686274509804 0.4196078431372549
            ambientIntensity 0.8737
            transparency 0.0
            shininess 0.5
        }
    }
    geometry IndexedFaceSet {
        ccw TRUE
        solid FALSE
        coord DEF co Coordinate {
            point [
                -0.3681 0.9417 0.0, -0.3681 1.0542 0.0, -0.3583 1.0542 0.0098, -0.3583 0.8946 0.0098, -0.3616 0.9033 0.0064, -0.3659 0.92 0.0021, -0.3583 0.8945 0.0098, -0.3664 0.922 0.0017, 0.2008 0.8985 0.0778, 0.2717 0.8985 0.0778, 0.2008 0.9076 0.0699, 0.2717 0.9076 0.0699, 0.2008 0.9181 0.064, 0.2717 0.9181 0.064, 0.2008 0.9296 0.0603, 0.2717 0.9296 0.0603, 0.2008 0.9417 0.0591, 0.2717 0.9417 0.0591, 0.2908 -1.1059 0.4528, 0.3543 -1.0905 0.4528, 0.2912 -1.1069 0.4528, 0.3397 -1.1051 0.4528, 0.3392 -1.1057 0.4528, 0.3386 -1.2107 0.4528, 0.2913 -1.2107 0.4528, 0.3386 -1.1079 0.4528, 0.2913 -1.1079 0.4528, 0.3387 -1.1071 0.4528, 0.3389 -1.1064 0.4528, 0.2756 -0.3315 0.4528, 0.3543 -0.3315 0.4528, 0.2756 -1.0905 0.4528, 0.2902 -1.1051 0.4528, -0.1909 0.7039 0.3097, -0.2815 0.7039 0.3097, -0.1909 0.7039 0.5709, -0.2815 0.7039 0.5709, 0.5276 -1.1079 0.6811, 0.5276 -1.1079 0.689, 0.5274 -1.1069 0.6811, 0.5274 -1.1069 0.689, 0.527 -1.1059 0.6811, 0.527 -1.1059 0.689, 0.5264 -1.1051 0.6811, 0.5264 -1.1051 0.689
            ]
        }
        coordIndex [
            0,1,2,-1,3,4,5,-1,2,6,3,-1,3,5,2,-1,2,5,7,-1,2,7,0,-1,8,9,10,-1,10,9,11,-1,10,11,12,-1,12,11,13,-1,12,13,14,-1,14,13,15,-1,14,15,16,-1,16,15,17,-1,18,19,20,-1,20,19,21,-1,20,21,22,-1,23,24,25,-1,25,24,26,-1,25,26,27,-1,27,26,20,-1,27,20,28,-1,28,20,22,-1,29,30,31,-1,31,30,19,-1,31,19,32,-1,32,19,18,-1,33,34,35,-1,35,34,36,-1,37,38,39,-1,39,38,40,-1,39,40,41,-1,41,40,42,-1,41,42,43,-1,43,42,44,-1,
        ]
    }
}
Shape{
    appearance Appearance {
        material  Material 	{
            diffuseColor 0.2235294117647059 0.2235294117647059 0.2235294117647059
            specularColor 0.11372549019607843 0.11372549019607843 0.11372549019607843
            ambientIntensity 0.2235
            transparency 0.0
            shininess 0.5
        }
    }
    geometry IndexedFaceSet {
        ccw TRUE
        solid FALSE
        coord DEF co Coordinate {
            point [
                -0.8465 -1.2606 0.685, -0.8465 -1.1228 0.685, -0.8465 -1.2606 0.576, -0.8465 -1.1228 0.6811, -0.8465 -0.3354 0.576, -0.8465 -0.3394 0.6811, -0.8465 -0.3354 0.685
            ]
        }
        coordIndex [
            0,1,2,-1,2,1,3,-1,2,3,4,-1,4,3,5,-1,4,5,6,-1,
        ]
    }
}
Shape{
    appearance Appearance {
        material  Material 	{
            diffuseColor 0.6666666666666666 0.6980392156862745 0.7686274509803922
            specularColor 0.3333333333333333 0.34901960784313724 0.3843137254901961
            ambientIntensity 0.6967
            transparency 0.0
            shininess 0.5
        }
    }
    geometry IndexedFaceSet {
        ccw TRUE
        solid FALSE
        coord DEF co Coordinate {
            point [
                1.2795 0.7433 0.5197, 1.2795 0.7433 0.5085, 1.2795 1.0583 0.5085, 1.2795 0.6114 0.5453, 1.2795 0.6184 0.5565, 1.2795 0.1409 0.4699, 1.2795 0.6277 0.5659, 1.2795 -1.3236 0.4448, 1.2795 -1.3236 0.4743, 1.2795 -1.8945 0.4448, 1.2795 -1.3216 0.4896, 1.2795 -1.8945 0.9646, 1.2795 -1.3157 0.5039, 1.2795 -1.3063 0.5161, 1.2795 -1.2941 0.5255, 1.2795 -1.2799 0.5314, 1.2795 0.1429 0.1969, 1.2795 0.6055 0.1969, 1.2795 0.1429 0.4546, 1.2795 0.6055 0.5197, 1.2795 0.607 0.5328, 1.2795 -0.6051 0.5255, 1.2795 -0.5929 0.5161, 1.2795 1.0583 0.9646, 1.2795 -0.5835 0.5039, 1.2795 -0.5776 0.4896, 1.2795 -0.5756 0.4448, 1.2795 0.0051 0.4448, 1.2795 -0.5756 0.4743, 1.2795 0.0051 0.4546, 1.2795 0.0991 0.5117, 1.2795 0.1134 0.5058, 1.2795 0.6843 0.5787, 1.2795 0.6995 0.5767, 1.2795 0.7138 0.5708, 1.2795 0.726 0.5614, 1.2795 0.7354 0.5492, 1.2795 0.7413 0.535, 1.2795 0.0071 0.4699, 1.2795 0.013 0.4842, 1.2795 0.0224 0.4964, 1.2795 0.0839 0.5137, 1.2795 -1.2646 0.5334, 1.2795 -0.6346 0.5334, 1.2795 -0.6194 0.5314, 1.2795 0.1256 0.4964, 1.2795 0.135 0.4842, 1.2795 0.0346 0.5058, 1.2795 0.0489 0.5117, 1.2795 0.0642 0.5137, 1.2795 0.6389 0.5729, 1.2795 0.6514 0.5773, 1.2795 0.6646 0.5787
            ]
        }
        coordIndex [
            0,1,2,-1,3,4,5,-1,5,4,6,-1,7,8,9,-1,9,8,10,-1,9,10,11,-1,11,10,12,-1,12,13,11,-1,11,13,14,-1,11,14,15,-1,16,17,18,-1,18,17,19,-1,18,19,5,-1,5,19,20,-1,5,20,3,-1,21,22,23,-1,23,22,24,-1,23,24,25,-1,26,27,28,-1,28,27,29,-1,28,29,25,-1,30,31,23,-1,32,33,23,-1,23,33,34,-1,34,35,23,-1,23,35,36,-1,23,36,2,-1,2,36,37,-1,2,37,0,-1,29,38,25,-1,25,38,39,-1,25,39,40,-1,30,23,41,-1,15,42,11,-1,11,42,43,-1,11,43,23,-1,23,43,44,-1,23,44,21,-1,31,45,23,-1,23,45,46,-1,23,46,5,-1,40,47,25,-1,25,47,48,-1,25,48,23,-1,23,48,49,-1,23,49,41,-1,6,50,5,-1,5,50,51,-1,5,51,23,-1,23,51,52,-1,23,52,32,-1,
        ]
    }
}
Shape{
    appearance Appearance {
        material  Material 	{
            diffuseColor 0.9686274509803922 0.8784313725490196 0.6
            specularColor 0.6784313725490196 0.615686274509804 0.4196078431372549
            ambientIntensity 0.8737
            transparency 0.0
            shininess 0.5
        }
    }
    geometry IndexedFaceSet {
        ccw TRUE
        solid FALSE
        coord DEF co Coordinate {
            point [
                0.6547 -1.1051 0.4528, 0.6547 -1.1051 0.4606, 0.6542 -1.1057 0.4528, 0.6542 -1.1057 0.4606, 0.6538 -1.1064 0.4528, 0.6538 -1.1064 0.4606, 0.6536 -1.1071 0.4528, 0.6536 -1.1071 0.4606, 0.6535 -1.1079 0.4528, 0.6535 -1.1079 0.4606, -0.7343 1.0542 0.0, -0.7343 0.9417 0.0, -0.7441 1.0542 0.0098, -0.7349 0.9321 0.0004, -0.7368 0.92 0.0024, -0.7379 0.9128 0.0036, -0.7441 0.8946 0.0098, -0.7441 0.8945 0.0098, -0.6654 0.4283 0.1181, -0.5945 0.4283 0.1181, -0.6654 0.4298 0.105, -0.5945 0.4298 0.105, -0.6654 0.4342 0.0925, -0.5945 0.4342 0.0925, -0.6654 0.4412 0.0813, -0.5945 0.4412 0.0813, -0.6654 0.4506 0.0719, -0.5945 0.4506 0.0719, -0.6654 0.4618 0.0649, -0.5945 0.4618 0.0649, -0.6654 0.4743 0.0605, -0.5945 0.4743 0.0605, -0.6654 0.4874 0.0591, -0.5945 0.4874 0.0591, -0.1339 -1.2278 0.4567, -0.1811 -1.2278 0.4567, -0.1811 -1.2195 0.4538, -0.1339 -1.2195 0.4538, -0.1811 -1.2107 0.4528, -0.1339 -1.2107 0.4528
            ]
        }
        coordIndex [
            0,1,2,-1,2,1,3,-1,2,3,4,-1,4,3,5,-1,4,5,6,-1,6,5,7,-1,6,7,8,-1,8,7,9,-1,10,11,12,-1,12,11,13,-1,12,13,14,-1,14,15,12,-1,12,15,16,-1,12,16,17,-1,18,19,20,-1,20,19,21,-1,20,21,22,-1,22,21,23,-1,22,23,24,-1,24,23,25,-1,24,25,26,-1,26,25,27,-1,26,27,28,-1,28,27,29,-1,28,29,30,-1,30,29,31,-1,30,31,32,-1,32,31,33,-1,34,35,36,-1,34,36,37,-1,37,36,38,-1,37,38,39,-1,
        ]
    }
}
Shape{
    appearance Appearance {
        material  Material 	{
            diffuseColor 0.6666666666666666 0.6980392156862745 0.7686274509803922
            specularColor 0.3333333333333333 0.34901960784313724 0.3843137254901961
            ambientIntensity 0.6967
            transparency 0.0
            shininess 0.5
        }
    }
    geometry IndexedFaceSet {
        ccw TRUE
        solid FALSE
        coord DEF co Coordinate {
            point [
                -0.4218 -1.4046 1.1081, -0.4218 -1.4713 1.0107, -0.4218 -1.3229 1.0522, -0.4218 -1.3896 0.9548, -0.4218 -1.317 1.0491, -0.4218 -1.3552 0.9373, -0.4218 -1.3107 1.0474, -0.4218 -1.3175 0.9294, -0.4218 -1.3041 1.0471, -0.4218 -1.279 0.9315, -0.4218 -1.1245 1.0236, -0.4218 -1.1245 1.1417, -0.4218 -1.148 1.0236, -0.4218 -1.148 1.1417, -0.4218 -1.155 1.0228, -0.4218 -1.1834 1.1374, -0.4218 -1.1617 1.0202, -0.4218 -1.2168 1.1247, -0.4218 -1.1676 1.0161, -0.4218 -1.2462 1.1043, -0.4218 -1.1723 1.0108, -0.4218 -1.2698 1.0775, -0.4218 -1.1844 0.9932, -0.4218 -1.2818 1.0599, -0.4218 -1.2101 0.9645, -0.4218 -1.2862 1.0549, -0.4218 -1.2424 0.9434, -0.4218 -1.2915 1.051, -0.4218 -1.2976 1.0483
            ]
        }
        coordIndex [
            0,1,2,-1,2,1,3,-1,2,3,4,-1,4,3,5,-1,4,5,6,-1,6,5,7,-1,6,7,8,-1,8,7,9,-1,10,11,12,-1,12,11,13,-1,12,13,14,-1,14,13,15,-1,14,15,16,-1,16,15,17,-1,16,17,18,-1,18,17,19,-1,18,19,20,-1,20,19,21,-1,20,21,22,-1,22,21,23,-1,22,23,24,-1,24,23,25,-1,24,25,26,-1,26,25,27,-1,26,27,9,-1,9,27,28,-1,9,28,8,-1,
        ]
    }
}
Shape{
    appearance Appearance {
        material  Material 	{
            diffuseColor 0.9686274509803922 0.8784313725490196 0.6
            specularColor 0.6784313725490196 0.615686274509804 0.4196078431372549
            ambientIntensity 0.8737
            transparency 0.0
            shininess 0.5
        }
    }
    geometry IndexedFaceSet {
        ccw TRUE
        solid FALSE
        coord DEF co Coordinate {
            point [
                0.0335 0.6766 0.2292, 0.124 0.6766 0.2292, 0.124 0.6594 0.253, 0.0335 0.6594 0.253, 0.124 0.6486 0.2805, 0.0335 0.6486 0.2805, 0.124 0.6449 0.3097, 0.0335 0.6449 0.3097, 0.6752 0.271 0.5118, 0.6752 0.3102 0.5118, 0.6299 0.271 0.5118, 0.5846 0.3102 0.5118, 0.5846 0.271 0.5118, -0.5906 -0.3315 0.4528, -0.5906 -0.3394 0.4606, -0.5906 -1.0905 0.4528, -0.5906 -1.0905 0.4606, 0.5157 0.8985 0.0778, 0.5866 0.8985 0.0778, 0.5157 0.9076 0.0699, 0.5866 0.9076 0.0699, 0.5157 0.9181 0.064, 0.5866 0.9181 0.064, 0.5157 0.9296 0.0603, 0.5866 0.9296 0.0603, 0.5157 0.9417 0.0591, 0.5866 0.9417 0.0591, -0.6634 0.6449 0.3097, -0.6634 0.6449 0.5709, -0.7539 0.6449 0.3097, -0.7539 0.6449 0.5709
            ]
        }
        coordIndex [
            0,1,2,-1,0,2,3,-1,3,2,4,-1,3,4,5,-1,5,4,6,-1,5,6,7,-1,8,9,10,-1,10,9,11,-1,10,11,12,-1,13,14,15,-1,15,14,16,-1,17,18,19,-1,19,18,20,-1,19,20,21,-1,21,20,22,-1,21,22,23,-1,23,22,24,-1,23,24,25,-1,25,24,26,-1,27,28,29,-1,29,28,30,-1,
        ]
    }
}
Shape{
    appearance Appearance {
        material  Material 	{
            diffuseColor 0.2235294117647059 0.2235294117647059 0.2235294117647059
            specularColor 0.11372549019607843 0.11372549019607843 0.11372549019607843
            ambientIntensity 0.2235
            transparency 0.0
            shininess 0.5
        }
    }
    geometry IndexedFaceSet {
        ccw TRUE
        solid FALSE
        coord DEF co Coordinate {
            point [
                -0.2902 -1.1051 0.4606, -0.2756 -1.0905 0.4606, -0.1811 -1.1228 0.4606, -0.2907 -1.1057 0.4606, -0.2756 -0.3394 0.4606, -0.1969 -0.3394 0.4606, -0.2913 -1.1228 0.4606, -0.2913 -1.1079 0.4606, -0.1969 -1.0905 0.4606, -0.1823 -1.1051 0.4606, -0.1816 -1.1059 0.4606, -0.2913 -1.1071 0.4606, -0.291 -1.1064 0.4606, -0.1812 -1.1069 0.4606, -0.1811 -1.1079 0.4606, 0.0248 -1.1051 0.4606, 0.0394 -1.0905 0.4606, 0.1339 -1.1228 0.4606, 0.0243 -1.1057 0.4606, 0.0394 -0.3394 0.4606, 0.1181 -0.3394 0.4606, 0.0236 -1.1228 0.4606, 0.0236 -1.1079 0.4606, 0.1181 -1.0905 0.4606, 0.1327 -1.1051 0.4606, 0.1333 -1.1059 0.4606, 0.0237 -1.1071 0.4606, 0.0239 -1.1064 0.4606, 0.1337 -1.1069 0.4606, 0.1339 -1.1079 0.4606, -0.7021 -1.3236 0.5197, 0.7021 -1.3236 0.5197, -0.7835 -1.3236 0.6019, 0.7835 -1.3236 0.6019, -0.7835 -1.3236 0.622, 0.7835 -1.3236 0.622
            ]
        }
        coordIndex [
            0,1,2,-1,0,2,3,-1,1,4,5,-1,2,6,7,-1,5,8,1,-1,1,8,9,-1,1,9,10,-1,7,11,2,-1,2,11,12,-1,2,12,3,-1,10,13,1,-1,1,13,14,-1,1,14,2,-1,15,16,17,-1,15,17,18,-1,16,19,20,-1,17,21,22,-1,20,23,16,-1,16,23,24,-1,16,24,25,-1,22,26,17,-1,17,26,27,-1,17,27,18,-1,25,28,16,-1,16,28,29,-1,16,29,17,-1,30,31,32,-1,32,31,33,-1,32,33,34,-1,34,33,35,-1,
        ]
    }
}
Shape{
    appearance Appearance {
        material  Material 	{
            diffuseColor 0.9686274509803922 0.8784313725490196 0.6
            specularColor 0.6784313725490196 0.615686274509804 0.4196078431372549
            ambientIntensity 0.8737
            transparency 0.0
            shininess 0.5
        }
    }
    geometry IndexedFaceSet {
        ccw TRUE
        solid FALSE
        coord DEF co Coordinate {
            point [
                -0.5059 0.271 0.689, -0.5059 0.5858 0.689, -0.5512 0.271 0.689, -0.5965 0.5858 0.689, -0.5965 0.271 0.689
            ]
        }
        coordIndex [
            0,1,2,-1,2,1,3,-1,2,3,4,-1,
        ]
    }
}
Shape{
    appearance Appearance {
        material  Material 	{
            diffuseColor 0.2235294117647059 0.2235294117647059 0.2235294117647059
            specularColor 0.11372549019607843 0.11372549019607843 0.11372549019607843
            ambientIntensity 0.2235
            transparency 0.0
            shininess 0.5
        }
    }
    geometry IndexedFaceSet {
        ccw TRUE
        solid FALSE
        coord DEF co Coordinate {
            point [
                -0.8508 -0.2213 1.0079, -0.8508 -0.2134 1.0157, -0.8508 0.015 1.0157, -0.8508 0.015 1.0197, -0.8508 1.0583 1.0197, -0.8508 1.0583 1.0079
            ]
        }
        coordIndex [
            0,1,2,-1,3,4,2,-1,2,4,5,-1,2,5,0,-1,
        ]
    }
}
Shape{
    appearance Appearance {
        material  Material 	{
            diffuseColor 0.6666666666666666 0.6980392156862745 0.7686274509803922
            specularColor 0.3333333333333333 0.34901960784313724 0.3843137254901961
            ambientIntensity 0.6967
            transparency 0.0
            shininess 0.5
        }
    }
    geometry IndexedFaceSet {
        ccw TRUE
        solid FALSE
        coord DEF co Coordinate {
            point [
                0.2434 -1.2381 0.0197, 0.2434 -1.2381 0.1181, 0.103 -1.1841 0.0197, 0.103 -1.1841 0.1181, -0.5827 -0.6543 0.0, -0.5827 -0.6543 0.1181, -0.5827 -0.6346 0.0, -0.5827 -0.6346 0.1181
            ]
        }
        coordIndex [
            0,1,2,-1,2,1,3,-1,4,5,6,-1,6,5,7,-1,
        ]
    }
}
Shape{
    appearance Appearance {
        material  Material 	{
            diffuseColor 0.9686274509803922 0.8784313725490196 0.6
            specularColor 0.6784313725490196 0.615686274509804 0.4196078431372549
            ambientIntensity 0.8737
            transparency 0.0
            shininess 0.5
        }
    }
    geometry IndexedFaceSet {
        ccw TRUE
        solid FALSE
        coord DEF co Coordinate {
            point [
                -0.2114 -1.1051 0.6811, -0.2114 -1.1051 0.689, -0.2119 -1.1057 0.6811, -0.2119 -1.1057 0.689, -0.2123 -1.1064 0.6811, -0.2123 -1.1064 0.689, -0.2125 -1.1071 0.6811, -0.2125 -1.1071 0.689, -0.2126 -1.1079 0.6811, -0.2126 -1.1079 0.689, 0.2717 1.0542 0.0098, 0.2717 1.0542 0.0591, 0.2717 0.8945 0.0098, 0.2717 0.9417 0.0591, 0.2717 0.836 0.1448, 0.2717 0.7928 0.1046, 0.2717 0.8985 0.0778, 0.2717 0.8553 0.0376, 0.2717 0.9076 0.0699, 0.2717 0.8715 0.0231, 0.2717 0.9181 0.064, 0.2717 0.9296 0.0603, 0.8465 -1.1228 0.6811, 0.7323 -1.1228 0.6811, 0.8465 -1.1228 0.685, 0.7323 -1.1228 0.685, -0.5079 0.3693 0.2205, -0.5079 0.3693 0.1181, -0.437 0.3693 0.1181, -0.437 0.3693 0.2205, -0.4272 0.3693 0.2375, -0.5177 0.3693 0.2375, -0.4272 0.3693 0.3937, -0.5177 0.3693 0.3937, -0.0453 0.271 0.4528, -0.0453 0.271 0.5118, -0.0453 0.3102 0.4528, -0.0453 0.3102 0.5118, -0.0453 0.3255 0.4507, -0.0453 0.3408 0.5078, -0.0453 0.3398 0.4448, -0.0453 0.3693 0.496, -0.0453 0.352 0.4355, -0.0453 0.3938 0.4772, -0.0453 0.3614 0.4232, -0.0453 0.4125 0.4528, -0.0453 0.3673 0.409, -0.0453 0.4243 0.4243, -0.0453 0.3693 0.3937, -0.0453 0.4283 0.3937, -0.0453 0.3693 0.2375, -0.0453 0.4283 0.2375, 0.1339 -1.1079 0.4528, 0.1339 -1.1079 0.4606, 0.1337 -1.1069 0.4528, 0.1337 -1.1069 0.4606, 0.1333 -1.1059 0.4528, 0.1333 -1.1059 0.4606, 0.1327 -1.1051 0.4528, 0.1327 -1.1051 0.4606, 0.5059 0.8244 0.1573, 0.5059 0.7812 0.117, 0.5059 0.7198 0.2695, 0.5059 0.6766 0.2292, 0.5059 0.7112 0.2814, 0.5059 0.6594 0.253, 0.5059 0.7058 0.2951, 0.5059 0.6486 0.2805, 0.5059 0.7039 0.3097, 0.5059 0.6449 0.3097, 0.5059 0.7039 0.5709, 0.5059 0.6449 0.5709, 0.5059 0.6999 0.6014, 0.5059 0.6429 0.5862, 0.5059 0.6881 0.6299, 0.5059 0.637 0.6004, 0.5059 0.6693 0.6544, 0.5059 0.6276 0.6126, 0.5059 0.6449 0.6732, 0.5059 0.6154 0.622, 0.5059 0.6164 0.685, 0.5059 0.6011 0.6279, 0.5059 0.5858 0.689, 0.5059 0.5858 0.6299, 0.5059 0.271 0.689, 0.5059 0.271 0.6299
            ]
        }
        coordIndex [
            0,1,2,-1,2,1,3,-1,2,3,4,-1,4,3,5,-1,4,5,6,-1,6,5,7,-1,6,7,8,-1,8,7,9,-1,10,11,12,-1,12,11,13,-1,14,15,16,-1,16,15,17,-1,16,17,18,-1,18,17,19,-1,18,19,20,-1,20,19,12,-1,20,12,21,-1,21,12,13,-1,22,23,24,-1,24,23,25,-1,26,27,28,-1,28,29,26,-1,26,29,30,-1,26,30,31,-1,31,30,32,-1,31,32,33,-1,34,35,36,-1,36,35,37,-1,36,37,38,-1,38,37,39,-1,38,39,40,-1,40,39,41,-1,40,41,42,-1,42,41,43,-1,42,43,44,-1,44,43,45,-1,44,45,46,-1,46,45,47,-1,46,47,48,-1,48,47,49,-1,48,49,50,-1,50,49,51,-1,52,53,54,-1,54,53,55,-1,54,55,56,-1,56,55,57,-1,56,57,58,-1,58,57,59,-1,60,61,62,-1,62,61,63,-1,62,63,64,-1,64,63,65,-1,64,65,66,-1,66,65,67,-1,66,67,68,-1,68,67,69,-1,68,69,70,-1,70,69,71,-1,70,71,72,-1,72,71,73,-1,72,73,74,-1,74,73,75,-1,74,75,76,-1,76,75,77,-1,76,77,78,-1,78,77,79,-1,78,79,80,-1,80,79,81,-1,80,81,82,-1,82,81,83,-1,82,83,84,-1,84,83,85,-1,
        ]
    }
}
Shape{
    appearance Appearance {
        material  Material 	{
            diffuseColor 0.2235294117647059 0.2235294117647059 0.2235294117647059
            specularColor 0.11372549019607843 0.11372549019607843 0.11372549019607843
            ambientIntensity 0.2235
            transparency 0.0
            shininess 0.5
        }
    }
    geometry IndexedFaceSet {
        ccw TRUE
        solid FALSE
        coord DEF co Coordinate {
            point [
                0.8465 -1.1228 0.685, 0.8465 -1.2606 0.685, 0.8465 -1.1228 0.6811, 0.8465 -1.2606 0.576, 0.8465 -0.3394 0.6811, 0.8465 -0.3354 0.576, 0.8465 -0.3354 0.685, 0.2756 -0.2606 0.9685, 1.063 -0.2606 0.9685, 0.8508 -0.2213 1.0079, 1.063 -0.2213 1.0079, 0.4331 -0.2134 1.0157, 0.2756 -0.2134 1.0157, 0.4331 -0.2213 1.0079, 0.7376 -0.2213 1.0079, 0.7376 -0.2134 1.0157, 0.8508 -0.2134 1.0157
            ]
        }
        coordIndex [
            0,1,2,-1,2,1,3,-1,2,3,4,-1,4,3,5,-1,4,5,6,-1,7,8,9,-1,9,8,10,-1,11,12,13,-1,13,12,7,-1,13,7,14,-1,14,7,9,-1,14,9,15,-1,15,9,16,-1,
        ]
    }
}
Shape{
    appearance Appearance {
        material  Material 	{
            diffuseColor 0.6666666666666666 0.6980392156862745 0.7686274509803922
            specularColor 0.3333333333333333 0.34901960784313724 0.3843137254901961
            ambientIntensity 0.6967
            transparency 0.0
            shininess 0.5
        }
    }
    geometry IndexedFaceSet {
        ccw TRUE
        solid FALSE
        coord DEF co Coordinate {
            point [
                -0.8915 -1.8354 0.1365, -1.1452 -1.8354 0.4042, -0.9343 -1.8945 0.0959, -1.1881 -1.8945 0.3635, -1.1752 0.6511 0.5772, -1.1614 0.6511 0.5772, -1.1614 0.6389 0.5729, -1.2795 0.6646 0.5787, -1.1752 0.6646 0.5787, -1.2795 0.6514 0.5773, -1.1752 0.6514 0.5773, -1.2795 0.6389 0.5729, -1.2795 0.6277 0.5659, -1.1614 0.6277 0.5659, -1.2795 0.6184 0.5565, -1.1614 0.6184 0.5565, -1.2795 0.6114 0.5453, -1.1614 0.6114 0.5453, -1.2795 0.607 0.5328, -1.1614 0.607 0.5328, -1.2795 0.6055 0.5197, -1.1614 0.6055 0.5197, -0.8971 -1.1999 1.1417, -0.8971 -1.6094 1.1417, -0.8971 -1.1999 1.0236, -0.8971 -1.6094 1.0236
            ]
        }
        coordIndex [
            0,1,2,-1,2,1,3,-1,4,5,6,-1,7,8,9,-1,9,8,10,-1,9,10,11,-1,10,4,11,-1,11,4,6,-1,11,6,12,-1,12,6,13,-1,12,13,14,-1,14,13,15,-1,14,15,16,-1,16,15,17,-1,16,17,18,-1,18,17,19,-1,18,19,20,-1,20,19,21,-1,22,23,24,-1,24,23,25,-1,
        ]
    }
}
Shape{
    appearance Appearance {
        material  Material 	{
            diffuseColor 0.9686274509803922 0.8784313725490196 0.6
            specularColor 0.6784313725490196 0.615686274509804 0.4196078431372549
            ambientIntensity 0.8737
            transparency 0.0
            shininess 0.5
        }
    }
    geometry IndexedFaceSet {
        ccw TRUE
        solid FALSE
        coord DEF co Coordinate {
            point [
                0.4204 0.015 0.1339, 0.4204 0.015 0.122, 0.4204 -0.2331 0.1339, 0.4204 -0.2213 0.122, 0.5177 0.3693 0.3937, 0.4272 0.3693 0.3937, 0.5177 0.3693 0.2375, 0.4272 0.3693 0.2375, 0.5079 0.3693 0.2205, 0.437 0.3693 0.2205, 0.5079 0.3693 0.1181, 0.437 0.3693 0.1181
            ]
        }
        coordIndex [
            0,1,2,-1,2,1,3,-1,4,5,6,-1,6,5,7,-1,6,7,8,-1,8,7,9,-1,8,9,10,-1,10,9,11,-1,
        ]
    }
}
Shape{
    appearance Appearance {
        material  Material 	{
            diffuseColor 0.6666666666666666 0.6980392156862745 0.7686274509803922
            specularColor 0.3333333333333333 0.34901960784313724 0.3843137254901961
            ambientIntensity 0.6967
            transparency 0.0
            shininess 0.5
        }
    }
    geometry IndexedFaceSet {
        ccw TRUE
        solid FALSE
        coord DEF co Coordinate {
            point [
                0.1109 -1.1956 0.0197, 0.1109 -1.1956 0.1181, 0.2513 -1.2495 0.0197, 0.2513 -1.2495 0.1181
            ]
        }
        coordIndex [
            0,1,2,-1,2,1,3,-1,
        ]
    }
}
Shape{
    appearance Appearance {
        material  Material 	{
            diffuseColor 0.9686274509803922 0.8784313725490196 0.6
            specularColor 0.6784313725490196 0.615686274509804 0.4196078431372549
            ambientIntensity 0.8737
            transparency 0.0
            shininess 0.5
        }
    }
    geometry IndexedFaceSet {
        ccw TRUE
        solid FALSE
        coord DEF co Coordinate {
            point [
                -0.0335 0.7039 0.3097, -0.124 0.7039 0.3097, -0.0335 0.7039 0.5709, -0.124 0.7039 0.5709, -0.1122 0.3102 0.4528, -0.1122 0.271 0.4528, -0.2028 0.3102 0.4528, -0.2028 0.271 0.4528, -1.1614 0.015 0.5772, -1.1516 0.015 0.5772, -1.1614 0.015 0.7347, -1.1516 0.015 0.7347, 0.2756 -1.0905 0.6811, 0.2756 -0.3394 0.6811, 0.2756 -1.0905 0.689, 0.2756 -0.3315 0.689, 0.1773 0.578 1.063, -0.1773 0.578 1.063, -0.1772 0.5819 1.063, -0.1772 0.5858 1.063, 0.1772 0.5858 1.063, 0.1772 0.5819 1.063, 0.0433 0.8985 0.0778, 0.1142 0.8985 0.0778, 0.0433 0.9076 0.0699, 0.1142 0.9076 0.0699, 0.0433 0.9181 0.064, 0.1142 0.9181 0.064, 0.0433 0.9296 0.0603, 0.1142 0.9296 0.0603, 0.0433 0.9417 0.0591, 0.1142 0.9417 0.0591
            ]
        }
        coordIndex [
            0,1,2,-1,2,1,3,-1,4,5,6,-1,6,5,7,-1,8,9,10,-1,10,9,11,-1,12,13,14,-1,14,13,15,-1,16,17,18,-1,19,20,18,-1,18,20,21,-1,18,21,16,-1,22,23,24,-1,24,23,25,-1,24,25,26,-1,26,25,27,-1,26,27,28,-1,28,27,29,-1,28,29,30,-1,30,29,31,-1,
        ]
    }
}
Shape{
    appearance Appearance {
        material  Material 	{
            diffuseColor 0.6666666666666666 0.6980392156862745 0.7686274509803922
            specularColor 0.3333333333333333 0.34901960784313724 0.3843137254901961
            ambientIntensity 0.6967
            transparency 0.0
            shininess 0.5
        }
    }
    geometry IndexedFaceSet {
        ccw TRUE
        solid FALSE
        coord DEF co Coordinate {
            point [
                0.3031 0.2504 1.1417, 0.3031 0.2504 1.0236, 0.3184 0.2484 1.1417, 0.3184 0.2484 1.0236, 0.3327 0.2425 1.1417, 0.3327 0.2425 1.0236, 0.3449 0.2331 1.1417, 0.3449 0.2331 1.0236, 0.3543 0.2208 1.1417, 0.3543 0.2208 1.0236, 0.3602 0.2066 1.1417, 0.3602 0.2066 1.0236, 0.3622 0.1913 1.1417, 0.3622 0.1913 1.0236, 0.2513 -1.2495 0.0197, 0.2559 -1.2511 0.0197, 0.2559 -1.363 0.0197, 0.1109 -1.1956 0.0197, 0.0984 -1.363 0.0197, 0.0984 -1.192 0.0197
            ]
        }
        coordIndex [
            0,1,2,-1,2,1,3,-1,2,3,4,-1,4,3,5,-1,4,5,6,-1,6,5,7,-1,6,7,8,-1,8,7,9,-1,8,9,10,-1,10,9,11,-1,10,11,12,-1,12,11,13,-1,14,15,16,-1,14,16,17,-1,17,16,18,-1,17,18,19,-1,
        ]
    }
}
Shape{
    appearance Appearance {
        material  Material 	{
            diffuseColor 0.2235294117647059 0.2235294117647059 0.2235294117647059
            specularColor 0.11372549019607843 0.11372549019607843 0.11372549019607843
            ambientIntensity 0.2235
            transparency 0.0
            shininess 0.5
        }
    }
    geometry IndexedFaceSet {
        ccw TRUE
        solid FALSE
        coord DEF co Coordinate {
            point [
                -0.7283 -1.1228 0.4567, -0.7283 -1.2606 0.4567, -0.7322 -1.1228 0.4606, -0.8465 -1.2606 0.576, -0.7322 -0.3394 0.4606, -0.8465 -0.3354 0.576, -0.7283 -0.3354 0.4567
            ]
        }
        coordIndex [
            0,1,2,-1,2,1,3,-1,2,3,4,-1,4,3,5,-1,4,5,6,-1,
        ]
    }
}
Shape{
    appearance Appearance {
        material  Material 	{
            diffuseColor 0.9686274509803922 0.8784313725490196 0.6
            specularColor 0.6784313725490196 0.615686274509804 0.4196078431372549
            ambientIntensity 0.8737
            transparency 0.0
            shininess 0.5
        }
    }
    geometry IndexedFaceSet {
        ccw TRUE
        solid FALSE
        coord DEF co Coordinate {
            point [
                -0.2126 -1.2107 0.689, -0.2598 -1.2107 0.689, -0.2598 -1.2195 0.688, -0.2126 -1.2195 0.688, -0.2598 -1.2278 0.685, -0.2126 -1.2278 0.685, -0.4291 0.9181 0.064, -0.4291 0.8945 0.0098, -0.4291 0.9076 0.0699, -0.4291 0.8715 0.0231, -0.4291 0.8985 0.0778, -0.4291 0.8553 0.0376, -0.4291 0.836 0.1448, -0.4291 0.7928 0.1046, -0.4291 1.0542 0.0591, -0.4291 1.0542 0.0098, -0.4291 0.9417 0.0591, -0.4291 0.9296 0.0603
            ]
        }
        coordIndex [
            0,1,2,-1,0,2,3,-1,3,2,4,-1,3,4,5,-1,6,7,8,-1,8,7,9,-1,8,9,10,-1,10,9,11,-1,10,11,12,-1,12,11,13,-1,14,15,16,-1,16,15,7,-1,16,7,17,-1,17,7,6,-1,
        ]
    }
}
Shape{
    appearance Appearance {
        material  Material 	{
            diffuseColor 0.6666666666666666 0.6980392156862745 0.7686274509803922
            specularColor 0.3333333333333333 0.34901960784313724 0.3843137254901961
            ambientIntensity 0.6967
            transparency 0.0
            shininess 0.5
        }
    }
    geometry IndexedFaceSet {
        ccw TRUE
        solid FALSE
        coord DEF co Coordinate {
            point [
                0.0984 -1.192 0.0, 0.0984 -1.192 0.0197, 0.0984 -1.363 0.0, 0.0984 -1.363 0.0197
            ]
        }
        coordIndex [
            0,1,2,-1,2,1,3,-1,
        ]
    }
}
Shape{
    appearance Appearance {
        material  Material 	{
            diffuseColor 0.9686274509803922 0.8784313725490196 0.6
            specularColor 0.6784313725490196 0.615686274509804 0.4196078431372549
            ambientIntensity 0.8737
            transparency 0.0
            shininess 0.5
        }
    }
    geometry IndexedFaceSet {
        ccw TRUE
        solid FALSE
        coord DEF co Coordinate {
            point [
                -0.6043 0.6055 0.0, -0.6043 0.4874 0.0, -0.6555 0.6055 0.0, -0.6555 0.4874 0.0, -0.3484 0.7198 0.2695, -0.439 0.7198 0.2695, -0.3484 0.7112 0.2814, -0.439 0.7112 0.2814, -0.3484 0.7058 0.2951, -0.439 0.7058 0.2951, -0.3484 0.7039 0.3097, -0.439 0.7039 0.3097
            ]
        }
        coordIndex [
            0,1,2,-1,2,1,3,-1,4,5,6,-1,6,5,7,-1,6,7,8,-1,8,7,9,-1,8,9,10,-1,10,9,11,-1,
        ]
    }
}
Shape{
    appearance Appearance {
        material  Material 	{
            diffuseColor 0.6666666666666666 0.6980392156862745 0.7686274509803922
            specularColor 0.3333333333333333 0.34901960784313724 0.3843137254901961
            ambientIntensity 0.6967
            transparency 0.0
            shininess 0.5
        }
    }
    geometry IndexedFaceSet {
        ccw TRUE
        solid FALSE
        coord DEF co Coordinate {
            point [
                -1.1452 -1.3236 0.4042, -1.1452 -1.8354 0.4042, -0.8915 -1.3236 0.1365, -0.8915 -1.8354 0.1365
            ]
        }
        coordIndex [
            0,1,2,-1,2,1,3,-1,
        ]
    }
}
Shape{
    appearance Appearance {
        material  Material 	{
            diffuseColor 0.9686274509803922 0.8784313725490196 0.6
            specularColor 0.6784313725490196 0.615686274509804 0.4196078431372549
            ambientIntensity 0.8737
            transparency 0.0
            shininess 0.5
        }
    }
    geometry IndexedFaceSet {
        ccw TRUE
        solid FALSE
        coord DEF co Coordinate {
            point [
                -0.1969 -1.0905 0.4606, -0.1969 -0.3394 0.4606, -0.1969 -1.0905 0.4528, -0.1969 -0.3315 0.4528, -0.1319 0.6055 0.0, -0.1831 0.6055 0.0, -0.122 0.6055 0.0098, -0.1929 0.6055 0.0098, -0.122 0.6055 0.0591, -0.1929 0.6055 0.0591
            ]
        }
        coordIndex [
            0,1,2,-1,2,1,3,-1,4,5,6,-1,6,5,7,-1,6,7,8,-1,8,7,9,-1,
        ]
    }
}
Shape{
    appearance Appearance {
        material  Material 	{
            diffuseColor 0.6666666666666666 0.6980392156862745 0.7686274509803922
            specularColor 0.3333333333333333 0.34901960784313724 0.3843137254901961
            ambientIntensity 0.6967
            transparency 0.0
            shininess 0.5
        }
    }
    geometry IndexedFaceSet {
        ccw TRUE
        solid FALSE
        coord DEF co Coordinate {
            point [
                -0.8189 0.5819 1.0236, -0.8189 0.5819 1.1417, -0.8174 0.5687 1.0236, -0.8174 0.5687 1.1417, -0.813 0.5563 1.0236, -0.813 0.5563 1.1417, -0.806 0.5451 1.0236, -0.806 0.5451 1.1417, -0.7967 0.5357 1.0236, -0.7967 0.5357 1.1417, -0.7855 0.5287 1.0236, -0.7855 0.5287 1.1417, -0.773 0.5243 1.0236, -0.773 0.5243 1.1417, -0.7598 0.5228 1.0236, -0.7598 0.5228 1.1417
            ]
        }
        coordIndex [
            0,1,2,-1,2,1,3,-1,2,3,4,-1,4,3,5,-1,4,5,6,-1,6,5,7,-1,6,7,8,-1,8,7,9,-1,8,9,10,-1,10,9,11,-1,10,11,12,-1,12,11,13,-1,12,13,14,-1,14,13,15,-1,
        ]
    }
}
Shape{
    appearance Appearance {
        material  Material 	{
            diffuseColor 0.9686274509803922 0.8784313725490196 0.6
            specularColor 0.6784313725490196 0.615686274509804 0.4196078431372549
            ambientIntensity 0.8737
            transparency 0.0
            shininess 0.5
        }
    }
    geometry IndexedFaceSet {
        ccw TRUE
        solid FALSE
        coord DEF co Coordinate {
            point [
                -0.4477 -1.1051 0.4606, -0.4477 -1.1051 0.4528, -0.4331 -1.0905 0.4606, -0.4331 -1.0905 0.4528, 0.3701 -1.1079 0.6811, 0.3701 -1.1079 0.689, 0.3699 -1.1069 0.6811, 0.3699 -1.1069 0.689, 0.3696 -1.1059 0.6811, 0.3696 -1.1059 0.689, 0.3689 -1.1051 0.6811, 0.3689 -1.1051 0.689
            ]
        }
        coordIndex [
            0,1,2,-1,2,1,3,-1,4,5,6,-1,6,5,7,-1,6,7,8,-1,8,7,9,-1,8,9,10,-1,10,9,11,-1,
        ]
    }
}
Shape{
    appearance Appearance {
        material  Material 	{
            diffuseColor 0.6666666666666666 0.6980392156862745 0.7686274509803922
            specularColor 0.3333333333333333 0.34901960784313724 0.3843137254901961
            ambientIntensity 0.6967
            transparency 0.0
            shininess 0.5
        }
    }
    geometry IndexedFaceSet {
        ccw TRUE
        solid FALSE
        coord DEF co Coordinate {
            point [
                0.8858 0.1429 0.1181, 0.8858 0.1429 0.0, 1.0827 0.1429 0.1181, 1.0827 0.1429 0.0, 1.1002 0.1429 0.1201, 1.1336 0.1429 0.0067, 1.1168 0.1429 0.1259, 1.1811 0.1429 0.0264, 1.1318 0.1429 0.1353, 1.2219 0.1429 0.0577, 1.2795 0.1429 0.4546, 1.1614 0.1429 0.4546, 1.2795 0.1429 0.1969, 1.1614 0.1429 0.1969, 1.2728 0.1429 0.1459, 1.1594 0.1429 0.1793, 1.2532 0.1429 0.0984, 1.1536 0.1429 0.1627, 1.1442 0.1429 0.1478, 0.8486 -1.8354 0.1181, 0.8486 -1.8945 0.0591, 0.8605 -1.8354 0.1193, 0.8724 -1.8945 0.0615, 0.872 -1.8354 0.1229, 0.8953 -1.8945 0.0687, 0.8824 -1.8354 0.1287, 0.9162 -1.8945 0.0803, 0.8915 -1.8354 0.1365, 0.9343 -1.8945 0.0959
            ]
        }
        coordIndex [
            0,1,2,-1,2,1,3,-1,2,3,4,-1,4,3,5,-1,4,5,6,-1,6,5,7,-1,6,7,8,-1,8,7,9,-1,10,11,12,-1,12,11,13,-1,12,13,14,-1,14,13,15,-1,14,15,16,-1,16,15,17,-1,16,17,9,-1,9,17,18,-1,9,18,8,-1,19,20,21,-1,21,20,22,-1,21,22,23,-1,23,22,24,-1,23,24,25,-1,25,24,26,-1,25,26,27,-1,27,26,28,-1,
        ]
    }
}
Shape{
    appearance Appearance {
        material  Material 	{
            diffuseColor 0.9686274509803922 0.8784313725490196 0.6
            specularColor 0.6784313725490196 0.615686274509804 0.4196078431372549
            ambientIntensity 0.8737
            transparency 0.0
            shininess 0.5
        }
    }
    geometry IndexedFaceSet {
        ccw TRUE
        solid FALSE
        coord DEF co Coordinate {
            point [
                0.0236 -1.2278 0.4567, -0.0236 -1.2278 0.4567, -0.0236 -1.2195 0.4538, 0.0236 -1.2195 0.4538, -0.0236 -1.2107 0.4528, 0.0236 -1.2107 0.4528
            ]
        }
        coordIndex [
            0,1,2,-1,0,2,3,-1,3,2,4,-1,3,4,5,-1,
        ]
    }
}
Shape{
    appearance Appearance {
        material  Material 	{
            diffuseColor 0.6666666666666666 0.6980392156862745 0.7686274509803922
            specularColor 0.3333333333333333 0.34901960784313724 0.3843137254901961
            ambientIntensity 0.6967
            transparency 0.0
            shininess 0.5
        }
    }
    geometry IndexedFaceSet {
        ccw TRUE
        solid FALSE
        coord DEF co Coordinate {
            point [
                -0.7593 -1.3896 0.9548, -0.4218 -1.3896 0.9548, -0.4218 -1.4713 1.0107, -0.4233 -1.4821 1.0181, -0.4238 -1.4857 1.0206, -0.4287 -1.4974 1.0286, -0.4296 -1.4995 1.03, -0.4385 -1.5112 1.038, -0.439 -1.5118 1.0384, -0.4515 -1.5221 1.0455, -0.4522 -1.5225 1.0457, -0.4664 -1.5298 1.0508, -0.4689 -1.5305 1.0513, -0.483 -1.5346 1.0541, -0.4874 -1.535 1.0543, -0.5006 -1.5363 1.0552, -0.6805 -1.5363 1.0552, -0.6936 -1.5348 1.0542, -0.7009 -1.534 1.0537, -0.712 -1.5302 1.0511, -0.7593 -1.4713 1.0107, -0.7576 -1.4821 1.0181, -0.7199 -1.5276 1.0492, -0.7285 -1.5221 1.0455, -0.7362 -1.5172 1.0421, -0.7421 -1.5109 1.0378, -0.7487 -1.5038 1.0329, -0.752 -1.4973 1.0285, -0.7566 -1.4881 1.0222
            ]
        }
        coordIndex [
            0,1,2,-1,2,3,0,-1,0,3,4,-1,0,4,5,-1,5,6,0,-1,0,6,7,-1,0,7,8,-1,8,9,0,-1,0,9,10,-1,0,10,11,-1,11,12,0,-1,0,12,13,-1,0,13,14,-1,14,15,0,-1,0,15,16,-1,0,16,17,-1,17,18,0,-1,0,18,19,-1,0,19,20,-1,20,19,21,-1,21,19,22,-1,21,22,23,-1,23,24,25,-1,25,26,27,-1,23,25,21,-1,21,25,27,-1,21,27,28,-1,
        ]
    }
}
Shape{
    appearance Appearance {
        material  Material 	{
            diffuseColor 0.9686274509803922 0.8784313725490196 0.6
            specularColor 0.6784313725490196 0.615686274509804 0.4196078431372549
            ambientIntensity 0.8737
            transparency 0.0
            shininess 0.5
        }
    }
    geometry IndexedFaceSet {
        ccw TRUE
        solid FALSE
        coord DEF co Coordinate {
            point [
                -0.1142 0.7928 0.1046, -0.1142 0.8553 0.0376, -0.0433 0.8553 0.0376, -0.0433 0.7928 0.1046, -0.0335 0.7812 0.117, -0.124 0.7812 0.117, -0.0335 0.6766 0.2292, -0.124 0.6766 0.2292, -0.3484 0.6449 0.3097, -0.3484 0.6449 0.5709, -0.439 0.6449 0.3097, -0.439 0.6449 0.5709, -0.5768 1.0542 0.0, -0.5768 0.9417 0.0, -0.5866 1.0542 0.0098, -0.5774 0.9321 0.0004, -0.5793 0.92 0.0024, -0.5804 0.9128 0.0036, -0.5866 0.8946 0.0098, -0.5866 0.8945 0.0098, -0.5256 1.0542 0.0, -0.5866 1.0542 0.0591, -0.5157 1.0542 0.0098, -0.5157 1.0542 0.0591, 0.6693 -0.3315 0.689, 0.6693 -0.3394 0.6811, 0.6693 -1.0905 0.689, 0.6693 -1.0905 0.6811, 0.2815 0.7039 0.3097, 0.1909 0.7039 0.3097, 0.2815 0.7039 0.5709, 0.1909 0.7039 0.5709, 0.1181 -1.0905 0.689, 0.1181 -1.0905 0.6811, 0.1181 -0.3315 0.689, 0.1181 -0.3394 0.6811, -0.576 -1.1051 0.689, -0.5118 -1.0905 0.689, -0.5906 -1.0905 0.689, -0.5118 -0.3315 0.689, -0.5906 -0.3315 0.689, -0.5748 -1.1079 0.689, -0.5748 -1.2107 0.689, -0.5276 -1.2107 0.689, -0.5276 -1.1079 0.689, -0.5275 -1.1071 0.689, -0.5749 -1.1069 0.689, -0.5273 -1.1064 0.689, -0.5269 -1.1057 0.689, -0.5753 -1.1059 0.689, -0.5264 -1.1051 0.689, 0.5906 -1.0905 0.6811, 0.5906 -0.3394 0.6811, 0.5906 -1.0905 0.689, 0.5906 -0.3315 0.689
            ]
        }
        coordIndex [
            0,1,2,-1,2,3,0,-1,0,3,4,-1,0,4,5,-1,5,4,6,-1,5,6,7,-1,8,9,10,-1,10,9,11,-1,12,13,14,-1,14,13,15,-1,14,15,16,-1,16,17,14,-1,14,17,18,-1,14,18,19,-1,12,14,20,-1,20,14,21,-1,20,21,22,-1,22,21,23,-1,24,25,26,-1,26,25,27,-1,28,29,30,-1,30,29,31,-1,32,33,34,-1,34,33,35,-1,36,37,38,-1,38,37,39,-1,38,39,40,-1,41,42,43,-1,43,44,41,-1,41,44,45,-1,41,45,46,-1,46,45,47,-1,46,47,48,-1,36,49,37,-1,37,49,46,-1,37,46,50,-1,50,46,48,-1,51,52,53,-1,53,52,54,-1,
        ]
    }
}
Shape{
    appearance Appearance {
        material  Material 	{
            diffuseColor 0.6666666666666666 0.6980392156862745 0.7686274509803922
            specularColor 0.3333333333333333 0.34901960784313724 0.3843137254901961
            ambientIntensity 0.6967
            transparency 0.0
            shininess 0.5
        }
    }
    geometry IndexedFaceSet {
        ccw TRUE
        solid FALSE
        coord DEF co Coordinate {
            point [
                0.9508 1.0575 0.2495, 0.9595 1.0583 0.254, 0.9934 1.0583 0.2056, 0.9506 1.0574 0.2494, 0.9853 1.057 0.2, 0.9808 1.0563 0.1968, 0.9399 1.0544 0.2454, 0.974 1.0528 0.1921, 0.9369 1.0531 0.2449, 0.9692 1.0504 0.1887, 0.9287 1.0493 0.2435, 0.9639 1.0454 0.185, 0.9226 1.0454 0.2439, 0.9555 1.0352 0.1791, 0.9083 1.0353 0.2463, 0.9141 1.04 0.2444, 0.9592 1.041 0.1817, 0.9495 1.0228 0.1749, 0.8952 1.0228 0.2525, 0.9012 1.0293 0.2487, 0.9515 1.0287 0.1763, 0.945 0.9992 0.1717, 0.8772 0.9992 0.2685, 0.946 1.009 0.1725, 0.8839 1.009 0.2613, 0.8877 1.0147 0.2572, 0.9466 1.0145 0.1729, -0.5219 0.6488 0.8495, -0.4383 0.6488 0.933, -0.6614 0.6488 0.989, -0.5778 0.6488 1.0725, -0.6858 0.6488 1.0078, -0.6268 0.6488 1.1101, -0.7143 0.6488 1.0196, -0.6837 0.6488 1.1337, -0.7449 0.6488 1.0236, -0.7449 0.6488 1.1417, -0.7598 0.6488 1.0236, -0.7598 0.6488 1.1417, -1.2598 -0.7626 0.1181, -1.2598 -0.7626 0.0, -1.2598 -0.8104 0.1181, -1.2598 -0.8104 0.0
            ]
        }
        coordIndex [
            0,1,2,-1,0,2,3,-1,2,4,3,-1,3,4,5,-1,3,5,6,-1,6,5,7,-1,6,7,8,-1,8,7,9,-1,8,9,10,-1,10,9,11,-1,10,11,12,-1,13,14,15,-1,12,11,15,-1,15,11,16,-1,15,16,13,-1,17,18,19,-1,14,13,19,-1,19,13,20,-1,19,20,17,-1,21,22,23,-1,23,22,24,-1,23,24,25,-1,18,17,25,-1,25,17,26,-1,25,26,23,-1,27,28,29,-1,29,28,30,-1,29,30,31,-1,31,30,32,-1,31,32,33,-1,33,32,34,-1,33,34,35,-1,35,34,36,-1,35,36,37,-1,37,36,38,-1,39,40,41,-1,41,40,42,-1,
        ]
    }
}
Shape{
    appearance Appearance {
        material  Material 	{
            diffuseColor 0.9686274509803922 0.8784313725490196 0.6
            specularColor 0.6784313725490196 0.615686274509804 0.4196078431372549
            ambientIntensity 0.8737
            transparency 0.0
            shininess 0.5
        }
    }
    geometry IndexedFaceSet {
        ccw TRUE
        solid FALSE
        coord DEF co Coordinate {
            point [
                0.5965 0.5858 0.6299, 0.5059 0.5858 0.6299, 0.5965 0.6011 0.6279, 0.5059 0.6011 0.6279, 0.5965 0.6154 0.622, 0.5059 0.6154 0.622, 0.5965 0.6276 0.6126, 0.5059 0.6276 0.6126, 0.5965 0.637 0.6004, 0.5059 0.637 0.6004, 0.5965 0.6429 0.5862, 0.5059 0.6429 0.5862, 0.5965 0.6449 0.5709, 0.5059 0.6449 0.5709, 0.685 -1.1079 0.6811, 0.685 -1.1228 0.6811, 0.685 -1.1079 0.689, 0.685 -1.1228 0.685, 0.685 -1.2107 0.689, 0.685 -1.2278 0.685, 0.685 -1.2195 0.688, 0.3583 1.0542 0.0591, 0.3583 0.9417 0.0591, 0.4291 1.0542 0.0591, 0.4291 0.9417 0.0591, -0.3701 -1.1228 0.685, -0.3701 -1.1228 0.6811, -0.3701 -1.1079 0.6811, -0.3701 -1.1079 0.689, -0.3701 -1.2107 0.689, -0.3701 -1.2278 0.685, -0.3701 -1.2195 0.688, 0.6654 0.4283 0.2205, 0.6654 0.4283 0.1181, 0.5945 0.4283 0.1181, 0.5945 0.4283 0.2205, 0.5846 0.4283 0.2375, 0.6752 0.4283 0.2375, 0.5846 0.4283 0.3937, 0.6752 0.4283 0.3937, 0.498 0.6055 0.0, 0.498 0.4874 0.0, 0.4469 0.6055 0.0, 0.4469 0.4874 0.0, -0.6839 -1.1051 0.6811, -0.6839 -1.1051 0.689, -0.6844 -1.1057 0.6811, -0.6844 -1.1057 0.689, -0.6847 -1.1064 0.6811, -0.6847 -1.1064 0.689, -0.685 -1.1071 0.6811, -0.685 -1.1071 0.689, -0.685 -1.1079 0.6811, -0.685 -1.1079 0.689
            ]
        }
        coordIndex [
            0,1,2,-1,2,1,3,-1,2,3,4,-1,4,3,5,-1,4,5,6,-1,6,5,7,-1,6,7,8,-1,8,7,9,-1,8,9,10,-1,10,9,11,-1,10,11,12,-1,12,11,13,-1,14,15,16,-1,16,15,17,-1,16,17,18,-1,18,17,19,-1,18,19,20,-1,21,22,23,-1,23,22,24,-1,25,26,27,-1,27,28,25,-1,25,28,29,-1,25,29,30,-1,30,29,31,-1,32,33,34,-1,34,35,32,-1,32,35,36,-1,32,36,37,-1,37,36,38,-1,37,38,39,-1,40,41,42,-1,42,41,43,-1,44,45,46,-1,46,45,47,-1,46,47,48,-1,48,47,49,-1,48,49,50,-1,50,49,51,-1,50,51,52,-1,52,51,53,-1,
        ]
    }
}
Shape{
    appearance Appearance {
        material  Material 	{
            diffuseColor 0.6666666666666666 0.6980392156862745 0.7686274509803922
            specularColor 0.3333333333333333 0.34901960784313724 0.3843137254901961
            ambientIntensity 0.6967
            transparency 0.0
            shininess 0.5
        }
    }
    geometry IndexedFaceSet {
        ccw TRUE
        solid FALSE
        coord DEF co Coordinate {
            point [
                0.3622 -0.062 1.1417, 0.3622 -0.062 1.0236, 0.359 -0.09 1.1417, 0.359 -0.09 1.0236, 0.3497 -0.1167 1.1417, 0.3497 -0.1167 1.0236, 0.3347 -0.1405 1.1417, 0.3347 -0.1405 1.0236, 0.3148 -0.1605 1.1417, 0.3148 -0.1605 1.0236, 0.2909 -0.1755 1.1417, 0.2909 -0.1755 1.0236, 0.2643 -0.1848 1.1417, 0.2643 -0.1848 1.0236, 0.2362 -0.188 1.1417, 0.2362 -0.188 1.0236, 0.103 -1.1841 0.0197, 0.0984 -1.1825 0.0197, 0.0984 -1.0677 0.0197, 0.2434 -1.2381 0.0197, 0.2559 -1.0677 0.0197, 0.2559 -1.2417 0.0197
            ]
        }
        coordIndex [
            0,1,2,-1,2,1,3,-1,2,3,4,-1,4,3,5,-1,4,5,6,-1,6,5,7,-1,6,7,8,-1,8,7,9,-1,8,9,10,-1,10,9,11,-1,10,11,12,-1,12,11,13,-1,12,13,14,-1,14,13,15,-1,16,17,18,-1,16,18,19,-1,19,18,20,-1,19,20,21,-1,
        ]
    }
}
Shape{
    appearance Appearance {
        material  Material 	{
            diffuseColor 0.9686274509803922 0.8784313725490196 0.6
            specularColor 0.6784313725490196 0.615686274509804 0.4196078431372549
            ambientIntensity 0.8737
            transparency 0.0
            shininess 0.5
        }
    }
    geometry IndexedFaceSet {
        ccw TRUE
        solid FALSE
        coord DEF co Coordinate {
            point [
                0.5846 0.271 0.4528, 0.5846 0.271 0.5118, 0.5846 0.3102 0.4528, 0.5846 0.3102 0.5118, 0.5846 0.3255 0.4507, 0.5846 0.3408 0.5078, 0.5846 0.3398 0.4448, 0.5846 0.3693 0.496, 0.5846 0.352 0.4355, 0.5846 0.3938 0.4772, 0.5846 0.3614 0.4232, 0.5846 0.4125 0.4528, 0.5846 0.3673 0.409, 0.5846 0.4243 0.4243, 0.5846 0.3693 0.3937, 0.5846 0.4283 0.3937, 0.5846 0.3693 0.2375, 0.5846 0.4283 0.2375, -0.3484 0.271 0.689, -0.3484 0.271 0.6299, -0.3484 0.5858 0.689, -0.3484 0.5858 0.6299, -0.3484 0.6164 0.685, -0.3484 0.6011 0.6279, -0.3484 0.6449 0.6732, -0.3484 0.6154 0.622, -0.3484 0.6693 0.6544, -0.3484 0.6276 0.6126, -0.3484 0.6881 0.6299, -0.3484 0.637 0.6004, -0.3484 0.6999 0.6014, -0.3484 0.6429 0.5862, -0.3484 0.7039 0.5709, -0.3484 0.6449 0.5709, -0.3484 0.7039 0.3097, -0.3484 0.6449 0.3097, -0.3484 0.7058 0.2951, -0.3484 0.6486 0.2805, -0.3484 0.7112 0.2814, -0.3484 0.6594 0.253, -0.3484 0.7198 0.2695, -0.3484 0.6766 0.2292, -0.3484 0.8244 0.1573, -0.3484 0.7812 0.117, 0.5256 1.0542 0.0, 0.5157 1.0542 0.0098, 0.5768 1.0542 0.0, 0.5157 1.0542 0.0591, 0.5866 1.0542 0.0098, 0.5866 1.0542 0.0591
            ]
        }
        coordIndex [
            0,1,2,-1,2,1,3,-1,2,3,4,-1,4,3,5,-1,4,5,6,-1,6,5,7,-1,6,7,8,-1,8,7,9,-1,8,9,10,-1,10,9,11,-1,10,11,12,-1,12,11,13,-1,12,13,14,-1,14,13,15,-1,14,15,16,-1,16,15,17,-1,18,19,20,-1,20,19,21,-1,20,21,22,-1,22,21,23,-1,22,23,24,-1,24,23,25,-1,24,25,26,-1,26,25,27,-1,26,27,28,-1,28,27,29,-1,28,29,30,-1,30,29,31,-1,30,31,32,-1,32,31,33,-1,32,33,34,-1,34,33,35,-1,34,35,36,-1,36,35,37,-1,36,37,38,-1,38,37,39,-1,38,39,40,-1,40,39,41,-1,40,41,42,-1,42,41,43,-1,44,45,46,-1,46,45,47,-1,46,47,48,-1,48,47,49,-1,
        ]
    }
}
Shape{
    appearance Appearance {
        material  Material 	{
            diffuseColor 0.6666666666666666 0.6980392156862745 0.7686274509803922
            specularColor 0.3333333333333333 0.34901960784313724 0.3843137254901961
            ambientIntensity 0.6967
            transparency 0.0
            shininess 0.5
        }
    }
    geometry IndexedFaceSet {
        ccw TRUE
        solid FALSE
        coord DEF co Coordinate {
            point [
                -0.6417 -1.1858 0.1181, -0.6417 -1.1858 0.0, -0.6264 -1.1878 0.1181, -0.6264 -1.1878 0.0, -0.6122 -1.1937 0.1181, -0.6122 -1.1937 0.0, -0.6 -1.2031 0.1181, -0.6 -1.2031 0.0, -0.5906 -1.2154 0.1181, -0.5906 -1.2154 0.0, -0.5847 -1.2296 0.1181, -0.5847 -1.2296 0.0, -0.5827 -1.2449 0.1181, -0.5827 -1.2449 0.0
            ]
        }
        coordIndex [
            0,1,2,-1,2,1,3,-1,2,3,4,-1,4,3,5,-1,4,5,6,-1,6,5,7,-1,6,7,8,-1,8,7,9,-1,8,9,10,-1,10,9,11,-1,10,11,12,-1,12,11,13,-1,
        ]
    }
}
Shape{
    appearance Appearance {
        material  Material 	{
            diffuseColor 0.9686274509803922 0.8784313725490196 0.6
            specularColor 0.6784313725490196 0.615686274509804 0.4196078431372549
            ambientIntensity 0.8737
            transparency 0.0
            shininess 0.5
        }
    }
    geometry IndexedFaceSet {
        ccw TRUE
        solid FALSE
        coord DEF co Coordinate {
            point [
                0.5965 0.7039 0.3097, 0.5059 0.7039 0.3097, 0.5965 0.7039 0.5709, 0.5059 0.7039 0.5709
            ]
        }
        coordIndex [
            0,1,2,-1,2,1,3,-1,
        ]
    }
}
Shape{
    appearance Appearance {
        material  Material 	{
            diffuseColor 0.6666666666666666 0.6980392156862745 0.7686274509803922
            specularColor 0.3333333333333333 0.34901960784313724 0.3843137254901961
            ambientIntensity 0.6967
            transparency 0.0
            shininess 0.5
        }
    }
    geometry IndexedFaceSet {
        ccw TRUE
        solid FALSE
        coord DEF co Coordinate {
            point [
                -0.8837 0.7728 0.273, -0.8823 0.7769 0.2721, -1.1278 0.7433 0.444, -0.8789 0.7871 0.2696, -0.8772 0.9992 0.2685, -1.1278 0.9992 0.444, -0.8772 0.8024 0.2685, -0.8787 0.7893 0.2695, -0.9014 0.7512 0.2854, -0.8957 0.7566 0.2814, -0.9149 0.745 0.2948, -0.9131 0.7453 0.2936, -0.9048 0.7495 0.2878, -0.8914 0.7606 0.2784, -0.8881 0.7658 0.2761, -0.9256 0.7433 0.3024
            ]
        }
        coordIndex [
            0,1,2,-1,2,1,3,-1,4,5,6,-1,6,5,2,-1,6,2,7,-1,7,2,3,-1,8,9,2,-1,10,11,12,-1,9,13,2,-1,2,13,14,-1,2,14,0,-1,8,2,12,-1,12,2,15,-1,12,15,10,-1,
        ]
    }
}
Shape{
    appearance Appearance {
        material  Material 	{
            diffuseColor 0.9686274509803922 0.8784313725490196 0.6
            specularColor 0.6784313725490196 0.615686274509804 0.4196078431372549
            ambientIntensity 0.8737
            transparency 0.0
            shininess 0.5
        }
    }
    geometry IndexedFaceSet {
        ccw TRUE
        solid FALSE
        coord DEF co Coordinate {
            point [
                -0.4488 -1.2278 0.4567, -0.4961 -1.2278 0.4567, -0.4961 -1.2195 0.4538, -0.4488 -1.2195 0.4538, -0.4961 -1.2107 0.4528, -0.4488 -1.2107 0.4528
            ]
        }
        coordIndex [
            0,1,2,-1,0,2,3,-1,3,2,4,-1,3,4,5,-1,
        ]
    }
}
Shape{
    appearance Appearance {
        material  Material 	{
            diffuseColor 0.2235294117647059 0.2235294117647059 0.2235294117647059
            specularColor 0.11372549019607843 0.11372549019607843 0.11372549019607843
            ambientIntensity 0.2235
            transparency 0.0
            shininess 0.5
        }
    }
    geometry IndexedFaceSet {
        ccw TRUE
        solid FALSE
        coord DEF co Coordinate {
            point [
                -0.8508 -0.2213 1.0079, -1.063 -0.2213 1.0079, -1.063 -0.2606 0.9685, -0.2756 -0.2134 1.0157, -0.4331 -0.2134 1.0157, -0.2756 -0.2606 0.9685, -0.4331 -0.2213 1.0079, -0.7376 -0.2213 1.0079, -0.7376 -0.2134 1.0157, -0.8508 -0.2134 1.0157
            ]
        }
        coordIndex [
            0,1,2,-1,3,4,5,-1,5,4,6,-1,5,6,7,-1,8,9,7,-1,7,9,0,-1,7,0,5,-1,5,0,2,-1,
        ]
    }
}
Shape{
    appearance Appearance {
        material  Material 	{
            diffuseColor 0.9686274509803922 0.8784313725490196 0.6
            specularColor 0.6784313725490196 0.615686274509804 0.4196078431372549
            ambientIntensity 0.8737
            transparency 0.0
            shininess 0.5
        }
    }
    geometry IndexedFaceSet {
        ccw TRUE
        solid FALSE
        coord DEF co Coordinate {
            point [
                0.7376 -0.2134 1.0157, 0.7376 0.015 1.0157, 0.7376 -0.2213 1.0079, 0.7376 0.015 1.0079
            ]
        }
        coordIndex [
            0,1,2,-1,2,1,3,-1,
        ]
    }
}
Shape{
    appearance Appearance {
        material  Material 	{
            diffuseColor 0.6666666666666666 0.6980392156862745 0.7686274509803922
            specularColor 0.3333333333333333 0.34901960784313724 0.3843137254901961
            ambientIntensity 0.6967
            transparency 0.0
            shininess 0.5
        }
    }
    geometry IndexedFaceSet {
        ccw TRUE
        solid FALSE
        coord DEF co Coordinate {
            point [
                -0.0039 -1.2576 0.1181, -0.0039 -1.8354 0.1181, -0.0039 -1.2576 0.0, -0.0039 -1.8354 0.0
            ]
        }
        coordIndex [
            0,1,2,-1,2,1,3,-1,
        ]
    }
}
Shape{
    appearance Appearance {
        material  Material 	{
            diffuseColor 0.9686274509803922 0.8784313725490196 0.6
            specularColor 0.6784313725490196 0.615686274509804 0.4196078431372549
            ambientIntensity 0.8737
            transparency 0.0
            shininess 0.5
        }
    }
    geometry IndexedFaceSet {
        ccw TRUE
        solid FALSE
        coord DEF co Coordinate {
            point [
                0.6831 1.0542 0.0, 0.7343 1.0542 0.0, 0.6831 0.9417 0.0, 0.7343 0.9417 0.0, -0.5177 0.271 0.4528, -0.5177 0.3102 0.4528, -0.4724 0.271 0.4528, -0.4272 0.3102 0.4528, -0.4272 0.271 0.4528
            ]
        }
        coordIndex [
            0,1,2,-1,2,1,3,-1,4,5,6,-1,6,5,7,-1,6,7,8,-1,
        ]
    }
}
Shape{
    appearance Appearance {
        material  Material 	{
            diffuseColor 0.6666666666666666 0.6980392156862745 0.7686274509803922
            specularColor 0.3333333333333333 0.34901960784313724 0.3843137254901961
            ambientIntensity 0.6967
            transparency 0.0
            shininess 0.5
        }
    }
    geometry IndexedFaceSet {
        ccw TRUE
        solid FALSE
        coord DEF co Coordinate {
            point [
                0.4383 0.6488 0.933, 0.5219 0.6488 0.8495, 0.5778 0.6488 1.0725, 0.6614 0.6488 0.989, 0.6268 0.6488 1.1101, 0.7598 0.6488 1.0236, 0.7598 0.6488 1.1417, 0.7449 0.6488 1.0236, 0.7449 0.6488 1.1417, 0.7218 0.6488 1.0214, 0.6837 0.6488 1.1337, 0.6997 0.6488 1.0146, 0.6793 0.6488 1.0037
            ]
        }
        coordIndex [
            0,1,2,-1,2,1,3,-1,2,3,4,-1,5,6,7,-1,7,6,8,-1,7,8,9,-1,9,8,10,-1,9,10,11,-1,11,10,4,-1,11,4,12,-1,12,4,3,-1,
        ]
    }
}
Shape{
    appearance Appearance {
        material  Material 	{
            diffuseColor 0.2235294117647059 0.2235294117647059 0.2235294117647059
            specularColor 0.11372549019607843 0.11372549019607843 0.11372549019607843
            ambientIntensity 0.2235
            transparency 0.0
            shininess 0.5
        }
    }
    geometry IndexedFaceSet {
        ccw TRUE
        solid FALSE
        coord DEF co Coordinate {
            point [
                -0.2728 -0.0591 0.935, -0.2728 0.4396 0.935, -0.2755 -0.0591 1.0079, -0.2756 0.4396 1.0157, -0.2756 -0.0591 1.0157
            ]
        }
        coordIndex [
            0,1,2,-1,2,1,3,-1,2,3,4,-1,
        ]
    }
}
Shape{
    appearance Appearance {
        material  Material 	{
            diffuseColor 0.9686274509803922 0.8784313725490196 0.6
            specularColor 0.6784313725490196 0.615686274509804 0.4196078431372549
            ambientIntensity 0.8737
            transparency 0.0
            shininess 0.5
        }
    }
    geometry IndexedFaceSet {
        ccw TRUE
        solid FALSE
        coord DEF co Coordinate {
            point [
                0.2756 -1.0905 0.4606, 0.2756 -0.3394 0.4606, 0.2756 -1.0905 0.4528, 0.2756 -0.3315 0.4528, 0.7334 -1.1051 0.689, 0.7334 -1.1051 0.6811, 0.748 -1.0905 0.689, 0.748 -1.0905 0.6811, -0.1909 0.271 0.689, -0.1909 0.5858 0.689, -0.2362 0.271 0.689, -0.2815 0.5858 0.689, -0.2815 0.271 0.689, -0.1122 0.3693 0.2375, -0.1122 0.4283 0.2375, -0.1122 0.3693 0.3937, -0.1122 0.4283 0.3937, -0.1122 0.3673 0.409, -0.1122 0.4243 0.4243, -0.1122 0.3614 0.4232, -0.1122 0.4125 0.4528, -0.1122 0.352 0.4355, -0.1122 0.3938 0.4772, -0.1122 0.3398 0.4448, -0.1122 0.3693 0.496, -0.1122 0.3255 0.4507, -0.1122 0.3408 0.5078, -0.1122 0.3102 0.4528, -0.1122 0.3102 0.5118, -0.1122 0.271 0.4528, -0.1122 0.271 0.5118, 0.4185 -1.1051 0.6811, 0.4185 -1.1051 0.689, 0.418 -1.1057 0.6811, 0.418 -1.1057 0.689, 0.4176 -1.1064 0.6811, 0.4176 -1.1064 0.689, 0.4174 -1.1071 0.6811, 0.4174 -1.1071 0.689, 0.4173 -1.1079 0.6811, 0.4173 -1.1079 0.689, -0.124 0.6766 0.2292, -0.0335 0.6766 0.2292, -0.0335 0.6594 0.253, -0.124 0.6594 0.253, -0.0335 0.6486 0.2805, -0.124 0.6486 0.2805, -0.0335 0.6449 0.3097, -0.124 0.6449 0.3097, 0.6063 -1.1079 0.4528, 0.6063 -1.1079 0.4606, 0.6062 -1.1069 0.4528, 0.6062 -1.1069 0.4606, 0.6058 -1.1059 0.4528, 0.6058 -1.1059 0.4606, 0.6051 -1.1051 0.4528, 0.6051 -1.1051 0.4606, -0.8508 -0.2134 1.0157, -0.7376 -0.2134 1.0157, -0.8508 0.015 1.0157, -0.7376 0.015 1.0157, -0.7323 -1.1228 0.685, -0.7323 -1.1228 0.6811, -0.8465 -1.1228 0.685, -0.8465 -1.1228 0.6811
            ]
        }
        coordIndex [
            0,1,2,-1,2,1,3,-1,4,5,6,-1,6,5,7,-1,8,9,10,-1,10,9,11,-1,10,11,12,-1,13,14,15,-1,15,14,16,-1,15,16,17,-1,17,16,18,-1,17,18,19,-1,19,18,20,-1,19,20,21,-1,21,20,22,-1,21,22,23,-1,23,22,24,-1,23,24,25,-1,25,24,26,-1,25,26,27,-1,27,26,28,-1,27,28,29,-1,29,28,30,-1,31,32,33,-1,33,32,34,-1,33,34,35,-1,35,34,36,-1,35,36,37,-1,37,36,38,-1,37,38,39,-1,39,38,40,-1,41,42,43,-1,41,43,44,-1,44,43,45,-1,44,45,46,-1,46,45,47,-1,46,47,48,-1,49,50,51,-1,51,50,52,-1,51,52,53,-1,53,52,54,-1,53,54,55,-1,55,54,56,-1,57,58,59,-1,59,58,60,-1,61,62,63,-1,63,62,64,-1,
        ]
    }
}
Shape{
    appearance Appearance {
        material  Material 	{
            diffuseColor 0.6666666666666666 0.6980392156862745 0.7686274509803922
            specularColor 0.3333333333333333 0.34901960784313724 0.3843137254901961
            ambientIntensity 0.6967
            transparency 0.0
            shininess 0.5
        }
    }
    geometry IndexedFaceSet {
        ccw TRUE
        solid FALSE
        coord DEF co Coordinate {
            point [
                1.2309 -0.5756 0.3229, 1.2309 0.0051 0.3229, 1.2573 0.0051 0.359, 1.2573 -0.5756 0.359, 1.2739 0.0051 0.4005, 1.2739 -0.5756 0.4005, 1.2795 0.0051 0.4448, 1.2795 -0.5756 0.4448
            ]
        }
        coordIndex [
            0,1,2,-1,0,2,3,-1,3,2,4,-1,3,4,5,-1,5,4,6,-1,5,6,7,-1,
        ]
    }
}
Shape{
    appearance Appearance {
        material  Material 	{
            diffuseColor 0.2235294117647059 0.2235294117647059 0.2235294117647059
            specularColor 0.11372549019607843 0.11372549019607843 0.11372549019607843
            ambientIntensity 0.2235
            transparency 0.0
            shininess 0.5
        }
    }
    geometry IndexedFaceSet {
        ccw TRUE
        solid FALSE
        coord DEF co Coordinate {
            point [
                -0.7283 -1.2606 0.4567, -0.7283 -1.1228 0.4567, -0.6535 -1.1228 0.4567, -0.6063 -1.1228 0.4567, -0.4961 -1.1228 0.4567, -0.6063 -1.2278 0.4567, -0.4961 -1.2278 0.4567, -0.2913 -1.2278 0.4567, -0.2913 -1.1228 0.4567, -0.1811 -1.1228 0.4567, -0.1811 -1.2278 0.4567, -0.1339 -1.2278 0.4567, 0.7283 -1.2606 0.4567, -0.6535 -1.2278 0.4567, -0.4488 -1.2278 0.4567, -0.3386 -1.2278 0.4567, -0.3386 -1.1228 0.4567, -0.4488 -1.1228 0.4567, 0.0236 -1.2278 0.4567, 0.0236 -1.1228 0.4567, 0.1339 -1.1228 0.4567, 0.1339 -1.2278 0.4567, 0.1811 -1.2278 0.4567, -0.0236 -1.2278 0.4567, -0.0236 -1.1228 0.4567, -0.1339 -1.1228 0.4567, 0.3386 -1.2278 0.4567, 0.3386 -1.1228 0.4567, 0.4488 -1.1228 0.4567, 0.4488 -1.2278 0.4567, 0.4961 -1.2278 0.4567, 0.2913 -1.2278 0.4567, 0.2913 -1.1228 0.4567, 0.1811 -1.1228 0.4567, 0.6535 -1.1228 0.4567, 0.7283 -1.1228 0.4567, 0.6535 -1.2278 0.4567, 0.6063 -1.2278 0.4567, 0.6063 -1.1228 0.4567, 0.4961 -1.1228 0.4567
            ]
        }
        coordIndex [
            0,1,2,-1,3,4,5,-1,5,4,6,-1,7,8,9,-1,10,11,12,-1,2,13,0,-1,0,13,5,-1,0,5,12,-1,12,5,6,-1,12,6,14,-1,9,10,7,-1,7,10,12,-1,7,12,15,-1,15,12,14,-1,15,14,16,-1,16,14,17,-1,18,19,20,-1,21,22,12,-1,20,21,18,-1,18,21,12,-1,18,12,23,-1,23,12,11,-1,23,11,24,-1,24,11,25,-1,26,27,28,-1,29,30,12,-1,28,29,26,-1,26,29,12,-1,26,12,31,-1,31,12,22,-1,31,22,32,-1,32,22,33,-1,34,35,36,-1,36,35,12,-1,36,12,37,-1,37,12,30,-1,37,30,38,-1,38,30,39,-1,
        ]
    }
}
Shape{
    appearance Appearance {
        material  Material 	{
            diffuseColor 0.6666666666666666 0.6980392156862745 0.7686274509803922
            specularColor 0.3333333333333333 0.34901960784313724 0.3843137254901961
            ambientIntensity 0.6967
            transparency 0.0
            shininess 0.5
        }
    }
    geometry IndexedFaceSet {
        ccw TRUE
        solid FALSE
        coord DEF co Coordinate {
            point [
                -1.1614 -0.5756 0.4743, -1.1614 -0.5756 0.4448, -1.1614 0.015 0.5772, -1.1614 0.9992 0.7347, -1.1614 0.9992 0.9646, -1.1614 0.015 0.7347, -1.1614 -1.8354 0.9646, -1.1614 0.6114 0.5453, -1.1614 0.6184 0.5565, -1.1614 0.1409 0.4699, -1.1614 0.6277 0.5659, -1.1614 0.0991 0.5117, -1.1614 0.6511 0.5772, -1.1614 0.1134 0.5058, -1.1614 0.1256 0.4964, -1.1614 0.135 0.4842, -1.1614 0.6389 0.5729, -1.1614 0.1429 0.1969, -1.1614 0.6055 0.1969, -1.1614 0.1429 0.4546, -1.1614 0.6055 0.5197, -1.1614 0.607 0.5328, -1.1614 0.0066 0.4678, -1.1614 0.0051 0.4546, -1.1614 0.0051 0.4448, -1.1614 0.0386 0.5079, -1.1614 0.051 0.5122, -1.1614 -1.3236 0.4448, -1.1614 -1.3236 0.4743, -1.1614 -1.8354 0.4448, -1.1614 -1.3216 0.4896, -1.1614 -1.3157 0.5039, -1.1614 -1.3063 0.5161, -1.1614 -1.2941 0.5255, -1.1614 -1.2799 0.5314, -1.1614 -0.6051 0.5255, -1.1614 -0.5929 0.5161, -1.1614 -0.5835 0.5039, -1.1614 -0.5776 0.4896, -1.1614 0.011 0.4803, -1.1614 0.018 0.4915, -1.1614 0.0274 0.5008, -1.1614 0.0642 0.5137, -1.1614 0.0839 0.5137, -1.1614 -1.2646 0.5334, -1.1614 -0.6346 0.5334, -1.1614 -0.6194 0.5314
            ]
        }
        coordIndex [
            0,1,2,-1,3,4,5,-1,5,4,6,-1,7,8,9,-1,9,8,10,-1,2,11,12,-1,12,11,13,-1,12,13,14,-1,14,15,12,-1,12,15,9,-1,12,9,16,-1,16,9,10,-1,17,18,19,-1,19,18,20,-1,19,20,9,-1,9,20,21,-1,9,21,7,-1,22,1,23,-1,23,1,24,-1,2,25,26,-1,27,28,29,-1,29,28,30,-1,29,30,6,-1,6,30,31,-1,31,32,6,-1,6,32,33,-1,6,33,34,-1,35,36,5,-1,5,36,37,-1,5,37,2,-1,2,37,38,-1,2,38,0,-1,22,39,1,-1,1,39,40,-1,1,40,2,-1,2,40,41,-1,2,41,25,-1,26,42,2,-1,2,42,43,-1,2,43,11,-1,34,44,6,-1,6,44,45,-1,6,45,5,-1,5,45,46,-1,5,46,35,-1,
        ]
    }
}
Shape{
    appearance Appearance {
        material  Material 	{
            diffuseColor 0.9686274509803922 0.8784313725490196 0.6
            specularColor 0.6784313725490196 0.615686274509804 0.4196078431372549
            ambientIntensity 0.8737
            transparency 0.0
            shininess 0.5
        }
    }
    geometry IndexedFaceSet {
        ccw TRUE
        solid FALSE
        coord DEF co Coordinate {
            point [
                0.6063 -1.1228 0.4567, 0.4961 -1.1228 0.4567, 0.6063 -1.1228 0.4606, 0.4961 -1.1228 0.4606, -0.7354 0.271 0.2933, -0.8326 0.538 0.2933, -0.8233 0.271 0.2933, 0.2114 -1.1051 0.689, 0.2756 -1.0905 0.689, 0.1969 -1.0905 0.689, 0.2756 -0.3315 0.689, 0.1969 -0.3315 0.689, 0.2126 -1.1079 0.689, 0.2126 -1.2107 0.689, 0.2598 -1.2107 0.689, 0.2598 -1.1079 0.689, 0.2599 -1.1071 0.689, 0.2125 -1.1069 0.689, 0.2601 -1.1064 0.689, 0.2605 -1.1057 0.689, 0.2121 -1.1059 0.689, 0.261 -1.1051 0.689
            ]
        }
        coordIndex [
            0,1,2,-1,2,1,3,-1,4,5,6,-1,7,8,9,-1,9,8,10,-1,9,10,11,-1,12,13,14,-1,14,15,12,-1,12,15,16,-1,12,16,17,-1,17,16,18,-1,17,18,19,-1,7,20,8,-1,8,20,17,-1,8,17,21,-1,21,17,19,-1,
        ]
    }
}
Shape{
    appearance Appearance {
        material  Material 	{
            diffuseColor 0.6666666666666666 0.6980392156862745 0.7686274509803922
            specularColor 0.3333333333333333 0.34901960784313724 0.3843137254901961
            ambientIntensity 0.6967
            transparency 0.0
            shininess 0.5
        }
    }
    geometry IndexedFaceSet {
        ccw TRUE
        solid FALSE
        coord DEF co Coordinate {
            point [
                0.2559 -1.2511 0.0197, 0.2559 -1.2511 0.0, 0.2559 -1.363 0.0197, 0.2559 -1.363 0.0
            ]
        }
        coordIndex [
            0,1,2,-1,2,1,3,-1,
        ]
    }
}
Shape{
    appearance Appearance {
        material  Material 	{
            diffuseColor 0.2235294117647059 0.2235294117647059 0.2235294117647059
            specularColor 0.11372549019607843 0.11372549019607843 0.11372549019607843
            ambientIntensity 0.2235
            transparency 0.0
            shininess 0.5
        }
    }
    geometry IndexedFaceSet {
        ccw TRUE
        solid FALSE
        coord DEF co Coordinate {
            point [
                -1.1024 -0.2606 0.4556, -1.1024 -0.2606 0.9291, -1.1417 -0.2213 0.7347, -1.1417 -0.2213 0.9291, -1.1417 -0.2213 0.4556, -1.1417 -0.2213 0.5772, -1.1516 -0.2114 0.5772, -1.1516 -0.2114 0.7347
            ]
        }
        coordIndex [
            0,1,2,-1,2,1,3,-1,4,0,5,-1,5,0,2,-1,5,2,6,-1,6,2,7,-1,
        ]
    }
}
Shape{
    appearance Appearance {
        material  Material 	{
            diffuseColor 0.9686274509803922 0.8784313725490196 0.6
            specularColor 0.6784313725490196 0.615686274509804 0.4196078431372549
            ambientIntensity 0.8737
            transparency 0.0
            shininess 0.5
        }
    }
    geometry IndexedFaceSet {
        ccw TRUE
        solid FALSE
        coord DEF co Coordinate {
            point [
                -0.0453 0.271 0.4528, -0.0453 0.3102 0.4528, 0.0 0.271 0.4528, 0.0453 0.3102 0.4528, 0.0453 0.271 0.4528, 1.1516 -0.2114 0.7347, 1.1516 -0.2114 0.5772, 1.1516 0.015 0.7347, 1.1516 0.015 0.5772, 0.5118 -0.3315 0.689, 0.5118 -0.3394 0.6811, 0.5118 -1.0905 0.689, 0.5118 -1.0905 0.6811, -0.5059 0.271 0.689, -0.5059 0.271 0.6299, -0.5059 0.5858 0.689, -0.5059 0.5858 0.6299, -0.5059 0.6164 0.685, -0.5059 0.6011 0.6279, -0.5059 0.6449 0.6732, -0.5059 0.6154 0.622, -0.5059 0.6693 0.6544, -0.5059 0.6276 0.6126, -0.5059 0.6881 0.6299, -0.5059 0.637 0.6004, -0.5059 0.6999 0.6014, -0.5059 0.6429 0.5862, -0.5059 0.7039 0.5709, -0.5059 0.6449 0.5709, -0.5059 0.7039 0.3097, -0.5059 0.6449 0.3097, -0.5059 0.7058 0.2951, -0.5059 0.6486 0.2805, -0.5059 0.7112 0.2814, -0.5059 0.6594 0.253, -0.5059 0.7198 0.2695, -0.5059 0.6766 0.2292, -0.5059 0.8244 0.1573, -0.5059 0.7812 0.117, -0.5965 0.7198 0.2695, -0.5965 0.8244 0.1573, -0.5866 0.836 0.1448, -0.5157 0.836 0.1448, -0.5866 0.8985 0.0778, -0.5157 0.8985 0.0778
            ]
        }
        coordIndex [
            0,1,2,-1,2,1,3,-1,2,3,4,-1,5,6,7,-1,7,6,8,-1,9,10,11,-1,11,10,12,-1,13,14,15,-1,15,14,16,-1,15,16,17,-1,17,16,18,-1,17,18,19,-1,19,18,20,-1,19,20,21,-1,21,20,22,-1,21,22,23,-1,23,22,24,-1,23,24,25,-1,25,24,26,-1,25,26,27,-1,27,26,28,-1,27,28,29,-1,29,28,30,-1,29,30,31,-1,31,30,32,-1,31,32,33,-1,33,32,34,-1,33,34,35,-1,35,34,36,-1,35,36,37,-1,37,36,38,-1,39,35,40,-1,40,35,37,-1,40,37,41,-1,41,37,42,-1,41,42,43,-1,43,42,44,-1,
        ]
    }
}
Shape{
    appearance Appearance {
        material  Material 	{
            diffuseColor 0.2235294117647059 0.2235294117647059 0.2235294117647059
            specularColor 0.11372549019607843 0.11372549019607843 0.11372549019607843
            ambientIntensity 0.2235
            transparency 0.0
            shininess 0.5
        }
    }
    geometry IndexedFaceSet {
        ccw TRUE
        solid FALSE
        coord DEF co Coordinate {
            point [
                0.8326 0.538 0.1752, 0.8394 0.7335 0.1752, 1.1417 0.7335 0.1752, 0.7354 0.015 0.1752, 0.7354 0.271 0.1752, 0.8858 0.015 0.1752, 1.1417 0.015 0.1752
            ]
        }
        coordIndex [
            0,1,2,-1,3,4,5,-1,5,4,0,-1,5,0,6,-1,6,0,2,-1,
        ]
    }
}
Shape{
    appearance Appearance {
        material  Material 	{
            diffuseColor 0.6666666666666666 0.6980392156862745 0.7686274509803922
            specularColor 0.3333333333333333 0.34901960784313724 0.3843137254901961
            ambientIntensity 0.6967
            transparency 0.0
            shininess 0.5
        }
    }
    geometry IndexedFaceSet {
        ccw TRUE
        solid FALSE
        coord DEF co Coordinate {
            point [
                -1.1614 0.0839 0.5137, -1.1614 0.0642 0.5137, -1.2795 0.0839 0.5137, -1.2795 0.0642 0.5137
            ]
        }
        coordIndex [
            0,1,2,-1,2,1,3,-1,
        ]
    }
}
Shape{
    appearance Appearance {
        material  Material 	{
            diffuseColor 0.9686274509803922 0.8784313725490196 0.6
            specularColor 0.6784313725490196 0.615686274509804 0.4196078431372549
            ambientIntensity 0.8737
            transparency 0.0
            shininess 0.5
        }
    }
    geometry IndexedFaceSet {
        ccw TRUE
        solid FALSE
        coord DEF co Coordinate {
            point [
                -0.7343 1.0542 0.0, -0.7441 1.0542 0.0098, -0.6831 1.0542 0.0, -0.7441 1.0542 0.0591, -0.6732 1.0542 0.0098, -0.6732 1.0542 0.0591, -0.0394 -1.0905 0.4528, -0.0394 -1.0905 0.4606, -0.0394 -0.3315 0.4528, -0.0394 -0.3394 0.4606, 0.7376 -0.2134 1.0157, 0.8508 -0.2134 1.0157, 0.7376 0.015 1.0157, 0.8508 0.015 1.0157, 0.4972 -1.1051 0.4528, 0.4972 -1.1051 0.4606, 0.4967 -1.1057 0.4528, 0.4967 -1.1057 0.4606, 0.4964 -1.1064 0.4528, 0.4964 -1.1064 0.4606, 0.4961 -1.1071 0.4528, 0.4961 -1.1071 0.4606, 0.4961 -1.1079 0.4528, 0.4961 -1.1079 0.4606, 0.439 0.7039 0.3097, 0.3484 0.7039 0.3097, 0.439 0.7039 0.5709, 0.3484 0.7039 0.5709, 0.6733 0.8946 0.0098, 0.6732 0.8945 0.0098, 0.6732 1.0542 0.0098, 0.6794 0.9128 0.0036, 0.6831 1.0542 0.0, 0.6831 0.9417 0.0, 0.6824 0.9321 0.0004, 0.6806 0.92 0.0024
            ]
        }
        coordIndex [
            0,1,2,-1,2,1,3,-1,2,3,4,-1,4,3,5,-1,6,7,8,-1,8,7,9,-1,10,11,12,-1,12,11,13,-1,14,15,16,-1,16,15,17,-1,16,17,18,-1,18,17,19,-1,18,19,20,-1,20,19,21,-1,20,21,22,-1,22,21,23,-1,24,25,26,-1,26,25,27,-1,28,29,30,-1,28,30,31,-1,30,32,33,-1,33,34,30,-1,30,34,35,-1,30,35,31,-1,
        ]
    }
}
Shape{
    appearance Appearance {
        material  Material 	{
            diffuseColor 0.6666666666666666 0.6980392156862745 0.7686274509803922
            specularColor 0.3333333333333333 0.34901960784313724 0.3843137254901961
            ambientIntensity 0.6967
            transparency 0.0
            shininess 0.5
        }
    }
    geometry IndexedFaceSet {
        ccw TRUE
        solid FALSE
        coord DEF co Coordinate {
            point [
                -0.9595 1.0583 0.254, -0.9934 1.0583 0.2056, -1.1617 1.0583 0.3956, -1.1956 1.0583 0.3472, -1.1863 1.0583 0.4176, -1.2307 1.0583 0.3787, -1.2049 1.0583 0.4448, -1.2573 1.0583 0.4176, -1.2165 1.0583 0.4757, -1.2739 1.0583 0.4617, -1.2205 1.0583 0.5085, -1.2795 1.0583 0.5085, -1.2205 1.0583 0.9646, -1.2795 1.0583 0.9646, -1.2175 1.0583 0.9908, -1.2735 1.0583 1.0104, -1.2088 1.0583 1.0158, -1.2558 1.0583 1.0531, -1.1947 1.0583 1.0382, -1.2276 1.0583 1.0898, -0.4383 1.0583 0.933, -0.4801 1.0583 0.8913, -0.5778 1.0583 1.0725, -0.6196 1.0583 1.0308, -0.6268 1.0583 1.1101, -0.6563 1.0583 1.0589, -0.6837 1.0583 1.1337, -0.699 1.0583 1.0766, -0.7449 1.0583 1.1417, -0.7449 1.0583 1.0827, -1.1024 1.0583 1.1417, -1.1024 1.0583 1.0827, -1.1482 1.0583 1.1357, -1.1286 1.0583 1.0797, -1.1909 1.0583 1.118, -1.1536 1.0583 1.071, -1.176 1.0583 1.0569
            ]
        }
        coordIndex [
            0,1,2,-1,2,1,3,-1,2,3,4,-1,4,3,5,-1,4,5,6,-1,6,5,7,-1,6,7,8,-1,8,7,9,-1,8,9,10,-1,10,9,11,-1,10,11,12,-1,12,11,13,-1,12,13,14,-1,14,13,15,-1,14,15,16,-1,16,15,17,-1,16,17,18,-1,18,17,19,-1,20,21,22,-1,22,21,23,-1,22,23,24,-1,24,23,25,-1,24,25,26,-1,26,25,27,-1,26,27,28,-1,28,27,29,-1,28,29,30,-1,30,29,31,-1,30,31,32,-1,32,31,33,-1,32,33,34,-1,34,33,35,-1,34,35,19,-1,19,35,36,-1,19,36,18,-1,
        ]
    }
}
Shape{
    appearance Appearance {
        material  Material 	{
            diffuseColor 0.2235294117647059 0.2235294117647059 0.2235294117647059
            specularColor 0.11372549019607843 0.11372549019607843 0.11372549019607843
            ambientIntensity 0.2235
            transparency 0.0
            shininess 0.5
        }
    }
    geometry IndexedFaceSet {
        ccw TRUE
        solid FALSE
        coord DEF co Coordinate {
            point [
                -0.4204 0.015 0.122, -0.4204 -0.2213 0.122, -0.7354 0.015 0.122, -0.8327 -0.2213 0.122, -0.8327 0.015 0.122
            ]
        }
        coordIndex [
            0,1,2,-1,2,1,3,-1,2,3,4,-1,
        ]
    }
}
Shape{
    appearance Appearance {
        material  Material 	{
            diffuseColor 0.9686274509803922 0.8784313725490196 0.6
            specularColor 0.6784313725490196 0.615686274509804 0.4196078431372549
            ambientIntensity 0.8737
            transparency 0.0
            shininess 0.5
        }
    }
    geometry IndexedFaceSet {
        ccw TRUE
        solid FALSE
        coord DEF co Coordinate {
            point [
                0.6752 0.4283 0.3937, 0.5846 0.4283 0.3937, 0.5846 0.4243 0.4243, 0.6752 0.4243 0.4243, 0.5846 0.4125 0.4528, 0.6752 0.4125 0.4528, 0.5846 0.3938 0.4772, 0.6752 0.3938 0.4772, 0.5846 0.3693 0.496, 0.6752 0.3693 0.496, 0.5846 0.3408 0.5078, 0.6752 0.3408 0.5078, 0.5846 0.3102 0.5118, 0.6752 0.3102 0.5118, -0.3406 0.6055 0.0, -0.3504 0.6055 0.0098, -0.2894 0.6055 0.0, -0.3504 0.6055 0.0591, -0.2795 0.6055 0.0098, -0.2795 0.6055 0.0591, -0.0551 -1.1228 0.685, -0.0551 -1.1228 0.6811, -0.0551 -1.1079 0.6811, -0.0551 -1.1079 0.689, -0.0551 -1.2107 0.689, -0.0551 -1.2278 0.685, -0.0551 -1.2195 0.688, -0.5945 0.4402 0.0098, -0.5945 0.6055 0.0098, -0.5945 0.6055 0.0591, -0.5945 0.4283 0.2205, -0.5945 0.3693 0.2205, -0.5945 0.4283 0.1181, -0.5945 0.3693 0.1181, -0.5945 0.4298 0.105, -0.5945 0.371 0.0983, -0.5945 0.4342 0.0925, -0.5945 0.3793 0.0705, -0.5945 0.4412 0.0813, -0.5945 0.3942 0.0455, -0.5945 0.4506 0.0719, -0.5945 0.4148 0.0249, -0.5945 0.4618 0.0649, -0.5945 0.4398 0.0101, -0.5945 0.4743 0.0605, -0.5945 0.4874 0.0591, -0.6535 -1.1228 0.4606, -0.6535 -1.1228 0.4567, -0.7322 -1.1228 0.4606, -0.7283 -1.1228 0.4567
            ]
        }
        coordIndex [
            0,1,2,-1,0,2,3,-1,3,2,4,-1,3,4,5,-1,5,4,6,-1,5,6,7,-1,7,6,8,-1,7,8,9,-1,9,8,10,-1,9,10,11,-1,11,10,12,-1,11,12,13,-1,14,15,16,-1,16,15,17,-1,16,17,18,-1,18,17,19,-1,20,21,22,-1,22,23,20,-1,20,23,24,-1,20,24,25,-1,25,24,26,-1,27,28,29,-1,30,31,32,-1,32,31,33,-1,32,33,34,-1,34,33,35,-1,34,35,36,-1,36,35,37,-1,36,37,38,-1,38,37,39,-1,38,39,40,-1,40,39,41,-1,40,41,42,-1,42,41,43,-1,42,43,44,-1,44,43,27,-1,44,27,45,-1,45,27,29,-1,46,47,48,-1,48,47,49,-1,
        ]
    }
}
Shape{
    appearance Appearance {
        material  Material 	{
            diffuseColor 0.6666666666666666 0.6980392156862745 0.7686274509803922
            specularColor 0.3333333333333333 0.34901960784313724 0.3843137254901961
            ambientIntensity 0.6967
            transparency 0.0
            shininess 0.5
        }
    }
    geometry IndexedFaceSet {
        ccw TRUE
        solid FALSE
        coord DEF co Coordinate {
            point [
                0.6417 -0.5756 0.0, 0.6417 -0.5756 0.1181, 0.6286 -0.5771 0.0, 0.6286 -0.5771 0.1181, 0.6161 -0.5814 0.0, 0.6161 -0.5814 0.1181, 0.6049 -0.5885 0.0, 0.6049 -0.5885 0.1181, 0.5956 -0.5978 0.0, 0.5956 -0.5978 0.1181, 0.5885 -0.609 0.0, 0.5885 -0.609 0.1181, 0.5842 -0.6215 0.0, 0.5842 -0.6215 0.1181, 0.5827 -0.6346 0.0, 0.5827 -0.6346 0.1181
            ]
        }
        coordIndex [
            0,1,2,-1,2,1,3,-1,2,3,4,-1,4,3,5,-1,4,5,6,-1,6,5,7,-1,6,7,8,-1,8,7,9,-1,8,9,10,-1,10,9,11,-1,10,11,12,-1,12,11,13,-1,12,13,14,-1,14,13,15,-1,
        ]
    }
}
Shape{
    appearance Appearance {
        material  Material 	{
            diffuseColor 0.9686274509803922 0.8784313725490196 0.6
            specularColor 0.6784313725490196 0.615686274509804 0.4196078431372549
            ambientIntensity 0.8737
            transparency 0.0
            shininess 0.5
        }
    }
    geometry IndexedFaceSet {
        ccw TRUE
        solid FALSE
        coord DEF co Coordinate {
            point [
                -0.6732 0.8715 0.0231, -0.6732 0.8553 0.0376, -0.7441 0.8715 0.0231, -0.7441 0.8553 0.0376, -0.6732 0.8945 0.0098, -0.7441 0.8945 0.0098, -0.6733 0.8946 0.0098, -0.7441 0.8946 0.0098, -0.7379 0.9128 0.0036, -0.7343 0.9417 0.0, -0.6831 0.9417 0.0, -0.7349 0.9321 0.0004, -0.6814 0.922 0.0017, -0.7368 0.92 0.0024, -0.6809 0.92 0.0021, -0.6765 0.9033 0.0064, -0.2717 1.0542 0.0591, -0.2717 0.9417 0.0591, -0.2008 1.0542 0.0591, -0.2008 0.9417 0.0591
            ]
        }
        coordIndex [
            0,1,2,-1,2,1,3,-1,0,2,4,-1,4,2,5,-1,4,5,6,-1,6,5,7,-1,6,7,8,-1,9,10,11,-1,11,10,12,-1,11,12,13,-1,13,12,14,-1,13,14,8,-1,8,14,15,-1,8,15,6,-1,16,17,18,-1,18,17,19,-1,
        ]
    }
}
Shape{
    appearance Appearance {
        material  Material 	{
            diffuseColor 0.2235294117647059 0.2235294117647059 0.2235294117647059
            specularColor 0.11372549019607843 0.11372549019607843 0.11372549019607843
            ambientIntensity 0.2235
            transparency 0.0
            shininess 0.5
        }
    }
    geometry IndexedFaceSet {
        ccw TRUE
        solid FALSE
        coord DEF co Coordinate {
            point [
                0.8455 -1.2712 0.6841, 0.8465 -1.2606 0.685, -0.8465 -1.2606 0.685, -0.7835 -1.3236 0.622, 0.7835 -1.3236 0.622, -0.794 -1.3226 0.6326, 0.794 -1.3226 0.6326, -0.7952 -1.3225 0.6338, -0.7996 -1.321 0.6382, 0.7952 -1.3225 0.6338, 0.7996 -1.321 0.6382, -0.8087 -1.3177 0.6472, 0.8087 -1.3177 0.6472, -0.8137 -1.3159 0.6523, -0.8149 -1.315 0.6534, 0.8137 -1.3159 0.6523, 0.8149 -1.315 0.6534, -0.8219 -1.3099 0.6604, 0.8219 -1.3099 0.6604, -0.8274 -1.3058 0.666, -0.8279 -1.3051 0.6665, 0.8274 -1.3058 0.666, 0.8279 -1.3051 0.6665, -0.8328 -1.2991 0.6714, 0.8328 -1.2991 0.6714, -0.8368 -1.2941 0.6754, -0.8378 -1.292 0.6764, 0.8368 -1.2941 0.6754, 0.8378 -1.292 0.6764, -0.8409 -1.2859 0.6795, 0.8409 -1.2859 0.6795, 0.8424 -1.2828 0.681, -0.8441 -1.2769 0.6826, -0.8424 -1.2828 0.681, -0.8455 -1.2712 0.6841, -0.8455 -1.2717 0.6841, 0.8455 -1.2717 0.6841, 0.8441 -1.2769 0.6826
            ]
        }
        coordIndex [
            0,1,2,-1,3,4,5,-1,5,4,6,-1,5,6,7,-1,7,6,8,-1,6,9,8,-1,8,9,10,-1,8,10,11,-1,11,10,12,-1,11,12,13,-1,13,12,14,-1,12,15,14,-1,14,15,16,-1,14,16,17,-1,17,16,18,-1,17,18,19,-1,19,18,20,-1,18,21,20,-1,20,21,22,-1,20,22,23,-1,23,22,24,-1,23,24,25,-1,25,24,26,-1,24,27,26,-1,26,27,28,-1,26,28,29,-1,29,28,30,-1,31,32,30,-1,30,32,33,-1,30,33,29,-1,2,34,0,-1,0,34,35,-1,0,35,36,-1,36,35,32,-1,36,32,37,-1,37,32,31,-1,
        ]
    }
}
Shape{
    appearance Appearance {
        material  Material 	{
            diffuseColor 0.9686274509803922 0.8784313725490196 0.6
            specularColor 0.6784313725490196 0.615686274509804 0.4196078431372549
            ambientIntensity 0.8737
            transparency 0.0
            shininess 0.5
        }
    }
    geometry IndexedFaceSet {
        ccw TRUE
        solid FALSE
        coord DEF co Coordinate {
            point [
                -0.1811 -1.1079 0.4528, -0.1811 -1.1079 0.4606, -0.1812 -1.1069 0.4528, -0.1812 -1.1069 0.4606, -0.1816 -1.1059 0.4528, -0.1816 -1.1059 0.4606, -0.1823 -1.1051 0.4528, -0.1823 -1.1051 0.4606, -0.1929 0.3693 0.2205, -0.1929 0.3693 0.1181, -0.122 0.3693 0.1181, -0.122 0.3693 0.2205, -0.1122 0.3693 0.2375, -0.2028 0.3693 0.2375, -0.1122 0.3693 0.3937, -0.2028 0.3693 0.3937, 0.4331 -1.0905 0.6811, 0.4331 -0.3394 0.6811, 0.4331 -1.0905 0.689, 0.4331 -0.3315 0.689
            ]
        }
        coordIndex [
            0,1,2,-1,2,1,3,-1,2,3,4,-1,4,3,5,-1,4,5,6,-1,6,5,7,-1,8,9,10,-1,10,11,8,-1,8,11,12,-1,8,12,13,-1,13,12,14,-1,13,14,15,-1,16,17,18,-1,18,17,19,-1,
        ]
    }
}
Shape{
    appearance Appearance {
        material  Material 	{
            diffuseColor 0.6666666666666666 0.6980392156862745 0.7686274509803922
            specularColor 0.3333333333333333 0.34901960784313724 0.3843137254901961
            ambientIntensity 0.6967
            transparency 0.0
            shininess 0.5
        }
    }
    geometry IndexedFaceSet {
        ccw TRUE
        solid FALSE
        coord DEF co Coordinate {
            point [
                0.2513 -0.5119 0.1181, 0.1109 -0.5658 0.1181, 0.2513 -0.5119 0.0197, 0.1109 -0.5658 0.0197
            ]
        }
        coordIndex [
            0,1,2,-1,2,1,3,-1,
        ]
    }
}
Shape{
    appearance Appearance {
        material  Material 	{
            diffuseColor 0.9686274509803922 0.8784313725490196 0.6
            specularColor 0.6784313725490196 0.615686274509804 0.4196078431372549
            ambientIntensity 0.8737
            transparency 0.0
            shininess 0.5
        }
    }
    geometry IndexedFaceSet {
        ccw TRUE
        solid FALSE
        coord DEF co Coordinate {
            point [
                0.5945 0.3693 0.2205, 0.5945 0.3693 0.1181, 0.6654 0.3693 0.1181, 0.6654 0.3693 0.2205, 0.6752 0.3693 0.2375, 0.5846 0.3693 0.2375, 0.6752 0.3693 0.3937, 0.5846 0.3693 0.3937, 0.0551 -1.1228 0.6811, -0.0551 -1.1228 0.6811, 0.0551 -1.1228 0.685, -0.0551 -1.1228 0.685, 0.0433 1.0542 0.0591, 0.0433 0.9417 0.0591, 0.1142 1.0542 0.0591, 0.1142 0.9417 0.0591, -0.6026 0.4676 0.0017, -0.5945 0.6055 0.0098, -0.5978 0.4491 0.0064, -0.5945 0.4402 0.0098, -0.6027 0.4677 0.0017, -0.6043 0.4874 0.0, -0.6043 0.6055 0.0, -0.4272 0.3693 0.2375, -0.4272 0.4283 0.2375, -0.4272 0.3693 0.3937, -0.4272 0.4283 0.3937, -0.4272 0.3673 0.409, -0.4272 0.4243 0.4243, -0.4272 0.3614 0.4232, -0.4272 0.4125 0.4528, -0.4272 0.352 0.4355, -0.4272 0.3938 0.4772, -0.4272 0.3398 0.4448, -0.4272 0.3693 0.496, -0.4272 0.3255 0.4507, -0.4272 0.3408 0.5078, -0.4272 0.3102 0.4528, -0.4272 0.3102 0.5118, -0.4272 0.271 0.4528, -0.4272 0.271 0.5118, 0.2028 0.4283 0.3937, 0.1122 0.4283 0.3937, 0.1122 0.4243 0.4243, 0.2028 0.4243 0.4243, 0.1122 0.4125 0.4528, 0.2028 0.4125 0.4528, 0.1122 0.3938 0.4772, 0.2028 0.3938 0.4772, 0.1122 0.3693 0.496, 0.2028 0.3693 0.496, 0.1122 0.3408 0.5078, 0.2028 0.3408 0.5078, 0.1122 0.3102 0.5118, 0.2028 0.3102 0.5118, -0.439 0.8244 0.1573, -0.439 0.7812 0.117, -0.439 0.7198 0.2695, -0.439 0.6766 0.2292, -0.439 0.7112 0.2814, -0.439 0.6594 0.253, -0.439 0.7058 0.2951, -0.439 0.6486 0.2805, -0.439 0.7039 0.3097, -0.439 0.6449 0.3097, -0.439 0.7039 0.5709, -0.439 0.6449 0.5709, -0.439 0.6999 0.6014, -0.439 0.6429 0.5862, -0.439 0.6881 0.6299, -0.439 0.637 0.6004, -0.439 0.6693 0.6544, -0.439 0.6276 0.6126, -0.439 0.6449 0.6732, -0.439 0.6154 0.622, -0.439 0.6164 0.685, -0.439 0.6011 0.6279, -0.439 0.5858 0.689, -0.439 0.5858 0.6299, -0.439 0.271 0.689, -0.439 0.271 0.6299
            ]
        }
        coordIndex [
            0,1,2,-1,2,3,0,-1,0,3,4,-1,0,4,5,-1,5,4,6,-1,5,6,7,-1,8,9,10,-1,10,9,11,-1,12,13,14,-1,14,13,15,-1,16,17,18,-1,18,17,19,-1,16,20,17,-1,17,20,21,-1,17,21,22,-1,23,24,25,-1,25,24,26,-1,25,26,27,-1,27,26,28,-1,27,28,29,-1,29,28,30,-1,29,30,31,-1,31,30,32,-1,31,32,33,-1,33,32,34,-1,33,34,35,-1,35,34,36,-1,35,36,37,-1,37,36,38,-1,37,38,39,-1,39,38,40,-1,41,42,43,-1,41,43,44,-1,44,43,45,-1,44,45,46,-1,46,45,47,-1,46,47,48,-1,48,47,49,-1,48,49,50,-1,50,49,51,-1,50,51,52,-1,52,51,53,-1,52,53,54,-1,55,56,57,-1,57,56,58,-1,57,58,59,-1,59,58,60,-1,59,60,61,-1,61,60,62,-1,61,62,63,-1,63,62,64,-1,63,64,65,-1,65,64,66,-1,65,66,67,-1,67,66,68,-1,67,68,69,-1,69,68,70,-1,69,70,71,-1,71,70,72,-1,71,72,73,-1,73,72,74,-1,73,74,75,-1,75,74,76,-1,75,76,77,-1,77,76,78,-1,77,78,79,-1,79,78,80,-1,
        ]
    }
}
Shape{
    appearance Appearance {
        material  Material 	{
            diffuseColor 0.6666666666666666 0.6980392156862745 0.7686274509803922
            specularColor 0.3333333333333333 0.34901960784313724 0.3843137254901961
            ambientIntensity 0.6967
            transparency 0.0
            shininess 0.5
        }
    }
    geometry IndexedFaceSet {
        ccw TRUE
        solid FALSE
        coord DEF co Coordinate {
            point [
                0.2559 -0.5103 0.0, 0.2559 -0.5103 0.0197, 0.2559 -0.3984 0.0, 0.2559 -0.3984 0.0197
            ]
        }
        coordIndex [
            0,1,2,-1,2,1,3,-1,
        ]
    }
}
Shape{
    appearance Appearance {
        material  Material 	{
            diffuseColor 0.9686274509803922 0.8784313725490196 0.6
            specularColor 0.6784313725490196 0.615686274509804 0.4196078431372549
            ambientIntensity 0.8737
            transparency 0.0
            shininess 0.5
        }
    }
    geometry IndexedFaceSet {
        ccw TRUE
        solid FALSE
        coord DEF co Coordinate {
            point [
                0.5059 0.6766 0.2292, 0.5965 0.6766 0.2292, 0.5965 0.6594 0.253, 0.5059 0.6594 0.253, 0.5965 0.6486 0.2805, 0.5059 0.6486 0.2805, 0.5965 0.6449 0.3097, 0.5059 0.6449 0.3097, -1.1244 -0.2213 0.4138, -1.1318 -0.2213 0.4228, -1.1244 0.015 0.4138, -1.1338 0.015 0.426, -1.1336 -0.2213 0.4262, -1.1372 -0.2213 0.433, -1.1397 0.015 0.4403, -1.1417 -0.2213 0.4556, -1.1417 0.015 0.4556, -1.1406 -0.2213 0.444, -1.1395 -0.2213 0.4404, 0.1823 -1.1051 0.4606, 0.1823 -1.1051 0.4528, 0.1969 -1.0905 0.4606, 0.1969 -1.0905 0.4528
            ]
        }
        coordIndex [
            0,1,2,-1,0,2,3,-1,3,2,4,-1,3,4,5,-1,5,4,6,-1,5,6,7,-1,8,9,10,-1,10,9,11,-1,9,12,11,-1,11,12,13,-1,11,13,14,-1,15,16,17,-1,17,16,14,-1,17,14,18,-1,18,14,13,-1,19,20,21,-1,21,20,22,-1,
        ]
    }
}
Shape{
    appearance Appearance {
        material  Material 	{
            diffuseColor 0.6666666666666666 0.6980392156862745 0.7686274509803922
            specularColor 0.3333333333333333 0.34901960784313724 0.3843137254901961
            ambientIntensity 0.6967
            transparency 0.0
            shininess 0.5
        }
    }
    geometry IndexedFaceSet {
        ccw TRUE
        solid FALSE
        coord DEF co Coordinate {
            point [
                1.2309 -1.8945 0.3229, 1.2309 -1.3236 0.3229, 1.2573 -1.3236 0.359, 1.2573 -1.8945 0.359, 1.2739 -1.3236 0.4005, 1.2739 -1.8945 0.4005, 1.2795 -1.3236 0.4448, 1.2795 -1.8945 0.4448
            ]
        }
        coordIndex [
            0,1,2,-1,0,2,3,-1,3,2,4,-1,3,4,5,-1,5,4,6,-1,5,6,7,-1,
        ]
    }
}
Shape{
    appearance Appearance {
        material  Material 	{
            diffuseColor 0.2235294117647059 0.2235294117647059 0.2235294117647059
            specularColor 0.11372549019607843 0.11372549019607843 0.11372549019607843
            ambientIntensity 0.2235
            transparency 0.0
            shininess 0.5
        }
    }
    geometry IndexedFaceSet {
        ccw TRUE
        solid FALSE
        coord DEF co Coordinate {
            point [
                -1.1024 -0.2606 0.4556, -1.1417 -0.2213 0.4556, -1.1406 -0.2213 0.444, -1.102 -0.2606 0.4517, -1.1395 -0.2213 0.4404, -1.1009 -0.2606 0.448, -1.1372 -0.2213 0.433, -1.1336 -0.2213 0.4262, -1.099 -0.2606 0.4446, -1.1318 -0.2213 0.4228, -1.1244 -0.2213 0.4138, -1.0966 -0.2606 0.4416
            ]
        }
        coordIndex [
            0,1,2,-1,0,2,3,-1,3,2,4,-1,3,4,5,-1,4,6,5,-1,5,6,7,-1,5,7,8,-1,7,9,8,-1,8,9,10,-1,8,10,11,-1,
        ]
    }
}
Shape{
    appearance Appearance {
        material  Material 	{
            diffuseColor 0.9686274509803922 0.8784313725490196 0.6
            specularColor 0.6784313725490196 0.615686274509804 0.4196078431372549
            ambientIntensity 0.8737
            transparency 0.0
            shininess 0.5
        }
    }
    geometry IndexedFaceSet {
        ccw TRUE
        solid FALSE
        coord DEF co Coordinate {
            point [
                -0.2697 0.4283 0.3937, -0.3602 0.4283 0.3937, -0.3602 0.4243 0.4243, -0.2697 0.4243 0.4243, -0.3602 0.4125 0.4528, -0.2697 0.4125 0.4528, -0.3602 0.3938 0.4772, -0.2697 0.3938 0.4772, -0.3602 0.3693 0.496, -0.2697 0.3693 0.496, -0.3602 0.3408 0.5078, -0.2697 0.3408 0.5078, -0.3602 0.3102 0.5118, -0.2697 0.3102 0.5118, 0.6555 0.6055 0.0, 0.6555 0.4874 0.0, 0.6043 0.6055 0.0, 0.6043 0.4874 0.0
            ]
        }
        coordIndex [
            0,1,2,-1,0,2,3,-1,3,2,4,-1,3,4,5,-1,5,4,6,-1,5,6,7,-1,7,6,8,-1,7,8,9,-1,9,8,10,-1,9,10,11,-1,11,10,12,-1,11,12,13,-1,14,15,16,-1,16,15,17,-1,
        ]
    }
}
Shape{
    appearance Appearance {
        material  Material 	{
            diffuseColor 0.6666666666666666 0.6980392156862745 0.7686274509803922
            specularColor 0.3333333333333333 0.34901960784313724 0.3843137254901961
            ambientIntensity 0.6967
            transparency 0.0
            shininess 0.5
        }
    }
    geometry IndexedFaceSet {
        ccw TRUE
        solid FALSE
        coord DEF co Coordinate {
            point [
                1.1752 1.013 0.7347, 1.1614 0.9992 0.7347, 1.1614 0.9992 0.9646, 1.2205 1.0583 0.5085, 1.1614 0.9992 0.5085, 1.1614 0.9992 0.5772, 1.1752 1.013 0.5772, 1.2205 1.0583 0.9646
            ]
        }
        coordIndex [
            0,1,2,-1,3,4,5,-1,5,6,3,-1,3,6,0,-1,3,0,7,-1,7,0,2,-1,
        ]
    }
}
Shape{
    appearance Appearance {
        material  Material 	{
            diffuseColor 0.9686274509803922 0.8784313725490196 0.6
            specularColor 0.6784313725490196 0.615686274509804 0.4196078431372549
            ambientIntensity 0.8737
            transparency 0.0
            shininess 0.5
        }
    }
    geometry IndexedFaceSet {
        ccw TRUE
        solid FALSE
        coord DEF co Coordinate {
            point [
                -0.5264 -1.1051 0.6811, -0.5264 -1.1051 0.689, -0.5269 -1.1057 0.6811, -0.5269 -1.1057 0.689, -0.5273 -1.1064 0.6811, -0.5273 -1.1064 0.689, -0.5275 -1.1071 0.6811, -0.5275 -1.1071 0.689, -0.5276 -1.1079 0.6811, -0.5276 -1.1079 0.689
            ]
        }
        coordIndex [
            0,1,2,-1,2,1,3,-1,2,3,4,-1,4,3,5,-1,4,5,6,-1,6,5,7,-1,6,7,8,-1,8,7,9,-1,
        ]
    }
}
Shape{
    appearance Appearance {
        material  Material 	{
            diffuseColor 0.6666666666666666 0.6980392156862745 0.7686274509803922
            specularColor 0.3333333333333333 0.34901960784313724 0.3843137254901961
            ambientIntensity 0.6967
            transparency 0.0
            shininess 0.5
        }
    }
    geometry IndexedFaceSet {
        ccw TRUE
        solid FALSE
        coord DEF co Coordinate {
            point [
                -1.2598 -1.0888 0.1181, -1.2598 -1.0888 0.0, -1.2598 -1.1366 0.1181, -1.2598 -1.1366 0.0
            ]
        }
        coordIndex [
            0,1,2,-1,2,1,3,-1,
        ]
    }
}
Shape{
    appearance Appearance {
        material  Material 	{
            diffuseColor 0.9686274509803922 0.8784313725490196 0.6
            specularColor 0.6784313725490196 0.615686274509804 0.4196078431372549
            ambientIntensity 0.8737
            transparency 0.0
            shininess 0.5
        }
    }
    geometry IndexedFaceSet {
        ccw TRUE
        solid FALSE
        coord DEF co Coordinate {
            point [
                0.3583 0.9181 0.064, 0.3583 0.8945 0.0098, 0.3583 0.9076 0.0699, 0.3583 0.8715 0.0231, 0.3583 0.8985 0.0778, 0.3583 0.8553 0.0376, 0.3583 0.836 0.1448, 0.3583 0.7928 0.1046, 0.3583 1.0542 0.0591, 0.3583 1.0542 0.0098, 0.3583 0.9417 0.0591, 0.3583 0.9296 0.0603, 0.2106 1.0542 0.0, 0.2008 1.0542 0.0098, 0.2618 1.0542 0.0, 0.2008 1.0542 0.0591, 0.2717 1.0542 0.0098, 0.2717 1.0542 0.0591, -0.2008 0.836 0.1448, -0.2008 0.8985 0.0778, -0.2717 0.8985 0.0778, -0.2717 0.836 0.1448, -0.2815 0.8244 0.1573, -0.1909 0.8244 0.1573, -0.2815 0.7198 0.2695, -0.1909 0.7198 0.2695, -0.5965 0.8244 0.1573, -0.5965 0.7812 0.117, -0.5965 0.7198 0.2695, -0.5965 0.6766 0.2292, -0.5965 0.7112 0.2814, -0.5965 0.6594 0.253, -0.5965 0.7058 0.2951, -0.5965 0.6486 0.2805, -0.5965 0.7039 0.3097, -0.5965 0.6449 0.3097, -0.5965 0.7039 0.5709, -0.5965 0.6449 0.5709, -0.5965 0.6999 0.6014, -0.5965 0.6429 0.5862, -0.5965 0.6881 0.6299, -0.5965 0.637 0.6004, -0.5965 0.6693 0.6544, -0.5965 0.6276 0.6126, -0.5965 0.6449 0.6732, -0.5965 0.6154 0.622, -0.5965 0.6164 0.685, -0.5965 0.6011 0.6279, -0.5965 0.5858 0.689, -0.5965 0.5858 0.6299, -0.5965 0.271 0.689, -0.5965 0.271 0.6299
            ]
        }
        coordIndex [
            0,1,2,-1,2,1,3,-1,2,3,4,-1,4,3,5,-1,4,5,6,-1,6,5,7,-1,8,9,10,-1,10,9,1,-1,10,1,11,-1,11,1,0,-1,12,13,14,-1,14,13,15,-1,14,15,16,-1,16,15,17,-1,18,19,20,-1,20,21,18,-1,18,21,22,-1,18,22,23,-1,23,22,24,-1,23,24,25,-1,26,27,28,-1,28,27,29,-1,28,29,30,-1,30,29,31,-1,30,31,32,-1,32,31,33,-1,32,33,34,-1,34,33,35,-1,34,35,36,-1,36,35,37,-1,36,37,38,-1,38,37,39,-1,38,39,40,-1,40,39,41,-1,40,41,42,-1,42,41,43,-1,42,43,44,-1,44,43,45,-1,44,45,46,-1,46,45,47,-1,46,47,48,-1,48,47,49,-1,48,49,50,-1,50,49,51,-1,
        ]
    }
}
Shape{
    appearance Appearance {
        material  Material 	{
            diffuseColor 0.6666666666666666 0.6980392156862745 0.7686274509803922
            specularColor 0.3333333333333333 0.34901960784313724 0.3843137254901961
            ambientIntensity 0.6967
            transparency 0.0
            shininess 0.5
        }
    }
    geometry IndexedFaceSet {
        ccw TRUE
        solid FALSE
        coord DEF co Coordinate {
            point [
                -0.7598 0.6488 1.1417, -0.7449 0.6488 1.1417, -0.7449 1.0583 1.1417, 0.7894 0.5307 1.1417, 0.7751 0.5248 1.1417, 1.1024 -1.8945 1.1417, -1.1024 1.0583 1.1417, -0.8169 0.605 1.1417, -0.811 0.6193 1.1417, -0.8016 0.6315 1.1417, -0.7894 0.6409 1.1417, -0.7751 0.6468 1.1417, 0.8016 0.5401 1.1417, 0.8798 -1.6511 1.1417, 0.8675 -1.6605 1.1417, 0.8533 -1.6664 1.1417, 0.838 -1.6684 1.1417, -0.286 -1.6247 1.1417, -0.2919 -1.6389 1.1417, -0.3013 -1.6511 1.1417, -0.3136 -1.6605 1.1417, 0.7449 0.6488 1.1417, 0.7598 0.6488 1.1417, 0.7449 1.0583 1.1417, 0.7751 0.6468 1.1417, 1.1024 1.0583 1.1417, 0.7894 0.6409 1.1417, 0.8016 0.6315 1.1417, 0.811 0.6193 1.1417, 0.8169 0.605 1.1417, 0.8189 0.5898 1.1417, -0.2362 0.5228 1.1417, -0.7598 0.5228 1.1417, -0.3327 0.2425 1.1417, 0.8189 0.5819 1.1417, 0.8169 0.5666 1.1417, 0.811 0.5524 1.1417, -0.773 0.5243 1.1417, -0.3543 0.2208 1.1417, -0.3449 0.2331 1.1417, -0.3728 -0.7441 1.1417, -0.3693 -0.7304 1.1417, -0.8528 -0.6943 1.1417, -0.8669 -0.6926 1.1417, 0.2362 0.5228 1.1417, 0.2263 0.5237 1.1417, 0.2362 0.2504 1.1417, 0.2124 0.5279 1.1417, -0.2362 0.2504 1.1417, 0.2362 0.2319 1.1417, -0.2362 0.2319 1.1417, 0.7598 0.5228 1.1417, 0.3449 0.2331 1.1417, 0.3031 0.2504 1.1417, 0.3184 0.2484 1.1417, 0.3327 0.2425 1.1417, -0.8395 -0.6993 1.1417, -0.8279 -0.7073 1.1417, -0.8184 -0.7179 1.1417, -0.1999 0.5353 1.1417, -0.2124 0.5279 1.1417, -0.2263 0.5237 1.1417, -0.3031 0.2504 1.1417, -0.3184 0.2484 1.1417, -0.7593 -1.148 1.1417, -0.4218 -1.148 1.1417, -0.7593 -1.1245 1.1417, -0.4218 -1.1245 1.1417, -0.8083 -0.7441 1.1417, -0.8118 -0.7304 1.1417, -1.1024 -1.8945 1.1417, -0.946 -0.744 1.1417, -0.9425 -0.7303 1.1417, -0.1961 0.5386 1.1417, 0.1961 0.5386 1.1417, 0.1999 0.5353 1.1417, -0.8512 -1.6669 1.1417, -0.8636 -1.6626 1.1417, -0.8748 -1.6555 1.1417, -0.8842 -1.6462 1.1417, -0.9359 -0.7178 1.1417, -0.9264 -0.7073 1.1417, -0.9148 -0.6993 1.1417, 0.2351 -0.744 1.1417, 0.2386 -0.7303 1.1417, 0.2362 -0.188 1.1417, -0.3278 -1.6664 1.1417, -0.3431 -1.6684 1.1417, -0.838 -1.6684 1.1417, 0.3063 -1.6555 1.1417, 0.2969 -1.6462 1.1417, 0.3532 -0.7073 1.1417, 0.3627 -0.7179 1.1417, 0.8083 -0.7441 1.1417, 0.3622 -0.062 1.1417, 0.359 -0.09 1.1417, 0.8395 -0.6993 1.1417, 0.3497 -0.1167 1.1417, 0.8279 -0.7073 1.1417, 0.3347 -0.1405 1.1417, 0.8184 -0.7179 1.1417, 0.8528 -0.6943 1.1417, 0.8971 -1.6094 1.1417, 0.8951 -1.6247 1.1417, 0.8892 -1.6389 1.1417, -0.8912 -1.635 1.1417, -0.8956 -1.6225 1.1417, -0.8971 -1.6094 1.1417, -0.9015 -0.6943 1.1417, -0.8875 -0.6926 1.1417, -0.8174 0.5687 1.1417, -0.8189 0.5819 1.1417, -0.8189 0.5898 1.1417, -0.2547 -0.7073 1.1417, -0.2452 -0.7178 1.1417, 0.4218 -1.148 1.1417, 0.7593 -1.148 1.1417, 0.4218 -1.1245 1.1417, 0.7593 -1.1245 1.1417, 0.3728 -0.7441 1.1417, 0.3693 -0.7304 1.1417, 0.2452 -0.7178 1.1417, 0.2547 -0.7073 1.1417, 0.2664 -0.6993 1.1417, 0.3148 -0.1605 1.1417, 0.2909 -0.1755 1.1417, 0.2643 -0.1848 1.1417, -0.8971 -1.1999 1.1417, -0.9462 -0.7582 1.1417, -0.3627 -0.7179 1.1417, -0.3532 -0.7073 1.1417, -0.3416 -0.6993 1.1417, -0.3283 -0.6943 1.1417, 0.2349 -0.7582 1.1417, -0.2386 -0.7303 1.1417, 0.3431 -1.6684 1.1417, 0.3299 -1.6669 1.1417, 0.3175 -1.6626 1.1417, 0.3543 0.2208 1.1417, 0.3602 0.2066 1.1417, 0.3622 0.1913 1.1417, 0.8669 -0.6926 1.1417, 0.8875 -0.6926 1.1417, 0.9015 -0.6943 1.1417, -0.2643 -0.1848 1.1417, -0.2909 -0.1755 1.1417, -0.3148 -0.1605 1.1417, -0.2351 -0.744 1.1417, -0.2349 -0.7582 1.1417, 0.284 -1.1999 1.1417, -0.284 -1.1999 1.1417, 0.284 -1.6094 1.1417, -0.284 -1.6094 1.1417, 0.2855 -1.6225 1.1417, 0.2899 -1.635 1.1417, 0.2796 -0.6943 1.1417, 0.2936 -0.6926 1.1417, 0.3142 -0.6926 1.1417, 0.9148 -0.6993 1.1417, 0.9264 -0.7073 1.1417, 0.9359 -0.7178 1.1417, 0.9425 -0.7303 1.1417, 0.946 -0.744 1.1417, 0.9462 -0.7582 1.1417, 0.8971 -1.1999 1.1417, 0.8118 -0.7304 1.1417, 0.3283 -0.6943 1.1417, 0.3416 -0.6993 1.1417, -0.3142 -0.6926 1.1417, -0.2936 -0.6926 1.1417, -0.2362 -0.188 1.1417, -0.2796 -0.6943 1.1417, -0.2664 -0.6993 1.1417, -0.3347 -0.1405 1.1417, -0.3497 -0.1167 1.1417, -0.359 -0.09 1.1417, -0.7855 0.5287 1.1417, -0.7967 0.5357 1.1417, -0.3602 0.2066 1.1417, -0.3622 0.1913 1.1417, -0.813 0.5563 1.1417, -0.806 0.5451 1.1417, -0.3622 -0.062 1.1417
            ]
        }
        coordIndex [
            0,1,2,-1,3,4,5,-1,6,7,8,-1,8,9,6,-1,6,9,10,-1,6,10,2,-1,2,10,11,-1,2,11,0,-1,3,5,12,-1,13,14,5,-1,5,14,15,-1,5,15,16,-1,17,18,5,-1,5,18,19,-1,5,19,20,-1,21,22,23,-1,23,22,24,-1,23,24,25,-1,25,24,26,-1,25,26,27,-1,27,28,25,-1,25,28,29,-1,25,29,30,-1,31,32,33,-1,30,34,25,-1,25,34,35,-1,25,35,5,-1,5,35,36,-1,5,36,12,-1,37,38,32,-1,32,38,39,-1,32,39,33,-1,40,41,42,-1,42,41,43,-1,44,45,46,-1,45,47,46,-1,46,47,48,-1,46,48,49,-1,49,48,50,-1,4,51,52,-1,46,53,44,-1,44,53,54,-1,44,54,51,-1,51,54,55,-1,51,55,52,-1,42,56,40,-1,40,56,57,-1,40,57,58,-1,59,60,48,-1,48,60,61,-1,48,61,62,-1,62,61,31,-1,62,31,63,-1,63,31,33,-1,64,65,66,-1,66,65,67,-1,66,67,68,-1,68,67,40,-1,68,40,69,-1,69,40,58,-1,70,71,6,-1,6,71,72,-1,73,59,74,-1,74,59,48,-1,74,48,75,-1,75,48,47,-1,76,77,70,-1,70,77,78,-1,70,78,79,-1,72,80,6,-1,6,80,81,-1,6,81,82,-1,83,84,85,-1,20,86,5,-1,5,86,87,-1,5,87,70,-1,70,87,88,-1,70,88,76,-1,17,89,90,-1,91,92,93,-1,94,95,96,-1,96,95,97,-1,96,97,98,-1,98,97,99,-1,98,99,100,-1,96,101,4,-1,102,103,5,-1,5,103,104,-1,5,104,13,-1,79,105,70,-1,70,105,106,-1,70,106,107,-1,82,108,6,-1,6,108,109,-1,6,109,43,-1,110,111,6,-1,6,111,112,-1,6,112,7,-1,85,113,114,-1,115,116,117,-1,117,116,118,-1,117,118,119,-1,119,118,93,-1,119,93,120,-1,120,93,92,-1,84,121,85,-1,85,121,122,-1,85,122,123,-1,99,124,100,-1,100,124,125,-1,100,125,126,-1,107,127,70,-1,70,127,128,-1,70,128,71,-1,41,129,43,-1,43,129,130,-1,43,130,6,-1,6,130,131,-1,6,131,132,-1,83,85,133,-1,133,85,114,-1,133,114,134,-1,16,135,5,-1,5,135,136,-1,5,136,17,-1,17,136,137,-1,17,137,89,-1,52,138,4,-1,4,138,139,-1,4,139,96,-1,96,139,140,-1,96,140,94,-1,101,141,4,-1,4,141,142,-1,4,142,143,-1,144,145,132,-1,132,145,146,-1,134,147,133,-1,133,147,148,-1,133,148,149,-1,149,148,150,-1,149,150,151,-1,151,150,152,-1,151,152,153,-1,153,152,17,-1,153,17,154,-1,154,17,90,-1,123,155,85,-1,85,155,156,-1,85,156,157,-1,143,158,4,-1,4,158,159,-1,4,159,160,-1,160,161,4,-1,4,161,162,-1,4,162,5,-1,5,162,163,-1,5,163,102,-1,102,163,164,-1,126,85,100,-1,100,85,157,-1,100,157,165,-1,165,157,166,-1,165,166,93,-1,93,166,167,-1,93,167,91,-1,132,168,144,-1,144,168,169,-1,144,169,170,-1,170,169,171,-1,170,171,85,-1,85,171,172,-1,85,172,113,-1,146,173,132,-1,132,173,174,-1,132,174,175,-1,37,176,38,-1,38,176,177,-1,38,177,178,-1,178,177,179,-1,110,6,180,-1,180,6,132,-1,180,132,181,-1,181,132,175,-1,181,175,177,-1,177,175,182,-1,177,182,179,-1,
        ]
    }
}
Shape{
    appearance Appearance {
        material  Material 	{
            diffuseColor 0.9686274509803922 0.8784313725490196 0.6
            specularColor 0.6784313725490196 0.615686274509804 0.4196078431372549
            ambientIntensity 0.8737
            transparency 0.0
            shininess 0.5
        }
    }
    geometry IndexedFaceSet {
        ccw TRUE
        solid FALSE
        coord DEF co Coordinate {
            point [
                0.4291 1.0542 0.0098, 0.4291 1.0542 0.0591, 0.4291 0.8945 0.0098, 0.4291 0.9417 0.0591, 0.4291 0.836 0.1448, 0.4291 0.7928 0.1046, 0.4291 0.8985 0.0778, 0.4291 0.8553 0.0376, 0.4291 0.9076 0.0699, 0.4291 0.8715 0.0231, 0.4291 0.9181 0.064, 0.4291 0.9296 0.0603
            ]
        }
        coordIndex [
            0,1,2,-1,2,1,3,-1,4,5,6,-1,6,5,7,-1,6,7,8,-1,8,7,9,-1,8,9,10,-1,10,9,2,-1,10,2,11,-1,11,2,3,-1,
        ]
    }
}
Shape{
    appearance Appearance {
        material  Material 	{
            diffuseColor 0.6666666666666666 0.6980392156862745 0.7686274509803922
            specularColor 0.3333333333333333 0.34901960784313724 0.3843137254901961
            ambientIntensity 0.6967
            transparency 0.0
            shininess 0.5
        }
    }
    geometry IndexedFaceSet {
        ccw TRUE
        solid FALSE
        coord DEF co Coordinate {
            point [
                0.5778 1.0583 1.0725, 0.5778 0.6488 1.0725, 0.6268 0.6488 1.1101, 0.6268 1.0583 1.1101, 0.6837 0.6488 1.1337, 0.6837 1.0583 1.1337, 0.7449 0.6488 1.1417, 0.7449 1.0583 1.1417
            ]
        }
        coordIndex [
            0,1,2,-1,0,2,3,-1,3,2,4,-1,3,4,5,-1,5,4,6,-1,5,6,7,-1,
        ]
    }
}
Shape{
    appearance Appearance {
        material  Material 	{
            diffuseColor 0.9686274509803922 0.8784313725490196 0.6
            specularColor 0.6784313725490196 0.615686274509804 0.4196078431372549
            ambientIntensity 0.8737
            transparency 0.0
            shininess 0.5
        }
    }
    geometry IndexedFaceSet {
        ccw TRUE
        solid FALSE
        coord DEF co Coordinate {
            point [
                0.2697 0.271 0.4528, 0.2697 0.3102 0.4528, 0.315 0.271 0.4528, 0.3602 0.3102 0.4528, 0.3602 0.271 0.4528, -0.498 0.4874 0.0, -0.4469 0.4874 0.0, -0.4987 0.4778 0.0004, -0.4452 0.4677 0.0017, -0.5003 0.4677 0.0021, -0.4452 0.4676 0.0017, -0.5017 0.4586 0.0036, -0.4403 0.4491 0.0064, -0.437 0.4402 0.0098, -0.5079 0.4402 0.0098, -0.437 0.4398 0.0101, -0.5079 0.4398 0.0101, -0.437 0.4148 0.0249, -0.5079 0.4148 0.0249, -0.437 0.3942 0.0455, -0.5079 0.3942 0.0455, -0.437 0.3793 0.0705, -0.5079 0.3793 0.0705, -0.437 0.371 0.0983, -0.5079 0.371 0.0983, -0.437 0.3693 0.1181, -0.5079 0.3693 0.1181, 1.1752 0.6843 0.5787, 1.1752 0.6646 0.5787, 1.1752 0.6977 0.5772, 1.1752 0.6514 0.5773, 1.1752 0.6511 0.5772
            ]
        }
        coordIndex [
            0,1,2,-1,2,1,3,-1,2,3,4,-1,5,6,7,-1,7,6,8,-1,7,8,9,-1,9,8,10,-1,9,10,11,-1,10,12,11,-1,11,12,13,-1,11,13,14,-1,14,13,15,-1,14,15,16,-1,16,15,17,-1,16,17,18,-1,18,17,19,-1,18,19,20,-1,20,19,21,-1,20,21,22,-1,22,21,23,-1,22,23,24,-1,24,23,25,-1,24,25,26,-1,27,28,29,-1,29,28,30,-1,29,30,31,-1,
        ]
    }
}
Shape{
    appearance Appearance {
        material  Material 	{
            diffuseColor 0.6666666666666666 0.6980392156862745 0.7686274509803922
            specularColor 0.3333333333333333 0.34901960784313724 0.3843137254901961
            ambientIntensity 0.6967
            transparency 0.0
            shininess 0.5
        }
    }
    geometry IndexedFaceSet {
        ccw TRUE
        solid FALSE
        coord DEF co Coordinate {
            point [
                -0.6417 -1.3236 0.1181, -0.6417 -1.3236 0.0, -0.8486 -1.3236 0.1181, -0.8486 -1.3236 0.0, -0.8605 -1.3236 0.1193, -0.8843 -1.3236 0.0036, -0.872 -1.3236 0.1229, -0.9186 -1.3236 0.0144, -0.8824 -1.3236 0.1287, -0.95 -1.3236 0.0319, -0.8915 -1.3236 0.1365, -0.9772 -1.3236 0.0553, -1.1452 -1.3236 0.4042, -1.2309 -1.3236 0.3229, -1.154 -1.3236 0.4162, -1.2573 -1.3236 0.359, -1.1595 -1.3236 0.43, -1.2739 -1.3236 0.4005, -1.1614 -1.3236 0.4448, -1.2795 -1.3236 0.4448, -1.1614 -1.3236 0.4743, -1.2795 -1.3236 0.4743
            ]
        }
        coordIndex [
            0,1,2,-1,2,1,3,-1,2,3,4,-1,4,3,5,-1,4,5,6,-1,6,5,7,-1,6,7,8,-1,8,7,9,-1,8,9,10,-1,10,9,11,-1,10,11,12,-1,12,11,13,-1,12,13,14,-1,14,13,15,-1,14,15,16,-1,16,15,17,-1,16,17,18,-1,18,17,19,-1,18,19,20,-1,20,19,21,-1,
        ]
    }
}
Shape{
    appearance Appearance {
        material  Material 	{
            diffuseColor 0.9686274509803922 0.8784313725490196 0.6
            specularColor 0.6784313725490196 0.615686274509804 0.4196078431372549
            ambientIntensity 0.8737
            transparency 0.0
            shininess 0.5
        }
    }
    geometry IndexedFaceSet {
        ccw TRUE
        solid FALSE
        coord DEF co Coordinate {
            point [
                0.439 0.7812 0.117, 0.4291 0.7928 0.1046, 0.439 0.8244 0.1573, 0.4291 0.836 0.1448, 0.6732 0.7928 0.1046, 0.6634 0.7812 0.117, 0.6732 0.836 0.1448, 0.6634 0.8244 0.1573
            ]
        }
        coordIndex [
            0,1,2,-1,2,1,3,-1,4,5,6,-1,6,5,7,-1,
        ]
    }
}
Shape{
    appearance Appearance {
        material  Material 	{
            diffuseColor 0.2235294117647059 0.2235294117647059 0.2235294117647059
            specularColor 0.11372549019607843 0.11372549019607843 0.11372549019607843
            ambientIntensity 0.2235
            transparency 0.0
            shininess 0.5
        }
    }
    geometry IndexedFaceSet {
        ccw TRUE
        solid FALSE
        coord DEF co Coordinate {
            point [
                -0.8394 0.7335 0.4528, -1.1024 0.7335 0.4528, -0.8508 1.0583 0.4528, -1.1024 1.0583 0.4528
            ]
        }
        coordIndex [
            0,1,2,-1,2,1,3,-1,
        ]
    }
}
Shape{
    appearance Appearance {
        material  Material 	{
            diffuseColor 0.9686274509803922 0.8784313725490196 0.6
            specularColor 0.6784313725490196 0.615686274509804 0.4196078431372549
            ambientIntensity 0.8737
            transparency 0.0
            shininess 0.5
        }
    }
    geometry IndexedFaceSet {
        ccw TRUE
        solid FALSE
        coord DEF co Coordinate {
            point [
                -0.2028 0.271 0.4528, -0.2028 0.271 0.5118, -0.2028 0.3102 0.4528, -0.2028 0.3102 0.5118, -0.2028 0.3255 0.4507, -0.2028 0.3408 0.5078, -0.2028 0.3398 0.4448, -0.2028 0.3693 0.496, -0.2028 0.352 0.4355, -0.2028 0.3938 0.4772, -0.2028 0.3614 0.4232, -0.2028 0.4125 0.4528, -0.2028 0.3673 0.409, -0.2028 0.4243 0.4243, -0.2028 0.3693 0.3937, -0.2028 0.4283 0.3937, -0.2028 0.3693 0.2375, -0.2028 0.4283 0.2375, 0.3583 0.7928 0.1046, 0.3583 0.8553 0.0376, 0.4291 0.8553 0.0376, 0.4291 0.7928 0.1046, 0.439 0.7812 0.117, 0.3484 0.7812 0.117, 0.439 0.6766 0.2292, 0.3484 0.6766 0.2292, -0.1327 -1.1051 0.4528, -0.1327 -1.1051 0.4606, -0.1332 -1.1057 0.4528, -0.1332 -1.1057 0.4606, -0.1336 -1.1064 0.4528, -0.1336 -1.1064 0.4606, -0.1338 -1.1071 0.4528, -0.1338 -1.1071 0.4606, -0.1339 -1.1079 0.4528, -0.1339 -1.1079 0.4606, -0.6051 -1.1051 0.4606, -0.6051 -1.1051 0.4528, -0.5906 -1.0905 0.4606, -0.5906 -1.0905 0.4528
            ]
        }
        coordIndex [
            0,1,2,-1,2,1,3,-1,2,3,4,-1,4,3,5,-1,4,5,6,-1,6,5,7,-1,6,7,8,-1,8,7,9,-1,8,9,10,-1,10,9,11,-1,10,11,12,-1,12,11,13,-1,12,13,14,-1,14,13,15,-1,14,15,16,-1,16,15,17,-1,18,19,20,-1,20,21,18,-1,18,21,22,-1,18,22,23,-1,23,22,24,-1,23,24,25,-1,26,27,28,-1,28,27,29,-1,28,29,30,-1,30,29,31,-1,30,31,32,-1,32,31,33,-1,32,33,34,-1,34,33,35,-1,36,37,38,-1,38,37,39,-1,
        ]
    }
}
Shape{
    appearance Appearance {
        material  Material 	{
            diffuseColor 0.6666666666666666 0.6980392156862745 0.7686274509803922
            specularColor 0.3333333333333333 0.34901960784313724 0.3843137254901961
            ambientIntensity 0.6967
            transparency 0.0
            shininess 0.5
        }
    }
    geometry IndexedFaceSet {
        ccw TRUE
        solid FALSE
        coord DEF co Coordinate {
            point [
                -1.1614 0.7433 0.5197, -1.2795 0.7433 0.5197, -1.1614 0.7433 0.5085, -1.2795 0.7433 0.5085, -1.1592 0.7433 0.4897, -1.2739 0.7433 0.4617, -1.1525 0.7433 0.4721, -1.2573 0.7433 0.4176, -1.1419 0.7433 0.4565, -1.2307 0.7433 0.3787, -1.1278 0.7433 0.444, -1.1956 0.7433 0.3472, -0.9256 0.7433 0.3024, -0.9934 0.7433 0.2056
            ]
        }
        coordIndex [
            0,1,2,-1,2,1,3,-1,2,3,4,-1,4,3,5,-1,4,5,6,-1,6,5,7,-1,6,7,8,-1,8,7,9,-1,8,9,10,-1,10,9,11,-1,10,11,12,-1,12,11,13,-1,
        ]
    }
}
Shape{
    appearance Appearance {
        material  Material 	{
            diffuseColor 0.9686274509803922 0.8784313725490196 0.6
            specularColor 0.6784313725490196 0.615686274509804 0.4196078431372549
            ambientIntensity 0.8737
            transparency 0.0
            shininess 0.5
        }
    }
    geometry IndexedFaceSet {
        ccw TRUE
        solid FALSE
        coord DEF co Coordinate {
            point [
                0.576 -1.1051 0.689, 0.576 -1.1051 0.6811, 0.5906 -1.0905 0.689, 0.5906 -1.0905 0.6811
            ]
        }
        coordIndex [
            0,1,2,-1,2,1,3,-1,
        ]
    }
}
Shape{
    appearance Appearance {
        material  Material 	{
            diffuseColor 0.2235294117647059 0.2235294117647059 0.2235294117647059
            specularColor 0.11372549019607843 0.11372549019607843 0.11372549019607843
            ambientIntensity 0.2235
            transparency 0.0
            shininess 0.5
        }
    }
    geometry IndexedFaceSet {
        ccw TRUE
        solid FALSE
        coord DEF co Coordinate {
            point [
                -0.8394 0.7335 0.4528, -0.8394 0.7335 0.1752, -1.1024 0.7335 0.4528, -1.1417 0.7335 0.1752, -1.1417 0.7335 0.4922
            ]
        }
        coordIndex [
            0,1,2,-1,2,1,3,-1,2,3,4,-1,
        ]
    }
}
Shape{
    appearance Appearance {
        material  Material 	{
            diffuseColor 0.9686274509803922 0.8784313725490196 0.6
            specularColor 0.6784313725490196 0.615686274509804 0.4196078431372549
            ambientIntensity 0.8737
            transparency 0.0
            shininess 0.5
        }
    }
    geometry IndexedFaceSet {
        ccw TRUE
        solid FALSE
        coord DEF co Coordinate {
            point [
                0.8141 -0.0539 0.1181, 0.8141 0.0051 0.0591, 0.0039 -0.0539 0.1181, 0.063 0.0051 0.0591, 0.0531 0.0043 0.0599, 0.0167 -0.0179 0.0821, 0.0109 -0.0258 0.0899, 0.0091 -0.0303 0.0945, 0.0391 -0.0 0.0642, 0.0316 -0.0038 0.068, 0.0269 -0.0077 0.0719, 0.005 -0.0441 0.1083, 0.0202 -0.0133 0.0774, 0.0519 0.0041 0.06, 0.0418 0.0014 0.0628, 0.0055 -0.0398 0.104
            ]
        }
        coordIndex [
            0,1,2,-1,2,1,3,-1,2,3,4,-1,5,6,7,-1,8,9,2,-1,2,9,10,-1,2,10,11,-1,10,12,5,-1,4,13,2,-1,2,13,14,-1,2,14,8,-1,5,7,10,-1,10,7,15,-1,10,15,11,-1,
        ]
    }
}
Shape{
    appearance Appearance {
        material  Material 	{
            diffuseColor 0.2235294117647059 0.2235294117647059 0.2235294117647059
            specularColor 0.11372549019607843 0.11372549019607843 0.11372549019607843
            ambientIntensity 0.2235
            transparency 0.0
            shininess 0.5
        }
    }
    geometry IndexedFaceSet {
        ccw TRUE
        solid FALSE
        coord DEF co Coordinate {
            point [
                -1.063 1.0583 1.0079, -1.063 -0.2213 1.0079, -0.8508 1.0583 1.0079, -0.8508 -0.2213 1.0079
            ]
        }
        coordIndex [
            0,1,2,-1,2,1,3,-1,
        ]
    }
}
Shape{
    appearance Appearance {
        material  Material 	{
            diffuseColor 0.6666666666666666 0.6980392156862745 0.7686274509803922
            specularColor 0.3333333333333333 0.34901960784313724 0.3843137254901961
            ambientIntensity 0.6967
            transparency 0.0
            shininess 0.5
        }
    }
    geometry IndexedFaceSet {
        ccw TRUE
        solid FALSE
        coord DEF co Coordinate {
            point [
                -0.8915 -1.3236 0.1365, -0.8915 -1.8354 0.1365, -0.8824 -1.3236 0.1287, -0.8824 -1.8354 0.1287, -0.872 -1.3236 0.1229, -0.872 -1.8354 0.1229, -0.8605 -1.3236 0.1193, -0.8605 -1.8354 0.1193, -0.8486 -1.3236 0.1181, -0.8486 -1.8354 0.1181, -1.0827 0.1429 0.0, -1.0827 0.6055 0.0, -0.8268 0.202 0.0, -0.8858 0.6055 0.0, -0.8268 0.5465 0.0, -0.8705 0.6035 0.0, -0.8563 0.5976 0.0, -0.8858 0.1429 0.0, -0.8288 0.1867 0.0, -0.8347 0.1724 0.0, -0.8441 0.1602 0.0, -0.8563 0.1508 0.0, -0.8705 0.1449 0.0, -0.8441 0.5882 0.0, -0.8347 0.576 0.0, -0.8288 0.5617 0.0
            ]
        }
        coordIndex [
            0,1,2,-1,2,1,3,-1,2,3,4,-1,4,3,5,-1,4,5,6,-1,6,5,7,-1,6,7,8,-1,8,7,9,-1,10,11,12,-1,12,11,13,-1,12,13,14,-1,14,13,15,-1,14,15,16,-1,10,12,17,-1,17,12,18,-1,17,18,19,-1,19,20,17,-1,17,20,21,-1,17,21,22,-1,16,23,14,-1,14,23,24,-1,14,24,25,-1,
        ]
    }
}
Shape{
    appearance Appearance {
        material  Material 	{
            diffuseColor 0.9686274509803922 0.8784313725490196 0.6
            specularColor 0.6784313725490196 0.615686274509804 0.4196078431372549
            ambientIntensity 0.8737
            transparency 0.0
            shininess 0.5
        }
    }
    geometry IndexedFaceSet {
        ccw TRUE
        solid FALSE
        coord DEF co Coordinate {
            point [
                -0.2343 0.0247 0.9567, -0.235 0.03 0.9571, 0.2362 0.0925 0.9626, -0.2362 0.0404 0.9581, -0.2362 0.0925 0.9626, 0.2361 0.0358 0.9576, 0.2349 0.0301 0.957, -0.2308 0.0153 0.9558, 0.2308 0.0154 0.9557, 0.226 0.0052 0.955, -0.226 0.0052 0.955, 0.2329 0.0199 0.956, -0.2287 0.0099 0.9554, 0.2362 0.0404 0.9581, 0.1319 0.6055 0.0, 0.122 0.6055 0.0098, 0.1831 0.6055 0.0, 0.122 0.6055 0.0591, 0.1929 0.6055 0.0098, 0.1929 0.6055 0.0591
            ]
        }
        coordIndex [
            0,1,2,-1,2,1,3,-1,2,3,4,-1,5,6,7,-1,8,9,10,-1,6,11,7,-1,7,11,8,-1,7,8,12,-1,12,8,10,-1,0,2,7,-1,7,2,13,-1,7,13,5,-1,14,15,16,-1,16,15,17,-1,16,17,18,-1,18,17,19,-1,
        ]
    }
}
Shape{
    appearance Appearance {
        material  Material 	{
            diffuseColor 0.6666666666666666 0.6980392156862745 0.7686274509803922
            specularColor 0.3333333333333333 0.34901960784313724 0.3843137254901961
            ambientIntensity 0.6967
            transparency 0.0
            shininess 0.5
        }
    }
    geometry IndexedFaceSet {
        ccw TRUE
        solid FALSE
        coord DEF co Coordinate {
            point [
                -0.7449 0.6488 1.0236, -0.7449 0.9992 1.0236, -0.7143 0.6488 1.0196, -0.7143 0.9992 1.0196, -0.6858 0.6488 1.0078, -0.6858 0.9992 1.0078, -0.6614 0.6488 0.989, -0.6614 0.9992 0.989, 0.8486 -0.5756 0.0, 0.8486 0.0051 0.0, 0.8843 0.0051 0.0036, 0.8843 -0.5756 0.0036, 0.9186 0.0051 0.0144, 0.9186 -0.5756 0.0144, 0.95 0.0051 0.0319, 0.95 -0.5756 0.0319, 0.9772 0.0051 0.0553, 0.9772 -0.5756 0.0553, -0.4741 1.0575 0.8835, -0.4801 1.0583 0.8913, -0.4383 1.0583 0.933, -0.474 1.0574 0.8834, -0.4313 1.0574 0.926, -0.4682 1.0544 0.8735, -0.4215 1.0533 0.9162, -0.4672 1.0531 0.8706, -0.4644 1.0493 0.8628, -0.4127 1.0458 0.9074, -0.4637 1.0454 0.8567, -0.4628 1.04 0.8482, -0.4054 1.0355 0.9001, -0.4637 1.0353 0.8422, -0.4648 1.0293 0.8348, -0.4001 1.023 0.8948, -0.4674 1.0228 0.8282, -0.4708 1.0147 0.82, -0.3972 1.0091 0.8919, -0.4742 1.009 0.8155, -0.3966 0.9992 0.8913, -0.4801 0.9992 0.8078
            ]
        }
        coordIndex [
            0,1,2,-1,2,1,3,-1,2,3,4,-1,4,3,5,-1,4,5,6,-1,6,5,7,-1,8,9,10,-1,8,10,11,-1,11,10,12,-1,11,12,13,-1,13,12,14,-1,13,14,15,-1,15,14,16,-1,15,16,17,-1,18,19,20,-1,18,20,21,-1,21,20,22,-1,21,22,23,-1,23,22,24,-1,23,24,25,-1,25,24,26,-1,26,24,27,-1,26,27,28,-1,28,27,29,-1,29,27,30,-1,29,30,31,-1,31,30,32,-1,32,30,33,-1,32,33,34,-1,34,33,35,-1,35,33,36,-1,35,36,37,-1,37,36,38,-1,37,38,39,-1,
        ]
    }
}
Shape{
    appearance Appearance {
        material  Material 	{
            diffuseColor 0.9686274509803922 0.8784313725490196 0.6
            specularColor 0.6784313725490196 0.615686274509804 0.4196078431372549
            ambientIntensity 0.8737
            transparency 0.0
            shininess 0.5
        }
    }
    geometry IndexedFaceSet {
        ccw TRUE
        solid FALSE
        coord DEF co Coordinate {
            point [
                0.5118 -1.0905 0.689, 0.5118 -1.0905 0.6811, 0.5264 -1.1051 0.689, 0.5264 -1.1051 0.6811
            ]
        }
        coordIndex [
            0,1,2,-1,2,1,3,-1,
        ]
    }
}
Shape{
    appearance Appearance {
        material  Material 	{
            diffuseColor 0.6666666666666666 0.6980392156862745 0.7686274509803922
            specularColor 0.3333333333333333 0.34901960784313724 0.3843137254901961
            ambientIntensity 0.6967
            transparency 0.0
            shininess 0.5
        }
    }
    geometry IndexedFaceSet {
        ccw TRUE
        solid FALSE
        coord DEF co Coordinate {
            point [
                -0.2362 0.5228 1.0236, -0.7598 0.5228 1.0236, -0.2362 0.5228 1.1417, -0.7598 0.5228 1.1417
            ]
        }
        coordIndex [
            0,1,2,-1,2,1,3,-1,
        ]
    }
}
Shape{
    appearance Appearance {
        material  Material 	{
            diffuseColor 0.2235294117647059 0.2235294117647059 0.2235294117647059
            specularColor 0.11372549019607843 0.11372549019607843 0.11372549019607843
            ambientIntensity 0.2235
            transparency 0.0
            shininess 0.5
        }
    }
    geometry IndexedFaceSet {
        ccw TRUE
        solid FALSE
        coord DEF co Coordinate {
            point [
                0.1823 -1.1051 0.4606, 0.1969 -1.0905 0.4606, 0.2913 -1.1228 0.4606, 0.1818 -1.1057 0.4606, 0.1969 -0.3394 0.4606, 0.2756 -0.3394 0.4606, 0.1811 -1.1228 0.4606, 0.1811 -1.1079 0.4606, 0.2756 -1.0905 0.4606, 0.2902 -1.1051 0.4606, 0.2908 -1.1059 0.4606, 0.1812 -1.1071 0.4606, 0.1814 -1.1064 0.4606, 0.2912 -1.1069 0.4606, 0.2913 -1.1079 0.4606
            ]
        }
        coordIndex [
            0,1,2,-1,0,2,3,-1,1,4,5,-1,2,6,7,-1,5,8,1,-1,1,8,9,-1,1,9,10,-1,7,11,2,-1,2,11,12,-1,2,12,3,-1,10,13,1,-1,1,13,14,-1,1,14,2,-1,
        ]
    }
}
Shape{
    appearance Appearance {
        material  Material 	{
            diffuseColor 0.9686274509803922 0.8784313725490196 0.6
            specularColor 0.6784313725490196 0.615686274509804 0.4196078431372549
            ambientIntensity 0.8737
            transparency 0.0
            shininess 0.5
        }
    }
    geometry IndexedFaceSet {
        ccw TRUE
        solid FALSE
        coord DEF co Coordinate {
            point [
                0.1909 0.271 0.6299, 0.1909 0.5858 0.6299, 0.2362 0.271 0.6299, 0.2815 0.5858 0.6299, 0.2815 0.271 0.6299
            ]
        }
        coordIndex [
            0,1,2,-1,2,1,3,-1,2,3,4,-1,
        ]
    }
}
Shape{
    appearance Appearance {
        material  Material 	{
            diffuseColor 0.6666666666666666 0.6980392156862745 0.7686274509803922
            specularColor 0.3333333333333333 0.34901960784313724 0.3843137254901961
            ambientIntensity 0.6967
            transparency 0.0
            shininess 0.5
        }
    }
    geometry IndexedFaceSet {
        ccw TRUE
        solid FALSE
        coord DEF co Coordinate {
            point [
                -1.1614 -1.3236 0.4743, -1.2795 -1.3236 0.4743, -1.1614 -1.3216 0.4896, -1.2795 -1.3216 0.4896, -1.1614 -1.3157 0.5039, -1.2795 -1.3157 0.5039, -1.1614 -1.3063 0.5161, -1.2795 -1.3063 0.5161, -1.1614 -1.2941 0.5255, -1.2795 -1.2941 0.5255, -1.1614 -1.2799 0.5314, -1.2795 -1.2799 0.5314, -1.1614 -1.2646 0.5334, -1.2795 -1.2646 0.5334, -0.9772 -1.8945 0.0553, -1.2309 -1.8945 0.3229, -0.9772 -1.3236 0.0553, -1.2309 -1.3236 0.3229
            ]
        }
        coordIndex [
            0,1,2,-1,2,1,3,-1,2,3,4,-1,4,3,5,-1,4,5,6,-1,6,5,7,-1,6,7,8,-1,8,7,9,-1,8,9,10,-1,10,9,11,-1,10,11,12,-1,12,11,13,-1,14,15,16,-1,16,15,17,-1,
        ]
    }
}
Shape{
    appearance Appearance {
        material  Material 	{
            diffuseColor 0.2235294117647059 0.2235294117647059 0.2235294117647059
            specularColor 0.11372549019607843 0.11372549019607843 0.11372549019607843
            ambientIntensity 0.2235
            transparency 0.0
            shininess 0.5
        }
    }
    geometry IndexedFaceSet {
        ccw TRUE
        solid FALSE
        coord DEF co Coordinate {
            point [
                0.2114 -1.1051 0.6811, 0.1969 -1.0905 0.6811, 0.1024 -1.1228 0.6811, 0.2126 -1.1228 0.6811, 0.2126 -1.1079 0.6811, 0.1969 -0.3394 0.6811, 0.1181 -0.3394 0.6811, 0.1181 -1.0905 0.6811, 0.2125 -1.1069 0.6811, 0.2121 -1.1059 0.6811, 0.1035 -1.1051 0.6811, 0.103 -1.1057 0.6811, 0.1027 -1.1064 0.6811, 0.1024 -1.1071 0.6811, 0.1024 -1.1079 0.6811, -1.1417 0.7335 0.1752, -0.8394 0.7335 0.1752, -0.8326 0.538 0.1752, -1.1417 0.015 0.1752, -0.8858 0.015 0.1752, -0.7354 0.015 0.1752, -0.7354 0.271 0.1752
            ]
        }
        coordIndex [
            0,1,2,-1,2,3,4,-1,5,6,1,-1,1,6,7,-1,4,8,2,-1,2,8,9,-1,2,9,0,-1,7,10,1,-1,1,10,11,-1,1,11,12,-1,12,13,1,-1,1,13,14,-1,1,14,2,-1,15,16,17,-1,18,15,19,-1,19,15,17,-1,19,17,20,-1,20,17,21,-1,
        ]
    }
}
Shape{
    appearance Appearance {
        material  Material 	{
            diffuseColor 0.9686274509803922 0.8784313725490196 0.6
            specularColor 0.6784313725490196 0.615686274509804 0.4196078431372549
            ambientIntensity 0.8737
            transparency 0.0
            shininess 0.5
        }
    }
    geometry IndexedFaceSet {
        ccw TRUE
        solid FALSE
        coord DEF co Coordinate {
            point [
                0.439 0.5858 0.6299, 0.3484 0.5858 0.6299, 0.439 0.6011 0.6279, 0.3484 0.6011 0.6279, 0.439 0.6154 0.622, 0.3484 0.6154 0.622, 0.439 0.6276 0.6126, 0.3484 0.6276 0.6126, 0.439 0.637 0.6004, 0.3484 0.637 0.6004, 0.439 0.6429 0.5862, 0.3484 0.6429 0.5862, 0.439 0.6449 0.5709, 0.3484 0.6449 0.5709, -0.5866 0.7928 0.1046, -0.5866 0.8553 0.0376, -0.5157 0.8553 0.0376, -0.5157 0.7928 0.1046, -0.5059 0.7812 0.117, -0.5965 0.7812 0.117, -0.5059 0.6766 0.2292, -0.5965 0.6766 0.2292, -0.7376 0.015 1.0079, -0.7258 0.015 1.0079, -0.7376 0.015 1.0157, -0.7376 0.015 1.0197, -0.8508 0.015 1.0157, -0.8508 0.015 1.0197, -0.7539 0.6766 0.2292, -0.6634 0.6766 0.2292, -0.6634 0.6594 0.253, -0.7539 0.6594 0.253, -0.6634 0.6486 0.2805, -0.7539 0.6486 0.2805, -0.6634 0.6449 0.3097, -0.7539 0.6449 0.3097, 0.122 0.3693 0.2205, 0.1122 0.3693 0.2375, 0.122 0.4283 0.2205, 0.1122 0.4283 0.2375, -0.2598 -1.1079 0.6811, -0.2598 -1.1079 0.689, -0.26 -1.1069 0.6811, -0.26 -1.1069 0.689, -0.2604 -1.1059 0.6811, -0.2604 -1.1059 0.689, -0.261 -1.1051 0.6811, -0.261 -1.1051 0.689, 0.439 0.7039 0.5709, 0.3484 0.7039 0.5709, 0.3484 0.6999 0.6014, 0.439 0.6999 0.6014, 0.3484 0.6881 0.6299, 0.439 0.6881 0.6299, 0.3484 0.6693 0.6544, 0.439 0.6693 0.6544, 0.3484 0.6449 0.6732, 0.439 0.6449 0.6732, 0.3484 0.6164 0.685, 0.439 0.6164 0.685, 0.3484 0.5858 0.689, 0.439 0.5858 0.689, 0.0273 0.4676 0.0017, 0.0354 0.6055 0.0098, 0.0321 0.4491 0.0064, 0.0354 0.4402 0.0098, 0.0273 0.4677 0.0017, 0.0256 0.4874 0.0, 0.0256 0.6055 0.0
            ]
        }
        coordIndex [
            0,1,2,-1,2,1,3,-1,2,3,4,-1,4,3,5,-1,4,5,6,-1,6,5,7,-1,6,7,8,-1,8,7,9,-1,8,9,10,-1,10,9,11,-1,10,11,12,-1,12,11,13,-1,14,15,16,-1,16,17,14,-1,14,17,18,-1,14,18,19,-1,19,18,20,-1,19,20,21,-1,22,23,24,-1,24,23,25,-1,24,25,26,-1,26,25,27,-1,28,29,30,-1,28,30,31,-1,31,30,32,-1,31,32,33,-1,33,32,34,-1,33,34,35,-1,36,37,38,-1,38,37,39,-1,40,41,42,-1,42,41,43,-1,42,43,44,-1,44,43,45,-1,44,45,46,-1,46,45,47,-1,48,49,50,-1,48,50,51,-1,51,50,52,-1,51,52,53,-1,53,52,54,-1,53,54,55,-1,55,54,56,-1,55,56,57,-1,57,56,58,-1,57,58,59,-1,59,58,60,-1,59,60,61,-1,62,63,64,-1,64,63,65,-1,62,66,63,-1,63,66,67,-1,63,67,68,-1,
        ]
    }
}
Shape{
    appearance Appearance {
        material  Material 	{
            diffuseColor 0.6666666666666666 0.6980392156862745 0.7686274509803922
            specularColor 0.3333333333333333 0.34901960784313724 0.3843137254901961
            ambientIntensity 0.6967
            transparency 0.0
            shininess 0.5
        }
    }
    geometry IndexedFaceSet {
        ccw TRUE
        solid FALSE
        coord DEF co Coordinate {
            point [
                0.1772 0.5858 1.1024, -0.1772 0.5858 1.1024, 0.1772 0.5819 1.1024, -0.1772 0.5819 1.1024, 0.1773 0.578 1.1024, -0.1773 0.578 1.1024
            ]
        }
        coordIndex [
            0,1,2,-1,2,1,3,-1,2,3,4,-1,4,3,5,-1,
        ]
    }
}
Shape{
    appearance Appearance {
        material  Material 	{
            diffuseColor 0.9686274509803922 0.8784313725490196 0.6
            specularColor 0.6784313725490196 0.615686274509804 0.4196078431372549
            ambientIntensity 0.8737
            transparency 0.0
            shininess 0.5
        }
    }
    geometry IndexedFaceSet {
        ccw TRUE
        solid FALSE
        coord DEF co Coordinate {
            point [
                -0.3391 -1.1059 0.4528, -0.2756 -1.0905 0.4528, -0.3387 -1.1069 0.4528, -0.2902 -1.1051 0.4528, -0.2907 -1.1057 0.4528, -0.2913 -1.2107 0.4528, -0.3386 -1.2107 0.4528, -0.2913 -1.1079 0.4528, -0.3386 -1.1079 0.4528, -0.2913 -1.1071 0.4528, -0.291 -1.1064 0.4528, -0.3543 -0.3315 0.4528, -0.2756 -0.3315 0.4528, -0.3543 -1.0905 0.4528, -0.3397 -1.1051 0.4528, 0.2815 0.271 0.689, 0.2815 0.5858 0.689, 0.2362 0.271 0.689, 0.1909 0.5858 0.689, 0.1909 0.271 0.689, 0.2857 0.4586 0.0036, 0.2795 0.4402 0.0098, 0.2795 0.6055 0.0098, 0.2894 0.6055 0.0, 0.2894 0.4874 0.0, 0.2887 0.4778 0.0004, 0.2871 0.4677 0.0021, 0.0433 0.7928 0.1046, 0.0433 0.8553 0.0376, 0.1142 0.8553 0.0376, 0.1142 0.7928 0.1046, 0.124 0.7812 0.117, 0.0335 0.7812 0.117, 0.124 0.6766 0.2292, 0.0335 0.6766 0.2292
            ]
        }
        coordIndex [
            0,1,2,-1,2,1,3,-1,2,3,4,-1,5,6,7,-1,7,6,8,-1,7,8,9,-1,9,8,2,-1,9,2,10,-1,10,2,4,-1,11,12,13,-1,13,12,1,-1,13,1,14,-1,14,1,0,-1,15,16,17,-1,17,16,18,-1,17,18,19,-1,20,21,22,-1,22,23,24,-1,24,25,22,-1,22,25,26,-1,22,26,20,-1,27,28,29,-1,29,30,27,-1,27,30,31,-1,27,31,32,-1,32,31,33,-1,32,33,34,-1,
        ]
    }
}
Shape{
    appearance Appearance {
        material  Material 	{
            diffuseColor 0.6666666666666666 0.6980392156862745 0.7686274509803922
            specularColor 0.3333333333333333 0.34901960784313724 0.3843137254901961
            ambientIntensity 0.6967
            transparency 0.0
            shininess 0.5
        }
    }
    geometry IndexedFaceSet {
        ccw TRUE
        solid FALSE
        coord DEF co Coordinate {
            point [
                -0.0039 -0.0539 0.0, -0.0039 -0.0539 0.1181, -0.0039 -0.5038 0.0, -0.0039 -0.5038 0.1181
            ]
        }
        coordIndex [
            0,1,2,-1,2,1,3,-1,
        ]
    }
}
Shape{
    appearance Appearance {
        material  Material 	{
            diffuseColor 0.9686274509803922 0.8784313725490196 0.6
            specularColor 0.6784313725490196 0.615686274509804 0.4196078431372549
            ambientIntensity 0.8737
            transparency 0.0
            shininess 0.5
        }
    }
    geometry IndexedFaceSet {
        ccw TRUE
        solid FALSE
        coord DEF co Coordinate {
            point [
                -0.4469 0.6055 0.0, -0.498 0.6055 0.0, -0.437 0.6055 0.0098, -0.5079 0.6055 0.0098, -0.437 0.6055 0.0591, -0.5079 0.6055 0.0591, 0.7539 0.271 0.689, 0.7539 0.271 0.6299, 0.7539 0.5858 0.689, 0.7539 0.5858 0.6299, 0.7539 0.6164 0.685, 0.7539 0.6011 0.6279, 0.7539 0.6449 0.6732, 0.7539 0.6154 0.622, 0.7539 0.6693 0.6544, 0.7539 0.6276 0.6126, 0.7539 0.6881 0.6299, 0.7539 0.637 0.6004, 0.7539 0.6999 0.6014, 0.7539 0.6429 0.5862, 0.7539 0.7039 0.5709, 0.7539 0.6449 0.5709, 0.7539 0.7039 0.3097, 0.7539 0.6449 0.3097, 0.7539 0.7058 0.2951, 0.7539 0.6486 0.2805, 0.7539 0.7112 0.2814, 0.7539 0.6594 0.253, 0.7539 0.7198 0.2695, 0.7539 0.6766 0.2292, 0.7539 0.8244 0.1573, 0.7539 0.7812 0.117, -0.5157 0.8715 0.0231, -0.5157 0.8553 0.0376, -0.5866 0.8715 0.0231, -0.5866 0.8553 0.0376, -0.5157 0.8945 0.0098, -0.5866 0.8945 0.0098, -0.5158 0.8946 0.0098, -0.5866 0.8946 0.0098, -0.5804 0.9128 0.0036, -0.5768 0.9417 0.0, -0.5256 0.9417 0.0, -0.5774 0.9321 0.0004, -0.5239 0.922 0.0017, -0.5793 0.92 0.0024, -0.5234 0.92 0.0021, -0.519 0.9033 0.0064, 0.2008 0.7928 0.1046, 0.1909 0.7812 0.117, 0.2008 0.836 0.1448, 0.1909 0.8244 0.1573
            ]
        }
        coordIndex [
            0,1,2,-1,2,1,3,-1,2,3,4,-1,4,3,5,-1,6,7,8,-1,8,7,9,-1,8,9,10,-1,10,9,11,-1,10,11,12,-1,12,11,13,-1,12,13,14,-1,14,13,15,-1,14,15,16,-1,16,15,17,-1,16,17,18,-1,18,17,19,-1,18,19,20,-1,20,19,21,-1,20,21,22,-1,22,21,23,-1,22,23,24,-1,24,23,25,-1,24,25,26,-1,26,25,27,-1,26,27,28,-1,28,27,29,-1,28,29,30,-1,30,29,31,-1,32,33,34,-1,34,33,35,-1,32,34,36,-1,36,34,37,-1,36,37,38,-1,38,37,39,-1,38,39,40,-1,41,42,43,-1,43,42,44,-1,43,44,45,-1,45,44,46,-1,45,46,40,-1,40,46,47,-1,40,47,38,-1,48,49,50,-1,50,49,51,-1,
        ]
    }
}
Shape{
    appearance Appearance {
        material  Material 	{
            diffuseColor 0.6666666666666666 0.6980392156862745 0.7686274509803922
            specularColor 0.3333333333333333 0.34901960784313724 0.3843137254901961
            ambientIntensity 0.6967
            transparency 0.0
            shininess 0.5
        }
    }
    geometry IndexedFaceSet {
        ccw TRUE
        solid FALSE
        coord DEF co Coordinate {
            point [
                -0.5778 1.0583 1.0725, -0.5778 0.6488 1.0725, -0.4383 1.0583 0.933, -0.4383 0.6488 0.933, -0.4275 0.6508 0.9222, -0.4175 0.6567 0.9122, -0.3966 0.7079 0.8913, -0.4088 0.6661 0.9035, -0.4022 0.6783 0.8969, -0.398 0.6926 0.8927, -0.4313 1.0574 0.926, -0.3972 1.0091 0.8919, -0.4001 1.023 0.8948, -0.3966 0.9992 0.8913, -0.4054 1.0355 0.9001, -0.4127 1.0458 0.9074, -0.4215 1.0533 0.9162, 1.2309 -1.8945 0.3229, 0.9772 -1.8945 0.0553, 1.2309 -1.3236 0.3229, 0.9772 -1.3236 0.0553, -0.8971 -1.1999 1.0236, -0.9462 -0.7582 1.0236, -0.8971 -1.1999 1.1417, -0.9462 -0.7582 1.1417, 0.8837 0.7728 0.273, 0.8881 0.7658 0.2761, 1.1278 0.9992 0.444, 0.8914 0.7606 0.2784, 0.8957 0.7566 0.2814, 0.9014 0.7512 0.2854, 0.9048 0.7495 0.2878, 0.9131 0.7453 0.2936, 0.9149 0.745 0.2948, 0.9256 0.7433 0.3024, 1.1278 0.7433 0.444, 0.8787 0.7893 0.2695, 0.8772 0.8024 0.2685, 0.8772 0.9992 0.2685, 0.8789 0.7871 0.2696, 0.8823 0.7769 0.2721
            ]
        }
        coordIndex [
            0,1,2,-1,2,1,3,-1,4,5,6,-1,5,7,6,-1,6,7,8,-1,6,8,9,-1,10,11,12,-1,11,10,13,-1,13,10,2,-1,13,2,6,-1,6,2,3,-1,6,3,4,-1,12,14,10,-1,10,14,15,-1,10,15,16,-1,17,18,19,-1,19,18,20,-1,21,22,23,-1,23,22,24,-1,25,26,27,-1,27,26,28,-1,27,28,29,-1,29,30,27,-1,27,30,31,-1,27,31,32,-1,32,33,27,-1,27,33,34,-1,27,34,35,-1,36,27,37,-1,37,27,38,-1,36,39,27,-1,27,39,40,-1,27,40,25,-1,
        ]
    }
}
Shape{
    appearance Appearance {
        material  Material 	{
            diffuseColor 0.9686274509803922 0.8784313725490196 0.6
            specularColor 0.6784313725490196 0.615686274509804 0.4196078431372549
            ambientIntensity 0.8737
            transparency 0.0
            shininess 0.5
        }
    }
    geometry IndexedFaceSet {
        ccw TRUE
        solid FALSE
        coord DEF co Coordinate {
            point [
                -0.685 -1.2107 0.689, -0.7323 -1.2107 0.689, -0.7323 -1.2195 0.688, -0.685 -1.2195 0.688, -0.7323 -1.2278 0.685, -0.685 -1.2278 0.685, -0.5017 0.4586 0.0036, -0.5079 0.4402 0.0098, -0.5079 0.6055 0.0098, -0.498 0.6055 0.0, -0.498 0.4874 0.0, -0.4987 0.4778 0.0004, -0.5003 0.4677 0.0021
            ]
        }
        coordIndex [
            0,1,2,-1,0,2,3,-1,3,2,4,-1,3,4,5,-1,6,7,8,-1,8,9,10,-1,10,11,8,-1,8,11,12,-1,8,12,6,-1,
        ]
    }
}
Shape{
    appearance Appearance {
        material  Material 	{
            diffuseColor 0.6666666666666666 0.6980392156862745 0.7686274509803922
            specularColor 0.3333333333333333 0.34901960784313724 0.3843137254901961
            ambientIntensity 0.6967
            transparency 0.0
            shininess 0.5
        }
    }
    geometry IndexedFaceSet {
        ccw TRUE
        solid FALSE
        coord DEF co Coordinate {
            point [
                -1.2795 0.1429 0.4546, -1.1614 0.1429 0.4546, -1.2795 0.1409 0.4699, -1.1614 0.1409 0.4699, -1.2795 0.135 0.4842, -1.1614 0.135 0.4842, -1.2795 0.1256 0.4964, -1.1614 0.1256 0.4964, -1.2795 0.1134 0.5058, -1.1614 0.1134 0.5058, -1.2795 0.0991 0.5117, -1.1614 0.0991 0.5117, -1.2795 0.0839 0.5137, -1.1614 0.0839 0.5137, 0.0039 -0.4923 0.0, 0.0039 -0.0539 0.0, 0.0925 -0.5704 0.0, 0.0925 -1.191 0.0, 0.0984 -1.192 0.0, 0.0984 -1.363 0.0, 0.0039 -1.8354 0.0, 0.0039 -1.2691 0.0, 0.0062 -1.2502 0.0, 0.0048 -1.8453 0.0, 0.063 -1.8945 0.0, 0.0531 -1.8937 0.0, 0.0392 -1.8895 0.0, 0.0267 -1.882 0.0, 0.0164 -1.8717 0.0, 0.8486 0.0051 0.0, 0.2559 -0.3984 0.0, 0.063 0.0051 0.0, 0.0984 -0.3984 0.0, 0.0531 0.0043 0.0, 0.013 -1.2324 0.0, 0.0238 -1.2168 0.0, 0.0381 -1.2042 0.0, 0.055 -1.1954 0.0, 0.0734 -1.1909 0.0, 0.009 -1.8593 0.0, 0.9785 -0.8545 0.0, 0.9547 -0.8644 0.0, 0.6161 -0.7075 0.0, 0.2697 -0.5073 0.0, 0.2559 -0.5103 0.0, 0.5906 -1.2154 0.0, 0.5847 -1.2296 0.0, 0.3583 -1.176 0.0, 0.2559 -1.363 0.0, 0.2559 -1.2511 0.0, 0.2697 -1.2541 0.0, 0.2888 -1.2542 0.0, 0.8486 -1.8945 0.0, 0.3073 -1.2497 0.0, 0.3241 -1.2409 0.0, 0.3384 -1.2283 0.0, 1.2106 -0.7134 0.0, 1.0531 -0.8644 0.0, 1.0294 -0.8545 0.0, 0.5827 -0.6543 0.0, 0.5842 -0.6675 0.0, 0.3583 -0.5854 0.0, 1.099 -0.9241 0.0, 1.1644 -0.9256 0.0, 1.1024 -0.9496 0.0, 1.1614 -0.9496 0.0, 1.099 -0.9751 0.0, 0.8486 -1.3236 0.0, 0.6417 -1.3236 0.0, 0.6286 -1.3221 0.0, 0.3492 -1.2127 0.0, 0.5842 -1.2777 0.0, 0.5885 -1.2902 0.0, 0.0984 -0.5695 0.0, 0.0048 -0.044 0.0, 0.0392 0.0001 0.0, 0.009 -0.0301 0.0, 0.0267 -0.0074 0.0, 0.0164 -0.0176 0.0, 0.3492 -0.5487 0.0, 0.3384 -0.5331 0.0, 0.9089 -0.9241 0.0, 0.9055 -0.9496 0.0, 0.9089 -0.9751 0.0, 0.9187 -0.9988 0.0, 0.9343 -1.0192 0.0, 0.6417 -1.1858 0.0, 1.0039 -1.048 0.0, 1.2106 -1.1858 0.0, 0.9785 -1.0447 0.0, 0.9547 -1.0348 0.0, 1.1644 -0.9736 0.0, 1.1731 -0.9961 0.0, 1.0892 -0.9988 0.0, 1.0735 -0.88 0.0, 1.2234 -0.7151 0.0, 1.2352 -0.72 0.0, 1.0039 -0.8512 0.0, 0.6286 -0.7119 0.0, 0.6417 -0.7134 0.0, 0.6161 -1.3178 0.0, 0.356 -1.1949 0.0, 0.5827 -1.2449 0.0, 0.5827 -1.2646 0.0, 0.0827 -0.5711 0.0, 0.0734 -0.5705 0.0, 0.0062 -0.5112 0.0, 0.055 -0.566 0.0, 0.0381 -0.5572 0.0, 0.0238 -0.5446 0.0, 0.013 -0.529 0.0, 0.6417 -0.5756 0.0, 0.6286 -0.5771 0.0, 0.356 -0.5665 0.0, 0.5885 -0.68 0.0, 0.5956 -0.6912 0.0, 0.6049 -0.7005 0.0, 0.3241 -0.5205 0.0, 0.3073 -0.5117 0.0, 0.2888 -0.5072 0.0, 0.6264 -1.1878 0.0, 0.6122 -1.1937 0.0, 0.6 -1.2031 0.0, 1.2598 -0.8104 0.0, 1.0892 -0.9004 0.0, 1.2598 -0.7626 0.0, 1.2582 -0.7499 0.0, 0.5956 -1.3014 0.0, 0.6049 -1.3107 0.0, 0.8486 -0.5756 0.0, 0.6161 -0.5814 0.0, 0.6049 -0.5885 0.0, 0.5956 -0.5978 0.0, 0.5885 -0.609 0.0, 0.5842 -0.6215 0.0, 0.5827 -0.6346 0.0, 0.9187 -0.9004 0.0, 0.9343 -0.88 0.0, 1.0294 -1.0447 0.0, 1.0531 -1.0348 0.0, 1.2234 -1.1841 0.0, 1.0735 -1.0192 0.0, 1.2352 -1.1792 0.0, 1.2598 -1.0888 0.0, 1.2598 -1.1366 0.0, 1.2582 -1.1494 0.0, 1.2584 -0.8224 0.0, 1.227 -0.8568 0.0, 1.2054 -0.8676 0.0, 1.1871 -0.8833 0.0, 1.1731 -0.9031 0.0, 1.2454 -0.7278 0.0, 1.2532 -0.738 0.0, 1.2532 -1.1612 0.0, 1.2454 -1.1714 0.0, 1.254 -1.0655 0.0, 1.227 -1.0424 0.0, 1.247 -1.0557 0.0, 1.2378 -1.0478 0.0, 1.1871 -1.0159 0.0, 1.2054 -1.0316 0.0, 1.2584 -1.0768 0.0, 1.254 -0.8337 0.0, 1.247 -0.8435 0.0, 1.2378 -0.8514 0.0, 0.2559 -0.5197 0.0197, 0.2559 -0.6937 0.0197, 0.2434 -0.5234 0.0197, 0.0984 -0.6937 0.0197, 0.103 -0.5773 0.0197, 0.0984 -0.5789 0.0197
            ]
        }
        coordIndex [
            0,1,2,-1,2,1,3,-1,2,3,4,-1,4,3,5,-1,4,5,6,-1,6,5,7,-1,6,7,8,-1,8,7,9,-1,8,9,10,-1,10,9,11,-1,10,11,12,-1,12,11,13,-1,14,15,16,-1,17,18,19,-1,20,21,19,-1,19,21,22,-1,23,24,25,-1,26,27,28,-1,29,30,31,-1,31,30,32,-1,31,32,33,-1,22,34,19,-1,19,34,35,-1,19,35,36,-1,36,37,19,-1,19,37,38,-1,19,38,17,-1,26,28,25,-1,25,28,39,-1,25,39,23,-1,40,41,42,-1,43,44,30,-1,45,46,47,-1,48,49,50,-1,50,51,48,-1,48,51,52,-1,48,52,19,-1,19,52,24,-1,19,24,20,-1,20,24,23,-1,51,53,52,-1,52,53,54,-1,52,54,55,-1,56,57,58,-1,59,60,61,-1,62,63,64,-1,64,63,65,-1,64,65,66,-1,67,52,68,-1,68,52,69,-1,70,71,72,-1,73,16,32,-1,32,16,15,-1,32,15,33,-1,33,15,74,-1,33,74,75,-1,75,74,76,-1,75,76,77,-1,77,76,78,-1,29,79,80,-1,81,82,47,-1,47,82,83,-1,47,83,84,-1,84,85,86,-1,87,88,89,-1,89,88,86,-1,89,86,90,-1,90,86,85,-1,65,91,66,-1,66,91,92,-1,66,92,93,-1,57,56,94,-1,94,56,95,-1,94,95,96,-1,40,42,97,-1,97,42,98,-1,97,98,58,-1,58,98,99,-1,58,99,56,-1,55,70,52,-1,52,70,100,-1,52,100,69,-1,47,46,101,-1,101,46,102,-1,101,102,70,-1,70,102,103,-1,70,103,71,-1,16,104,14,-1,14,104,105,-1,14,105,106,-1,106,105,107,-1,107,108,106,-1,106,108,109,-1,106,109,110,-1,111,112,113,-1,60,114,61,-1,61,114,115,-1,61,115,116,-1,80,117,29,-1,29,117,118,-1,29,118,30,-1,30,118,119,-1,30,119,43,-1,86,120,84,-1,84,120,121,-1,84,121,47,-1,47,121,122,-1,47,122,45,-1,123,124,125,-1,125,124,94,-1,125,94,126,-1,72,127,70,-1,70,127,128,-1,70,128,100,-1,79,29,113,-1,113,29,129,-1,113,129,111,-1,112,130,113,-1,113,130,131,-1,113,131,132,-1,132,133,113,-1,113,133,134,-1,113,134,61,-1,61,134,135,-1,61,135,59,-1,47,61,81,-1,81,61,116,-1,81,116,136,-1,136,116,42,-1,136,42,137,-1,137,42,41,-1,87,138,88,-1,88,138,139,-1,88,139,140,-1,140,139,141,-1,140,141,142,-1,93,143,141,-1,141,143,144,-1,141,144,145,-1,146,147,123,-1,123,147,148,-1,123,148,124,-1,124,148,149,-1,124,149,62,-1,62,149,150,-1,62,150,63,-1,96,151,94,-1,94,151,152,-1,94,152,126,-1,145,153,141,-1,141,153,154,-1,141,154,142,-1,155,156,157,-1,157,156,158,-1,92,159,93,-1,93,159,160,-1,93,160,143,-1,143,160,156,-1,143,156,161,-1,161,156,155,-1,146,162,147,-1,147,162,163,-1,147,163,164,-1,165,166,167,-1,167,166,168,-1,167,168,169,-1,169,168,170,-1,
        ]
    }
}
Shape{
    appearance Appearance {
        material  Material 	{
            diffuseColor 0.9686274509803922 0.8784313725490196 0.6
            specularColor 0.6784313725490196 0.615686274509804 0.4196078431372549
            ambientIntensity 0.8737
            transparency 0.0
            shininess 0.5
        }
    }
    geometry IndexedFaceSet {
        ccw TRUE
        solid FALSE
        coord DEF co Coordinate {
            point [
                0.4331 -1.0905 0.4528, 0.4331 -1.0905 0.4606, 0.4331 -0.3315 0.4528, 0.4331 -0.3394 0.4606, -0.4173 -1.1079 0.6811, -0.4173 -1.1228 0.6811, -0.4173 -1.1079 0.689, -0.4173 -1.1228 0.685, -0.4173 -1.2107 0.689, -0.4173 -1.2278 0.685, -0.4173 -1.2195 0.688
            ]
        }
        coordIndex [
            0,1,2,-1,2,1,3,-1,4,5,6,-1,6,5,7,-1,6,7,8,-1,8,7,9,-1,8,9,10,-1,
        ]
    }
}
Shape{
    appearance Appearance {
        material  Material 	{
            diffuseColor 0.2235294117647059 0.2235294117647059 0.2235294117647059
            specularColor 0.11372549019607843 0.11372549019607843 0.11372549019607843
            ambientIntensity 0.2235
            transparency 0.0
            shininess 0.5
        }
    }
    geometry IndexedFaceSet {
        ccw TRUE
        solid FALSE
        coord DEF co Coordinate {
            point [
                -1.063 -0.2606 0.9685, -1.063 -0.2213 1.0079, -1.0805 -0.2213 1.0059, -1.0718 -0.2606 0.9675, -1.0972 -0.2213 1.0001, -1.0801 -0.2606 0.9646, -1.1121 -0.2213 0.9907, -1.0875 -0.2606 0.9599, -1.1246 -0.2213 0.9782, -1.0938 -0.2606 0.9537, -1.1339 -0.2213 0.9633, -1.0985 -0.2606 0.9462, -1.1398 -0.2213 0.9467, -1.1014 -0.2606 0.9379, -1.1417 -0.2213 0.9291, -1.1024 -0.2606 0.9291
            ]
        }
        coordIndex [
            0,1,2,-1,0,2,3,-1,3,2,4,-1,3,4,5,-1,5,4,6,-1,5,6,7,-1,7,6,8,-1,7,8,9,-1,9,8,10,-1,9,10,11,-1,11,10,12,-1,11,12,13,-1,13,12,14,-1,13,14,15,-1,
        ]
    }
}
Shape{
    appearance Appearance {
        material  Material 	{
            diffuseColor 0.6666666666666666 0.6980392156862745 0.7686274509803922
            specularColor 0.3333333333333333 0.34901960784313724 0.3843137254901961
            ambientIntensity 0.6967
            transparency 0.0
            shininess 0.5
        }
    }
    geometry IndexedFaceSet {
        ccw TRUE
        solid FALSE
        coord DEF co Coordinate {
            point [
                0.3142 -0.6926 1.1417, 0.2936 -0.6926 1.1417, 0.3142 -0.6926 1.0236, 0.2936 -0.6926 1.0236
            ]
        }
        coordIndex [
            0,1,2,-1,2,1,3,-1,
        ]
    }
}
Shape{
    appearance Appearance {
        material  Material 	{
            diffuseColor 0.2235294117647059 0.2235294117647059 0.2235294117647059
            specularColor 0.11372549019607843 0.11372549019607843 0.11372549019607843
            ambientIntensity 0.2235
            transparency 0.0
            shininess 0.5
        }
    }
    geometry IndexedFaceSet {
        ccw TRUE
        solid FALSE
        coord DEF co Coordinate {
            point [
                0.8326 0.538 0.2933, 0.8326 0.538 0.1752, 0.7354 0.271 0.2933, 0.7354 0.271 0.1752
            ]
        }
        coordIndex [
            0,1,2,-1,2,1,3,-1,
        ]
    }
}
Shape{
    appearance Appearance {
        material  Material 	{
            diffuseColor 0.9686274509803922 0.8784313725490196 0.6
            specularColor 0.6784313725490196 0.615686274509804 0.4196078431372549
            ambientIntensity 0.8737
            transparency 0.0
            shininess 0.5
        }
    }
    geometry IndexedFaceSet {
        ccw TRUE
        solid FALSE
        coord DEF co Coordinate {
            point [
                0.3397 -1.1051 0.4606, 0.3397 -1.1051 0.4528, 0.3543 -1.0905 0.4606, 0.3543 -1.0905 0.4528
            ]
        }
        coordIndex [
            0,1,2,-1,2,1,3,-1,
        ]
    }
}
Shape{
    appearance Appearance {
        material  Material 	{
            diffuseColor 0.6666666666666666 0.6980392156862745 0.7686274509803922
            specularColor 0.3333333333333333 0.34901960784313724 0.3843137254901961
            ambientIntensity 0.6967
            transparency 0.0
            shininess 0.5
        }
    }
    geometry IndexedFaceSet {
        ccw TRUE
        solid FALSE
        coord DEF co Coordinate {
            point [
                1.1614 -1.3236 0.4743, 1.1614 -1.3236 0.4448, 1.1614 -1.8354 0.4448, 1.1614 -1.8354 0.9646, 1.1614 0.9992 0.9646, 1.1614 0.015 0.7347, 1.1614 0.9992 0.7347, 1.1614 0.6277 0.5659, 1.1614 0.6184 0.5565, 1.1614 0.1409 0.4699, 1.1614 0.6389 0.5729, 1.1614 0.0051 0.4448, 1.1614 -0.5756 0.4448, 1.1614 0.0051 0.4546, 1.1614 0.0071 0.4699, 1.1614 -0.5929 0.5161, 1.1614 -0.6051 0.5255, 1.1614 0.6114 0.5453, 1.1614 0.607 0.5328, 1.1614 0.1429 0.4546, 1.1614 0.6055 0.5197, 1.1614 0.1429 0.1969, 1.1614 0.6055 0.1969, 1.1614 0.6511 0.5772, 1.1614 0.135 0.4842, 1.1614 0.1256 0.4964, 1.1614 -1.3157 0.5039, 1.1614 -1.3216 0.4896, 1.1614 -1.2799 0.5314, 1.1614 -1.2941 0.5255, 1.1614 -1.3063 0.5161, 1.1614 0.0642 0.5137, 1.1614 0.0489 0.5117, 1.1614 0.015 0.5772, 1.1614 0.0346 0.5058, 1.1614 0.0224 0.4964, 1.1614 0.013 0.4842, 1.1614 -0.5756 0.4743, 1.1614 -0.5776 0.4896, 1.1614 -0.5835 0.5039, 1.1614 0.1134 0.5058, 1.1614 0.0991 0.5117, 1.1614 0.0839 0.5137, 1.1614 -0.6194 0.5314, 1.1614 -0.6346 0.5334, 1.1614 -1.2646 0.5334
            ]
        }
        coordIndex [
            0,1,2,-1,3,4,5,-1,5,4,6,-1,7,8,9,-1,7,9,10,-1,11,12,13,-1,13,12,14,-1,15,16,5,-1,8,17,9,-1,9,17,18,-1,9,18,19,-1,19,18,20,-1,19,20,21,-1,21,20,22,-1,10,9,23,-1,23,9,24,-1,23,24,25,-1,3,26,2,-1,2,26,27,-1,2,27,0,-1,28,29,3,-1,3,29,30,-1,3,30,26,-1,31,32,33,-1,32,34,33,-1,33,34,35,-1,33,35,12,-1,12,35,36,-1,12,36,14,-1,12,37,33,-1,33,37,38,-1,33,38,5,-1,5,38,39,-1,5,39,15,-1,25,40,23,-1,23,40,41,-1,23,41,33,-1,33,41,42,-1,33,42,31,-1,16,43,5,-1,5,43,44,-1,5,44,3,-1,3,44,45,-1,3,45,28,-1,
        ]
    }
}
Shape{
    appearance Appearance {
        material  Material 	{
            diffuseColor 0.9686274509803922 0.8784313725490196 0.6
            specularColor 0.6784313725490196 0.615686274509804 0.4196078431372549
            ambientIntensity 0.8737
            transparency 0.0
            shininess 0.5
        }
    }
    geometry IndexedFaceSet {
        ccw TRUE
        solid FALSE
        coord DEF co Coordinate {
            point [
                -0.2913 -1.2278 0.4567, -0.3386 -1.2278 0.4567, -0.3386 -1.2195 0.4538, -0.2913 -1.2195 0.4538, -0.3386 -1.2107 0.4528, -0.2913 -1.2107 0.4528, 0.1929 0.4283 0.2205, 0.1929 0.4283 0.1181, 0.122 0.4283 0.1181, 0.122 0.4283 0.2205, 0.1122 0.4283 0.2375, 0.2028 0.4283 0.2375, 0.1122 0.4283 0.3937, 0.2028 0.4283 0.3937, 0.2106 1.0542 0.0, 0.2618 1.0542 0.0, 0.2106 0.9417 0.0, 0.2618 0.9417 0.0
            ]
        }
        coordIndex [
            0,1,2,-1,0,2,3,-1,3,2,4,-1,3,4,5,-1,6,7,8,-1,8,9,6,-1,6,9,10,-1,6,10,11,-1,11,10,12,-1,11,12,13,-1,14,15,16,-1,16,15,17,-1,
        ]
    }
}
Shape{
    appearance Appearance {
        material  Material 	{
            diffuseColor 0.2235294117647059 0.2235294117647059 0.2235294117647059
            specularColor 0.11372549019607843 0.11372549019607843 0.11372549019607843
            ambientIntensity 0.2235
            transparency 0.0
            shininess 0.5
        }
    }
    geometry IndexedFaceSet {
        ccw TRUE
        solid FALSE
        coord DEF co Coordinate {
            point [
                0.7227 -1.2991 0.4704, 0.7227 -1.2991 0.4704, 0.8329 -1.2992 0.5815, 0.7281 -1.2711 0.4581, 0.7284 -1.2677 0.4573, 0.8451 -1.2711 0.5763, 0.7283 -1.2606 0.4567, 0.8465 -1.2606 0.576, 0.7281 -1.2711 0.4581, 0.8451 -1.2711 0.5763, 0.7272 -1.281 0.4603, 0.8445 -1.2754 0.5765, 0.7262 -1.2859 0.4626, 0.8407 -1.2859 0.5782, 0.7262 -1.2859 0.4626, 0.7243 -1.2946 0.4668, 0.8407 -1.2859 0.5782, 0.8394 -1.2893 0.5787, 0.822 -1.3101 0.586, 0.7182 -1.3099 0.4813, 0.822 -1.3101 0.5859, 0.7182 -1.3099 0.4813, 0.8313 -1.3016 0.5822, 0.8329 -1.2992 0.5815, 0.7202 -1.3062 0.4762, 0.8086 -1.318 0.5914, 0.7127 -1.3178 0.4946, 0.8087 -1.3179 0.5913, 0.7127 -1.3178 0.4945, 0.8201 -1.3119 0.5867, 0.7151 -1.3155 0.4889, 0.7065 -1.3223 0.5093, 0.7065 -1.3223 0.5092, 0.7939 -1.3225 0.5975, 0.8055 -1.3196 0.5926, 0.7088 -1.3216 0.5038, 0.7835 -1.3236 0.6019, 0.7021 -1.3236 0.5197, 0.7915 -1.3231 0.5985, 0.7939 -1.3225 0.5975
            ]
        }
        coordIndex [
            0,1,2,-1,3,4,5,-1,5,4,6,-1,5,6,7,-1,3,5,8,-1,8,5,9,-1,8,9,10,-1,10,9,11,-1,10,11,12,-1,12,11,13,-1,12,13,14,-1,14,13,15,-1,15,13,16,-1,15,16,1,-1,1,16,17,-1,1,17,2,-1,18,19,20,-1,20,19,21,-1,20,21,22,-1,22,21,23,-1,23,21,2,-1,2,21,24,-1,2,24,0,-1,25,26,27,-1,27,26,28,-1,18,29,19,-1,19,29,27,-1,19,27,30,-1,30,27,28,-1,31,32,33,-1,25,34,26,-1,26,34,33,-1,26,33,35,-1,35,33,32,-1,36,37,38,-1,38,37,31,-1,38,31,39,-1,39,31,33,-1,
        ]
    }
}
Shape{
    appearance Appearance {
        material  Material 	{
            diffuseColor 0.9686274509803922 0.8784313725490196 0.6
            specularColor 0.6784313725490196 0.615686274509804 0.4196078431372549
            ambientIntensity 0.8737
            transparency 0.0
            shininess 0.5
        }
    }
    geometry IndexedFaceSet {
        ccw TRUE
        solid FALSE
        coord DEF co Coordinate {
            point [
                0.4488 -1.1228 0.4567, 0.4488 -1.1228 0.4606, 0.4488 -1.1079 0.4606, 0.4488 -1.1079 0.4528, 0.4488 -1.2107 0.4528, 0.4488 -1.2278 0.4567, 0.4488 -1.2195 0.4538
            ]
        }
        coordIndex [
            0,1,2,-1,2,3,0,-1,0,3,4,-1,0,4,5,-1,5,4,6,-1,
        ]
    }
}
Shape{
    appearance Appearance {
        material  Material 	{
            diffuseColor 0.6666666666666666 0.6980392156862745 0.7686274509803922
            specularColor 0.3333333333333333 0.34901960784313724 0.3843137254901961
            ambientIntensity 0.6967
            transparency 0.0
            shininess 0.5
        }
    }
    geometry IndexedFaceSet {
        ccw TRUE
        solid FALSE
        coord DEF co Coordinate {
            point [
                -0.5827 -0.6346 0.0, -0.5827 -0.6346 0.1181, -0.5847 -0.6194 0.0, -0.5847 -0.6194 0.1181, -0.5906 -0.6051 0.0, -0.5906 -0.6051 0.1181, -0.6 -0.5929 0.0, -0.6 -0.5929 0.1181, -0.6122 -0.5835 0.0, -0.6122 -0.5835 0.1181, -0.6264 -0.5776 0.0, -0.6264 -0.5776 0.1181, -0.6417 -0.5756 0.0, -0.6417 -0.5756 0.1181
            ]
        }
        coordIndex [
            0,1,2,-1,2,1,3,-1,2,3,4,-1,4,3,5,-1,4,5,6,-1,6,5,7,-1,6,7,8,-1,8,7,9,-1,8,9,10,-1,10,9,11,-1,10,11,12,-1,12,11,13,-1,
        ]
    }
}
Shape{
    appearance Appearance {
        material  Material 	{
            diffuseColor 0.9686274509803922 0.8784313725490196 0.6
            specularColor 0.6784313725490196 0.615686274509804 0.4196078431372549
            ambientIntensity 0.8737
            transparency 0.0
            shininess 0.5
        }
    }
    geometry IndexedFaceSet {
        ccw TRUE
        solid FALSE
        coord DEF co Coordinate {
            point [
                -0.2756 -0.3315 0.689, -0.2756 -0.3394 0.6811, -0.2756 -1.0905 0.689, -0.2756 -1.0905 0.6811
            ]
        }
        coordIndex [
            0,1,2,-1,2,1,3,-1,
        ]
    }
}
Shape{
    appearance Appearance {
        material  Material 	{
            diffuseColor 0.6666666666666666 0.6980392156862745 0.7686274509803922
            specularColor 0.3333333333333333 0.34901960784313724 0.3843137254901961
            ambientIntensity 0.6967
            transparency 0.0
            shininess 0.5
        }
    }
    geometry IndexedFaceSet {
        ccw TRUE
        solid FALSE
        coord DEF co Coordinate {
            point [
                -0.19 0.5459 1.1343, -0.1961 0.5386 1.1417, 0.1961 0.5386 1.1417, -0.1862 0.5505 1.1295, 0.1899 0.5458 1.1342, 0.1868 0.5495 1.1304, 0.1825 0.5582 1.1217, 0.1805 0.5624 1.1176, -0.1827 0.5583 1.1218, 0.1773 0.578 1.1024, -0.1773 0.578 1.1024, 0.1785 0.5721 1.1081, -0.1784 0.5721 1.1082, -0.1797 0.5648 1.1153
            ]
        }
        coordIndex [
            0,1,2,-1,0,2,3,-1,3,2,4,-1,3,4,5,-1,5,6,3,-1,3,6,7,-1,3,7,8,-1,9,10,11,-1,11,10,12,-1,11,12,7,-1,7,12,13,-1,7,13,8,-1,
        ]
    }
}
Shape{
    appearance Appearance {
        material  Material 	{
            diffuseColor 0.9686274509803922 0.8784313725490196 0.6
            specularColor 0.6784313725490196 0.615686274509804 0.4196078431372549
            ambientIntensity 0.8737
            transparency 0.0
            shininess 0.5
        }
    }
    geometry IndexedFaceSet {
        ccw TRUE
        solid FALSE
        coord DEF co Coordinate {
            point [
                0.6839 -1.1051 0.689, 0.748 -1.0905 0.689, 0.6693 -1.0905 0.689, 0.748 -0.3315 0.689, 0.6693 -0.3315 0.689, 0.685 -1.1079 0.689, 0.685 -1.2107 0.689, 0.7323 -1.2107 0.689, 0.7323 -1.1079 0.689, 0.7324 -1.1071 0.689, 0.6849 -1.1069 0.689, 0.7326 -1.1064 0.689, 0.7329 -1.1057 0.689, 0.6845 -1.1059 0.689, 0.7334 -1.1051 0.689
            ]
        }
        coordIndex [
            0,1,2,-1,2,1,3,-1,2,3,4,-1,5,6,7,-1,7,8,5,-1,5,8,9,-1,5,9,10,-1,10,9,11,-1,10,11,12,-1,0,13,1,-1,1,13,10,-1,1,10,14,-1,14,10,12,-1,
        ]
    }
}
Shape{
    appearance Appearance {
        material  Material 	{
            diffuseColor 0.6666666666666666 0.6980392156862745 0.7686274509803922
            specularColor 0.3333333333333333 0.34901960784313724 0.3843137254901961
            ambientIntensity 0.6967
            transparency 0.0
            shininess 0.5
        }
    }
    geometry IndexedFaceSet {
        ccw TRUE
        solid FALSE
        coord DEF co Coordinate {
            point [
                1.1278 0.9992 0.444, 1.1617 1.0583 0.3956, 0.8772 0.9992 0.2685, 0.9595 1.0583 0.254, 0.9508 1.0575 0.2495, 0.9083 1.0353 0.2463, 0.9012 1.0293 0.2487, 0.8952 1.0228 0.2525, 0.9506 1.0574 0.2494, 0.9399 1.0544 0.2454, 0.9369 1.0531 0.2449, 0.9287 1.0493 0.2435, 0.9226 1.0454 0.2439, 0.8839 1.009 0.2613, 0.9141 1.04 0.2444, 0.8877 1.0147 0.2572, -1.227 -0.8568 0.0, -1.227 -0.8568 0.1181, -1.2378 -0.8514 0.1181, -1.2378 -0.8514 0.0, -1.247 -0.8435 0.1181, -1.247 -0.8435 0.0, -1.254 -0.8337 0.1181, -1.254 -0.8337 0.0, -1.2584 -0.8224 0.1181, -1.2584 -0.8224 0.0, -1.2598 -0.8104 0.1181, -1.2598 -0.8104 0.0
            ]
        }
        coordIndex [
            0,1,2,-1,2,1,3,-1,2,3,4,-1,5,6,7,-1,4,8,2,-1,2,8,9,-1,2,9,10,-1,10,11,2,-1,2,11,12,-1,2,12,13,-1,12,14,5,-1,5,7,12,-1,12,7,15,-1,12,15,13,-1,16,17,18,-1,16,18,19,-1,19,18,20,-1,19,20,21,-1,21,20,22,-1,21,22,23,-1,23,22,24,-1,23,24,25,-1,25,24,26,-1,25,26,27,-1,
        ]
    }
}
Shape{
    appearance Appearance {
        material  Material 	{
            diffuseColor 0.9686274509803922 0.8784313725490196 0.6
            specularColor 0.6784313725490196 0.615686274509804 0.4196078431372549
            ambientIntensity 0.8737
            transparency 0.0
            shininess 0.5
        }
    }
    geometry IndexedFaceSet {
        ccw TRUE
        solid FALSE
        coord DEF co Coordinate {
            point [
                -0.4291 1.0542 0.0591, -0.4291 0.9417 0.0591, -0.3583 1.0542 0.0591, -0.3583 0.9417 0.0591
            ]
        }
        coordIndex [
            0,1,2,-1,2,1,3,-1,
        ]
    }
}
Shape{
    appearance Appearance {
        material  Material 	{
            diffuseColor 0.6666666666666666 0.6980392156862745 0.7686274509803922
            specularColor 0.3333333333333333 0.34901960784313724 0.3843137254901961
            ambientIntensity 0.6967
            transparency 0.0
            shininess 0.5
        }
    }
    geometry IndexedFaceSet {
        ccw TRUE
        solid FALSE
        coord DEF co Coordinate {
            point [
                -0.0532 -1.8937 0.0603, -0.063 -1.8945 0.0591, -0.063 -1.8945 0.0, -0.0531 -1.8936 0.0604, -0.0531 -1.8937 0.0, -0.042 -1.8906 0.0632, -0.0392 -1.8895 0.0, -0.0393 -1.8893 0.0645, -0.0317 -1.8855 0.0681, -0.0267 -1.882 0.0, -0.027 -1.8817 0.0719, -0.0203 -1.8763 0.0773, -0.0164 -1.8717 0.0, -0.0167 -1.8715 0.0821, -0.0122 -1.8655 0.0882, -0.009 -1.8593 0.0, -0.0094 -1.859 0.0947, -0.006 -1.8509 0.1028, -0.0048 -1.8453 0.0, -0.0053 -1.8453 0.1084, -0.0039 -1.8354 0.0, -0.0039 -1.8354 0.1181
            ]
        }
        coordIndex [
            0,1,2,-1,0,2,3,-1,3,2,4,-1,3,4,5,-1,5,4,6,-1,5,6,7,-1,7,6,8,-1,8,6,9,-1,8,9,10,-1,10,9,11,-1,11,9,12,-1,11,12,13,-1,13,12,14,-1,14,12,15,-1,14,15,16,-1,16,15,17,-1,17,15,18,-1,17,18,19,-1,19,18,20,-1,19,20,21,-1,
        ]
    }
}
Shape{
    appearance Appearance {
        material  Material 	{
            diffuseColor 0.9686274509803922 0.8784313725490196 0.6
            specularColor 0.6784313725490196 0.615686274509804 0.4196078431372549
            ambientIntensity 0.8737
            transparency 0.0
            shininess 0.5
        }
    }
    geometry IndexedFaceSet {
        ccw TRUE
        solid FALSE
        coord DEF co Coordinate {
            point [
                0.1181 -1.0905 0.4606, 0.1181 -0.3394 0.4606, 0.1181 -1.0905 0.4528, 0.1181 -0.3315 0.4528, -0.1181 -0.3315 0.4528, -0.1181 -0.3394 0.4606, -0.1181 -1.0905 0.4528, -0.1181 -1.0905 0.4606, 0.6043 0.4874 0.0, 0.6555 0.4874 0.0, 0.6037 0.4778 0.0004, 0.6572 0.4677 0.0017, 0.6021 0.4677 0.0021, 0.6572 0.4676 0.0017, 0.6007 0.4586 0.0036, 0.6621 0.4491 0.0064, 0.6654 0.4402 0.0098, 0.5945 0.4402 0.0098, 0.6654 0.4398 0.0101, 0.5945 0.4398 0.0101, 0.6654 0.4148 0.0249, 0.5945 0.4148 0.0249, 0.6654 0.3942 0.0455, 0.5945 0.3942 0.0455, 0.6654 0.3793 0.0705, 0.5945 0.3793 0.0705, 0.6654 0.371 0.0983, 0.5945 0.371 0.0983, 0.6654 0.3693 0.1181, 0.5945 0.3693 0.1181
            ]
        }
        coordIndex [
            0,1,2,-1,2,1,3,-1,4,5,6,-1,6,5,7,-1,8,9,10,-1,10,9,11,-1,10,11,12,-1,12,11,13,-1,12,13,14,-1,13,15,14,-1,14,15,16,-1,14,16,17,-1,17,16,18,-1,17,18,19,-1,19,18,20,-1,19,20,21,-1,21,20,22,-1,21,22,23,-1,23,22,24,-1,23,24,25,-1,25,24,26,-1,25,26,27,-1,27,26,28,-1,27,28,29,-1,
        ]
    }
}
Shape{
    appearance Appearance {
        material  Material 	{
            diffuseColor 0.6666666666666666 0.6980392156862745 0.7686274509803922
            specularColor 0.3333333333333333 0.34901960784313724 0.3843137254901961
            ambientIntensity 0.6967
            transparency 0.0
            shininess 0.5
        }
    }
    geometry IndexedFaceSet {
        ccw TRUE
        solid FALSE
        coord DEF co Coordinate {
            point [
                1.1024 -1.8354 1.0236, 1.1024 -1.8945 1.0827, -1.1024 -1.8354 1.0236, -1.1024 -1.8945 1.0827
            ]
        }
        coordIndex [
            0,1,2,-1,2,1,3,-1,
        ]
    }
}
Shape{
    appearance Appearance {
        material  Material 	{
            diffuseColor 0.9686274509803922 0.8784313725490196 0.6
            specularColor 0.6784313725490196 0.615686274509804 0.4196078431372549
            ambientIntensity 0.8737
            transparency 0.0
            shininess 0.5
        }
    }
    geometry IndexedFaceSet {
        ccw TRUE
        solid FALSE
        coord DEF co Coordinate {
            point [
                0.6535 -1.1079 0.4606, 0.6535 -1.1228 0.4606, 0.6535 -1.1079 0.4528, 0.6535 -1.1228 0.4567, 0.6535 -1.2107 0.4528, 0.6535 -1.2278 0.4567, 0.6535 -1.2195 0.4538, -0.5276 -1.2107 0.689, -0.5748 -1.2107 0.689, -0.5748 -1.2195 0.688, -0.5276 -1.2195 0.688, -0.5748 -1.2278 0.685, -0.5276 -1.2278 0.685
            ]
        }
        coordIndex [
            0,1,2,-1,2,1,3,-1,2,3,4,-1,4,3,5,-1,4,5,6,-1,7,8,9,-1,7,9,10,-1,10,9,11,-1,10,11,12,-1,
        ]
    }
}
Shape{
    appearance Appearance {
        material  Material 	{
            diffuseColor 0.2235294117647059 0.2235294117647059 0.2235294117647059
            specularColor 0.11372549019607843 0.11372549019607843 0.11372549019607843
            ambientIntensity 0.2235
            transparency 0.0
            shininess 0.5
        }
    }
    geometry IndexedFaceSet {
        ccw TRUE
        solid FALSE
        coord DEF co Coordinate {
            point [
                1.1102 0.2709 0.9921, 1.1102 1.0583 0.9921, 1.1024 1.0583 0.9973, 1.1187 0.2709 0.9848, 1.1024 -0.2213 0.9973, 1.1187 -0.2213 0.9848, 1.1312 -0.2213 0.9685, 1.1312 0.2709 0.9685, 1.139 -0.2213 0.9495, 1.139 0.2709 0.9495, 1.1417 -0.2213 0.9291, 1.1417 0.2709 0.9291, 1.0834 1.0583 1.0052, 1.0834 -0.2213 1.0052, 1.063 1.0583 1.0079, 1.063 -0.2213 1.0079
            ]
        }
        coordIndex [
            0,1,2,-1,3,0,4,-1,4,5,3,-1,3,5,6,-1,3,6,7,-1,7,6,8,-1,7,8,9,-1,9,8,10,-1,9,10,11,-1,0,2,4,-1,4,2,12,-1,4,12,13,-1,13,12,14,-1,13,14,15,-1,
        ]
    }
}
Shape{
    appearance Appearance {
        material  Material 	{
            diffuseColor 0.6666666666666666 0.6980392156862745 0.7686274509803922
            specularColor 0.3333333333333333 0.34901960784313724 0.3843137254901961
            ambientIntensity 0.6967
            transparency 0.0
            shininess 0.5
        }
    }
    geometry IndexedFaceSet {
        ccw TRUE
        solid FALSE
        coord DEF co Coordinate {
            point [
                0.063 -1.8945 0.0591, 0.8486 -1.8945 0.0591, 0.8486 -1.8354 0.1181, 0.0185 -1.8743 0.0792, 0.0269 -1.8818 0.0719, 0.0289 -1.8836 0.0702, 0.0392 -1.8894 0.0646, 0.04 -1.8898 0.0642, 0.0039 -1.8354 0.1181, 0.0051 -1.8453 0.1084, 0.0055 -1.8489 0.1049, 0.0093 -1.8591 0.0947, 0.0105 -1.8624 0.0914, 0.0167 -1.8716 0.0821, 0.0514 -1.8933 0.0607, 0.0531 -1.8935 0.0604, 1.2598 -1.1366 0.0, 1.2598 -1.1366 0.1181, 1.2582 -1.1494 0.1181, 1.2582 -1.1494 0.0, 1.2532 -1.1612 0.1181, 1.2532 -1.1612 0.0, 1.2454 -1.1714 0.1181, 1.2454 -1.1714 0.0, 1.2352 -1.1792 0.1181, 1.2352 -1.1792 0.0, 1.2234 -1.1841 0.1181, 1.2234 -1.1841 0.0, 1.2106 -1.1858 0.1181, 1.2106 -1.1858 0.0, 0.9343 -1.8945 0.0959, 1.1881 -1.8945 0.3635, 0.8915 -1.8354 0.1365, 1.1452 -1.8354 0.4042
            ]
        }
        coordIndex [
            0,1,2,-1,3,4,2,-1,4,5,2,-1,2,5,6,-1,2,6,7,-1,8,9,2,-1,2,9,10,-1,2,10,11,-1,11,12,2,-1,2,12,13,-1,2,13,3,-1,7,14,2,-1,2,14,15,-1,2,15,0,-1,16,17,18,-1,16,18,19,-1,19,18,20,-1,19,20,21,-1,21,20,22,-1,21,22,23,-1,23,22,24,-1,23,24,25,-1,25,24,26,-1,25,26,27,-1,27,26,28,-1,27,28,29,-1,30,31,32,-1,32,31,33,-1,
        ]
    }
}
Shape{
    appearance Appearance {
        material  Material 	{
            diffuseColor 0.9686274509803922 0.8784313725490196 0.6
            specularColor 0.6784313725490196 0.615686274509804 0.4196078431372549
            ambientIntensity 0.8737
            transparency 0.0
            shininess 0.5
        }
    }
    geometry IndexedFaceSet {
        ccw TRUE
        solid FALSE
        coord DEF co Coordinate {
            point [
                -0.6732 0.836 0.1448, -0.6732 0.8985 0.0778, -0.7441 0.8985 0.0778, -0.7441 0.836 0.1448, -0.7539 0.8244 0.1573, -0.6634 0.8244 0.1573, -0.7539 0.7198 0.2695, -0.6634 0.7198 0.2695
            ]
        }
        coordIndex [
            0,1,2,-1,2,3,0,-1,0,3,4,-1,0,4,5,-1,5,4,6,-1,5,6,7,-1,
        ]
    }
}
Shape{
    appearance Appearance {
        material  Material 	{
            diffuseColor 0.2235294117647059 0.2235294117647059 0.2235294117647059
            specularColor 0.11372549019607843 0.11372549019607843 0.11372549019607843
            ambientIntensity 0.2235
            transparency 0.0
            shininess 0.5
        }
    }
    geometry IndexedFaceSet {
        ccw TRUE
        solid FALSE
        coord DEF co Coordinate {
            point [
                0.7258 0.015 1.0079, 0.7376 0.015 1.0197, 0.7258 0.6364 1.0079, 0.7376 1.0583 1.0197, 0.6982 0.6364 0.9803, 0.6982 1.0583 0.9803, 0.5118 -0.3394 0.4606, 0.5906 -0.3394 0.4606, 0.5118 -1.0905 0.4606, 0.5906 -1.0905 0.4606, 0.4972 -1.1051 0.4606, 0.4961 -1.1228 0.4606, 0.6051 -1.1051 0.4606, 0.6058 -1.1059 0.4606, 0.6062 -1.1069 0.4606, 0.6063 -1.1079 0.4606, 0.6063 -1.1228 0.4606, 0.4961 -1.1071 0.4606, 0.4964 -1.1064 0.4606, 0.4967 -1.1057 0.4606, 0.4961 -1.1079 0.4606
            ]
        }
        coordIndex [
            0,1,2,-1,2,1,3,-1,2,3,4,-1,4,3,5,-1,6,7,8,-1,8,7,9,-1,8,9,10,-1,11,12,13,-1,13,14,11,-1,11,14,15,-1,11,15,16,-1,17,18,9,-1,9,18,19,-1,9,19,10,-1,12,11,9,-1,9,11,20,-1,9,20,17,-1,
        ]
    }
}
Shape{
    appearance Appearance {
        material  Material 	{
            diffuseColor 0.9686274509803922 0.8784313725490196 0.6
            specularColor 0.6784313725490196 0.615686274509804 0.4196078431372549
            ambientIntensity 0.8737
            transparency 0.0
            shininess 0.5
        }
    }
    geometry IndexedFaceSet {
        ccw TRUE
        solid FALSE
        coord DEF co Coordinate {
            point [
                -0.5118 -1.0905 0.6811, -0.5118 -0.3394 0.6811, -0.5118 -1.0905 0.689, -0.5118 -0.3315 0.689, 0.2008 0.9181 0.064, 0.2008 0.8945 0.0098, 0.2008 0.9076 0.0699, 0.2008 0.8715 0.0231, 0.2008 0.8985 0.0778, 0.2008 0.8553 0.0376, 0.2008 0.836 0.1448, 0.2008 0.7928 0.1046, 0.2008 1.0542 0.0591, 0.2008 1.0542 0.0098, 0.2008 0.9417 0.0591, 0.2008 0.9296 0.0603
            ]
        }
        coordIndex [
            0,1,2,-1,2,1,3,-1,4,5,6,-1,6,5,7,-1,6,7,8,-1,8,7,9,-1,8,9,10,-1,10,9,11,-1,12,13,14,-1,14,13,5,-1,14,5,15,-1,15,5,4,-1,
        ]
    }
}
Shape{
    appearance Appearance {
        material  Material 	{
            diffuseColor 0.6666666666666666 0.6980392156862745 0.7686274509803922
            specularColor 0.3333333333333333 0.34901960784313724 0.3843137254901961
            ambientIntensity 0.6967
            transparency 0.0
            shininess 0.5
        }
    }
    geometry IndexedFaceSet {
        ccw TRUE
        solid FALSE
        coord DEF co Coordinate {
            point [
                1.2795 0.6843 0.5787, 1.2795 0.6646 0.5787, 1.1752 0.6843 0.5787, 1.1752 0.6646 0.5787
            ]
        }
        coordIndex [
            0,1,2,-1,2,1,3,-1,
        ]
    }
}
Shape{
    appearance Appearance {
        material  Material 	{
            diffuseColor 0.9686274509803922 0.8784313725490196 0.6
            specularColor 0.6784313725490196 0.615686274509804 0.4196078431372549
            ambientIntensity 0.8737
            transparency 0.0
            shininess 0.5
        }
    }
    geometry IndexedFaceSet {
        ccw TRUE
        solid FALSE
        coord DEF co Coordinate {
            point [
                -0.0453 0.4283 0.3937, 0.0453 0.4283 0.3937, -0.0453 0.4283 0.2375, 0.0453 0.4283 0.2375, -0.0354 0.4283 0.2205, 0.0354 0.4283 0.2205, -0.0354 0.4283 0.1181, 0.0354 0.4283 0.1181, 0.2795 0.3693 0.2205, 0.2795 0.4283 0.2205, 0.2795 0.3693 0.1181, 0.2795 0.4283 0.1181, 0.2795 0.371 0.0983, 0.2795 0.4298 0.105, 0.2795 0.3793 0.0705, 0.2795 0.4342 0.0925, 0.2795 0.3942 0.0455, 0.2795 0.4412 0.0813, 0.2795 0.4148 0.0249, 0.2795 0.4506 0.0719, 0.2795 0.4398 0.0101, 0.2795 0.4618 0.0649, 0.2795 0.4402 0.0098, 0.2795 0.6055 0.0591, 0.2795 0.6055 0.0098, 0.2795 0.4874 0.0591, 0.2795 0.4743 0.0605, 0.7441 1.0542 0.0098, 0.7441 1.0542 0.0591, 0.7441 0.8945 0.0098, 0.7441 0.9417 0.0591, 0.7441 0.836 0.1448, 0.7441 0.7928 0.1046, 0.7441 0.8985 0.0778, 0.7441 0.8553 0.0376, 0.7441 0.9076 0.0699, 0.7441 0.8715 0.0231, 0.7441 0.9181 0.064, 0.7441 0.9296 0.0603, 0.4173 -1.1228 0.685, 0.4173 -1.1228 0.6811, 0.4173 -1.1079 0.6811, 0.4173 -1.1079 0.689, 0.4173 -1.2107 0.689, 0.4173 -1.2278 0.685, 0.4173 -1.2195 0.688
            ]
        }
        coordIndex [
            0,1,2,-1,2,1,3,-1,2,3,4,-1,4,3,5,-1,4,5,6,-1,6,5,7,-1,8,9,10,-1,10,9,11,-1,10,11,12,-1,12,11,13,-1,12,13,14,-1,14,13,15,-1,14,15,16,-1,16,15,17,-1,16,17,18,-1,18,17,19,-1,18,19,20,-1,20,19,21,-1,20,21,22,-1,23,24,25,-1,25,24,22,-1,25,22,26,-1,26,22,21,-1,27,28,29,-1,29,28,30,-1,31,32,33,-1,33,32,34,-1,33,34,35,-1,35,34,36,-1,35,36,37,-1,37,36,29,-1,37,29,38,-1,38,29,30,-1,39,40,41,-1,41,42,39,-1,39,42,43,-1,39,43,44,-1,44,43,45,-1,
        ]
    }
}
Shape{
    appearance Appearance {
        material  Material 	{
            diffuseColor 0.6666666666666666 0.6980392156862745 0.7686274509803922
            specularColor 0.3333333333333333 0.34901960784313724 0.3843137254901961
            ambientIntensity 0.6967
            transparency 0.0
            shininess 0.5
        }
    }
    geometry IndexedFaceSet {
        ccw TRUE
        solid FALSE
        coord DEF co Coordinate {
            point [
                0.3504 -1.1646 0.0, 0.3504 -0.5969 0.0, 0.3504 -1.1646 0.1181, 0.3504 -0.5969 0.1181
            ]
        }
        coordIndex [
            0,1,2,-1,2,1,3,-1,
        ]
    }
}
Shape{
    appearance Appearance {
        material  Material 	{
            diffuseColor 0.9686274509803922 0.8784313725490196 0.6
            specularColor 0.6784313725490196 0.615686274509804 0.4196078431372549
            ambientIntensity 0.8737
            transparency 0.0
            shininess 0.5
        }
    }
    geometry IndexedFaceSet {
        ccw TRUE
        solid FALSE
        coord DEF co Coordinate {
            point [
                -0.1929 0.3693 0.2205, -0.2028 0.3693 0.2375, -0.1929 0.4283 0.2205, -0.2028 0.4283 0.2375
            ]
        }
        coordIndex [
            0,1,2,-1,2,1,3,-1,
        ]
    }
}
Shape{
    appearance Appearance {
        material  Material 	{
            diffuseColor 0.6666666666666666 0.6980392156862745 0.7686274509803922
            specularColor 0.3333333333333333 0.34901960784313724 0.3843137254901961
            ambientIntensity 0.6967
            transparency 0.0
            shininess 0.5
        }
    }
    geometry IndexedFaceSet {
        ccw TRUE
        solid FALSE
        coord DEF co Coordinate {
            point [
                -0.0324 -0.0031 0.0673, -0.0391 0.0 0.0641, -0.8141 -0.0539 0.1181, -0.0428 0.0018 0.0624, -0.053 0.0044 0.0598, -0.8141 0.0051 0.0591, -0.063 0.0051 0.0591, -0.0531 0.0044 0.0598, -0.0039 -0.0539 0.1181, -0.0053 -0.0442 0.1083, -0.0062 -0.0375 0.1017, -0.0093 -0.0304 0.0946, -0.0125 -0.0232 0.0873, -0.0167 -0.0179 0.0821, -0.022 -0.0114 0.0755, -0.0268 -0.0076 0.0718
            ]
        }
        coordIndex [
            0,1,2,-1,1,3,4,-1,5,2,6,-1,6,2,1,-1,6,1,7,-1,7,1,4,-1,8,9,2,-1,2,9,10,-1,10,11,2,-1,2,11,12,-1,2,12,13,-1,13,14,2,-1,2,14,15,-1,2,15,0,-1,
        ]
    }
}
Shape{
    appearance Appearance {
        material  Material 	{
            diffuseColor 0.9686274509803922 0.8784313725490196 0.6
            specularColor 0.6784313725490196 0.615686274509804 0.4196078431372549
            ambientIntensity 0.8737
            transparency 0.0
            shininess 0.5
        }
    }
    geometry IndexedFaceSet {
        ccw TRUE
        solid FALSE
        coord DEF co Coordinate {
            point [
                -0.124 0.8244 0.1573, -0.124 0.7812 0.117, -0.124 0.7198 0.2695, -0.124 0.6766 0.2292, -0.124 0.7112 0.2814, -0.124 0.6594 0.253, -0.124 0.7058 0.2951, -0.124 0.6486 0.2805, -0.124 0.7039 0.3097, -0.124 0.6449 0.3097, -0.124 0.7039 0.5709, -0.124 0.6449 0.5709, -0.124 0.6999 0.6014, -0.124 0.6429 0.5862, -0.124 0.6881 0.6299, -0.124 0.637 0.6004, -0.124 0.6693 0.6544, -0.124 0.6276 0.6126, -0.124 0.6449 0.6732, -0.124 0.6154 0.622, -0.124 0.6164 0.685, -0.124 0.6011 0.6279, -0.124 0.5858 0.689, -0.124 0.5858 0.6299, -0.124 0.271 0.689, -0.124 0.271 0.6299
            ]
        }
        coordIndex [
            0,1,2,-1,2,1,3,-1,2,3,4,-1,4,3,5,-1,4,5,6,-1,6,5,7,-1,6,7,8,-1,8,7,9,-1,8,9,10,-1,10,9,11,-1,10,11,12,-1,12,11,13,-1,12,13,14,-1,14,13,15,-1,14,15,16,-1,16,15,17,-1,16,17,18,-1,18,17,19,-1,18,19,20,-1,20,19,21,-1,20,21,22,-1,22,21,23,-1,22,23,24,-1,24,23,25,-1,
        ]
    }
}
Shape{
    appearance Appearance {
        material  Material 	{
            diffuseColor 0.6666666666666666 0.6980392156862745 0.7686274509803922
            specularColor 0.3333333333333333 0.34901960784313724 0.3843137254901961
            ambientIntensity 0.6967
            transparency 0.0
            shininess 0.5
        }
    }
    geometry IndexedFaceSet {
        ccw TRUE
        solid FALSE
        coord DEF co Coordinate {
            point [
                0.8268 0.202 0.1181, 0.8268 0.5465 0.1181, 0.8268 0.202 0.0, 0.8268 0.5465 0.0
            ]
        }
        coordIndex [
            0,1,2,-1,2,1,3,-1,
        ]
    }
}
Shape{
    appearance Appearance {
        material  Material 	{
            diffuseColor 0.9686274509803922 0.8784313725490196 0.6
            specularColor 0.6784313725490196 0.615686274509804 0.4196078431372549
            ambientIntensity 0.8737
            transparency 0.0
            shininess 0.5
        }
    }
    geometry IndexedFaceSet {
        ccw TRUE
        solid FALSE
        coord DEF co Coordinate {
            point [
                0.7441 0.8715 0.0231, 0.7441 0.8553 0.0376, 0.6732 0.8715 0.0231, 0.6732 0.8553 0.0376, 0.7441 0.8945 0.0098, 0.6732 0.8945 0.0098, 0.7441 0.8946 0.0098, 0.6733 0.8946 0.0098, 0.6794 0.9128 0.0036, 0.6831 0.9417 0.0, 0.7343 0.9417 0.0, 0.6824 0.9321 0.0004, 0.7359 0.922 0.0017, 0.6806 0.92 0.0024, 0.7364 0.92 0.0021, 0.7408 0.9033 0.0064, -0.4961 -1.1228 0.4567, -0.6063 -1.1228 0.4567, -0.4961 -1.1228 0.4606, -0.6063 -1.1228 0.4606
            ]
        }
        coordIndex [
            0,1,2,-1,2,1,3,-1,0,2,4,-1,4,2,5,-1,4,5,6,-1,6,5,7,-1,6,7,8,-1,9,10,11,-1,11,10,12,-1,11,12,13,-1,13,12,14,-1,13,14,8,-1,8,14,15,-1,8,15,6,-1,16,17,18,-1,18,17,19,-1,
        ]
    }
}
Shape{
    appearance Appearance {
        material  Material 	{
            diffuseColor 0.2235294117647059 0.2235294117647059 0.2235294117647059
            specularColor 0.11372549019607843 0.11372549019607843 0.11372549019607843
            ambientIntensity 0.2235
            transparency 0.0
            shininess 0.5
        }
    }
    geometry IndexedFaceSet {
        ccw TRUE
        solid FALSE
        coord DEF co Coordinate {
            point [
                0.8465 -0.3394 0.6811, 0.748 -0.3394 0.6811, 0.8465 -1.1228 0.6811, 0.748 -1.0905 0.6811, 0.7334 -1.1051 0.6811, 0.7329 -1.1057 0.6811, 0.7326 -1.1064 0.6811, 0.7324 -1.1071 0.6811, 0.7323 -1.1079 0.6811, 0.7323 -1.1228 0.6811
            ]
        }
        coordIndex [
            0,1,2,-1,2,1,3,-1,3,4,2,-1,2,4,5,-1,2,5,6,-1,6,7,2,-1,2,7,8,-1,2,8,9,-1,
        ]
    }
}
Shape{
    appearance Appearance {
        material  Material 	{
            diffuseColor 0.9686274509803922 0.8784313725490196 0.6
            specularColor 0.6784313725490196 0.615686274509804 0.4196078431372549
            ambientIntensity 0.8737
            transparency 0.0
            shininess 0.5
        }
    }
    geometry IndexedFaceSet {
        ccw TRUE
        solid FALSE
        coord DEF co Coordinate {
            point [
                -0.5118 -1.0905 0.4528, -0.4972 -1.1051 0.4528, -0.5118 -1.0905 0.4606, -0.4972 -1.1051 0.4606, 0.0394 -0.3315 0.4528, 0.0394 -0.3394 0.4606, 0.0394 -1.0905 0.4528, 0.0394 -1.0905 0.4606, -0.7323 -1.1079 0.6811, -0.7323 -1.1079 0.689, -0.7324 -1.1069 0.6811, -0.7324 -1.1069 0.689, -0.7328 -1.1059 0.6811, -0.7328 -1.1059 0.689, -0.7334 -1.1051 0.6811, -0.7334 -1.1051 0.689, 0.439 0.271 0.689, 0.439 0.5858 0.689, 0.3937 0.271 0.689, 0.3484 0.5858 0.689, 0.3484 0.271 0.689, 0.5965 0.6449 0.3097, 0.5965 0.6449 0.5709, 0.5059 0.6449 0.3097, 0.5059 0.6449 0.5709, -0.7441 1.0542 0.0591, -0.7441 0.9417 0.0591, -0.6732 1.0542 0.0591, -0.6732 0.9417 0.0591, 0.3397 -1.1051 0.4528, 0.3397 -1.1051 0.4606, 0.3392 -1.1057 0.4528, 0.3392 -1.1057 0.4606, 0.3389 -1.1064 0.4528, 0.3389 -1.1064 0.4606, 0.3387 -1.1071 0.4528, 0.3387 -1.1071 0.4606, 0.3386 -1.1079 0.4528, 0.3386 -1.1079 0.4606
            ]
        }
        coordIndex [
            0,1,2,-1,2,1,3,-1,4,5,6,-1,6,5,7,-1,8,9,10,-1,10,9,11,-1,10,11,12,-1,12,11,13,-1,12,13,14,-1,14,13,15,-1,16,17,18,-1,18,17,19,-1,18,19,20,-1,21,22,23,-1,23,22,24,-1,25,26,27,-1,27,26,28,-1,29,30,31,-1,31,30,32,-1,31,32,33,-1,33,32,34,-1,33,34,35,-1,35,34,36,-1,35,36,37,-1,37,36,38,-1,
        ]
    }
}
Shape{
    appearance Appearance {
        material  Material 	{
            diffuseColor 0.6666666666666666 0.6980392156862745 0.7686274509803922
            specularColor 0.3333333333333333 0.34901960784313724 0.3843137254901961
            ambientIntensity 0.6967
            transparency 0.0
            shininess 0.5
        }
    }
    geometry IndexedFaceSet {
        ccw TRUE
        solid FALSE
        coord DEF co Coordinate {
            point [
                -0.0039 -0.0539 0.0, -0.0048 -0.044 0.0, -0.0039 -0.0539 0.1181, -0.0053 -0.0442 0.1083, -0.009 -0.0301 0.0, -0.0164 -0.0176 0.0, -0.0167 -0.0179 0.0821, -0.0125 -0.0232 0.0873, -0.0093 -0.0304 0.0946, -0.0062 -0.0375 0.1017, -0.0267 -0.0074 0.0, -0.0392 0.0001 0.0, -0.0391 0.0 0.0641, -0.0324 -0.0031 0.0673, -0.0268 -0.0076 0.0718, -0.022 -0.0114 0.0755, -0.0531 0.0044 0.0598, -0.053 0.0044 0.0598, -0.0428 0.0018 0.0624, -0.0531 0.0043 0.0, -0.063 0.0051 0.0, -0.063 0.0051 0.0591
            ]
        }
        coordIndex [
            0,1,2,-1,2,1,3,-1,4,5,6,-1,6,7,4,-1,4,7,8,-1,4,8,1,-1,1,8,9,-1,1,9,3,-1,10,11,12,-1,12,13,10,-1,10,13,14,-1,10,14,5,-1,5,14,15,-1,5,15,6,-1,16,17,11,-1,11,17,18,-1,11,18,12,-1,11,19,16,-1,16,19,20,-1,16,20,21,-1,
        ]
    }
}
Shape{
    appearance Appearance {
        material  Material 	{
            diffuseColor 0.9686274509803922 0.8784313725490196 0.6
            specularColor 0.6784313725490196 0.615686274509804 0.4196078431372549
            ambientIntensity 0.8737
            transparency 0.0
            shininess 0.5
        }
    }
    geometry IndexedFaceSet {
        ccw TRUE
        solid FALSE
        coord DEF co Coordinate {
            point [
                -0.6839 -1.1051 0.689, -0.6839 -1.1051 0.6811, -0.6693 -1.0905 0.689, -0.6693 -1.0905 0.6811, 0.6732 1.0542 0.0591, 0.6732 0.9417 0.0591, 0.7441 1.0542 0.0591, 0.7441 0.9417 0.0591, 0.439 0.7198 0.2695, 0.3484 0.7198 0.2695, 0.439 0.7112 0.2814, 0.3484 0.7112 0.2814, 0.439 0.7058 0.2951, 0.3484 0.7058 0.2951, 0.439 0.7039 0.3097, 0.3484 0.7039 0.3097, -0.7593 -1.1723 1.0108, -0.4218 -1.1723 1.0108, -0.7593 -1.1844 0.9932, -0.4218 -1.1844 0.9932, -0.4272 0.3102 0.4528, -0.5177 0.3102 0.4528, -0.4272 0.3255 0.4507, -0.5177 0.3255 0.4507, -0.4272 0.3398 0.4448, -0.5177 0.3398 0.4448, -0.4272 0.352 0.4355, -0.5177 0.352 0.4355, -0.4272 0.3614 0.4232, -0.5177 0.3614 0.4232, -0.4272 0.3673 0.409, -0.5177 0.3673 0.409, -0.4272 0.3693 0.3937, -0.5177 0.3693 0.3937, -0.3504 0.3693 0.2205, -0.3602 0.3693 0.2375, -0.3504 0.4283 0.2205, -0.3602 0.4283 0.2375, 0.6547 -1.1051 0.4606, 0.6547 -1.1051 0.4528, 0.6693 -1.0905 0.4606, 0.6693 -1.0905 0.4528
            ]
        }
        coordIndex [
            0,1,2,-1,2,1,3,-1,4,5,6,-1,6,5,7,-1,8,9,10,-1,10,9,11,-1,10,11,12,-1,12,11,13,-1,12,13,14,-1,14,13,15,-1,16,17,18,-1,18,17,19,-1,20,21,22,-1,22,21,23,-1,22,23,24,-1,24,23,25,-1,24,25,26,-1,26,25,27,-1,26,27,28,-1,28,27,29,-1,28,29,30,-1,30,29,31,-1,30,31,32,-1,32,31,33,-1,34,35,36,-1,36,35,37,-1,38,39,40,-1,40,39,41,-1,
        ]
    }
}
Shape{
    appearance Appearance {
        material  Material 	{
            diffuseColor 0.6666666666666666 0.6980392156862745 0.7686274509803922
            specularColor 0.3333333333333333 0.34901960784313724 0.3843137254901961
            ambientIntensity 0.6967
            transparency 0.0
            shininess 0.5
        }
    }
    geometry IndexedFaceSet {
        ccw TRUE
        solid FALSE
        coord DEF co Coordinate {
            point [
                -0.8915 -1.8354 0.1365, -0.9343 -1.8945 0.0959, -0.8824 -1.8354 0.1287, -0.9162 -1.8945 0.0803, -0.872 -1.8354 0.1229, -0.8953 -1.8945 0.0687, -0.8605 -1.8354 0.1193, -0.8724 -1.8945 0.0615, -0.8486 -1.8354 0.1181, -0.8486 -1.8945 0.0591
            ]
        }
        coordIndex [
            0,1,2,-1,2,1,3,-1,2,3,4,-1,4,3,5,-1,4,5,6,-1,6,5,7,-1,6,7,8,-1,8,7,9,-1,
        ]
    }
}
Shape{
    appearance Appearance {
        material  Material 	{
            diffuseColor 0.9686274509803922 0.8784313725490196 0.6
            specularColor 0.6784313725490196 0.615686274509804 0.4196078431372549
            ambientIntensity 0.8737
            transparency 0.0
            shininess 0.5
        }
    }
    geometry IndexedFaceSet {
        ccw TRUE
        solid FALSE
        coord DEF co Coordinate {
            point [
                -0.4272 0.4283 0.3937, -0.5177 0.4283 0.3937, -0.5177 0.4243 0.4243, -0.4272 0.4243 0.4243, -0.5177 0.4125 0.4528, -0.4272 0.4125 0.4528, -0.5177 0.3938 0.4772, -0.4272 0.3938 0.4772, -0.5177 0.3693 0.496, -0.4272 0.3693 0.496, -0.5177 0.3408 0.5078, -0.4272 0.3408 0.5078, -0.5177 0.3102 0.5118, -0.4272 0.3102 0.5118, -0.261 -1.1051 0.689, -0.1969 -1.0905 0.689, -0.2756 -1.0905 0.689, -0.1969 -0.3315 0.689, -0.2756 -0.3315 0.689, -0.2598 -1.1079 0.689, -0.2598 -1.2107 0.689, -0.2126 -1.2107 0.689, -0.2126 -1.1079 0.689, -0.2125 -1.1071 0.689, -0.26 -1.1069 0.689, -0.2123 -1.1064 0.689, -0.2119 -1.1057 0.689, -0.2604 -1.1059 0.689, -0.2114 -1.1051 0.689
            ]
        }
        coordIndex [
            0,1,2,-1,0,2,3,-1,3,2,4,-1,3,4,5,-1,5,4,6,-1,5,6,7,-1,7,6,8,-1,7,8,9,-1,9,8,10,-1,9,10,11,-1,11,10,12,-1,11,12,13,-1,14,15,16,-1,16,15,17,-1,16,17,18,-1,19,20,21,-1,21,22,19,-1,19,22,23,-1,19,23,24,-1,24,23,25,-1,24,25,26,-1,14,27,15,-1,15,27,24,-1,15,24,28,-1,28,24,26,-1,
        ]
    }
}
Shape{
    appearance Appearance {
        material  Material 	{
            diffuseColor 0.2235294117647059 0.2235294117647059 0.2235294117647059
            specularColor 0.11372549019607843 0.11372549019607843 0.11372549019607843
            ambientIntensity 0.2235
            transparency 0.0
            shininess 0.5
        }
    }
    geometry IndexedFaceSet {
        ccw TRUE
        solid FALSE
        coord DEF co Coordinate {
            point [
                -0.8465 -0.3354 0.576, -0.9213 -0.2606 0.5452, -0.7283 -0.3354 0.4567, -0.7595 -0.2606 0.3819
            ]
        }
        coordIndex [
            0,1,2,-1,2,1,3,-1,
        ]
    }
}
Shape{
    appearance Appearance {
        material  Material 	{
            diffuseColor 0.9686274509803922 0.8784313725490196 0.6
            specularColor 0.6784313725490196 0.615686274509804 0.4196078431372549
            ambientIntensity 0.8737
            transparency 0.0
            shininess 0.5
        }
    }
    geometry IndexedFaceSet {
        ccw TRUE
        solid FALSE
        coord DEF co Coordinate {
            point [
                0.1811 -1.1079 0.4606, 0.1811 -1.1228 0.4606, 0.1811 -1.1079 0.4528, 0.1811 -1.1228 0.4567, 0.1811 -1.2107 0.4528, 0.1811 -1.2278 0.4567, 0.1811 -1.2195 0.4538, -0.439 0.7198 0.2695, -0.3484 0.7198 0.2695, -0.439 0.8244 0.1573, -0.3484 0.8244 0.1573, -0.4291 0.836 0.1448, -0.3583 0.836 0.1448, -0.4291 0.8985 0.0778, -0.3583 0.8985 0.0778
            ]
        }
        coordIndex [
            0,1,2,-1,2,1,3,-1,2,3,4,-1,4,3,5,-1,4,5,6,-1,7,8,9,-1,9,8,10,-1,9,10,11,-1,11,10,12,-1,11,12,13,-1,13,12,14,-1,
        ]
    }
}
Shape{
    appearance Appearance {
        material  Material 	{
            diffuseColor 0.6666666666666666 0.6980392156862745 0.7686274509803922
            specularColor 0.3333333333333333 0.34901960784313724 0.3843137254901961
            ambientIntensity 0.6967
            transparency 0.0
            shininess 0.5
        }
    }
    geometry IndexedFaceSet {
        ccw TRUE
        solid FALSE
        coord DEF co Coordinate {
            point [
                0.2559 -0.5103 0.0197, 0.2559 -0.5103 0.0, 0.2697 -0.5073 0.0, 0.2697 -0.5073 0.1181, 0.2513 -0.5119 0.1181, 0.2513 -0.5119 0.0197, 0.3583 -0.5854 0.0, 0.3583 -0.5854 0.1181, 0.356 -0.5665 0.0, 0.356 -0.5665 0.1181, 0.3492 -0.5487 0.0, 0.3492 -0.5487 0.1181, 0.3384 -0.5331 0.0, 0.3384 -0.5331 0.1181, 0.3241 -0.5205 0.0, 0.3241 -0.5205 0.1181, 0.3073 -0.5117 0.0, 0.3073 -0.5117 0.1181, 0.2888 -0.5072 0.0, 0.2888 -0.5072 0.1181, -0.2349 -0.0109 1.0448, -0.2362 -0.002 1.0489, -0.2362 0.0404 0.9581, -0.1888 -0.0284 0.9697, -0.2008 -0.0505 1.0263, -0.1935 -0.0262 0.9666, -0.1998 -0.0215 0.9633, -0.1772 -0.0339 0.9776, -0.1772 -0.0555 1.024, -0.187 -0.0292 0.971, -0.187 -0.0543 1.0245, -0.1925 -0.0537 1.0248, -0.2194 -0.0039 0.9553, -0.2189 -0.0043 0.9554, -0.2233 -0.0346 1.0337, -0.2189 -0.0398 1.0313, -0.2132 -0.0103 0.9572, -0.2132 -0.0438 1.0294, -0.2101 -0.0135 0.9581, -0.2067 -0.0483 1.0273, -0.2092 -0.0145 0.9584, -0.2007 -0.0208 0.9628, -0.235 0.03 0.9571, -0.2343 0.0247 0.9567, -0.2342 -0.0158 1.0425, -0.2308 0.0153 0.9558, -0.2308 -0.0234 1.039, -0.2287 0.0099 0.9554, -0.2283 -0.0287 1.0365, -0.226 0.0052 0.955, -0.2236 0.0019 0.9551
            ]
        }
        coordIndex [
            0,1,2,-1,3,4,5,-1,6,7,8,-1,8,7,9,-1,8,9,10,-1,10,9,11,-1,10,11,12,-1,12,11,13,-1,12,13,14,-1,14,13,15,-1,14,15,16,-1,16,15,17,-1,16,17,18,-1,18,17,19,-1,18,19,2,-1,2,19,3,-1,2,3,0,-1,0,3,5,-1,20,21,22,-1,23,24,25,-1,25,24,26,-1,27,28,29,-1,29,28,30,-1,29,30,23,-1,23,30,31,-1,23,31,24,-1,32,33,34,-1,34,33,35,-1,35,33,36,-1,35,36,37,-1,37,36,38,-1,37,38,39,-1,39,38,40,-1,39,40,24,-1,24,40,41,-1,24,41,26,-1,22,42,20,-1,20,42,43,-1,20,43,44,-1,44,43,45,-1,44,45,46,-1,46,45,47,-1,46,47,48,-1,48,47,49,-1,48,49,34,-1,34,49,50,-1,34,50,32,-1,
        ]
    }
}
Shape{
    appearance Appearance {
        material  Material 	{
            diffuseColor 0.2235294117647059 0.2235294117647059 0.2235294117647059
            specularColor 0.11372549019607843 0.11372549019607843 0.11372549019607843
            ambientIntensity 0.2235
            transparency 0.0
            shininess 0.5
        }
    }
    geometry IndexedFaceSet {
        ccw TRUE
        solid FALSE
        coord DEF co Coordinate {
            point [
                0.6982 0.6364 0.7949, 0.6982 0.6364 0.9803, 0.6982 1.0583 0.7949, 0.6982 1.0583 0.9803
            ]
        }
        coordIndex [
            0,1,2,-1,2,1,3,-1,
        ]
    }
}
Shape{
    appearance Appearance {
        material  Material 	{
            diffuseColor 0.9686274509803922 0.8784313725490196 0.6
            specularColor 0.6784313725490196 0.615686274509804 0.4196078431372549
            ambientIntensity 0.8737
            transparency 0.0
            shininess 0.5
        }
    }
    geometry IndexedFaceSet {
        ccw TRUE
        solid FALSE
        coord DEF co Coordinate {
            point [
                -0.2008 1.0542 0.0098, -0.2008 1.0542 0.0591, -0.2008 0.8945 0.0098, -0.2008 0.9417 0.0591, -0.2008 0.836 0.1448, -0.2008 0.7928 0.1046, -0.2008 0.8985 0.0778, -0.2008 0.8553 0.0376, -0.2008 0.9076 0.0699, -0.2008 0.8715 0.0231, -0.2008 0.9181 0.064, -0.2008 0.9296 0.0603, -0.5965 0.271 0.6299, -0.5965 0.5858 0.6299, -0.5512 0.271 0.6299, -0.5059 0.5858 0.6299, -0.5059 0.271 0.6299
            ]
        }
        coordIndex [
            0,1,2,-1,2,1,3,-1,4,5,6,-1,6,5,7,-1,6,7,8,-1,8,7,9,-1,8,9,10,-1,10,9,2,-1,10,2,11,-1,11,2,3,-1,12,13,14,-1,14,13,15,-1,14,15,16,-1,
        ]
    }
}
Shape{
    appearance Appearance {
        material  Material 	{
            diffuseColor 0.6666666666666666 0.6980392156862745 0.7686274509803922
            specularColor 0.3333333333333333 0.34901960784313724 0.3843137254901961
            ambientIntensity 0.6967
            transparency 0.0
            shininess 0.5
        }
    }
    geometry IndexedFaceSet {
        ccw TRUE
        solid FALSE
        coord DEF co Coordinate {
            point [
                -0.5827 -1.2646 0.0, -0.5827 -1.2646 0.1181, -0.5827 -1.2449 0.0, -0.5827 -1.2449 0.1181
            ]
        }
        coordIndex [
            0,1,2,-1,2,1,3,-1,
        ]
    }
}
Shape{
    appearance Appearance {
        material  Material 	{
            diffuseColor 0.9686274509803922 0.8784313725490196 0.6
            specularColor 0.6784313725490196 0.615686274509804 0.4196078431372549
            ambientIntensity 0.8737
            transparency 0.0
            shininess 0.5
        }
    }
    geometry IndexedFaceSet {
        ccw TRUE
        solid FALSE
        coord DEF co Coordinate {
            point [
                0.1339 -1.1228 0.4567, 0.0236 -1.1228 0.4567, 0.1339 -1.1228 0.4606, 0.0236 -1.1228 0.4606, -0.8141 0.0051 0.1181, -0.8141 -0.0539 0.1181, -0.8141 0.0051 0.0591, 0.5945 0.6055 0.0591, 0.5945 0.4874 0.0591, 0.6654 0.6055 0.0591, 0.6654 0.4874 0.0591, 0.5157 1.0542 0.0591, 0.5157 0.9417 0.0591, 0.5866 1.0542 0.0591, 0.5866 0.9417 0.0591, -0.1141 0.8946 0.0098, -0.1142 0.8945 0.0098, -0.1142 1.0542 0.0098, -0.108 0.9128 0.0036, -0.1043 1.0542 0.0, -0.1043 0.9417 0.0, -0.105 0.9321 0.0004, -0.1068 0.92 0.0024, -0.4173 -1.1228 0.6811, -0.5276 -1.1228 0.6811, -0.4173 -1.1228 0.685, -0.5276 -1.1228 0.685
            ]
        }
        coordIndex [
            0,1,2,-1,2,1,3,-1,4,5,6,-1,7,8,9,-1,9,8,10,-1,11,12,13,-1,13,12,14,-1,15,16,17,-1,15,17,18,-1,17,19,20,-1,20,21,17,-1,17,21,22,-1,17,22,18,-1,23,24,25,-1,25,24,26,-1,
        ]
    }
}
Shape{
    appearance Appearance {
        material  Material 	{
            diffuseColor 0.6666666666666666 0.6980392156862745 0.7686274509803922
            specularColor 0.3333333333333333 0.34901960784313724 0.3843137254901961
            ambientIntensity 0.6967
            transparency 0.0
            shininess 0.5
        }
    }
    geometry IndexedFaceSet {
        ccw TRUE
        solid FALSE
        coord DEF co Coordinate {
            point [
                0.2559 -0.5197 0.0197, 0.2559 -0.5197 0.0, 0.2559 -0.6937 0.0197, 0.2559 -0.6937 0.0, -0.3622 0.1913 1.0236, -0.3622 0.1913 1.1417, -0.3622 -0.062 1.0236, -0.3622 -0.062 1.1417
            ]
        }
        coordIndex [
            0,1,2,-1,2,1,3,-1,4,5,6,-1,6,5,7,-1,
        ]
    }
}
Shape{
    appearance Appearance {
        material  Material 	{
            diffuseColor 0.9686274509803922 0.8784313725490196 0.6
            specularColor 0.6784313725490196 0.615686274509804 0.4196078431372549
            ambientIntensity 0.8737
            transparency 0.0
            shininess 0.5
        }
    }
    geometry IndexedFaceSet {
        ccw TRUE
        solid FALSE
        coord DEF co Coordinate {
            point [
                0.1339 -1.1228 0.4567, 0.1339 -1.1228 0.4606, 0.1339 -1.1079 0.4606, 0.1339 -1.1079 0.4528, 0.1339 -1.2107 0.4528, 0.1339 -1.2278 0.4567, 0.1339 -1.2195 0.4538, -0.3689 -1.1051 0.689, -0.3689 -1.1051 0.6811, -0.3543 -1.0905 0.689, -0.3543 -1.0905 0.6811, 0.5768 0.9417 0.0, 0.5768 1.0542 0.0, 0.5866 1.0542 0.0098, 0.5866 0.8946 0.0098, 0.5833 0.9033 0.0064, 0.579 0.92 0.0021, 0.5866 0.8945 0.0098, 0.5784 0.922 0.0017, -0.6654 0.3693 0.2205, -0.6752 0.3693 0.2375, -0.6654 0.4283 0.2205, -0.6752 0.4283 0.2375
            ]
        }
        coordIndex [
            0,1,2,-1,2,3,0,-1,0,3,4,-1,0,4,5,-1,5,4,6,-1,7,8,9,-1,9,8,10,-1,11,12,13,-1,14,15,16,-1,13,17,14,-1,14,16,13,-1,13,16,18,-1,13,18,11,-1,19,20,21,-1,21,20,22,-1,
        ]
    }
}
Shape{
    appearance Appearance {
        material  Material 	{
            diffuseColor 0.2235294117647059 0.2235294117647059 0.2235294117647059
            specularColor 0.11372549019607843 0.11372549019607843 0.11372549019607843
            ambientIntensity 0.2235
            transparency 0.0
            shininess 0.5
        }
    }
    geometry IndexedFaceSet {
        ccw TRUE
        solid FALSE
        coord DEF co Coordinate {
            point [
                1.0966 -0.2606 0.4416, 1.1244 -0.2213 0.4138, 1.1318 -0.2213 0.4228, 1.099 -0.2606 0.4446, 1.1336 -0.2213 0.4262, 1.1009 -0.2606 0.448, 1.1372 -0.2213 0.433, 1.1395 -0.2213 0.4404, 1.102 -0.2606 0.4517, 1.1406 -0.2213 0.444, 1.1417 -0.2213 0.4556, 1.1024 -0.2606 0.4556
            ]
        }
        coordIndex [
            0,1,2,-1,0,2,3,-1,3,2,4,-1,3,4,5,-1,4,6,5,-1,5,6,7,-1,5,7,8,-1,7,9,8,-1,8,9,10,-1,8,10,11,-1,
        ]
    }
}
Shape{
    appearance Appearance {
        material  Material 	{
            diffuseColor 0.9686274509803922 0.8784313725490196 0.6
            specularColor 0.6784313725490196 0.615686274509804 0.4196078431372549
            ambientIntensity 0.8737
            transparency 0.0
            shininess 0.5
        }
    }
    geometry IndexedFaceSet {
        ccw TRUE
        solid FALSE
        coord DEF co Coordinate {
            point [
                -0.6063 -1.2278 0.4567, -0.6535 -1.2278 0.4567, -0.6535 -1.2195 0.4538, -0.6063 -1.2195 0.4538, -0.6535 -1.2107 0.4528, -0.6063 -1.2107 0.4528, -0.0335 0.7039 0.5709, -0.124 0.7039 0.5709, -0.124 0.6999 0.6014, -0.0335 0.6999 0.6014, -0.124 0.6881 0.6299, -0.0335 0.6881 0.6299, -0.124 0.6693 0.6544, -0.0335 0.6693 0.6544, -0.124 0.6449 0.6732, -0.0335 0.6449 0.6732, -0.124 0.6164 0.685, -0.0335 0.6164 0.685, -0.124 0.5858 0.689, -0.0335 0.5858 0.689, -0.1142 0.9181 0.064, -0.1142 0.8945 0.0098, -0.1142 0.9076 0.0699, -0.1142 0.8715 0.0231, -0.1142 0.8985 0.0778, -0.1142 0.8553 0.0376, -0.1142 0.836 0.1448, -0.1142 0.7928 0.1046, -0.1142 1.0542 0.0591, -0.1142 1.0542 0.0098, -0.1142 0.9417 0.0591, -0.1142 0.9296 0.0603, 0.748 -1.0905 0.689, 0.748 -1.0905 0.6811, 0.748 -0.3315 0.689, 0.748 -0.3394 0.6811, 0.5866 0.8715 0.0231, 0.5866 0.8553 0.0376, 0.5157 0.8715 0.0231, 0.5157 0.8553 0.0376, 0.5866 0.8945 0.0098, 0.5157 0.8945 0.0098, 0.5866 0.8946 0.0098, 0.5158 0.8946 0.0098, 0.522 0.9128 0.0036, 0.5256 0.9417 0.0, 0.5768 0.9417 0.0, 0.5249 0.9321 0.0004, 0.5784 0.922 0.0017, 0.5231 0.92 0.0024, 0.579 0.92 0.0021, 0.5833 0.9033 0.0064, 0.124 0.7039 0.5709, 0.0335 0.7039 0.5709, 0.0335 0.6999 0.6014, 0.124 0.6999 0.6014, 0.0335 0.6881 0.6299, 0.124 0.6881 0.6299, 0.0335 0.6693 0.6544, 0.124 0.6693 0.6544, 0.0335 0.6449 0.6732, 0.124 0.6449 0.6732, 0.0335 0.6164 0.685, 0.124 0.6164 0.685, 0.0335 0.5858 0.689, 0.124 0.5858 0.689
            ]
        }
        coordIndex [
            0,1,2,-1,0,2,3,-1,3,2,4,-1,3,4,5,-1,6,7,8,-1,6,8,9,-1,9,8,10,-1,9,10,11,-1,11,10,12,-1,11,12,13,-1,13,12,14,-1,13,14,15,-1,15,14,16,-1,15,16,17,-1,17,16,18,-1,17,18,19,-1,20,21,22,-1,22,21,23,-1,22,23,24,-1,24,23,25,-1,24,25,26,-1,26,25,27,-1,28,29,30,-1,30,29,21,-1,30,21,31,-1,31,21,20,-1,32,33,34,-1,34,33,35,-1,36,37,38,-1,38,37,39,-1,36,38,40,-1,40,38,41,-1,40,41,42,-1,42,41,43,-1,42,43,44,-1,45,46,47,-1,47,46,48,-1,47,48,49,-1,49,48,50,-1,49,50,44,-1,44,50,51,-1,44,51,42,-1,52,53,54,-1,52,54,55,-1,55,54,56,-1,55,56,57,-1,57,56,58,-1,57,58,59,-1,59,58,60,-1,59,60,61,-1,61,60,62,-1,61,62,63,-1,63,62,64,-1,63,64,65,-1,
        ]
    }
}
Shape{
    appearance Appearance {
        material  Material 	{
            diffuseColor 0.6666666666666666 0.6980392156862745 0.7686274509803922
            specularColor 0.3333333333333333 0.34901960784313724 0.3843137254901961
            ambientIntensity 0.6967
            transparency 0.0
            shininess 0.5
        }
    }
    geometry IndexedFaceSet {
        ccw TRUE
        solid FALSE
        coord DEF co Coordinate {
            point [
                0.19 0.5459 1.0311, 0.1961 0.5386 1.0236, -0.1961 0.5386 1.0236, 0.1862 0.5505 1.0358, -0.1899 0.5458 1.0311, -0.1868 0.5495 1.0349, -0.1825 0.5582 1.0436, -0.1805 0.5624 1.0478, 0.1827 0.5583 1.0435, 0.1797 0.5648 1.05, -0.1785 0.5721 1.0573, 0.1784 0.5721 1.0572, -0.1773 0.578 1.063, 0.1773 0.578 1.063
            ]
        }
        coordIndex [
            0,1,2,-1,0,2,3,-1,3,2,4,-1,3,4,5,-1,5,6,3,-1,3,6,7,-1,3,7,8,-1,8,7,9,-1,9,7,10,-1,9,10,11,-1,11,10,12,-1,11,12,13,-1,
        ]
    }
}
Shape{
    appearance Appearance {
        material  Material 	{
            diffuseColor 0.9686274509803922 0.8784313725490196 0.6
            specularColor 0.6784313725490196 0.615686274509804 0.4196078431372549
            ambientIntensity 0.8737
            transparency 0.0
            shininess 0.5
        }
    }
    geometry IndexedFaceSet {
        ccw TRUE
        solid FALSE
        coord DEF co Coordinate {
            point [
                0.1142 0.8715 0.0231, 0.1142 0.8553 0.0376, 0.0433 0.8715 0.0231, 0.0433 0.8553 0.0376, 0.1142 0.8945 0.0098, 0.0433 0.8945 0.0098, 0.1141 0.8946 0.0098, 0.0433 0.8946 0.0098, 0.0495 0.9128 0.0036, 0.0531 0.9417 0.0, 0.1043 0.9417 0.0, 0.0525 0.9321 0.0004, 0.106 0.922 0.0017, 0.0506 0.92 0.0024, 0.1065 0.92 0.0021, 0.1109 0.9033 0.0064, 0.6732 0.7928 0.1046, 0.6732 0.8553 0.0376, 0.7441 0.8553 0.0376, 0.7441 0.7928 0.1046, 0.7539 0.7812 0.117, 0.6634 0.7812 0.117, 0.7539 0.6766 0.2292, 0.6634 0.6766 0.2292, -0.437 0.4283 0.2205, -0.437 0.4283 0.1181, -0.5079 0.4283 0.1181, -0.5079 0.4283 0.2205, -0.5177 0.4283 0.2375, -0.4272 0.4283 0.2375, -0.5177 0.4283 0.3937, -0.4272 0.4283 0.3937, -0.0433 1.0542 0.0098, -0.0433 1.0542 0.0591, -0.0433 0.8945 0.0098, -0.0433 0.9417 0.0591, -0.0433 0.836 0.1448, -0.0433 0.7928 0.1046, -0.0433 0.8985 0.0778, -0.0433 0.8553 0.0376, -0.0433 0.9076 0.0699, -0.0433 0.8715 0.0231, -0.0433 0.9181 0.064, -0.0433 0.9296 0.0603, 0.3681 1.0542 0.0, 0.4193 1.0542 0.0, 0.3681 0.9417 0.0, 0.4193 0.9417 0.0
            ]
        }
        coordIndex [
            0,1,2,-1,2,1,3,-1,0,2,4,-1,4,2,5,-1,4,5,6,-1,6,5,7,-1,6,7,8,-1,9,10,11,-1,11,10,12,-1,11,12,13,-1,13,12,14,-1,13,14,8,-1,8,14,15,-1,8,15,6,-1,16,17,18,-1,18,19,16,-1,16,19,20,-1,16,20,21,-1,21,20,22,-1,21,22,23,-1,24,25,26,-1,26,27,24,-1,24,27,28,-1,24,28,29,-1,29,28,30,-1,29,30,31,-1,32,33,34,-1,34,33,35,-1,36,37,38,-1,38,37,39,-1,38,39,40,-1,40,39,41,-1,40,41,42,-1,42,41,34,-1,42,34,43,-1,43,34,35,-1,44,45,46,-1,46,45,47,-1,
        ]
    }
}
Shape{
    appearance Appearance {
        material  Material 	{
            diffuseColor 0.2235294117647059 0.2235294117647059 0.2235294117647059
            specularColor 0.11372549019607843 0.11372549019607843 0.11372549019607843
            ambientIntensity 0.2235
            transparency 0.0
            shininess 0.5
        }
    }
    geometry IndexedFaceSet {
        ccw TRUE
        solid FALSE
        coord DEF co Coordinate {
            point [
                -1.1024 0.7335 0.4528, -1.1417 0.7335 0.4922, -1.1024 1.0583 0.4528, -1.1417 1.0583 0.4922
            ]
        }
        coordIndex [
            0,1,2,-1,2,1,3,-1,
        ]
    }
}
Shape{
    appearance Appearance {
        material  Material 	{
            diffuseColor 0.9686274509803922 0.8784313725490196 0.6
            specularColor 0.6784313725490196 0.615686274509804 0.4196078431372549
            ambientIntensity 0.8737
            transparency 0.0
            shininess 0.5
        }
    }
    geometry IndexedFaceSet {
        ccw TRUE
        solid FALSE
        coord DEF co Coordinate {
            point [
                0.6063 -1.1228 0.4567, 0.6063 -1.1228 0.4606, 0.6063 -1.1079 0.4606, 0.6063 -1.1079 0.4528, 0.6063 -1.2107 0.4528, 0.6063 -1.2278 0.4567, 0.6063 -1.2195 0.4538, 0.4483 -1.1059 0.4528, 0.5118 -1.0905 0.4528, 0.4487 -1.1069 0.4528, 0.4972 -1.1051 0.4528, 0.4967 -1.1057 0.4528, 0.4961 -1.2107 0.4528, 0.4488 -1.2107 0.4528, 0.4961 -1.1079 0.4528, 0.4488 -1.1079 0.4528, 0.4961 -1.1071 0.4528, 0.4964 -1.1064 0.4528, 0.4331 -0.3315 0.4528, 0.5118 -0.3315 0.4528, 0.4331 -1.0905 0.4528, 0.4477 -1.1051 0.4528
            ]
        }
        coordIndex [
            0,1,2,-1,2,3,0,-1,0,3,4,-1,0,4,5,-1,5,4,6,-1,7,8,9,-1,9,8,10,-1,9,10,11,-1,12,13,14,-1,14,13,15,-1,14,15,16,-1,16,15,9,-1,16,9,17,-1,17,9,11,-1,18,19,20,-1,20,19,8,-1,20,8,21,-1,21,8,7,-1,
        ]
    }
}
Shape{
    appearance Appearance {
        material  Material 	{
            diffuseColor 0.2235294117647059 0.2235294117647059 0.2235294117647059
            specularColor 0.11372549019607843 0.11372549019607843 0.11372549019607843
            ambientIntensity 0.2235
            transparency 0.0
            shininess 0.5
        }
    }
    geometry IndexedFaceSet {
        ccw TRUE
        solid FALSE
        coord DEF co Coordinate {
            point [
                0.8508 -0.2134 1.0157, 0.8508 -0.2213 1.0079, 0.8508 0.015 1.0157, 0.8508 1.0583 1.0079, 0.8508 0.015 1.0197, 0.8508 1.0583 1.0197, -0.7354 0.271 0.2933, -0.7354 0.271 0.1752, -0.8326 0.538 0.2933, -0.8326 0.538 0.1752
            ]
        }
        coordIndex [
            0,1,2,-1,2,1,3,-1,2,3,4,-1,4,3,5,-1,6,7,8,-1,8,7,9,-1,
        ]
    }
}
Shape{
    appearance Appearance {
        material  Material 	{
            diffuseColor 0.9686274509803922 0.8784313725490196 0.6
            specularColor 0.6784313725490196 0.615686274509804 0.4196078431372549
            ambientIntensity 0.8737
            transparency 0.0
            shininess 0.5
        }
    }
    geometry IndexedFaceSet {
        ccw TRUE
        solid FALSE
        coord DEF co Coordinate {
            point [
                0.5177 0.3693 0.2375, 0.5177 0.4283 0.2375, 0.5177 0.3693 0.3937, 0.5177 0.4283 0.3937, 0.5177 0.3673 0.409, 0.5177 0.4243 0.4243, 0.5177 0.3614 0.4232, 0.5177 0.4125 0.4528, 0.5177 0.352 0.4355, 0.5177 0.3938 0.4772, 0.5177 0.3398 0.4448, 0.5177 0.3693 0.496, 0.5177 0.3255 0.4507, 0.5177 0.3408 0.5078, 0.5177 0.3102 0.4528, 0.5177 0.3102 0.5118, 0.5177 0.271 0.4528, 0.5177 0.271 0.5118, -0.3484 0.271 0.689, -0.3484 0.5858 0.689, -0.3937 0.271 0.689, -0.439 0.5858 0.689, -0.439 0.271 0.689, 0.7441 0.8946 0.0098, 0.7408 0.9033 0.0064, 0.7364 0.92 0.0021, 0.7343 0.9417 0.0, 0.7343 1.0542 0.0, 0.7441 1.0542 0.0098, 0.7441 0.8945 0.0098, 0.7359 0.922 0.0017, -0.5748 -1.1228 0.6811, -0.685 -1.1228 0.6811, -0.5748 -1.1228 0.685, -0.685 -1.1228 0.685
            ]
        }
        coordIndex [
            0,1,2,-1,2,1,3,-1,2,3,4,-1,4,3,5,-1,4,5,6,-1,6,5,7,-1,6,7,8,-1,8,7,9,-1,8,9,10,-1,10,9,11,-1,10,11,12,-1,12,11,13,-1,12,13,14,-1,14,13,15,-1,14,15,16,-1,16,15,17,-1,18,19,20,-1,20,19,21,-1,20,21,22,-1,23,24,25,-1,26,27,28,-1,28,29,23,-1,23,25,28,-1,28,25,30,-1,28,30,26,-1,31,32,33,-1,33,32,34,-1,
        ]
    }
}
Shape{
    appearance Appearance {
        material  Material 	{
            diffuseColor 0.6666666666666666 0.6980392156862745 0.7686274509803922
            specularColor 0.3333333333333333 0.34901960784313724 0.3843137254901961
            ambientIntensity 0.6967
            transparency 0.0
            shininess 0.5
        }
    }
    geometry IndexedFaceSet {
        ccw TRUE
        solid FALSE
        coord DEF co Coordinate {
            point [
                -0.2362 -0.188 1.0236, -0.2362 -0.188 1.1417, 0.2362 -0.188 1.0236, 0.2362 -0.188 1.1417
            ]
        }
        coordIndex [
            0,1,2,-1,2,1,3,-1,
        ]
    }
}
Shape{
    appearance Appearance {
        material  Material 	{
            diffuseColor 0.9686274509803922 0.8784313725490196 0.6
            specularColor 0.6784313725490196 0.615686274509804 0.4196078431372549
            ambientIntensity 0.8737
            transparency 0.0
            shininess 0.5
        }
    }
    geometry IndexedFaceSet {
        ccw TRUE
        solid FALSE
        coord DEF co Coordinate {
            point [
                -0.5256 0.9417 0.0, -0.5256 1.0542 0.0, -0.5157 1.0542 0.0098, -0.5158 0.8946 0.0098, -0.519 0.9033 0.0064, -0.5234 0.92 0.0021, -0.5157 0.8945 0.0098, -0.5239 0.922 0.0017
            ]
        }
        coordIndex [
            0,1,2,-1,3,4,5,-1,2,6,3,-1,3,5,2,-1,2,5,7,-1,2,7,0,-1,
        ]
    }
}
Shape{
    appearance Appearance {
        material  Material 	{
            diffuseColor 0.6666666666666666 0.6980392156862745 0.7686274509803922
            specularColor 0.3333333333333333 0.34901960784313724 0.3843137254901961
            ambientIntensity 0.6967
            transparency 0.0
            shininess 0.5
        }
    }
    geometry IndexedFaceSet {
        ccw TRUE
        solid FALSE
        coord DEF co Coordinate {
            point [
                -0.0203 -1.8763 0.0773, -0.0167 -1.8715 0.0821, -0.8486 -1.8354 0.1181, -0.0122 -1.8655 0.0882, -0.0094 -1.859 0.0947, -0.006 -1.8509 0.1028, -0.0053 -1.8453 0.1084, -0.0039 -1.8354 0.1181, -0.042 -1.8906 0.0632, -0.0393 -1.8893 0.0645, -0.0317 -1.8855 0.0681, -0.027 -1.8817 0.0719, -0.8486 -1.8945 0.0591, -0.063 -1.8945 0.0591, -0.0532 -1.8937 0.0603, -0.0531 -1.8936 0.0604
            ]
        }
        coordIndex [
            0,1,2,-1,2,1,3,-1,2,3,4,-1,4,5,2,-1,2,5,6,-1,2,6,7,-1,8,9,2,-1,9,10,2,-1,2,10,11,-1,2,11,0,-1,2,12,13,-1,13,14,2,-1,2,14,15,-1,2,15,8,-1,
        ]
    }
}
Shape{
    appearance Appearance {
        material  Material 	{
            diffuseColor 0.2235294117647059 0.2235294117647059 0.2235294117647059
            specularColor 0.11372549019607843 0.11372549019607843 0.11372549019607843
            ambientIntensity 0.2235
            transparency 0.0
            shininess 0.5
        }
    }
    geometry IndexedFaceSet {
        ccw TRUE
        solid FALSE
        coord DEF co Coordinate {
            point [
                0.8327 0.015 0.122, 0.7354 0.015 0.122, 0.8858 0.015 0.1752, 0.7354 0.015 0.1752
            ]
        }
        coordIndex [
            0,1,2,-1,2,1,3,-1,
        ]
    }
}
Shape{
    appearance Appearance {
        material  Material 	{
            diffuseColor 0.9686274509803922 0.8784313725490196 0.6
            specularColor 0.6784313725490196 0.615686274509804 0.4196078431372549
            ambientIntensity 0.8737
            transparency 0.0
            shininess 0.5
        }
    }
    geometry IndexedFaceSet {
        ccw TRUE
        solid FALSE
        coord DEF co Coordinate {
            point [
                -0.1024 -1.1079 0.6811, -0.1024 -1.1228 0.6811, -0.1024 -1.1079 0.689, -0.1024 -1.1228 0.685, -0.1024 -1.2107 0.689, -0.1024 -1.2278 0.685, -0.1024 -1.2195 0.688, -0.0292 0.4586 0.0036, -0.0354 0.4402 0.0098, -0.0354 0.6055 0.0098, -0.0256 0.6055 0.0, -0.0256 0.4874 0.0, -0.0262 0.4778 0.0004, -0.0278 0.4677 0.0021, 0.8141 0.0051 0.0591, 0.8141 -0.0539 0.1181, 0.8141 0.0051 0.1181
            ]
        }
        coordIndex [
            0,1,2,-1,2,1,3,-1,2,3,4,-1,4,3,5,-1,4,5,6,-1,7,8,9,-1,9,10,11,-1,11,12,9,-1,9,12,13,-1,9,13,7,-1,14,15,16,-1,
        ]
    }
}
Shape{
    appearance Appearance {
        material  Material 	{
            diffuseColor 0.6666666666666666 0.6980392156862745 0.7686274509803922
            specularColor 0.3333333333333333 0.34901960784313724 0.3843137254901961
            ambientIntensity 0.6967
            transparency 0.0
            shininess 0.5
        }
    }
    geometry IndexedFaceSet {
        ccw TRUE
        solid FALSE
        coord DEF co Coordinate {
            point [
                1.2598 -1.1366 0.1181, 1.2598 -1.1366 0.0, 1.2598 -1.0888 0.1181, 1.2598 -1.0888 0.0
            ]
        }
        coordIndex [
            0,1,2,-1,2,1,3,-1,
        ]
    }
}
Shape{
    appearance Appearance {
        material  Material 	{
            diffuseColor 0.9686274509803922 0.8784313725490196 0.6
            specularColor 0.6784313725490196 0.615686274509804 0.4196078431372549
            ambientIntensity 0.8737
            transparency 0.0
            shininess 0.5
        }
    }
    geometry IndexedFaceSet {
        ccw TRUE
        solid FALSE
        coord DEF co Coordinate {
            point [
                -0.2598 -1.1228 0.6811, -0.3701 -1.1228 0.6811, -0.2598 -1.1228 0.685, -0.3701 -1.1228 0.685
            ]
        }
        coordIndex [
            0,1,2,-1,2,1,3,-1,
        ]
    }
}
Shape{
    appearance Appearance {
        material  Material 	{
            diffuseColor 0.2235294117647059 0.2235294117647059 0.2235294117647059
            specularColor 0.11372549019607843 0.11372549019607843 0.11372549019607843
            ambientIntensity 0.2235
            transparency 0.0
            shininess 0.5
        }
    }
    geometry IndexedFaceSet {
        ccw TRUE
        solid FALSE
        coord DEF co Coordinate {
            point [
                -1.1417 0.2709 0.9291, -1.1417 -0.2213 0.9291, -1.1398 -0.2213 0.9467, -1.1398 0.2709 0.9467, -1.1339 -0.2213 0.9633, -1.1339 0.2709 0.9633, -1.1246 -0.2213 0.9782, -1.1246 0.2709 0.9782, -1.1121 -0.2213 0.9907, -1.1121 0.2709 0.9907, -1.0972 1.0583 1.0001, -1.1102 1.0583 0.9921, -1.1102 0.2709 0.9921, -1.0972 -0.2213 1.0001, -1.0805 -0.2213 1.0059, -1.0805 1.0583 1.0059, -1.063 -0.2213 1.0079, -1.063 1.0583 1.0079
            ]
        }
        coordIndex [
            0,1,2,-1,0,2,3,-1,3,2,4,-1,3,4,5,-1,5,4,6,-1,5,6,7,-1,7,6,8,-1,7,8,9,-1,10,11,12,-1,9,8,12,-1,12,8,13,-1,12,13,10,-1,10,13,14,-1,10,14,15,-1,15,14,16,-1,15,16,17,-1,
        ]
    }
}
Shape{
    appearance Appearance {
        material  Material 	{
            diffuseColor 0.9686274509803922 0.8784313725490196 0.6
            specularColor 0.6784313725490196 0.615686274509804 0.4196078431372549
            ambientIntensity 0.8737
            transparency 0.0
            shininess 0.5
        }
    }
    geometry IndexedFaceSet {
        ccw TRUE
        solid FALSE
        coord DEF co Coordinate {
            point [
                -0.3504 0.3693 0.2205, -0.3504 0.3693 0.1181, -0.2795 0.3693 0.1181, -0.2795 0.3693 0.2205, -0.2697 0.3693 0.2375, -0.3602 0.3693 0.2375, -0.2697 0.3693 0.3937, -0.3602 0.3693 0.3937, -0.4291 0.8946 0.0098, -0.4291 0.8945 0.0098, -0.4291 1.0542 0.0098, -0.4229 0.9128 0.0036, -0.4193 1.0542 0.0, -0.4193 0.9417 0.0, -0.4199 0.9321 0.0004, -0.4218 0.92 0.0024, -0.6591 0.4586 0.0036, -0.6654 0.4402 0.0098, -0.6654 0.6055 0.0098, -0.6555 0.6055 0.0, -0.6555 0.4874 0.0, -0.6562 0.4778 0.0004, -0.6577 0.4677 0.0021, -0.5059 0.5858 0.6299, -0.5965 0.5858 0.6299, -0.5059 0.6011 0.6279, -0.5965 0.6011 0.6279, -0.5059 0.6154 0.622, -0.5965 0.6154 0.622, -0.5059 0.6276 0.6126, -0.5965 0.6276 0.6126, -0.5059 0.637 0.6004, -0.5965 0.637 0.6004, -0.5059 0.6429 0.5862, -0.5965 0.6429 0.5862, -0.5059 0.6449 0.5709, -0.5965 0.6449 0.5709
            ]
        }
        coordIndex [
            0,1,2,-1,2,3,0,-1,0,3,4,-1,0,4,5,-1,5,4,6,-1,5,6,7,-1,8,9,10,-1,8,10,11,-1,10,12,13,-1,13,14,10,-1,10,14,15,-1,10,15,11,-1,16,17,18,-1,18,19,20,-1,20,21,18,-1,18,21,22,-1,18,22,16,-1,23,24,25,-1,25,24,26,-1,25,26,27,-1,27,26,28,-1,27,28,29,-1,29,28,30,-1,29,30,31,-1,31,30,32,-1,31,32,33,-1,33,32,34,-1,33,34,35,-1,35,34,36,-1,
        ]
    }
}
Shape{
    appearance Appearance {
        material  Material 	{
            diffuseColor 0.6666666666666666 0.6980392156862745 0.7686274509803922
            specularColor 0.3333333333333333 0.34901960784313724 0.3843137254901961
            ambientIntensity 0.6967
            transparency 0.0
            shininess 0.5
        }
    }
    geometry IndexedFaceSet {
        ccw TRUE
        solid FALSE
        coord DEF co Coordinate {
            point [
                1.1614 -1.2646 0.5334, 1.2795 -1.2646 0.5334, 1.1614 -1.2799 0.5314, 1.2795 -1.2799 0.5314, 1.1614 -1.2941 0.5255, 1.2795 -1.2941 0.5255, 1.1614 -1.3063 0.5161, 1.2795 -1.3063 0.5161, 1.1614 -1.3157 0.5039, 1.2795 -1.3157 0.5039, 1.1614 -1.3216 0.4896, 1.2795 -1.3216 0.4896, 1.1614 -1.3236 0.4743, 1.2795 -1.3236 0.4743, -1.2309 0.0051 0.3229, -1.2309 -0.5756 0.3229, -1.2573 -0.5756 0.359, -1.2573 0.0051 0.359, -1.2739 -0.5756 0.4005, -1.2739 0.0051 0.4005, -1.2795 -0.5756 0.4448, -1.2795 0.0051 0.4448, 0.6805 -1.5363 1.0552, 0.6805 -1.5013 1.1062, 0.5006 -1.5363 1.0552, 0.5006 -1.5013 1.1062
            ]
        }
        coordIndex [
            0,1,2,-1,2,1,3,-1,2,3,4,-1,4,3,5,-1,4,5,6,-1,6,5,7,-1,6,7,8,-1,8,7,9,-1,8,9,10,-1,10,9,11,-1,10,11,12,-1,12,11,13,-1,14,15,16,-1,14,16,17,-1,17,16,18,-1,17,18,19,-1,19,18,20,-1,19,20,21,-1,22,23,24,-1,24,23,25,-1,
        ]
    }
}
Shape{
    appearance Appearance {
        material  Material 	{
            diffuseColor 0.9686274509803922 0.8784313725490196 0.6
            specularColor 0.6784313725490196 0.615686274509804 0.4196078431372549
            ambientIntensity 0.8737
            transparency 0.0
            shininess 0.5
        }
    }
    geometry IndexedFaceSet {
        ccw TRUE
        solid FALSE
        coord DEF co Coordinate {
            point [
                0.0551 -1.1079 0.6811, 0.0551 -1.1228 0.6811, 0.0551 -1.1079 0.689, 0.0551 -1.1228 0.685, 0.0551 -1.2107 0.689, 0.0551 -1.2278 0.685, 0.0551 -1.2195 0.688
            ]
        }
        coordIndex [
            0,1,2,-1,2,1,3,-1,2,3,4,-1,4,3,5,-1,4,5,6,-1,
        ]
    }
}
Shape{
    appearance Appearance {
        material  Material 	{
            diffuseColor 0.6666666666666666 0.6980392156862745 0.7686274509803922
            specularColor 0.3333333333333333 0.34901960784313724 0.3843137254901961
            ambientIntensity 0.6967
            transparency 0.0
            shininess 0.5
        }
    }
    geometry IndexedFaceSet {
        ccw TRUE
        solid FALSE
        coord DEF co Coordinate {
            point [
                -1.1024 1.0583 1.0827, -0.7449 1.0583 1.0827, -1.1024 0.9992 1.0236, -0.7449 0.9992 1.0236
            ]
        }
        coordIndex [
            0,1,2,-1,2,1,3,-1,
        ]
    }
}
Shape{
    appearance Appearance {
        material  Material 	{
            diffuseColor 0.9686274509803922 0.8784313725490196 0.6
            specularColor 0.6784313725490196 0.615686274509804 0.4196078431372549
            ambientIntensity 0.8737
            transparency 0.0
            shininess 0.5
        }
    }
    geometry IndexedFaceSet {
        ccw TRUE
        solid FALSE
        coord DEF co Coordinate {
            point [
                0.0394 -1.0905 0.689, 0.0394 -1.0905 0.6811, 0.054 -1.1051 0.689, 0.054 -1.1051 0.6811
            ]
        }
        coordIndex [
            0,1,2,-1,2,1,3,-1,
        ]
    }
}
Shape{
    appearance Appearance {
        material  Material 	{
            diffuseColor 0.2235294117647059 0.2235294117647059 0.2235294117647059
            specularColor 0.11372549019607843 0.11372549019607843 0.11372549019607843
            ambientIntensity 0.2235
            transparency 0.0
            shininess 0.5
        }
    }
    geometry IndexedFaceSet {
        ccw TRUE
        solid FALSE
        coord DEF co Coordinate {
            point [
                -0.7064 -1.3223 0.5092, 0.7127 -1.3178 0.4945, -0.7064 -1.3223 0.5092, 0.7127 -1.3178 0.4946, 0.7088 -1.3216 0.5038, 0.7065 -1.3223 0.5092, -0.7021 -1.3236 0.5197, 0.7065 -1.3223 0.5093, 0.7021 -1.3236 0.5197, -0.7125 -1.3178 0.4944, 0.7182 -1.3099 0.4813, -0.7125 -1.3178 0.4945, 0.7182 -1.3099 0.4813, -0.7086 -1.3216 0.5037, 0.7151 -1.3155 0.4889, -0.7148 -1.3155 0.4888, -0.718 -1.3099 0.4812, 0.7202 -1.3062 0.4762, -0.718 -1.3099 0.4812, 0.7227 -1.2991 0.4704, -0.7202 -1.3062 0.4762, -0.7226 -1.2991 0.4703, 0.7262 -1.2859 0.4626, 0.7243 -1.2946 0.4668, -0.7256 -1.2859 0.4624, 0.7227 -1.2991 0.4704, -0.724 -1.2946 0.4666, -0.7226 -1.2991 0.4703, -0.7276 -1.2711 0.4579, 0.7281 -1.2711 0.4581, 0.7281 -1.2711 0.4581, 0.7272 -1.281 0.4603, 0.7262 -1.2859 0.4626, -0.7266 -1.281 0.4601, -0.7257 -1.2859 0.4624, 0.7284 -1.2677 0.4573, -0.7276 -1.2711 0.4579, 0.7283 -1.2606 0.4567, -0.7279 -1.2677 0.4571, -0.7283 -1.2606 0.4567
            ]
        }
        coordIndex [
            0,1,2,-1,2,1,3,-1,3,4,2,-1,2,4,5,-1,2,5,6,-1,6,5,7,-1,6,7,8,-1,9,10,11,-1,11,10,12,-1,0,13,1,-1,1,13,11,-1,1,11,14,-1,14,11,12,-1,9,15,10,-1,10,15,16,-1,10,16,17,-1,17,16,18,-1,17,18,19,-1,19,18,20,-1,19,20,21,-1,22,23,24,-1,24,23,25,-1,24,25,26,-1,26,25,19,-1,26,19,27,-1,27,19,21,-1,28,29,30,-1,30,31,28,-1,28,31,32,-1,28,32,33,-1,33,32,22,-1,33,22,34,-1,34,22,24,-1,29,28,35,-1,35,28,36,-1,35,36,37,-1,37,36,38,-1,37,38,39,-1,
        ]
    }
}
Shape{
    appearance Appearance {
        material  Material 	{
            diffuseColor 0.9686274509803922 0.8784313725490196 0.6
            specularColor 0.6784313725490196 0.615686274509804 0.4196078431372549
            ambientIntensity 0.8737
            transparency 0.0
            shininess 0.5
        }
    }
    geometry IndexedFaceSet {
        ccw TRUE
        solid FALSE
        coord DEF co Coordinate {
            point [
                0.5276 -1.1079 0.6811, 0.5276 -1.1228 0.6811, 0.5276 -1.1079 0.689, 0.5276 -1.1228 0.685, 0.5276 -1.2107 0.689, 0.5276 -1.2278 0.685, 0.5276 -1.2195 0.688, 0.3406 0.6055 0.0, 0.3406 0.4874 0.0, 0.2894 0.6055 0.0, 0.2894 0.4874 0.0
            ]
        }
        coordIndex [
            0,1,2,-1,2,1,3,-1,2,3,4,-1,4,3,5,-1,4,5,6,-1,7,8,9,-1,9,8,10,-1,
        ]
    }
}
Shape{
    appearance Appearance {
        material  Material 	{
            diffuseColor 0.2235294117647059 0.2235294117647059 0.2235294117647059
            specularColor 0.11372549019607843 0.11372549019607843 0.11372549019607843
            ambientIntensity 0.2235
            transparency 0.0
            shininess 0.5
        }
    }
    geometry IndexedFaceSet {
        ccw TRUE
        solid FALSE
        coord DEF co Coordinate {
            point [
                0.8465 -1.2606 0.685, 0.8465 -1.1228 0.685, 0.7323 -1.1228 0.685, 0.7323 -1.2278 0.685, 0.685 -1.2278 0.685, -0.8465 -1.2606 0.685, 0.5276 -1.2278 0.685, 0.5276 -1.1228 0.685, 0.4173 -1.1228 0.685, 0.4173 -1.2278 0.685, 0.3701 -1.2278 0.685, 0.2126 -1.2278 0.685, 0.2126 -1.1228 0.685, 0.1024 -1.1228 0.685, 0.5748 -1.2278 0.685, 0.5748 -1.1228 0.685, 0.685 -1.1228 0.685, 0.1024 -1.2278 0.685, 0.0551 -1.2278 0.685, 0.3701 -1.1228 0.685, 0.2598 -1.1228 0.685, 0.2598 -1.2278 0.685, -0.1024 -1.2278 0.685, -0.1024 -1.1228 0.685, -0.2126 -1.1228 0.685, -0.2126 -1.2278 0.685, -0.2598 -1.2278 0.685, -0.0551 -1.2278 0.685, -0.0551 -1.1228 0.685, 0.0551 -1.1228 0.685, -0.4173 -1.2278 0.685, -0.4173 -1.1228 0.685, -0.5276 -1.1228 0.685, -0.5276 -1.2278 0.685, -0.5748 -1.2278 0.685, -0.3701 -1.2278 0.685, -0.3701 -1.1228 0.685, -0.2598 -1.1228 0.685, -0.7323 -1.1228 0.685, -0.8465 -1.1228 0.685, -0.7323 -1.2278 0.685, -0.685 -1.2278 0.685, -0.685 -1.1228 0.685, -0.5748 -1.1228 0.685
            ]
        }
        coordIndex [
            0,1,2,-1,2,3,0,-1,0,3,4,-1,0,4,5,-1,6,7,8,-1,9,10,5,-1,11,12,13,-1,8,9,6,-1,6,9,5,-1,6,5,14,-1,14,5,4,-1,14,4,15,-1,15,4,16,-1,17,18,5,-1,19,20,10,-1,10,20,21,-1,10,21,5,-1,5,21,11,-1,5,11,17,-1,17,11,13,-1,22,23,24,-1,25,26,5,-1,24,25,22,-1,22,25,5,-1,22,5,27,-1,27,5,18,-1,27,18,28,-1,28,18,29,-1,30,31,32,-1,33,34,5,-1,32,33,30,-1,30,33,5,-1,30,5,35,-1,35,5,26,-1,35,26,36,-1,36,26,37,-1,38,39,40,-1,40,39,5,-1,40,5,41,-1,41,5,34,-1,41,34,42,-1,42,34,43,-1,
        ]
    }
}
Shape{
    appearance Appearance {
        material  Material 	{
            diffuseColor 0.9686274509803922 0.8784313725490196 0.6
            specularColor 0.6784313725490196 0.615686274509804 0.4196078431372549
            ambientIntensity 0.8737
            transparency 0.0
            shininess 0.5
        }
    }
    geometry IndexedFaceSet {
        ccw TRUE
        solid FALSE
        coord DEF co Coordinate {
            point [
                -0.0236 -1.1228 0.4567, -0.1339 -1.1228 0.4567, -0.0236 -1.1228 0.4606, -0.1339 -1.1228 0.4606
            ]
        }
        coordIndex [
            0,1,2,-1,2,1,3,-1,
        ]
    }
}
Shape{
    appearance Appearance {
        material  Material 	{
            diffuseColor 0.2235294117647059 0.2235294117647059 0.2235294117647059
            specularColor 0.11372549019607843 0.11372549019607843 0.11372549019607843
            ambientIntensity 0.2235
            transparency 0.0
            shininess 0.5
        }
    }
    geometry IndexedFaceSet {
        ccw TRUE
        solid FALSE
        coord DEF co Coordinate {
            point [
                1.1417 1.0583 0.5772, 1.1417 -0.2213 0.5772, 1.1417 0.015 0.4556, 1.1417 -0.2213 0.4556, 1.1417 1.0583 0.4922, 1.1417 0.7335 0.4922, 1.1417 0.7335 0.1752, 1.1417 0.015 0.1752
            ]
        }
        coordIndex [
            0,1,2,-1,2,1,3,-1,4,0,5,-1,5,0,2,-1,5,2,6,-1,6,2,7,-1,
        ]
    }
}
Shape{
    appearance Appearance {
        material  Material 	{
            diffuseColor 0.6666666666666666 0.6980392156862745 0.7686274509803922
            specularColor 0.3333333333333333 0.34901960784313724 0.3843137254901961
            ambientIntensity 0.6967
            transparency 0.0
            shininess 0.5
        }
    }
    geometry IndexedFaceSet {
        ccw TRUE
        solid FALSE
        coord DEF co Coordinate {
            point [
                -1.1614 -1.8354 0.4448, -1.1614 -1.8354 0.9646, -1.2205 -1.8945 0.4448, -1.2205 -1.8945 0.9646, 0.0984 -1.0677 0.0, 0.2559 -1.0677 0.0, 0.0984 -1.0677 0.0197, 0.2559 -1.0677 0.0197
            ]
        }
        coordIndex [
            0,1,2,-1,2,1,3,-1,4,5,6,-1,6,5,7,-1,
        ]
    }
}
Shape{
    appearance Appearance {
        material  Material 	{
            diffuseColor 0.9686274509803922 0.8784313725490196 0.6
            specularColor 0.6784313725490196 0.615686274509804 0.4196078431372549
            ambientIntensity 0.8737
            transparency 0.0
            shininess 0.5
        }
    }
    geometry IndexedFaceSet {
        ccw TRUE
        solid FALSE
        coord DEF co Coordinate {
            point [
                0.2815 0.7812 0.117, 0.2717 0.7928 0.1046, 0.2815 0.8244 0.1573, 0.2717 0.836 0.1448
            ]
        }
        coordIndex [
            0,1,2,-1,2,1,3,-1,
        ]
    }
}
Shape{
    appearance Appearance {
        material  Material 	{
            diffuseColor 0.6666666666666666 0.6980392156862745 0.7686274509803922
            specularColor 0.3333333333333333 0.34901960784313724 0.3843137254901961
            ambientIntensity 0.6967
            transparency 0.0
            shininess 0.5
        }
    }
    geometry IndexedFaceSet {
        ccw TRUE
        solid FALSE
        coord DEF co Coordinate {
            point [
                0.2559 -1.2417 0.0, 0.2559 -1.2417 0.0197, 0.2559 -1.0677 0.0, 0.2559 -1.0677 0.0197
            ]
        }
        coordIndex [
            0,1,2,-1,2,1,3,-1,
        ]
    }
}
Shape{
    appearance Appearance {
        material  Material 	{
            diffuseColor 0.9686274509803922 0.8784313725490196 0.6
            specularColor 0.6784313725490196 0.615686274509804 0.4196078431372549
            ambientIntensity 0.8737
            transparency 0.0
            shininess 0.5
        }
    }
    geometry IndexedFaceSet {
        ccw TRUE
        solid FALSE
        coord DEF co Coordinate {
            point [
                0.3681 1.0542 0.0, 0.3583 1.0542 0.0098, 0.4193 1.0542 0.0, 0.3583 1.0542 0.0591, 0.4291 1.0542 0.0098, 0.4291 1.0542 0.0591, 0.2618 0.9417 0.0, 0.2618 1.0542 0.0, 0.2717 1.0542 0.0098, 0.2716 0.8946 0.0098, 0.2684 0.9033 0.0064, 0.264 0.92 0.0021, 0.2717 0.8945 0.0098, 0.2635 0.922 0.0017, 0.2434 -0.5234 0.0197, 0.103 -0.5773 0.0197, 0.2434 -0.5234 0.1181, 0.103 -0.5773 0.1181
            ]
        }
        coordIndex [
            0,1,2,-1,2,1,3,-1,2,3,4,-1,4,3,5,-1,6,7,8,-1,9,10,11,-1,8,12,9,-1,9,11,8,-1,8,11,13,-1,8,13,6,-1,14,15,16,-1,16,15,17,-1,
        ]
    }
}
Shape{
    appearance Appearance {
        material  Material 	{
            diffuseColor 0.2235294117647059 0.2235294117647059 0.2235294117647059
            specularColor 0.11372549019607843 0.11372549019607843 0.11372549019607843
            ambientIntensity 0.2235
            transparency 0.0
            shininess 0.5
        }
    }
    geometry IndexedFaceSet {
        ccw TRUE
        solid FALSE
        coord DEF co Coordinate {
            point [
                0.2756 -0.2606 0.9488, 0.2756 -0.134 1.0079, -0.2756 -0.2606 0.9488, -0.2756 -0.134 1.0079
            ]
        }
        coordIndex [
            0,1,2,-1,2,1,3,-1,
        ]
    }
}
Shape{
    appearance Appearance {
        material  Material 	{
            diffuseColor 0.9686274509803922 0.8784313725490196 0.6
            specularColor 0.6784313725490196 0.615686274509804 0.4196078431372549
            ambientIntensity 0.8737
            transparency 0.0
            shininess 0.5
        }
    }
    geometry IndexedFaceSet {
        ccw TRUE
        solid FALSE
        coord DEF co Coordinate {
            point [
                0.3583 0.8946 0.0098, 0.3583 0.8945 0.0098, 0.3583 1.0542 0.0098, 0.3645 0.9128 0.0036, 0.3681 1.0542 0.0, 0.3681 0.9417 0.0, 0.3675 0.9321 0.0004, 0.3656 0.92 0.0024, -0.0335 0.271 0.689, -0.0335 0.5858 0.689, -0.0787 0.271 0.689, -0.124 0.5858 0.689, -0.124 0.271 0.689
            ]
        }
        coordIndex [
            0,1,2,-1,0,2,3,-1,2,4,5,-1,5,6,2,-1,2,6,7,-1,2,7,3,-1,8,9,10,-1,10,9,11,-1,10,11,12,-1,
        ]
    }
}
Shape{
    appearance Appearance {
        material  Material 	{
            diffuseColor 0.2235294117647059 0.2235294117647059 0.2235294117647059
            specularColor 0.11372549019607843 0.11372549019607843 0.11372549019607843
            ambientIntensity 0.2235
            transparency 0.0
            shininess 0.5
        }
    }
    geometry IndexedFaceSet {
        ccw TRUE
        solid FALSE
        coord DEF co Coordinate {
            point [
                -0.7354 0.271 0.1752, -0.7354 0.271 0.0236, -0.7354 0.015 0.1752, -0.7354 0.0365 0.0236, -0.7354 0.015 0.122, -0.7354 0.015 0.0236
            ]
        }
        coordIndex [
            0,1,2,-1,2,1,3,-1,2,3,4,-1,4,3,5,-1,
        ]
    }
}
Shape{
    appearance Appearance {
        material  Material 	{
            diffuseColor 0.6666666666666666 0.6980392156862745 0.7686274509803922
            specularColor 0.3333333333333333 0.34901960784313724 0.3843137254901961
            ambientIntensity 0.6967
            transparency 0.0
            shininess 0.5
        }
    }
    geometry IndexedFaceSet {
        ccw TRUE
        solid FALSE
        coord DEF co Coordinate {
            point [
                -1.1614 -0.5756 0.4743, -1.2795 -0.5756 0.4743, -1.1614 -0.5756 0.4448, -1.2795 -0.5756 0.4448, -1.1595 -0.5756 0.43, -1.2739 -0.5756 0.4005, -1.154 -0.5756 0.4162, -1.2573 -0.5756 0.359, -1.1452 -0.5756 0.4042, -1.2309 -0.5756 0.3229, -0.8915 -0.5756 0.1365, -0.9772 -0.5756 0.0553, -0.8824 -0.5756 0.1287, -0.95 -0.5756 0.0319, -0.872 -0.5756 0.1229, -0.9186 -0.5756 0.0144, -0.8605 -0.5756 0.1193, -0.8843 -0.5756 0.0036, -0.8486 -0.5756 0.1181, -0.8486 -0.5756 0.0, -0.6417 -0.5756 0.1181, -0.6417 -0.5756 0.0, -0.9934 0.7433 0.2056, -0.9826 0.745 0.1981, -0.9256 0.7433 0.3024, -0.9149 0.745 0.2948, -0.9131 0.7453 0.2936, -0.9808 0.7453 0.1968, -0.9048 0.7495 0.2878, -0.9725 0.7495 0.191, -0.9014 0.7512 0.2854, -0.9692 0.7512 0.1887, -0.8957 0.7566 0.2814, -0.9634 0.7566 0.1847, -0.8914 0.7606 0.2784, -0.9592 0.7606 0.1817, -0.8881 0.7658 0.2761, -0.9559 0.7658 0.1794, -0.8837 0.7728 0.273, -0.9515 0.7728 0.1763, -0.8823 0.7769 0.2721, -0.9501 0.7769 0.1753, -0.8789 0.7871 0.2696, -0.9466 0.7871 0.1729, -0.8787 0.7893 0.2695, -0.9464 0.7893 0.1727, -0.945 0.8024 0.1717, -0.8772 0.8024 0.2685
            ]
        }
        coordIndex [
            0,1,2,-1,2,1,3,-1,2,3,4,-1,4,3,5,-1,4,5,6,-1,6,5,7,-1,6,7,8,-1,8,7,9,-1,8,9,10,-1,10,9,11,-1,10,11,12,-1,12,11,13,-1,12,13,14,-1,14,13,15,-1,14,15,16,-1,16,15,17,-1,16,17,18,-1,18,17,19,-1,18,19,20,-1,20,19,21,-1,22,23,24,-1,24,23,25,-1,25,23,26,-1,26,23,27,-1,26,27,28,-1,28,27,29,-1,28,29,30,-1,30,29,31,-1,30,31,32,-1,32,31,33,-1,32,33,34,-1,34,33,35,-1,34,35,36,-1,36,35,37,-1,36,37,38,-1,38,37,39,-1,38,39,40,-1,40,39,41,-1,40,41,42,-1,42,41,43,-1,42,43,44,-1,43,45,44,-1,44,45,46,-1,44,46,47,-1,
        ]
    }
}
Shape{
    appearance Appearance {
        material  Material 	{
            diffuseColor 0.9686274509803922 0.8784313725490196 0.6
            specularColor 0.6784313725490196 0.615686274509804 0.4196078431372549
            ambientIntensity 0.8737
            transparency 0.0
            shininess 0.5
        }
    }
    geometry IndexedFaceSet {
        ccw TRUE
        solid FALSE
        coord DEF co Coordinate {
            point [
                0.3386 -1.1079 0.4606, 0.3386 -1.1228 0.4606, 0.3386 -1.1079 0.4528, 0.3386 -1.1228 0.4567, 0.3386 -1.2107 0.4528, 0.3386 -1.2278 0.4567, 0.3386 -1.2195 0.4538, -0.7334 -1.1051 0.689, -0.6693 -1.0905 0.689, -0.748 -1.0905 0.689, -0.6693 -0.3315 0.689, -0.748 -0.3315 0.689, -0.7323 -1.1079 0.689, -0.7323 -1.2107 0.689, -0.685 -1.2107 0.689, -0.685 -1.1079 0.689, -0.685 -1.1071 0.689, -0.7324 -1.1069 0.689, -0.6847 -1.1064 0.689, -0.6844 -1.1057 0.689, -0.7328 -1.1059 0.689, -0.6839 -1.1051 0.689
            ]
        }
        coordIndex [
            0,1,2,-1,2,1,3,-1,2,3,4,-1,4,3,5,-1,4,5,6,-1,7,8,9,-1,9,8,10,-1,9,10,11,-1,12,13,14,-1,14,15,12,-1,12,15,16,-1,12,16,17,-1,17,16,18,-1,17,18,19,-1,7,20,8,-1,8,20,17,-1,8,17,21,-1,21,17,19,-1,
        ]
    }
}
Shape{
    appearance Appearance {
        material  Material 	{
            diffuseColor 0.2235294117647059 0.2235294117647059 0.2235294117647059
            specularColor 0.11372549019607843 0.11372549019607843 0.11372549019607843
            ambientIntensity 0.2235
            transparency 0.0
            shininess 0.5
        }
    }
    geometry IndexedFaceSet {
        ccw TRUE
        solid FALSE
        coord DEF co Coordinate {
            point [
                0.054 -1.1051 0.6811, 0.0394 -1.0905 0.6811, -0.0551 -1.1228 0.6811, 0.0551 -1.1228 0.6811, 0.0551 -1.1079 0.6811, 0.0394 -0.3394 0.6811, -0.0394 -0.3394 0.6811, -0.0394 -1.0905 0.6811, 0.055 -1.1069 0.6811, 0.0546 -1.1059 0.6811, -0.054 -1.1051 0.6811, -0.0545 -1.1057 0.6811, -0.0548 -1.1064 0.6811, -0.055 -1.1071 0.6811, -0.0551 -1.1079 0.6811
            ]
        }
        coordIndex [
            0,1,2,-1,2,3,4,-1,5,6,1,-1,1,6,7,-1,4,8,2,-1,2,8,9,-1,2,9,0,-1,7,10,1,-1,1,10,11,-1,1,11,12,-1,12,13,1,-1,1,13,14,-1,1,14,2,-1,
        ]
    }
}
Shape{
    appearance Appearance {
        material  Material 	{
            diffuseColor 0.6666666666666666 0.6980392156862745 0.7686274509803922
            specularColor 0.3333333333333333 0.34901960784313724 0.3843137254901961
            ambientIntensity 0.6967
            transparency 0.0
            shininess 0.5
        }
    }
    geometry IndexedFaceSet {
        ccw TRUE
        solid FALSE
        coord DEF co Coordinate {
            point [
                0.7593 -1.4713 1.0107, 0.7593 -1.4046 1.1081, 0.7582 -1.4154 1.1156, 0.6805 -1.5013 1.1062, 0.6805 -1.5363 1.0552, 0.6937 -1.4997 1.1065, 0.6937 -1.535 1.0543, 0.6947 -1.4996 1.1065, 0.6981 -1.5346 1.0541, 0.7122 -1.5305 1.0513, 0.7289 -1.5225 1.0457, 0.7288 -1.4778 1.1106, 0.7197 -1.4868 1.1089, 0.7147 -1.5298 1.0508, 0.7122 -1.4916 1.108, 0.7067 -1.4952 1.1074, 0.7296 -1.5221 1.0455, 0.7421 -1.5118 1.0384, 0.7328 -1.4738 1.1114, 0.7426 -1.5112 1.038, 0.7427 -1.4591 1.1141, 0.7434 -1.458 1.1143, 0.7524 -1.4974 1.0286, 0.7517 -1.4388 1.1179, 0.7525 -1.4359 1.1185, 0.7515 -1.4995 1.03, 0.756 -1.4231 1.1208, 0.7573 -1.4857 1.0206, 0.7578 -1.4821 1.0181
            ]
        }
        coordIndex [
            0,1,2,-1,3,4,5,-1,5,4,6,-1,5,6,7,-1,7,6,8,-1,7,8,9,-1,10,11,12,-1,10,12,13,-1,13,12,14,-1,13,14,9,-1,9,14,15,-1,9,15,7,-1,10,16,11,-1,11,16,17,-1,11,17,18,-1,18,17,19,-1,18,19,20,-1,21,22,23,-1,23,22,24,-1,20,19,21,-1,21,19,25,-1,21,25,22,-1,24,22,26,-1,26,22,27,-1,26,27,2,-1,2,27,28,-1,2,28,0,-1,
        ]
    }
}
Shape{
    appearance Appearance {
        material  Material 	{
            diffuseColor 0.2235294117647059 0.2235294117647059 0.2235294117647059
            specularColor 0.11372549019607843 0.11372549019607843 0.11372549019607843
            ambientIntensity 0.2235
            transparency 0.0
            shininess 0.5
        }
    }
    geometry IndexedFaceSet {
        ccw TRUE
        solid FALSE
        coord DEF co Coordinate {
            point [
                0.6982 0.6364 0.9803, 0.6982 0.6364 0.7949, 0.1969 0.6364 0.7949, 0.7258 0.6364 1.0079, 0.4331 0.6364 1.0079, 0.4331 0.6364 1.0157, 0.1969 0.6364 1.0157
            ]
        }
        coordIndex [
            0,1,2,-1,3,0,4,-1,4,0,2,-1,4,2,5,-1,5,2,6,-1,
        ]
    }
}
Shape{
    appearance Appearance {
        material  Material 	{
            diffuseColor 0.6666666666666666 0.6980392156862745 0.7686274509803922
            specularColor 0.3333333333333333 0.34901960784313724 0.3843137254901961
            ambientIntensity 0.6967
            transparency 0.0
            shininess 0.5
        }
    }
    geometry IndexedFaceSet {
        ccw TRUE
        solid FALSE
        coord DEF co Coordinate {
            point [
                -1.1956 1.0583 0.3472, -1.1956 0.7433 0.3472, -1.2307 0.7433 0.3787, -1.2307 1.0583 0.3787, -1.2573 0.7433 0.4176, -1.2573 1.0583 0.4176, -1.2739 0.7433 0.4617, -1.2739 1.0583 0.4617, -1.2795 0.7433 0.5085, -1.2795 1.0583 0.5085
            ]
        }
        coordIndex [
            0,1,2,-1,0,2,3,-1,3,2,4,-1,3,4,5,-1,5,4,6,-1,5,6,7,-1,7,6,8,-1,7,8,9,-1,
        ]
    }
}
Shape{
    appearance Appearance {
        material  Material 	{
            diffuseColor 0.9686274509803922 0.8784313725490196 0.6
            specularColor 0.6784313725490196 0.615686274509804 0.4196078431372549
            ambientIntensity 0.8737
            transparency 0.0
            shininess 0.5
        }
    }
    geometry IndexedFaceSet {
        ccw TRUE
        solid FALSE
        coord DEF co Coordinate {
            point [
                -0.7376 -0.2213 1.0079, -0.7376 0.015 1.0079, -0.7376 -0.2134 1.0157, -0.7376 0.015 1.0157, -0.4291 0.7928 0.1046, -0.4291 0.8553 0.0376, -0.3583 0.8553 0.0376, -0.3583 0.7928 0.1046, -0.3484 0.7812 0.117, -0.439 0.7812 0.117, -0.3484 0.6766 0.2292, -0.439 0.6766 0.2292
            ]
        }
        coordIndex [
            0,1,2,-1,2,1,3,-1,4,5,6,-1,6,7,4,-1,4,7,8,-1,4,8,9,-1,9,8,10,-1,9,10,11,-1,
        ]
    }
}
Shape{
    appearance Appearance {
        material  Material 	{
            diffuseColor 0.6666666666666666 0.6980392156862745 0.7686274509803922
            specularColor 0.3333333333333333 0.34901960784313724 0.3843137254901961
            ambientIntensity 0.6967
            transparency 0.0
            shininess 0.5
        }
    }
    geometry IndexedFaceSet {
        ccw TRUE
        solid FALSE
        coord DEF co Coordinate {
            point [
                1.1614 0.1429 0.1969, 1.1614 0.6055 0.1969, 1.1594 0.1429 0.1793, 1.1594 0.6055 0.1793, 1.1536 0.1429 0.1627, 1.1536 0.6055 0.1627, 1.1442 0.1429 0.1478, 1.1442 0.6055 0.1478, 1.1318 0.1429 0.1353, 1.1318 0.6055 0.1353, 1.1168 0.1429 0.1259, 1.1168 0.6055 0.1259, 1.1002 0.1429 0.1201, 1.1002 0.6055 0.1201, 1.0827 0.1429 0.1181, 1.0827 0.6055 0.1181, -0.8858 0.6055 0.0, -0.8858 0.6055 0.1181, -0.8705 0.6035 0.1181, -0.8705 0.6035 0.0, -0.8563 0.5976 0.1181, -0.8563 0.5976 0.0, -0.8441 0.5882 0.1181, -0.8441 0.5882 0.0, -0.8347 0.576 0.1181, -0.8347 0.576 0.0, -0.8288 0.5617 0.1181, -0.8288 0.5617 0.0, -0.8268 0.5465 0.1181, -0.8268 0.5465 0.0, 1.1614 -1.8354 0.4448, 1.1614 -1.3236 0.4448, 1.1595 -1.8354 0.43, 1.1595 -1.3236 0.43, 1.154 -1.8354 0.4162, 1.154 -1.3236 0.4162, 1.1452 -1.8354 0.4042, 1.1452 -1.3236 0.4042
            ]
        }
        coordIndex [
            0,1,2,-1,2,1,3,-1,2,3,4,-1,4,3,5,-1,4,5,6,-1,6,5,7,-1,6,7,8,-1,8,7,9,-1,8,9,10,-1,10,9,11,-1,10,11,12,-1,12,11,13,-1,12,13,14,-1,14,13,15,-1,16,17,18,-1,16,18,19,-1,19,18,20,-1,19,20,21,-1,21,20,22,-1,21,22,23,-1,23,22,24,-1,23,24,25,-1,25,24,26,-1,25,26,27,-1,27,26,28,-1,27,28,29,-1,30,31,32,-1,32,31,33,-1,32,33,34,-1,34,33,35,-1,34,35,36,-1,36,35,37,-1,
        ]
    }
}
Shape{
    appearance Appearance {
        material  Material 	{
            diffuseColor 0.9686274509803922 0.8784313725490196 0.6
            specularColor 0.6784313725490196 0.615686274509804 0.4196078431372549
            ambientIntensity 0.8737
            transparency 0.0
            shininess 0.5
        }
    }
    geometry IndexedFaceSet {
        ccw TRUE
        solid FALSE
        coord DEF co Coordinate {
            point [
                0.2795 0.3693 0.2205, 0.2697 0.3693 0.2375, 0.2795 0.4283 0.2205, 0.2697 0.4283 0.2375, -0.1929 0.3693 0.2205, -0.1929 0.4283 0.2205, -0.1929 0.3693 0.1181, -0.1929 0.4283 0.1181, -0.1929 0.371 0.0983, -0.1929 0.4298 0.105, -0.1929 0.3793 0.0705, -0.1929 0.4342 0.0925, -0.1929 0.3942 0.0455, -0.1929 0.4412 0.0813, -0.1929 0.4148 0.0249, -0.1929 0.4506 0.0719, -0.1929 0.4398 0.0101, -0.1929 0.4618 0.0649, -0.1929 0.4402 0.0098, -0.1929 0.6055 0.0591, -0.1929 0.6055 0.0098, -0.1929 0.4874 0.0591, -0.1929 0.4743 0.0605, -0.2795 0.4283 0.2205, -0.2697 0.4283 0.2375, -0.2795 0.3693 0.2205, -0.2697 0.3693 0.2375, 0.6654 0.4283 0.2205, 0.6752 0.4283 0.2375, 0.6654 0.3693 0.2205, 0.6752 0.3693 0.2375, 0.1035 -1.1051 0.689, 0.1035 -1.1051 0.6811, 0.1181 -1.0905 0.689, 0.1181 -1.0905 0.6811
            ]
        }
        coordIndex [
            0,1,2,-1,2,1,3,-1,4,5,6,-1,6,5,7,-1,6,7,8,-1,8,7,9,-1,8,9,10,-1,10,9,11,-1,10,11,12,-1,12,11,13,-1,12,13,14,-1,14,13,15,-1,14,15,16,-1,16,15,17,-1,16,17,18,-1,19,20,21,-1,21,20,18,-1,21,18,22,-1,22,18,17,-1,23,24,25,-1,25,24,26,-1,27,28,29,-1,29,28,30,-1,31,32,33,-1,33,32,34,-1,
        ]
    }
}
Shape{
    appearance Appearance {
        material  Material 	{
            diffuseColor 0.6666666666666666 0.6980392156862745 0.7686274509803922
            specularColor 0.3333333333333333 0.34901960784313724 0.3843137254901961
            ambientIntensity 0.6967
            transparency 0.0
            shininess 0.5
        }
    }
    geometry IndexedFaceSet {
        ccw TRUE
        solid FALSE
        coord DEF co Coordinate {
            point [
                -0.756 -1.4231 1.1208, -0.7521 -1.4356 1.1186, -0.4251 -1.4231 1.1208, -0.7485 -1.4471 1.1166, -0.7422 -1.4586 1.1144, -0.7371 -1.468 1.1125, -0.7287 -1.4777 1.1107, -0.7247 -1.4824 1.1098, -0.7122 -1.4916 1.1083, -0.7109 -1.4926 1.1081, -0.6958 -1.499 1.107, -0.6937 -1.4993 1.1069, -0.6805 -1.5013 1.1062, -0.5006 -1.5013 1.1062, -0.4874 -1.4997 1.1065, -0.4864 -1.4996 1.1065, -0.4744 -1.4952 1.1074, -0.4689 -1.4916 1.108, -0.4286 -1.4359 1.1185, -0.4615 -1.4868 1.1089, -0.4523 -1.4778 1.1106, -0.4483 -1.4738 1.1114, -0.4384 -1.4591 1.1141, -0.4294 -1.4388 1.1179, -0.4377 -1.458 1.1143
            ]
        }
        coordIndex [
            0,1,2,-1,2,1,3,-1,3,4,2,-1,2,4,5,-1,2,5,6,-1,6,7,2,-1,2,7,8,-1,2,8,9,-1,9,10,2,-1,2,10,11,-1,2,11,12,-1,12,13,2,-1,2,13,14,-1,2,14,15,-1,15,16,2,-1,2,16,17,-1,2,17,18,-1,18,17,19,-1,20,21,22,-1,19,20,18,-1,18,20,22,-1,18,22,23,-1,23,22,24,-1,
        ]
    }
}
Shape{
    appearance Appearance {
        material  Material 	{
            diffuseColor 0.9686274509803922 0.8784313725490196 0.6
            specularColor 0.6784313725490196 0.615686274509804 0.4196078431372549
            ambientIntensity 0.8737
            transparency 0.0
            shininess 0.5
        }
    }
    geometry IndexedFaceSet {
        ccw TRUE
        solid FALSE
        coord DEF co Coordinate {
            point [
                0.124 0.5858 0.6299, 0.0335 0.5858 0.6299, 0.124 0.6011 0.6279, 0.0335 0.6011 0.6279, 0.124 0.6154 0.622, 0.0335 0.6154 0.622, 0.124 0.6276 0.6126, 0.0335 0.6276 0.6126, 0.124 0.637 0.6004, 0.0335 0.637 0.6004, 0.124 0.6429 0.5862, 0.0335 0.6429 0.5862, 0.124 0.6449 0.5709, 0.0335 0.6449 0.5709, -0.1142 0.8985 0.0778, -0.0433 0.8985 0.0778, -0.1142 0.9076 0.0699, -0.0433 0.9076 0.0699, -0.1142 0.9181 0.064, -0.0433 0.9181 0.064, -0.1142 0.9296 0.0603, -0.0433 0.9296 0.0603, -0.1142 0.9417 0.0591, -0.0433 0.9417 0.0591, 0.5177 0.4283 0.3937, 0.4272 0.4283 0.3937, 0.4272 0.4243 0.4243, 0.5177 0.4243 0.4243, 0.4272 0.4125 0.4528, 0.5177 0.4125 0.4528, 0.4272 0.3938 0.4772, 0.5177 0.3938 0.4772, 0.4272 0.3693 0.496, 0.5177 0.3693 0.496, 0.4272 0.3408 0.5078, 0.5177 0.3408 0.5078, 0.4272 0.3102 0.5118, 0.5177 0.3102 0.5118
            ]
        }
        coordIndex [
            0,1,2,-1,2,1,3,-1,2,3,4,-1,4,3,5,-1,4,5,6,-1,6,5,7,-1,6,7,8,-1,8,7,9,-1,8,9,10,-1,10,9,11,-1,10,11,12,-1,12,11,13,-1,14,15,16,-1,16,15,17,-1,16,17,18,-1,18,17,19,-1,18,19,20,-1,20,19,21,-1,20,21,22,-1,22,21,23,-1,24,25,26,-1,24,26,27,-1,27,26,28,-1,27,28,29,-1,29,28,30,-1,29,30,31,-1,31,30,32,-1,31,32,33,-1,33,32,34,-1,33,34,35,-1,35,34,36,-1,35,36,37,-1,
        ]
    }
}
Shape{
    appearance Appearance {
        material  Material 	{
            diffuseColor 0.6666666666666666 0.6980392156862745 0.7686274509803922
            specularColor 0.3333333333333333 0.34901960784313724 0.3843137254901961
            ambientIntensity 0.6967
            transparency 0.0
            shininess 0.5
        }
    }
    geometry IndexedFaceSet {
        ccw TRUE
        solid FALSE
        coord DEF co Coordinate {
            point [
                -1.1614 -1.2646 0.5334, -1.2795 -1.2646 0.5334, -1.1614 -0.6346 0.5334, -1.2795 -0.6346 0.5334
            ]
        }
        coordIndex [
            0,1,2,-1,2,1,3,-1,
        ]
    }
}
Shape{
    appearance Appearance {
        material  Material 	{
            diffuseColor 0.9686274509803922 0.8784313725490196 0.6
            specularColor 0.6784313725490196 0.615686274509804 0.4196078431372549
            ambientIntensity 0.8737
            transparency 0.0
            shininess 0.5
        }
    }
    geometry IndexedFaceSet {
        ccw TRUE
        solid FALSE
        coord DEF co Coordinate {
            point [
                0.0433 0.9181 0.064, 0.0433 0.8945 0.0098, 0.0433 0.9076 0.0699, 0.0433 0.8715 0.0231, 0.0433 0.8985 0.0778, 0.0433 0.8553 0.0376, 0.0433 0.836 0.1448, 0.0433 0.7928 0.1046, 0.0433 1.0542 0.0591, 0.0433 1.0542 0.0098, 0.0433 0.9417 0.0591, 0.0433 0.9296 0.0603, -0.6555 0.4874 0.0, -0.6043 0.4874 0.0, -0.6562 0.4778 0.0004, -0.6027 0.4677 0.0017, -0.6577 0.4677 0.0021, -0.6026 0.4676 0.0017, -0.6591 0.4586 0.0036, -0.5978 0.4491 0.0064, -0.5945 0.4402 0.0098, -0.6654 0.4402 0.0098, -0.5945 0.4398 0.0101, -0.6654 0.4398 0.0101, -0.5945 0.4148 0.0249, -0.6654 0.4148 0.0249, -0.5945 0.3942 0.0455, -0.6654 0.3942 0.0455, -0.5945 0.3793 0.0705, -0.6654 0.3793 0.0705, -0.5945 0.371 0.0983, -0.6654 0.371 0.0983, -0.5945 0.3693 0.1181, -0.6654 0.3693 0.1181
            ]
        }
        coordIndex [
            0,1,2,-1,2,1,3,-1,2,3,4,-1,4,3,5,-1,4,5,6,-1,6,5,7,-1,8,9,10,-1,10,9,1,-1,10,1,11,-1,11,1,0,-1,12,13,14,-1,14,13,15,-1,14,15,16,-1,16,15,17,-1,16,17,18,-1,17,19,18,-1,18,19,20,-1,18,20,21,-1,21,20,22,-1,21,22,23,-1,23,22,24,-1,23,24,25,-1,25,24,26,-1,25,26,27,-1,27,26,28,-1,27,28,29,-1,29,28,30,-1,29,30,31,-1,31,30,32,-1,31,32,33,-1,
        ]
    }
}
Shape{
    appearance Appearance {
        material  Material 	{
            diffuseColor 0.6666666666666666 0.6980392156862745 0.7686274509803922
            specularColor 0.3333333333333333 0.34901960784313724 0.3843137254901961
            ambientIntensity 0.6967
            transparency 0.0
            shininess 0.5
        }
    }
    geometry IndexedFaceSet {
        ccw TRUE
        solid FALSE
        coord DEF co Coordinate {
            point [
                0.0984 -0.5695 0.0197, 0.0984 -0.5695 0.0, 0.0984 -0.3984 0.0197, 0.0984 -0.3984 0.0, 0.4702 -1.4926 1.1081, 0.4689 -1.4916 1.1083, 0.4691 -1.5302 1.0511, 0.4218 -1.4046 1.1081, 0.4218 -1.4713 1.0107, 0.4235 -1.4821 1.0181, 0.4612 -1.5276 1.0492, 0.4564 -1.4824 1.1098, 0.4526 -1.5221 1.0455, 0.4524 -1.4777 1.1107, 0.4449 -1.5172 1.0421, 0.444 -1.468 1.1125, 0.439 -1.5109 1.0378, 0.4389 -1.4586 1.1144, 0.4324 -1.5038 1.0329, 0.4326 -1.4471 1.1166, 0.4291 -1.4973 1.0285, 0.429 -1.4356 1.1186, 0.4245 -1.4881 1.0222, 0.4251 -1.4231 1.1208, 0.4229 -1.4154 1.1156, 0.4853 -1.499 1.107, 0.4802 -1.534 1.0537, 0.4874 -1.4993 1.1069, 0.4875 -1.5348 1.0542, 0.5006 -1.5363 1.0552, 0.5006 -1.5013 1.1062
            ]
        }
        coordIndex [
            0,1,2,-1,2,1,3,-1,4,5,6,-1,7,8,9,-1,6,5,10,-1,10,5,11,-1,10,11,12,-1,12,11,13,-1,12,13,14,-1,14,13,15,-1,14,15,16,-1,16,15,17,-1,16,17,18,-1,18,17,19,-1,18,19,20,-1,20,19,21,-1,20,21,22,-1,22,21,23,-1,22,23,9,-1,9,23,24,-1,9,24,7,-1,4,6,25,-1,25,6,26,-1,25,26,27,-1,26,28,27,-1,27,28,29,-1,27,29,30,-1,
        ]
    }
}
Shape{
    appearance Appearance {
        material  Material 	{
            diffuseColor 0.9686274509803922 0.8784313725490196 0.6
            specularColor 0.6784313725490196 0.615686274509804 0.4196078431372549
            ambientIntensity 0.8737
            transparency 0.0
            shininess 0.5
        }
    }
    geometry IndexedFaceSet {
        ccw TRUE
        solid FALSE
        coord DEF co Coordinate {
            point [
                -0.2362 0.2319 1.0236, 0.2362 0.2319 1.0236, -0.2362 0.2234 1.0227, 0.2362 0.2234 1.0227, -0.2362 0.2153 1.0199, 0.2362 0.2153 1.0199, 0.4185 -1.1051 0.689, 0.4185 -1.1051 0.6811, 0.4331 -1.0905 0.689, 0.4331 -1.0905 0.6811, 0.7539 0.6449 0.3097, 0.7539 0.6449 0.5709, 0.6634 0.6449 0.3097, 0.6634 0.6449 0.5709, 0.1043 0.9417 0.0, 0.1043 1.0542 0.0, 0.1142 1.0542 0.0098, 0.1141 0.8946 0.0098, 0.1109 0.9033 0.0064, 0.1065 0.92 0.0021, 0.1142 0.8945 0.0098, 0.106 0.922 0.0017, -0.1909 0.6449 0.3097, -0.1909 0.6449 0.5709, -0.2815 0.6449 0.3097, -0.2815 0.6449 0.5709
            ]
        }
        coordIndex [
            0,1,2,-1,2,1,3,-1,2,3,4,-1,4,3,5,-1,6,7,8,-1,8,7,9,-1,10,11,12,-1,12,11,13,-1,14,15,16,-1,17,18,19,-1,16,20,17,-1,17,19,16,-1,16,19,21,-1,16,21,14,-1,22,23,24,-1,24,23,25,-1,
        ]
    }
}
Shape{
    appearance Appearance {
        material  Material 	{
            diffuseColor 0.6666666666666666 0.6980392156862745 0.7686274509803922
            specularColor 0.3333333333333333 0.34901960784313724 0.3843137254901961
            ambientIntensity 0.6967
            transparency 0.0
            shininess 0.5
        }
    }
    geometry IndexedFaceSet {
        ccw TRUE
        solid FALSE
        coord DEF co Coordinate {
            point [
                0.284 -1.6094 1.0236, 0.284 -1.6094 1.1417, 0.2855 -1.6225 1.0236, 0.2855 -1.6225 1.1417, 0.2899 -1.635 1.0236, 0.2899 -1.635 1.1417, 0.2969 -1.6462 1.0236, 0.2969 -1.6462 1.1417, 0.3063 -1.6555 1.0236, 0.3063 -1.6555 1.1417, 0.3175 -1.6626 1.0236, 0.3175 -1.6626 1.1417, 0.3299 -1.6669 1.0236, 0.3299 -1.6669 1.1417, 0.3431 -1.6684 1.0236, 0.3431 -1.6684 1.1417
            ]
        }
        coordIndex [
            0,1,2,-1,2,1,3,-1,2,3,4,-1,4,3,5,-1,4,5,6,-1,6,5,7,-1,6,7,8,-1,8,7,9,-1,8,9,10,-1,10,9,11,-1,10,11,12,-1,12,11,13,-1,12,13,14,-1,14,13,15,-1,
        ]
    }
}
Shape{
    appearance Appearance {
        material  Material 	{
            diffuseColor 0.9686274509803922 0.8784313725490196 0.6
            specularColor 0.6784313725490196 0.615686274509804 0.4196078431372549
            ambientIntensity 0.8737
            transparency 0.0
            shininess 0.5
        }
    }
    geometry IndexedFaceSet {
        ccw TRUE
        solid FALSE
        coord DEF co Coordinate {
            point [
                0.6693 -0.3315 0.4528, 0.6693 -0.3394 0.4606, 0.6693 -1.0905 0.4528, 0.6693 -1.0905 0.4606, -0.6535 -1.1228 0.4567, -0.6535 -1.1228 0.4606, -0.6535 -1.1079 0.4606, -0.6535 -1.1079 0.4528, -0.6535 -1.2107 0.4528, -0.6535 -1.2278 0.4567, -0.6535 -1.2195 0.4538, -0.4966 -1.1059 0.4528, -0.4331 -1.0905 0.4528, -0.4962 -1.1069 0.4528, -0.4477 -1.1051 0.4528, -0.4482 -1.1057 0.4528, -0.4488 -1.2107 0.4528, -0.4961 -1.2107 0.4528, -0.4488 -1.1079 0.4528, -0.4961 -1.1079 0.4528, -0.4487 -1.1071 0.4528, -0.4485 -1.1064 0.4528, -0.5118 -0.3315 0.4528, -0.4331 -0.3315 0.4528, -0.5118 -1.0905 0.4528, -0.4972 -1.1051 0.4528
            ]
        }
        coordIndex [
            0,1,2,-1,2,1,3,-1,4,5,6,-1,6,7,4,-1,4,7,8,-1,4,8,9,-1,9,8,10,-1,11,12,13,-1,13,12,14,-1,13,14,15,-1,16,17,18,-1,18,17,19,-1,18,19,20,-1,20,19,13,-1,20,13,21,-1,21,13,15,-1,22,23,24,-1,24,23,12,-1,24,12,25,-1,25,12,11,-1,
        ]
    }
}
Shape{
    appearance Appearance {
        material  Material 	{
            diffuseColor 0.2235294117647059 0.2235294117647059 0.2235294117647059
            specularColor 0.11372549019607843 0.11372549019607843 0.11372549019607843
            ambientIntensity 0.2235
            transparency 0.0
            shininess 0.5
        }
    }
    geometry IndexedFaceSet {
        ccw TRUE
        solid FALSE
        coord DEF co Coordinate {
            point [
                0.8508 1.0583 0.4528, 1.1024 1.0583 0.4528, 0.8394 0.7335 0.4528, 1.1024 0.7335 0.4528
            ]
        }
        coordIndex [
            0,1,2,-1,2,1,3,-1,
        ]
    }
}
Shape{
    appearance Appearance {
        material  Material 	{
            diffuseColor 0.9686274509803922 0.8784313725490196 0.6
            specularColor 0.6784313725490196 0.615686274509804 0.4196078431372549
            ambientIntensity 0.8737
            transparency 0.0
            shininess 0.5
        }
    }
    geometry IndexedFaceSet {
        ccw TRUE
        solid FALSE
        coord DEF co Coordinate {
            point [
                -0.3701 -1.2107 0.689, -0.4173 -1.2107 0.689, -0.4173 -1.2195 0.688, -0.3701 -1.2195 0.688, -0.4173 -1.2278 0.685, -0.3701 -1.2278 0.685
            ]
        }
        coordIndex [
            0,1,2,-1,0,2,3,-1,3,2,4,-1,3,4,5,-1,
        ]
    }
}
Shape{
    appearance Appearance {
        material  Material 	{
            diffuseColor 0.2235294117647059 0.2235294117647059 0.2235294117647059
            specularColor 0.11372549019607843 0.11372549019607843 0.11372549019607843
            ambientIntensity 0.2235
            transparency 0.0
            shininess 0.5
        }
    }
    geometry IndexedFaceSet {
        ccw TRUE
        solid FALSE
        coord DEF co Coordinate {
            point [
                0.7354 0.015 0.122, 0.7354 0.015 0.0236, 0.7354 0.0365 0.0236, 0.7354 0.271 0.0236, 0.7354 0.271 0.1752, 0.7354 0.015 0.1752
            ]
        }
        coordIndex [
            0,1,2,-1,3,4,2,-1,2,4,5,-1,2,5,0,-1,
        ]
    }
}
Shape{
    appearance Appearance {
        material  Material 	{
            diffuseColor 0.9686274509803922 0.8784313725490196 0.6
            specularColor 0.6784313725490196 0.615686274509804 0.4196078431372549
            ambientIntensity 0.8737
            transparency 0.0
            shininess 0.5
        }
    }
    geometry IndexedFaceSet {
        ccw TRUE
        solid FALSE
        coord DEF co Coordinate {
            point [
                0.2795 0.6055 0.0591, 0.2795 0.4874 0.0591, 0.3504 0.6055 0.0591, 0.3504 0.4874 0.0591
            ]
        }
        coordIndex [
            0,1,2,-1,2,1,3,-1,
        ]
    }
}
Shape{
    appearance Appearance {
        material  Material 	{
            diffuseColor 0.6666666666666666 0.6980392156862745 0.7686274509803922
            specularColor 0.3333333333333333 0.34901960784313724 0.3843137254901961
            ambientIntensity 0.6967
            transparency 0.0
            shininess 0.5
        }
    }
    geometry IndexedFaceSet {
        ccw TRUE
        solid FALSE
        coord DEF co Coordinate {
            point [
                1.2795 0.6055 0.1969, 1.2795 0.1429 0.1969, 1.2728 0.1429 0.1459, 1.2728 0.6055 0.1459, 1.2532 0.1429 0.0984, 1.2532 0.6055 0.0984, 1.2219 0.1429 0.0577, 1.2219 0.6055 0.0577, 1.1811 0.1429 0.0264, 1.1811 0.6055 0.0264, 1.1336 0.1429 0.0067, 1.1336 0.6055 0.0067, 1.0827 0.1429 0.0, 1.0827 0.6055 0.0
            ]
        }
        coordIndex [
            0,1,2,-1,0,2,3,-1,3,2,4,-1,3,4,5,-1,5,4,6,-1,5,6,7,-1,7,6,8,-1,7,8,9,-1,9,8,10,-1,9,10,11,-1,11,10,12,-1,11,12,13,-1,
        ]
    }
}
Shape{
    appearance Appearance {
        material  Material 	{
            diffuseColor 0.2235294117647059 0.2235294117647059 0.2235294117647059
            specularColor 0.11372549019607843 0.11372549019607843 0.11372549019607843
            ambientIntensity 0.2235
            transparency 0.0
            shininess 0.5
        }
    }
    geometry IndexedFaceSet {
        ccw TRUE
        solid FALSE
        coord DEF co Coordinate {
            point [
                1.1244 0.015 0.4138, 1.1244 -0.2213 0.4138, 0.8858 0.015 0.1752, 0.8327 -0.2213 0.122, 0.8327 0.015 0.122
            ]
        }
        coordIndex [
            0,1,2,-1,2,1,3,-1,2,3,4,-1,
        ]
    }
}
Shape{
    appearance Appearance {
        material  Material 	{
            diffuseColor 0.9686274509803922 0.8784313725490196 0.6
            specularColor 0.6784313725490196 0.615686274509804 0.4196078431372549
            ambientIntensity 0.8737
            transparency 0.0
            shininess 0.5
        }
    }
    geometry IndexedFaceSet {
        ccw TRUE
        solid FALSE
        coord DEF co Coordinate {
            point [
                0.1142 0.836 0.1448, 0.1142 0.8985 0.0778, 0.0433 0.8985 0.0778, 0.0433 0.836 0.1448, 0.0335 0.8244 0.1573, 0.124 0.8244 0.1573, 0.0335 0.7198 0.2695, 0.124 0.7198 0.2695, -0.1909 0.7039 0.5709, -0.2815 0.7039 0.5709, -0.2815 0.6999 0.6014, -0.1909 0.6999 0.6014, -0.2815 0.6881 0.6299, -0.1909 0.6881 0.6299, -0.2815 0.6693 0.6544, -0.1909 0.6693 0.6544, -0.2815 0.6449 0.6732, -0.1909 0.6449 0.6732, -0.2815 0.6164 0.685, -0.1909 0.6164 0.685, -0.2815 0.5858 0.689, -0.1909 0.5858 0.689, 0.2106 1.0542 0.0, 0.2106 0.9417 0.0, 0.2008 1.0542 0.0098, 0.21 0.9321 0.0004, 0.2081 0.92 0.0024, 0.207 0.9128 0.0036, 0.2008 0.8946 0.0098, 0.2008 0.8945 0.0098, -0.1929 0.4283 0.1181, -0.122 0.4283 0.1181, -0.1929 0.4298 0.105, -0.122 0.4298 0.105, -0.1929 0.4342 0.0925, -0.122 0.4342 0.0925, -0.1929 0.4412 0.0813, -0.122 0.4412 0.0813, -0.1929 0.4506 0.0719, -0.122 0.4506 0.0719, -0.1929 0.4618 0.0649, -0.122 0.4618 0.0649, -0.1929 0.4743 0.0605, -0.122 0.4743 0.0605, -0.1929 0.4874 0.0591, -0.122 0.4874 0.0591, 0.0433 0.7928 0.1046, 0.0335 0.7812 0.117
            ]
        }
        coordIndex [
            0,1,2,-1,2,3,0,-1,0,3,4,-1,0,4,5,-1,5,4,6,-1,5,6,7,-1,8,9,10,-1,8,10,11,-1,11,10,12,-1,11,12,13,-1,13,12,14,-1,13,14,15,-1,15,14,16,-1,15,16,17,-1,17,16,18,-1,17,18,19,-1,19,18,20,-1,19,20,21,-1,22,23,24,-1,24,23,25,-1,24,25,26,-1,26,27,24,-1,24,27,28,-1,24,28,29,-1,30,31,32,-1,32,31,33,-1,32,33,34,-1,34,33,35,-1,34,35,36,-1,36,35,37,-1,36,37,38,-1,38,37,39,-1,38,39,40,-1,40,39,41,-1,40,41,42,-1,42,41,43,-1,42,43,44,-1,44,43,45,-1,46,47,3,-1,3,47,4,-1,
        ]
    }
}
Shape{
    appearance Appearance {
        material  Material 	{
            diffuseColor 0.6666666666666666 0.6980392156862745 0.7686274509803922
            specularColor 0.3333333333333333 0.34901960784313724 0.3843137254901961
            ambientIntensity 0.6967
            transparency 0.0
            shininess 0.5
        }
    }
    geometry IndexedFaceSet {
        ccw TRUE
        solid FALSE
        coord DEF co Coordinate {
            point [
                0.4218 -1.2818 1.0599, 0.7593 -1.2818 1.0599, 0.4218 -1.2698 1.0775, 0.7593 -1.2698 1.0775
            ]
        }
        coordIndex [
            0,1,2,-1,2,1,3,-1,
        ]
    }
}
Shape{
    appearance Appearance {
        material  Material 	{
            diffuseColor 0.9686274509803922 0.8784313725490196 0.6
            specularColor 0.6784313725490196 0.615686274509804 0.4196078431372549
            ambientIntensity 0.8737
            transparency 0.0
            shininess 0.5
        }
    }
    geometry IndexedFaceSet {
        ccw TRUE
        solid FALSE
        coord DEF co Coordinate {
            point [
                0.1823 -1.1051 0.4528, 0.1823 -1.1051 0.4606, 0.1818 -1.1057 0.4528, 0.1818 -1.1057 0.4606, 0.1814 -1.1064 0.4528, 0.1814 -1.1064 0.4606, 0.1812 -1.1071 0.4528, 0.1812 -1.1071 0.4606, 0.1811 -1.1079 0.4528, 0.1811 -1.1079 0.4606, -0.1122 0.3102 0.4528, -0.2028 0.3102 0.4528, -0.1122 0.3255 0.4507, -0.2028 0.3255 0.4507, -0.1122 0.3398 0.4448, -0.2028 0.3398 0.4448, -0.1122 0.352 0.4355, -0.2028 0.352 0.4355, -0.1122 0.3614 0.4232, -0.2028 0.3614 0.4232, -0.1122 0.3673 0.409, -0.2028 0.3673 0.409, -0.1122 0.3693 0.3937, -0.2028 0.3693 0.3937, 0.2717 0.836 0.1448, 0.2717 0.8985 0.0778, 0.2008 0.8985 0.0778, 0.2008 0.836 0.1448, 0.1909 0.8244 0.1573, 0.2815 0.8244 0.1573, 0.1909 0.7198 0.2695, 0.2815 0.7198 0.2695
            ]
        }
        coordIndex [
            0,1,2,-1,2,1,3,-1,2,3,4,-1,4,3,5,-1,4,5,6,-1,6,5,7,-1,6,7,8,-1,8,7,9,-1,10,11,12,-1,12,11,13,-1,12,13,14,-1,14,13,15,-1,14,15,16,-1,16,15,17,-1,16,17,18,-1,18,17,19,-1,18,19,20,-1,20,19,21,-1,20,21,22,-1,22,21,23,-1,24,25,26,-1,26,27,24,-1,24,27,28,-1,24,28,29,-1,29,28,30,-1,29,30,31,-1,
        ]
    }
}
Shape{
    appearance Appearance {
        material  Material 	{
            diffuseColor 0.6666666666666666 0.6980392156862745 0.7686274509803922
            specularColor 0.3333333333333333 0.34901960784313724 0.3843137254901961
            ambientIntensity 0.6967
            transparency 0.0
            shininess 0.5
        }
    }
    geometry IndexedFaceSet {
        ccw TRUE
        solid FALSE
        coord DEF co Coordinate {
            point [
                1.1452 -1.8354 0.4042, 1.1881 -1.8945 0.3635, 1.154 -1.8354 0.4162, 1.2057 -1.8945 0.3876, 1.1595 -1.8354 0.43, 1.2167 -1.8945 0.4153, 1.1614 -1.8354 0.4448, 1.2205 -1.8945 0.4448
            ]
        }
        coordIndex [
            0,1,2,-1,2,1,3,-1,2,3,4,-1,4,3,5,-1,4,5,6,-1,6,5,7,-1,
        ]
    }
}
Shape{
    appearance Appearance {
        material  Material 	{
            diffuseColor 0.9686274509803922 0.8784313725490196 0.6
            specularColor 0.6784313725490196 0.615686274509804 0.4196078431372549
            ambientIntensity 0.8737
            transparency 0.0
            shininess 0.5
        }
    }
    geometry IndexedFaceSet {
        ccw TRUE
        solid FALSE
        coord DEF co Coordinate {
            point [
                -0.4193 1.0542 0.0, -0.3681 1.0542 0.0, -0.4193 0.9417 0.0, -0.3681 0.9417 0.0
            ]
        }
        coordIndex [
            0,1,2,-1,2,1,3,-1,
        ]
    }
}
Shape{
    appearance Appearance {
        material  Material 	{
            diffuseColor 0.6666666666666666 0.6980392156862745 0.7686274509803922
            specularColor 0.3333333333333333 0.34901960784313724 0.3843137254901961
            ambientIntensity 0.6967
            transparency 0.0
            shininess 0.5
        }
    }
    geometry IndexedFaceSet {
        ccw TRUE
        solid FALSE
        coord DEF co Coordinate {
            point [
                0.04 -1.8898 0.0642, 0.0392 -1.8894 0.0646, 0.0392 -1.8895 0.0, 0.0048 -1.8453 0.0, 0.0051 -1.8453 0.1084, 0.0039 -1.8354 0.0, 0.0039 -1.8354 0.1181, 0.009 -1.8593 0.0, 0.0164 -1.8717 0.0, 0.0167 -1.8716 0.0821, 0.0105 -1.8624 0.0914, 0.0093 -1.8591 0.0947, 0.0055 -1.8489 0.1049, 0.0267 -1.882 0.0, 0.0289 -1.8836 0.0702, 0.0269 -1.8818 0.0719, 0.0185 -1.8743 0.0792, 0.063 -1.8945 0.0, 0.063 -1.8945 0.0591, 0.0531 -1.8937 0.0, 0.0531 -1.8935 0.0604, 0.0514 -1.8933 0.0607
            ]
        }
        coordIndex [
            0,1,2,-1,3,4,5,-1,5,4,6,-1,7,8,9,-1,9,10,7,-1,7,10,11,-1,7,11,3,-1,3,11,12,-1,3,12,4,-1,2,1,13,-1,1,14,13,-1,13,14,15,-1,13,15,8,-1,8,15,16,-1,8,16,9,-1,17,18,19,-1,19,18,20,-1,19,20,2,-1,2,20,21,-1,2,21,0,-1,
        ]
    }
}
Shape{
    appearance Appearance {
        material  Material 	{
            diffuseColor 0.9686274509803922 0.8784313725490196 0.6
            specularColor 0.6784313725490196 0.615686274509804 0.4196078431372549
            ambientIntensity 0.8737
            transparency 0.0
            shininess 0.5
        }
    }
    geometry IndexedFaceSet {
        ccw TRUE
        solid FALSE
        coord DEF co Coordinate {
            point [
                -0.7343 1.0542 0.0, -0.6831 1.0542 0.0, -0.7343 0.9417 0.0, -0.6831 0.9417 0.0, 0.7539 0.271 0.689, 0.7539 0.5858 0.689, 0.7146 0.271 0.689, 0.6634 0.5858 0.689, 0.6634 0.271 0.689, 0.6654 0.4402 0.0098, 0.6654 0.6055 0.0098, 0.6654 0.6055 0.0591, 0.6654 0.4283 0.2205, 0.6654 0.3693 0.2205, 0.6654 0.4283 0.1181, 0.6654 0.3693 0.1181, 0.6654 0.4298 0.105, 0.6654 0.371 0.0983, 0.6654 0.4342 0.0925, 0.6654 0.3793 0.0705, 0.6654 0.4412 0.0813, 0.6654 0.3942 0.0455, 0.6654 0.4506 0.0719, 0.6654 0.4148 0.0249, 0.6654 0.4618 0.0649, 0.6654 0.4398 0.0101, 0.6654 0.4743 0.0605, 0.6654 0.4874 0.0591
            ]
        }
        coordIndex [
            0,1,2,-1,2,1,3,-1,4,5,6,-1,6,5,7,-1,6,7,8,-1,9,10,11,-1,12,13,14,-1,14,13,15,-1,14,15,16,-1,16,15,17,-1,16,17,18,-1,18,17,19,-1,18,19,20,-1,20,19,21,-1,20,21,22,-1,22,21,23,-1,22,23,24,-1,24,23,25,-1,24,25,26,-1,26,25,9,-1,26,9,27,-1,27,9,11,-1,
        ]
    }
}
Shape{
    appearance Appearance {
        material  Material 	{
            diffuseColor 0.6666666666666666 0.6980392156862745 0.7686274509803922
            specularColor 0.3333333333333333 0.34901960784313724 0.3843137254901961
            ambientIntensity 0.6967
            transparency 0.0
            shininess 0.5
        }
    }
    geometry IndexedFaceSet {
        ccw TRUE
        solid FALSE
        coord DEF co Coordinate {
            point [
                0.8283 0.1888 0.1181, 0.8727 0.1444 0.1181, 0.8268 0.202 0.1181, 0.8858 0.1429 0.1181, 0.8268 0.5465 0.1181, 1.0827 0.1429 0.1181, 1.0827 0.6055 0.1181, 0.8858 0.6055 0.1181, 0.8727 0.604 0.1181, 0.8602 0.5997 0.1181, 0.8326 0.1763 0.1181, 0.8397 0.1651 0.1181, 0.8602 0.1488 0.1181, 0.849 0.1558 0.1181, 0.849 0.5926 0.1181, 0.8397 0.5833 0.1181, 0.8283 0.5596 0.1181, 0.8326 0.5721 0.1181
            ]
        }
        coordIndex [
            0,1,2,-1,2,1,3,-1,2,3,4,-1,5,6,3,-1,3,6,7,-1,3,7,4,-1,4,7,8,-1,4,8,9,-1,0,10,1,-1,1,10,11,-1,1,11,12,-1,12,11,13,-1,9,14,4,-1,4,14,15,-1,4,15,16,-1,16,15,17,-1,
        ]
    }
}
Shape{
    appearance Appearance {
        material  Material 	{
            diffuseColor 0.9686274509803922 0.8784313725490196 0.6
            specularColor 0.6784313725490196 0.615686274509804 0.4196078431372549
            ambientIntensity 0.8737
            transparency 0.0
            shininess 0.5
        }
    }
    geometry IndexedFaceSet {
        ccw TRUE
        solid FALSE
        coord DEF co Coordinate {
            point [
                -0.6634 0.271 0.689, -0.6634 0.271 0.6299, -0.6634 0.5858 0.689, -0.6634 0.5858 0.6299, -0.6634 0.6164 0.685, -0.6634 0.6011 0.6279, -0.6634 0.6449 0.6732, -0.6634 0.6154 0.622, -0.6634 0.6693 0.6544, -0.6634 0.6276 0.6126, -0.6634 0.6881 0.6299, -0.6634 0.637 0.6004, -0.6634 0.6999 0.6014, -0.6634 0.6429 0.5862, -0.6634 0.7039 0.5709, -0.6634 0.6449 0.5709, -0.6634 0.7039 0.3097, -0.6634 0.6449 0.3097, -0.6634 0.7058 0.2951, -0.6634 0.6486 0.2805, -0.6634 0.7112 0.2814, -0.6634 0.6594 0.253, -0.6634 0.7198 0.2695, -0.6634 0.6766 0.2292, -0.6634 0.8244 0.1573, -0.6634 0.7812 0.117, -0.4961 -1.1079 0.4528, -0.4961 -1.1079 0.4606, -0.4962 -1.1069 0.4528, -0.4962 -1.1069 0.4606, -0.4966 -1.1059 0.4528, -0.4966 -1.1059 0.4606, -0.4972 -1.1051 0.4528, -0.4972 -1.1051 0.4606
            ]
        }
        coordIndex [
            0,1,2,-1,2,1,3,-1,2,3,4,-1,4,3,5,-1,4,5,6,-1,6,5,7,-1,6,7,8,-1,8,7,9,-1,8,9,10,-1,10,9,11,-1,10,11,12,-1,12,11,13,-1,12,13,14,-1,14,13,15,-1,14,15,16,-1,16,15,17,-1,16,17,18,-1,18,17,19,-1,18,19,20,-1,20,19,21,-1,20,21,22,-1,22,21,23,-1,22,23,24,-1,24,23,25,-1,26,27,28,-1,28,27,29,-1,28,29,30,-1,30,29,31,-1,30,31,32,-1,32,31,33,-1,
        ]
    }
}
Shape{
    appearance Appearance {
        material  Material 	{
            diffuseColor 0.6666666666666666 0.6980392156862745 0.7686274509803922
            specularColor 0.3333333333333333 0.34901960784313724 0.3843137254901961
            ambientIntensity 0.6967
            transparency 0.0
            shininess 0.5
        }
    }
    geometry IndexedFaceSet {
        ccw TRUE
        solid FALSE
        coord DEF co Coordinate {
            point [
                1.1614 -1.8354 0.9646, 1.1614 -1.8354 0.4448, 1.2205 -1.8945 0.9646, 1.2205 -1.8945 0.4448, -0.7593 -1.1245 1.1417, -0.8083 -0.7441 1.1417, -0.7593 -1.1245 1.0236, -0.8083 -0.7441 1.0236, -0.7593 -1.2818 1.0599, -0.4218 -1.2818 1.0599, -0.7593 -1.2698 1.0775, -0.4218 -1.2698 1.0775, -0.8875 -0.6926 1.0236, -0.8669 -0.6926 1.0236, -0.8875 -0.6926 1.1417, -0.8669 -0.6926 1.1417
            ]
        }
        coordIndex [
            0,1,2,-1,2,1,3,-1,4,5,6,-1,6,5,7,-1,8,9,10,-1,10,9,11,-1,12,13,14,-1,14,13,15,-1,
        ]
    }
}
Shape{
    appearance Appearance {
        material  Material 	{
            diffuseColor 0.9686274509803922 0.8784313725490196 0.6
            specularColor 0.6784313725490196 0.615686274509804 0.4196078431372549
            ambientIntensity 0.8737
            transparency 0.0
            shininess 0.5
        }
    }
    geometry IndexedFaceSet {
        ccw TRUE
        solid FALSE
        coord DEF co Coordinate {
            point [
                0.437 0.6055 0.0591, 0.437 0.4874 0.0591, 0.5079 0.6055 0.0591, 0.5079 0.4874 0.0591, 0.685 -1.1228 0.6811, 0.5748 -1.1228 0.6811, 0.685 -1.1228 0.685, 0.5748 -1.1228 0.685, 0.0531 1.0542 0.0, 0.1043 1.0542 0.0, 0.0531 0.9417 0.0, 0.1043 0.9417 0.0
            ]
        }
        coordIndex [
            0,1,2,-1,2,1,3,-1,4,5,6,-1,6,5,7,-1,8,9,10,-1,10,9,11,-1,
        ]
    }
}
Shape{
    appearance Appearance {
        material  Material 	{
            diffuseColor 0.2235294117647059 0.2235294117647059 0.2235294117647059
            specularColor 0.11372549019607843 0.11372549019607843 0.11372549019607843
            ambientIntensity 0.2235
            transparency 0.0
            shininess 0.5
        }
    }
    geometry IndexedFaceSet {
        ccw TRUE
        solid FALSE
        coord DEF co Coordinate {
            point [
                -1.1417 0.015 0.4556, -1.1417 -0.2213 0.4556, -1.1417 -0.2213 0.5772, -1.1417 1.0583 0.5772, -1.1417 1.0583 0.4922, -1.1417 0.7335 0.4922, -1.1417 0.7335 0.1752, -1.1417 0.015 0.1752
            ]
        }
        coordIndex [
            0,1,2,-1,3,4,5,-1,6,7,5,-1,5,7,0,-1,5,0,3,-1,3,0,2,-1,
        ]
    }
}
Shape{
    appearance Appearance {
        material  Material 	{
            diffuseColor 0.9686274509803922 0.8784313725490196 0.6
            specularColor 0.6784313725490196 0.615686274509804 0.4196078431372549
            ambientIntensity 0.8737
            transparency 0.0
            shininess 0.5
        }
    }
    geometry IndexedFaceSet {
        ccw TRUE
        solid FALSE
        coord DEF co Coordinate {
            point [
                0.5264 -1.1051 0.689, 0.5906 -1.0905 0.689, 0.5118 -1.0905 0.689, 0.5906 -0.3315 0.689, 0.5118 -0.3315 0.689, 0.5276 -1.1079 0.689, 0.5276 -1.2107 0.689, 0.5748 -1.2107 0.689, 0.5748 -1.1079 0.689, 0.5749 -1.1071 0.689, 0.5274 -1.1069 0.689, 0.5751 -1.1064 0.689, 0.5755 -1.1057 0.689, 0.527 -1.1059 0.689, 0.576 -1.1051 0.689, 0.0453 0.271 0.5118, 0.0453 0.3102 0.5118, 0.0 0.271 0.5118, -0.0453 0.3102 0.5118, -0.0453 0.271 0.5118
            ]
        }
        coordIndex [
            0,1,2,-1,2,1,3,-1,2,3,4,-1,5,6,7,-1,7,8,5,-1,5,8,9,-1,5,9,10,-1,10,9,11,-1,10,11,12,-1,0,13,1,-1,1,13,10,-1,1,10,14,-1,14,10,12,-1,15,16,17,-1,17,16,18,-1,17,18,19,-1,
        ]
    }
}
Shape{
    appearance Appearance {
        material  Material 	{
            diffuseColor 0.6666666666666666 0.6980392156862745 0.7686274509803922
            specularColor 0.3333333333333333 0.34901960784313724 0.3843137254901961
            ambientIntensity 0.6967
            transparency 0.0
            shininess 0.5
        }
    }
    geometry IndexedFaceSet {
        ccw TRUE
        solid FALSE
        coord DEF co Coordinate {
            point [
                -1.1024 0.9992 1.0236, -1.1024 -1.8354 1.0236, -1.1155 0.9992 1.0221, -1.1155 -1.8354 1.0221, -1.128 0.9992 1.0178, -1.128 -1.8354 1.0178, -1.1392 0.9992 1.0107, -1.1392 -1.8354 1.0107, -1.1485 0.9992 1.0014, -1.1485 -1.8354 1.0014, -1.1556 0.9992 0.9902, -1.1556 -1.8354 0.9902, -1.1599 0.9992 0.9777, -1.1599 -1.8354 0.9777, -1.1614 0.9992 0.9646, -1.1614 -1.8354 0.9646
            ]
        }
        coordIndex [
            0,1,2,-1,2,1,3,-1,2,3,4,-1,4,3,5,-1,4,5,6,-1,6,5,7,-1,6,7,8,-1,8,7,9,-1,8,9,10,-1,10,9,11,-1,10,11,12,-1,12,11,13,-1,12,13,14,-1,14,13,15,-1,
        ]
    }
}
Shape{
    appearance Appearance {
        material  Material 	{
            diffuseColor 0.9686274509803922 0.8784313725490196 0.6
            specularColor 0.6784313725490196 0.615686274509804 0.4196078431372549
            ambientIntensity 0.8737
            transparency 0.0
            shininess 0.5
        }
    }
    geometry IndexedFaceSet {
        ccw TRUE
        solid FALSE
        coord DEF co Coordinate {
            point [
                0.3602 0.3102 0.4528, 0.2697 0.3102 0.4528, 0.3602 0.3255 0.4507, 0.2697 0.3255 0.4507, 0.3602 0.3398 0.4448, 0.2697 0.3398 0.4448, 0.3602 0.352 0.4355, 0.2697 0.352 0.4355, 0.3602 0.3614 0.4232, 0.2697 0.3614 0.4232, 0.3602 0.3673 0.409, 0.2697 0.3673 0.409, 0.3602 0.3693 0.3937, 0.2697 0.3693 0.3937
            ]
        }
        coordIndex [
            0,1,2,-1,2,1,3,-1,2,3,4,-1,4,3,5,-1,4,5,6,-1,6,5,7,-1,6,7,8,-1,8,7,9,-1,8,9,10,-1,10,9,11,-1,10,11,12,-1,12,11,13,-1,
        ]
    }
}
Shape{
    appearance Appearance {
        material  Material 	{
            diffuseColor 0.6666666666666666 0.6980392156862745 0.7686274509803922
            specularColor 0.3333333333333333 0.34901960784313724 0.3843137254901961
            ambientIntensity 0.6967
            transparency 0.0
            shininess 0.5
        }
    }
    geometry IndexedFaceSet {
        ccw TRUE
        solid FALSE
        coord DEF co Coordinate {
            point [
                -1.1752 0.6843 0.5787, -1.2795 0.6843 0.5787, -1.1752 0.6977 0.5772, -1.2795 0.6995 0.5767, -1.1614 0.6977 0.5772, -1.1614 0.6995 0.5767, -1.1614 0.7138 0.5708, -1.2795 0.7138 0.5708, -1.1614 0.726 0.5614, -1.2795 0.726 0.5614, -1.1614 0.7354 0.5492, -1.2795 0.7354 0.5492, -1.1614 0.7413 0.535, -1.2795 0.7413 0.535, -1.1614 0.7433 0.5197, -1.2795 0.7433 0.5197
            ]
        }
        coordIndex [
            0,1,2,-1,2,1,3,-1,4,2,5,-1,5,2,3,-1,5,3,6,-1,6,3,7,-1,6,7,8,-1,8,7,9,-1,8,9,10,-1,10,9,11,-1,10,11,12,-1,12,11,13,-1,12,13,14,-1,14,13,15,-1,
        ]
    }
}
Shape{
    appearance Appearance {
        material  Material 	{
            diffuseColor 0.2235294117647059 0.2235294117647059 0.2235294117647059
            specularColor 0.11372549019607843 0.11372549019607843 0.11372549019607843
            ambientIntensity 0.2235
            transparency 0.0
            shininess 0.5
        }
    }
    geometry IndexedFaceSet {
        ccw TRUE
        solid FALSE
        coord DEF co Coordinate {
            point [
                0.2756 0.4396 1.0157, 0.1969 0.6168 1.0157, -0.2756 0.4396 1.0157, -0.1969 0.6168 1.0157, 0.1969 0.6364 1.0157, 0.4331 0.6364 1.0157, 0.4331 -0.2134 1.0157, 0.2756 -0.0591 1.0157, 0.2756 -0.2134 1.0157, -0.1969 0.6364 1.0157, -0.4331 0.6364 1.0157, -0.2756 -0.0591 1.0157, -0.4331 -0.2134 1.0157, -0.2756 -0.2134 1.0157
            ]
        }
        coordIndex [
            0,1,2,-1,2,1,3,-1,4,1,5,-1,5,1,0,-1,5,0,6,-1,6,0,7,-1,6,7,8,-1,3,9,2,-1,2,9,10,-1,2,10,11,-1,11,10,12,-1,11,12,13,-1,
        ]
    }
}
Shape{
    appearance Appearance {
        material  Material 	{
            diffuseColor 0.9686274509803922 0.8784313725490196 0.6
            specularColor 0.6784313725490196 0.615686274509804 0.4196078431372549
            ambientIntensity 0.8737
            transparency 0.0
            shininess 0.5
        }
    }
    geometry IndexedFaceSet {
        ccw TRUE
        solid FALSE
        coord DEF co Coordinate {
            point [
                0.2913 -1.1079 0.4528, 0.2913 -1.1079 0.4606, 0.2912 -1.1069 0.4528, 0.2912 -1.1069 0.4606, 0.2908 -1.1059 0.4528, 0.2908 -1.1059 0.4606, 0.2902 -1.1051 0.4528, 0.2902 -1.1051 0.4606
            ]
        }
        coordIndex [
            0,1,2,-1,2,1,3,-1,2,3,4,-1,4,3,5,-1,4,5,6,-1,6,5,7,-1,
        ]
    }
}
Shape{
    appearance Appearance {
        material  Material 	{
            diffuseColor 0.6666666666666666 0.6980392156862745 0.7686274509803922
            specularColor 0.3333333333333333 0.34901960784313724 0.3843137254901961
            ambientIntensity 0.6967
            transparency 0.0
            shininess 0.5
        }
    }
    geometry IndexedFaceSet {
        ccw TRUE
        solid FALSE
        coord DEF co Coordinate {
            point [
                0.8971 -1.1999 1.1417, 0.9462 -0.7582 1.1417, 0.8971 -1.1999 1.0236, 0.9462 -0.7582 1.0236, 0.8858 0.6055 0.0, 0.8858 0.6055 0.1181, 1.0827 0.6055 0.0, 1.0827 0.6055 0.1181, 1.1336 0.6055 0.0067, 1.1002 0.6055 0.1201, 1.1811 0.6055 0.0264, 1.1168 0.6055 0.1259, 1.2219 0.6055 0.0577, 1.1614 0.6055 0.5197, 1.2795 0.6055 0.5197, 1.1614 0.6055 0.1969, 1.2795 0.6055 0.1969, 1.1594 0.6055 0.1793, 1.2728 0.6055 0.1459, 1.1536 0.6055 0.1627, 1.2532 0.6055 0.0984, 1.1442 0.6055 0.1478, 1.1318 0.6055 0.1353
            ]
        }
        coordIndex [
            0,1,2,-1,2,1,3,-1,4,5,6,-1,6,5,7,-1,6,7,8,-1,8,7,9,-1,8,9,10,-1,10,9,11,-1,10,11,12,-1,13,14,15,-1,15,14,16,-1,15,16,17,-1,17,16,18,-1,17,18,19,-1,19,18,20,-1,19,20,21,-1,21,20,12,-1,21,12,22,-1,22,12,11,-1,
        ]
    }
}
Shape{
    appearance Appearance {
        material  Material 	{
            diffuseColor 0.2235294117647059 0.2235294117647059 0.2235294117647059
            specularColor 0.11372549019607843 0.11372549019607843 0.11372549019607843
            ambientIntensity 0.2235
            transparency 0.0
            shininess 0.5
        }
    }
    geometry IndexedFaceSet {
        ccw TRUE
        solid FALSE
        coord DEF co Coordinate {
            point [
                -1.1752 1.0583 0.5772, -1.1752 1.013 0.5772, -1.1752 1.0583 0.7347, -1.1752 1.013 0.7347
            ]
        }
        coordIndex [
            0,1,2,-1,2,1,3,-1,
        ]
    }
}
Shape{
    appearance Appearance {
        material  Material 	{
            diffuseColor 0.9686274509803922 0.8784313725490196 0.6
            specularColor 0.6784313725490196 0.615686274509804 0.4196078431372549
            ambientIntensity 0.8737
            transparency 0.0
            shininess 0.5
        }
    }
    geometry IndexedFaceSet {
        ccw TRUE
        solid FALSE
        coord DEF co Coordinate {
            point [
                -1.1417 0.2709 0.7347, -1.1417 -0.2213 0.7347, -1.1417 0.2709 0.9291, -1.1417 -0.2213 0.9291, 0.1831 0.6055 0.0, 0.1831 0.4874 0.0, 0.1319 0.6055 0.0, 0.1319 0.4874 0.0, 0.0531 1.0542 0.0, 0.0433 1.0542 0.0098, 0.1043 1.0542 0.0, 0.0433 1.0542 0.0591, 0.1142 1.0542 0.0098, 0.1142 1.0542 0.0591, -0.2697 0.271 0.5118, -0.2697 0.3102 0.5118, -0.315 0.271 0.5118, -0.3602 0.3102 0.5118, -0.3602 0.271 0.5118, -0.2126 -1.1228 0.685, -0.2126 -1.1228 0.6811, -0.2126 -1.1079 0.6811, -0.2126 -1.1079 0.689, -0.2126 -1.2107 0.689, -0.2126 -1.2278 0.685, -0.2126 -1.2195 0.688, -0.1142 1.0542 0.0591, -0.1142 0.9417 0.0591, -0.0433 1.0542 0.0591, -0.0433 0.9417 0.0591, 0.2717 0.8715 0.0231, 0.2717 0.8553 0.0376, 0.2008 0.8715 0.0231, 0.2008 0.8553 0.0376, 0.2717 0.8945 0.0098, 0.2008 0.8945 0.0098, 0.2716 0.8946 0.0098, 0.2008 0.8946 0.0098, 0.207 0.9128 0.0036, 0.2106 0.9417 0.0, 0.2618 0.9417 0.0, 0.21 0.9321 0.0004, 0.2635 0.922 0.0017, 0.2081 0.92 0.0024, 0.264 0.92 0.0021, 0.2684 0.9033 0.0064, 0.7323 -1.1228 0.685, 0.7323 -1.1228 0.6811, 0.7323 -1.1079 0.6811, 0.7323 -1.1079 0.689, 0.7323 -1.2107 0.689, 0.7323 -1.2278 0.685, 0.7323 -1.2195 0.688, 0.2008 0.7928 0.1046, 0.2717 0.7928 0.1046, 0.2815 0.7812 0.117, 0.1909 0.7812 0.117, 0.2815 0.6766 0.2292, 0.1909 0.6766 0.2292
            ]
        }
        coordIndex [
            0,1,2,-1,2,1,3,-1,4,5,6,-1,6,5,7,-1,8,9,10,-1,10,9,11,-1,10,11,12,-1,12,11,13,-1,14,15,16,-1,16,15,17,-1,16,17,18,-1,19,20,21,-1,21,22,19,-1,19,22,23,-1,19,23,24,-1,24,23,25,-1,26,27,28,-1,28,27,29,-1,30,31,32,-1,32,31,33,-1,30,32,34,-1,34,32,35,-1,34,35,36,-1,36,35,37,-1,36,37,38,-1,39,40,41,-1,41,40,42,-1,41,42,43,-1,43,42,44,-1,43,44,38,-1,38,44,45,-1,38,45,36,-1,46,47,48,-1,48,49,46,-1,46,49,50,-1,46,50,51,-1,51,50,52,-1,53,33,31,-1,31,54,53,-1,53,54,55,-1,53,55,56,-1,56,55,57,-1,56,57,58,-1,
        ]
    }
}
Shape{
    appearance Appearance {
        material  Material 	{
            diffuseColor 0.6666666666666666 0.6980392156862745 0.7686274509803922
            specularColor 0.3333333333333333 0.34901960784313724 0.3843137254901961
            ambientIntensity 0.6967
            transparency 0.0
            shininess 0.5
        }
    }
    geometry IndexedFaceSet {
        ccw TRUE
        solid FALSE
        coord DEF co Coordinate {
            point [
                -0.4218 -1.4713 1.0107, -0.4218 -1.4046 1.1081, -0.4229 -1.4154 1.1156, -0.5006 -1.5013 1.1062, -0.5006 -1.5363 1.0552, -0.4874 -1.4997 1.1065, -0.4874 -1.535 1.0543, -0.4864 -1.4996 1.1065, -0.483 -1.5346 1.0541, -0.4689 -1.5305 1.0513, -0.4522 -1.5225 1.0457, -0.4523 -1.4778 1.1106, -0.4615 -1.4868 1.1089, -0.4664 -1.5298 1.0508, -0.4689 -1.4916 1.108, -0.4744 -1.4952 1.1074, -0.4515 -1.5221 1.0455, -0.439 -1.5118 1.0384, -0.4483 -1.4738 1.1114, -0.4385 -1.5112 1.038, -0.4384 -1.4591 1.1141, -0.4377 -1.458 1.1143, -0.4287 -1.4974 1.0286, -0.4294 -1.4388 1.1179, -0.4286 -1.4359 1.1185, -0.4296 -1.4995 1.03, -0.4251 -1.4231 1.1208, -0.4238 -1.4857 1.0206, -0.4233 -1.4821 1.0181
            ]
        }
        coordIndex [
            0,1,2,-1,3,4,5,-1,5,4,6,-1,5,6,7,-1,7,6,8,-1,7,8,9,-1,10,11,12,-1,10,12,13,-1,13,12,14,-1,13,14,9,-1,9,14,15,-1,9,15,7,-1,10,16,11,-1,11,16,17,-1,11,17,18,-1,18,17,19,-1,18,19,20,-1,21,22,23,-1,23,22,24,-1,20,19,21,-1,21,19,25,-1,21,25,22,-1,24,22,26,-1,26,22,27,-1,26,27,2,-1,2,27,28,-1,2,28,0,-1,
        ]
    }
}
Shape{
    appearance Appearance {
        material  Material 	{
            diffuseColor 0.2235294117647059 0.2235294117647059 0.2235294117647059
            specularColor 0.11372549019607843 0.11372549019607843 0.11372549019607843
            ambientIntensity 0.2235
            transparency 0.0
            shininess 0.5
        }
    }
    geometry IndexedFaceSet {
        ccw TRUE
        solid FALSE
        coord DEF co Coordinate {
            point [
                -0.6982 0.6364 0.7949, -0.1969 0.6364 0.7949, -0.1969 0.6168 0.7949, 0.1969 0.6168 0.7949, 0.5512 0.271 0.7949, 0.4724 0.271 0.7949, 0.6982 1.0583 0.7949, 0.8508 1.0583 0.7949, 0.6982 0.6364 0.7949, 0.8233 0.271 0.7949, 0.7146 0.271 0.7949, 0.3937 0.271 0.7949, 0.315 0.271 0.7949, 0.2362 0.271 0.7949, 0.1969 0.6364 0.7949, 0.6299 0.271 0.7949, 0.0787 0.271 0.7949, 0.0 0.271 0.7949, -0.0787 0.271 0.7949, -0.2362 0.271 0.7949, -0.315 0.271 0.7949, -0.3937 0.271 0.7949, -0.8508 1.0583 0.7949, -0.6982 1.0583 0.7949, -0.8233 0.271 0.7949, -0.5512 0.271 0.7949, -0.4724 0.271 0.7949, 1.1417 -0.2213 0.7347, 1.1417 -0.2213 0.9291, 1.1024 -0.2606 0.9291, 1.1024 -0.2606 0.4556, 1.1417 -0.2213 0.4556, 1.1417 -0.2213 0.5772, 1.1516 -0.2114 0.5772, 1.1516 -0.2114 0.7347
            ]
        }
        coordIndex [
            0,1,2,-1,3,4,5,-1,6,7,8,-1,8,7,9,-1,8,9,10,-1,5,11,3,-1,3,11,12,-1,3,12,13,-1,3,14,4,-1,4,14,8,-1,4,8,15,-1,15,8,10,-1,13,16,3,-1,3,16,17,-1,3,17,2,-1,2,17,18,-1,18,19,2,-1,2,19,20,-1,2,20,21,-1,22,23,24,-1,24,23,0,-1,24,0,25,-1,25,0,2,-1,25,2,26,-1,26,2,21,-1,27,28,29,-1,30,31,32,-1,33,34,32,-1,32,34,27,-1,32,27,30,-1,30,27,29,-1,
        ]
    }
}
Shape{
    appearance Appearance {
        material  Material 	{
            diffuseColor 0.9686274509803922 0.8784313725490196 0.6
            specularColor 0.6784313725490196 0.615686274509804 0.4196078431372549
            ambientIntensity 0.8737
            transparency 0.0
            shininess 0.5
        }
    }
    geometry IndexedFaceSet {
        ccw TRUE
        solid FALSE
        coord DEF co Coordinate {
            point [
                -0.4173 -1.1079 0.6811, -0.4173 -1.1079 0.689, -0.4175 -1.1069 0.6811, -0.4175 -1.1069 0.689, -0.4179 -1.1059 0.6811, -0.4179 -1.1059 0.689, -0.4185 -1.1051 0.6811, -0.4185 -1.1051 0.689
            ]
        }
        coordIndex [
            0,1,2,-1,2,1,3,-1,2,3,4,-1,4,3,5,-1,4,5,6,-1,6,5,7,-1,
        ]
    }
}
Shape{
    appearance Appearance {
        material  Material 	{
            diffuseColor 0.6666666666666666 0.6980392156862745 0.7686274509803922
            specularColor 0.3333333333333333 0.34901960784313724 0.3843137254901961
            ambientIntensity 0.6967
            transparency 0.0
            shininess 0.5
        }
    }
    geometry IndexedFaceSet {
        ccw TRUE
        solid FALSE
        coord DEF co Coordinate {
            point [
                0.8486 -1.8945 0.0, 0.8486 -1.3236 0.0, 0.8843 -1.3236 0.0036, 0.8843 -1.8945 0.0036, 0.9186 -1.3236 0.0144, 0.9186 -1.8945 0.0144, 0.95 -1.3236 0.0319, 0.95 -1.8945 0.0319, 0.9772 -1.3236 0.0553, 0.9772 -1.8945 0.0553
            ]
        }
        coordIndex [
            0,1,2,-1,0,2,3,-1,3,2,4,-1,3,4,5,-1,5,4,6,-1,5,6,7,-1,7,6,8,-1,7,8,9,-1,
        ]
    }
}
Shape{
    appearance Appearance {
        material  Material 	{
            diffuseColor 0.9686274509803922 0.8784313725490196 0.6
            specularColor 0.6784313725490196 0.615686274509804 0.4196078431372549
            ambientIntensity 0.8737
            transparency 0.0
            shininess 0.5
        }
    }
    geometry IndexedFaceSet {
        ccw TRUE
        solid FALSE
        coord DEF co Coordinate {
            point [
                -1.1752 0.6511 0.5772, -1.1752 0.6514 0.5773, -1.1752 0.6977 0.5772, -1.1752 0.6646 0.5787, -1.1752 0.6843 0.5787
            ]
        }
        coordIndex [
            0,1,2,-1,2,1,3,-1,2,3,4,-1,
        ]
    }
}
Shape{
    appearance Appearance {
        material  Material 	{
            diffuseColor 0.6666666666666666 0.6980392156862745 0.7686274509803922
            specularColor 0.3333333333333333 0.34901960784313724 0.3843137254901961
            ambientIntensity 0.6967
            transparency 0.0
            shininess 0.5
        }
    }
    geometry IndexedFaceSet {
        ccw TRUE
        solid FALSE
        coord DEF co Coordinate {
            point [
                0.2362 0.2504 1.0236, 0.2362 0.2504 1.1417, 0.2362 0.2319 1.0236, 0.2362 0.2319 1.1417, 0.2362 0.2234 1.0227, 0.2362 0.1979 1.138, 0.2362 0.2153 1.0199, 0.2362 0.1654 1.127, 0.2362 0.0925 0.9626, 0.2362 -0.002 1.0489, 0.2362 0.0404 0.9581
            ]
        }
        coordIndex [
            0,1,2,-1,2,1,3,-1,2,3,4,-1,4,3,5,-1,4,5,6,-1,6,5,7,-1,6,7,8,-1,8,7,9,-1,8,9,10,-1,
        ]
    }
}
Shape{
    appearance Appearance {
        material  Material 	{
            diffuseColor 0.9686274509803922 0.8784313725490196 0.6
            specularColor 0.6784313725490196 0.615686274509804 0.4196078431372549
            ambientIntensity 0.8737
            transparency 0.0
            shininess 0.5
        }
    }
    geometry IndexedFaceSet {
        ccw TRUE
        solid FALSE
        coord DEF co Coordinate {
            point [
                0.6732 0.9181 0.064, 0.6732 0.8945 0.0098, 0.6732 0.9076 0.0699, 0.6732 0.8715 0.0231, 0.6732 0.8985 0.0778, 0.6732 0.8553 0.0376, 0.6732 0.836 0.1448, 0.6732 0.7928 0.1046, 0.6732 1.0542 0.0591, 0.6732 1.0542 0.0098, 0.6732 0.9417 0.0591, 0.6732 0.9296 0.0603, -0.0354 0.6055 0.0591, -0.0354 0.4874 0.0591, 0.0354 0.6055 0.0591, 0.0354 0.4874 0.0591, 0.1024 -1.1228 0.685, 0.1024 -1.1228 0.6811, 0.1024 -1.1079 0.6811, 0.1024 -1.1079 0.689, 0.1024 -1.2107 0.689, 0.1024 -1.2278 0.685, 0.1024 -1.2195 0.688
            ]
        }
        coordIndex [
            0,1,2,-1,2,1,3,-1,2,3,4,-1,4,3,5,-1,4,5,6,-1,6,5,7,-1,8,9,10,-1,10,9,1,-1,10,1,11,-1,11,1,0,-1,12,13,14,-1,14,13,15,-1,16,17,18,-1,18,19,16,-1,16,19,20,-1,16,20,21,-1,21,20,22,-1,
        ]
    }
}
Shape{
    appearance Appearance {
        material  Material 	{
            diffuseColor 0.6666666666666666 0.6980392156862745 0.7686274509803922
            specularColor 0.3333333333333333 0.34901960784313724 0.3843137254901961
            ambientIntensity 0.6967
            transparency 0.0
            shininess 0.5
        }
    }
    geometry IndexedFaceSet {
        ccw TRUE
        solid FALSE
        coord DEF co Coordinate {
            point [
                1.2598 -0.7626 0.1181, 1.2598 -0.7626 0.0, 1.2582 -0.7499 0.0, 1.2582 -0.7499 0.1181, 1.2532 -0.738 0.0, 1.2532 -0.738 0.1181, 1.2454 -0.7278 0.0, 1.2454 -0.7278 0.1181, 1.2352 -0.72 0.0, 1.2352 -0.72 0.1181, 1.2234 -0.7151 0.0, 1.2234 -0.7151 0.1181, 1.2106 -0.7134 0.0, 1.2106 -0.7134 0.1181
            ]
        }
        coordIndex [
            0,1,2,-1,0,2,3,-1,3,2,4,-1,3,4,5,-1,5,4,6,-1,5,6,7,-1,7,6,8,-1,7,8,9,-1,9,8,10,-1,9,10,11,-1,11,10,12,-1,11,12,13,-1,
        ]
    }
}
Shape{
    appearance Appearance {
        material  Material 	{
            diffuseColor 0.9686274509803922 0.8784313725490196 0.6
            specularColor 0.6784313725490196 0.615686274509804 0.4196078431372549
            ambientIntensity 0.8737
            transparency 0.0
            shininess 0.5
        }
    }
    geometry IndexedFaceSet {
        ccw TRUE
        solid FALSE
        coord DEF co Coordinate {
            point [
                0.0236 -1.1079 0.4606, 0.0236 -1.1228 0.4606, 0.0236 -1.1079 0.4528, 0.0236 -1.1228 0.4567, 0.0236 -1.2107 0.4528, 0.0236 -1.2278 0.4567, 0.0236 -1.2195 0.4538, 0.6007 0.4586 0.0036, 0.5945 0.4402 0.0098, 0.5945 0.6055 0.0098, 0.6043 0.6055 0.0, 0.6043 0.4874 0.0, 0.6037 0.4778 0.0004, 0.6021 0.4677 0.0021, 1.1614 0.015 0.7347, 1.1516 0.015 0.7347, 1.1614 0.015 0.5772, 1.1516 0.015 0.5772
            ]
        }
        coordIndex [
            0,1,2,-1,2,1,3,-1,2,3,4,-1,4,3,5,-1,4,5,6,-1,7,8,9,-1,9,10,11,-1,11,12,9,-1,9,12,13,-1,9,13,7,-1,14,15,16,-1,16,15,17,-1,
        ]
    }
}
Shape{
    appearance Appearance {
        material  Material 	{
            diffuseColor 0.6666666666666666 0.6980392156862745 0.7686274509803922
            specularColor 0.3333333333333333 0.34901960784313724 0.3843137254901961
            ambientIntensity 0.6967
            transparency 0.0
            shininess 0.5
        }
    }
    geometry IndexedFaceSet {
        ccw TRUE
        solid FALSE
        coord DEF co Coordinate {
            point [
                0.0984 -1.1825 0.0197, 0.0984 -1.1825 0.0, 0.0984 -1.0677 0.0197, 0.0984 -1.0677 0.0
            ]
        }
        coordIndex [
            0,1,2,-1,2,1,3,-1,
        ]
    }
}
Shape{
    appearance Appearance {
        material  Material 	{
            diffuseColor 0.9686274509803922 0.8784313725490196 0.6
            specularColor 0.6784313725490196 0.615686274509804 0.4196078431372549
            ambientIntensity 0.8737
            transparency 0.0
            shininess 0.5
        }
    }
    geometry IndexedFaceSet {
        ccw TRUE
        solid FALSE
        coord DEF co Coordinate {
            point [
                0.1122 0.271 0.4528, 0.1122 0.271 0.5118, 0.1122 0.3102 0.4528, 0.1122 0.3102 0.5118, 0.1122 0.3255 0.4507, 0.1122 0.3408 0.5078, 0.1122 0.3398 0.4448, 0.1122 0.3693 0.496, 0.1122 0.352 0.4355, 0.1122 0.3938 0.4772, 0.1122 0.3614 0.4232, 0.1122 0.4125 0.4528, 0.1122 0.3673 0.409, 0.1122 0.4243 0.4243, 0.1122 0.3693 0.3937, 0.1122 0.4283 0.3937, 0.1122 0.3693 0.2375, 0.1122 0.4283 0.2375
            ]
        }
        coordIndex [
            0,1,2,-1,2,1,3,-1,2,3,4,-1,4,3,5,-1,4,5,6,-1,6,5,7,-1,6,7,8,-1,8,7,9,-1,8,9,10,-1,10,9,11,-1,10,11,12,-1,12,11,13,-1,12,13,14,-1,14,13,15,-1,14,15,16,-1,16,15,17,-1,
        ]
    }
}
Shape{
    appearance Appearance {
        material  Material 	{
            diffuseColor 0.6666666666666666 0.6980392156862745 0.7686274509803922
            specularColor 0.3333333333333333 0.34901960784313724 0.3843137254901961
            ambientIntensity 0.6967
            transparency 0.0
            shininess 0.5
        }
    }
    geometry IndexedFaceSet {
        ccw TRUE
        solid FALSE
        coord DEF co Coordinate {
            point [
                0.1785 0.5721 1.1081, 0.1784 0.5721 1.0572, 0.1773 0.578 1.063, 0.1772 0.5819 1.063, 0.1772 0.5819 1.1024, 0.1773 0.578 1.1024, 0.1797 0.5648 1.05, 0.1805 0.5624 1.1176, 0.1827 0.5583 1.0435, 0.1825 0.5582 1.1217, 0.1862 0.5505 1.0358, 0.1868 0.5495 1.1304, 0.19 0.5459 1.0311, 0.1899 0.5458 1.1342, 0.1961 0.5386 1.0236, 0.1961 0.5386 1.1417, 0.1999 0.5353 1.1417, 0.2362 0.5228 1.1417, 0.2362 0.5228 1.0236, 0.2263 0.5237 1.1417, 0.2263 0.5237 1.0236, 0.2124 0.5279 1.1417, 0.2124 0.5279 1.0236, 0.1999 0.5353 1.0236
            ]
        }
        coordIndex [
            0,1,2,-1,3,4,2,-1,2,4,5,-1,2,5,0,-1,1,0,6,-1,6,0,7,-1,6,7,8,-1,8,7,9,-1,8,9,10,-1,10,9,11,-1,10,11,12,-1,12,11,13,-1,12,13,14,-1,14,13,15,-1,14,15,16,-1,17,18,19,-1,19,18,20,-1,19,20,21,-1,21,20,22,-1,21,22,16,-1,16,22,23,-1,16,23,14,-1,
        ]
    }
}
Shape{
    appearance Appearance {
        material  Material 	{
            diffuseColor 0.9686274509803922 0.8784313725490196 0.6
            specularColor 0.6784313725490196 0.615686274509804 0.4196078431372549
            ambientIntensity 0.8737
            transparency 0.0
            shininess 0.5
        }
    }
    geometry IndexedFaceSet {
        ccw TRUE
        solid FALSE
        coord DEF co Coordinate {
            point [
                -0.6733 0.8946 0.0098, -0.6765 0.9033 0.0064, -0.6809 0.92 0.0021, -0.6831 0.9417 0.0, -0.6831 1.0542 0.0, -0.6732 1.0542 0.0098, -0.6732 0.8945 0.0098, -0.6814 0.922 0.0017
            ]
        }
        coordIndex [
            0,1,2,-1,3,4,5,-1,5,6,0,-1,0,2,5,-1,5,2,7,-1,5,7,3,-1,
        ]
    }
}
Shape{
    appearance Appearance {
        material  Material 	{
            diffuseColor 0.6666666666666666 0.6980392156862745 0.7686274509803922
            specularColor 0.3333333333333333 0.34901960784313724 0.3843137254901961
            ambientIntensity 0.6967
            transparency 0.0
            shininess 0.5
        }
    }
    geometry IndexedFaceSet {
        ccw TRUE
        solid FALSE
        coord DEF co Coordinate {
            point [
                -0.3431 -1.6684 1.0236, -0.3431 -1.6684 1.1417, -0.3278 -1.6664 1.0236, -0.3278 -1.6664 1.1417, -0.3136 -1.6605 1.0236, -0.3136 -1.6605 1.1417, -0.3013 -1.6511 1.0236, -0.3013 -1.6511 1.1417, -0.2919 -1.6389 1.0236, -0.2919 -1.6389 1.1417, -0.286 -1.6247 1.0236, -0.286 -1.6247 1.1417, -0.284 -1.6094 1.0236, -0.284 -1.6094 1.1417
            ]
        }
        coordIndex [
            0,1,2,-1,2,1,3,-1,2,3,4,-1,4,3,5,-1,4,5,6,-1,6,5,7,-1,6,7,8,-1,8,7,9,-1,8,9,10,-1,10,9,11,-1,10,11,12,-1,12,11,13,-1,
        ]
    }
}
Shape{
    appearance Appearance {
        material  Material 	{
            diffuseColor 0.9686274509803922 0.8784313725490196 0.6
            specularColor 0.6784313725490196 0.615686274509804 0.4196078431372549
            ambientIntensity 0.8737
            transparency 0.0
            shininess 0.5
        }
    }
    geometry IndexedFaceSet {
        ccw TRUE
        solid FALSE
        coord DEF co Coordinate {
            point [
                0.5945 0.4283 0.1181, 0.6654 0.4283 0.1181, 0.5945 0.4298 0.105, 0.6654 0.4298 0.105, 0.5945 0.4342 0.0925, 0.6654 0.4342 0.0925, 0.5945 0.4412 0.0813, 0.6654 0.4412 0.0813, 0.5945 0.4506 0.0719, 0.6654 0.4506 0.0719, 0.5945 0.4618 0.0649, 0.6654 0.4618 0.0649, 0.5945 0.4743 0.0605, 0.6654 0.4743 0.0605, 0.5945 0.4874 0.0591, 0.6654 0.4874 0.0591
            ]
        }
        coordIndex [
            0,1,2,-1,2,1,3,-1,2,3,4,-1,4,3,5,-1,4,5,6,-1,6,5,7,-1,6,7,8,-1,8,7,9,-1,8,9,10,-1,10,9,11,-1,10,11,12,-1,12,11,13,-1,12,13,14,-1,14,13,15,-1,
        ]
    }
}
Shape{
    appearance Appearance {
        material  Material 	{
            diffuseColor 0.6666666666666666 0.6980392156862745 0.7686274509803922
            specularColor 0.3333333333333333 0.34901960784313724 0.3843137254901961
            ambientIntensity 0.6967
            transparency 0.0
            shininess 0.5
        }
    }
    geometry IndexedFaceSet {
        ccw TRUE
        solid FALSE
        coord DEF co Coordinate {
            point [
                0.3031 0.2504 1.0236, 0.3031 0.2504 1.1417, 0.2362 0.2504 1.0236, 0.2362 0.2504 1.1417, 1.1286 -1.8945 1.0797, 1.1024 -1.8945 1.0827, 1.1024 -1.8354 1.0236, 1.1155 -1.8354 1.0221, 1.1176 -1.8354 1.0214, 1.1536 -1.8945 1.071, 1.128 -1.8354 1.0178, 1.1317 -1.8354 1.0154, 1.176 -1.8945 1.0569, 1.1392 -1.8354 1.0107, 1.1439 -1.8354 1.0061, 1.1947 -1.8945 1.0382, 1.1485 -1.8354 1.0014, 1.1532 -1.8354 0.9939, 1.2088 -1.8945 1.0158, 1.1614 -1.8354 0.9646, 1.2205 -1.8945 0.9646, 1.1599 -1.8354 0.9777, 1.2175 -1.8945 0.9908, 1.1592 -1.8354 0.9798, 1.1556 -1.8354 0.9902
            ]
        }
        coordIndex [
            0,1,2,-1,2,1,3,-1,4,5,6,-1,6,7,4,-1,4,7,8,-1,4,8,9,-1,8,10,9,-1,9,10,11,-1,9,11,12,-1,11,13,12,-1,12,13,14,-1,12,14,15,-1,14,16,15,-1,15,16,17,-1,15,17,18,-1,19,20,21,-1,21,20,22,-1,21,22,23,-1,23,22,18,-1,23,18,24,-1,24,18,17,-1,
        ]
    }
}
Shape{
    appearance Appearance {
        material  Material 	{
            diffuseColor 0.9686274509803922 0.8784313725490196 0.6
            specularColor 0.6784313725490196 0.615686274509804 0.4196078431372549
            ambientIntensity 0.8737
            transparency 0.0
            shininess 0.5
        }
    }
    geometry IndexedFaceSet {
        ccw TRUE
        solid FALSE
        coord DEF co Coordinate {
            point [
                -0.054 -1.1051 0.689, -0.054 -1.1051 0.6811, -0.0394 -1.0905 0.689, -0.0394 -1.0905 0.6811, -0.0236 -1.1228 0.4567, -0.0236 -1.1228 0.4606, -0.0236 -1.1079 0.4606, -0.0236 -1.1079 0.4528, -0.0236 -1.2107 0.4528, -0.0236 -1.2278 0.4567, -0.0236 -1.2195 0.4538, -0.2815 0.8244 0.1573, -0.2815 0.7812 0.117, -0.2815 0.7198 0.2695, -0.2815 0.6766 0.2292, -0.2815 0.7112 0.2814, -0.2815 0.6594 0.253, -0.2815 0.7058 0.2951, -0.2815 0.6486 0.2805, -0.2815 0.7039 0.3097, -0.2815 0.6449 0.3097, -0.2815 0.7039 0.5709, -0.2815 0.6449 0.5709, -0.2815 0.6999 0.6014, -0.2815 0.6429 0.5862, -0.2815 0.6881 0.6299, -0.2815 0.637 0.6004, -0.2815 0.6693 0.6544, -0.2815 0.6276 0.6126, -0.2815 0.6449 0.6732, -0.2815 0.6154 0.622, -0.2815 0.6164 0.685, -0.2815 0.6011 0.6279, -0.2815 0.5858 0.689, -0.2815 0.5858 0.6299, -0.2815 0.271 0.689, -0.2815 0.271 0.6299
            ]
        }
        coordIndex [
            0,1,2,-1,2,1,3,-1,4,5,6,-1,6,7,4,-1,4,7,8,-1,4,8,9,-1,9,8,10,-1,11,12,13,-1,13,12,14,-1,13,14,15,-1,15,14,16,-1,15,16,17,-1,17,16,18,-1,17,18,19,-1,19,18,20,-1,19,20,21,-1,21,20,22,-1,21,22,23,-1,23,22,24,-1,23,24,25,-1,25,24,26,-1,25,26,27,-1,27,26,28,-1,27,28,29,-1,29,28,30,-1,29,30,31,-1,31,30,32,-1,31,32,33,-1,33,32,34,-1,33,34,35,-1,35,34,36,-1,
        ]
    }
}
Shape{
    appearance Appearance {
        material  Material 	{
            diffuseColor 0.6666666666666666 0.6980392156862745 0.7686274509803922
            specularColor 0.3333333333333333 0.34901960784313724 0.3843137254901961
            ambientIntensity 0.6967
            transparency 0.0
            shininess 0.5
        }
    }
    geometry IndexedFaceSet {
        ccw TRUE
        solid FALSE
        coord DEF co Coordinate {
            point [
                1.1024 -1.8354 1.0236, 1.1024 0.9992 1.0236, 1.1155 -1.8354 1.0221, 1.1155 0.9992 1.0221, 1.1176 -1.8354 1.0214, 1.1176 0.9992 1.0214, 1.128 -1.8354 1.0178, 1.128 0.9992 1.0178, 1.1317 -1.8354 1.0154, 1.1317 0.9992 1.0154, 1.1392 -1.8354 1.0107, 1.1392 0.9992 1.0107, 1.1439 -1.8354 1.0061, 1.1439 0.9992 1.0061, 1.1485 -1.8354 1.0014, 1.1485 0.9992 1.0014, 1.1532 -1.8354 0.9939, 1.1532 0.9992 0.9939, 1.1556 -1.8354 0.9902, 1.1556 0.9992 0.9902, 1.1592 -1.8354 0.9798, 1.1592 0.9992 0.9798, 1.1599 -1.8354 0.9777, 1.1599 0.9992 0.9777, 1.1614 -1.8354 0.9646, 1.1614 0.9992 0.9646
            ]
        }
        coordIndex [
            0,1,2,-1,2,1,3,-1,2,3,4,-1,4,3,5,-1,4,5,6,-1,6,5,7,-1,6,7,8,-1,8,7,9,-1,8,9,10,-1,10,9,11,-1,10,11,12,-1,12,11,13,-1,12,13,14,-1,14,13,15,-1,14,15,16,-1,16,15,17,-1,16,17,18,-1,18,17,19,-1,18,19,20,-1,20,19,21,-1,20,21,22,-1,22,21,23,-1,22,23,24,-1,24,23,25,-1,
        ]
    }
}
Shape{
    appearance Appearance {
        material  Material 	{
            diffuseColor 0.9686274509803922 0.8784313725490196 0.6
            specularColor 0.6784313725490196 0.615686274509804 0.4196078431372549
            ambientIntensity 0.8737
            transparency 0.0
            shininess 0.5
        }
    }
    geometry IndexedFaceSet {
        ccw TRUE
        solid FALSE
        coord DEF co Coordinate {
            point [
                -0.4961 -1.1228 0.4567, -0.4961 -1.1228 0.4606, -0.4961 -1.1079 0.4606, -0.4961 -1.1079 0.4528, -0.4961 -1.2107 0.4528, -0.4961 -1.2278 0.4567, -0.4961 -1.2195 0.4538, -0.3543 -1.0905 0.689, -0.3543 -1.0905 0.6811, -0.3543 -0.3315 0.689, -0.3543 -0.3394 0.6811, 0.0551 -1.1079 0.6811, 0.0551 -1.1079 0.689, 0.055 -1.1069 0.6811, 0.055 -1.1069 0.689, 0.0546 -1.1059 0.6811, 0.0546 -1.1059 0.689, 0.054 -1.1051 0.6811, 0.054 -1.1051 0.689, -1.1102 0.2709 0.7347, -1.1417 0.2709 0.7347, -1.1102 0.2709 0.9921, -1.1417 0.2709 0.9291, -1.1121 0.2709 0.9907, -1.1398 0.2709 0.9467, -1.1339 0.2709 0.9633, -1.1246 0.2709 0.9782, -0.2028 0.3102 0.5118, -0.2028 0.271 0.5118, -0.1122 0.3102 0.5118, -0.1122 0.271 0.5118, 0.122 0.3693 0.2205, 0.122 0.4283 0.2205, 0.122 0.3693 0.1181, 0.122 0.4283 0.1181, 0.122 0.371 0.0983, 0.122 0.4298 0.105, 0.122 0.3793 0.0705, 0.122 0.4342 0.0925, 0.122 0.3942 0.0455, 0.122 0.4412 0.0813, 0.122 0.4148 0.0249, 0.122 0.4506 0.0719, 0.122 0.4398 0.0101, 0.122 0.4618 0.0649, 0.122 0.4402 0.0098, 0.122 0.6055 0.0591, 0.122 0.6055 0.0098, 0.122 0.4874 0.0591, 0.122 0.4743 0.0605, -0.2913 -1.1079 0.4606, -0.2913 -1.1228 0.4606, -0.2913 -1.1079 0.4528, -0.2913 -1.1228 0.4567, -0.2913 -1.2107 0.4528, -0.2913 -1.2278 0.4567, -0.2913 -1.2195 0.4538, -0.0241 -1.1059 0.4528, 0.0394 -1.0905 0.4528, -0.0238 -1.1069 0.4528, 0.0248 -1.1051 0.4528, 0.0243 -1.1057 0.4528, 0.0236 -1.2107 0.4528, -0.0236 -1.2107 0.4528, 0.0236 -1.1079 0.4528, -0.0236 -1.1079 0.4528, 0.0237 -1.1071 0.4528, 0.0239 -1.1064 0.4528, -0.0394 -0.3315 0.4528, 0.0394 -0.3315 0.4528, -0.0394 -1.0905 0.4528, -0.0248 -1.1051 0.4528, 0.0256 0.6055 0.0, -0.0256 0.6055 0.0, 0.0354 0.6055 0.0098, -0.0354 0.6055 0.0098, 0.0354 0.6055 0.0591, -0.0354 0.6055 0.0591
            ]
        }
        coordIndex [
            0,1,2,-1,2,3,0,-1,0,3,4,-1,0,4,5,-1,5,4,6,-1,7,8,9,-1,9,8,10,-1,11,12,13,-1,13,12,14,-1,13,14,15,-1,15,14,16,-1,15,16,17,-1,17,16,18,-1,19,20,21,-1,21,20,22,-1,21,22,23,-1,24,25,22,-1,22,25,26,-1,22,26,23,-1,27,28,29,-1,29,28,30,-1,31,32,33,-1,33,32,34,-1,33,34,35,-1,35,34,36,-1,35,36,37,-1,37,36,38,-1,37,38,39,-1,39,38,40,-1,39,40,41,-1,41,40,42,-1,41,42,43,-1,43,42,44,-1,43,44,45,-1,46,47,48,-1,48,47,45,-1,48,45,49,-1,49,45,44,-1,50,51,52,-1,52,51,53,-1,52,53,54,-1,54,53,55,-1,54,55,56,-1,57,58,59,-1,59,58,60,-1,59,60,61,-1,62,63,64,-1,64,63,65,-1,64,65,66,-1,66,65,59,-1,66,59,67,-1,67,59,61,-1,68,69,70,-1,70,69,58,-1,70,58,71,-1,71,58,57,-1,72,73,74,-1,74,73,75,-1,74,75,76,-1,76,75,77,-1,
        ]
    }
}
Shape{
    appearance Appearance {
        material  Material 	{
            diffuseColor 0.6666666666666666 0.6980392156862745 0.7686274509803922
            specularColor 0.3333333333333333 0.34901960784313724 0.3843137254901961
            ambientIntensity 0.6967
            transparency 0.0
            shininess 0.5
        }
    }
    geometry IndexedFaceSet {
        ccw TRUE
        solid FALSE
        coord DEF co Coordinate {
            point [
                0.9256 0.7433 0.3024, 0.9149 0.745 0.2948, 0.9934 0.7433 0.2056, 0.9826 0.745 0.1981, 0.9808 0.7453 0.1968, 0.9131 0.7453 0.2936, 0.9725 0.7495 0.191, 0.9048 0.7495 0.2878, 0.9692 0.7512 0.1887, 0.9014 0.7512 0.2854, 0.9634 0.7566 0.1847, 0.8957 0.7566 0.2814, 0.9592 0.7606 0.1817, 0.8914 0.7606 0.2784, 0.9559 0.7658 0.1794, 0.8881 0.7658 0.2761, 0.9515 0.7728 0.1763, 0.8837 0.7728 0.273, 0.9501 0.7769 0.1753, 0.8823 0.7769 0.2721, 0.9466 0.7871 0.1729, 0.8789 0.7871 0.2696, 0.9464 0.7893 0.1727, 0.8787 0.7893 0.2695, 0.8772 0.8024 0.2685, 0.945 0.8024 0.1717
            ]
        }
        coordIndex [
            0,1,2,-1,2,1,3,-1,3,1,4,-1,4,1,5,-1,4,5,6,-1,6,5,7,-1,6,7,8,-1,8,7,9,-1,8,9,10,-1,10,9,11,-1,10,11,12,-1,12,11,13,-1,12,13,14,-1,14,13,15,-1,14,15,16,-1,16,15,17,-1,16,17,18,-1,18,17,19,-1,18,19,20,-1,20,19,21,-1,20,21,22,-1,21,23,22,-1,22,23,24,-1,22,24,25,-1,
        ]
    }
}
Shape{
    appearance Appearance {
        material  Material 	{
            diffuseColor 0.9686274509803922 0.8784313725490196 0.6
            specularColor 0.6784313725490196 0.615686274509804 0.4196078431372549
            ambientIntensity 0.8737
            transparency 0.0
            shininess 0.5
        }
    }
    geometry IndexedFaceSet {
        ccw TRUE
        solid FALSE
        coord DEF co Coordinate {
            point [
                -0.6063 -1.1079 0.4606, -0.6063 -1.1228 0.4606, -0.6063 -1.1079 0.4528, -0.6063 -1.1228 0.4567, -0.6063 -1.2107 0.4528, -0.6063 -1.2278 0.4567, -0.6063 -1.2195 0.4538, 0.3484 0.6766 0.2292, 0.439 0.6766 0.2292, 0.439 0.6594 0.253, 0.3484 0.6594 0.253, 0.439 0.6486 0.2805, 0.3484 0.6486 0.2805, 0.439 0.6449 0.3097, 0.3484 0.6449 0.3097
            ]
        }
        coordIndex [
            0,1,2,-1,2,1,3,-1,2,3,4,-1,4,3,5,-1,4,5,6,-1,7,8,9,-1,7,9,10,-1,10,9,11,-1,10,11,12,-1,12,11,13,-1,12,13,14,-1,
        ]
    }
}
Shape{
    appearance Appearance {
        material  Material 	{
            diffuseColor 0.2235294117647059 0.2235294117647059 0.2235294117647059
            specularColor 0.11372549019607843 0.11372549019607843 0.11372549019607843
            ambientIntensity 0.2235
            transparency 0.0
            shininess 0.5
        }
    }
    geometry IndexedFaceSet {
        ccw TRUE
        solid FALSE
        coord DEF co Coordinate {
            point [
                -0.1969 0.6168 0.7949, -0.1969 0.6168 1.0157, 0.1969 0.6168 0.7949, 0.1969 0.6168 1.0157
            ]
        }
        coordIndex [
            0,1,2,-1,2,1,3,-1,
        ]
    }
}
Shape{
    appearance Appearance {
        material  Material 	{
            diffuseColor 0.6666666666666666 0.6980392156862745 0.7686274509803922
            specularColor 0.3333333333333333 0.34901960784313724 0.3843137254901961
            ambientIntensity 0.6967
            transparency 0.0
            shininess 0.5
        }
    }
    geometry IndexedFaceSet {
        ccw TRUE
        solid FALSE
        coord DEF co Coordinate {
            point [
                1.1614 0.0642 0.5137, 1.2795 0.0642 0.5137, 1.1614 0.0489 0.5117, 1.2795 0.0489 0.5117, 1.1614 0.0346 0.5058, 1.2795 0.0346 0.5058, 1.1614 0.0224 0.4964, 1.2795 0.0224 0.4964, 1.1614 0.013 0.4842, 1.2795 0.013 0.4842, 1.1614 0.0071 0.4699, 1.2795 0.0071 0.4699, 1.1614 0.0051 0.4546, 1.2795 0.0051 0.4546
            ]
        }
        coordIndex [
            0,1,2,-1,2,1,3,-1,2,3,4,-1,4,3,5,-1,4,5,6,-1,6,5,7,-1,6,7,8,-1,8,7,9,-1,8,9,10,-1,10,9,11,-1,10,11,12,-1,12,11,13,-1,
        ]
    }
}
Shape{
    appearance Appearance {
        material  Material 	{
            diffuseColor 0.9686274509803922 0.8784313725490196 0.6
            specularColor 0.6784313725490196 0.615686274509804 0.4196078431372549
            ambientIntensity 0.8737
            transparency 0.0
            shininess 0.5
        }
    }
    geometry IndexedFaceSet {
        ccw TRUE
        solid FALSE
        coord DEF co Coordinate {
            point [
                0.5846 0.271 0.4528, 0.5846 0.3102 0.4528, 0.6299 0.271 0.4528, 0.6752 0.3102 0.4528, 0.6752 0.271 0.4528, -0.3484 0.7039 0.5709, -0.439 0.7039 0.5709, -0.439 0.6999 0.6014, -0.3484 0.6999 0.6014, -0.439 0.6881 0.6299, -0.3484 0.6881 0.6299, -0.439 0.6693 0.6544, -0.3484 0.6693 0.6544, -0.439 0.6449 0.6732, -0.3484 0.6449 0.6732, -0.439 0.6164 0.685, -0.3484 0.6164 0.685, -0.439 0.5858 0.689, -0.3484 0.5858 0.689
            ]
        }
        coordIndex [
            0,1,2,-1,2,1,3,-1,2,3,4,-1,5,6,7,-1,5,7,8,-1,8,7,9,-1,8,9,10,-1,10,9,11,-1,10,11,12,-1,12,11,13,-1,12,13,14,-1,14,13,15,-1,14,15,16,-1,16,15,17,-1,16,17,18,-1,
        ]
    }
}
Shape{
    appearance Appearance {
        material  Material 	{
            diffuseColor 0.6666666666666666 0.6980392156862745 0.7686274509803922
            specularColor 0.3333333333333333 0.34901960784313724 0.3843137254901961
            ambientIntensity 0.6967
            transparency 0.0
            shininess 0.5
        }
    }
    geometry IndexedFaceSet {
        ccw TRUE
        solid FALSE
        coord DEF co Coordinate {
            point [
                -0.8268 0.202 0.0, -0.8268 0.5465 0.0, -0.8268 0.202 0.1181, -0.8268 0.5465 0.1181
            ]
        }
        coordIndex [
            0,1,2,-1,2,1,3,-1,
        ]
    }
}
Shape{
    appearance Appearance {
        material  Material 	{
            diffuseColor 0.9686274509803922 0.8784313725490196 0.6
            specularColor 0.6784313725490196 0.615686274509804 0.4196078431372549
            ambientIntensity 0.8737
            transparency 0.0
            shininess 0.5
        }
    }
    geometry IndexedFaceSet {
        ccw TRUE
        solid FALSE
        coord DEF co Coordinate {
            point [
                0.0335 0.8244 0.1573, 0.0335 0.7812 0.117, 0.0335 0.7198 0.2695, 0.0335 0.6766 0.2292, 0.0335 0.7112 0.2814, 0.0335 0.6594 0.253, 0.0335 0.7058 0.2951, 0.0335 0.6486 0.2805, 0.0335 0.7039 0.3097, 0.0335 0.6449 0.3097, 0.0335 0.7039 0.5709, 0.0335 0.6449 0.5709, 0.0335 0.6999 0.6014, 0.0335 0.6429 0.5862, 0.0335 0.6881 0.6299, 0.0335 0.637 0.6004, 0.0335 0.6693 0.6544, 0.0335 0.6276 0.6126, 0.0335 0.6449 0.6732, 0.0335 0.6154 0.622, 0.0335 0.6164 0.685, 0.0335 0.6011 0.6279, 0.0335 0.5858 0.689, 0.0335 0.5858 0.6299, 0.0335 0.271 0.689, 0.0335 0.271 0.6299
            ]
        }
        coordIndex [
            0,1,2,-1,2,1,3,-1,2,3,4,-1,4,3,5,-1,4,5,6,-1,6,5,7,-1,6,7,8,-1,8,7,9,-1,8,9,10,-1,10,9,11,-1,10,11,12,-1,12,11,13,-1,12,13,14,-1,14,13,15,-1,14,15,16,-1,16,15,17,-1,16,17,18,-1,18,17,19,-1,18,19,20,-1,20,19,21,-1,20,21,22,-1,22,21,23,-1,22,23,24,-1,24,23,25,-1,
        ]
    }
}
Shape{
    appearance Appearance {
        material  Material 	{
            diffuseColor 0.6666666666666666 0.6980392156862745 0.7686274509803922
            specularColor 0.3333333333333333 0.34901960784313724 0.3843137254901961
            ambientIntensity 0.6967
            transparency 0.0
            shininess 0.5
        }
    }
    geometry IndexedFaceSet {
        ccw TRUE
        solid FALSE
        coord DEF co Coordinate {
            point [
                1.1614 0.7433 0.5085, 1.1614 0.9992 0.5085, 1.1592 0.7433 0.4897, 1.1592 0.9992 0.4897, 1.1525 0.7433 0.4721, 1.1525 0.9992 0.4721, 1.1419 0.7433 0.4565, 1.1419 0.9992 0.4565, 1.1278 0.7433 0.444, 1.1278 0.9992 0.444
            ]
        }
        coordIndex [
            0,1,2,-1,2,1,3,-1,2,3,4,-1,4,3,5,-1,4,5,6,-1,6,5,7,-1,6,7,8,-1,8,7,9,-1,
        ]
    }
}
Shape{
    appearance Appearance {
        material  Material 	{
            diffuseColor 0.9686274509803922 0.8784313725490196 0.6
            specularColor 0.6784313725490196 0.615686274509804 0.4196078431372549
            ambientIntensity 0.8737
            transparency 0.0
            shininess 0.5
        }
    }
    geometry IndexedFaceSet {
        ccw TRUE
        solid FALSE
        coord DEF co Coordinate {
            point [
                0.1283 0.4586 0.0036, 0.122 0.4402 0.0098, 0.122 0.6055 0.0098, 0.1319 0.6055 0.0, 0.1319 0.4874 0.0, 0.1312 0.4778 0.0004, 0.1297 0.4677 0.0021
            ]
        }
        coordIndex [
            0,1,2,-1,2,3,4,-1,4,5,2,-1,2,5,6,-1,2,6,0,-1,
        ]
    }
}
Shape{
    appearance Appearance {
        material  Material 	{
            diffuseColor 0.6666666666666666 0.6980392156862745 0.7686274509803922
            specularColor 0.3333333333333333 0.34901960784313724 0.3843137254901961
            ambientIntensity 0.6967
            transparency 0.0
            shininess 0.5
        }
    }
    geometry IndexedFaceSet {
        ccw TRUE
        solid FALSE
        coord DEF co Coordinate {
            point [
                0.5827 -0.6543 0.0, 0.5827 -0.6543 0.1181, 0.5842 -0.6675 0.0, 0.5842 -0.6675 0.1181, 0.5885 -0.68 0.0, 0.5885 -0.68 0.1181, 0.5956 -0.6912 0.0, 0.5956 -0.6912 0.1181, 0.6049 -0.7005 0.0, 0.6049 -0.7005 0.1181, 0.6161 -0.7075 0.0, 0.6161 -0.7075 0.1181, 0.6286 -0.7119 0.0, 0.6286 -0.7119 0.1181, 0.6417 -0.7134 0.0, 0.6417 -0.7134 0.1181
            ]
        }
        coordIndex [
            0,1,2,-1,2,1,3,-1,2,3,4,-1,4,3,5,-1,4,5,6,-1,6,5,7,-1,6,7,8,-1,8,7,9,-1,8,9,10,-1,10,9,11,-1,10,11,12,-1,12,11,13,-1,12,13,14,-1,14,13,15,-1,
        ]
    }
}
Shape{
    appearance Appearance {
        material  Material 	{
            diffuseColor 0.9686274509803922 0.8784313725490196 0.6
            specularColor 0.6784313725490196 0.615686274509804 0.4196078431372549
            ambientIntensity 0.8737
            transparency 0.0
            shininess 0.5
        }
    }
    geometry IndexedFaceSet {
        ccw TRUE
        solid FALSE
        coord DEF co Coordinate {
            point [
                -0.3504 0.3693 0.2205, -0.3504 0.4283 0.2205, -0.3504 0.3693 0.1181, -0.3504 0.4283 0.1181, -0.3504 0.371 0.0983, -0.3504 0.4298 0.105, -0.3504 0.3793 0.0705, -0.3504 0.4342 0.0925, -0.3504 0.3942 0.0455, -0.3504 0.4412 0.0813, -0.3504 0.4148 0.0249, -0.3504 0.4506 0.0719, -0.3504 0.4398 0.0101, -0.3504 0.4618 0.0649, -0.3504 0.4402 0.0098, -0.3504 0.6055 0.0591, -0.3504 0.6055 0.0098, -0.3504 0.4874 0.0591, -0.3504 0.4743 0.0605, 0.2126 -1.1079 0.6811, 0.2126 -1.1228 0.6811, 0.2126 -1.1079 0.689, 0.2126 -1.1228 0.685, 0.2126 -1.2107 0.689, 0.2126 -1.2278 0.685, 0.2126 -1.2195 0.688, -0.7593 -1.148 1.0236, -0.4218 -1.148 1.0236, -0.7593 -1.155 1.0228, -0.4218 -1.155 1.0228, -0.7593 -1.1617 1.0202, -0.4218 -1.1617 1.0202, -0.7593 -1.1676 1.0161, -0.4218 -1.1676 1.0161, -0.7593 -1.1723 1.0108, -0.4218 -1.1723 1.0108
            ]
        }
        coordIndex [
            0,1,2,-1,2,1,3,-1,2,3,4,-1,4,3,5,-1,4,5,6,-1,6,5,7,-1,6,7,8,-1,8,7,9,-1,8,9,10,-1,10,9,11,-1,10,11,12,-1,12,11,13,-1,12,13,14,-1,15,16,17,-1,17,16,14,-1,17,14,18,-1,18,14,13,-1,19,20,21,-1,21,20,22,-1,21,22,23,-1,23,22,24,-1,23,24,25,-1,26,27,28,-1,28,27,29,-1,28,29,30,-1,30,29,31,-1,30,31,32,-1,32,31,33,-1,32,33,34,-1,34,33,35,-1,
        ]
    }
}
Shape{
    appearance Appearance {
        material  Material 	{
            diffuseColor 0.6666666666666666 0.6980392156862745 0.7686274509803922
            specularColor 0.3333333333333333 0.34901960784313724 0.3843137254901961
            ambientIntensity 0.6967
            transparency 0.0
            shininess 0.5
        }
    }
    geometry IndexedFaceSet {
        ccw TRUE
        solid FALSE
        coord DEF co Coordinate {
            point [
                0.3504 -1.1646 0.0, 0.2619 -0.5187 0.0, 0.2717 -0.5181 0.0, 0.2559 -0.6937 0.0, 0.2559 -1.0677 0.0, 0.0984 -0.6937 0.0, 0.0984 -1.0677 0.0, 0.3504 -0.5969 0.0, 0.2809 -0.5187 0.0, 0.3481 -0.578 0.0, 0.2559 -0.5197 0.0, 0.3481 -1.1834 0.0, 0.3413 -1.2012 0.0, -0.8486 -0.5756 0.0, -0.8486 0.0051 0.0, -0.6417 -0.5756 0.0, -0.6264 -0.5776 0.0, 0.0051 -0.5404 0.0, 0.2994 -0.5232 0.0, 0.3162 -0.532 0.0, 0.3305 -0.5445 0.0, 0.3305 -1.2169 0.0, 0.3162 -1.2295 0.0, 0.2994 -1.2383 0.0, 0.0159 -0.5561 0.0, 0.0302 -0.5687 0.0, 0.0471 -0.5775 0.0, -0.5827 -0.6346 0.0, -0.5847 -0.6194 0.0, -0.9343 -0.88 0.0, -0.9547 -0.8644 0.0, -0.6417 -0.7134 0.0, 0.3413 -0.5602 0.0, 0.2809 -1.2428 0.0, 0.2619 -1.2427 0.0, 0.2559 -1.2417 0.0, -0.063 0.0051 0.0, -0.0039 -0.5038 0.0, -0.0016 -0.5227 0.0, 0.0656 -0.582 0.0, 0.0748 -0.5825 0.0, 0.0846 -0.5819 0.0, 0.0984 -0.5789 0.0, -0.5827 -0.6543 0.0, -0.5906 -0.6051 0.0, -0.6 -0.5929 0.0, -0.6122 -0.5835 0.0, -1.099 -0.9241 0.0, -1.1024 -0.9496 0.0, -1.1614 -0.9496 0.0, -0.9785 -0.8545 0.0, -1.0039 -0.8512 0.0, -1.2106 -0.7134 0.0, -1.2054 -0.8676 0.0, -1.227 -0.8568 0.0, -1.2598 -0.8104 0.0, -1.1644 -0.9736 0.0, -1.099 -0.9751 0.0, -1.1731 -0.9961 0.0, -0.5956 -0.6912 0.0, -0.5885 -0.68 0.0, -0.6264 -1.1878 0.0, -0.6161 -0.7075 0.0, -0.6049 -0.7005 0.0, -0.9187 -0.9004 0.0, -1.0294 -0.8545 0.0, -1.0531 -0.8644 0.0, -1.2234 -0.7151 0.0, -1.0735 -0.88 0.0, -1.2352 -0.72 0.0, -1.1644 -0.9256 0.0, -1.1731 -0.9031 0.0, -1.0892 -0.9004 0.0, -1.1871 -0.8833 0.0, -1.254 -1.0655 0.0, -1.247 -1.0557 0.0, -1.2378 -1.0478 0.0, -1.1871 -1.0159 0.0, -1.0892 -0.9988 0.0, -1.2054 -1.0316 0.0, -1.227 -1.0424 0.0, -1.2598 -1.0888 0.0, -1.2598 -1.1366 0.0, -1.0735 -1.0192 0.0, -1.0531 -1.0348 0.0, -1.2106 -1.1858 0.0, -1.2216 -1.1846 0.0, -1.0294 -1.0447 0.0, -1.0039 -1.048 0.0, -0.6417 -1.1858 0.0, -0.9785 -1.0447 0.0, -0.9187 -0.9988 0.0, -0.9343 -1.0192 0.0, -0.9547 -1.0348 0.0, -0.5906 -1.2154 0.0, -0.6 -1.2031 0.0, -0.6122 -1.1937 0.0, -0.5842 -0.6675 0.0, -0.0531 0.0043 0.0, -0.0048 -0.044 0.0, -0.0039 -0.0539 0.0, -0.8486 -1.8945 0.0, -0.8486 -1.3236 0.0, -0.6417 -1.3236 0.0, -0.5956 -1.3014 0.0, -0.5885 -1.2902 0.0, -0.0039 -1.8354 0.0, -1.2582 -0.7499 0.0, -1.2532 -0.738 0.0, -1.2454 -0.7278 0.0, -1.232 -1.181 0.0, -1.2413 -1.1751 0.0, -1.2491 -1.1673 0.0, -0.6286 -0.7119 0.0, -0.6161 -1.3178 0.0, -0.6049 -1.3107 0.0, -0.063 -1.8945 0.0, -0.0039 -1.2576 0.0, -1.2598 -0.7626 0.0, -1.2378 -0.8514 0.0, -1.247 -0.8435 0.0, -1.2584 -0.8224 0.0, -1.254 -0.8337 0.0, -1.2584 -1.0768 0.0, -1.255 -1.158 0.0, -1.2586 -1.1476 0.0, -0.9089 -0.9751 0.0, -0.9055 -0.9496 0.0, -0.9089 -0.9241 0.0, -0.0392 0.0001 0.0, -0.0267 -0.0074 0.0, -0.009 -0.0301 0.0, -0.0164 -0.0176 0.0, 0.0984 -1.1825 0.0, 0.0846 -1.1795 0.0, -0.5847 -1.2296 0.0, 0.0471 -1.1839 0.0, 0.0302 -1.1927 0.0, 0.0159 -1.2053 0.0, 0.0051 -1.221 0.0, -0.0016 -1.2388 0.0, -0.6286 -1.3221 0.0, 0.0748 -1.1789 0.0, 0.0656 -1.1794 0.0, -0.5842 -1.2777 0.0, -0.5827 -1.2646 0.0, -0.5827 -1.2449 0.0, -0.0164 -1.8717 0.0, -0.0267 -1.882 0.0, -0.009 -1.8593 0.0, -0.0392 -1.8895 0.0, -0.0531 -1.8937 0.0, -0.0048 -1.8453 0.0
            ]
        }
        coordIndex [
            0,1,2,-1,3,4,5,-1,5,4,6,-1,0,2,7,-1,7,2,8,-1,7,8,9,-1,10,1,3,-1,3,1,0,-1,3,0,4,-1,4,0,11,-1,4,11,12,-1,13,14,15,-1,15,14,16,-1,6,14,17,-1,18,19,20,-1,12,21,4,-1,4,21,22,-1,4,22,23,-1,17,24,6,-1,6,24,25,-1,6,25,26,-1,27,28,6,-1,29,30,31,-1,18,20,8,-1,8,20,32,-1,8,32,9,-1,23,33,4,-1,4,33,34,-1,4,34,35,-1,36,37,14,-1,14,37,38,-1,14,38,17,-1,26,39,6,-1,6,39,40,-1,6,40,5,-1,5,40,41,-1,5,41,42,-1,27,6,43,-1,28,44,6,-1,6,44,45,-1,6,45,14,-1,14,45,46,-1,14,46,16,-1,47,48,49,-1,30,50,31,-1,31,50,51,-1,31,51,52,-1,53,54,55,-1,49,48,56,-1,56,48,57,-1,56,57,58,-1,59,60,61,-1,62,63,64,-1,51,65,52,-1,52,65,66,-1,52,66,67,-1,67,66,68,-1,67,68,69,-1,49,70,47,-1,47,70,71,-1,47,71,72,-1,72,71,73,-1,74,75,76,-1,58,57,77,-1,77,57,78,-1,77,78,79,-1,80,79,81,-1,81,79,78,-1,81,78,82,-1,82,78,83,-1,84,85,83,-1,83,85,86,-1,84,87,85,-1,85,87,88,-1,85,88,89,-1,89,88,90,-1,91,61,92,-1,92,61,89,-1,92,89,93,-1,93,89,90,-1,59,61,63,-1,94,95,6,-1,6,95,96,-1,6,96,43,-1,43,96,61,-1,43,61,97,-1,97,61,60,-1,98,99,36,-1,36,99,100,-1,36,100,37,-1,101,102,103,-1,104,105,106,-1,107,108,68,-1,68,108,109,-1,68,109,69,-1,86,110,83,-1,83,110,111,-1,83,111,112,-1,29,31,64,-1,64,31,113,-1,64,113,62,-1,114,115,116,-1,106,105,117,-1,73,53,72,-1,72,53,55,-1,72,55,68,-1,68,55,118,-1,68,118,107,-1,54,119,55,-1,55,119,120,-1,55,120,121,-1,121,120,122,-1,80,81,76,-1,76,81,123,-1,76,123,74,-1,112,124,83,-1,83,124,125,-1,83,125,82,-1,91,126,61,-1,61,126,127,-1,61,127,63,-1,63,127,128,-1,63,128,64,-1,98,129,99,-1,99,129,130,-1,99,130,131,-1,131,130,132,-1,6,133,134,-1,94,6,135,-1,135,6,136,-1,135,136,137,-1,137,138,135,-1,135,138,139,-1,135,139,140,-1,101,103,116,-1,116,103,141,-1,116,141,114,-1,134,142,6,-1,6,142,143,-1,6,143,136,-1,105,144,117,-1,117,144,145,-1,117,145,140,-1,140,145,146,-1,140,146,135,-1,147,148,115,-1,147,115,149,-1,148,150,115,-1,115,150,151,-1,115,151,116,-1,104,106,115,-1,115,106,152,-1,115,152,149,-1,
        ]
    }
}
Shape{
    appearance Appearance {
        material  Material 	{
            diffuseColor 0.9686274509803922 0.8784313725490196 0.6
            specularColor 0.6784313725490196 0.615686274509804 0.4196078431372549
            ambientIntensity 0.8737
            transparency 0.0
            shininess 0.5
        }
    }
    geometry IndexedFaceSet {
        ccw TRUE
        solid FALSE
        coord DEF co Coordinate {
            point [
                0.5276 -1.1228 0.6811, 0.4173 -1.1228 0.6811, 0.5276 -1.1228 0.685, 0.4173 -1.1228 0.685
            ]
        }
        coordIndex [
            0,1,2,-1,2,1,3,-1,
        ]
    }
}
Shape{
    appearance Appearance {
        material  Material 	{
            diffuseColor 0.6666666666666666 0.6980392156862745 0.7686274509803922
            specularColor 0.3333333333333333 0.34901960784313724 0.3843137254901961
            ambientIntensity 0.6967
            transparency 0.0
            shininess 0.5
        }
    }
    geometry IndexedFaceSet {
        ccw TRUE
        solid FALSE
        coord DEF co Coordinate {
            point [
                -1.1614 0.6055 0.1969, -1.1614 0.1429 0.1969, -1.1594 0.6055 0.1793, -1.1594 0.1429 0.1793, -1.1536 0.6055 0.1627, -1.1536 0.1429 0.1627, -1.1442 0.6055 0.1478, -1.1442 0.1429 0.1478, -1.1318 0.6055 0.1353, -1.1318 0.1429 0.1353, -1.1168 0.6055 0.1259, -1.1168 0.1429 0.1259, -1.1002 0.6055 0.1201, -1.1002 0.1429 0.1201, -1.0827 0.6055 0.1181, -1.0827 0.1429 0.1181, -1.2795 -1.3236 0.4743, -1.2795 -1.3236 0.4448, -1.2795 -1.8945 0.4448, -1.2795 0.1409 0.4699, -1.2795 0.6277 0.5659, -1.2795 0.6184 0.5565, -1.2795 0.726 0.5614, -1.2795 0.7138 0.5708, -1.2795 1.0583 0.9646, -1.2795 0.6995 0.5767, -1.2795 -0.5776 0.4896, -1.2795 -0.5835 0.5039, -1.2795 -0.5929 0.5161, -1.2795 -0.6051 0.5255, -1.2795 -1.2799 0.5314, -1.2795 -1.2941 0.5255, -1.2795 -1.8945 0.9646, -1.2795 0.6114 0.5453, -1.2795 0.607 0.5328, -1.2795 0.1429 0.4546, -1.2795 0.6055 0.5197, -1.2795 0.1429 0.1969, -1.2795 0.6055 0.1969, -1.2795 -1.3063 0.5161, -1.2795 -1.3157 0.5039, -1.2795 -1.3216 0.4896, -1.2795 0.7433 0.5085, -1.2795 0.7433 0.5197, -1.2795 1.0583 0.5085, -1.2795 0.7413 0.535, -1.2795 0.7354 0.5492, -1.2795 -0.6194 0.5314, -1.2795 -0.6346 0.5334, -1.2795 -1.2646 0.5334, -1.2795 0.6843 0.5787, -1.2795 0.6646 0.5787, -1.2795 0.6514 0.5773, -1.2795 0.0274 0.5008, -1.2795 0.018 0.4915, -1.2795 0.1256 0.4964, -1.2795 0.135 0.4842, -1.2795 0.6389 0.5729, -1.2795 0.1134 0.5058, -1.2795 0.0991 0.5117, -1.2795 0.0839 0.5137, -1.2795 0.0051 0.4448, -1.2795 -0.5756 0.4448, -1.2795 0.0051 0.4546, -1.2795 -0.5756 0.4743, -1.2795 0.0066 0.4678, -1.2795 0.011 0.4803, -1.2795 0.0642 0.5137, -1.2795 0.051 0.5122, -1.2795 0.0386 0.5079
            ]
        }
        coordIndex [
            0,1,2,-1,2,1,3,-1,2,3,4,-1,4,3,5,-1,4,5,6,-1,6,5,7,-1,6,7,8,-1,8,7,9,-1,8,9,10,-1,10,9,11,-1,10,11,12,-1,12,11,13,-1,12,13,14,-1,14,13,15,-1,16,17,18,-1,19,20,21,-1,22,23,24,-1,24,23,25,-1,26,27,24,-1,24,27,28,-1,24,28,29,-1,30,31,32,-1,21,33,19,-1,19,33,34,-1,19,34,35,-1,35,34,36,-1,35,36,37,-1,37,36,38,-1,31,39,32,-1,32,39,40,-1,32,40,18,-1,18,40,41,-1,18,41,16,-1,42,43,44,-1,44,43,45,-1,44,45,24,-1,24,45,46,-1,24,46,22,-1,29,47,24,-1,24,47,48,-1,24,48,32,-1,32,48,49,-1,32,49,30,-1,25,50,24,-1,24,50,51,-1,24,51,52,-1,26,53,54,-1,55,24,56,-1,56,24,52,-1,56,52,19,-1,19,52,57,-1,19,57,20,-1,55,58,24,-1,24,58,59,-1,24,59,60,-1,61,62,63,-1,63,62,64,-1,63,64,65,-1,65,64,26,-1,65,26,66,-1,66,26,54,-1,60,67,24,-1,24,67,68,-1,24,68,26,-1,26,68,69,-1,26,69,53,-1,
        ]
    }
}
Shape{
    appearance Appearance {
        material  Material 	{
            diffuseColor 0.9686274509803922 0.8784313725490196 0.6
            specularColor 0.6784313725490196 0.615686274509804 0.4196078431372549
            ambientIntensity 0.8737
            transparency 0.0
            shininess 0.5
        }
    }
    geometry IndexedFaceSet {
        ccw TRUE
        solid FALSE
        coord DEF co Coordinate {
            point [
                0.2126 -1.1079 0.6811, 0.2126 -1.1079 0.689, 0.2125 -1.1069 0.6811, 0.2125 -1.1069 0.689, 0.2121 -1.1059 0.6811, 0.2121 -1.1059 0.689, 0.2114 -1.1051 0.6811, 0.2114 -1.1051 0.689
            ]
        }
        coordIndex [
            0,1,2,-1,2,1,3,-1,2,3,4,-1,4,3,5,-1,4,5,6,-1,6,5,7,-1,
        ]
    }
}
Shape{
    appearance Appearance {
        material  Material 	{
            diffuseColor 0.6666666666666666 0.6980392156862745 0.7686274509803922
            specularColor 0.3333333333333333 0.34901960784313724 0.3843137254901961
            ambientIntensity 0.6967
            transparency 0.0
            shininess 0.5
        }
    }
    geometry IndexedFaceSet {
        ccw TRUE
        solid FALSE
        coord DEF co Coordinate {
            point [
                0.5827 -1.2449 0.1181, 0.5827 -1.2449 0.0, 0.5847 -1.2296 0.1181, 0.5847 -1.2296 0.0, 0.5906 -1.2154 0.1181, 0.5906 -1.2154 0.0, 0.6 -1.2031 0.1181, 0.6 -1.2031 0.0, 0.6122 -1.1937 0.1181, 0.6122 -1.1937 0.0, 0.6264 -1.1878 0.1181, 0.6264 -1.1878 0.0, 0.6417 -1.1858 0.1181, 0.6417 -1.1858 0.0
            ]
        }
        coordIndex [
            0,1,2,-1,2,1,3,-1,2,3,4,-1,4,3,5,-1,4,5,6,-1,6,5,7,-1,6,7,8,-1,8,7,9,-1,8,9,10,-1,10,9,11,-1,10,11,12,-1,12,11,13,-1,
        ]
    }
}
Shape{
    appearance Appearance {
        material  Material 	{
            diffuseColor 0.2235294117647059 0.2235294117647059 0.2235294117647059
            specularColor 0.11372549019607843 0.11372549019607843 0.11372549019607843
            ambientIntensity 0.2235
            transparency 0.0
            shininess 0.5
        }
    }
    geometry IndexedFaceSet {
        ccw TRUE
        solid FALSE
        coord DEF co Coordinate {
            point [
                1.1752 1.0583 0.7347, 1.1752 1.013 0.7347, 1.1752 1.0583 0.5772, 1.1752 1.013 0.5772, 0.3689 -1.1051 0.6811, 0.3543 -1.0905 0.6811, 0.2598 -1.1228 0.6811, 0.3701 -1.1228 0.6811, 0.3701 -1.1079 0.6811, 0.3543 -0.3394 0.6811, 0.2756 -0.3394 0.6811, 0.2756 -1.0905 0.6811, 0.3699 -1.1069 0.6811, 0.3696 -1.1059 0.6811, 0.261 -1.1051 0.6811, 0.2605 -1.1057 0.6811, 0.2601 -1.1064 0.6811, 0.2599 -1.1071 0.6811, 0.2598 -1.1079 0.6811
            ]
        }
        coordIndex [
            0,1,2,-1,2,1,3,-1,4,5,6,-1,6,7,8,-1,9,10,5,-1,5,10,11,-1,8,12,6,-1,6,12,13,-1,6,13,4,-1,11,14,5,-1,5,14,15,-1,5,15,16,-1,16,17,5,-1,5,17,18,-1,5,18,6,-1,
        ]
    }
}
Shape{
    appearance Appearance {
        material  Material 	{
            diffuseColor 0.9686274509803922 0.8784313725490196 0.6
            specularColor 0.6784313725490196 0.615686274509804 0.4196078431372549
            ambientIntensity 0.8737
            transparency 0.0
            shininess 0.5
        }
    }
    geometry IndexedFaceSet {
        ccw TRUE
        solid FALSE
        coord DEF co Coordinate {
            point [
                -0.6752 0.3102 0.5118, -0.6752 0.271 0.5118, -0.5846 0.3102 0.5118, -0.5846 0.271 0.5118, -0.5157 1.0542 0.0098, -0.5157 1.0542 0.0591, -0.5157 0.8945 0.0098, -0.5157 0.9417 0.0591, -0.5157 0.836 0.1448, -0.5157 0.7928 0.1046, -0.5157 0.8985 0.0778, -0.5157 0.8553 0.0376, -0.5157 0.9076 0.0699, -0.5157 0.8715 0.0231, -0.5157 0.9181 0.064, -0.5157 0.9296 0.0603
            ]
        }
        coordIndex [
            0,1,2,-1,2,1,3,-1,4,5,6,-1,6,5,7,-1,8,9,10,-1,10,9,11,-1,10,11,12,-1,12,11,13,-1,12,13,14,-1,14,13,6,-1,14,6,15,-1,15,6,7,-1,
        ]
    }
}
Shape{
    appearance Appearance {
        material  Material 	{
            diffuseColor 0.2235294117647059 0.2235294117647059 0.2235294117647059
            specularColor 0.11372549019607843 0.11372549019607843 0.11372549019607843
            ambientIntensity 0.2235
            transparency 0.0
            shininess 0.5
        }
    }
    geometry IndexedFaceSet {
        ccw TRUE
        solid FALSE
        coord DEF co Coordinate {
            point [
                -0.7539 0.271 0.6299, -0.8233 0.271 0.5709, -0.7539 0.271 0.689, -0.8233 0.271 0.7419, -0.6634 0.271 0.689, -0.5965 0.271 0.6299, -0.6634 0.271 0.6299, -0.5965 0.271 0.689, -0.5512 0.271 0.7419, -0.5512 0.271 0.5709, -0.5512 0.271 0.6299, -0.4724 0.271 0.5709, -0.5059 0.271 0.6299, -0.4724 0.271 0.7419, -0.5059 0.271 0.689, -0.5512 0.271 0.689, -0.4272 0.271 0.4528, -0.3937 0.271 0.0236, -0.4724 0.271 0.4528, -0.4724 0.271 0.0236, -0.5177 0.271 0.4528, -0.5512 0.271 0.0236, -0.3937 0.271 0.5709, -0.4272 0.271 0.5118, -0.4724 0.271 0.5118, -0.5177 0.271 0.5118, -0.439 0.271 0.6299, -0.439 0.271 0.689, -0.3937 0.271 0.689, -0.3937 0.271 0.7419, -0.3484 0.271 0.689, -0.315 0.271 0.7419, -0.3484 0.271 0.6299, -0.315 0.271 0.5709, -0.3937 0.271 0.6299, -0.1909 0.271 0.689, -0.124 0.271 0.689, -0.1909 0.271 0.6299, -0.124 0.271 0.6299, -0.2362 0.271 0.6299, -0.2362 0.271 0.5709, -0.2815 0.271 0.6299, -0.2815 0.271 0.689, -0.2362 0.271 0.689, -0.2362 0.271 0.7419, -0.0787 0.271 0.7419, -0.2697 0.271 0.4528, -0.2362 0.271 0.0236, -0.315 0.271 0.4528, -0.315 0.271 0.0236, -0.3602 0.271 0.4528, -0.2697 0.271 0.5118, -0.315 0.271 0.5118, -0.3602 0.271 0.5118, -0.0787 0.271 0.5709, -0.0787 0.271 0.6299, 0.0 0.271 0.5709, -0.0335 0.271 0.6299, 0.0 0.271 0.7419, -0.0335 0.271 0.689, -0.0787 0.271 0.689, 0.124 0.271 0.689, 0.1909 0.271 0.689, 0.124 0.271 0.6299, 0.1909 0.271 0.6299, 0.0787 0.271 0.6299, 0.0787 0.271 0.5709, 0.0335 0.271 0.6299, 0.0335 0.271 0.689, 0.0787 0.271 0.689, 0.0787 0.271 0.7419, 0.2362 0.271 0.7419, 0.2362 0.271 0.5709, 0.2362 0.271 0.6299, 0.315 0.271 0.5709, 0.2815 0.271 0.6299, 0.315 0.271 0.7419, 0.2815 0.271 0.689, 0.2362 0.271 0.689, 0.0 0.271 0.4528, -0.0363 0.271 0.0236, -0.0453 0.271 0.4528, -0.0787 0.271 0.0236, 0.0453 0.271 0.4528, 0.0787 0.271 0.0236, 0.0 0.271 0.0236, 0.0453 0.271 0.5118, 0.0 0.271 0.5118, -0.0453 0.271 0.5118, 0.2697 0.271 0.5118, 0.2697 0.271 0.4528, 0.5177 0.271 0.4528, 0.5512 0.271 0.0236, 0.4724 0.271 0.4528, 0.4724 0.271 0.0236, 0.4272 0.271 0.4528, 0.3937 0.271 0.0236, 0.3937 0.271 0.5709, 0.5512 0.271 0.5709, 0.5177 0.271 0.5118, 0.4724 0.271 0.5709, 0.4724 0.271 0.5118, 0.4272 0.271 0.5118, 0.5846 0.271 0.5118, 0.5846 0.271 0.4528, 0.6299 0.271 0.5118, 0.6299 0.271 0.5709, 0.6752 0.271 0.5118, 0.7146 0.271 0.5709, 0.6752 0.271 0.4528, 0.7146 0.271 0.0236, 0.6299 0.271 0.4528, 0.6299 0.271 0.0236, 0.7539 0.271 0.689, 0.8233 0.271 0.7419, 0.7539 0.271 0.6299, 0.8233 0.271 0.5709, 0.7146 0.271 0.6299, 0.6634 0.271 0.6299, 0.6634 0.271 0.689, 0.6299 0.271 0.7419, 0.7146 0.271 0.689, 0.7146 0.271 0.7419, 0.5059 0.271 0.6299, 0.5059 0.271 0.689, 0.4724 0.271 0.7419, 0.5512 0.271 0.689, 0.5512 0.271 0.7419, 0.5965 0.271 0.689, 0.5965 0.271 0.6299, 0.5512 0.271 0.6299, 0.3484 0.271 0.6299, 0.3484 0.271 0.689, 0.3937 0.271 0.689, 0.3937 0.271 0.7419, 0.439 0.271 0.689, 0.439 0.271 0.6299, 0.3937 0.271 0.6299, -0.7354 0.271 0.0236, -0.7354 0.271 0.1752, -0.5846 0.271 0.4528, -0.5846 0.271 0.5118, -0.6752 0.271 0.5118, -0.8233 0.271 0.2933, -0.6752 0.271 0.4528, -0.7354 0.271 0.2933, 0.8233 0.271 0.2933, 0.7354 0.271 0.2933, 0.7354 0.271 0.1752, 0.7354 0.271 0.0236, -0.2028 0.271 0.5118, -0.2028 0.271 0.4528, -0.1122 0.271 0.5118, -0.1122 0.271 0.4528, 0.2028 0.271 0.5118, 0.1122 0.271 0.5118, 0.1122 0.271 0.4528, 0.2028 0.271 0.4528, 0.2362 0.271 0.0236, 0.315 0.271 0.5118, 0.3602 0.271 0.5118, 0.3602 0.271 0.4528, 0.315 0.271 0.4528, 0.315 0.271 0.0236, -0.8233 0.271 0.7949, -0.5512 0.271 0.7949, -0.4724 0.271 0.7949, -0.3937 0.271 0.7949, -0.315 0.271 0.7949, -0.2362 0.271 0.7949, -0.0787 0.271 0.7949, 0.0 0.271 0.7949, 0.0787 0.271 0.7949, 0.2362 0.271 0.7949, 0.315 0.271 0.7949, 0.3937 0.271 0.7949, 0.4724 0.271 0.7949, 0.5512 0.271 0.7949, 0.6299 0.271 0.7949, 0.7146 0.271 0.7949, 0.8233 0.271 0.7949
            ]
        }
        coordIndex [
            0,1,2,-1,2,1,3,-1,2,3,4,-1,5,6,7,-1,7,6,4,-1,7,4,8,-1,8,4,3,-1,0,6,1,-1,1,6,5,-1,1,5,9,-1,9,5,10,-1,9,10,11,-1,11,10,12,-1,11,12,13,-1,13,12,14,-1,13,14,8,-1,8,14,15,-1,8,15,7,-1,16,17,18,-1,18,17,19,-1,18,19,20,-1,20,19,21,-1,20,21,9,-1,22,23,11,-1,11,23,24,-1,11,24,9,-1,9,24,25,-1,9,25,20,-1,26,11,27,-1,27,11,13,-1,27,13,28,-1,28,13,29,-1,28,29,30,-1,30,29,31,-1,30,31,32,-1,32,31,33,-1,32,33,34,-1,34,33,22,-1,34,22,26,-1,26,22,11,-1,35,36,37,-1,37,36,38,-1,39,40,41,-1,41,40,33,-1,41,33,42,-1,42,33,31,-1,42,31,43,-1,43,31,44,-1,43,44,35,-1,35,44,45,-1,35,45,36,-1,46,47,48,-1,48,47,49,-1,48,49,50,-1,50,49,17,-1,50,17,22,-1,22,17,16,-1,22,16,23,-1,40,51,33,-1,33,51,52,-1,33,52,22,-1,22,52,53,-1,22,53,50,-1,39,37,40,-1,40,37,38,-1,40,38,54,-1,54,38,55,-1,54,55,56,-1,56,55,57,-1,56,57,58,-1,58,57,59,-1,58,59,45,-1,45,59,60,-1,45,60,36,-1,61,62,63,-1,63,62,64,-1,65,66,67,-1,67,66,56,-1,67,56,68,-1,68,56,58,-1,68,58,69,-1,69,58,70,-1,69,70,61,-1,61,70,71,-1,61,71,62,-1,65,63,66,-1,66,63,64,-1,66,64,72,-1,72,64,73,-1,72,73,74,-1,74,73,75,-1,74,75,76,-1,76,75,77,-1,76,77,71,-1,71,77,78,-1,71,78,62,-1,79,80,81,-1,81,80,82,-1,81,82,54,-1,83,84,79,-1,79,84,85,-1,79,85,80,-1,66,86,56,-1,56,86,87,-1,56,87,54,-1,54,87,88,-1,54,88,81,-1,72,89,90,-1,91,92,93,-1,93,92,94,-1,93,94,95,-1,95,94,96,-1,95,96,97,-1,98,99,100,-1,100,99,101,-1,100,101,97,-1,97,101,102,-1,97,102,95,-1,98,103,104,-1,103,98,105,-1,105,98,106,-1,105,106,107,-1,107,106,108,-1,107,108,109,-1,109,108,110,-1,109,110,111,-1,111,110,112,-1,111,112,104,-1,104,112,92,-1,104,92,98,-1,98,92,91,-1,98,91,99,-1,113,114,115,-1,115,114,116,-1,115,116,117,-1,117,116,108,-1,117,108,118,-1,118,108,106,-1,118,106,119,-1,119,106,120,-1,119,120,121,-1,121,120,122,-1,121,122,113,-1,113,122,114,-1,123,100,124,-1,124,100,125,-1,124,125,126,-1,126,125,127,-1,126,127,128,-1,128,127,120,-1,128,120,129,-1,129,120,106,-1,129,106,130,-1,130,106,98,-1,130,98,123,-1,123,98,100,-1,131,74,132,-1,132,74,76,-1,132,76,133,-1,133,76,134,-1,133,134,135,-1,135,134,125,-1,135,125,136,-1,136,125,100,-1,136,100,137,-1,137,100,97,-1,137,97,131,-1,131,97,74,-1,138,139,21,-1,21,139,140,-1,21,140,9,-1,9,140,141,-1,9,141,1,-1,1,141,142,-1,1,142,143,-1,143,142,144,-1,143,144,145,-1,145,144,140,-1,145,140,139,-1,116,146,108,-1,108,146,147,-1,108,147,110,-1,110,147,148,-1,110,148,149,-1,40,150,151,-1,150,40,152,-1,152,40,54,-1,152,54,153,-1,153,54,82,-1,153,82,151,-1,151,82,47,-1,151,47,40,-1,40,47,46,-1,40,46,51,-1,72,154,66,-1,66,154,155,-1,66,155,156,-1,157,158,156,-1,156,158,84,-1,156,84,66,-1,66,84,83,-1,66,83,86,-1,89,72,159,-1,159,72,74,-1,159,74,160,-1,160,74,97,-1,160,97,161,-1,161,97,96,-1,161,96,162,-1,162,96,163,-1,162,163,90,-1,90,163,158,-1,90,158,72,-1,72,158,157,-1,72,157,154,-1,3,164,8,-1,8,164,165,-1,8,165,13,-1,13,165,166,-1,13,166,29,-1,29,166,167,-1,29,167,31,-1,31,167,168,-1,31,168,44,-1,44,168,169,-1,44,169,45,-1,45,169,170,-1,45,170,58,-1,58,170,171,-1,58,171,70,-1,70,171,172,-1,70,172,71,-1,71,172,173,-1,71,173,76,-1,76,173,174,-1,76,174,134,-1,134,174,175,-1,134,175,125,-1,125,175,176,-1,125,176,127,-1,127,176,177,-1,127,177,120,-1,120,177,178,-1,120,178,122,-1,122,178,179,-1,122,179,114,-1,114,179,180,-1,
        ]
    }
}
Shape{
    appearance Appearance {
        material  Material 	{
            diffuseColor 0.9686274509803922 0.8784313725490196 0.6
            specularColor 0.6784313725490196 0.615686274509804 0.4196078431372549
            ambientIntensity 0.8737
            transparency 0.0
            shininess 0.5
        }
    }
    geometry IndexedFaceSet {
        ccw TRUE
        solid FALSE
        coord DEF co Coordinate {
            point [
                0.4432 0.4586 0.0036, 0.437 0.4402 0.0098, 0.437 0.6055 0.0098, 0.4469 0.6055 0.0, 0.4469 0.4874 0.0, 0.4462 0.4778 0.0004, 0.4446 0.4677 0.0021, 0.124 0.7039 0.3097, 0.0335 0.7039 0.3097, 0.124 0.7039 0.5709, 0.0335 0.7039 0.5709, -0.1024 -1.1228 0.6811, -0.2126 -1.1228 0.6811, -0.1024 -1.1228 0.685, -0.2126 -1.1228 0.685, -0.2697 0.3102 0.4528, -0.3602 0.3102 0.4528, -0.2697 0.3255 0.4507, -0.3602 0.3255 0.4507, -0.2697 0.3398 0.4448, -0.3602 0.3398 0.4448, -0.2697 0.352 0.4355, -0.3602 0.352 0.4355, -0.2697 0.3614 0.4232, -0.3602 0.3614 0.4232, -0.2697 0.3673 0.409, -0.3602 0.3673 0.409, -0.2697 0.3693 0.3937, -0.3602 0.3693 0.3937
            ]
        }
        coordIndex [
            0,1,2,-1,2,3,4,-1,4,5,2,-1,2,5,6,-1,2,6,0,-1,7,8,9,-1,9,8,10,-1,11,12,13,-1,13,12,14,-1,15,16,17,-1,17,16,18,-1,17,18,19,-1,19,18,20,-1,19,20,21,-1,21,20,22,-1,21,22,23,-1,23,22,24,-1,23,24,25,-1,25,24,26,-1,25,26,27,-1,27,26,28,-1,
        ]
    }
}
Shape{
    appearance Appearance {
        material  Material 	{
            diffuseColor 0.6666666666666666 0.6980392156862745 0.7686274509803922
            specularColor 0.3333333333333333 0.34901960784313724 0.3843137254901961
            ambientIntensity 0.6967
            transparency 0.0
            shininess 0.5
        }
    }
    geometry IndexedFaceSet {
        ccw TRUE
        solid FALSE
        coord DEF co Coordinate {
            point [
                -0.6417 -0.7134 0.1181, -0.6417 -0.7134 0.0, -1.2106 -0.7134 0.1181, -1.2106 -0.7134 0.0, 0.8268 0.5465 0.0, 0.8268 0.5465 0.1181, 0.8283 0.5596 0.1181, 0.8283 0.5596 0.0, 0.8326 0.5721 0.1181, 0.8326 0.5721 0.0, 0.8397 0.5833 0.1181, 0.8397 0.5833 0.0, 0.849 0.5926 0.1181, 0.849 0.5926 0.0, 0.8602 0.5997 0.1181, 0.8602 0.5997 0.0, 0.8727 0.604 0.1181, 0.8727 0.604 0.0, 0.8858 0.6055 0.1181, 0.8858 0.6055 0.0
            ]
        }
        coordIndex [
            0,1,2,-1,2,1,3,-1,4,5,6,-1,4,6,7,-1,7,6,8,-1,7,8,9,-1,9,8,10,-1,9,10,11,-1,11,10,12,-1,11,12,13,-1,13,12,14,-1,13,14,15,-1,15,14,16,-1,15,16,17,-1,17,16,18,-1,17,18,19,-1,
        ]
    }
}
Shape{
    appearance Appearance {
        material  Material 	{
            diffuseColor 0.9686274509803922 0.8784313725490196 0.6
            specularColor 0.6784313725490196 0.615686274509804 0.4196078431372549
            ambientIntensity 0.8737
            transparency 0.0
            shininess 0.5
        }
    }
    geometry IndexedFaceSet {
        ccw TRUE
        solid FALSE
        coord DEF co Coordinate {
            point [
                0.1929 0.4402 0.0098, 0.1929 0.6055 0.0098, 0.1929 0.6055 0.0591, 0.1929 0.4283 0.2205, 0.1929 0.3693 0.2205, 0.1929 0.4283 0.1181, 0.1929 0.3693 0.1181, 0.1929 0.4298 0.105, 0.1929 0.371 0.0983, 0.1929 0.4342 0.0925, 0.1929 0.3793 0.0705, 0.1929 0.4412 0.0813, 0.1929 0.3942 0.0455, 0.1929 0.4506 0.0719, 0.1929 0.4148 0.0249, 0.1929 0.4618 0.0649, 0.1929 0.4398 0.0101, 0.1929 0.4743 0.0605, 0.1929 0.4874 0.0591, 0.3422 0.4676 0.0017, 0.3504 0.6055 0.0098, 0.3471 0.4491 0.0064, 0.3504 0.4402 0.0098, 0.3422 0.4677 0.0017, 0.3406 0.4874 0.0, 0.3406 0.6055 0.0, -0.3504 0.4283 0.1181, -0.2795 0.4283 0.1181, -0.3504 0.4298 0.105, -0.2795 0.4298 0.105, -0.3504 0.4342 0.0925, -0.2795 0.4342 0.0925, -0.3504 0.4412 0.0813, -0.2795 0.4412 0.0813, -0.3504 0.4506 0.0719, -0.2795 0.4506 0.0719, -0.3504 0.4618 0.0649, -0.2795 0.4618 0.0649, -0.3504 0.4743 0.0605, -0.2795 0.4743 0.0605, -0.3504 0.4874 0.0591, -0.2795 0.4874 0.0591
            ]
        }
        coordIndex [
            0,1,2,-1,3,4,5,-1,5,4,6,-1,5,6,7,-1,7,6,8,-1,7,8,9,-1,9,8,10,-1,9,10,11,-1,11,10,12,-1,11,12,13,-1,13,12,14,-1,13,14,15,-1,15,14,16,-1,15,16,17,-1,17,16,0,-1,17,0,18,-1,18,0,2,-1,19,20,21,-1,21,20,22,-1,19,23,20,-1,20,23,24,-1,20,24,25,-1,26,27,28,-1,28,27,29,-1,28,29,30,-1,30,29,31,-1,30,31,32,-1,32,31,33,-1,32,33,34,-1,34,33,35,-1,34,35,36,-1,36,35,37,-1,36,37,38,-1,38,37,39,-1,38,39,40,-1,40,39,41,-1,
        ]
    }
}
Shape{
    appearance Appearance {
        material  Material 	{
            diffuseColor 0.2235294117647059 0.2235294117647059 0.2235294117647059
            specularColor 0.11372549019607843 0.11372549019607843 0.11372549019607843
            ambientIntensity 0.2235
            transparency 0.0
            shininess 0.5
        }
    }
    geometry IndexedFaceSet {
        ccw TRUE
        solid FALSE
        coord DEF co Coordinate {
            point [
                -0.6982 1.0583 0.9803, -0.6982 0.6364 0.9803, -0.6982 1.0583 0.7949, -0.6982 0.6364 0.7949
            ]
        }
        coordIndex [
            0,1,2,-1,2,1,3,-1,
        ]
    }
}
Shape{
    appearance Appearance {
        material  Material 	{
            diffuseColor 0.9686274509803922 0.8784313725490196 0.6
            specularColor 0.6784313725490196 0.615686274509804 0.4196078431372549
            ambientIntensity 0.8737
            transparency 0.0
            shininess 0.5
        }
    }
    geometry IndexedFaceSet {
        ccw TRUE
        solid FALSE
        coord DEF co Coordinate {
            point [
                -0.1302 0.4676 0.0017, -0.122 0.6055 0.0098, -0.1253 0.4491 0.0064, -0.122 0.4402 0.0098, -0.1302 0.4677 0.0017, -0.1319 0.4874 0.0, -0.1319 0.6055 0.0
            ]
        }
        coordIndex [
            0,1,2,-1,2,1,3,-1,0,4,1,-1,1,4,5,-1,1,5,6,-1,
        ]
    }
}
Shape{
    appearance Appearance {
        material  Material 	{
            diffuseColor 0.6666666666666666 0.6980392156862745 0.7686274509803922
            specularColor 0.3333333333333333 0.34901960784313724 0.3843137254901961
            ambientIntensity 0.6967
            transparency 0.0
            shininess 0.5
        }
    }
    geometry IndexedFaceSet {
        ccw TRUE
        solid FALSE
        coord DEF co Coordinate {
            point [
                1.2795 -1.8945 0.9646, 1.2795 1.0583 0.9646, 1.2751 1.0583 1.004, 1.2751 -1.8945 1.004, 1.262 1.0583 1.0414, 1.262 -1.8945 1.0414, 1.2409 1.0583 1.075, 1.2409 -1.8945 1.075, 1.2128 1.0583 1.1031, 1.2128 -1.8945 1.1031, 1.1792 1.0583 1.1242, 1.1792 -1.8945 1.1242, 1.1418 1.0583 1.1373, 1.1418 -1.8945 1.1373, 1.1024 1.0583 1.1417, 1.1024 -1.8945 1.1417
            ]
        }
        coordIndex [
            0,1,2,-1,0,2,3,-1,3,2,4,-1,3,4,5,-1,5,4,6,-1,5,6,7,-1,7,6,8,-1,7,8,9,-1,9,8,10,-1,9,10,11,-1,11,10,12,-1,11,12,13,-1,13,12,14,-1,13,14,15,-1,
        ]
    }
}
Shape{
    appearance Appearance {
        material  Material 	{
            diffuseColor 0.9686274509803922 0.8784313725490196 0.6
            specularColor 0.6784313725490196 0.615686274509804 0.4196078431372549
            ambientIntensity 0.8737
            transparency 0.0
            shininess 0.5
        }
    }
    geometry IndexedFaceSet {
        ccw TRUE
        solid FALSE
        coord DEF co Coordinate {
            point [
                -0.6634 0.7812 0.117, -0.6732 0.7928 0.1046, -0.6634 0.8244 0.1573, -0.6732 0.836 0.1448, -0.5059 0.7039 0.3097, -0.5965 0.7039 0.3097, -0.5059 0.7039 0.5709, -0.5965 0.7039 0.5709, 0.0248 -1.1051 0.4606, 0.0248 -1.1051 0.4528, 0.0394 -1.0905 0.4606, 0.0394 -1.0905 0.4528, 0.6634 0.6766 0.2292, 0.7539 0.6766 0.2292, 0.7539 0.6594 0.253, 0.6634 0.6594 0.253, 0.7539 0.6486 0.2805, 0.6634 0.6486 0.2805, 0.7539 0.6449 0.3097, 0.6634 0.6449 0.3097
            ]
        }
        coordIndex [
            0,1,2,-1,2,1,3,-1,4,5,6,-1,6,5,7,-1,8,9,10,-1,10,9,11,-1,12,13,14,-1,12,14,15,-1,15,14,16,-1,15,16,17,-1,17,16,18,-1,17,18,19,-1,
        ]
    }
}
Shape{
    appearance Appearance {
        material  Material 	{
            diffuseColor 0.6666666666666666 0.6980392156862745 0.7686274509803922
            specularColor 0.3333333333333333 0.34901960784313724 0.3843137254901961
            ambientIntensity 0.6967
            transparency 0.0
            shininess 0.5
        }
    }
    geometry IndexedFaceSet {
        ccw TRUE
        solid FALSE
        coord DEF co Coordinate {
            point [
                0.2362 0.1654 1.127, -0.2362 0.1654 1.127, 0.2362 -0.002 1.0489, -0.2362 -0.002 1.0489, 0.2349 -0.0109 1.0448, 0.2342 -0.0158 1.0425, 0.2233 -0.0346 1.0337, 0.2283 -0.0287 1.0365, 0.2308 -0.0234 1.039, -0.2349 -0.0109 1.0448, 0.2132 -0.0438 1.0294, 0.2189 -0.0398 1.0313, 0.2067 -0.0483 1.0273, 0.2008 -0.0505 1.0263, 0.187 -0.0543 1.0245, 0.1925 -0.0537 1.0248, -0.2342 -0.0158 1.0425, -0.2308 -0.0234 1.039, -0.187 -0.0543 1.0245, -0.2283 -0.0287 1.0365, -0.2233 -0.0346 1.0337, -0.1772 -0.0555 1.024, 0.1772 -0.0555 1.024, -0.2189 -0.0398 1.0313, -0.2132 -0.0438 1.0294, -0.2067 -0.0483 1.0273, -0.2008 -0.0505 1.0263, -0.1925 -0.0537 1.0248
            ]
        }
        coordIndex [
            0,1,2,-1,2,1,3,-1,2,3,4,-1,4,3,5,-1,6,7,3,-1,3,7,8,-1,3,8,5,-1,9,10,3,-1,3,10,11,-1,3,11,6,-1,12,10,13,-1,13,10,14,-1,13,14,15,-1,16,17,18,-1,18,17,19,-1,18,19,20,-1,16,18,9,-1,9,18,21,-1,9,21,10,-1,10,21,22,-1,10,22,14,-1,20,23,24,-1,24,25,26,-1,20,24,18,-1,18,24,26,-1,18,26,27,-1,
        ]
    }
}
Shape{
    appearance Appearance {
        material  Material 	{
            diffuseColor 0.9686274509803922 0.8784313725490196 0.6
            specularColor 0.6784313725490196 0.615686274509804 0.4196078431372549
            ambientIntensity 0.8737
            transparency 0.0
            shininess 0.5
        }
    }
    geometry IndexedFaceSet {
        ccw TRUE
        solid FALSE
        coord DEF co Coordinate {
            point [
                -0.5866 0.8985 0.0778, -0.5157 0.8985 0.0778, -0.5866 0.9076 0.0699, -0.5157 0.9076 0.0699, -0.5866 0.9181 0.064, -0.5157 0.9181 0.064, -0.5866 0.9296 0.0603, -0.5157 0.9296 0.0603, -0.5866 0.9417 0.0591, -0.5157 0.9417 0.0591, 0.3602 0.271 0.5118, 0.3602 0.3102 0.5118, 0.315 0.271 0.5118, 0.2697 0.3102 0.5118, 0.2697 0.271 0.5118, 0.3701 -1.1228 0.6811, 0.2598 -1.1228 0.6811, 0.3701 -1.1228 0.685, 0.2598 -1.1228 0.685, -0.4469 0.6055 0.0, -0.4469 0.4874 0.0, -0.498 0.6055 0.0, -0.498 0.4874 0.0
            ]
        }
        coordIndex [
            0,1,2,-1,2,1,3,-1,2,3,4,-1,4,3,5,-1,4,5,6,-1,6,5,7,-1,6,7,8,-1,8,7,9,-1,10,11,12,-1,12,11,13,-1,12,13,14,-1,15,16,17,-1,17,16,18,-1,19,20,21,-1,21,20,22,-1,
        ]
    }
}
Shape{
    appearance Appearance {
        material  Material 	{
            diffuseColor 0.6666666666666666 0.6980392156862745 0.7686274509803922
            specularColor 0.3333333333333333 0.34901960784313724 0.3843137254901961
            ambientIntensity 0.6967
            transparency 0.0
            shininess 0.5
        }
    }
    geometry IndexedFaceSet {
        ccw TRUE
        solid FALSE
        coord DEF co Coordinate {
            point [
                -0.8486 -1.3236 0.0, -0.8486 -1.8945 0.0, -0.8843 -1.8945 0.0036, -0.8843 -1.3236 0.0036, -0.9186 -1.8945 0.0144, -0.9186 -1.3236 0.0144, -0.95 -1.8945 0.0319, -0.95 -1.3236 0.0319, -0.9772 -1.8945 0.0553, -0.9772 -1.3236 0.0553
            ]
        }
        coordIndex [
            0,1,2,-1,0,2,3,-1,3,2,4,-1,3,4,5,-1,5,4,6,-1,5,6,7,-1,7,6,8,-1,7,8,9,-1,
        ]
    }
}
Shape{
    appearance Appearance {
        material  Material 	{
            diffuseColor 0.9686274509803922 0.8784313725490196 0.6
            specularColor 0.6784313725490196 0.615686274509804 0.4196078431372549
            ambientIntensity 0.8737
            transparency 0.0
            shininess 0.5
        }
    }
    geometry IndexedFaceSet {
        ccw TRUE
        solid FALSE
        coord DEF co Coordinate {
            point [
                0.0354 0.4283 0.2205, 0.0453 0.4283 0.2375, 0.0354 0.3693 0.2205, 0.0453 0.3693 0.2375, 0.7539 0.7039 0.5709, 0.6634 0.7039 0.5709, 0.6634 0.6999 0.6014, 0.7539 0.6999 0.6014, 0.6634 0.6881 0.6299, 0.7539 0.6881 0.6299, 0.6634 0.6693 0.6544, 0.7539 0.6693 0.6544, 0.6634 0.6449 0.6732, 0.7539 0.6449 0.6732, 0.6634 0.6164 0.685, 0.7539 0.6164 0.685, 0.6634 0.5858 0.689, 0.7539 0.5858 0.689, 0.6058 -1.1059 0.4528, 0.6693 -1.0905 0.4528, 0.6062 -1.1069 0.4528, 0.6547 -1.1051 0.4528, 0.6542 -1.1057 0.4528, 0.6535 -1.2107 0.4528, 0.6063 -1.2107 0.4528, 0.6535 -1.1079 0.4528, 0.6063 -1.1079 0.4528, 0.6536 -1.1071 0.4528, 0.6538 -1.1064 0.4528, 0.5906 -0.3315 0.4528, 0.6693 -0.3315 0.4528, 0.5906 -1.0905 0.4528, 0.6051 -1.1051 0.4528
            ]
        }
        coordIndex [
            0,1,2,-1,2,1,3,-1,4,5,6,-1,4,6,7,-1,7,6,8,-1,7,8,9,-1,9,8,10,-1,9,10,11,-1,11,10,12,-1,11,12,13,-1,13,12,14,-1,13,14,15,-1,15,14,16,-1,15,16,17,-1,18,19,20,-1,20,19,21,-1,20,21,22,-1,23,24,25,-1,25,24,26,-1,25,26,27,-1,27,26,20,-1,27,20,28,-1,28,20,22,-1,29,30,31,-1,31,30,19,-1,31,19,32,-1,32,19,18,-1,
        ]
    }
}
Shape{
    appearance Appearance {
        material  Material 	{
            diffuseColor 0.2235294117647059 0.2235294117647059 0.2235294117647059
            specularColor 0.11372549019607843 0.11372549019607843 0.11372549019607843
            ambientIntensity 0.2235
            transparency 0.0
            shininess 0.5
        }
    }
    geometry IndexedFaceSet {
        ccw TRUE
        solid FALSE
        coord DEF co Coordinate {
            point [
                -0.8465 -0.3394 0.6811, -0.748 -0.3394 0.6811, -0.8465 -0.3354 0.685, -0.748 -0.3315 0.689, -0.9213 -0.2606 0.7598, -0.6693 -0.3315 0.689, 0.9213 -0.2606 0.7598, -0.5118 -0.3315 0.689, -0.5118 -0.3394 0.6811, -0.4331 -0.3394 0.6811, -0.4331 -0.3315 0.689, -0.3543 -0.3315 0.689, -0.5906 -0.3315 0.689, -0.5906 -0.3394 0.6811, -0.6693 -0.3394 0.6811, -0.1969 -0.3315 0.689, -0.1969 -0.3394 0.6811, -0.1181 -0.3394 0.6811, -0.1181 -0.3315 0.689, -0.0394 -0.3315 0.689, -0.2756 -0.3315 0.689, -0.2756 -0.3394 0.6811, -0.3543 -0.3394 0.6811, 0.1181 -0.3315 0.689, 0.1181 -0.3394 0.6811, 0.1969 -0.3394 0.6811, 0.1969 -0.3315 0.689, 0.2756 -0.3315 0.689, 0.0394 -0.3315 0.689, 0.0394 -0.3394 0.6811, -0.0394 -0.3394 0.6811, 0.4331 -0.3315 0.689, 0.4331 -0.3394 0.6811, 0.5118 -0.3394 0.6811, 0.5118 -0.3315 0.689, 0.5906 -0.3315 0.689, 0.3543 -0.3315 0.689, 0.3543 -0.3394 0.6811, 0.2756 -0.3394 0.6811, 0.748 -0.3315 0.689, 0.748 -0.3394 0.6811, 0.8465 -0.3394 0.6811, 0.5906 -0.3394 0.6811, 0.6693 -0.3394 0.6811, 0.6693 -0.3315 0.689, 0.8465 -0.3354 0.685
            ]
        }
        coordIndex [
            0,1,2,-1,2,1,3,-1,2,3,4,-1,4,3,5,-1,4,5,6,-1,7,8,9,-1,10,11,6,-1,9,10,7,-1,7,10,6,-1,7,6,12,-1,12,6,5,-1,12,5,13,-1,13,5,14,-1,15,16,17,-1,18,19,6,-1,17,18,15,-1,15,18,6,-1,15,6,20,-1,20,6,11,-1,20,11,21,-1,21,11,22,-1,23,24,25,-1,26,27,6,-1,25,26,23,-1,23,26,6,-1,23,6,28,-1,28,6,19,-1,28,19,29,-1,29,19,30,-1,31,32,33,-1,34,35,6,-1,33,34,31,-1,31,34,6,-1,31,6,36,-1,36,6,27,-1,36,27,37,-1,37,27,38,-1,39,40,41,-1,42,43,35,-1,35,43,44,-1,35,44,6,-1,6,44,39,-1,6,39,45,-1,45,39,41,-1,
        ]
    }
}
Shape{
    appearance Appearance {
        material  Material 	{
            diffuseColor 0.9686274509803922 0.8784313725490196 0.6
            specularColor 0.6784313725490196 0.615686274509804 0.4196078431372549
            ambientIntensity 0.8737
            transparency 0.0
            shininess 0.5
        }
    }
    geometry IndexedFaceSet {
        ccw TRUE
        solid FALSE
        coord DEF co Coordinate {
            point [
                0.5748 -1.2107 0.689, 0.5276 -1.2107 0.689, 0.5276 -1.2195 0.688, 0.5748 -1.2195 0.688, 0.5276 -1.2278 0.685, 0.5748 -1.2278 0.685, 1.1417 0.2709 0.7347, 1.1417 0.2709 0.9291, 1.1417 -0.2213 0.7347, 1.1417 -0.2213 0.9291
            ]
        }
        coordIndex [
            0,1,2,-1,0,2,3,-1,3,2,4,-1,3,4,5,-1,6,7,8,-1,8,7,9,-1,
        ]
    }
}
Shape{
    appearance Appearance {
        material  Material 	{
            diffuseColor 0.6666666666666666 0.6980392156862745 0.7686274509803922
            specularColor 0.3333333333333333 0.34901960784313724 0.3843137254901961
            ambientIntensity 0.6967
            transparency 0.0
            shininess 0.5
        }
    }
    geometry IndexedFaceSet {
        ccw TRUE
        solid FALSE
        coord DEF co Coordinate {
            point [
                0.945 0.8024 0.1717, 0.8772 0.8024 0.2685, 0.945 0.9992 0.1717, 0.8772 0.9992 0.2685
            ]
        }
        coordIndex [
            0,1,2,-1,2,1,3,-1,
        ]
    }
}
Shape{
    appearance Appearance {
        material  Material 	{
            diffuseColor 0.9686274509803922 0.8784313725490196 0.6
            specularColor 0.6784313725490196 0.615686274509804 0.4196078431372549
            ambientIntensity 0.8737
            transparency 0.0
            shininess 0.5
        }
    }
    geometry IndexedFaceSet {
        ccw TRUE
        solid FALSE
        coord DEF co Coordinate {
            point [
                0.5157 0.7928 0.1046, 0.5157 0.8553 0.0376, 0.5866 0.8553 0.0376, 0.5866 0.7928 0.1046, 0.5965 0.7812 0.117, 0.5059 0.7812 0.117, 0.5965 0.6766 0.2292, 0.5059 0.6766 0.2292
            ]
        }
        coordIndex [
            0,1,2,-1,2,3,0,-1,0,3,4,-1,0,4,5,-1,5,4,6,-1,5,6,7,-1,
        ]
    }
}
Shape{
    appearance Appearance {
        material  Material 	{
            diffuseColor 0.6666666666666666 0.6980392156862745 0.7686274509803922
            specularColor 0.3333333333333333 0.34901960784313724 0.3843137254901961
            ambientIntensity 0.6967
            transparency 0.0
            shininess 0.5
        }
    }
    geometry IndexedFaceSet {
        ccw TRUE
        solid FALSE
        coord DEF co Coordinate {
            point [
                -0.7109 -1.4926 1.1081, -0.7122 -1.4916 1.1083, -0.712 -1.5302 1.0511, -0.7593 -1.4046 1.1081, -0.7593 -1.4713 1.0107, -0.7576 -1.4821 1.0181, -0.7199 -1.5276 1.0492, -0.7247 -1.4824 1.1098, -0.7285 -1.5221 1.0455, -0.7287 -1.4777 1.1107, -0.7362 -1.5172 1.0421, -0.7371 -1.468 1.1125, -0.7421 -1.5109 1.0378, -0.7422 -1.4586 1.1144, -0.7487 -1.5038 1.0329, -0.7485 -1.4471 1.1166, -0.752 -1.4973 1.0285, -0.7521 -1.4356 1.1186, -0.7566 -1.4881 1.0222, -0.756 -1.4231 1.1208, -0.7582 -1.4154 1.1156, -0.6958 -1.499 1.107, -0.7009 -1.534 1.0537, -0.6937 -1.4993 1.1069, -0.6936 -1.5348 1.0542, -0.6805 -1.5363 1.0552, -0.6805 -1.5013 1.1062
            ]
        }
        coordIndex [
            0,1,2,-1,3,4,5,-1,2,1,6,-1,6,1,7,-1,6,7,8,-1,8,7,9,-1,8,9,10,-1,10,9,11,-1,10,11,12,-1,12,11,13,-1,12,13,14,-1,14,13,15,-1,14,15,16,-1,16,15,17,-1,16,17,18,-1,18,17,19,-1,18,19,5,-1,5,19,20,-1,5,20,3,-1,0,2,21,-1,21,2,22,-1,21,22,23,-1,22,24,23,-1,23,24,25,-1,23,25,26,-1,
        ]
    }
}
Shape{
    appearance Appearance {
        material  Material 	{
            diffuseColor 0.2235294117647059 0.2235294117647059 0.2235294117647059
            specularColor 0.11372549019607843 0.11372549019607843 0.11372549019607843
            ambientIntensity 0.2235
            transparency 0.0
            shininess 0.5
        }
    }
    geometry IndexedFaceSet {
        ccw TRUE
        solid FALSE
        coord DEF co Coordinate {
            point [
                0.8508 1.0583 1.0079, 0.8508 -0.2213 1.0079, 1.063 1.0583 1.0079, 1.063 -0.2213 1.0079
            ]
        }
        coordIndex [
            0,1,2,-1,2,1,3,-1,
        ]
    }
}
Shape{
    appearance Appearance {
        material  Material 	{
            diffuseColor 0.9686274509803922 0.8784313725490196 0.6
            specularColor 0.6784313725490196 0.615686274509804 0.4196078431372549
            ambientIntensity 0.8737
            transparency 0.0
            shininess 0.5
        }
    }
    geometry IndexedFaceSet {
        ccw TRUE
        solid FALSE
        coord DEF co Coordinate {
            point [
                -0.6654 0.3693 0.2205, -0.6654 0.3693 0.1181, -0.5945 0.3693 0.1181, -0.5945 0.3693 0.2205, -0.5846 0.3693 0.2375, -0.6752 0.3693 0.2375, -0.5846 0.3693 0.3937, -0.6752 0.3693 0.3937, -0.2756 -0.3315 0.4528, -0.2756 -0.3394 0.4606, -0.2756 -1.0905 0.4528, -0.2756 -1.0905 0.4606
            ]
        }
        coordIndex [
            0,1,2,-1,2,3,0,-1,0,3,4,-1,0,4,5,-1,5,4,6,-1,5,6,7,-1,8,9,10,-1,10,9,11,-1,
        ]
    }
}
Shape{
    appearance Appearance {
        material  Material 	{
            diffuseColor 0.6666666666666666 0.6980392156862745 0.7686274509803922
            specularColor 0.3333333333333333 0.34901960784313724 0.3843137254901961
            ambientIntensity 0.6967
            transparency 0.0
            shininess 0.5
        }
    }
    geometry IndexedFaceSet {
        ccw TRUE
        solid FALSE
        coord DEF co Coordinate {
            point [
                -0.8858 0.6055 0.1181, -0.8858 0.6055 0.0, -1.0827 0.6055 0.1181, -1.0827 0.6055 0.0, -1.1002 0.6055 0.1201, -1.1265 0.6055 0.0049, -1.1168 0.6055 0.1259, -1.1681 0.6055 0.0195, -1.1318 0.6055 0.1353, -1.2054 0.6055 0.0429, -1.1442 0.6055 0.1478, -1.2366 0.6055 0.0741, -1.1536 0.6055 0.1627, -1.26 0.6055 0.1114, -1.1594 0.6055 0.1793, -1.2746 0.6055 0.153, -1.1614 0.6055 0.1969, -1.2795 0.6055 0.1969, -1.1614 0.6055 0.5197, -1.2795 0.6055 0.5197, -1.0827 0.1429 0.1181, -0.8705 0.6035 0.1181, -0.8268 0.5465 0.1181, -0.8268 0.202 0.1181, -0.8858 0.1429 0.1181, -0.8441 0.1602 0.1181, -0.8563 0.1508 0.1181, -0.8705 0.1449 0.1181, -0.8347 0.1724 0.1181, -0.8288 0.1867 0.1181, -0.8288 0.5617 0.1181, -0.8347 0.576 0.1181, -0.8441 0.5882 0.1181, -0.8563 0.5976 0.1181
            ]
        }
        coordIndex [
            0,1,2,-1,2,1,3,-1,2,3,4,-1,4,3,5,-1,4,5,6,-1,6,5,7,-1,6,7,8,-1,8,7,9,-1,8,9,10,-1,10,9,11,-1,10,11,12,-1,12,11,13,-1,12,13,14,-1,14,13,15,-1,14,15,16,-1,16,15,17,-1,16,17,18,-1,18,17,19,-1,0,2,20,-1,21,0,22,-1,22,0,23,-1,23,0,20,-1,23,20,24,-1,25,24,26,-1,26,24,27,-1,25,28,24,-1,24,28,29,-1,24,29,23,-1,22,30,31,-1,31,32,22,-1,22,32,33,-1,22,33,21,-1,
        ]
    }
}
Shape{
    appearance Appearance {
        material  Material 	{
            diffuseColor 0.9686274509803922 0.8784313725490196 0.6
            specularColor 0.6784313725490196 0.615686274509804 0.4196078431372549
            ambientIntensity 0.8737
            transparency 0.0
            shininess 0.5
        }
    }
    geometry IndexedFaceSet {
        ccw TRUE
        solid FALSE
        coord DEF co Coordinate {
            point [
                0.5748 -1.1228 0.685, 0.5748 -1.1228 0.6811, 0.5748 -1.1079 0.6811, 0.5748 -1.1079 0.689, 0.5748 -1.2107 0.689, 0.5748 -1.2278 0.685, 0.5748 -1.2195 0.688
            ]
        }
        coordIndex [
            0,1,2,-1,2,3,0,-1,0,3,4,-1,0,4,5,-1,5,4,6,-1,
        ]
    }
}
Shape{
    appearance Appearance {
        material  Material 	{
            diffuseColor 0.6666666666666666 0.6980392156862745 0.7686274509803922
            specularColor 0.3333333333333333 0.34901960784313724 0.3843137254901961
            ambientIntensity 0.6967
            transparency 0.0
            shininess 0.5
        }
    }
    geometry IndexedFaceSet {
        ccw TRUE
        solid FALSE
        coord DEF co Coordinate {
            point [
                0.8189 0.5898 1.0236, 0.8189 0.5819 1.0236, 0.8189 0.5898 1.1417, 0.8189 0.5819 1.1417
            ]
        }
        coordIndex [
            0,1,2,-1,2,1,3,-1,
        ]
    }
}
Shape{
    appearance Appearance {
        material  Material 	{
            diffuseColor 0.9686274509803922 0.8784313725490196 0.6
            specularColor 0.6784313725490196 0.615686274509804 0.4196078431372549
            ambientIntensity 0.8737
            transparency 0.0
            shininess 0.5
        }
    }
    geometry IndexedFaceSet {
        ccw TRUE
        solid FALSE
        coord DEF co Coordinate {
            point [
                0.5157 0.9181 0.064, 0.5157 0.8945 0.0098, 0.5157 0.9076 0.0699, 0.5157 0.8715 0.0231, 0.5157 0.8985 0.0778, 0.5157 0.8553 0.0376, 0.5157 0.836 0.1448, 0.5157 0.7928 0.1046, 0.5157 1.0542 0.0591, 0.5157 1.0542 0.0098, 0.5157 0.9417 0.0591, 0.5157 0.9296 0.0603, -0.2894 0.6055 0.0, -0.2894 0.4874 0.0, -0.3406 0.6055 0.0, -0.3406 0.4874 0.0, -0.5846 0.4283 0.3937, -0.6752 0.4283 0.3937, -0.6752 0.4243 0.4243, -0.5846 0.4243 0.4243, -0.6752 0.4125 0.4528, -0.5846 0.4125 0.4528, -0.6752 0.3938 0.4772, -0.5846 0.3938 0.4772, -0.6752 0.3693 0.496, -0.5846 0.3693 0.496, -0.6752 0.3408 0.5078, -0.5846 0.3408 0.5078, -0.6752 0.3102 0.5118, -0.5846 0.3102 0.5118, -0.1043 1.0542 0.0, -0.0531 1.0542 0.0, -0.1043 0.9417 0.0, -0.0531 0.9417 0.0, -0.2717 0.7928 0.1046, -0.2815 0.7812 0.117, -0.2717 0.836 0.1448, -0.2815 0.8244 0.1573, 0.2028 0.3102 0.4528, 0.1122 0.3102 0.4528, 0.2028 0.3255 0.4507, 0.1122 0.3255 0.4507, 0.2028 0.3398 0.4448, 0.1122 0.3398 0.4448, 0.2028 0.352 0.4355, 0.1122 0.352 0.4355, 0.2028 0.3614 0.4232, 0.1122 0.3614 0.4232, 0.2028 0.3673 0.409, 0.1122 0.3673 0.409, 0.2028 0.3693 0.3937, 0.1122 0.3693 0.3937
            ]
        }
        coordIndex [
            0,1,2,-1,2,1,3,-1,2,3,4,-1,4,3,5,-1,4,5,6,-1,6,5,7,-1,8,9,10,-1,10,9,1,-1,10,1,11,-1,11,1,0,-1,12,13,14,-1,14,13,15,-1,16,17,18,-1,16,18,19,-1,19,18,20,-1,19,20,21,-1,21,20,22,-1,21,22,23,-1,23,22,24,-1,23,24,25,-1,25,24,26,-1,25,26,27,-1,27,26,28,-1,27,28,29,-1,30,31,32,-1,32,31,33,-1,34,35,36,-1,36,35,37,-1,38,39,40,-1,40,39,41,-1,40,41,42,-1,42,41,43,-1,42,43,44,-1,44,43,45,-1,44,45,46,-1,46,45,47,-1,46,47,48,-1,48,47,49,-1,48,49,50,-1,50,49,51,-1,
        ]
    }
}
Shape{
    appearance Appearance {
        material  Material 	{
            diffuseColor 0.6666666666666666 0.6980392156862745 0.7686274509803922
            specularColor 0.3333333333333333 0.34901960784313724 0.3843137254901961
            ambientIntensity 0.6967
            transparency 0.0
            shininess 0.5
        }
    }
    geometry IndexedFaceSet {
        ccw TRUE
        solid FALSE
        coord DEF co Coordinate {
            point [
                -0.8141 0.0051 0.1181, -0.8486 0.0051 0.1181, -0.8141 -0.0539 0.1181, -0.8486 -0.5756 0.1181, -0.9547 -1.0348 0.1181, -0.9785 -1.0447 0.1181, -0.6417 -1.1858 0.1181, -1.0039 -1.048 0.1181, -1.2106 -1.1858 0.1181, -0.6 -0.5929 0.1181, -0.5906 -0.6051 0.1181, -0.0039 -0.0539 0.1181, -1.2106 -0.7134 0.1181, -1.2234 -0.7151 0.1181, -1.0735 -0.88 0.1181, -1.0531 -0.8644 0.1181, -1.0294 -0.8545 0.1181, -0.6417 -0.7134 0.1181, -0.9089 -0.9241 0.1181, -0.6049 -0.7005 0.1181, -0.9187 -0.9004 0.1181, -0.6161 -0.7075 0.1181, -0.9343 -0.88 0.1181, -0.9547 -0.8644 0.1181, -0.0039 -0.5038 0.1181, -1.0294 -1.0447 0.1181, -1.0531 -1.0348 0.1181, -1.2216 -1.1846 0.1181, -1.0735 -1.0192 0.1181, -1.232 -1.181 0.1181, -1.2586 -1.1476 0.1181, -1.255 -1.158 0.1181, -0.6286 -0.7119 0.1181, -1.0039 -0.8512 0.1181, -0.9785 -0.8545 0.1181, -0.6417 -0.5756 0.1181, -0.6264 -0.5776 0.1181, -0.6122 -0.5835 0.1181, -0.6417 -1.3236 0.1181, -0.8486 -1.3236 0.1181, -0.8486 -1.8354 0.1181, 0.0051 -1.221 0.1181, 0.0159 -1.2053 0.1181, -0.5847 -1.2296 0.1181, 0.0302 -1.1927 0.1181, -0.5847 -0.6194 0.1181, -0.5827 -0.6346 0.1181, -0.5827 -0.6543 0.1181, -0.6122 -1.1937 0.1181, 0.0051 -0.5404 0.1181, -0.0016 -0.5227 0.1181, -1.2491 -1.1673 0.1181, -1.2413 -1.1751 0.1181, -1.1871 -1.0159 0.1181, -1.0892 -0.9988 0.1181, -1.1731 -0.9961 0.1181, -1.099 -0.9751 0.1181, -1.1644 -0.9736 0.1181, -1.2054 -1.0316 0.1181, -1.2598 -1.0888 0.1181, -1.2598 -1.1366 0.1181, -0.5885 -0.68 0.1181, -0.5956 -0.6912 0.1181, -0.6264 -1.1878 0.1181, -0.5842 -0.6675 0.1181, -0.5906 -1.2154 0.1181, 0.0471 -0.5775 0.1181, -0.6 -1.2031 0.1181, 0.0302 -0.5687 0.1181, 0.0159 -0.5561 0.1181, 0.3504 -0.5969 0.1181, -1.1614 -0.9496 0.1181, -1.1024 -0.9496 0.1181, -1.1644 -0.9256 0.1181, -1.099 -0.9241 0.1181, -1.1731 -0.9031 0.1181, -0.9055 -0.9496 0.1181, -0.9089 -0.9751 0.1181, -0.9187 -0.9988 0.1181, -0.9343 -1.0192 0.1181, 0.0846 -0.5819 0.1181, 0.0748 -0.5825 0.1181, 0.0656 -0.582 0.1181, 0.0748 -1.1789 0.1181, 0.0656 -1.1794 0.1181, 0.0471 -1.1839 0.1181, -1.227 -1.0424 0.1181, -1.2378 -1.0478 0.1181, -1.2584 -1.0768 0.1181, -1.247 -1.0557 0.1181, -1.254 -1.0655 0.1181, -1.1871 -0.8833 0.1181, -1.0892 -0.9004 0.1181, -1.2054 -0.8676 0.1181, -1.2352 -0.72 0.1181, -1.2454 -0.7278 0.1181, -1.2532 -0.738 0.1181, -1.227 -0.8568 0.1181, -1.2598 -0.8104 0.1181, -1.2598 -0.7626 0.1181, -1.2582 -0.7499 0.1181, -0.5956 -1.3014 0.1181, -0.6049 -1.3107 0.1181, -0.0039 -1.8354 0.1181, -0.6161 -1.3178 0.1181, -0.6286 -1.3221 0.1181, -1.2584 -0.8224 0.1181, -1.254 -0.8337 0.1181, 0.2717 -0.5181 0.1181, 0.2619 -0.5187 0.1181, 0.2434 -0.5234 0.1181, 0.103 -0.5773 0.1181, 0.0846 -1.1795 0.1181, 0.103 -1.1841 0.1181, 0.3504 -1.1646 0.1181, 0.2434 -1.2381 0.1181, 0.2619 -1.2427 0.1181, -1.247 -0.8435 0.1181, -1.2378 -0.8514 0.1181, -0.0039 -1.2576 0.1181, -0.5842 -1.2777 0.1181, -0.5885 -1.2902 0.1181, 0.3162 -0.532 0.1181, 0.2994 -0.5232 0.1181, 0.2809 -0.5187 0.1181, 0.3481 -0.578 0.1181, 0.3413 -0.5602 0.1181, 0.3305 -0.5445 0.1181, 0.2717 -1.2433 0.1181, 0.2809 -1.2428 0.1181, 0.3481 -1.1834 0.1181, 0.2994 -1.2383 0.1181, 0.3162 -1.2295 0.1181, 0.3305 -1.2169 0.1181, 0.3413 -1.2012 0.1181, -0.0016 -1.2388 0.1181, -0.5827 -1.2449 0.1181, -0.5827 -1.2646 0.1181
            ]
        }
        coordIndex [
            0,1,2,-1,2,1,3,-1,4,5,6,-1,6,5,7,-1,6,7,8,-1,9,10,11,-1,12,13,14,-1,14,15,12,-1,12,15,16,-1,12,16,17,-1,18,19,20,-1,20,19,21,-1,20,21,22,-1,22,21,23,-1,11,10,24,-1,7,25,8,-1,8,25,26,-1,8,26,27,-1,27,26,28,-1,27,28,29,-1,30,31,28,-1,17,16,32,-1,32,16,33,-1,32,33,21,-1,21,33,34,-1,21,34,23,-1,3,35,2,-1,2,35,36,-1,2,36,11,-1,11,36,37,-1,11,37,9,-1,38,39,40,-1,41,42,43,-1,43,42,44,-1,10,45,24,-1,24,45,46,-1,24,46,47,-1,48,49,50,-1,31,51,28,-1,28,51,52,-1,28,52,29,-1,53,54,55,-1,55,54,56,-1,55,56,57,-1,53,58,54,-1,54,58,59,-1,54,59,28,-1,28,59,60,-1,28,60,30,-1,61,62,63,-1,63,62,19,-1,50,24,48,-1,48,24,47,-1,48,47,63,-1,63,47,64,-1,63,64,61,-1,65,66,67,-1,67,66,68,-1,67,68,48,-1,48,68,69,-1,48,69,49,-1,70,65,43,-1,57,56,71,-1,71,56,72,-1,71,72,73,-1,73,72,74,-1,73,74,75,-1,18,76,19,-1,19,76,77,-1,19,77,63,-1,63,77,78,-1,63,78,6,-1,6,78,79,-1,6,79,4,-1,80,81,65,-1,65,81,82,-1,65,82,66,-1,83,70,84,-1,84,70,43,-1,84,43,85,-1,85,43,44,-1,58,86,59,-1,59,86,87,-1,59,87,88,-1,88,87,89,-1,88,89,90,-1,75,74,91,-1,91,74,92,-1,91,92,93,-1,13,94,14,-1,14,94,95,-1,14,95,96,-1,97,93,98,-1,98,93,92,-1,98,92,99,-1,99,92,14,-1,99,14,100,-1,100,14,96,-1,101,102,103,-1,103,102,104,-1,103,104,40,-1,40,104,105,-1,40,105,38,-1,98,106,107,-1,108,109,70,-1,70,109,110,-1,70,110,65,-1,65,110,111,-1,65,111,80,-1,83,112,70,-1,70,112,113,-1,70,113,114,-1,114,113,115,-1,114,115,116,-1,107,117,98,-1,98,117,118,-1,98,118,97,-1,119,120,103,-1,103,120,121,-1,103,121,101,-1,122,123,70,-1,70,123,124,-1,70,124,108,-1,125,126,70,-1,70,126,127,-1,70,127,122,-1,116,128,114,-1,114,128,129,-1,114,129,130,-1,130,129,131,-1,131,132,130,-1,130,132,133,-1,130,133,134,-1,41,43,135,-1,135,43,136,-1,135,136,119,-1,119,136,137,-1,119,137,120,-1,
        ]
    }
}
Shape{
    appearance Appearance {
        material  Material 	{
            diffuseColor 0.9686274509803922 0.8784313725490196 0.6
            specularColor 0.6784313725490196 0.615686274509804 0.4196078431372549
            ambientIntensity 0.8737
            transparency 0.0
            shininess 0.5
        }
    }
    geometry IndexedFaceSet {
        ccw TRUE
        solid FALSE
        coord DEF co Coordinate {
            point [
                -0.3602 0.271 0.4528, -0.3602 0.3102 0.4528, -0.315 0.271 0.4528, -0.2697 0.3102 0.4528, -0.2697 0.271 0.4528, -0.3484 0.7812 0.117, -0.3583 0.7928 0.1046, -0.3484 0.8244 0.1573, -0.3583 0.836 0.1448, -0.5177 0.271 0.4528, -0.5177 0.271 0.5118, -0.5177 0.3102 0.4528, -0.5177 0.3102 0.5118, -0.5177 0.3255 0.4507, -0.5177 0.3408 0.5078, -0.5177 0.3398 0.4448, -0.5177 0.3693 0.496, -0.5177 0.352 0.4355, -0.5177 0.3938 0.4772, -0.5177 0.3614 0.4232, -0.5177 0.4125 0.4528, -0.5177 0.3673 0.409, -0.5177 0.4243 0.4243, -0.5177 0.3693 0.3937, -0.5177 0.4283 0.3937, -0.5177 0.3693 0.2375, -0.5177 0.4283 0.2375
            ]
        }
        coordIndex [
            0,1,2,-1,2,1,3,-1,2,3,4,-1,5,6,7,-1,7,6,8,-1,9,10,11,-1,11,10,12,-1,11,12,13,-1,13,12,14,-1,13,14,15,-1,15,14,16,-1,15,16,17,-1,17,16,18,-1,17,18,19,-1,19,18,20,-1,19,20,21,-1,21,20,22,-1,21,22,23,-1,23,22,24,-1,23,24,25,-1,25,24,26,-1,
        ]
    }
}
Shape{
    appearance Appearance {
        material  Material 	{
            diffuseColor 0.6666666666666666 0.6980392156862745 0.7686274509803922
            specularColor 0.3333333333333333 0.34901960784313724 0.3843137254901961
            ambientIntensity 0.6967
            transparency 0.0
            shininess 0.5
        }
    }
    geometry IndexedFaceSet {
        ccw TRUE
        solid FALSE
        coord DEF co Coordinate {
            point [
                -0.4682 1.0544 0.8735, -0.4672 1.0531 0.8706, -0.6614 0.9992 0.989, -0.4628 1.04 0.8482, -0.4637 1.0353 0.8422, -0.4648 1.0293 0.8348, -0.4674 1.0228 0.8282, -0.4644 1.0493 0.8628, -0.4637 1.0454 0.8567, -0.4708 1.0147 0.82, -0.4742 1.009 0.8155, -0.4801 0.9992 0.8078, -0.6196 1.0583 1.0308, -0.4801 1.0583 0.8913, -0.4741 1.0575 0.8835, -0.474 1.0574 0.8834
            ]
        }
        coordIndex [
            0,1,2,-1,3,4,2,-1,2,4,5,-1,2,5,6,-1,1,7,2,-1,2,7,8,-1,2,8,3,-1,6,9,2,-1,2,9,10,-1,2,10,11,-1,2,12,13,-1,13,14,2,-1,2,14,15,-1,2,15,0,-1,
        ]
    }
}
Shape{
    appearance Appearance {
        material  Material 	{
            diffuseColor 0.9686274509803922 0.8784313725490196 0.6
            specularColor 0.6784313725490196 0.615686274509804 0.4196078431372549
            ambientIntensity 0.8737
            transparency 0.0
            shininess 0.5
        }
    }
    geometry IndexedFaceSet {
        ccw TRUE
        solid FALSE
        coord DEF co Coordinate {
            point [
                -0.0394 -1.0905 0.4528, -0.0248 -1.1051 0.4528, -0.0394 -1.0905 0.4606, -0.0248 -1.1051 0.4606
            ]
        }
        coordIndex [
            0,1,2,-1,2,1,3,-1,
        ]
    }
}
Shape{
    appearance Appearance {
        material  Material 	{
            diffuseColor 0.6666666666666666 0.6980392156862745 0.7686274509803922
            specularColor 0.3333333333333333 0.34901960784313724 0.3843137254901961
            ambientIntensity 0.6967
            transparency 0.0
            shininess 0.5
        }
    }
    geometry IndexedFaceSet {
        ccw TRUE
        solid FALSE
        coord DEF co Coordinate {
            point [
                -1.1614 -0.6346 0.5334, -1.2795 -0.6346 0.5334, -1.1614 -0.6194 0.5314, -1.2795 -0.6194 0.5314, -1.1614 -0.6051 0.5255, -1.2795 -0.6051 0.5255, -1.1614 -0.5929 0.5161, -1.2795 -0.5929 0.5161, -1.1614 -0.5835 0.5039, -1.2795 -0.5835 0.5039, -1.1614 -0.5776 0.4896, -1.2795 -0.5776 0.4896, -1.1614 -0.5756 0.4743, -1.2795 -0.5756 0.4743
            ]
        }
        coordIndex [
            0,1,2,-1,2,1,3,-1,2,3,4,-1,4,3,5,-1,4,5,6,-1,6,5,7,-1,6,7,8,-1,8,7,9,-1,8,9,10,-1,10,9,11,-1,10,11,12,-1,12,11,13,-1,
        ]
    }
}
Shape{
    appearance Appearance {
        material  Material 	{
            diffuseColor 0.9686274509803922 0.8784313725490196 0.6
            specularColor 0.6784313725490196 0.615686274509804 0.4196078431372549
            ambientIntensity 0.8737
            transparency 0.0
            shininess 0.5
        }
    }
    geometry IndexedFaceSet {
        ccw TRUE
        solid FALSE
        coord DEF co Coordinate {
            point [
                0.4272 0.271 0.4528, 0.4272 0.271 0.5118, 0.4272 0.3102 0.4528, 0.4272 0.3102 0.5118, 0.4272 0.3255 0.4507, 0.4272 0.3408 0.5078, 0.4272 0.3398 0.4448, 0.4272 0.3693 0.496, 0.4272 0.352 0.4355, 0.4272 0.3938 0.4772, 0.4272 0.3614 0.4232, 0.4272 0.4125 0.4528, 0.4272 0.3673 0.409, 0.4272 0.4243 0.4243, 0.4272 0.3693 0.3937, 0.4272 0.4283 0.3937, 0.4272 0.3693 0.2375, 0.4272 0.4283 0.2375, -0.1043 1.0542 0.0, -0.1142 1.0542 0.0098, -0.0531 1.0542 0.0, -0.1142 1.0542 0.0591, -0.0433 1.0542 0.0098, -0.0433 1.0542 0.0591
            ]
        }
        coordIndex [
            0,1,2,-1,2,1,3,-1,2,3,4,-1,4,3,5,-1,4,5,6,-1,6,5,7,-1,6,7,8,-1,8,7,9,-1,8,9,10,-1,10,9,11,-1,10,11,12,-1,12,11,13,-1,12,13,14,-1,14,13,15,-1,14,15,16,-1,16,15,17,-1,18,19,20,-1,20,19,21,-1,20,21,22,-1,22,21,23,-1,
        ]
    }
}
Shape{
    appearance Appearance {
        material  Material 	{
            diffuseColor 0.6666666666666666 0.6980392156862745 0.7686274509803922
            specularColor 0.3333333333333333 0.34901960784313724 0.3843137254901961
            ambientIntensity 0.6967
            transparency 0.0
            shininess 0.5
        }
    }
    geometry IndexedFaceSet {
        ccw TRUE
        solid FALSE
        coord DEF co Coordinate {
            point [
                -0.8915 0.0051 0.1365, -0.8915 -0.5756 0.1365, -0.8824 0.0051 0.1287, -0.8824 -0.5756 0.1287, -0.872 0.0051 0.1229, -0.872 -0.5756 0.1229, -0.8605 0.0051 0.1193, -0.8605 -0.5756 0.1193, -0.8486 0.0051 0.1181, -0.8486 -0.5756 0.1181
            ]
        }
        coordIndex [
            0,1,2,-1,2,1,3,-1,2,3,4,-1,4,3,5,-1,4,5,6,-1,6,5,7,-1,6,7,8,-1,8,7,9,-1,
        ]
    }
}
Shape{
    appearance Appearance {
        material  Material 	{
            diffuseColor 0.9686274509803922 0.8784313725490196 0.6
            specularColor 0.6784313725490196 0.615686274509804 0.4196078431372549
            ambientIntensity 0.8737
            transparency 0.0
            shininess 0.5
        }
    }
    geometry IndexedFaceSet {
        ccw TRUE
        solid FALSE
        coord DEF co Coordinate {
            point [
                0.4469 0.4874 0.0, 0.498 0.4874 0.0, 0.4462 0.4778 0.0004, 0.4997 0.4677 0.0017, 0.4446 0.4677 0.0021, 0.4997 0.4676 0.0017, 0.4432 0.4586 0.0036, 0.5046 0.4491 0.0064, 0.5079 0.4402 0.0098, 0.437 0.4402 0.0098, 0.5079 0.4398 0.0101, 0.437 0.4398 0.0101, 0.5079 0.4148 0.0249, 0.437 0.4148 0.0249, 0.5079 0.3942 0.0455, 0.437 0.3942 0.0455, 0.5079 0.3793 0.0705, 0.437 0.3793 0.0705, 0.5079 0.371 0.0983, 0.437 0.371 0.0983, 0.5079 0.3693 0.1181, 0.437 0.3693 0.1181, 0.0531 1.0542 0.0, 0.0531 0.9417 0.0, 0.0433 1.0542 0.0098, 0.0525 0.9321 0.0004, 0.0506 0.92 0.0024, 0.0495 0.9128 0.0036, 0.0433 0.8946 0.0098, 0.0433 0.8945 0.0098, 0.7441 0.836 0.1448, 0.7441 0.8985 0.0778, 0.6732 0.8985 0.0778, 0.6732 0.836 0.1448, 0.6634 0.8244 0.1573, 0.7539 0.8244 0.1573, 0.6634 0.7198 0.2695, 0.7539 0.7198 0.2695, -0.5866 0.9181 0.064, -0.5866 0.8945 0.0098, -0.5866 0.9076 0.0699, -0.5866 0.8715 0.0231, -0.5866 0.8985 0.0778, -0.5866 0.8553 0.0376, -0.5866 0.836 0.1448, -0.5866 0.7928 0.1046, -0.5866 1.0542 0.0591, -0.5866 1.0542 0.0098, -0.5866 0.9417 0.0591, -0.5866 0.9296 0.0603
            ]
        }
        coordIndex [
            0,1,2,-1,2,1,3,-1,2,3,4,-1,4,3,5,-1,4,5,6,-1,5,7,6,-1,6,7,8,-1,6,8,9,-1,9,8,10,-1,9,10,11,-1,11,10,12,-1,11,12,13,-1,13,12,14,-1,13,14,15,-1,15,14,16,-1,15,16,17,-1,17,16,18,-1,17,18,19,-1,19,18,20,-1,19,20,21,-1,22,23,24,-1,24,23,25,-1,24,25,26,-1,26,27,24,-1,24,27,28,-1,24,28,29,-1,30,31,32,-1,32,33,30,-1,30,33,34,-1,30,34,35,-1,35,34,36,-1,35,36,37,-1,38,39,40,-1,40,39,41,-1,40,41,42,-1,42,41,43,-1,42,43,44,-1,44,43,45,-1,46,47,48,-1,48,47,39,-1,48,39,49,-1,49,39,38,-1,
        ]
    }
}
Shape{
    appearance Appearance {
        material  Material 	{
            diffuseColor 0.6666666666666666 0.6980392156862745 0.7686274509803922
            specularColor 0.3333333333333333 0.34901960784313724 0.3843137254901961
            ambientIntensity 0.6967
            transparency 0.0
            shininess 0.5
        }
    }
    geometry IndexedFaceSet {
        ccw TRUE
        solid FALSE
        coord DEF co Coordinate {
            point [
                0.0039 -0.4923 0.1181, 0.0039 -0.0539 0.1181, 0.0039 -0.4923 0.0, 0.0039 -0.0539 0.0, 0.8669 -0.6926 1.0236, 0.8669 -0.6926 1.1417, 0.8528 -0.6943 1.0236, 0.8528 -0.6943 1.1417, 0.8395 -0.6993 1.0236, 0.8395 -0.6993 1.1417, 0.8279 -0.7073 1.0236, 0.8279 -0.7073 1.1417, 0.8184 -0.7179 1.0236, 0.8184 -0.7179 1.1417, 0.8118 -0.7304 1.0236, 0.8118 -0.7304 1.1417, 0.8083 -0.7441 1.0236, 0.8083 -0.7441 1.1417
            ]
        }
        coordIndex [
            0,1,2,-1,2,1,3,-1,4,5,6,-1,6,5,7,-1,6,7,8,-1,8,7,9,-1,8,9,10,-1,10,9,11,-1,10,11,12,-1,12,11,13,-1,12,13,14,-1,14,13,15,-1,14,15,16,-1,16,15,17,-1,
        ]
    }
}
Shape{
    appearance Appearance {
        material  Material 	{
            diffuseColor 0.2235294117647059 0.2235294117647059 0.2235294117647059
            specularColor 0.11372549019607843 0.11372549019607843 0.11372549019607843
            ambientIntensity 0.2235
            transparency 0.0
            shininess 0.5
        }
    }
    geometry IndexedFaceSet {
        ccw TRUE
        solid FALSE
        coord DEF co Coordinate {
            point [
                -0.8465 -1.1228 0.6811, -0.7323 -1.1228 0.6811, -0.7323 -1.1079 0.6811, -0.748 -0.3394 0.6811, -0.8465 -0.3394 0.6811, -0.748 -1.0905 0.6811, -0.7334 -1.1051 0.6811, -0.7324 -1.1069 0.6811, -0.7328 -1.1059 0.6811
            ]
        }
        coordIndex [
            0,1,2,-1,3,4,5,-1,5,4,0,-1,5,0,6,-1,2,7,0,-1,0,7,8,-1,0,8,6,-1,
        ]
    }
}
Shape{
    appearance Appearance {
        material  Material 	{
            diffuseColor 0.9686274509803922 0.8784313725490196 0.6
            specularColor 0.6784313725490196 0.615686274509804 0.4196078431372549
            ambientIntensity 0.8737
            transparency 0.0
            shininess 0.5
        }
    }
    geometry IndexedFaceSet {
        ccw TRUE
        solid FALSE
        coord DEF co Coordinate {
            point [
                -0.2697 0.3693 0.2375, -0.2697 0.4283 0.2375, -0.2697 0.3693 0.3937, -0.2697 0.4283 0.3937, -0.2697 0.3673 0.409, -0.2697 0.4243 0.4243, -0.2697 0.3614 0.4232, -0.2697 0.4125 0.4528, -0.2697 0.352 0.4355, -0.2697 0.3938 0.4772, -0.2697 0.3398 0.4448, -0.2697 0.3693 0.496, -0.2697 0.3255 0.4507, -0.2697 0.3408 0.5078, -0.2697 0.3102 0.4528, -0.2697 0.3102 0.5118, -0.2697 0.271 0.4528, -0.2697 0.271 0.5118, 0.4291 0.8946 0.0098, 0.4258 0.9033 0.0064, 0.4215 0.92 0.0021, 0.4193 0.9417 0.0, 0.4193 1.0542 0.0, 0.4291 1.0542 0.0098, 0.4291 0.8945 0.0098, 0.421 0.922 0.0017, 0.8326 0.538 0.2933, 0.7354 0.271 0.2933, 0.8233 0.271 0.2933
            ]
        }
        coordIndex [
            0,1,2,-1,2,1,3,-1,2,3,4,-1,4,3,5,-1,4,5,6,-1,6,5,7,-1,6,7,8,-1,8,7,9,-1,8,9,10,-1,10,9,11,-1,10,11,12,-1,12,11,13,-1,12,13,14,-1,14,13,15,-1,14,15,16,-1,16,15,17,-1,18,19,20,-1,21,22,23,-1,23,24,18,-1,18,20,23,-1,23,20,25,-1,23,25,21,-1,26,27,28,-1,
        ]
    }
}
Shape{
    appearance Appearance {
        material  Material 	{
            diffuseColor 0.6666666666666666 0.6980392156862745 0.7686274509803922
            specularColor 0.3333333333333333 0.34901960784313724 0.3843137254901961
            ambientIntensity 0.6967
            transparency 0.0
            shininess 0.5
        }
    }
    geometry IndexedFaceSet {
        ccw TRUE
        solid FALSE
        coord DEF co Coordinate {
            point [
                0.0039 -1.2691 0.0, 0.0039 -1.8354 0.0, 0.0039 -1.2691 0.1181, 0.0039 -1.8354 0.1181
            ]
        }
        coordIndex [
            0,1,2,-1,2,1,3,-1,
        ]
    }
}
Shape{
    appearance Appearance {
        material  Material 	{
            diffuseColor 0.9686274509803922 0.8784313725490196 0.6
            specularColor 0.6784313725490196 0.615686274509804 0.4196078431372549
            ambientIntensity 0.8737
            transparency 0.0
            shininess 0.5
        }
    }
    geometry IndexedFaceSet {
        ccw TRUE
        solid FALSE
        coord DEF co Coordinate {
            point [
                0.685 -1.1079 0.6811, 0.685 -1.1079 0.689, 0.6849 -1.1069 0.6811, 0.6849 -1.1069 0.689, 0.6845 -1.1059 0.6811, 0.6845 -1.1059 0.689, 0.6839 -1.1051 0.6811, 0.6839 -1.1051 0.689, 0.3504 0.4283 0.2205, 0.3602 0.4283 0.2375, 0.3504 0.3693 0.2205, 0.3602 0.3693 0.2375, 0.2028 0.3102 0.4528, 0.2028 0.271 0.4528, 0.1122 0.3102 0.4528, 0.1122 0.271 0.4528, 0.3602 0.3693 0.3937, 0.3602 0.4283 0.3937, 0.3602 0.3673 0.409, 0.3602 0.4243 0.4243, 0.3602 0.3614 0.4232, 0.3602 0.4125 0.4528, 0.3602 0.352 0.4355, 0.3602 0.3938 0.4772, 0.3602 0.3398 0.4448, 0.3602 0.3693 0.496, 0.3602 0.3255 0.4507, 0.3602 0.3408 0.5078, 0.3602 0.3102 0.4528, 0.3602 0.3102 0.5118, 0.3602 0.271 0.4528, 0.3602 0.271 0.5118, 0.2795 0.4283 0.1181, 0.3504 0.4283 0.1181, 0.2795 0.4298 0.105, 0.3504 0.4298 0.105, 0.2795 0.4342 0.0925, 0.3504 0.4342 0.0925, 0.2795 0.4412 0.0813, 0.3504 0.4412 0.0813, 0.2795 0.4506 0.0719, 0.3504 0.4506 0.0719, 0.2795 0.4618 0.0649, 0.3504 0.4618 0.0649, 0.2795 0.4743 0.0605, 0.3504 0.4743 0.0605, 0.2795 0.4874 0.0591, 0.3504 0.4874 0.0591, -0.5965 0.6766 0.2292, -0.5059 0.6766 0.2292, -0.5059 0.6594 0.253, -0.5965 0.6594 0.253, -0.5059 0.6486 0.2805, -0.5965 0.6486 0.2805, -0.5059 0.6449 0.3097, -0.5965 0.6449 0.3097, -0.1327 -1.1051 0.4606, -0.1327 -1.1051 0.4528, -0.1181 -1.0905 0.4606, -0.1181 -1.0905 0.4528
            ]
        }
        coordIndex [
            0,1,2,-1,2,1,3,-1,2,3,4,-1,4,3,5,-1,4,5,6,-1,6,5,7,-1,8,9,10,-1,10,9,11,-1,12,13,14,-1,14,13,15,-1,11,9,16,-1,16,9,17,-1,16,17,18,-1,18,17,19,-1,18,19,20,-1,20,19,21,-1,20,21,22,-1,22,21,23,-1,22,23,24,-1,24,23,25,-1,24,25,26,-1,26,25,27,-1,26,27,28,-1,28,27,29,-1,28,29,30,-1,30,29,31,-1,32,33,34,-1,34,33,35,-1,34,35,36,-1,36,35,37,-1,36,37,38,-1,38,37,39,-1,38,39,40,-1,40,39,41,-1,40,41,42,-1,42,41,43,-1,42,43,44,-1,44,43,45,-1,44,45,46,-1,46,45,47,-1,48,49,50,-1,48,50,51,-1,51,50,52,-1,51,52,53,-1,53,52,54,-1,53,54,55,-1,56,57,58,-1,58,57,59,-1,
        ]
    }
}
Shape{
    appearance Appearance {
        material  Material 	{
            diffuseColor 0.2235294117647059 0.2235294117647059 0.2235294117647059
            specularColor 0.11372549019607843 0.11372549019607843 0.11372549019607843
            ambientIntensity 0.2235
            transparency 0.0
            shininess 0.5
        }
    }
    geometry IndexedFaceSet {
        ccw TRUE
        solid FALSE
        coord DEF co Coordinate {
            point [
                1.1417 0.7335 0.4922, 1.1024 0.7335 0.4528, 1.1417 1.0583 0.4922, 1.1024 1.0583 0.4528
            ]
        }
        coordIndex [
            0,1,2,-1,2,1,3,-1,
        ]
    }
}
Shape{
    appearance Appearance {
        material  Material 	{
            diffuseColor 0.9686274509803922 0.8784313725490196 0.6
            specularColor 0.6784313725490196 0.615686274509804 0.4196078431372549
            ambientIntensity 0.8737
            transparency 0.0
            shininess 0.5
        }
    }
    geometry IndexedFaceSet {
        ccw TRUE
        solid FALSE
        coord DEF co Coordinate {
            point [
                0.054 -1.1051 0.689, 0.1181 -1.0905 0.689, 0.0394 -1.0905 0.689, 0.1181 -0.3315 0.689, 0.0394 -0.3315 0.689, 0.0551 -1.1079 0.689, 0.0551 -1.2107 0.689, 0.1024 -1.2107 0.689, 0.1024 -1.1079 0.689, 0.1024 -1.1071 0.689, 0.055 -1.1069 0.689, 0.1027 -1.1064 0.689, 0.103 -1.1057 0.689, 0.0546 -1.1059 0.689, 0.1035 -1.1051 0.689
            ]
        }
        coordIndex [
            0,1,2,-1,2,1,3,-1,2,3,4,-1,5,6,7,-1,7,8,5,-1,5,8,9,-1,5,9,10,-1,10,9,11,-1,10,11,12,-1,0,13,1,-1,1,13,10,-1,1,10,14,-1,14,10,12,-1,
        ]
    }
}
Shape{
    appearance Appearance {
        material  Material 	{
            diffuseColor 0.6666666666666666 0.6980392156862745 0.7686274509803922
            specularColor 0.3333333333333333 0.34901960784313724 0.3843137254901961
            ambientIntensity 0.6967
            transparency 0.0
            shininess 0.5
        }
    }
    geometry IndexedFaceSet {
        ccw TRUE
        solid FALSE
        coord DEF co Coordinate {
            point [
                0.8915 -1.3236 0.1365, 0.8915 -1.8354 0.1365, 1.1452 -1.3236 0.4042, 1.1452 -1.8354 0.4042
            ]
        }
        coordIndex [
            0,1,2,-1,2,1,3,-1,
        ]
    }
}
Shape{
    appearance Appearance {
        material  Material 	{
            diffuseColor 0.9686274509803922 0.8784313725490196 0.6
            specularColor 0.6784313725490196 0.615686274509804 0.4196078431372549
            ambientIntensity 0.8737
            transparency 0.0
            shininess 0.5
        }
    }
    geometry IndexedFaceSet {
        ccw TRUE
        solid FALSE
        coord DEF co Coordinate {
            point [
                -0.5264 -1.1051 0.689, -0.5264 -1.1051 0.6811, -0.5118 -1.0905 0.689, -0.5118 -1.0905 0.6811, -0.6732 1.0542 0.0098, -0.6732 1.0542 0.0591, -0.6732 0.8945 0.0098, -0.6732 0.9417 0.0591, -0.6732 0.836 0.1448, -0.6732 0.7928 0.1046, -0.6732 0.8985 0.0778, -0.6732 0.8553 0.0376, -0.6732 0.9076 0.0699, -0.6732 0.8715 0.0231, -0.6732 0.9181 0.064, -0.6732 0.9296 0.0603, -0.122 0.4283 0.2205, -0.1122 0.4283 0.2375, -0.122 0.3693 0.2205, -0.1122 0.3693 0.2375, -0.1772 0.5858 1.1024, -0.1772 0.5858 1.063, -0.1772 0.5819 1.1024, -0.1772 0.5819 1.063, 0.3583 0.7928 0.1046, 0.3484 0.7812 0.117, 0.3583 0.836 0.1448, 0.3484 0.8244 0.1573
            ]
        }
        coordIndex [
            0,1,2,-1,2,1,3,-1,4,5,6,-1,6,5,7,-1,8,9,10,-1,10,9,11,-1,10,11,12,-1,12,11,13,-1,12,13,14,-1,14,13,6,-1,14,6,15,-1,15,6,7,-1,16,17,18,-1,18,17,19,-1,20,21,22,-1,22,21,23,-1,24,25,26,-1,26,25,27,-1,
        ]
    }
}
Shape{
    appearance Appearance {
        material  Material 	{
            diffuseColor 0.6666666666666666 0.6980392156862745 0.7686274509803922
            specularColor 0.3333333333333333 0.34901960784313724 0.3843137254901961
            ambientIntensity 0.6967
            transparency 0.0
            shininess 0.5
        }
    }
    geometry IndexedFaceSet {
        ccw TRUE
        solid FALSE
        coord DEF co Coordinate {
            point [
                -0.8772 0.9992 0.2685, -0.945 0.9992 0.1717, -0.8839 1.009 0.2612, -0.9459 1.0091 0.1724, -0.8885 1.0156 0.2563, -0.9462 1.0124 0.1726, -0.8952 1.0228 0.2523, -0.9492 1.023 0.1747, -0.9019 1.03 0.2482, -0.9498 1.0248 0.1751, -0.9084 1.0352 0.2463, -0.9553 1.0355 0.1789, -0.9165 1.0418 0.244, -0.9555 1.036 0.1791, -0.9226 1.0456 0.2436, -0.9632 1.0454 0.1845, -0.9637 1.0457 0.1848, -0.9297 1.05 0.2432, -0.9724 1.0524 0.1909, -0.937 1.0532 0.2444, -0.9739 1.0531 0.192, -0.941 1.055 0.2451, -0.9508 1.0575 0.2489, -0.9826 1.0568 0.1981, -0.9509 1.0575 0.2489, -0.9853 1.0572 0.2, -0.9934 1.0583 0.2056, -0.9595 1.0583 0.254, -0.6614 0.6488 0.989, -0.6614 0.9992 0.989, -0.5219 0.6488 0.8495, -0.4801 0.9992 0.8078, -0.4801 0.7079 0.8078, -0.4815 0.6926 0.8092, -0.4857 0.6783 0.8134, -0.4923 0.6661 0.82, -0.501 0.6567 0.8286, -0.5111 0.6508 0.8387, 0.7598 0.5228 1.1417, 0.7598 0.5228 1.0236, 0.2362 0.5228 1.1417, 0.2362 0.5228 1.0236, 0.5219 0.6488 0.8495, 0.4383 0.6488 0.933, 0.4291 0.6503 0.9237, 0.5126 0.6503 0.8402, 0.4202 0.6547 0.9149, 0.5037 0.6547 0.8314, 0.4123 0.6617 0.907, 0.4958 0.6617 0.8235, 0.4057 0.6711 0.9004, 0.4892 0.6711 0.8169, 0.4007 0.6823 0.8954, 0.4842 0.6823 0.8119, 0.3976 0.6947 0.8923, 0.4811 0.6947 0.8088, 0.3966 0.7079 0.8913, 0.4801 0.7079 0.8078, -0.2362 0.1654 1.127, 0.2362 0.1654 1.127, 0.2362 0.1979 1.138, -0.2362 0.1979 1.138, 0.2362 0.2319 1.1417, -0.2362 0.2319 1.1417
            ]
        }
        coordIndex [
            0,1,2,-1,2,1,3,-1,2,3,4,-1,4,3,5,-1,4,5,6,-1,6,5,7,-1,6,7,8,-1,8,7,9,-1,8,9,10,-1,10,9,11,-1,10,11,12,-1,12,11,13,-1,12,13,14,-1,13,15,14,-1,14,15,16,-1,14,16,17,-1,17,16,18,-1,17,18,19,-1,19,18,20,-1,19,20,21,-1,21,20,22,-1,22,20,23,-1,22,23,24,-1,23,25,24,-1,24,25,26,-1,24,26,27,-1,28,29,30,-1,30,29,31,-1,31,32,30,-1,30,32,33,-1,30,33,34,-1,34,35,30,-1,30,35,36,-1,30,36,37,-1,38,39,40,-1,40,39,41,-1,42,43,44,-1,42,44,45,-1,45,44,46,-1,45,46,47,-1,47,46,48,-1,47,48,49,-1,49,48,50,-1,49,50,51,-1,51,50,52,-1,51,52,53,-1,53,52,54,-1,53,54,55,-1,55,54,56,-1,55,56,57,-1,58,59,60,-1,58,60,61,-1,61,60,62,-1,61,62,63,-1,
        ]
    }
}
Shape{
    appearance Appearance {
        material  Material 	{
            diffuseColor 0.9686274509803922 0.8784313725490196 0.6
            specularColor 0.6784313725490196 0.615686274509804 0.4196078431372549
            ambientIntensity 0.8737
            transparency 0.0
            shininess 0.5
        }
    }
    geometry IndexedFaceSet {
        ccw TRUE
        solid FALSE
        coord DEF co Coordinate {
            point [
                -0.4331 -0.3315 0.4528, -0.4331 -0.3394 0.4606, -0.4331 -1.0905 0.4528, -0.4331 -1.0905 0.4606
            ]
        }
        coordIndex [
            0,1,2,-1,2,1,3,-1,
        ]
    }
}
Shape{
    appearance Appearance {
        material  Material 	{
            diffuseColor 0.6666666666666666 0.6980392156862745 0.7686274509803922
            specularColor 0.3333333333333333 0.34901960784313724 0.3843137254901961
            ambientIntensity 0.6967
            transparency 0.0
            shininess 0.5
        }
    }
    geometry IndexedFaceSet {
        ccw TRUE
        solid FALSE
        coord DEF co Coordinate {
            point [
                0.7593 -1.1245 1.1417, 0.7593 -1.1245 1.0236, 0.8083 -0.7441 1.1417, 0.8083 -0.7441 1.0236
            ]
        }
        coordIndex [
            0,1,2,-1,2,1,3,-1,
        ]
    }
}
Shape{
    appearance Appearance {
        material  Material 	{
            diffuseColor 0.9686274509803922 0.8784313725490196 0.6
            specularColor 0.6784313725490196 0.615686274509804 0.4196078431372549
            ambientIntensity 0.8737
            transparency 0.0
            shininess 0.5
        }
    }
    geometry IndexedFaceSet {
        ccw TRUE
        solid FALSE
        coord DEF co Coordinate {
            point [
                0.6535 -1.2278 0.4567, 0.6063 -1.2278 0.4567, 0.6063 -1.2195 0.4538, 0.6535 -1.2195 0.4538, 0.6063 -1.2107 0.4528, 0.6535 -1.2107 0.4528, 0.5866 0.836 0.1448, 0.5866 0.8985 0.0778, 0.5157 0.8985 0.0778, 0.5157 0.836 0.1448, 0.5059 0.8244 0.1573, 0.5965 0.8244 0.1573, 0.5059 0.7198 0.2695, 0.5965 0.7198 0.2695, -0.439 0.271 0.6299, -0.439 0.5858 0.6299, -0.3937 0.271 0.6299, -0.3484 0.5858 0.6299, -0.3484 0.271 0.6299, -1.1516 -0.2114 0.5772, -1.1516 -0.2114 0.7347, -1.1516 0.015 0.5772, -1.1516 0.015 0.7347, 0.6831 1.0542 0.0, 0.6732 1.0542 0.0098, 0.7343 1.0542 0.0, 0.6732 1.0542 0.0591, 0.7441 1.0542 0.0098, 0.7441 1.0542 0.0591, -0.4291 0.7928 0.1046, -0.439 0.7812 0.117, -0.4291 0.836 0.1448, -0.439 0.8244 0.1573, -0.3386 -1.1079 0.4528, -0.3386 -1.1079 0.4606, -0.3387 -1.1069 0.4528, -0.3387 -1.1069 0.4606, -0.3391 -1.1059 0.4528, -0.3391 -1.1059 0.4606, -0.3397 -1.1051 0.4528, -0.3397 -1.1051 0.4606
            ]
        }
        coordIndex [
            0,1,2,-1,0,2,3,-1,3,2,4,-1,3,4,5,-1,6,7,8,-1,8,9,6,-1,6,9,10,-1,6,10,11,-1,11,10,12,-1,11,12,13,-1,14,15,16,-1,16,15,17,-1,16,17,18,-1,19,20,21,-1,21,20,22,-1,23,24,25,-1,25,24,26,-1,25,26,27,-1,27,26,28,-1,29,30,31,-1,31,30,32,-1,33,34,35,-1,35,34,36,-1,35,36,37,-1,37,36,38,-1,37,38,39,-1,39,38,40,-1,
        ]
    }
}
Shape{
    appearance Appearance {
        material  Material 	{
            diffuseColor 0.6666666666666666 0.6980392156862745 0.7686274509803922
            specularColor 0.3333333333333333 0.34901960784313724 0.3843137254901961
            ambientIntensity 0.6967
            transparency 0.0
            shininess 0.5
        }
    }
    geometry IndexedFaceSet {
        ccw TRUE
        solid FALSE
        coord DEF co Coordinate {
            point [
                1.1614 0.1429 0.4546, 1.2795 0.1429 0.4546, 1.1614 0.1409 0.4699, 1.2795 0.1409 0.4699, 1.1614 0.135 0.4842, 1.2795 0.135 0.4842, 1.1614 0.1256 0.4964, 1.2795 0.1256 0.4964, 1.1614 0.1134 0.5058, 1.2795 0.1134 0.5058, 1.1614 0.0991 0.5117, 1.2795 0.0991 0.5117, 1.1614 0.0839 0.5137, 1.2795 0.0839 0.5137
            ]
        }
        coordIndex [
            0,1,2,-1,2,1,3,-1,2,3,4,-1,4,3,5,-1,4,5,6,-1,6,5,7,-1,6,7,8,-1,8,7,9,-1,8,9,10,-1,10,9,11,-1,10,11,12,-1,12,11,13,-1,
        ]
    }
}
Shape{
    appearance Appearance {
        material  Material 	{
            diffuseColor 0.9686274509803922 0.8784313725490196 0.6
            specularColor 0.6784313725490196 0.615686274509804 0.4196078431372549
            ambientIntensity 0.8737
            transparency 0.0
            shininess 0.5
        }
    }
    geometry IndexedFaceSet {
        ccw TRUE
        solid FALSE
        coord DEF co Coordinate {
            point [
                -0.7441 0.7928 0.1046, -0.7539 0.7812 0.117, -0.7441 0.836 0.1448, -0.7539 0.8244 0.1573
            ]
        }
        coordIndex [
            0,1,2,-1,2,1,3,-1,
        ]
    }
}
Shape{
    appearance Appearance {
        material  Material 	{
            diffuseColor 0.6666666666666666 0.6980392156862745 0.7686274509803922
            specularColor 0.3333333333333333 0.34901960784313724 0.3843137254901961
            ambientIntensity 0.6967
            transparency 0.0
            shininess 0.5
        }
    }
    geometry IndexedFaceSet {
        ccw TRUE
        solid FALSE
        coord DEF co Coordinate {
            point [
                0.3142 -0.6926 1.1417, 0.3142 -0.6926 1.0236, 0.3283 -0.6943 1.1417, 0.3283 -0.6943 1.0236, 0.3416 -0.6993 1.1417, 0.3416 -0.6993 1.0236, 0.3532 -0.7073 1.1417, 0.3532 -0.7073 1.0236, 0.3627 -0.7179 1.1417, 0.3627 -0.7179 1.0236, 0.3693 -0.7304 1.1417, 0.3693 -0.7304 1.0236, 0.3728 -0.7441 1.1417, 0.3728 -0.7441 1.0236
            ]
        }
        coordIndex [
            0,1,2,-1,2,1,3,-1,2,3,4,-1,4,3,5,-1,4,5,6,-1,6,5,7,-1,6,7,8,-1,8,7,9,-1,8,9,10,-1,10,9,11,-1,10,11,12,-1,12,11,13,-1,
        ]
    }
}
Shape{
    appearance Appearance {
        material  Material 	{
            diffuseColor 0.9686274509803922 0.8784313725490196 0.6
            specularColor 0.6784313725490196 0.615686274509804 0.4196078431372549
            ambientIntensity 0.8737
            transparency 0.0
            shininess 0.5
        }
    }
    geometry IndexedFaceSet {
        ccw TRUE
        solid FALSE
        coord DEF co Coordinate {
            point [
                -0.7441 0.8985 0.0778, -0.6732 0.8985 0.0778, -0.7441 0.9076 0.0699, -0.6732 0.9076 0.0699, -0.7441 0.9181 0.064, -0.6732 0.9181 0.064, -0.7441 0.9296 0.0603, -0.6732 0.9296 0.0603, -0.7441 0.9417 0.0591, -0.6732 0.9417 0.0591
            ]
        }
        coordIndex [
            0,1,2,-1,2,1,3,-1,2,3,4,-1,4,3,5,-1,4,5,6,-1,6,5,7,-1,6,7,8,-1,8,7,9,-1,
        ]
    }
}
Shape{
    appearance Appearance {
        material  Material 	{
            diffuseColor 0.6666666666666666 0.6980392156862745 0.7686274509803922
            specularColor 0.3333333333333333 0.34901960784313724 0.3843137254901961
            ambientIntensity 0.6967
            transparency 0.0
            shininess 0.5
        }
    }
    geometry IndexedFaceSet {
        ccw TRUE
        solid FALSE
        coord DEF co Coordinate {
            point [
                0.7598 0.6488 1.0236, 0.7449 0.6488 1.0236, 0.7449 0.9992 1.0236, -0.773 0.5243 1.0236, -0.7598 0.5228 1.0236, -0.2362 0.2504 1.0236, 1.1024 0.9992 1.0236, 0.8169 0.605 1.0236, 0.811 0.6193 1.0236, -0.2362 0.5228 1.0236, -0.2263 0.5237 1.0236, -0.2124 0.5279 1.0236, -0.3184 0.2484 1.0236, -0.3327 0.2425 1.0236, -0.7855 0.5287 1.0236, 0.8189 0.5898 1.0236, -0.1999 0.5353 1.0236, -0.1961 0.5386 1.0236, 0.1961 0.5386 1.0236, -0.9015 -0.6943 1.0236, -0.9148 -0.6993 1.0236, -1.1024 0.9992 1.0236, -0.9264 -0.7073 1.0236, -0.9359 -0.7178 1.0236, 0.8798 -1.6511 1.0236, 0.8892 -1.6389 1.0236, 1.1024 -1.8354 1.0236, 0.7751 0.5248 1.0236, 0.7894 0.5307 1.0236, 0.8016 0.5401 1.0236, 0.8016 0.6315 1.0236, 0.7894 0.6409 1.0236, 0.7751 0.6468 1.0236, -0.7449 0.6488 1.0236, -0.7598 0.6488 1.0236, -0.7449 0.9992 1.0236, -0.7751 0.6468 1.0236, -0.7894 0.6409 1.0236, -0.8016 0.6315 1.0236, -0.8971 -1.1999 1.0236, -0.8971 -1.6094 1.0236, -1.1024 -1.8354 1.0236, -0.8956 -1.6225 1.0236, -0.8912 -1.635 1.0236, -0.8842 -1.6462 1.0236, -0.3031 0.2504 1.0236, -0.3136 -1.6605 1.0236, -0.3013 -1.6511 1.0236, -0.2919 -1.6389 1.0236, -0.286 -1.6247 1.0236, 0.3602 0.2066 1.0236, 0.3543 0.2208 1.0236, 0.2362 0.2319 1.0236, -0.2362 0.2319 1.0236, 0.2362 0.2504 1.0236, 0.811 0.5524 1.0236, 0.8169 0.5666 1.0236, 0.8189 0.5819 1.0236, -0.9425 -0.7303 1.0236, -0.946 -0.744 1.0236, -0.9462 -0.7582 1.0236, -0.8748 -1.6555 1.0236, -0.8636 -1.6626 1.0236, -0.8512 -1.6669 1.0236, 0.3283 -0.6943 1.0236, 0.3142 -0.6926 1.0236, 0.8118 -0.7304 1.0236, 0.7598 0.5228 1.0236, 0.1999 0.5353 1.0236, 0.2124 0.5279 1.0236, 0.2263 0.5237 1.0236, 0.3031 0.2504 1.0236, 0.2362 0.5228 1.0236, -0.811 0.6193 1.0236, -0.8169 0.605 1.0236, -0.8189 0.5898 1.0236, -0.2796 -0.6943 1.0236, -0.2936 -0.6926 1.0236, 0.2351 -0.744 1.0236, 0.8184 -0.7179 1.0236, 0.3449 0.2331 1.0236, 0.3327 0.2425 1.0236, 0.3184 0.2484 1.0236, -0.838 -1.6684 1.0236, -0.3431 -1.6684 1.0236, -0.3278 -1.6664 1.0236, 0.2386 -0.7303 1.0236, -0.8174 0.5687 1.0236, -0.813 0.5563 1.0236, -0.8669 -0.6926 1.0236, -0.3627 -0.7179 1.0236, -0.3693 -0.7304 1.0236, -0.3728 -0.7441 1.0236, -0.8118 -0.7304 1.0236, -0.8184 -0.7179 1.0236, -0.8279 -0.7073 1.0236, -0.8395 -0.6993 1.0236, -0.8528 -0.6943 1.0236, 0.838 -1.6684 1.0236, 0.8533 -1.6664 1.0236, 0.8675 -1.6605 1.0236, -0.7967 0.5357 1.0236, -0.3283 -0.6943 1.0236, -0.806 0.5451 1.0236, -0.3416 -0.6993 1.0236, -0.3532 -0.7073 1.0236, -0.8875 -0.6926 1.0236, -0.8189 0.5819 1.0236, -0.4218 -1.148 1.0236, -0.7593 -1.148 1.0236, -0.4218 -1.1245 1.0236, -0.7593 -1.1245 1.0236, -0.8083 -0.7441 1.0236, 0.2855 -1.6225 1.0236, -0.284 -1.6094 1.0236, 0.8083 -0.7441 1.0236, 0.3693 -0.7304 1.0236, 0.3627 -0.7179 1.0236, 0.8279 -0.7073 1.0236, 0.3497 -0.1167 1.0236, 0.3347 -0.1405 1.0236, 0.3148 -0.1605 1.0236, -0.2452 -0.7178 1.0236, -0.2386 -0.7303 1.0236, -0.2351 -0.744 1.0236, 0.8528 -0.6943 1.0236, 0.8395 -0.6993 1.0236, 0.3622 0.1913 1.0236, 0.3622 -0.062 1.0236, 0.3532 -0.7073 1.0236, 0.3416 -0.6993 1.0236, -0.2909 -0.1755 1.0236, 0.2664 -0.6993 1.0236, -0.3148 -0.1605 1.0236, 0.2547 -0.7073 1.0236, 0.2452 -0.7178 1.0236, -0.2547 -0.7073 1.0236, -0.2664 -0.6993 1.0236, 0.359 -0.09 1.0236, 0.7593 -1.148 1.0236, 0.4218 -1.148 1.0236, 0.7593 -1.1245 1.0236, 0.4218 -1.1245 1.0236, 0.3728 -0.7441 1.0236, -0.3449 0.2331 1.0236, -0.3543 0.2208 1.0236, -0.3602 0.2066 1.0236, -0.3622 0.1913 1.0236, 0.2899 -1.635 1.0236, 0.2969 -1.6462 1.0236, 0.3063 -1.6555 1.0236, -0.2643 -0.1848 1.0236, -0.2362 -0.188 1.0236, 0.2796 -0.6943 1.0236, 0.2362 -0.188 1.0236, 0.2936 -0.6926 1.0236, 0.2643 -0.1848 1.0236, 0.2909 -0.1755 1.0236, -0.3622 -0.062 1.0236, -0.359 -0.09 1.0236, -0.3497 -0.1167 1.0236, -0.3347 -0.1405 1.0236, -0.2349 -0.7582 1.0236, 0.2349 -0.7582 1.0236, -0.284 -1.1999 1.0236, 0.284 -1.1999 1.0236, 0.284 -1.6094 1.0236, 0.3175 -1.6626 1.0236, 0.3299 -1.6669 1.0236, 0.3431 -1.6684 1.0236, 0.8951 -1.6247 1.0236, 0.8971 -1.6094 1.0236, 0.8971 -1.1999 1.0236, 0.9015 -0.6943 1.0236, 0.8875 -0.6926 1.0236, 0.8669 -0.6926 1.0236, -0.3142 -0.6926 1.0236, 0.9359 -0.7178 1.0236, 0.9264 -0.7073 1.0236, 0.9148 -0.6993 1.0236, 0.9462 -0.7582 1.0236, 0.946 -0.744 1.0236, 0.9425 -0.7303 1.0236, -0.7593 -1.2698 1.0775, -0.4218 -1.2698 1.0775, -0.4218 -1.2462 1.1043, -0.7593 -1.2462 1.1043, -0.4218 -1.2168 1.1247, -0.7593 -1.2168 1.1247, -0.4218 -1.1834 1.1374, -0.7593 -1.1834 1.1374, -0.4218 -1.148 1.1417, -0.7593 -1.148 1.1417
            ]
        }
        coordIndex [
            0,1,2,-1,3,4,5,-1,6,7,8,-1,4,9,5,-1,5,9,10,-1,5,10,11,-1,12,13,14,-1,7,6,15,-1,11,16,5,-1,5,16,17,-1,5,17,18,-1,19,20,21,-1,21,20,22,-1,21,22,23,-1,24,25,26,-1,27,28,26,-1,26,28,29,-1,8,30,6,-1,6,30,31,-1,6,31,2,-1,2,31,32,-1,2,32,0,-1,33,34,35,-1,35,34,36,-1,35,36,21,-1,21,36,37,-1,21,37,38,-1,39,40,41,-1,40,42,41,-1,41,42,43,-1,41,43,44,-1,3,5,14,-1,14,5,45,-1,14,45,12,-1,46,47,26,-1,26,47,48,-1,26,48,49,-1,50,51,27,-1,52,53,54,-1,54,53,5,-1,29,55,26,-1,26,55,56,-1,26,56,6,-1,6,56,57,-1,6,57,15,-1,23,58,21,-1,21,58,59,-1,21,59,41,-1,41,59,60,-1,41,60,39,-1,44,61,41,-1,41,61,62,-1,41,62,63,-1,64,65,66,-1,27,51,67,-1,18,68,5,-1,5,68,69,-1,5,69,54,-1,54,69,70,-1,54,70,71,-1,71,70,72,-1,38,73,21,-1,21,73,74,-1,21,74,75,-1,76,77,78,-1,66,65,79,-1,51,80,67,-1,67,80,81,-1,67,81,72,-1,72,81,82,-1,72,82,71,-1,63,83,41,-1,41,83,84,-1,41,84,26,-1,26,84,85,-1,26,85,46,-1,78,77,86,-1,87,88,89,-1,89,88,90,-1,89,90,91,-1,92,93,91,-1,91,93,94,-1,91,94,95,-1,95,96,91,-1,91,96,97,-1,91,97,89,-1,98,99,26,-1,26,99,100,-1,26,100,24,-1,101,102,103,-1,103,102,104,-1,103,104,88,-1,88,104,105,-1,88,105,90,-1,19,21,106,-1,106,21,75,-1,106,75,89,-1,89,75,107,-1,89,107,87,-1,108,109,110,-1,110,109,111,-1,110,111,92,-1,92,111,112,-1,92,112,93,-1,113,49,114,-1,115,116,66,-1,66,116,117,-1,118,79,119,-1,119,79,65,-1,119,65,120,-1,120,65,121,-1,122,78,123,-1,123,78,124,-1,27,125,50,-1,50,125,126,-1,50,126,127,-1,127,126,128,-1,117,129,66,-1,66,129,130,-1,66,130,64,-1,131,132,133,-1,133,132,134,-1,133,134,135,-1,122,136,78,-1,78,136,137,-1,78,137,76,-1,118,119,126,-1,126,119,138,-1,126,138,128,-1,139,140,141,-1,141,140,142,-1,141,142,115,-1,115,142,143,-1,115,143,116,-1,13,144,14,-1,14,144,145,-1,14,145,101,-1,101,145,146,-1,101,146,147,-1,113,148,49,-1,49,148,149,-1,49,149,150,-1,131,151,132,-1,132,151,152,-1,132,152,153,-1,153,152,154,-1,153,154,155,-1,155,154,156,-1,155,156,65,-1,65,156,157,-1,65,157,121,-1,147,158,101,-1,101,158,159,-1,101,159,102,-1,102,159,160,-1,102,160,161,-1,124,78,162,-1,162,78,163,-1,162,163,164,-1,164,163,165,-1,164,165,114,-1,114,165,166,-1,114,166,113,-1,150,167,49,-1,49,167,168,-1,49,168,26,-1,26,168,169,-1,26,169,98,-1,25,170,26,-1,26,170,171,-1,26,171,172,-1,173,174,27,-1,27,174,175,-1,27,175,125,-1,135,86,133,-1,133,86,77,-1,133,77,161,-1,161,77,176,-1,161,176,102,-1,177,178,27,-1,27,178,179,-1,27,179,173,-1,172,180,26,-1,26,180,181,-1,26,181,27,-1,27,181,182,-1,27,182,177,-1,183,184,185,-1,183,185,186,-1,186,185,187,-1,186,187,188,-1,188,187,189,-1,188,189,190,-1,190,189,191,-1,190,191,192,-1,
        ]
    }
}
Shape{
    appearance Appearance {
        material  Material 	{
            diffuseColor 0.9686274509803922 0.8784313725490196 0.6
            specularColor 0.6784313725490196 0.615686274509804 0.4196078431372549
            ambientIntensity 0.8737
            transparency 0.0
            shininess 0.5
        }
    }
    geometry IndexedFaceSet {
        ccw TRUE
        solid FALSE
        coord DEF co Coordinate {
            point [
                -0.1969 -1.0905 0.4528, -0.1823 -1.1051 0.4528, -0.1969 -1.0905 0.4606, -0.1823 -1.1051 0.4606
            ]
        }
        coordIndex [
            0,1,2,-1,2,1,3,-1,
        ]
    }
}
Shape{
    appearance Appearance {
        material  Material 	{
            diffuseColor 0.6666666666666666 0.6980392156862745 0.7686274509803922
            specularColor 0.3333333333333333 0.34901960784313724 0.3843137254901961
            ambientIntensity 0.6967
            transparency 0.0
            shininess 0.5
        }
    }
    geometry IndexedFaceSet {
        ccw TRUE
        solid FALSE
        coord DEF co Coordinate {
            point [
                0.2513 -1.2495 0.0197, 0.2513 -1.2495 0.1181, 0.2559 -1.2511 0.0197, 0.2697 -1.2541 0.1181, 0.3583 -1.176 0.1181, 0.3583 -1.176 0.0, 0.356 -1.1949 0.1181, 0.356 -1.1949 0.0, 0.3492 -1.2127 0.1181, 0.3492 -1.2127 0.0, 0.3384 -1.2283 0.1181, 0.3384 -1.2283 0.0, 0.3241 -1.2409 0.1181, 0.3241 -1.2409 0.0, 0.3073 -1.2497 0.1181, 0.3073 -1.2497 0.0, 0.2888 -1.2542 0.1181, 0.2888 -1.2542 0.0, 0.2697 -1.2541 0.0, 0.2559 -1.2511 0.0
            ]
        }
        coordIndex [
            0,1,2,-1,2,1,3,-1,4,5,6,-1,6,5,7,-1,6,7,8,-1,8,7,9,-1,8,9,10,-1,10,9,11,-1,10,11,12,-1,12,11,13,-1,12,13,14,-1,14,13,15,-1,14,15,16,-1,16,15,17,-1,16,17,3,-1,3,17,18,-1,3,18,2,-1,2,18,19,-1,
        ]
    }
}
Shape{
    appearance Appearance {
        material  Material 	{
            diffuseColor 0.9686274509803922 0.8784313725490196 0.6
            specularColor 0.6784313725490196 0.615686274509804 0.4196078431372549
            ambientIntensity 0.8737
            transparency 0.0
            shininess 0.5
        }
    }
    geometry IndexedFaceSet {
        ccw TRUE
        solid FALSE
        coord DEF co Coordinate {
            point [
                -0.7441 0.7928 0.1046, -0.7441 0.8553 0.0376, -0.6732 0.8553 0.0376, -0.6732 0.7928 0.1046, -0.6634 0.7812 0.117, -0.7539 0.7812 0.117, -0.6634 0.6766 0.2292, -0.7539 0.6766 0.2292, 0.2598 -1.2107 0.689, 0.2126 -1.2107 0.689, 0.2126 -1.2195 0.688, 0.2598 -1.2195 0.688, 0.2126 -1.2278 0.685, 0.2598 -1.2278 0.685, 0.5079 0.4283 0.2205, 0.5177 0.4283 0.2375, 0.5079 0.3693 0.2205, 0.5177 0.3693 0.2375
            ]
        }
        coordIndex [
            0,1,2,-1,2,3,0,-1,0,3,4,-1,0,4,5,-1,5,4,6,-1,5,6,7,-1,8,9,10,-1,8,10,11,-1,11,10,12,-1,11,12,13,-1,14,15,16,-1,16,15,17,-1,
        ]
    }
}
Shape{
    appearance Appearance {
        material  Material 	{
            diffuseColor 0.2235294117647059 0.2235294117647059 0.2235294117647059
            specularColor 0.11372549019607843 0.11372549019607843 0.11372549019607843
            ambientIntensity 0.2235
            transparency 0.0
            shininess 0.5
        }
    }
    geometry IndexedFaceSet {
        ccw TRUE
        solid FALSE
        coord DEF co Coordinate {
            point [
                -0.7322 -1.1228 0.4606, -0.7322 -0.3394 0.4606, -0.6693 -0.3394 0.4606, -0.6693 -1.0905 0.4606, -0.6547 -1.1051 0.4606, -0.6541 -1.1059 0.4606, -0.6537 -1.1069 0.4606, -0.6535 -1.1079 0.4606, -0.6535 -1.1228 0.4606, -0.261 -1.1051 0.6811, -0.2756 -1.0905 0.6811, -0.3701 -1.1228 0.6811, -0.2598 -1.1228 0.6811, -0.2598 -1.1079 0.6811, -0.2756 -0.3394 0.6811, -0.3543 -0.3394 0.6811, -0.3543 -1.0905 0.6811, -0.26 -1.1069 0.6811, -0.2604 -1.1059 0.6811, -0.3689 -1.1051 0.6811, -0.3694 -1.1057 0.6811, -0.3698 -1.1064 0.6811, -0.37 -1.1071 0.6811, -0.3701 -1.1079 0.6811, -0.4477 -1.1051 0.4606, -0.4331 -1.0905 0.4606, -0.3386 -1.1228 0.4606, -0.4482 -1.1057 0.4606, -0.4331 -0.3394 0.4606, -0.3543 -0.3394 0.4606, -0.4488 -1.1228 0.4606, -0.4488 -1.1079 0.4606, -0.3543 -1.0905 0.4606, -0.3397 -1.1051 0.4606, -0.3391 -1.1059 0.4606, -0.4487 -1.1071 0.4606, -0.4485 -1.1064 0.4606, -0.3387 -1.1069 0.4606, -0.3386 -1.1079 0.4606
            ]
        }
        coordIndex [
            0,1,2,-1,2,3,0,-1,0,3,4,-1,0,4,5,-1,5,6,0,-1,0,6,7,-1,0,7,8,-1,9,10,11,-1,11,12,13,-1,14,15,10,-1,10,15,16,-1,13,17,11,-1,11,17,18,-1,11,18,9,-1,16,19,10,-1,10,19,20,-1,10,20,21,-1,21,22,10,-1,10,22,23,-1,10,23,11,-1,24,25,26,-1,24,26,27,-1,25,28,29,-1,26,30,31,-1,29,32,25,-1,25,32,33,-1,25,33,34,-1,31,35,26,-1,26,35,36,-1,26,36,27,-1,34,37,25,-1,25,37,38,-1,25,38,26,-1,
        ]
    }
}
Shape{
    appearance Appearance {
        material  Material 	{
            diffuseColor 0.9686274509803922 0.8784313725490196 0.6
            specularColor 0.6784313725490196 0.615686274509804 0.4196078431372549
            ambientIntensity 0.8737
            transparency 0.0
            shininess 0.5
        }
    }
    geometry IndexedFaceSet {
        ccw TRUE
        solid FALSE
        coord DEF co Coordinate {
            point [
                0.7283 -1.1228 0.4567, 0.6535 -1.1228 0.4567, 0.7322 -1.1228 0.4606, 0.6535 -1.1228 0.4606
            ]
        }
        coordIndex [
            0,1,2,-1,2,1,3,-1,
        ]
    }
}
Shape{
    appearance Appearance {
        material  Material 	{
            diffuseColor 0.2235294117647059 0.2235294117647059 0.2235294117647059
            specularColor 0.11372549019607843 0.11372549019607843 0.11372549019607843
            ambientIntensity 0.2235
            transparency 0.0
            shininess 0.5
        }
    }
    geometry IndexedFaceSet {
        ccw TRUE
        solid FALSE
        coord DEF co Coordinate {
            point [
                0.3397 -1.1051 0.4606, 0.3543 -1.0905 0.4606, 0.4488 -1.1228 0.4606, 0.3392 -1.1057 0.4606, 0.3543 -0.3394 0.4606, 0.4331 -0.3394 0.4606, 0.3386 -1.1228 0.4606, 0.3386 -1.1079 0.4606, 0.4331 -1.0905 0.4606, 0.4477 -1.1051 0.4606, 0.4483 -1.1059 0.4606, 0.3387 -1.1071 0.4606, 0.3389 -1.1064 0.4606, 0.4487 -1.1069 0.4606, 0.4488 -1.1079 0.4606
            ]
        }
        coordIndex [
            0,1,2,-1,0,2,3,-1,1,4,5,-1,2,6,7,-1,5,8,1,-1,1,8,9,-1,1,9,10,-1,7,11,2,-1,2,11,12,-1,2,12,3,-1,10,13,1,-1,1,13,14,-1,1,14,2,-1,
        ]
    }
}
Shape{
    appearance Appearance {
        material  Material 	{
            diffuseColor 0.9686274509803922 0.8784313725490196 0.6
            specularColor 0.6784313725490196 0.615686274509804 0.4196078431372549
            ambientIntensity 0.8737
            transparency 0.0
            shininess 0.5
        }
    }
    geometry IndexedFaceSet {
        ccw TRUE
        solid FALSE
        coord DEF co Coordinate {
            point [
                -0.3386 -1.1228 0.4567, -0.4488 -1.1228 0.4567, -0.3386 -1.1228 0.4606, -0.4488 -1.1228 0.4606, 0.6693 -1.0905 0.689, 0.6693 -1.0905 0.6811, 0.6839 -1.1051 0.689, 0.6839 -1.1051 0.6811, -0.0335 0.6449 0.3097, -0.0335 0.6449 0.5709, -0.124 0.6449 0.3097, -0.124 0.6449 0.5709, -0.6693 -1.0905 0.4528, -0.6693 -1.0905 0.4606, -0.6693 -0.3315 0.4528, -0.6693 -0.3394 0.4606, -0.1929 0.6055 0.0591, -0.1929 0.4874 0.0591, -0.122 0.6055 0.0591, -0.122 0.4874 0.0591
            ]
        }
        coordIndex [
            0,1,2,-1,2,1,3,-1,4,5,6,-1,6,5,7,-1,8,9,10,-1,10,9,11,-1,12,13,14,-1,14,13,15,-1,16,17,18,-1,18,17,19,-1,
        ]
    }
}
Shape{
    appearance Appearance {
        material  Material 	{
            diffuseColor 0.6666666666666666 0.6980392156862745 0.7686274509803922
            specularColor 0.3333333333333333 0.34901960784313724 0.3843137254901961
            ambientIntensity 0.6967
            transparency 0.0
            shininess 0.5
        }
    }
    geometry IndexedFaceSet {
        ccw TRUE
        solid FALSE
        coord DEF co Coordinate {
            point [
                1.1614 -0.5756 0.4448, 1.1614 0.0051 0.4448, 1.1595 -0.5756 0.43, 1.1595 0.0051 0.43, 1.154 -0.5756 0.4162, 1.154 0.0051 0.4162, 1.1452 -0.5756 0.4042, 1.1452 0.0051 0.4042
            ]
        }
        coordIndex [
            0,1,2,-1,2,1,3,-1,2,3,4,-1,4,3,5,-1,4,5,6,-1,6,5,7,-1,
        ]
    }
}
Shape{
    appearance Appearance {
        material  Material 	{
            diffuseColor 0.2235294117647059 0.2235294117647059 0.2235294117647059
            specularColor 0.11372549019607843 0.11372549019607843 0.11372549019607843
            ambientIntensity 0.2235
            transparency 0.0
            shininess 0.5
        }
    }
    geometry IndexedFaceSet {
        ccw TRUE
        solid FALSE
        coord DEF co Coordinate {
            point [
                0.7283 -1.2606 0.4567, 0.7283 -1.1228 0.4567, 0.8465 -1.2606 0.576, 0.7322 -1.1228 0.4606, 0.8465 -0.3354 0.576, 0.7322 -0.3394 0.4606, 0.7283 -0.3354 0.4567, -1.1397 0.015 0.4403, -1.1417 0.015 0.4556, -1.1417 0.015 0.1752, -0.8858 0.015 0.1752, -1.1244 0.015 0.4138, -1.1338 0.015 0.426
            ]
        }
        coordIndex [
            0,1,2,-1,2,1,3,-1,2,3,4,-1,4,3,5,-1,4,5,6,-1,7,8,9,-1,10,11,9,-1,9,11,12,-1,9,12,7,-1,
        ]
    }
}
Shape{
    appearance Appearance {
        material  Material 	{
            diffuseColor 0.6666666666666666 0.6980392156862745 0.7686274509803922
            specularColor 0.3333333333333333 0.34901960784313724 0.3843137254901961
            ambientIntensity 0.6967
            transparency 0.0
            shininess 0.5
        }
    }
    geometry IndexedFaceSet {
        ccw TRUE
        solid FALSE
        coord DEF co Coordinate {
            point [
                -0.1961 0.5386 1.0236, -0.1999 0.5353 1.0236, -0.1961 0.5386 1.1417, -0.1899 0.5458 1.0311, -0.19 0.5459 1.1343, -0.1868 0.5495 1.0349, -0.1862 0.5505 1.1295, -0.1825 0.5582 1.0436, -0.1827 0.5583 1.1218, -0.1805 0.5624 1.0478, -0.1797 0.5648 1.1153, -0.1785 0.5721 1.0573, -0.1773 0.578 1.1024, -0.1772 0.5819 1.1024, -0.1772 0.5819 1.063, -0.1784 0.5721 1.1082, -0.1773 0.578 1.063, -0.2362 0.5228 1.0236, -0.2362 0.5228 1.1417, -0.2263 0.5237 1.0236, -0.2263 0.5237 1.1417, -0.2124 0.5279 1.0236, -0.2124 0.5279 1.1417, -0.1999 0.5353 1.1417
            ]
        }
        coordIndex [
            0,1,2,-1,0,2,3,-1,3,2,4,-1,3,4,5,-1,5,4,6,-1,5,6,7,-1,7,6,8,-1,7,8,9,-1,9,8,10,-1,9,10,11,-1,12,13,14,-1,10,15,11,-1,11,15,12,-1,11,12,16,-1,16,12,14,-1,17,18,19,-1,19,18,20,-1,19,20,21,-1,21,20,22,-1,21,22,1,-1,1,22,23,-1,1,23,2,-1,
        ]
    }
}
Shape{
    appearance Appearance {
        material  Material 	{
            diffuseColor 0.9686274509803922 0.8784313725490196 0.6
            specularColor 0.6784313725490196 0.615686274509804 0.4196078431372549
            ambientIntensity 0.8737
            transparency 0.0
            shininess 0.5
        }
    }
    geometry IndexedFaceSet {
        ccw TRUE
        solid FALSE
        coord DEF co Coordinate {
            point [
                0.4488 -1.1079 0.4528, 0.4488 -1.1079 0.4606, 0.4487 -1.1069 0.4528, 0.4487 -1.1069 0.4606, 0.4483 -1.1059 0.4528, 0.4483 -1.1059 0.4606, 0.4477 -1.1051 0.4528, 0.4477 -1.1051 0.4606
            ]
        }
        coordIndex [
            0,1,2,-1,2,1,3,-1,2,3,4,-1,4,3,5,-1,4,5,6,-1,6,5,7,-1,
        ]
    }
}
Shape{
    appearance Appearance {
        material  Material 	{
            diffuseColor 0.6666666666666666 0.6980392156862745 0.7686274509803922
            specularColor 0.3333333333333333 0.34901960784313724 0.3843137254901961
            ambientIntensity 0.6967
            transparency 0.0
            shininess 0.5
        }
    }
    geometry IndexedFaceSet {
        ccw TRUE
        solid FALSE
        coord DEF co Coordinate {
            point [
                1.227 -1.0424 0.0, 1.227 -1.0424 0.1181, 1.2378 -1.0478 0.1181, 1.2378 -1.0478 0.0, 1.247 -1.0557 0.1181, 1.247 -1.0557 0.0, 1.254 -1.0655 0.1181, 1.254 -1.0655 0.0, 1.2584 -1.0768 0.1181, 1.2584 -1.0768 0.0, 1.2598 -1.0888 0.1181, 1.2598 -1.0888 0.0
            ]
        }
        coordIndex [
            0,1,2,-1,0,2,3,-1,3,2,4,-1,3,4,5,-1,5,4,6,-1,5,6,7,-1,7,6,8,-1,7,8,9,-1,9,8,10,-1,9,10,11,-1,
        ]
    }
}
Shape{
    appearance Appearance {
        material  Material 	{
            diffuseColor 0.2235294117647059 0.2235294117647059 0.2235294117647059
            specularColor 0.11372549019607843 0.11372549019607843 0.11372549019607843
            ambientIntensity 0.2235
            transparency 0.0
            shininess 0.5
        }
    }
    geometry IndexedFaceSet {
        ccw TRUE
        solid FALSE
        coord DEF co Coordinate {
            point [
                -1.1014 -0.2606 0.9379, -1.1024 -0.2606 0.9291, -0.9213 -0.2606 0.7598, 0.2756 -0.2606 0.9488, 0.9213 -0.2606 0.7598, -0.9213 -0.2606 0.5452, 0.9213 -0.2606 0.5452, 1.1024 -0.2606 0.4556, 1.1024 -0.2606 0.9291, 1.101 -0.2606 0.9393, -0.2756 -0.2606 0.9488, -0.2756 -0.2606 0.9685, -1.063 -0.2606 0.9685, 1.099 -0.2606 0.4446, 1.1009 -0.2606 0.448, 1.102 -0.2606 0.4517, 1.0971 -0.2606 0.9488, 1.0908 -0.2606 0.957, 1.0827 -0.2606 0.9632, 0.2756 -0.2606 0.9685, 1.063 -0.2606 0.9685, 1.0732 -0.2606 0.9672, -1.1024 -0.2606 0.4556, -1.102 -0.2606 0.4517, -1.1009 -0.2606 0.448, -1.0718 -0.2606 0.9675, -1.0801 -0.2606 0.9646, -1.0875 -0.2606 0.9599, -1.099 -0.2606 0.4446, -1.0966 -0.2606 0.4416, -0.7595 -0.2606 0.3819, -0.8164 -0.2606 0.1614, 0.7595 -0.2606 0.3819, 0.8164 -0.2606 0.1614, 1.0966 -0.2606 0.4416, -1.0938 -0.2606 0.9537, -1.0985 -0.2606 0.9462, 1.1417 -0.2213 0.9291, 1.139 -0.2213 0.9495, 1.1312 -0.2213 0.9685, 1.1187 -0.2213 0.9848, 1.1024 -0.2213 0.9973, 1.0834 -0.2213 1.0052, 1.063 -0.2213 1.0079, -0.8465 -0.3354 0.685, -0.8465 -0.3354 0.576
            ]
        }
        coordIndex [
            0,1,2,-1,3,2,4,-1,2,1,5,-1,6,7,4,-1,4,7,8,-1,4,8,9,-1,3,10,2,-1,2,10,11,-1,2,11,12,-1,13,14,6,-1,6,14,15,-1,6,15,7,-1,9,16,4,-1,4,16,17,-1,4,17,18,-1,19,3,20,-1,20,3,4,-1,20,4,21,-1,21,4,18,-1,1,22,5,-1,5,22,23,-1,5,23,24,-1,12,25,2,-1,2,25,26,-1,2,26,27,-1,24,28,5,-1,5,28,29,-1,5,29,30,-1,30,29,31,-1,30,31,32,-1,32,31,33,-1,32,33,6,-1,6,33,34,-1,6,34,13,-1,27,35,2,-1,2,35,36,-1,2,36,0,-1,8,37,38,-1,8,38,9,-1,9,38,39,-1,9,39,16,-1,16,39,40,-1,16,40,17,-1,17,40,41,-1,17,41,18,-1,18,41,42,-1,18,42,21,-1,21,42,43,-1,21,43,20,-1,2,5,44,-1,44,5,45,-1,
        ]
    }
}
Shape{
    appearance Appearance {
        material  Material 	{
            diffuseColor 0.6666666666666666 0.6980392156862745 0.7686274509803922
            specularColor 0.3333333333333333 0.34901960784313724 0.3843137254901961
            ambientIntensity 0.6967
            transparency 0.0
            shininess 0.5
        }
    }
    geometry IndexedFaceSet {
        ccw TRUE
        solid FALSE
        coord DEF co Coordinate {
            point [
                0.6614 0.9992 0.989, 0.6614 0.6488 0.989, 0.4801 0.9992 0.8078, 0.5219 0.6488 0.8495, 0.4801 0.7079 0.8078, 0.5126 0.6503 0.8402, 0.4958 0.6617 0.8235, 0.4892 0.6711 0.8169, 0.5037 0.6547 0.8314, 0.4842 0.6823 0.8119, 0.4811 0.6947 0.8088
            ]
        }
        coordIndex [
            0,1,2,-1,2,1,3,-1,2,3,4,-1,4,3,5,-1,6,7,8,-1,8,7,9,-1,8,9,5,-1,5,9,10,-1,5,10,4,-1,
        ]
    }
}
Shape{
    appearance Appearance {
        material  Material 	{
            diffuseColor 0.9686274509803922 0.8784313725490196 0.6
            specularColor 0.6784313725490196 0.615686274509804 0.4196078431372549
            ambientIntensity 0.8737
            transparency 0.0
            shininess 0.5
        }
    }
    geometry IndexedFaceSet {
        ccw TRUE
        solid FALSE
        coord DEF co Coordinate {
            point [
                0.5906 -1.0905 0.4528, 0.6051 -1.1051 0.4528, 0.5906 -1.0905 0.4606, 0.6051 -1.1051 0.4606
            ]
        }
        coordIndex [
            0,1,2,-1,2,1,3,-1,
        ]
    }
}
Shape{
    appearance Appearance {
        material  Material 	{
            diffuseColor 0.6666666666666666 0.6980392156862745 0.7686274509803922
            specularColor 0.3333333333333333 0.34901960784313724 0.3843137254901961
            ambientIntensity 0.6967
            transparency 0.0
            shininess 0.5
        }
    }
    geometry IndexedFaceSet {
        ccw TRUE
        solid FALSE
        coord DEF co Coordinate {
            point [
                0.4801 1.0583 0.8913, 0.6196 1.0583 1.0308, 0.6614 0.9992 0.989, 0.4801 0.9992 0.8078, 0.4741 1.0091 0.8154, 0.4719 1.0127 0.8182, 0.4673 1.0229 0.8281, 0.4658 1.0262 0.8313, 0.4636 1.0353 0.8423, 0.4629 1.0381 0.8456, 0.4636 1.0456 0.8566, 0.4638 1.0474 0.8593, 0.4672 1.0532 0.8705, 0.4675 1.0536 0.8713, 0.4731 1.0571 0.882, 0.4741 1.0573 0.8833
            ]
        }
        coordIndex [
            0,1,2,-1,2,3,4,-1,4,5,2,-1,2,5,6,-1,2,6,7,-1,7,8,2,-1,2,8,9,-1,2,9,10,-1,10,11,2,-1,2,11,12,-1,2,12,13,-1,13,14,2,-1,2,14,15,-1,2,15,0,-1,
        ]
    }
}
Shape{
    appearance Appearance {
        material  Material 	{
            diffuseColor 0.2235294117647059 0.2235294117647059 0.2235294117647059
            specularColor 0.11372549019607843 0.11372549019607843 0.11372549019607843
            ambientIntensity 0.2235
            transparency 0.0
            shininess 0.5
        }
    }
    geometry IndexedFaceSet {
        ccw TRUE
        solid FALSE
        coord DEF co Coordinate {
            point [
                0.8233 0.271 0.7419, 0.8233 0.271 0.7949, 0.8508 1.0583 0.7949, 0.8233 0.271 0.5709, 0.8508 1.0583 0.4528, 0.8394 0.7335 0.4528, 0.8394 0.7335 0.1752, 0.8326 0.538 0.1752, 0.8326 0.538 0.2933, 0.8233 0.271 0.2933
            ]
        }
        coordIndex [
            0,1,2,-1,0,2,3,-1,2,4,5,-1,6,7,5,-1,5,7,8,-1,5,8,2,-1,2,8,9,-1,2,9,3,-1,
        ]
    }
}
Shape{
    appearance Appearance {
        material  Material 	{
            diffuseColor 0.9686274509803922 0.8784313725490196 0.6
            specularColor 0.6784313725490196 0.615686274509804 0.4196078431372549
            ambientIntensity 0.8737
            transparency 0.0
            shininess 0.5
        }
    }
    geometry IndexedFaceSet {
        ccw TRUE
        solid FALSE
        coord DEF co Coordinate {
            point [
                0.2815 0.7039 0.5709, 0.1909 0.7039 0.5709, 0.1909 0.6999 0.6014, 0.2815 0.6999 0.6014, 0.1909 0.6881 0.6299, 0.2815 0.6881 0.6299, 0.1909 0.6693 0.6544, 0.2815 0.6693 0.6544, 0.1909 0.6449 0.6732, 0.2815 0.6449 0.6732, 0.1909 0.6164 0.685, 0.2815 0.6164 0.685, 0.1909 0.5858 0.689, 0.2815 0.5858 0.689, -0.3484 0.5858 0.6299, -0.439 0.5858 0.6299, -0.3484 0.6011 0.6279, -0.439 0.6011 0.6279, -0.3484 0.6154 0.622, -0.439 0.6154 0.622, -0.3484 0.6276 0.6126, -0.439 0.6276 0.6126, -0.3484 0.637 0.6004, -0.439 0.637 0.6004, -0.3484 0.6429 0.5862, -0.439 0.6429 0.5862, -0.3484 0.6449 0.5709, -0.439 0.6449 0.5709
            ]
        }
        coordIndex [
            0,1,2,-1,0,2,3,-1,3,2,4,-1,3,4,5,-1,5,4,6,-1,5,6,7,-1,7,6,8,-1,7,8,9,-1,9,8,10,-1,9,10,11,-1,11,10,12,-1,11,12,13,-1,14,15,16,-1,16,15,17,-1,16,17,18,-1,18,17,19,-1,18,19,20,-1,20,19,21,-1,20,21,22,-1,22,21,23,-1,22,23,24,-1,24,23,25,-1,24,25,26,-1,26,25,27,-1,
        ]
    }
}
Shape{
    appearance Appearance {
        material  Material 	{
            diffuseColor 0.6666666666666666 0.6980392156862745 0.7686274509803922
            specularColor 0.3333333333333333 0.34901960784313724 0.3843137254901961
            ambientIntensity 0.6967
            transparency 0.0
            shininess 0.5
        }
    }
    geometry IndexedFaceSet {
        ccw TRUE
        solid FALSE
        coord DEF co Coordinate {
            point [
                -0.7449 0.9992 1.0236, -0.7449 1.0583 1.0827, -0.7143 0.9992 1.0196, -0.699 1.0583 1.0766, -0.6858 0.9992 1.0078, -0.6563 1.0583 1.0589, -0.6614 0.9992 0.989, -0.6196 1.0583 1.0308
            ]
        }
        coordIndex [
            0,1,2,-1,2,1,3,-1,2,3,4,-1,4,3,5,-1,4,5,6,-1,6,5,7,-1,
        ]
    }
}
Shape{
    appearance Appearance {
        material  Material 	{
            diffuseColor 0.9686274509803922 0.8784313725490196 0.6
            specularColor 0.6784313725490196 0.615686274509804 0.4196078431372549
            ambientIntensity 0.8737
            transparency 0.0
            shininess 0.5
        }
    }
    geometry IndexedFaceSet {
        ccw TRUE
        solid FALSE
        coord DEF co Coordinate {
            point [
                -0.6634 0.7039 0.3097, -0.7539 0.7039 0.3097, -0.6634 0.7039 0.5709, -0.7539 0.7039 0.5709, -0.3602 0.271 0.4528, -0.3602 0.271 0.5118, -0.3602 0.3102 0.4528, -0.3602 0.3102 0.5118, -0.3602 0.3255 0.4507, -0.3602 0.3408 0.5078, -0.3602 0.3398 0.4448, -0.3602 0.3693 0.496, -0.3602 0.352 0.4355, -0.3602 0.3938 0.4772, -0.3602 0.3614 0.4232, -0.3602 0.4125 0.4528, -0.3602 0.3673 0.409, -0.3602 0.4243 0.4243, -0.3602 0.3693 0.3937, -0.3602 0.4283 0.3937, -0.3602 0.3693 0.2375, -0.3602 0.4283 0.2375, -0.3543 -1.0905 0.4606, -0.3543 -0.3394 0.4606, -0.3543 -1.0905 0.4528, -0.3543 -0.3315 0.4528, 0.0453 0.3102 0.4528, -0.0453 0.3102 0.4528, 0.0453 0.3255 0.4507, -0.0453 0.3255 0.4507, 0.0453 0.3398 0.4448, -0.0453 0.3398 0.4448, 0.0453 0.352 0.4355, -0.0453 0.352 0.4355, 0.0453 0.3614 0.4232, -0.0453 0.3614 0.4232, 0.0453 0.3673 0.409, -0.0453 0.3673 0.409, 0.0453 0.3693 0.3937, -0.0453 0.3693 0.3937
            ]
        }
        coordIndex [
            0,1,2,-1,2,1,3,-1,4,5,6,-1,6,5,7,-1,6,7,8,-1,8,7,9,-1,8,9,10,-1,10,9,11,-1,10,11,12,-1,12,11,13,-1,12,13,14,-1,14,13,15,-1,14,15,16,-1,16,15,17,-1,16,17,18,-1,18,17,19,-1,18,19,20,-1,20,19,21,-1,22,23,24,-1,24,23,25,-1,26,27,28,-1,28,27,29,-1,28,29,30,-1,30,29,31,-1,30,31,32,-1,32,31,33,-1,32,33,34,-1,34,33,35,-1,34,35,36,-1,36,35,37,-1,36,37,38,-1,38,37,39,-1,
        ]
    }
}
Shape{
    appearance Appearance {
        material  Material 	{
            diffuseColor 0.6666666666666666 0.6980392156862745 0.7686274509803922
            specularColor 0.3333333333333333 0.34901960784313724 0.3843137254901961
            ambientIntensity 0.6967
            transparency 0.0
            shininess 0.5
        }
    }
    geometry IndexedFaceSet {
        ccw TRUE
        solid FALSE
        coord DEF co Coordinate {
            point [
                -1.1614 0.1429 0.4546, -1.2795 0.1429 0.4546, -1.1614 0.1429 0.1969, -1.2795 0.1429 0.1969, -1.1594 0.1429 0.1793, -1.2746 0.1429 0.153, -1.1536 0.1429 0.1627, -1.26 0.1429 0.1114, -1.1442 0.1429 0.1478, -1.2366 0.1429 0.0741, -1.1318 0.1429 0.1353, -1.2054 0.1429 0.0429, -1.1168 0.1429 0.1259, -1.1681 0.1429 0.0195, -1.1002 0.1429 0.1201, -1.1265 0.1429 0.0049, -1.0827 0.1429 0.1181, -1.0827 0.1429 0.0, -0.8858 0.1429 0.1181, -0.8858 0.1429 0.0
            ]
        }
        coordIndex [
            0,1,2,-1,2,1,3,-1,2,3,4,-1,4,3,5,-1,4,5,6,-1,6,5,7,-1,6,7,8,-1,8,7,9,-1,8,9,10,-1,10,9,11,-1,10,11,12,-1,12,11,13,-1,12,13,14,-1,14,13,15,-1,14,15,16,-1,16,15,17,-1,16,17,18,-1,18,17,19,-1,
        ]
    }
}
Shape{
    appearance Appearance {
        material  Material 	{
            diffuseColor 0.9686274509803922 0.8784313725490196 0.6
            specularColor 0.6784313725490196 0.615686274509804 0.4196078431372549
            ambientIntensity 0.8737
            transparency 0.0
            shininess 0.5
        }
    }
    geometry IndexedFaceSet {
        ccw TRUE
        solid FALSE
        coord DEF co Coordinate {
            point [
                -0.0335 0.7812 0.117, -0.0433 0.7928 0.1046, -0.0335 0.8244 0.1573, -0.0433 0.836 0.1448
            ]
        }
        coordIndex [
            0,1,2,-1,2,1,3,-1,
        ]
    }
}
Shape{
    appearance Appearance {
        material  Material 	{
            diffuseColor 0.2235294117647059 0.2235294117647059 0.2235294117647059
            specularColor 0.11372549019607843 0.11372549019607843 0.11372549019607843
            ambientIntensity 0.2235
            transparency 0.0
            shininess 0.5
        }
    }
    geometry IndexedFaceSet {
        ccw TRUE
        solid FALSE
        coord DEF co Coordinate {
            point [
                0.7354 0.015 0.0236, 0.7354 0.015 0.122, 0.4204 0.015 0.122, -0.7354 0.015 0.122, -0.7354 0.015 0.0236, -0.4204 0.015 0.122, -0.0363 0.015 0.0236, -0.4204 0.015 0.1339, 0.4204 0.015 0.1339
            ]
        }
        coordIndex [
            0,1,2,-1,3,4,5,-1,5,4,6,-1,5,6,7,-1,0,2,6,-1,6,2,8,-1,6,8,7,-1,
        ]
    }
}
Shape{
    appearance Appearance {
        material  Material 	{
            diffuseColor 0.9686274509803922 0.8784313725490196 0.6
            specularColor 0.6784313725490196 0.615686274509804 0.4196078431372549
            ambientIntensity 0.8737
            transparency 0.0
            shininess 0.5
        }
    }
    geometry IndexedFaceSet {
        ccw TRUE
        solid FALSE
        coord DEF co Coordinate {
            point [
                -0.7323 -1.1079 0.6811, -0.7323 -1.1228 0.6811, -0.7323 -1.1079 0.689, -0.7323 -1.1228 0.685, -0.7323 -1.2107 0.689, -0.7323 -1.2278 0.685, -0.7323 -1.2195 0.688, -0.0335 0.5858 0.6299, -0.124 0.5858 0.6299, -0.0335 0.6011 0.6279, -0.124 0.6011 0.6279, -0.0335 0.6154 0.622, -0.124 0.6154 0.622, -0.0335 0.6276 0.6126, -0.124 0.6276 0.6126, -0.0335 0.637 0.6004, -0.124 0.637 0.6004, -0.0335 0.6429 0.5862, -0.124 0.6429 0.5862, -0.0335 0.6449 0.5709, -0.124 0.6449 0.5709, 0.2913 -1.1228 0.4567, 0.2913 -1.1228 0.4606, 0.2913 -1.1079 0.4606, 0.2913 -1.1079 0.4528, 0.2913 -1.2107 0.4528, 0.2913 -1.2278 0.4567, 0.2913 -1.2195 0.4538
            ]
        }
        coordIndex [
            0,1,2,-1,2,1,3,-1,2,3,4,-1,4,3,5,-1,4,5,6,-1,7,8,9,-1,9,8,10,-1,9,10,11,-1,11,10,12,-1,11,12,13,-1,13,12,14,-1,13,14,15,-1,15,14,16,-1,15,16,17,-1,17,16,18,-1,17,18,19,-1,19,18,20,-1,21,22,23,-1,23,24,21,-1,21,24,25,-1,21,25,26,-1,26,25,27,-1,
        ]
    }
}
Shape{
    appearance Appearance {
        material  Material 	{
            diffuseColor 0.6666666666666666 0.6980392156862745 0.7686274509803922
            specularColor 0.3333333333333333 0.34901960784313724 0.3843137254901961
            ambientIntensity 0.6967
            transparency 0.0
            shininess 0.5
        }
    }
    geometry IndexedFaceSet {
        ccw TRUE
        solid FALSE
        coord DEF co Coordinate {
            point [
                0.0984 -0.5789 0.0, 0.0984 -0.5789 0.0197, 0.0984 -0.6937 0.0, 0.0984 -0.6937 0.0197
            ]
        }
        coordIndex [
            0,1,2,-1,2,1,3,-1,
        ]
    }
}
Shape{
    appearance Appearance {
        material  Material 	{
            diffuseColor 0.9686274509803922 0.8784313725490196 0.6
            specularColor 0.6784313725490196 0.615686274509804 0.4196078431372549
            ambientIntensity 0.8737
            transparency 0.0
            shininess 0.5
        }
    }
    geometry IndexedFaceSet {
        ccw TRUE
        solid FALSE
        coord DEF co Coordinate {
            point [
                0.3701 -1.1079 0.6811, 0.3701 -1.1228 0.6811, 0.3701 -1.1079 0.689, 0.3701 -1.1228 0.685, 0.3701 -1.2107 0.689, 0.3701 -1.2278 0.685, 0.3701 -1.2195 0.688
            ]
        }
        coordIndex [
            0,1,2,-1,2,1,3,-1,2,3,4,-1,4,3,5,-1,4,5,6,-1,
        ]
    }
}
Shape{
    appearance Appearance {
        material  Material 	{
            diffuseColor 0.2235294117647059 0.2235294117647059 0.2235294117647059
            specularColor 0.11372549019607843 0.11372549019607843 0.11372549019607843
            ambientIntensity 0.2235
            transparency 0.0
            shininess 0.5
        }
    }
    geometry IndexedFaceSet {
        ccw TRUE
        solid FALSE
        coord DEF co Coordinate {
            point [
                -0.7376 1.0583 1.0197, -0.6982 1.0583 0.9803, -0.6982 1.0583 0.7949, -1.1417 1.0583 0.4922, -1.1417 1.0583 0.5772, -1.1024 1.0583 0.4528, -0.8508 1.0583 0.7949, -0.8508 1.0583 0.4528, -1.1752 1.0583 0.5772, -1.1752 1.0583 0.7347, -1.1102 1.0583 0.7347, -1.1102 1.0583 0.9921, -1.0972 1.0583 1.0001, -0.8508 1.0583 1.0197, -0.8508 1.0583 1.0079, -1.063 1.0583 1.0079, -1.0805 1.0583 1.0059
            ]
        }
        coordIndex [
            0,1,2,-1,3,4,5,-1,5,4,6,-1,5,6,7,-1,8,9,4,-1,4,9,10,-1,4,10,6,-1,6,10,11,-1,6,11,12,-1,13,0,14,-1,14,0,2,-1,14,2,15,-1,15,2,6,-1,15,6,16,-1,16,6,12,-1,
        ]
    }
}
Shape{
    appearance Appearance {
        material  Material 	{
            diffuseColor 0.9686274509803922 0.8784313725490196 0.6
            specularColor 0.6784313725490196 0.615686274509804 0.4196078431372549
            ambientIntensity 0.8737
            transparency 0.0
            shininess 0.5
        }
    }
    geometry IndexedFaceSet {
        ccw TRUE
        solid FALSE
        coord DEF co Coordinate {
            point [
                -0.5059 0.7812 0.117, -0.5157 0.7928 0.1046, -0.5059 0.8244 0.1573, -0.5157 0.836 0.1448, 0.1122 0.3102 0.5118, 0.1122 0.271 0.5118, 0.2028 0.3102 0.5118, 0.2028 0.271 0.5118, 0.7258 0.015 1.0079, 0.7376 0.015 1.0079, 0.7376 0.015 1.0157, 0.8508 0.015 1.0157, 0.8508 0.015 1.0197, 0.7376 0.015 1.0197
            ]
        }
        coordIndex [
            0,1,2,-1,2,1,3,-1,4,5,6,-1,6,5,7,-1,8,9,10,-1,11,12,10,-1,10,12,13,-1,10,13,8,-1,
        ]
    }
}
Shape{
    appearance Appearance {
        material  Material 	{
            diffuseColor 0.6666666666666666 0.6980392156862745 0.7686274509803922
            specularColor 0.3333333333333333 0.34901960784313724 0.3843137254901961
            ambientIntensity 0.6967
            transparency 0.0
            shininess 0.5
        }
    }
    geometry IndexedFaceSet {
        ccw TRUE
        solid FALSE
        coord DEF co Coordinate {
            point [
                -0.4383 0.6488 0.933, -0.5219 0.6488 0.8495, -0.5111 0.6508 0.8387, -0.4275 0.6508 0.9222, -0.501 0.6567 0.8286, -0.4175 0.6567 0.9122, -0.4923 0.6661 0.82, -0.4088 0.6661 0.9035, -0.4857 0.6783 0.8134, -0.4022 0.6783 0.8969, -0.4815 0.6926 0.8092, -0.398 0.6926 0.8927, -0.4801 0.7079 0.8078, -0.3966 0.7079 0.8913
            ]
        }
        coordIndex [
            0,1,2,-1,0,2,3,-1,3,2,4,-1,3,4,5,-1,5,4,6,-1,5,6,7,-1,7,6,8,-1,7,8,9,-1,9,8,10,-1,9,10,11,-1,11,10,12,-1,11,12,13,-1,
        ]
    }
}
Shape{
    appearance Appearance {
        material  Material 	{
            diffuseColor 0.9686274509803922 0.8784313725490196 0.6
            specularColor 0.6784313725490196 0.615686274509804 0.4196078431372549
            ambientIntensity 0.8737
            transparency 0.0
            shininess 0.5
        }
    }
    geometry IndexedFaceSet {
        ccw TRUE
        solid FALSE
        coord DEF co Coordinate {
            point [
                0.5256 1.0542 0.0, 0.5768 1.0542 0.0, 0.5256 0.9417 0.0, 0.5768 0.9417 0.0
            ]
        }
        coordIndex [
            0,1,2,-1,2,1,3,-1,
        ]
    }
}
Shape{
    appearance Appearance {
        material  Material 	{
            diffuseColor 0.6666666666666666 0.6980392156862745 0.7686274509803922
            specularColor 0.3333333333333333 0.34901960784313724 0.3843137254901961
            ambientIntensity 0.6967
            transparency 0.0
            shininess 0.5
        }
    }
    geometry IndexedFaceSet {
        ccw TRUE
        solid FALSE
        coord DEF co Coordinate {
            point [
                -1.2106 -1.1858 0.0, -1.2106 -1.1858 0.1181, -1.2216 -1.1846 0.1181, -1.2216 -1.1846 0.0, -1.232 -1.181 0.1181, -1.232 -1.181 0.0, -1.2413 -1.1751 0.1181, -1.2413 -1.1751 0.0, -1.2491 -1.1673 0.1181, -1.2491 -1.1673 0.0, -1.255 -1.158 0.1181, -1.255 -1.158 0.0, -1.2586 -1.1476 0.1181, -1.2586 -1.1476 0.0, -1.2598 -1.1366 0.1181, -1.2598 -1.1366 0.0
            ]
        }
        coordIndex [
            0,1,2,-1,0,2,3,-1,3,2,4,-1,3,4,5,-1,5,4,6,-1,5,6,7,-1,7,6,8,-1,7,8,9,-1,9,8,10,-1,9,10,11,-1,11,10,12,-1,11,12,13,-1,13,12,14,-1,13,14,15,-1,
        ]
    }
}
Shape{
    appearance Appearance {
        material  Material 	{
            diffuseColor 0.9686274509803922 0.8784313725490196 0.6
            specularColor 0.6784313725490196 0.615686274509804 0.4196078431372549
            ambientIntensity 0.8737
            transparency 0.0
            shininess 0.5
        }
    }
    geometry IndexedFaceSet {
        ccw TRUE
        solid FALSE
        coord DEF co Coordinate {
            point [
                1.1614 0.7413 0.535, 1.1614 0.7354 0.5492, 1.1614 0.9992 0.5772, 1.1614 0.726 0.5614, 1.1614 0.7138 0.5708, 1.1614 0.6995 0.5767, 1.1614 0.6977 0.5772, 1.1614 0.7433 0.5197, 1.1614 0.9992 0.5085, 1.1614 0.7433 0.5085
            ]
        }
        coordIndex [
            0,1,2,-1,2,1,3,-1,3,4,2,-1,2,4,5,-1,2,5,6,-1,0,2,7,-1,7,2,8,-1,7,8,9,-1,
        ]
    }
}
Shape{
    appearance Appearance {
        material  Material 	{
            diffuseColor 0.6666666666666666 0.6980392156862745 0.7686274509803922
            specularColor 0.3333333333333333 0.34901960784313724 0.3843137254901961
            ambientIntensity 0.6967
            transparency 0.0
            shininess 0.5
        }
    }
    geometry IndexedFaceSet {
        ccw TRUE
        solid FALSE
        coord DEF co Coordinate {
            point [
                -0.838 -1.6684 1.1417, -0.3431 -1.6684 1.1417, -0.838 -1.6684 1.0236, -0.3431 -1.6684 1.0236
            ]
        }
        coordIndex [
            0,1,2,-1,2,1,3,-1,
        ]
    }
}
Shape{
    appearance Appearance {
        material  Material 	{
            diffuseColor 0.2235294117647059 0.2235294117647059 0.2235294117647059
            specularColor 0.11372549019607843 0.11372549019607843 0.11372549019607843
            ambientIntensity 0.2235
            transparency 0.0
            shininess 0.5
        }
    }
    geometry IndexedFaceSet {
        ccw TRUE
        solid FALSE
        coord DEF co Coordinate {
            point [
                -1.1417 1.0583 0.5772, -1.1417 -0.2213 0.5772, -1.1516 0.015 0.5772, -1.1516 -0.2114 0.5772, -1.1752 0.6511 0.5772, -1.1752 0.6977 0.5772, -1.1614 0.6511 0.5772, -1.1614 0.6977 0.5772, -1.1752 1.013 0.5772, -1.1752 1.0583 0.5772, -1.1614 0.9992 0.5772, -1.1614 0.015 0.5772
            ]
        }
        coordIndex [
            0,1,2,-1,2,1,3,-1,4,5,6,-1,6,5,7,-1,8,9,10,-1,10,9,0,-1,10,0,7,-1,7,0,2,-1,7,2,6,-1,6,2,11,-1,
        ]
    }
}
Shape{
    appearance Appearance {
        material  Material 	{
            diffuseColor 0.6666666666666666 0.6980392156862745 0.7686274509803922
            specularColor 0.3333333333333333 0.34901960784313724 0.3843137254901961
            ambientIntensity 0.6967
            transparency 0.0
            shininess 0.5
        }
    }
    geometry IndexedFaceSet {
        ccw TRUE
        solid FALSE
        coord DEF co Coordinate {
            point [
                -0.8189 0.5898 1.1417, -0.8189 0.5898 1.0236, -0.8169 0.605 1.1417, -0.8169 0.605 1.0236, -0.811 0.6193 1.1417, -0.811 0.6193 1.0236, -0.8016 0.6315 1.1417, -0.8016 0.6315 1.0236, -0.7894 0.6409 1.1417, -0.7894 0.6409 1.0236, -0.7751 0.6468 1.1417, -0.7751 0.6468 1.0236, -0.7598 0.6488 1.1417, -0.7598 0.6488 1.0236
            ]
        }
        coordIndex [
            0,1,2,-1,2,1,3,-1,2,3,4,-1,4,3,5,-1,4,5,6,-1,6,5,7,-1,6,7,8,-1,8,7,9,-1,8,9,10,-1,10,9,11,-1,10,11,12,-1,12,11,13,-1,
        ]
    }
}
Shape{
    appearance Appearance {
        material  Material 	{
            diffuseColor 0.2235294117647059 0.2235294117647059 0.2235294117647059
            specularColor 0.11372549019607843 0.11372549019607843 0.11372549019607843
            ambientIntensity 0.2235
            transparency 0.0
            shininess 0.5
        }
    }
    geometry IndexedFaceSet {
        ccw TRUE
        solid FALSE
        coord DEF co Coordinate {
            point [
                0.8394 0.7335 0.1752, 0.8394 0.7335 0.4528, 1.1417 0.7335 0.1752, 1.1024 0.7335 0.4528, 1.1417 0.7335 0.4922
            ]
        }
        coordIndex [
            0,1,2,-1,2,1,3,-1,2,3,4,-1,
        ]
    }
}
Shape{
    appearance Appearance {
        material  Material 	{
            diffuseColor 0.9686274509803922 0.8784313725490196 0.6
            specularColor 0.6784313725490196 0.615686274509804 0.4196078431372549
            ambientIntensity 0.8737
            transparency 0.0
            shininess 0.5
        }
    }
    geometry IndexedFaceSet {
        ccw TRUE
        solid FALSE
        coord DEF co Coordinate {
            point [
                0.5866 1.0542 0.0098, 0.5866 1.0542 0.0591, 0.5866 0.8945 0.0098, 0.5866 0.9417 0.0591, 0.5866 0.836 0.1448, 0.5866 0.7928 0.1046, 0.5866 0.8985 0.0778, 0.5866 0.8553 0.0376, 0.5866 0.9076 0.0699, 0.5866 0.8715 0.0231, 0.5866 0.9181 0.064, 0.5866 0.9296 0.0603, 0.4331 -1.0905 0.4528, 0.4477 -1.1051 0.4528, 0.4331 -1.0905 0.4606, 0.4477 -1.1051 0.4606, 0.3406 0.6055 0.0, 0.2894 0.6055 0.0, 0.3504 0.6055 0.0098, 0.2795 0.6055 0.0098, 0.3504 0.6055 0.0591, 0.2795 0.6055 0.0591
            ]
        }
        coordIndex [
            0,1,2,-1,2,1,3,-1,4,5,6,-1,6,5,7,-1,6,7,8,-1,8,7,9,-1,8,9,10,-1,10,9,2,-1,10,2,11,-1,11,2,3,-1,12,13,14,-1,14,13,15,-1,16,17,18,-1,18,17,19,-1,18,19,20,-1,20,19,21,-1,
        ]
    }
}
Shape{
    appearance Appearance {
        material  Material 	{
            diffuseColor 0.6666666666666666 0.6980392156862745 0.7686274509803922
            specularColor 0.3333333333333333 0.34901960784313724 0.3843137254901961
            ambientIntensity 0.6967
            transparency 0.0
            shininess 0.5
        }
    }
    geometry IndexedFaceSet {
        ccw TRUE
        solid FALSE
        coord DEF co Coordinate {
            point [
                -0.9772 -0.5756 0.0553, -1.2309 -0.5756 0.3229, -0.9772 0.0051 0.0553, -1.2309 0.0051 0.3229
            ]
        }
        coordIndex [
            0,1,2,-1,2,1,3,-1,
        ]
    }
}
Shape{
    appearance Appearance {
        material  Material 	{
            diffuseColor 0.9686274509803922 0.8784313725490196 0.6
            specularColor 0.6784313725490196 0.615686274509804 0.4196078431372549
            ambientIntensity 0.8737
            transparency 0.0
            shininess 0.5
        }
    }
    geometry IndexedFaceSet {
        ccw TRUE
        solid FALSE
        coord DEF co Coordinate {
            point [
                -0.1969 -1.0905 0.689, -0.1969 -1.0905 0.6811, -0.1969 -0.3315 0.689, -0.1969 -0.3394 0.6811
            ]
        }
        coordIndex [
            0,1,2,-1,2,1,3,-1,
        ]
    }
}
Shape{
    appearance Appearance {
        material  Material 	{
            diffuseColor 0.6666666666666666 0.6980392156862745 0.7686274509803922
            specularColor 0.3333333333333333 0.34901960784313724 0.3843137254901961
            ambientIntensity 0.6967
            transparency 0.0
            shininess 0.5
        }
    }
    geometry IndexedFaceSet {
        ccw TRUE
        solid FALSE
        coord DEF co Coordinate {
            point [
                -0.3622 0.1913 1.1417, -0.3622 0.1913 1.0236, -0.3602 0.2066 1.1417, -0.3602 0.2066 1.0236, -0.3543 0.2208 1.1417, -0.3543 0.2208 1.0236, -0.3449 0.2331 1.1417, -0.3449 0.2331 1.0236, -0.3327 0.2425 1.1417, -0.3327 0.2425 1.0236, -0.3184 0.2484 1.1417, -0.3184 0.2484 1.0236, -0.3031 0.2504 1.1417, -0.3031 0.2504 1.0236, -0.284 -1.1999 1.0236, -0.284 -1.6094 1.0236, -0.284 -1.1999 1.1417, -0.284 -1.6094 1.1417
            ]
        }
        coordIndex [
            0,1,2,-1,2,1,3,-1,2,3,4,-1,4,3,5,-1,4,5,6,-1,6,5,7,-1,6,7,8,-1,8,7,9,-1,8,9,10,-1,10,9,11,-1,10,11,12,-1,12,11,13,-1,14,15,16,-1,16,15,17,-1,
        ]
    }
}
Shape{
    appearance Appearance {
        material  Material 	{
            diffuseColor 0.9686274509803922 0.8784313725490196 0.6
            specularColor 0.6784313725490196 0.615686274509804 0.4196078431372549
            ambientIntensity 0.8737
            transparency 0.0
            shininess 0.5
        }
    }
    geometry IndexedFaceSet {
        ccw TRUE
        solid FALSE
        coord DEF co Coordinate {
            point [
                0.4291 0.8715 0.0231, 0.4291 0.8553 0.0376, 0.3583 0.8715 0.0231, 0.3583 0.8553 0.0376, 0.4291 0.8945 0.0098, 0.3583 0.8945 0.0098, 0.4291 0.8946 0.0098, 0.3583 0.8946 0.0098, 0.3645 0.9128 0.0036, 0.3681 0.9417 0.0, 0.4193 0.9417 0.0, 0.3675 0.9321 0.0004, 0.421 0.922 0.0017, 0.3656 0.92 0.0024, 0.4215 0.92 0.0021, 0.4258 0.9033 0.0064
            ]
        }
        coordIndex [
            0,1,2,-1,2,1,3,-1,0,2,4,-1,4,2,5,-1,4,5,6,-1,6,5,7,-1,6,7,8,-1,9,10,11,-1,11,10,12,-1,11,12,13,-1,13,12,14,-1,13,14,8,-1,8,14,15,-1,8,15,6,-1,
        ]
    }
}
Shape{
    appearance Appearance {
        material  Material 	{
            diffuseColor 0.2235294117647059 0.2235294117647059 0.2235294117647059
            specularColor 0.11372549019607843 0.11372549019607843 0.11372549019607843
            ambientIntensity 0.2235
            transparency 0.0
            shininess 0.5
        }
    }
    geometry IndexedFaceSet {
        ccw TRUE
        solid FALSE
        coord DEF co Coordinate {
            point [
                0.4204 -0.2213 0.122, 0.8327 -0.2213 0.122, 0.4204 -0.2331 0.1339, 0.8164 -0.2606 0.1614, -0.4204 -0.2331 0.1339, -0.8164 -0.2606 0.1614, -0.4204 -0.2213 0.122, -0.8327 -0.2213 0.122
            ]
        }
        coordIndex [
            0,1,2,-1,2,1,3,-1,2,3,4,-1,4,3,5,-1,4,5,6,-1,6,5,7,-1,
        ]
    }
}
Shape{
    appearance Appearance {
        material  Material 	{
            diffuseColor 0.9686274509803922 0.8784313725490196 0.6
            specularColor 0.6784313725490196 0.615686274509804 0.4196078431372549
            ambientIntensity 0.8737
            transparency 0.0
            shininess 0.5
        }
    }
    geometry IndexedFaceSet {
        ccw TRUE
        solid FALSE
        coord DEF co Coordinate {
            point [
                -0.5079 0.3693 0.2205, -0.5079 0.4283 0.2205, -0.5079 0.3693 0.1181, -0.5079 0.4283 0.1181, -0.5079 0.371 0.0983, -0.5079 0.4298 0.105, -0.5079 0.3793 0.0705, -0.5079 0.4342 0.0925, -0.5079 0.3942 0.0455, -0.5079 0.4412 0.0813, -0.5079 0.4148 0.0249, -0.5079 0.4506 0.0719, -0.5079 0.4398 0.0101, -0.5079 0.4618 0.0649, -0.5079 0.4402 0.0098, -0.5079 0.6055 0.0591, -0.5079 0.6055 0.0098, -0.5079 0.4874 0.0591, -0.5079 0.4743 0.0605, -0.4477 -1.1051 0.4528, -0.4477 -1.1051 0.4606, -0.4482 -1.1057 0.4528, -0.4482 -1.1057 0.4606, -0.4485 -1.1064 0.4528, -0.4485 -1.1064 0.4606, -0.4487 -1.1071 0.4528, -0.4487 -1.1071 0.4606, -0.4488 -1.1079 0.4528, -0.4488 -1.1079 0.4606, -0.5177 0.3693 0.2375, -0.5177 0.4283 0.2375
            ]
        }
        coordIndex [
            0,1,2,-1,2,1,3,-1,2,3,4,-1,4,3,5,-1,4,5,6,-1,6,5,7,-1,6,7,8,-1,8,7,9,-1,8,9,10,-1,10,9,11,-1,10,11,12,-1,12,11,13,-1,12,13,14,-1,15,16,17,-1,17,16,14,-1,17,14,18,-1,18,14,13,-1,19,20,21,-1,21,20,22,-1,21,22,23,-1,23,22,24,-1,23,24,25,-1,25,24,26,-1,25,26,27,-1,27,26,28,-1,0,29,1,-1,1,29,30,-1,
        ]
    }
}
Shape{
    appearance Appearance {
        material  Material 	{
            diffuseColor 0.2235294117647059 0.2235294117647059 0.2235294117647059
            specularColor 0.11372549019607843 0.11372549019607843 0.11372549019607843
            ambientIntensity 0.2235
            transparency 0.0
            shininess 0.5
        }
    }
    geometry IndexedFaceSet {
        ccw TRUE
        solid FALSE
        coord DEF co Coordinate {
            point [
                0.2728 0.4396 0.935, -0.2728 0.4396 0.935, 0.2728 -0.0591 0.935, -0.2728 -0.0591 0.935
            ]
        }
        coordIndex [
            0,1,2,-1,2,1,3,-1,
        ]
    }
}
Shape{
    appearance Appearance {
        material  Material 	{
            diffuseColor 0.6666666666666666 0.6980392156862745 0.7686274509803922
            specularColor 0.3333333333333333 0.34901960784313724 0.3843137254901961
            ambientIntensity 0.6967
            transparency 0.0
            shininess 0.5
        }
    }
    geometry IndexedFaceSet {
        ccw TRUE
        solid FALSE
        coord DEF co Coordinate {
            point [
                0.284 -1.1999 1.0236, 0.2349 -0.7582 1.0236, 0.284 -1.1999 1.1417, 0.2349 -0.7582 1.1417, 0.3966 0.7079 0.8913, 0.3966 0.9992 0.8913, 0.4801 0.7079 0.8078, 0.4801 0.9992 0.8078
            ]
        }
        coordIndex [
            0,1,2,-1,2,1,3,-1,4,5,6,-1,6,5,7,-1,
        ]
    }
}
Shape{
    appearance Appearance {
        material  Material 	{
            diffuseColor 0.9686274509803922 0.8784313725490196 0.6
            specularColor 0.6784313725490196 0.615686274509804 0.4196078431372549
            ambientIntensity 0.8737
            transparency 0.0
            shininess 0.5
        }
    }
    geometry IndexedFaceSet {
        ccw TRUE
        solid FALSE
        coord DEF co Coordinate {
            point [
                -0.4452 0.4676 0.0017, -0.437 0.6055 0.0098, -0.4403 0.4491 0.0064, -0.437 0.4402 0.0098, -0.4452 0.4677 0.0017, -0.4469 0.4874 0.0, -0.4469 0.6055 0.0, 0.4961 -1.2278 0.4567, 0.4488 -1.2278 0.4567, 0.4488 -1.2195 0.4538, 0.4961 -1.2195 0.4538, 0.4488 -1.2107 0.4528, 0.4961 -1.2107 0.4528, 0.3386 -1.2278 0.4567, 0.2913 -1.2278 0.4567, 0.2913 -1.2195 0.4538, 0.3386 -1.2195 0.4538, 0.2913 -1.2107 0.4528, 0.3386 -1.2107 0.4528
            ]
        }
        coordIndex [
            0,1,2,-1,2,1,3,-1,0,4,1,-1,1,4,5,-1,1,5,6,-1,7,8,9,-1,7,9,10,-1,10,9,11,-1,10,11,12,-1,13,14,15,-1,13,15,16,-1,16,15,17,-1,16,17,18,-1,
        ]
    }
}
Shape{
    appearance Appearance {
        material  Material 	{
            diffuseColor 0.6666666666666666 0.6980392156862745 0.7686274509803922
            specularColor 0.3333333333333333 0.34901960784313724 0.3843137254901961
            ambientIntensity 0.6967
            transparency 0.0
            shininess 0.5
        }
    }
    geometry IndexedFaceSet {
        ccw TRUE
        solid FALSE
        coord DEF co Coordinate {
            point [
                -0.7593 -1.4713 1.0107, -0.7593 -1.4046 1.1081, -0.7593 -1.3896 0.9548, -0.7593 -1.3229 1.0522, -0.7593 -1.3552 0.9373, -0.7593 -1.317 1.0491, -0.7593 -1.3175 0.9294, -0.7593 -1.3107 1.0474, -0.7593 -1.279 0.9315, -0.7593 -1.1245 1.1417, -0.7593 -1.1245 1.0236, -0.7593 -1.148 1.1417, -0.7593 -1.148 1.0236, -0.7593 -1.1834 1.1374, -0.7593 -1.155 1.0228, -0.7593 -1.2168 1.1247, -0.7593 -1.1617 1.0202, -0.7593 -1.2462 1.1043, -0.7593 -1.1676 1.0161, -0.7593 -1.2698 1.0775, -0.7593 -1.1723 1.0108, -0.7593 -1.2818 1.0599, -0.7593 -1.1844 0.9932, -0.7593 -1.2862 1.0549, -0.7593 -1.2101 0.9645, -0.7593 -1.2915 1.051, -0.7593 -1.2424 0.9434, -0.7593 -1.2976 1.0483, -0.7593 -1.3041 1.0471
            ]
        }
        coordIndex [
            0,1,2,-1,2,1,3,-1,2,3,4,-1,4,3,5,-1,4,5,6,-1,6,5,7,-1,6,7,8,-1,9,10,11,-1,11,10,12,-1,11,12,13,-1,13,12,14,-1,13,14,15,-1,15,14,16,-1,15,16,17,-1,17,16,18,-1,17,18,19,-1,19,18,20,-1,19,20,21,-1,21,20,22,-1,21,22,23,-1,23,22,24,-1,23,24,25,-1,25,24,26,-1,25,26,27,-1,27,26,8,-1,27,8,28,-1,28,8,7,-1,
        ]
    }
}
Shape{
    appearance Appearance {
        material  Material 	{
            diffuseColor 0.2235294117647059 0.2235294117647059 0.2235294117647059
            specularColor 0.11372549019607843 0.11372549019607843 0.11372549019607843
            ambientIntensity 0.2235
            transparency 0.0
            shininess 0.5
        }
    }
    geometry IndexedFaceSet {
        ccw TRUE
        solid FALSE
        coord DEF co Coordinate {
            point [
                -0.1327 -1.1051 0.4606, -0.1181 -1.0905 0.4606, -0.0236 -1.1228 0.4606, -0.1332 -1.1057 0.4606, -0.1181 -0.3394 0.4606, -0.0394 -0.3394 0.4606, -0.1339 -1.1228 0.4606, -0.1339 -1.1079 0.4606, -0.0394 -1.0905 0.4606, -0.0248 -1.1051 0.4606, -0.0241 -1.1059 0.4606, -0.1338 -1.1071 0.4606, -0.1336 -1.1064 0.4606, -0.0238 -1.1069 0.4606, -0.0236 -1.1079 0.4606
            ]
        }
        coordIndex [
            0,1,2,-1,0,2,3,-1,1,4,5,-1,2,6,7,-1,5,8,1,-1,1,8,9,-1,1,9,10,-1,7,11,2,-1,2,11,12,-1,2,12,3,-1,10,13,1,-1,1,13,14,-1,1,14,2,-1,
        ]
    }
}
Shape{
    appearance Appearance {
        material  Material 	{
            diffuseColor 0.9686274509803922 0.8784313725490196 0.6
            specularColor 0.6784313725490196 0.615686274509804 0.4196078431372549
            ambientIntensity 0.8737
            transparency 0.0
            shininess 0.5
        }
    }
    geometry IndexedFaceSet {
        ccw TRUE
        solid FALSE
        coord DEF co Coordinate {
            point [
                0.261 -1.1051 0.6811, 0.261 -1.1051 0.689, 0.2605 -1.1057 0.6811, 0.2605 -1.1057 0.689, 0.2601 -1.1064 0.6811, 0.2601 -1.1064 0.689, 0.2599 -1.1071 0.6811, 0.2599 -1.1071 0.689, 0.2598 -1.1079 0.6811, 0.2598 -1.1079 0.689, -0.4291 0.8985 0.0778, -0.3583 0.8985 0.0778, -0.4291 0.9076 0.0699, -0.3583 0.9076 0.0699, -0.4291 0.9181 0.064, -0.3583 0.9181 0.064, -0.4291 0.9296 0.0603, -0.3583 0.9296 0.0603, -0.4291 0.9417 0.0591, -0.3583 0.9417 0.0591
            ]
        }
        coordIndex [
            0,1,2,-1,2,1,3,-1,2,3,4,-1,4,3,5,-1,4,5,6,-1,6,5,7,-1,6,7,8,-1,8,7,9,-1,10,11,12,-1,12,11,13,-1,12,13,14,-1,14,13,15,-1,14,15,16,-1,16,15,17,-1,16,17,18,-1,18,17,19,-1,
        ]
    }
}
Shape{
    appearance Appearance {
        material  Material 	{
            diffuseColor 0.6666666666666666 0.6980392156862745 0.7686274509803922
            specularColor 0.3333333333333333 0.34901960784313724 0.3843137254901961
            ambientIntensity 0.6967
            transparency 0.0
            shininess 0.5
        }
    }
    geometry IndexedFaceSet {
        ccw TRUE
        solid FALSE
        coord DEF co Coordinate {
            point [
                -0.756 -1.4231 1.1208, -0.4251 -1.4231 1.1208, -0.7582 -1.4154 1.1156, -0.4229 -1.4154 1.1156, -0.7593 -1.4046 1.1081, -0.4218 -1.4046 1.1081, -0.7593 -1.3229 1.0522, -0.4218 -1.3229 1.0522
            ]
        }
        coordIndex [
            0,1,2,-1,2,1,3,-1,2,3,4,-1,4,3,5,-1,4,5,6,-1,6,5,7,-1,
        ]
    }
}
Shape{
    appearance Appearance {
        material  Material 	{
            diffuseColor 0.9686274509803922 0.8784313725490196 0.6
            specularColor 0.6784313725490196 0.615686274509804 0.4196078431372549
            ambientIntensity 0.8737
            transparency 0.0
            shininess 0.5
        }
    }
    geometry IndexedFaceSet {
        ccw TRUE
        solid FALSE
        coord DEF co Coordinate {
            point [
                1.1417 0.2709 0.9291, 1.1417 0.2709 0.7347, 1.1102 0.2709 0.7347, 1.1102 0.2709 0.9921, 1.1187 0.2709 0.9848, 1.139 0.2709 0.9495, 1.1312 0.2709 0.9685, -0.5906 -1.0905 0.689, -0.5906 -0.3315 0.689, -0.5906 -1.0905 0.6811, -0.5906 -0.3394 0.6811, 0.124 0.271 0.689, 0.124 0.5858 0.689, 0.0787 0.271 0.689, 0.0335 0.5858 0.689, 0.0335 0.271 0.689
            ]
        }
        coordIndex [
            0,1,2,-1,2,3,0,-1,0,3,4,-1,0,4,5,-1,5,4,6,-1,7,8,9,-1,9,8,10,-1,11,12,13,-1,13,12,14,-1,13,14,15,-1,
        ]
    }
}
Shape{
    appearance Appearance {
        material  Material 	{
            diffuseColor 0.2235294117647059 0.2235294117647059 0.2235294117647059
            specularColor 0.11372549019607843 0.11372549019607843 0.11372549019607843
            ambientIntensity 0.2235
            transparency 0.0
            shininess 0.5
        }
    }
    geometry IndexedFaceSet {
        ccw TRUE
        solid FALSE
        coord DEF co Coordinate {
            point [
                -0.7376 0.015 1.0079, -0.7376 -0.2213 1.0079, -0.7258 0.015 1.0079, -0.4331 -0.2213 1.0079, -0.7258 0.6364 1.0079, -0.4331 0.6364 1.0079
            ]
        }
        coordIndex [
            0,1,2,-1,2,1,3,-1,2,3,4,-1,4,3,5,-1,
        ]
    }
}
Shape{
    appearance Appearance {
        material  Material 	{
            diffuseColor 0.6666666666666666 0.6980392156862745 0.7686274509803922
            specularColor 0.3333333333333333 0.34901960784313724 0.3843137254901961
            ambientIntensity 0.6967
            transparency 0.0
            shininess 0.5
        }
    }
    geometry IndexedFaceSet {
        ccw TRUE
        solid FALSE
        coord DEF co Coordinate {
            point [
                -0.2362 0.2504 1.0236, -0.2362 0.2504 1.1417, -0.3031 0.2504 1.0236, -0.3031 0.2504 1.1417
            ]
        }
        coordIndex [
            0,1,2,-1,2,1,3,-1,
        ]
    }
}
Shape{
    appearance Appearance {
        material  Material 	{
            diffuseColor 0.9686274509803922 0.8784313725490196 0.6
            specularColor 0.6784313725490196 0.615686274509804 0.4196078431372549
            ambientIntensity 0.8737
            transparency 0.0
            shininess 0.5
        }
    }
    geometry IndexedFaceSet {
        ccw TRUE
        solid FALSE
        coord DEF co Coordinate {
            point [
                0.6555 0.6055 0.0, 0.6043 0.6055 0.0, 0.6654 0.6055 0.0098, 0.5945 0.6055 0.0098, 0.6654 0.6055 0.0591, 0.5945 0.6055 0.0591, -0.5846 0.3693 0.2375, -0.5846 0.4283 0.2375, -0.5846 0.3693 0.3937, -0.5846 0.4283 0.3937, -0.5846 0.3673 0.409, -0.5846 0.4243 0.4243, -0.5846 0.3614 0.4232, -0.5846 0.4125 0.4528, -0.5846 0.352 0.4355, -0.5846 0.3938 0.4772, -0.5846 0.3398 0.4448, -0.5846 0.3693 0.496, -0.5846 0.3255 0.4507, -0.5846 0.3408 0.5078, -0.5846 0.3102 0.4528, -0.5846 0.3102 0.5118, -0.5846 0.271 0.4528, -0.5846 0.271 0.5118
            ]
        }
        coordIndex [
            0,1,2,-1,2,1,3,-1,2,3,4,-1,4,3,5,-1,6,7,8,-1,8,7,9,-1,8,9,10,-1,10,9,11,-1,10,11,12,-1,12,11,13,-1,12,13,14,-1,14,13,15,-1,14,15,16,-1,16,15,17,-1,16,17,18,-1,18,17,19,-1,18,19,20,-1,20,19,21,-1,20,21,22,-1,22,21,23,-1,
        ]
    }
}
Shape{
    appearance Appearance {
        material  Material 	{
            diffuseColor 0.6666666666666666 0.6980392156862745 0.7686274509803922
            specularColor 0.3333333333333333 0.34901960784313724 0.3843137254901961
            ambientIntensity 0.6967
            transparency 0.0
            shininess 0.5
        }
    }
    geometry IndexedFaceSet {
        ccw TRUE
        solid FALSE
        coord DEF co Coordinate {
            point [
                -1.2795 0.1429 0.1969, -1.2795 0.6055 0.1969, -1.2746 0.6055 0.153, -1.2746 0.1429 0.153, -1.26 0.6055 0.1114, -1.26 0.1429 0.1114, -1.2366 0.6055 0.0741, -1.2366 0.1429 0.0741, -1.2054 0.6055 0.0429, -1.2054 0.1429 0.0429, -1.1681 0.6055 0.0195, -1.1681 0.1429 0.0195, -1.1265 0.6055 0.0049, -1.1265 0.1429 0.0049, -1.0827 0.6055 0.0, -1.0827 0.1429 0.0, -0.063 -1.8945 0.0, -0.063 -1.8945 0.0591, -0.8486 -1.8945 0.0, -0.8486 -1.8945 0.0591, -0.8843 -1.8945 0.0036, -0.8724 -1.8945 0.0615, -0.9186 -1.8945 0.0144, -0.8953 -1.8945 0.0687, -0.95 -1.8945 0.0319, -0.9162 -1.8945 0.0803, -0.9772 -1.8945 0.0553, -0.9343 -1.8945 0.0959, -1.2309 -1.8945 0.3229, -1.1881 -1.8945 0.3635, -1.2573 -1.8945 0.359, -1.2057 -1.8945 0.3876, -1.2739 -1.8945 0.4005, -1.2167 -1.8945 0.4153, -1.2795 -1.8945 0.4448, -1.2205 -1.8945 0.4448, -1.2795 -1.8945 0.9646, -1.2205 -1.8945 0.9646, -1.2735 -1.8945 1.0104, -1.2175 -1.8945 0.9908, -1.2558 -1.8945 1.0531, -1.2088 -1.8945 1.0158, -1.2276 -1.8945 1.0898, 0.063 -1.8945 0.0591, 0.063 -1.8945 0.0, 0.8486 -1.8945 0.0591, 0.8486 -1.8945 0.0, 0.8724 -1.8945 0.0615, 0.8843 -1.8945 0.0036, 0.8953 -1.8945 0.0687, 0.9186 -1.8945 0.0144, 0.9162 -1.8945 0.0803, 0.95 -1.8945 0.0319, 0.9343 -1.8945 0.0959, 0.9772 -1.8945 0.0553, 1.1881 -1.8945 0.3635, 1.2309 -1.8945 0.3229, 1.2057 -1.8945 0.3876, 1.2573 -1.8945 0.359, 1.2167 -1.8945 0.4153, 1.2739 -1.8945 0.4005, 1.2205 -1.8945 0.4448, 1.2795 -1.8945 0.4448, 1.2205 -1.8945 0.9646, 1.2795 -1.8945 0.9646, 1.2175 -1.8945 0.9908, 1.2751 -1.8945 1.004, 1.2088 -1.8945 1.0158, 1.262 -1.8945 1.0414, 1.1947 -1.8945 1.0382, 1.2409 -1.8945 1.075, 1.176 -1.8945 1.0569, 1.2128 -1.8945 1.1031, 1.1536 -1.8945 1.071, 1.1792 -1.8945 1.1242, 1.1286 -1.8945 1.0797, 1.1418 -1.8945 1.1373, 1.1024 -1.8945 1.0827, 1.1024 -1.8945 1.1417, -1.1024 -1.8945 1.0827, -1.1024 -1.8945 1.1417, -1.1286 -1.8945 1.0797, -1.1482 -1.8945 1.1357, -1.1536 -1.8945 1.071, -1.1909 -1.8945 1.118, -1.176 -1.8945 1.0569, -1.1947 -1.8945 1.0382
            ]
        }
        coordIndex [
            0,1,2,-1,0,2,3,-1,3,2,4,-1,3,4,5,-1,5,4,6,-1,5,6,7,-1,7,6,8,-1,7,8,9,-1,9,8,10,-1,9,10,11,-1,11,10,12,-1,11,12,13,-1,13,12,14,-1,13,14,15,-1,16,17,18,-1,18,17,19,-1,18,19,20,-1,20,19,21,-1,20,21,22,-1,22,21,23,-1,22,23,24,-1,24,23,25,-1,24,25,26,-1,26,25,27,-1,26,27,28,-1,28,27,29,-1,28,29,30,-1,30,29,31,-1,30,31,32,-1,32,31,33,-1,32,33,34,-1,34,33,35,-1,34,35,36,-1,36,35,37,-1,36,37,38,-1,38,37,39,-1,38,39,40,-1,40,39,41,-1,40,41,42,-1,43,44,45,-1,45,44,46,-1,45,46,47,-1,47,46,48,-1,47,48,49,-1,49,48,50,-1,49,50,51,-1,51,50,52,-1,51,52,53,-1,53,52,54,-1,53,54,55,-1,55,54,56,-1,55,56,57,-1,57,56,58,-1,57,58,59,-1,59,58,60,-1,59,60,61,-1,61,60,62,-1,61,62,63,-1,63,62,64,-1,63,64,65,-1,65,64,66,-1,65,66,67,-1,67,66,68,-1,67,68,69,-1,69,68,70,-1,69,70,71,-1,71,70,72,-1,71,72,73,-1,73,72,74,-1,73,74,75,-1,75,74,76,-1,75,76,77,-1,77,76,78,-1,77,78,79,-1,79,78,80,-1,79,80,81,-1,81,80,82,-1,81,82,83,-1,83,82,84,-1,83,84,85,-1,85,84,42,-1,85,42,86,-1,86,42,41,-1,
        ]
    }
}
Shape{
    appearance Appearance {
        material  Material 	{
            diffuseColor 0.9686274509803922 0.8784313725490196 0.6
            specularColor 0.6784313725490196 0.615686274509804 0.4196078431372549
            ambientIntensity 0.8737
            transparency 0.0
            shininess 0.5
        }
    }
    geometry IndexedFaceSet {
        ccw TRUE
        solid FALSE
        coord DEF co Coordinate {
            point [
                -0.6555 0.6055 0.0, -0.6654 0.6055 0.0098, -0.6043 0.6055 0.0, -0.6654 0.6055 0.0591, -0.5945 0.6055 0.0098, -0.5945 0.6055 0.0591, 0.2362 0.2153 1.0199, 0.2362 0.0925 0.9626, -0.2362 0.2153 1.0199, -0.2362 0.0925 0.9626, -0.4488 -1.1079 0.4606, -0.4488 -1.1228 0.4606, -0.4488 -1.1079 0.4528, -0.4488 -1.1228 0.4567, -0.4488 -1.2107 0.4528, -0.4488 -1.2278 0.4567, -0.4488 -1.2195 0.4538
            ]
        }
        coordIndex [
            0,1,2,-1,2,1,3,-1,2,3,4,-1,4,3,5,-1,6,7,8,-1,8,7,9,-1,10,11,12,-1,12,11,13,-1,12,13,14,-1,14,13,15,-1,14,15,16,-1,
        ]
    }
}
Shape{
    appearance Appearance {
        material  Material 	{
            diffuseColor 0.6666666666666666 0.6980392156862745 0.7686274509803922
            specularColor 0.3333333333333333 0.34901960784313724 0.3843137254901961
            ambientIntensity 0.6967
            transparency 0.0
            shininess 0.5
        }
    }
    geometry IndexedFaceSet {
        ccw TRUE
        solid FALSE
        coord DEF co Coordinate {
            point [
                0.3583 -1.176 0.0, 0.3583 -1.176 0.1181, 0.3583 -0.5854 0.0, 0.3583 -0.5854 0.1181
            ]
        }
        coordIndex [
            0,1,2,-1,2,1,3,-1,
        ]
    }
}
Shape{
    appearance Appearance {
        material  Material 	{
            diffuseColor 0.9686274509803922 0.8784313725490196 0.6
            specularColor 0.6784313725490196 0.615686274509804 0.4196078431372549
            ambientIntensity 0.8737
            transparency 0.0
            shininess 0.5
        }
    }
    geometry IndexedFaceSet {
        ccw TRUE
        solid FALSE
        coord DEF co Coordinate {
            point [
                0.3602 0.4283 0.3937, 0.2697 0.4283 0.3937, 0.2697 0.4243 0.4243, 0.3602 0.4243 0.4243, 0.2697 0.4125 0.4528, 0.3602 0.4125 0.4528, 0.2697 0.3938 0.4772, 0.3602 0.3938 0.4772, 0.2697 0.3693 0.496, 0.3602 0.3693 0.496, 0.2697 0.3408 0.5078, 0.3602 0.3408 0.5078, 0.2697 0.3102 0.5118, 0.3602 0.3102 0.5118, -0.0551 -1.2107 0.689, -0.1024 -1.2107 0.689, -0.1024 -1.2195 0.688, -0.0551 -1.2195 0.688, -0.1024 -1.2278 0.685, -0.0551 -1.2278 0.685
            ]
        }
        coordIndex [
            0,1,2,-1,0,2,3,-1,3,2,4,-1,3,4,5,-1,5,4,6,-1,5,6,7,-1,7,6,8,-1,7,8,9,-1,9,8,10,-1,9,10,11,-1,11,10,12,-1,11,12,13,-1,14,15,16,-1,14,16,17,-1,17,16,18,-1,17,18,19,-1,
        ]
    }
}
Shape{
    appearance Appearance {
        material  Material 	{
            diffuseColor 0.6666666666666666 0.6980392156862745 0.7686274509803922
            specularColor 0.3333333333333333 0.34901960784313724 0.3843137254901961
            ambientIntensity 0.6967
            transparency 0.0
            shininess 0.5
        }
    }
    geometry IndexedFaceSet {
        ccw TRUE
        solid FALSE
        coord DEF co Coordinate {
            point [
                0.5827 -1.2646 0.0, 0.5827 -1.2646 0.1181, 0.5842 -1.2777 0.0, 0.5842 -1.2777 0.1181, 0.5885 -1.2902 0.0, 0.5885 -1.2902 0.1181, 0.5956 -1.3014 0.0, 0.5956 -1.3014 0.1181, 0.6049 -1.3107 0.0, 0.6049 -1.3107 0.1181, 0.6161 -1.3178 0.0, 0.6161 -1.3178 0.1181, 0.6286 -1.3221 0.0, 0.6286 -1.3221 0.1181, 0.6417 -1.3236 0.0, 0.6417 -1.3236 0.1181
            ]
        }
        coordIndex [
            0,1,2,-1,2,1,3,-1,2,3,4,-1,4,3,5,-1,4,5,6,-1,6,5,7,-1,6,7,8,-1,8,7,9,-1,8,9,10,-1,10,9,11,-1,10,11,12,-1,12,11,13,-1,12,13,14,-1,14,13,15,-1,
        ]
    }
}
Shape{
    appearance Appearance {
        material  Material 	{
            diffuseColor 0.9686274509803922 0.8784313725490196 0.6
            specularColor 0.6784313725490196 0.615686274509804 0.4196078431372549
            ambientIntensity 0.8737
            transparency 0.0
            shininess 0.5
        }
    }
    geometry IndexedFaceSet {
        ccw TRUE
        solid FALSE
        coord DEF co Coordinate {
            point [
                -0.6634 0.5858 0.6299, -0.6634 0.271 0.6299, -0.7539 0.5858 0.6299, -0.7539 0.271 0.6299, 0.5059 0.271 0.6299, 0.5059 0.5858 0.6299, 0.5512 0.271 0.6299, 0.5965 0.5858 0.6299, 0.5965 0.271 0.6299
            ]
        }
        coordIndex [
            0,1,2,-1,2,1,3,-1,4,5,6,-1,6,5,7,-1,6,7,8,-1,
        ]
    }
}
Shape{
    appearance Appearance {
        material  Material 	{
            diffuseColor 0.6666666666666666 0.6980392156862745 0.7686274509803922
            specularColor 0.3333333333333333 0.34901960784313724 0.3843137254901961
            ambientIntensity 0.6967
            transparency 0.0
            shininess 0.5
        }
    }
    geometry IndexedFaceSet {
        ccw TRUE
        solid FALSE
        coord DEF co Coordinate {
            point [
                0.8971 -1.1999 1.0236, 0.8971 -1.6094 1.0236, 0.8971 -1.1999 1.1417, 0.8971 -1.6094 1.1417
            ]
        }
        coordIndex [
            0,1,2,-1,2,1,3,-1,
        ]
    }
}
Shape{
    appearance Appearance {
        material  Material 	{
            diffuseColor 0.2235294117647059 0.2235294117647059 0.2235294117647059
            specularColor 0.11372549019607843 0.11372549019607843 0.11372549019607843
            ambientIntensity 0.2235
            transparency 0.0
            shininess 0.5
        }
    }
    geometry IndexedFaceSet {
        ccw TRUE
        solid FALSE
        coord DEF co Coordinate {
            point [
                0.7283 -0.3354 0.4567, 0.7595 -0.2606 0.3819, 0.8465 -0.3354 0.576, 0.9213 -0.2606 0.5452
            ]
        }
        coordIndex [
            0,1,2,-1,2,1,3,-1,
        ]
    }
}
Shape{
    appearance Appearance {
        material  Material 	{
            diffuseColor 0.9686274509803922 0.8784313725490196 0.6
            specularColor 0.6784313725490196 0.615686274509804 0.4196078431372549
            ambientIntensity 0.8737
            transparency 0.0
            shininess 0.5
        }
    }
    geometry IndexedFaceSet {
        ccw TRUE
        solid FALSE
        coord DEF co Coordinate {
            point [
                -0.2114 -1.1051 0.689, -0.2114 -1.1051 0.6811, -0.1969 -1.0905 0.689, -0.1969 -1.0905 0.6811
            ]
        }
        coordIndex [
            0,1,2,-1,2,1,3,-1,
        ]
    }
}
Shape{
    appearance Appearance {
        material  Material 	{
            diffuseColor 0.2235294117647059 0.2235294117647059 0.2235294117647059
            specularColor 0.11372549019607843 0.11372549019607843 0.11372549019607843
            ambientIntensity 0.2235
            transparency 0.0
            shininess 0.5
        }
    }
    geometry IndexedFaceSet {
        ccw TRUE
        solid FALSE
        coord DEF co Coordinate {
            point [
                -0.576 -1.1051 0.6811, -0.5906 -1.0905 0.6811, -0.685 -1.1228 0.6811, -0.5748 -1.1228 0.6811, -0.5748 -1.1079 0.6811, -0.5906 -0.3394 0.6811, -0.6693 -0.3394 0.6811, -0.6693 -1.0905 0.6811, -0.5749 -1.1069 0.6811, -0.5753 -1.1059 0.6811, -0.6839 -1.1051 0.6811, -0.6844 -1.1057 0.6811, -0.6847 -1.1064 0.6811, -0.685 -1.1071 0.6811, -0.685 -1.1079 0.6811
            ]
        }
        coordIndex [
            0,1,2,-1,2,3,4,-1,5,6,1,-1,1,6,7,-1,4,8,2,-1,2,8,9,-1,2,9,0,-1,7,10,1,-1,1,10,11,-1,1,11,12,-1,12,13,1,-1,1,13,14,-1,1,14,2,-1,
        ]
    }
}
Shape{
    appearance Appearance {
        material  Material 	{
            diffuseColor 0.9686274509803922 0.8784313725490196 0.6
            specularColor 0.6784313725490196 0.615686274509804 0.4196078431372549
            ambientIntensity 0.8737
            transparency 0.0
            shininess 0.5
        }
    }
    geometry IndexedFaceSet {
        ccw TRUE
        solid FALSE
        coord DEF co Coordinate {
            point [
                -0.5866 0.7928 0.1046, -0.5965 0.7812 0.117, -0.5866 0.836 0.1448, -0.5965 0.8244 0.1573, -0.4204 0.015 0.122, -0.4204 0.015 0.1339, -0.4204 -0.2213 0.122, -0.4204 -0.2331 0.1339, 0.7539 0.7198 0.2695, 0.6634 0.7198 0.2695, 0.7539 0.7112 0.2814, 0.6634 0.7112 0.2814, 0.7539 0.7058 0.2951, 0.6634 0.7058 0.2951, 0.7539 0.7039 0.3097, 0.6634 0.7039 0.3097, 0.1969 -1.0905 0.689, 0.1969 -1.0905 0.6811, 0.2114 -1.1051 0.689, 0.2114 -1.1051 0.6811, -0.2815 0.6766 0.2292, -0.1909 0.6766 0.2292, -0.1909 0.6594 0.253, -0.2815 0.6594 0.253, -0.1909 0.6486 0.2805, -0.2815 0.6486 0.2805, -0.1909 0.6449 0.3097, -0.2815 0.6449 0.3097, 0.124 0.7198 0.2695, 0.0335 0.7198 0.2695, 0.124 0.7112 0.2814, 0.0335 0.7112 0.2814, 0.124 0.7058 0.2951, 0.0335 0.7058 0.2951, 0.124 0.7039 0.3097, 0.0335 0.7039 0.3097
            ]
        }
        coordIndex [
            0,1,2,-1,2,1,3,-1,4,5,6,-1,6,5,7,-1,8,9,10,-1,10,9,11,-1,10,11,12,-1,12,11,13,-1,12,13,14,-1,14,13,15,-1,16,17,18,-1,18,17,19,-1,20,21,22,-1,20,22,23,-1,23,22,24,-1,23,24,25,-1,25,24,26,-1,25,26,27,-1,28,29,30,-1,30,29,31,-1,30,31,32,-1,32,31,33,-1,32,33,34,-1,34,33,35,-1,
        ]
    }
}
Shape{
    appearance Appearance {
        material  Material 	{
            diffuseColor 0.6666666666666666 0.6980392156862745 0.7686274509803922
            specularColor 0.3333333333333333 0.34901960784313724 0.3843137254901961
            ambientIntensity 0.6967
            transparency 0.0
            shininess 0.5
        }
    }
    geometry IndexedFaceSet {
        ccw TRUE
        solid FALSE
        coord DEF co Coordinate {
            point [
                0.8915 -0.5756 0.1365, 0.8915 0.0051 0.1365, 0.8824 -0.5756 0.1287, 0.8824 0.0051 0.1287, 0.872 -0.5756 0.1229, 0.872 0.0051 0.1229, 0.8605 -0.5756 0.1193, 0.8605 0.0051 0.1193, 0.8486 -0.5756 0.1181, 0.8486 0.0051 0.1181
            ]
        }
        coordIndex [
            0,1,2,-1,2,1,3,-1,2,3,4,-1,4,3,5,-1,4,5,6,-1,6,5,7,-1,6,7,8,-1,8,7,9,-1,
        ]
    }
}
Shape{
    appearance Appearance {
        material  Material 	{
            diffuseColor 0.9686274509803922 0.8784313725490196 0.6
            specularColor 0.6784313725490196 0.615686274509804 0.4196078431372549
            ambientIntensity 0.8737
            transparency 0.0
            shininess 0.5
        }
    }
    geometry IndexedFaceSet {
        ccw TRUE
        solid FALSE
        coord DEF co Coordinate {
            point [
                -0.122 0.4283 0.2205, -0.122 0.4283 0.1181, -0.1929 0.4283 0.1181, -0.1929 0.4283 0.2205, -0.2028 0.4283 0.2375, -0.1122 0.4283 0.2375, -0.2028 0.4283 0.3937, -0.1122 0.4283 0.3937, -0.1142 0.7928 0.1046, -0.124 0.7812 0.117, -0.1142 0.836 0.1448, -0.124 0.8244 0.1573, 0.7539 0.7812 0.117, 0.7441 0.7928 0.1046, 0.7539 0.8244 0.1573, 0.7441 0.836 0.1448, -0.6541 -1.1059 0.4528, -0.5906 -1.0905 0.4528, -0.6537 -1.1069 0.4528, -0.6051 -1.1051 0.4528, -0.6056 -1.1057 0.4528, -0.6063 -1.2107 0.4528, -0.6535 -1.2107 0.4528, -0.6063 -1.1079 0.4528, -0.6535 -1.1079 0.4528, -0.6062 -1.1071 0.4528, -0.606 -1.1064 0.4528, -0.6693 -0.3315 0.4528, -0.5906 -0.3315 0.4528, -0.6693 -1.0905 0.4528, -0.6547 -1.1051 0.4528, -0.1024 -1.1079 0.6811, -0.1024 -1.1079 0.689, -0.1025 -1.1069 0.6811, -0.1025 -1.1069 0.689, -0.1029 -1.1059 0.6811, -0.1029 -1.1059 0.689, -0.1035 -1.1051 0.6811, -0.1035 -1.1051 0.689
            ]
        }
        coordIndex [
            0,1,2,-1,2,3,0,-1,0,3,4,-1,0,4,5,-1,5,4,6,-1,5,6,7,-1,8,9,10,-1,10,9,11,-1,12,13,14,-1,14,13,15,-1,16,17,18,-1,18,17,19,-1,18,19,20,-1,21,22,23,-1,23,22,24,-1,23,24,25,-1,25,24,18,-1,25,18,26,-1,26,18,20,-1,27,28,29,-1,29,28,17,-1,29,17,30,-1,30,17,16,-1,31,32,33,-1,33,32,34,-1,33,34,35,-1,35,34,36,-1,35,36,37,-1,37,36,38,-1,
        ]
    }
}
Shape{
    appearance Appearance {
        material  Material 	{
            diffuseColor 0.6666666666666666 0.6980392156862745 0.7686274509803922
            specularColor 0.3333333333333333 0.34901960784313724 0.3843137254901961
            ambientIntensity 0.6967
            transparency 0.0
            shininess 0.5
        }
    }
    geometry IndexedFaceSet {
        ccw TRUE
        solid FALSE
        coord DEF co Coordinate {
            point [
                1.2175 1.0583 0.9908, 1.2205 1.0583 0.9646, 1.1614 0.9992 0.9646, 1.1599 0.9992 0.9777, 1.1592 0.9992 0.9798, 1.2088 1.0583 1.0158, 1.1556 0.9992 0.9902, 1.1532 0.9992 0.9939, 1.1947 1.0583 1.0382, 1.1485 0.9992 1.0014, 1.1439 0.9992 1.0061, 1.176 1.0583 1.0569, 1.1392 0.9992 1.0107, 1.1317 0.9992 1.0154, 1.1536 1.0583 1.071, 1.1024 0.9992 1.0236, 1.1024 1.0583 1.0827, 1.1155 0.9992 1.0221, 1.1286 1.0583 1.0797, 1.1176 0.9992 1.0214, 1.128 0.9992 1.0178, 0.2559 -1.363 0.0, 0.0984 -1.363 0.0, 0.2559 -1.363 0.0197, 0.0984 -1.363 0.0197, 0.7288 -1.4778 1.1106, 0.7328 -1.4738 1.1114, 0.7427 -1.4591 1.1141, 0.7434 -1.458 1.1143, 0.7517 -1.4388 1.1179, 0.4251 -1.4231 1.1208, 0.7525 -1.4359 1.1185, 0.756 -1.4231 1.1208, 0.6937 -1.4997 1.1065, 0.6947 -1.4996 1.1065, 0.7067 -1.4952 1.1074, 0.7122 -1.4916 1.108, 0.7197 -1.4868 1.1089, 0.429 -1.4356 1.1186, 0.4326 -1.4471 1.1166, 0.4874 -1.4993 1.1069, 0.4853 -1.499 1.107, 0.4702 -1.4926 1.1081, 0.5006 -1.5013 1.1062, 0.6805 -1.5013 1.1062, 0.4389 -1.4586 1.1144, 0.444 -1.468 1.1125, 0.4524 -1.4777 1.1107, 0.4564 -1.4824 1.1098, 0.4689 -1.4916 1.1083, -1.1752 0.6843 0.5787, -1.1752 0.6646 0.5787, -1.2795 0.6843 0.5787, -1.2795 0.6646 0.5787, 1.1614 -1.3236 0.4743, 1.2795 -1.3236 0.4743, 1.1614 -1.3236 0.4448, 1.2795 -1.3236 0.4448, 1.1595 -1.3236 0.43, 1.2739 -1.3236 0.4005, 1.154 -1.3236 0.4162, 1.2573 -1.3236 0.359, 1.1452 -1.3236 0.4042, 1.2309 -1.3236 0.3229, 0.8915 -1.3236 0.1365, 0.9772 -1.3236 0.0553, 0.8824 -1.3236 0.1287, 0.95 -1.3236 0.0319, 0.872 -1.3236 0.1229, 0.9186 -1.3236 0.0144, 0.8605 -1.3236 0.1193, 0.8843 -1.3236 0.0036, 0.8486 -1.3236 0.1181, 0.8486 -1.3236 0.0, 0.6417 -1.3236 0.1181, 0.6417 -1.3236 0.0
            ]
        }
        coordIndex [
            0,1,2,-1,2,3,0,-1,0,3,4,-1,0,4,5,-1,4,6,5,-1,5,6,7,-1,5,7,8,-1,7,9,8,-1,8,9,10,-1,8,10,11,-1,10,12,11,-1,11,12,13,-1,11,13,14,-1,15,16,17,-1,17,16,18,-1,17,18,19,-1,19,18,14,-1,19,14,20,-1,20,14,13,-1,21,22,23,-1,23,22,24,-1,25,26,27,-1,28,29,30,-1,30,29,31,-1,30,31,32,-1,27,33,34,-1,34,35,27,-1,27,35,36,-1,27,36,25,-1,25,36,37,-1,28,30,27,-1,27,30,38,-1,27,38,39,-1,40,27,41,-1,41,27,42,-1,40,43,27,-1,27,43,44,-1,27,44,33,-1,39,45,27,-1,27,45,46,-1,27,46,47,-1,47,48,27,-1,27,48,49,-1,27,49,42,-1,50,51,52,-1,52,51,53,-1,54,55,56,-1,56,55,57,-1,56,57,58,-1,58,57,59,-1,58,59,60,-1,60,59,61,-1,60,61,62,-1,62,61,63,-1,62,63,64,-1,64,63,65,-1,64,65,66,-1,66,65,67,-1,66,67,68,-1,68,67,69,-1,68,69,70,-1,70,69,71,-1,70,71,72,-1,72,71,73,-1,72,73,74,-1,74,73,75,-1,
        ]
    }
}
Shape{
    appearance Appearance {
        material  Material 	{
            diffuseColor 0.9686274509803922 0.8784313725490196 0.6
            specularColor 0.6784313725490196 0.615686274509804 0.4196078431372549
            ambientIntensity 0.8737
            transparency 0.0
            shininess 0.5
        }
    }
    geometry IndexedFaceSet {
        ccw TRUE
        solid FALSE
        coord DEF co Coordinate {
            point [
                0.576 -1.1051 0.6811, 0.576 -1.1051 0.689, 0.5755 -1.1057 0.6811, 0.5755 -1.1057 0.689, 0.5751 -1.1064 0.6811, 0.5751 -1.1064 0.689, 0.5749 -1.1071 0.6811, 0.5749 -1.1071 0.689, 0.5748 -1.1079 0.6811, 0.5748 -1.1079 0.689
            ]
        }
        coordIndex [
            0,1,2,-1,2,1,3,-1,2,3,4,-1,4,3,5,-1,4,5,6,-1,6,5,7,-1,6,7,8,-1,8,7,9,-1,
        ]
    }
}
Shape{
    appearance Appearance {
        material  Material 	{
            diffuseColor 0.6666666666666666 0.6980392156862745 0.7686274509803922
            specularColor 0.3333333333333333 0.34901960784313724 0.3843137254901961
            ambientIntensity 0.6967
            transparency 0.0
            shininess 0.5
        }
    }
    geometry IndexedFaceSet {
        ccw TRUE
        solid FALSE
        coord DEF co Coordinate {
            point [
                1.2309 -0.5756 0.3229, 0.9772 -0.5756 0.0553, 1.2309 0.0051 0.3229, 0.9772 0.0051 0.0553
            ]
        }
        coordIndex [
            0,1,2,-1,2,1,3,-1,
        ]
    }
}
Shape{
    appearance Appearance {
        material  Material 	{
            diffuseColor 0.2235294117647059 0.2235294117647059 0.2235294117647059
            specularColor 0.11372549019607843 0.11372549019607843 0.11372549019607843
            ambientIntensity 0.2235
            transparency 0.0
            shininess 0.5
        }
    }
    geometry IndexedFaceSet {
        ccw TRUE
        solid FALSE
        coord DEF co Coordinate {
            point [
                0.5264 -1.1051 0.6811, 0.5118 -1.0905 0.6811, 0.4173 -1.1228 0.6811, 0.5276 -1.1228 0.6811, 0.5276 -1.1079 0.6811, 0.5118 -0.3394 0.6811, 0.4331 -0.3394 0.6811, 0.4331 -1.0905 0.6811, 0.5274 -1.1069 0.6811, 0.527 -1.1059 0.6811, 0.4185 -1.1051 0.6811, 0.418 -1.1057 0.6811, 0.4176 -1.1064 0.6811, 0.4174 -1.1071 0.6811, 0.4173 -1.1079 0.6811, 0.7283 -0.3354 0.4567, 0.7322 -0.3394 0.4606, 0.6693 -0.3394 0.4606, 0.7595 -0.2606 0.3819, 0.5906 -0.3394 0.4606, 0.5118 -0.3394 0.4606, 0.5906 -0.3315 0.4528, 0.5118 -0.3315 0.4528, 0.6693 -0.3315 0.4528, -0.7595 -0.2606 0.3819, 0.4331 -0.3315 0.4528, 0.2756 -0.3315 0.4528, 0.2756 -0.3394 0.4606, 0.1969 -0.3394 0.4606, 0.1969 -0.3315 0.4528, 0.1181 -0.3315 0.4528, 0.3543 -0.3315 0.4528, 0.3543 -0.3394 0.4606, 0.4331 -0.3394 0.4606, -0.0394 -0.3315 0.4528, -0.0394 -0.3394 0.4606, -0.1181 -0.3394 0.4606, -0.1181 -0.3315 0.4528, -0.1969 -0.3315 0.4528, 0.0394 -0.3315 0.4528, 0.0394 -0.3394 0.4606, 0.1181 -0.3394 0.4606, -0.3543 -0.3315 0.4528, -0.3543 -0.3394 0.4606, -0.4331 -0.3394 0.4606, -0.4331 -0.3315 0.4528, -0.5118 -0.3315 0.4528, -0.2756 -0.3315 0.4528, -0.2756 -0.3394 0.4606, -0.1969 -0.3394 0.4606, -0.5118 -0.3394 0.4606, -0.5906 -0.3394 0.4606, -0.5906 -0.3315 0.4528, -0.6693 -0.3315 0.4528, -0.7283 -0.3354 0.4567, -0.6693 -0.3394 0.4606, -0.7322 -0.3394 0.4606
            ]
        }
        coordIndex [
            0,1,2,-1,2,3,4,-1,5,6,1,-1,1,6,7,-1,4,8,2,-1,2,8,9,-1,2,9,0,-1,7,10,1,-1,1,10,11,-1,1,11,12,-1,12,13,1,-1,1,13,14,-1,1,14,2,-1,15,16,17,-1,15,17,18,-1,19,20,21,-1,21,20,22,-1,17,23,18,-1,18,23,21,-1,18,21,24,-1,24,21,22,-1,24,22,25,-1,26,27,28,-1,29,30,24,-1,28,29,26,-1,26,29,24,-1,26,24,31,-1,31,24,25,-1,31,25,32,-1,32,25,33,-1,34,35,36,-1,37,38,24,-1,36,37,34,-1,34,37,24,-1,34,24,39,-1,39,24,30,-1,39,30,40,-1,40,30,41,-1,42,43,44,-1,45,46,24,-1,44,45,42,-1,42,45,24,-1,42,24,47,-1,47,24,38,-1,47,38,48,-1,48,38,49,-1,50,51,46,-1,46,51,52,-1,46,52,24,-1,24,52,53,-1,24,53,54,-1,54,53,55,-1,54,55,56,-1,
        ]
    }
}
Shape{
    appearance Appearance {
        material  Material 	{
            diffuseColor 0.9686274509803922 0.8784313725490196 0.6
            specularColor 0.6784313725490196 0.615686274509804 0.4196078431372549
            ambientIntensity 0.8737
            transparency 0.0
            shininess 0.5
        }
    }
    geometry IndexedFaceSet {
        ccw TRUE
        solid FALSE
        coord DEF co Coordinate {
            point [
                0.5157 0.7928 0.1046, 0.5059 0.7812 0.117, 0.5157 0.836 0.1448, 0.5059 0.8244 0.1573, 0.4961 -1.1079 0.4606, 0.4961 -1.1228 0.4606, 0.4961 -1.1079 0.4528, 0.4961 -1.1228 0.4567, 0.4961 -1.2107 0.4528, 0.4961 -1.2278 0.4567, 0.4961 -1.2195 0.4538, 0.4488 -1.1228 0.4567, 0.3386 -1.1228 0.4567, 0.4488 -1.1228 0.4606, 0.3386 -1.1228 0.4606
            ]
        }
        coordIndex [
            0,1,2,-1,2,1,3,-1,4,5,6,-1,6,5,7,-1,6,7,8,-1,8,7,9,-1,8,9,10,-1,11,12,13,-1,13,12,14,-1,
        ]
    }
}
Shape{
    appearance Appearance {
        material  Material 	{
            diffuseColor 0.2235294117647059 0.2235294117647059 0.2235294117647059
            specularColor 0.11372549019607843 0.11372549019607843 0.11372549019607843
            ambientIntensity 0.2235
            transparency 0.0
            shininess 0.5
        }
    }
    geometry IndexedFaceSet {
        ccw TRUE
        solid FALSE
        coord DEF co Coordinate {
            point [
                0.6693 -0.3394 0.4606, 0.7322 -0.3394 0.4606, 0.6693 -1.0905 0.4606, 0.7322 -1.1228 0.4606, 0.6547 -1.1051 0.4606, 0.6542 -1.1057 0.4606, 0.6535 -1.1228 0.4606, 0.6535 -1.1079 0.4606, 0.6536 -1.1071 0.4606, 0.6538 -1.1064 0.4606, 0.8327 0.015 0.122, 0.8327 -0.2213 0.122, 0.7354 0.015 0.122, 0.4204 -0.2213 0.122, 0.4204 0.015 0.122
            ]
        }
        coordIndex [
            0,1,2,-1,2,1,3,-1,2,3,4,-1,4,3,5,-1,3,6,7,-1,7,8,3,-1,3,8,9,-1,3,9,5,-1,10,11,12,-1,12,11,13,-1,12,13,14,-1,
        ]
    }
}
Shape{
    appearance Appearance {
        material  Material 	{
            diffuseColor 0.9686274509803922 0.8784313725490196 0.6
            specularColor 0.6784313725490196 0.615686274509804 0.4196078431372549
            ambientIntensity 0.8737
            transparency 0.0
            shininess 0.5
        }
    }
    geometry IndexedFaceSet {
        ccw TRUE
        solid FALSE
        coord DEF co Coordinate {
            point [
                -0.0354 0.3693 0.2205, -0.0354 0.4283 0.2205, -0.0354 0.3693 0.1181, -0.0354 0.4283 0.1181, -0.0354 0.371 0.0983, -0.0354 0.4298 0.105, -0.0354 0.3793 0.0705, -0.0354 0.4342 0.0925, -0.0354 0.3942 0.0455, -0.0354 0.4412 0.0813, -0.0354 0.4148 0.0249, -0.0354 0.4506 0.0719, -0.0354 0.4398 0.0101, -0.0354 0.4618 0.0649, -0.0354 0.4402 0.0098, -0.0354 0.6055 0.0591, -0.0354 0.6055 0.0098, -0.0354 0.4874 0.0591, -0.0354 0.4743 0.0605, 0.2894 0.4874 0.0, 0.3406 0.4874 0.0, 0.2887 0.4778 0.0004, 0.3422 0.4677 0.0017, 0.2871 0.4677 0.0021, 0.3422 0.4676 0.0017, 0.2857 0.4586 0.0036, 0.3471 0.4491 0.0064, 0.3504 0.4402 0.0098, 0.2795 0.4402 0.0098, 0.3504 0.4398 0.0101, 0.2795 0.4398 0.0101, 0.3504 0.4148 0.0249, 0.2795 0.4148 0.0249, 0.3504 0.3942 0.0455, 0.2795 0.3942 0.0455, 0.3504 0.3793 0.0705, 0.2795 0.3793 0.0705, 0.3504 0.371 0.0983, 0.2795 0.371 0.0983, 0.3504 0.3693 0.1181, 0.2795 0.3693 0.1181
            ]
        }
        coordIndex [
            0,1,2,-1,2,1,3,-1,2,3,4,-1,4,3,5,-1,4,5,6,-1,6,5,7,-1,6,7,8,-1,8,7,9,-1,8,9,10,-1,10,9,11,-1,10,11,12,-1,12,11,13,-1,12,13,14,-1,15,16,17,-1,17,16,14,-1,17,14,18,-1,18,14,13,-1,19,20,21,-1,21,20,22,-1,21,22,23,-1,23,22,24,-1,23,24,25,-1,24,26,25,-1,25,26,27,-1,25,27,28,-1,28,27,29,-1,28,29,30,-1,30,29,31,-1,30,31,32,-1,32,31,33,-1,32,33,34,-1,34,33,35,-1,34,35,36,-1,36,35,37,-1,36,37,38,-1,38,37,39,-1,38,39,40,-1,
        ]
    }
}
Shape{
    appearance Appearance {
        material  Material 	{
            diffuseColor 0.6666666666666666 0.6980392156862745 0.7686274509803922
            specularColor 0.3333333333333333 0.34901960784313724 0.3843137254901961
            ambientIntensity 0.6967
            transparency 0.0
            shininess 0.5
        }
    }
    geometry IndexedFaceSet {
        ccw TRUE
        solid FALSE
        coord DEF co Coordinate {
            point [
                0.4218 -1.3896 0.9548, 0.7593 -1.3896 0.9548, 0.7593 -1.4713 1.0107, 0.7578 -1.4821 1.0181, 0.7573 -1.4857 1.0206, 0.7524 -1.4974 1.0286, 0.7515 -1.4995 1.03, 0.7426 -1.5112 1.038, 0.7421 -1.5118 1.0384, 0.7296 -1.5221 1.0455, 0.7289 -1.5225 1.0457, 0.7147 -1.5298 1.0508, 0.7122 -1.5305 1.0513, 0.6981 -1.5346 1.0541, 0.6937 -1.535 1.0543, 0.6805 -1.5363 1.0552, 0.5006 -1.5363 1.0552, 0.4875 -1.5348 1.0542, 0.4802 -1.534 1.0537, 0.4691 -1.5302 1.0511, 0.4218 -1.4713 1.0107, 0.4235 -1.4821 1.0181, 0.4612 -1.5276 1.0492, 0.4526 -1.5221 1.0455, 0.4449 -1.5172 1.0421, 0.439 -1.5109 1.0378, 0.4324 -1.5038 1.0329, 0.4291 -1.4973 1.0285, 0.4245 -1.4881 1.0222, 1.1614 0.0642 0.5137, 1.1614 0.0839 0.5137, 1.2795 0.0642 0.5137, 1.2795 0.0839 0.5137
            ]
        }
        coordIndex [
            0,1,2,-1,2,3,0,-1,0,3,4,-1,0,4,5,-1,5,6,0,-1,0,6,7,-1,0,7,8,-1,8,9,0,-1,0,9,10,-1,0,10,11,-1,11,12,0,-1,0,12,13,-1,0,13,14,-1,14,15,0,-1,0,15,16,-1,0,16,17,-1,17,18,0,-1,0,18,19,-1,0,19,20,-1,20,19,21,-1,21,19,22,-1,21,22,23,-1,23,24,25,-1,25,26,27,-1,23,25,21,-1,21,25,27,-1,21,27,28,-1,29,30,31,-1,31,30,32,-1,
        ]
    }
}
Shape{
    appearance Appearance {
        material  Material 	{
            diffuseColor 0.9686274509803922 0.8784313725490196 0.6
            specularColor 0.6784313725490196 0.615686274509804 0.4196078431372549
            ambientIntensity 0.8737
            transparency 0.0
            shininess 0.5
        }
    }
    geometry IndexedFaceSet {
        ccw TRUE
        solid FALSE
        coord DEF co Coordinate {
            point [
                0.1811 -1.2278 0.4567, 0.1339 -1.2278 0.4567, 0.1339 -1.2195 0.4538, 0.1811 -1.2195 0.4538, 0.1339 -1.2107 0.4528, 0.1811 -1.2107 0.4528
            ]
        }
        coordIndex [
            0,1,2,-1,0,2,3,-1,3,2,4,-1,3,4,5,-1,
        ]
    }
}
Shape{
    appearance Appearance {
        material  Material 	{
            diffuseColor 0.2235294117647059 0.2235294117647059 0.2235294117647059
            specularColor 0.11372549019607843 0.11372549019607843 0.11372549019607843
            ambientIntensity 0.2235
            transparency 0.0
            shininess 0.5
        }
    }
    geometry IndexedFaceSet {
        ccw TRUE
        solid FALSE
        coord DEF co Coordinate {
            point [
                0.9213 -0.2606 0.7598, 0.8465 -0.3354 0.685, 0.9213 -0.2606 0.5452, 0.8465 -0.3354 0.576
            ]
        }
        coordIndex [
            0,1,2,-1,2,1,3,-1,
        ]
    }
}
Shape{
    appearance Appearance {
        material  Material 	{
            diffuseColor 0.9686274509803922 0.8784313725490196 0.6
            specularColor 0.6784313725490196 0.615686274509804 0.4196078431372549
            ambientIntensity 0.8737
            transparency 0.0
            shininess 0.5
        }
    }
    geometry IndexedFaceSet {
        ccw TRUE
        solid FALSE
        coord DEF co Coordinate {
            point [
                0.498 0.6055 0.0, 0.4469 0.6055 0.0, 0.5079 0.6055 0.0098, 0.437 0.6055 0.0098, 0.5079 0.6055 0.0591, 0.437 0.6055 0.0591, 0.261 -1.1051 0.689, 0.261 -1.1051 0.6811, 0.2756 -1.0905 0.689, 0.2756 -1.0905 0.6811
            ]
        }
        coordIndex [
            0,1,2,-1,2,1,3,-1,2,3,4,-1,4,3,5,-1,6,7,8,-1,8,7,9,-1,
        ]
    }
}
Shape{
    appearance Appearance {
        material  Material 	{
            diffuseColor 0.6666666666666666 0.6980392156862745 0.7686274509803922
            specularColor 0.3333333333333333 0.34901960784313724 0.3843137254901961
            ambientIntensity 0.6967
            transparency 0.0
            shininess 0.5
        }
    }
    geometry IndexedFaceSet {
        ccw TRUE
        solid FALSE
        coord DEF co Coordinate {
            point [
                0.4218 -1.4713 1.0107, 0.4218 -1.4046 1.1081, 0.4218 -1.3896 0.9548, 0.4218 -1.3229 1.0522, 0.4218 -1.3552 0.9373, 0.4218 -1.317 1.0491, 0.4218 -1.3175 0.9294, 0.4218 -1.3107 1.0474, 0.4218 -1.279 0.9315, 0.4218 -1.1245 1.1417, 0.4218 -1.1245 1.0236, 0.4218 -1.148 1.1417, 0.4218 -1.148 1.0236, 0.4218 -1.1834 1.1374, 0.4218 -1.155 1.0228, 0.4218 -1.2168 1.1247, 0.4218 -1.1617 1.0202, 0.4218 -1.2462 1.1043, 0.4218 -1.1676 1.0161, 0.4218 -1.2698 1.0775, 0.4218 -1.1723 1.0108, 0.4218 -1.2818 1.0599, 0.4218 -1.1844 0.9932, 0.4218 -1.2862 1.0549, 0.4218 -1.2101 0.9645, 0.4218 -1.2915 1.051, 0.4218 -1.2424 0.9434, 0.4218 -1.2976 1.0483, 0.4218 -1.3041 1.0471
            ]
        }
        coordIndex [
            0,1,2,-1,2,1,3,-1,2,3,4,-1,4,3,5,-1,4,5,6,-1,6,5,7,-1,6,7,8,-1,9,10,11,-1,11,10,12,-1,11,12,13,-1,13,12,14,-1,13,14,15,-1,15,14,16,-1,15,16,17,-1,17,16,18,-1,17,18,19,-1,19,18,20,-1,19,20,21,-1,21,20,22,-1,21,22,23,-1,23,22,24,-1,23,24,25,-1,25,24,26,-1,25,26,27,-1,27,26,8,-1,27,8,28,-1,28,8,7,-1,
        ]
    }
}
Shape{
    appearance Appearance {
        material  Material 	{
            diffuseColor 0.9686274509803922 0.8784313725490196 0.6
            specularColor 0.6784313725490196 0.615686274509804 0.4196078431372549
            ambientIntensity 0.8737
            transparency 0.0
            shininess 0.5
        }
    }
    geometry IndexedFaceSet {
        ccw TRUE
        solid FALSE
        coord DEF co Coordinate {
            point [
                -0.5059 0.7039 0.5709, -0.5965 0.7039 0.5709, -0.5965 0.6999 0.6014, -0.5059 0.6999 0.6014, -0.5965 0.6881 0.6299, -0.5059 0.6881 0.6299, -0.5965 0.6693 0.6544, -0.5059 0.6693 0.6544, -0.5965 0.6449 0.6732, -0.5059 0.6449 0.6732, -0.5965 0.6164 0.685, -0.5059 0.6164 0.685, -0.5965 0.5858 0.689, -0.5059 0.5858 0.689, -0.1319 0.6055 0.0, -0.1319 0.4874 0.0, -0.1831 0.6055 0.0, -0.1831 0.4874 0.0
            ]
        }
        coordIndex [
            0,1,2,-1,0,2,3,-1,3,2,4,-1,3,4,5,-1,5,4,6,-1,5,6,7,-1,7,6,8,-1,7,8,9,-1,9,8,10,-1,9,10,11,-1,11,10,12,-1,11,12,13,-1,14,15,16,-1,16,15,17,-1,
        ]
    }
}
Shape{
    appearance Appearance {
        material  Material 	{
            diffuseColor 0.6666666666666666 0.6980392156862745 0.7686274509803922
            specularColor 0.3333333333333333 0.34901960784313724 0.3843137254901961
            ambientIntensity 0.6967
            transparency 0.0
            shininess 0.5
        }
    }
    geometry IndexedFaceSet {
        ccw TRUE
        solid FALSE
        coord DEF co Coordinate {
            point [
                -0.5006 -1.5363 1.0552, -0.5006 -1.5013 1.1062, -0.6805 -1.5363 1.0552, -0.6805 -1.5013 1.1062, 0.0984 -0.5695 0.0197, 0.0984 -0.3984 0.0197, 0.1109 -0.5658 0.0197, 0.2559 -0.3984 0.0197, 0.2513 -0.5119 0.0197, 0.2559 -0.5103 0.0197, 0.2559 -1.2417 0.0197, 0.2559 -1.2417 0.0, 0.2619 -1.2427 0.0, 0.2619 -1.2427 0.1181, 0.2434 -1.2381 0.1181, 0.2434 -1.2381 0.0197, 0.2717 -1.2433 0.1181, 0.2809 -1.2428 0.0, 0.2809 -1.2428 0.1181, 0.2994 -1.2383 0.0, 0.2994 -1.2383 0.1181, 0.3162 -1.2295 0.0, 0.3162 -1.2295 0.1181, 0.3305 -1.2169 0.0, 0.3305 -1.2169 0.1181, 0.3413 -1.2012 0.0, 0.3413 -1.2012 0.1181, 0.3481 -1.1834 0.0, 0.3481 -1.1834 0.1181, 0.3504 -1.1646 0.0, 0.3504 -1.1646 0.1181, 0.7593 -1.3896 0.9548, 0.4218 -1.3896 0.9548, 0.4218 -1.3552 0.9373, 0.7593 -1.3552 0.9373, 0.4218 -1.3175 0.9294, 0.7593 -1.3175 0.9294, 0.4218 -1.279 0.9315, 0.7593 -1.279 0.9315, 0.4218 -1.2424 0.9434, 0.7593 -1.2424 0.9434, 0.4218 -1.2101 0.9645, 0.7593 -1.2101 0.9645, 0.4218 -1.1844 0.9932, 0.7593 -1.1844 0.9932, 0.2434 -0.5234 0.0197, 0.2434 -0.5234 0.1181, 0.2559 -0.5197 0.0197, 0.2619 -0.5187 0.1181, 0.2559 -0.5197 0.0, 0.2619 -0.5187 0.0, 0.2717 -0.5181 0.0, 0.2717 -0.5181 0.1181, 0.2809 -0.5187 0.0, 0.2809 -0.5187 0.1181, 0.2994 -0.5232 0.1181, 0.2994 -0.5232 0.0, 0.3162 -0.532 0.1181, 0.3162 -0.532 0.0, 0.3305 -0.5445 0.1181, 0.3305 -0.5445 0.0, 0.3413 -0.5602 0.1181, 0.3413 -0.5602 0.0, 0.3481 -0.578 0.1181, 0.3481 -0.578 0.0, 0.3504 -0.5969 0.1181, 0.3504 -0.5969 0.0, 1.227 -0.8568 0.0, 1.227 -0.8568 0.1181, 1.2054 -0.8676 0.0, 1.2054 -0.8676 0.1181, 1.1871 -0.8833 0.0, 1.1871 -0.8833 0.1181, 1.1731 -0.9031 0.0, 1.1731 -0.9031 0.1181, 1.1644 -0.9256 0.0, 1.1644 -0.9256 0.1181, 1.1614 -0.9496 0.0, 1.1614 -0.9496 0.1181, 1.1644 -0.9736 0.0, 1.1644 -0.9736 0.1181, 1.1731 -0.9961 0.0, 1.1731 -0.9961 0.1181, 1.1871 -1.0159 0.0, 1.1871 -1.0159 0.1181, 1.2054 -1.0316 0.0, 1.2054 -1.0316 0.1181, 1.227 -1.0424 0.0, 1.227 -1.0424 0.1181, 0.7593 -1.2818 1.0599, 0.4218 -1.2818 1.0599, 0.7593 -1.2862 1.0549, 0.4218 -1.2862 1.0549, 0.7593 -1.2915 1.051, 0.4218 -1.2915 1.051, 0.7593 -1.2976 1.0483, 0.4218 -1.2976 1.0483, 0.7593 -1.3041 1.0471, 0.4218 -1.3041 1.0471, 0.7593 -1.3107 1.0474, 0.4218 -1.3107 1.0474, 0.7593 -1.317 1.0491, 0.4218 -1.317 1.0491, 0.7593 -1.3229 1.0522, 0.4218 -1.3229 1.0522, -0.8875 -0.6926 1.0236, -0.8875 -0.6926 1.1417, -0.9015 -0.6943 1.0236, -0.9015 -0.6943 1.1417, -0.9148 -0.6993 1.0236, -0.9148 -0.6993 1.1417, -0.9264 -0.7073 1.0236, -0.9264 -0.7073 1.1417, -0.9359 -0.7178 1.0236, -0.9359 -0.7178 1.1417, -0.9425 -0.7303 1.0236, -0.9425 -0.7303 1.1417, -0.946 -0.744 1.0236, -0.946 -0.744 1.1417, -0.9462 -0.7582 1.0236, -0.9462 -0.7582 1.1417, -0.4218 -1.3896 0.9548, -0.7593 -1.3896 0.9548, -0.7593 -1.3552 0.9373, -0.4218 -1.3552 0.9373, -0.7593 -1.3175 0.9294, -0.4218 -1.3175 0.9294, -0.7593 -1.279 0.9315, -0.4218 -1.279 0.9315, -0.7593 -1.2424 0.9434, -0.4218 -1.2424 0.9434, -0.7593 -1.2101 0.9645, -0.4218 -1.2101 0.9645, -0.7593 -1.1844 0.9932, -0.4218 -1.1844 0.9932, -0.2349 -0.7582 1.0236, -0.2349 -0.7582 1.1417, -0.2351 -0.744 1.0236, -0.2351 -0.744 1.1417, -0.2386 -0.7303 1.0236, -0.2386 -0.7303 1.1417, -0.2452 -0.7178 1.0236, -0.2452 -0.7178 1.1417, -0.2547 -0.7073 1.0236, -0.2547 -0.7073 1.1417, -0.2664 -0.6993 1.0236, -0.2664 -0.6993 1.1417, -0.2796 -0.6943 1.0236, -0.2796 -0.6943 1.1417, -0.2936 -0.6926 1.0236, -0.2936 -0.6926 1.1417, 0.1109 -0.5658 0.1181, 0.0925 -0.5704 0.1181, 0.0984 -0.5695 0.0, 0.0925 -0.5704 0.0, 0.0827 -0.5711 0.0, 0.0734 -0.5705 0.1181, 0.0734 -0.5705 0.0, 0.055 -0.566 0.1181, 0.055 -0.566 0.0, 0.0381 -0.5572 0.1181, 0.0381 -0.5572 0.0, 0.0238 -0.5446 0.1181, 0.0238 -0.5446 0.0, 0.013 -0.529 0.1181, 0.013 -0.529 0.0, 0.0062 -0.5112 0.1181, 0.0062 -0.5112 0.0, 0.0039 -0.4923 0.1181, 0.0039 -0.4923 0.0, -1.227 -1.0424 0.0, -1.227 -1.0424 0.1181, -1.2054 -1.0316 0.0, -1.2054 -1.0316 0.1181, -1.1871 -1.0159 0.0, -1.1871 -1.0159 0.1181, -1.1731 -0.9961 0.0, -1.1731 -0.9961 0.1181, -1.1644 -0.9736 0.0, -1.1644 -0.9736 0.1181, -1.1614 -0.9496 0.0, -1.1614 -0.9496 0.1181, -1.1644 -0.9256 0.0, -1.1644 -0.9256 0.1181, -1.1731 -0.9031 0.0, -1.1731 -0.9031 0.1181, -1.1871 -0.8833 0.0, -1.1871 -0.8833 0.1181, -1.2054 -0.8676 0.0, -1.2054 -0.8676 0.1181, -1.227 -0.8568 0.0, -1.227 -0.8568 0.1181, -0.4218 -1.2818 1.0599, -0.7593 -1.2818 1.0599, -0.4218 -1.2862 1.0549, -0.7593 -1.2862 1.0549, -0.4218 -1.2915 1.051, -0.7593 -1.2915 1.051, -0.4218 -1.2976 1.0483, -0.7593 -1.2976 1.0483, -0.4218 -1.3041 1.0471, -0.7593 -1.3041 1.0471, -0.4218 -1.3107 1.0474, -0.7593 -1.3107 1.0474, -0.4218 -1.317 1.0491, -0.7593 -1.317 1.0491, -0.4218 -1.3229 1.0522, -0.7593 -1.3229 1.0522, 0.2349 -0.7582 1.1417, 0.2349 -0.7582 1.0236, 0.2351 -0.744 1.1417, 0.2351 -0.744 1.0236, 0.2386 -0.7303 1.1417, 0.2386 -0.7303 1.0236, 0.2452 -0.7178 1.1417, 0.2452 -0.7178 1.0236, 0.2547 -0.7073 1.1417, 0.2547 -0.7073 1.0236, 0.2664 -0.6993 1.1417, 0.2664 -0.6993 1.0236, 0.2796 -0.6943 1.1417, 0.2796 -0.6943 1.0236, 0.2936 -0.6926 1.1417, 0.2936 -0.6926 1.0236, 0.0984 -1.192 0.0197, 0.0984 -1.192 0.0, 0.0925 -1.191 0.0, 0.0925 -1.191 0.1181, 0.1109 -1.1956 0.1181, 0.1109 -1.1956 0.0197, 0.0827 -1.1904 0.1181, 0.0734 -1.1909 0.0, 0.0734 -1.1909 0.1181, 0.055 -1.1954 0.0, 0.055 -1.1954 0.1181, 0.0381 -1.2042 0.0, 0.0381 -1.2042 0.1181, 0.0238 -1.2168 0.0, 0.0238 -1.2168 0.1181, 0.013 -1.2324 0.0, 0.013 -1.2324 0.1181, 0.0062 -1.2502 0.0, 0.0062 -1.2502 0.1181, 0.0039 -1.2691 0.0, 0.0039 -1.2691 0.1181, 0.103 -1.1841 0.0197, 0.103 -1.1841 0.1181, 0.0984 -1.1825 0.0197, 0.0846 -1.1795 0.1181, -0.0039 -1.2576 0.1181, -0.0039 -1.2576 0.0, -0.0016 -1.2388 0.1181, -0.0016 -1.2388 0.0, 0.0051 -1.221 0.1181, 0.0051 -1.221 0.0, 0.0159 -1.2053 0.1181, 0.0159 -1.2053 0.0, 0.0302 -1.1927 0.1181, 0.0302 -1.1927 0.0, 0.0471 -1.1839 0.1181, 0.0471 -1.1839 0.0, 0.0656 -1.1794 0.1181, 0.0656 -1.1794 0.0, 0.0748 -1.1789 0.1181, 0.0748 -1.1789 0.0, 0.0846 -1.1795 0.0, 0.0984 -1.1825 0.0, 0.0984 -0.5789 0.0197, 0.0984 -0.5789 0.0, 0.0846 -0.5819 0.0, 0.0846 -0.5819 0.1181, 0.103 -0.5773 0.1181, 0.103 -0.5773 0.0197, 0.0748 -0.5825 0.1181, 0.0748 -0.5825 0.0, 0.0656 -0.582 0.1181, 0.0656 -0.582 0.0, 0.0471 -0.5775 0.1181, 0.0471 -0.5775 0.0, 0.0302 -0.5687 0.1181, 0.0302 -0.5687 0.0, 0.0159 -0.5561 0.1181, 0.0159 -0.5561 0.0, 0.0051 -0.5404 0.1181, 0.0051 -0.5404 0.0, -0.0016 -0.5227 0.1181, -0.0016 -0.5227 0.0, -0.0039 -0.5038 0.1181, -0.0039 -0.5038 0.0, -1.0039 -1.048 0.1181, -1.0039 -1.048 0.0, -1.0294 -1.0447 0.1181, -1.0294 -1.0447 0.0, -1.0531 -1.0348 0.1181, -1.0531 -1.0348 0.0, -1.0735 -1.0192 0.1181, -1.0735 -1.0192 0.0, -1.0892 -0.9988 0.1181, -1.0892 -0.9988 0.0, -1.099 -0.9751 0.1181, -1.099 -0.9751 0.0, -1.1024 -0.9496 0.1181, -1.1024 -0.9496 0.0, -1.099 -0.9241 0.1181, -1.099 -0.9241 0.0, -1.0892 -0.9004 0.1181, -1.0892 -0.9004 0.0, -1.0735 -0.88 0.1181, -1.0735 -0.88 0.0, -1.0531 -0.8644 0.1181, -1.0531 -0.8644 0.0, -1.0294 -0.8545 0.1181, -1.0294 -0.8545 0.0, -1.0039 -0.8512 0.1181, -1.0039 -0.8512 0.0, -0.9785 -0.8545 0.1181, -0.9785 -0.8545 0.0, -0.9547 -0.8644 0.1181, -0.9547 -0.8644 0.0, -0.9343 -0.88 0.1181, -0.9343 -0.88 0.0, -0.9187 -0.9004 0.1181, -0.9187 -0.9004 0.0, -0.9089 -0.9241 0.1181, -0.9089 -0.9241 0.0, -0.9055 -0.9496 0.1181, -0.9055 -0.9496 0.0, -0.9089 -0.9751 0.1181, -0.9089 -0.9751 0.0, -0.9187 -0.9988 0.1181, -0.9187 -0.9988 0.0, -0.9343 -1.0192 0.1181, -0.9343 -1.0192 0.0, -0.9547 -1.0348 0.1181, -0.9547 -1.0348 0.0, -0.9785 -1.0447 0.1181, -0.9785 -1.0447 0.0
            ]
        }
        coordIndex [
            0,1,2,-1,2,1,3,-1,4,5,6,-1,6,5,7,-1,6,7,8,-1,8,7,9,-1,10,11,12,-1,13,14,15,-1,15,10,13,-1,13,10,12,-1,13,12,16,-1,16,12,17,-1,16,17,18,-1,18,17,19,-1,18,19,20,-1,20,19,21,-1,20,21,22,-1,22,21,23,-1,22,23,24,-1,24,23,25,-1,24,25,26,-1,26,25,27,-1,26,27,28,-1,28,27,29,-1,28,29,30,-1,31,32,33,-1,31,33,34,-1,34,33,35,-1,34,35,36,-1,36,35,37,-1,36,37,38,-1,38,37,39,-1,38,39,40,-1,40,39,41,-1,40,41,42,-1,42,41,43,-1,42,43,44,-1,45,46,47,-1,47,46,48,-1,49,47,50,-1,50,47,48,-1,50,48,51,-1,51,48,52,-1,51,52,53,-1,52,54,53,-1,53,54,55,-1,53,55,56,-1,56,55,57,-1,56,57,58,-1,58,57,59,-1,58,59,60,-1,60,59,61,-1,60,61,62,-1,62,61,63,-1,62,63,64,-1,64,63,65,-1,64,65,66,-1,67,68,69,-1,69,68,70,-1,69,70,71,-1,71,70,72,-1,71,72,73,-1,73,72,74,-1,73,74,75,-1,75,74,76,-1,75,76,77,-1,77,76,78,-1,77,78,79,-1,79,78,80,-1,79,80,81,-1,81,80,82,-1,81,82,83,-1,83,82,84,-1,83,84,85,-1,85,84,86,-1,85,86,87,-1,87,86,88,-1,89,90,91,-1,91,90,92,-1,91,92,93,-1,93,92,94,-1,93,94,95,-1,95,94,96,-1,95,96,97,-1,97,96,98,-1,97,98,99,-1,99,98,100,-1,99,100,101,-1,101,100,102,-1,101,102,103,-1,103,102,104,-1,105,106,107,-1,107,106,108,-1,107,108,109,-1,109,108,110,-1,109,110,111,-1,111,110,112,-1,111,112,113,-1,113,112,114,-1,113,114,115,-1,115,114,116,-1,115,116,117,-1,117,116,118,-1,117,118,119,-1,119,118,120,-1,121,122,123,-1,121,123,124,-1,124,123,125,-1,124,125,126,-1,126,125,127,-1,126,127,128,-1,128,127,129,-1,128,129,130,-1,130,129,131,-1,130,131,132,-1,132,131,133,-1,132,133,134,-1,135,136,137,-1,137,136,138,-1,137,138,139,-1,139,138,140,-1,139,140,141,-1,141,140,142,-1,141,142,143,-1,143,142,144,-1,143,144,145,-1,145,144,146,-1,145,146,147,-1,147,146,148,-1,147,148,149,-1,149,148,150,-1,6,151,4,-1,4,151,152,-1,153,4,154,-1,154,4,152,-1,154,152,155,-1,155,152,156,-1,155,156,157,-1,157,156,158,-1,157,158,159,-1,159,158,160,-1,159,160,161,-1,161,160,162,-1,161,162,163,-1,163,162,164,-1,163,164,165,-1,165,164,166,-1,165,166,167,-1,167,166,168,-1,167,168,169,-1,170,171,172,-1,172,171,173,-1,172,173,174,-1,174,173,175,-1,174,175,176,-1,176,175,177,-1,176,177,178,-1,178,177,179,-1,178,179,180,-1,180,179,181,-1,180,181,182,-1,182,181,183,-1,182,183,184,-1,184,183,185,-1,184,185,186,-1,186,185,187,-1,186,187,188,-1,188,187,189,-1,188,189,190,-1,190,189,191,-1,192,193,194,-1,194,193,195,-1,194,195,196,-1,196,195,197,-1,196,197,198,-1,198,197,199,-1,198,199,200,-1,200,199,201,-1,200,201,202,-1,202,201,203,-1,202,203,204,-1,204,203,205,-1,204,205,206,-1,206,205,207,-1,208,209,210,-1,210,209,211,-1,210,211,212,-1,212,211,213,-1,212,213,214,-1,214,213,215,-1,214,215,216,-1,216,215,217,-1,216,217,218,-1,218,217,219,-1,218,219,220,-1,220,219,221,-1,220,221,222,-1,222,221,223,-1,224,225,226,-1,227,228,229,-1,229,224,227,-1,227,224,226,-1,227,226,230,-1,230,226,231,-1,230,231,232,-1,232,231,233,-1,232,233,234,-1,234,233,235,-1,234,235,236,-1,236,235,237,-1,236,237,238,-1,238,237,239,-1,238,239,240,-1,240,239,241,-1,240,241,242,-1,242,241,243,-1,242,243,244,-1,245,246,247,-1,247,246,248,-1,249,250,251,-1,251,250,252,-1,251,252,253,-1,253,252,254,-1,253,254,255,-1,255,254,256,-1,255,256,257,-1,257,256,258,-1,257,258,259,-1,259,258,260,-1,259,260,261,-1,261,260,262,-1,261,262,263,-1,263,262,264,-1,263,264,248,-1,248,264,265,-1,248,265,247,-1,247,265,266,-1,267,268,269,-1,270,271,272,-1,272,267,270,-1,270,267,269,-1,270,269,273,-1,273,269,274,-1,273,274,275,-1,275,274,276,-1,275,276,277,-1,277,276,278,-1,277,278,279,-1,279,278,280,-1,279,280,281,-1,281,280,282,-1,281,282,283,-1,283,282,284,-1,283,284,285,-1,285,284,286,-1,285,286,287,-1,287,286,288,-1,289,290,291,-1,291,290,292,-1,291,292,293,-1,293,292,294,-1,293,294,295,-1,295,294,296,-1,295,296,297,-1,297,296,298,-1,297,298,299,-1,299,298,300,-1,299,300,301,-1,301,300,302,-1,301,302,303,-1,303,302,304,-1,303,304,305,-1,305,304,306,-1,305,306,307,-1,307,306,308,-1,307,308,309,-1,309,308,310,-1,309,310,311,-1,311,310,312,-1,311,312,313,-1,313,312,314,-1,313,314,315,-1,315,314,316,-1,315,316,317,-1,317,316,318,-1,317,318,319,-1,319,318,320,-1,319,320,321,-1,321,320,322,-1,321,322,323,-1,323,322,324,-1,323,324,325,-1,325,324,326,-1,325,326,327,-1,327,326,328,-1,327,328,329,-1,329,328,330,-1,329,330,331,-1,331,330,332,-1,331,332,333,-1,333,332,334,-1,333,334,335,-1,335,334,336,-1,335,336,289,-1,289,336,290,-1,
        ]
    }
}
Shape{
    appearance Appearance {
        material  Material 	{
            diffuseColor 0.0 0.0 0.0
            specularColor 0.0 0.0 0.0
            ambientIntensity 0.0
            transparency 0.0
            shininess 0.5
        }
    }
    geometry IndexedFaceSet {
        ccw TRUE
        solid FALSE
        coord DEF co Coordinate {
            point [
                0.4006 0.0377 0.024, 0.4774 0.2346 0.024, 0.4006 0.0377 0.0236, 0.4774 0.2346 0.0236, 0.4486 0.2346 0.024, 0.4486 0.2346 0.0236, 0.4287 0.1793 0.024, 0.4287 0.1793 0.0236, 0.3474 0.1793 0.024, 0.3474 0.1793 0.0236, 0.3286 0.2346 0.024, 0.3286 0.2346 0.0236, 0.2998 0.2346 0.024, 0.2998 0.2346 0.0236, 0.3742 0.0377 0.024, 0.3742 0.0377 0.0236, 0.354 0.1577 0.024, 0.3834 0.0755 0.024, 0.3853 0.0687 0.024, 0.3865 0.0617 0.024, 0.3872 0.0617 0.024, 0.3884 0.0687 0.024, 0.4198 0.1577 0.024, 0.3902 0.0755 0.024, 0.354 0.1577 0.0236, 0.4198 0.1577 0.0236, 0.3834 0.0755 0.0236, 0.3853 0.0687 0.0236, 0.3865 0.0617 0.0236, 0.3872 0.0617 0.0236, 0.3884 0.0687 0.0236, 0.3902 0.0755 0.0236, 0.1804 0.2346 0.024, 0.1269 0.2346 0.024, 0.1804 0.2346 0.0236, 0.1269 0.2346 0.0236, 0.1269 0.0377 0.024, 0.1269 0.0377 0.0236, 0.1825 0.0377 0.024, 0.1825 0.0377 0.0236, 0.2854 0.1337 0.024, 0.2854 0.1337 0.0236, 0.2839 0.1151 0.0236, 0.2839 0.1151 0.024, 0.2786 0.0957 0.0236, 0.2786 0.0957 0.024, 0.2695 0.0788 0.0236, 0.2695 0.0788 0.024, 0.2556 0.0634 0.0236, 0.2556 0.0634 0.024, 0.2554 0.0632 0.0236, 0.2554 0.0632 0.024, 0.2339 0.0488 0.0236, 0.2339 0.0488 0.024, 0.2109 0.0407 0.0236, 0.2109 0.0407 0.024, 0.2048 0.2324 0.0236, 0.2048 0.2324 0.024, 0.2275 0.2257 0.0236, 0.2275 0.2257 0.024, 0.248 0.2137 0.0236, 0.248 0.2137 0.024, 0.2642 0.1982 0.0236, 0.2642 0.1982 0.024, 0.2755 0.1806 0.0236, 0.2755 0.1806 0.024, 0.2826 0.16 0.0236, 0.2826 0.16 0.024, 0.2458 0.0869 0.024, 0.2363 0.0768 0.024, 0.2219 0.0675 0.024, 0.2057 0.0618 0.024, 0.1824 0.0593 0.024, 0.1533 0.0593 0.024, 0.1533 0.2129 0.024, 0.1813 0.2129 0.024, 0.202 0.211 0.024, 0.2186 0.2058 0.024, 0.232 0.1979 0.024, 0.2431 0.187 0.024, 0.2514 0.1734 0.024, 0.2571 0.1549 0.024, 0.259 0.1342 0.024, 0.2573 0.1146 0.024, 0.2527 0.0991 0.024, 0.1824 0.0593 0.0236, 0.1533 0.0593 0.0236, 0.2057 0.0618 0.0236, 0.2219 0.0675 0.0236, 0.2363 0.0768 0.0236, 0.2458 0.0869 0.0236, 0.2527 0.0991 0.0236, 0.2573 0.1146 0.0236, 0.259 0.1342 0.0236, 0.2571 0.1549 0.0236, 0.2514 0.1734 0.0236, 0.2431 0.187 0.0236, 0.232 0.1979 0.0236, 0.2186 0.2058 0.0236, 0.202 0.211 0.0236, 0.1813 0.2129 0.0236, 0.1533 0.2129 0.0236, 0.0885 0.2129 0.024, 0.0885 0.2346 0.024, 0.0885 0.2129 0.0236, 0.0885 0.2346 0.0236, -0.0171 0.2346 0.024, -0.0171 0.2346 0.0236, -0.0171 0.0377 0.024, -0.0171 0.0377 0.0236, 0.0837 0.0377 0.024, 0.0837 0.0377 0.0236, 0.0837 0.0593 0.024, 0.0837 0.0593 0.0236, 0.0093 0.0593 0.024, 0.0093 0.0593 0.0236, 0.0093 0.1241 0.024, 0.0093 0.1241 0.0236, 0.0789 0.1241 0.024, 0.0789 0.1241 0.0236, 0.0789 0.1457 0.024, 0.0789 0.1457 0.0236, 0.0093 0.1457 0.024, 0.0093 0.1457 0.0236, 0.0093 0.2129 0.024, 0.0093 0.2129 0.0236, -0.0555 0.2027 0.024, -0.0555 0.2244 0.024, -0.0555 0.2027 0.0236, -0.0555 0.2244 0.0236, -0.1097 0.237 0.024, -0.1097 0.237 0.0236, -0.1043 0.2369 0.0236, -0.1043 0.2369 0.024, -0.0765 0.233 0.0236, -0.0765 0.233 0.024, -0.202 0.1398 0.024, -0.202 0.1398 0.0236, -0.2001 0.1626 0.0236, -0.2001 0.1626 0.024, -0.1941 0.1835 0.0236, -0.1941 0.1835 0.024, -0.1837 0.2022 0.0236, -0.1837 0.2022 0.024, -0.1689 0.2178 0.0236, -0.1689 0.2178 0.024, -0.153 0.2279 0.0236, -0.153 0.2279 0.024, -0.134 0.2344 0.0236, -0.134 0.2344 0.024, -0.1216 0.0369 0.024, -0.1019 0.0353 0.024, -0.1166 0.0365 0.0236, -0.1019 0.0353 0.0236, -0.1216 0.0369 0.0236, -0.1436 0.0433 0.0236, -0.1436 0.0433 0.024, -0.1623 0.0541 0.0236, -0.1623 0.0541 0.024, -0.18 0.0711 0.0236, -0.18 0.0711 0.024, -0.1916 0.0896 0.0236, -0.1916 0.0896 0.024, -0.1991 0.1119 0.0236, -0.1991 0.1119 0.024, -0.0845 0.0365 0.0236, -0.0783 0.0369 0.024, -0.0783 0.0369 0.0236, -0.0555 0.0431 0.024, -0.0555 0.0431 0.0236, -0.0555 0.0695 0.024, -0.0555 0.0695 0.0236, -0.1016 0.0569 0.024, -0.1016 0.0569 0.0236, -0.0777 0.06 0.0236, -0.0777 0.06 0.024, -0.1756 0.1382 0.024, -0.1756 0.1382 0.0236, -0.1746 0.1229 0.0236, -0.1746 0.1229 0.024, -0.1694 0.1018 0.0236, -0.1694 0.1018 0.024, -0.1613 0.0866 0.0236, -0.1613 0.0866 0.024, -0.1494 0.0735 0.0236, -0.1494 0.0735 0.024, -0.1357 0.0644 0.0236, -0.1357 0.0644 0.024, -0.121 0.0591 0.0236, -0.121 0.0591 0.024, -0.1061 0.2154 0.024, -0.1061 0.2154 0.0236, -0.1244 0.2133 0.0236, -0.1244 0.2133 0.024, -0.1388 0.208 0.0236, -0.1388 0.208 0.024, -0.1508 0.1999 0.0236, -0.1508 0.1999 0.024, -0.1601 0.1901 0.0236, -0.1601 0.1901 0.024, -0.1682 0.1765 0.0236, -0.1682 0.1765 0.024, -0.1736 0.1595 0.0236, -0.1736 0.1595 0.024, -0.0591 0.2047 0.0236, -0.0591 0.2047 0.024, -0.0799 0.2125 0.0236, -0.0799 0.2125 0.024, -0.2188 0.2129 0.024, -0.2188 0.2346 0.024, -0.2188 0.2129 0.0236, -0.2188 0.2346 0.0236, -0.3196 0.2346 0.024, -0.3196 0.2346 0.0236, -0.3196 0.0377 0.024, -0.3196 0.0377 0.0236, -0.2932 0.0377 0.024, -0.2932 0.0377 0.0236, -0.2932 0.2129 0.024, -0.2932 0.2129 0.0236
            ]
        }
        coordIndex [
            0,1,2,-1,2,1,3,-1,1,4,3,-1,3,4,5,-1,4,6,5,-1,5,6,7,-1,6,8,7,-1,7,8,9,-1,8,10,9,-1,9,10,11,-1,10,12,11,-1,11,12,13,-1,12,14,13,-1,13,14,15,-1,14,0,15,-1,15,0,2,-1,16,17,14,-1,12,10,8,-1,17,18,14,-1,14,18,19,-1,14,19,0,-1,0,19,20,-1,0,20,21,-1,14,12,16,-1,16,12,8,-1,16,8,22,-1,22,8,6,-1,21,23,0,-1,0,23,22,-1,0,22,1,-1,1,22,6,-1,1,6,4,-1,16,22,24,-1,24,22,25,-1,17,16,26,-1,26,16,24,-1,17,26,27,-1,17,27,18,-1,18,27,28,-1,18,28,19,-1,20,19,29,-1,29,19,28,-1,20,29,30,-1,20,30,21,-1,21,30,31,-1,21,31,23,-1,22,23,25,-1,25,23,31,-1,32,33,34,-1,34,33,35,-1,33,36,35,-1,35,36,37,-1,36,38,37,-1,37,38,39,-1,40,41,42,-1,40,42,43,-1,43,42,44,-1,43,44,45,-1,45,44,46,-1,45,46,47,-1,47,46,48,-1,47,48,49,-1,49,48,50,-1,49,50,51,-1,51,50,52,-1,51,52,53,-1,53,52,54,-1,53,54,55,-1,55,54,39,-1,55,39,38,-1,32,34,56,-1,32,56,57,-1,57,56,58,-1,57,58,59,-1,59,58,60,-1,59,60,61,-1,61,60,62,-1,61,62,63,-1,63,62,64,-1,63,64,65,-1,65,64,66,-1,65,66,67,-1,67,66,41,-1,67,41,40,-1,45,47,68,-1,68,47,49,-1,68,49,69,-1,69,49,51,-1,69,51,70,-1,70,51,53,-1,70,53,71,-1,71,53,55,-1,71,55,72,-1,72,55,38,-1,72,38,73,-1,73,38,36,-1,73,36,74,-1,74,36,33,-1,74,33,75,-1,75,33,32,-1,75,32,76,-1,76,32,57,-1,76,57,77,-1,77,57,59,-1,77,59,78,-1,78,59,61,-1,78,61,79,-1,79,61,63,-1,79,63,80,-1,80,63,65,-1,80,65,81,-1,81,65,67,-1,81,67,82,-1,82,67,40,-1,82,40,83,-1,83,40,43,-1,83,43,84,-1,84,43,45,-1,84,45,68,-1,72,73,85,-1,85,73,86,-1,72,85,87,-1,72,87,71,-1,71,87,88,-1,71,88,70,-1,70,88,89,-1,70,89,69,-1,69,89,90,-1,69,90,68,-1,68,90,91,-1,68,91,84,-1,84,91,92,-1,84,92,83,-1,83,92,93,-1,83,93,82,-1,82,93,94,-1,82,94,81,-1,81,94,95,-1,81,95,80,-1,80,95,96,-1,80,96,79,-1,79,96,97,-1,79,97,78,-1,78,97,98,-1,78,98,77,-1,77,98,99,-1,77,99,76,-1,76,99,100,-1,76,100,75,-1,74,75,101,-1,101,75,100,-1,73,74,86,-1,86,74,101,-1,102,103,104,-1,104,103,105,-1,103,106,105,-1,105,106,107,-1,106,108,107,-1,107,108,109,-1,108,110,109,-1,109,110,111,-1,110,112,111,-1,111,112,113,-1,112,114,113,-1,113,114,115,-1,114,116,115,-1,115,116,117,-1,116,118,117,-1,117,118,119,-1,118,120,119,-1,119,120,121,-1,120,122,121,-1,121,122,123,-1,122,124,123,-1,123,124,125,-1,124,102,125,-1,125,102,104,-1,106,103,102,-1,102,124,106,-1,106,124,122,-1,106,122,108,-1,112,110,114,-1,114,110,108,-1,114,108,116,-1,116,108,122,-1,116,122,118,-1,118,122,120,-1,126,127,128,-1,128,127,129,-1,130,131,132,-1,130,132,133,-1,133,132,134,-1,133,134,135,-1,135,134,129,-1,135,129,127,-1,136,137,138,-1,136,138,139,-1,139,138,140,-1,139,140,141,-1,141,140,142,-1,141,142,143,-1,143,142,144,-1,143,144,145,-1,145,144,146,-1,145,146,147,-1,147,146,148,-1,147,148,149,-1,149,148,131,-1,149,131,130,-1,150,151,152,-1,152,151,153,-1,152,154,150,-1,150,154,155,-1,150,155,156,-1,156,155,157,-1,156,157,158,-1,158,157,159,-1,158,159,160,-1,160,159,161,-1,160,161,162,-1,162,161,163,-1,162,163,164,-1,164,163,137,-1,164,137,136,-1,153,151,165,-1,165,151,166,-1,165,166,167,-1,167,166,168,-1,167,168,169,-1,168,170,169,-1,169,170,171,-1,172,173,174,-1,172,174,175,-1,175,174,171,-1,175,171,170,-1,176,177,178,-1,176,178,179,-1,179,178,180,-1,179,180,181,-1,181,180,182,-1,181,182,183,-1,183,182,184,-1,183,184,185,-1,185,184,186,-1,185,186,187,-1,187,186,188,-1,187,188,189,-1,189,188,173,-1,189,173,172,-1,190,191,192,-1,190,192,193,-1,193,192,194,-1,193,194,195,-1,195,194,196,-1,195,196,197,-1,197,196,198,-1,197,198,199,-1,199,198,200,-1,199,200,201,-1,201,200,202,-1,201,202,203,-1,203,202,177,-1,203,177,176,-1,126,128,204,-1,126,204,205,-1,205,204,206,-1,205,206,207,-1,207,206,191,-1,207,191,190,-1,193,130,190,-1,190,130,133,-1,190,133,207,-1,207,133,135,-1,207,135,205,-1,205,135,127,-1,205,127,126,-1,170,168,175,-1,175,168,166,-1,175,166,172,-1,172,166,151,-1,172,151,189,-1,189,151,150,-1,189,150,187,-1,187,150,156,-1,187,156,185,-1,185,156,158,-1,185,158,183,-1,183,158,160,-1,183,160,181,-1,181,160,162,-1,181,162,179,-1,179,162,164,-1,179,164,176,-1,176,164,136,-1,176,136,203,-1,203,136,139,-1,203,139,201,-1,201,139,141,-1,201,141,199,-1,199,141,143,-1,199,143,197,-1,197,143,145,-1,197,145,195,-1,195,145,147,-1,195,147,193,-1,193,147,149,-1,193,149,130,-1,208,209,210,-1,210,209,211,-1,209,212,211,-1,211,212,213,-1,212,214,213,-1,213,214,215,-1,214,216,215,-1,215,216,217,-1,216,218,217,-1,217,218,219,-1,218,208,219,-1,219,208,210,-1,216,214,218,-1,218,214,212,-1,218,212,208,-1,208,212,209,-1,
        ]
    }
}
Shape{
    appearance Appearance {
        material  Material 	{
            diffuseColor 0.2235294117647059 0.2235294117647059 0.2235294117647059
            specularColor 0.11372549019607843 0.11372549019607843 0.11372549019607843
            ambientIntensity 0.2235
            transparency 0.0
            shininess 0.5
        }
    }
    geometry IndexedFaceSet {
        ccw TRUE
        solid FALSE
        coord DEF co Coordinate {
            point [
                0.354 0.1577 0.0236, 0.4198 0.1577 0.0236, 0.3834 0.0755 0.0236, 0.3902 0.0755 0.0236, 0.3853 0.0687 0.0236, 0.3884 0.0687 0.0236, 0.3865 0.0617 0.0236, 0.3872 0.0617 0.0236, 0.1533 0.0593 0.0236, 0.1533 0.2129 0.0236, 0.1824 0.0593 0.0236, 0.1813 0.2129 0.0236, 0.202 0.211 0.0236, 0.259 0.1342 0.0236, 0.2573 0.1146 0.0236, 0.2527 0.0991 0.0236, 0.2057 0.0618 0.0236, 0.2186 0.2058 0.0236, 0.232 0.1979 0.0236, 0.2431 0.187 0.0236, 0.2514 0.1734 0.0236, 0.2571 0.1549 0.0236, 0.2458 0.0869 0.0236, 0.2363 0.0768 0.0236, 0.2219 0.0675 0.0236
            ]
        }
        coordIndex [
            0,1,2,-1,2,1,3,-1,2,3,4,-1,4,3,5,-1,4,5,6,-1,6,5,7,-1,8,9,10,-1,10,9,11,-1,10,11,12,-1,13,14,10,-1,10,14,15,-1,10,15,16,-1,12,17,10,-1,10,17,18,-1,10,18,19,-1,19,20,10,-1,10,20,21,-1,10,21,13,-1,22,23,15,-1,15,23,24,-1,15,24,16,-1,
        ]
    }
}