#VRML V2.0 utf8
# 3D model generated by easyeda2kicad.py (https://github.com/uPesy/easyeda2kicad.py)

Shape{
    appearance Appearance {
        material  Material 	{
            diffuseColor 0.20784313725490197 0.20784313725490197 0.20784313725490197
            specularColor 0.01568627450980392 0.01568627450980392 0.01568627450980392
            ambientIntensity 0.298
            transparency 0.0
            shininess 0.5
        }
    }
    geometry IndexedFaceSet {
        ccw TRUE
        solid FALSE
        coord DEF co Coordinate {
            point [
                1.6202 -2.5129 0.0197, 1.7147 -2.5129 0.0197, 1.7147 -2.5129 0.1416, 1.5021 -2.5129 0.1416, 1.5021 -2.5129 0.0826, 1.1871 -2.5129 0.0197, 1.3052 -2.5129 0.0826, 1.3052 -2.5129 0.1416, 1.0926 -2.5129 0.1416, 1.0926 -2.5129 0.0197, -1.5169 -2.8279 0.0197, -1.4704 -2.8279 0.0197, -1.4704 -2.8279 0.6772, -2.5334 -2.8279 0.6772, -2.5334 -2.8279 0.0197, -2.153 -2.8279 0.0197, -1.805 -2.8279 0.0197, -2.3759 2.4871 0.0197, -2.3759 3.117 0.0197, -2.153 3.117 0.0197, -0.9192 0.2823 0.0197, -0.9192 0.2036 0.0197, -1.1472 0.2036 0.0197, -2.1698 -1.8603 0.0197, -2.153 -1.8579 0.0197, -2.1698 -1.9035 0.0197, -2.153 -2.2161 0.0197, -2.3187 -1.9035 0.0197, -2.5334 -2.887 0.0197, -2.541 -2.887 0.0197, -2.541 -1.8579 0.0197, -2.3715 -1.8603 0.0197, -2.541 -2.2161 0.0197, -2.3715 -2.2161 0.0197, -2.3715 -2.254 0.0197, -2.3187 -2.254 0.0197, -2.3187 -2.2161 0.0197, -1.9356 -2.2156 0.0197, -1.9743 -2.2112 0.0197, -1.8504 -1.92 0.0197, -1.805 -1.8579 0.0197, -1.805 -2.2161 0.0197, -1.8434 -1.9239 0.0197, -1.8434 -1.8807 0.0197, -1.8853 -1.8634 0.0197, -1.9251 -1.8579 0.0197, -1.8877 -2.2093 0.0197, -1.8434 -2.1904 0.0197, -1.8434 -2.2161 0.0197, -2.0038 -2.2006 0.0197, -2.031 -2.1823 0.0197, -2.0548 -2.1561 0.0197, -2.0834 -2.0529 0.0197, -2.0794 -2.0103 0.0197, -2.0687 -1.9764 0.0197, -1.9811 -1.9028 0.0197, -1.9444 -1.8987 0.0197, -2.0098 -1.9134 0.0197, -2.034 -1.9296 0.0197, -2.0525 -1.9491 0.0197, -1.8922 -1.9045 0.0197, -2.071 -2.1257 0.0197, -2.0815 -2.0836 0.0197, -1.8889 -2.2555 0.0197, -1.8434 -2.2432 0.0197, -2.0194 -2.2428 0.0197, -1.9756 -2.2555 0.0197, -1.936 -2.2588 0.0197, -2.1155 -2.1503 0.0197, -2.0924 -2.1871 0.0197, -2.0622 -2.2161 0.0197, -2.0568 -2.2213 0.0197, -2.0384 -1.8736 0.0197, -2.07 -1.8939 0.0197, -2.0996 -1.925 0.0197, -2.1206 -1.9624 0.0197, -2.1324 -2.0041 0.0197, -2.1362 -2.0497 0.0197, -2.1306 -2.1057 0.0197, -1.9409 -1.8557 0.0197, -1.805 -1.7413 0.0197, -1.9517 -1.8555 0.0197, -2.153 -1.7413 0.0197, -1.9748 -1.8579 0.0197, -2.0002 -1.8605 0.0197, -1.5649 -2.254 0.0197, -1.5649 -2.2161 0.0197, -1.5169 -2.2161 0.0197, -1.5649 -2.2108 0.0197, -1.5169 -1.8579 0.0197, -1.7137 -2.2108 0.0197, -1.7137 -2.0811 0.0197, -1.7665 -1.8603 0.0197, -1.7137 -2.0379 0.0197, -1.7137 -1.9035 0.0197, -1.5745 -2.0379 0.0197, -1.5553 -1.9035 0.0197, -1.5745 -2.0811 0.0197, -1.5553 -1.8603 0.0197, -1.7665 -2.2161 0.0197, -1.7665 -2.254 0.0197, -1.1472 -2.2161 0.0197, -1.2412 -2.2161 0.0197, -1.2216 -2.203 0.0197, -1.1812 -1.9682 0.0197, -1.2038 -1.933 0.0197, -1.1472 -1.8579 0.0197, -1.2362 -1.9019 0.0197, -1.2773 -1.878 0.0197, -1.2212 -2.2026 0.0197, -1.1933 -2.1718 0.0197, -1.175 -2.1379 0.0197, -1.1644 -2.0991 0.0197, -1.1616 -2.0621 0.0197, -1.1671 -2.0094 0.0197, -1.1472 -2.887 0.0197, -1.4704 -2.887 0.0197, -1.3227 -1.8645 0.0197, -1.3714 -1.8603 0.0197, -1.4785 -1.8603 0.0197, -1.4785 -2.2161 0.0197, -1.4785 -2.254 0.0197, -1.2644 -2.2317 0.0197, -1.3105 -2.2479 0.0197, -1.3674 -2.254 0.0197, 0.695 -1.4696 0.0197, 0.695 0.2036 0.0197, 0.754 0.2036 0.0197, 0.695 0.3611 0.0197, 0.38 0.3611 0.0197, 0.321 0.9516 0.0197, 0.754 0.9516 0.0197, 0.321 0.2036 0.0197, 0.38 0.2036 0.0197, 0.38 -1.4696 0.0197, 0.754 -1.7413 0.0197, 0.321 -1.7413 0.0197, -0.9192 -1.4696 0.0197, -1.1472 -1.7413 0.0197, -0.9586 0.9516 0.0197, -1.1472 1.739 0.0197, -0.5452 -1.7413 0.0197, -0.6042 -1.4696 0.0197, -0.5452 0.2036 0.0197, -0.6042 0.2036 0.0197, -0.6042 0.2823 0.0197, -0.1121 -1.7413 0.0197, -0.1121 0.2036 0.0197, -0.0531 -1.4696 0.0197, -0.0531 0.2036 0.0197, 0.2619 -1.4696 0.0197, 0.2619 0.2036 0.0197, 0.2619 0.2823 0.0197, -0.0531 0.2823 0.0197, -0.1121 0.9516 0.0197, 0.8131 0.2036 0.0197, 0.8131 -1.4696 0.0197, 1.1871 -1.7413 0.0197, 1.1281 -1.4696 0.0197, 1.1871 0.2036 0.0197, 1.1281 0.2036 0.0197, 1.1281 0.2823 0.0197, 0.8131 0.2823 0.0197, 1.1871 0.9516 0.0197, 1.9942 0.2036 0.0197, 2.0532 0.2036 0.0197, 1.9942 -1.4696 0.0197, 2.0532 -1.7413 0.0197, 1.6792 -1.4696 0.0197, 1.6792 0.2823 0.0197, 1.6202 0.9516 0.0197, 1.9942 0.2823 0.0197, 2.0532 0.9516 0.0197, 2.1123 -1.4696 0.0197, 2.4273 -1.4696 0.0197, 2.6832 -1.7413 0.0197, 2.4666 0.9516 0.0197, 2.4666 1.739 0.0197, 2.6832 1.6012 0.0197, 2.6832 0.2036 0.0197, 2.4273 0.2036 0.0197, 2.4273 0.2823 0.0197, 2.7422 1.6012 0.0197, 2.1123 0.2823 0.0197, 2.3977 0.9516 0.0197, -0.9164 -2.2161 0.0197, -0.7775 -1.8603 0.0197, -0.5452 -1.8579 0.0197, -0.8749 -1.9707 0.0197, -1.0376 -1.9707 0.0197, -0.8351 -1.8603 0.0197, -1.0752 -1.8603 0.0197, -0.5452 -2.2161 0.0197, -0.9311 -2.254 0.0197, -0.5452 -2.887 0.0197, -0.9839 -2.254 0.0197, -0.9982 -2.2161 0.0197, -1.1328 -1.8603 0.0197, 1.1871 -2.2161 0.0197, 1.2462 -2.1783 0.0197, 1.6202 -2.2161 0.0197, 1.5611 -2.1783 0.0197, 1.6202 -1.8579 0.0197, 1.5611 -1.8579 0.0197, 1.6202 -1.7413 0.0197, 1.5611 -1.7413 0.0197, 1.6202 0.2036 0.0197, 1.5611 0.2036 0.0197, 1.5611 0.3611 0.0197, 1.2462 -1.7413 0.0197, 1.2462 0.2036 0.0197, 1.2462 0.3611 0.0197, 2.0532 -2.4342 0.0197, 1.7147 -2.4342 0.0197, 2.6832 -2.2161 0.0197, 2.6832 -2.887 0.0197, 2.1871 -2.887 0.0197, 2.1871 -2.4342 0.0197, 2.0532 -2.2161 0.0197, 2.6832 -1.8579 0.0197, 2.0532 -1.8579 0.0197, 2.1123 0.2036 0.0197, 2.4666 2.054 0.0197, 2.7422 2.054 0.0197, 2.7422 1.739 0.0197, -0.5452 0.9516 0.0197, -1.1472 3.05 0.0197, -0.9586 2.7233 0.0197, -0.9586 1.739 0.0197, -1.5169 3.117 0.0197, -1.1859 3.117 0.0197, -2.541 1.739 0.0197, -2.541 2.4871 0.0197, -2.153 1.739 0.0197, -0.5412 -2.887 0.0197, -0.5412 -2.4342 0.0197, -0.1121 -2.4342 0.0197, -0.1121 -2.2161 0.0197, -0.0688 -2.4342 0.0197, 0.321 -2.2161 0.0197, -0.0688 -2.887 0.0197, 0.754 -2.2161 0.0197, 0.321 -2.887 0.0197, 0.754 -2.887 0.0197, 1.0926 -2.887 0.0197, -0.1121 -1.8579 0.0197, 0.321 -1.8579 0.0197, 0.754 -1.8579 0.0197, 1.1871 -1.8579 0.0197, 1.2462 -1.8579 0.0197, 1.6792 0.2036 0.0197, -1.5169 -1.7413 0.0197, -2.541 -1.7413 0.0197, -0.1712 -1.6271 0.0197, -0.4861 -1.6271 0.0197, -0.4861 0.1249 0.0197, -0.1712 0.1249 0.0197, -1.5169 0.2036 0.0197, -1.805 0.2036 0.0197, -2.153 0.2036 0.0197, -2.541 0.2036 0.0197, -1.5169 1.739 0.0197, -1.805 1.739 0.0197, -2.7105 -2.887 0.0197, -2.7105 -2.2161 0.0197, -2.7105 -1.8579 0.0197, -2.7105 -1.7413 0.0197, -2.7105 0.2036 0.0197, -2.7105 1.739 0.0197, -2.7105 2.4871 0.0197, -1.805 3.117 0.0197, 2.4666 0.9516 0.0886, 2.3977 0.9516 0.0886, 2.4666 0.9516 0.3228, 2.3977 0.9516 0.3228, 2.3288 0.9516 0.2165, 2.3288 0.9516 0.1575, 2.2107 0.9516 0.1575, 2.0532 0.9516 0.0886, 2.2107 0.9516 0.2165, 2.0532 0.9516 0.3228, 1.8958 0.9516 0.2165, 1.8958 0.9516 0.1575, 1.7777 0.9516 0.1575, 1.6202 0.9516 0.0886, 1.7777 0.9516 0.2165, 1.6202 0.9516 0.3228, 1.4627 0.9516 0.2165, 1.4627 0.9516 0.1575, 1.3446 0.9516 0.1575, 1.1871 0.9516 0.0886, 1.3446 0.9516 0.2165, 1.1871 0.9516 0.3228, 1.0296 0.9516 0.2165, 1.0296 0.9516 0.1575, 0.9115 0.9516 0.1575, 0.754 0.9516 0.0886, 0.9115 0.9516 0.2165, 0.754 0.9516 0.3228, 0.5966 0.9516 0.2165, 0.5966 0.9516 0.1575, 0.4784 0.9516 0.1575, 0.321 0.9516 0.0886, 0.4784 0.9516 0.2165, 0.321 0.9516 0.3228, 0.1635 0.9516 0.2165, 0.1635 0.9516 0.1575, 0.0454 0.9516 0.1575, -0.1121 0.9516 0.0886, 0.0454 0.9516 0.2165, -0.1121 0.9516 0.3228, -0.2696 0.9516 0.2165, -0.2696 0.9516 0.1575, -0.3877 0.9516 0.1575, -0.5452 0.9516 0.0886, -0.3877 0.9516 0.2165, -0.5452 0.9516 0.3228, -0.7027 0.9516 0.2165, -0.7027 0.9516 0.1575, -0.8208 0.9516 0.1575, -0.9586 0.9516 0.0886, -0.8208 0.9516 0.2165, -0.9586 0.9516 0.3228, 2.6832 2.054 0.2559, 2.6832 2.054 0.6772, 2.6832 1.6012 0.2559, 2.6832 -2.887 0.6772, -2.7105 -2.887 0.6772, -2.7105 2.4871 0.6772, -2.3759 3.117 0.6772, -1.7066 3.117 0.6772, -1.7066 3.117 0.3228, -1.3129 3.117 0.3228, -1.1859 3.117 0.3228, -1.4704 -2.887 0.6772, -0.5412 -2.887 0.6772, 1.0926 -2.8279 0.6772, 1.7147 -2.8279 0.6772, 1.7147 -2.4342 0.6772, 2.4666 -2.3948 0.6772, -1.7066 -2.3948 0.6772, -0.0688 -2.4342 0.6772, -0.5412 -2.4342 0.6772, -2.3759 2.4871 0.6772, -2.5334 -2.887 0.6772, -0.0688 -2.887 0.6772, 1.0926 -2.887 0.6772, 2.4666 2.054 0.6772, 2.1871 -2.887 0.6772, 2.1871 -2.4342 0.6772, -0.9586 2.7233 0.3228, -0.9586 1.739 0.3228, 2.4666 -1.5484 0.3228, 2.4666 -2.3948 0.3228, 2.7422 2.054 0.2559, -0.9192 -1.4696 0.3228, -1.3129 -1.5484 0.3228, -0.5452 -1.5484 0.3228, -0.9192 0.2823 0.3228, -0.9192 0.3611 0.3228, -1.3129 1.739 0.3228, -0.6042 0.3611 0.3228, -0.6042 0.2823 0.3228, -0.6042 -1.4696 0.3228, -0.4861 -1.6271 0.3228, -0.4861 -1.5484 0.3228, -0.4861 0.1249 0.3228, -0.4861 0.3611 0.3228, -0.1712 -1.5484 0.3228, -0.1121 -1.5484 0.3228, -0.1712 0.1249 0.3228, -0.1712 0.3611 0.3228, 0.321 -1.5484 0.3228, 0.2619 -1.4696 0.3228, -0.0531 -1.4696 0.3228, -0.0531 0.2823 0.3228, -0.0531 0.3611 0.3228, 0.2619 0.3611 0.3228, 0.2619 0.2823 0.3228, 0.38 -1.4696 0.3228, 0.38 0.3611 0.3228, 0.695 -1.4696 0.3228, 0.754 -1.5484 0.3228, 0.695 0.3611 0.3228, 1.1871 -1.5484 0.3228, 1.1281 -1.4696 0.3228, 0.8131 -1.4696 0.3228, 0.8131 0.2823 0.3228, 0.8131 0.3611 0.3228, 1.1281 0.3611 0.3228, 1.1281 0.2823 0.3228, 1.2462 -2.1783 0.3228, 1.2462 -1.5484 0.3228, 1.2462 0.3611 0.3228, 1.5611 -1.5484 0.3228, 1.6202 -1.5484 0.3228, 1.5611 0.3611 0.3228, 1.9942 0.2823 0.3228, 2.0532 -1.5484 0.3228, 1.9942 -1.4696 0.3228, 1.6792 -1.4696 0.3228, 1.6792 0.2823 0.3228, 1.6792 0.3611 0.3228, 1.9942 0.3611 0.3228, 2.4273 -1.4696 0.3228, 2.1123 -1.4696 0.3228, 2.1123 0.2823 0.3228, 2.1123 0.3611 0.3228, 2.4273 0.3611 0.3228, 2.4273 0.2823 0.3228, 1.1871 -2.3948 0.3228, 1.6202 -2.3948 0.3228, 1.5611 -2.1783 0.3228, -0.5452 -2.3948 0.3228, -0.1121 -2.3948 0.3228, -0.1712 -1.6271 0.3228, -1.7066 1.739 0.3228, -1.7066 -1.5484 0.3228, 2.0532 -2.3948 0.3228, 0.321 -2.3948 0.3228, 0.754 -2.3948 0.3228, -1.7066 -2.3948 0.3228, -1.3129 -2.3948 0.3228, 2.7422 1.6012 0.2559, 0.4391 0.3611 0.2165, 0.4391 0.3611 0.1575, 0.6359 0.3611 0.1575, 0.6359 0.3611 0.2165, 1.3052 0.3611 0.1575, 1.5021 0.3611 0.1575, 1.5021 0.3611 0.2165, 1.3052 0.3611 0.2165, -0.9192 0.3611 0.374, -0.6042 0.3611 0.374, -0.9192 0.2823 0.374, -0.6042 0.2823 0.374, -0.8601 0.2823 0.2165, -0.8601 0.2823 0.1575, -0.6633 0.2823 0.1575, -0.6633 0.2823 0.2165, -0.0531 0.3611 0.374, 0.2619 0.3611 0.374, -0.0531 0.2823 0.374, 0.2619 0.2823 0.374, 0.2029 0.2823 0.2165, 0.2029 0.2823 0.1575, 0.006 0.2823 0.1575, 0.006 0.2823 0.2165, 0.8131 0.3611 0.374, 1.1281 0.3611 0.374, 0.8131 0.2823 0.374, 1.1281 0.2823 0.374, 0.8721 0.2823 0.2165, 0.8721 0.2823 0.1575, 1.069 0.2823 0.1575, 1.069 0.2823 0.2165, 1.6792 0.3611 0.374, 1.9942 0.3611 0.374, 1.6792 0.2823 0.374, 1.9942 0.2823 0.374, 1.7383 0.2823 0.2165, 1.7383 0.2823 0.1575, 1.9351 0.2823 0.1575, 1.9351 0.2823 0.2165, 2.1123 0.3611 0.374, 2.4273 0.3611 0.374, 2.1123 0.2823 0.374, 2.4273 0.2823 0.374, 2.1714 0.2823 0.2165, 2.1714 0.2823 0.1575, 2.3682 0.2823 0.1575, 2.3682 0.2823 0.2165, -0.4861 0.3611 0.374, -0.1712 0.3611 0.374, -0.4861 0.1249 0.374, -0.1712 0.1249 0.374, -0.4271 0.1249 0.2165, -0.4271 0.1249 0.1575, -0.2302 0.1249 0.1575, -0.2302 0.1249 0.2165
            ]
        }
        coordIndex [
            0,1,2,-1,2,3,0,-1,0,3,4,-1,0,4,5,-1,5,4,6,-1,6,7,5,-1,5,7,8,-1,5,8,9,-1,10,11,12,-1,13,14,15,-1,13,15,12,-1,12,15,16,-1,12,16,10,-1,17,18,19,-1,20,21,22,-1,23,24,25,-1,25,24,26,-1,25,26,27,-1,14,28,29,-1,30,31,32,-1,32,31,33,-1,32,33,34,-1,29,32,14,-1,14,32,34,-1,14,34,15,-1,15,34,35,-1,15,35,26,-1,26,35,36,-1,26,36,27,-1,37,38,39,-1,40,41,42,-1,42,43,40,-1,40,43,44,-1,40,44,45,-1,37,39,46,-1,46,39,42,-1,46,42,47,-1,47,42,41,-1,47,41,48,-1,38,49,39,-1,39,49,50,-1,39,50,51,-1,52,53,39,-1,39,53,54,-1,55,56,57,-1,57,56,58,-1,54,59,39,-1,39,59,58,-1,39,58,60,-1,60,58,56,-1,51,61,39,-1,39,61,62,-1,39,62,52,-1,63,64,16,-1,15,65,66,-1,15,66,16,-1,16,66,67,-1,16,67,63,-1,68,69,26,-1,26,69,70,-1,26,70,15,-1,15,70,71,-1,15,71,65,-1,72,73,24,-1,24,73,74,-1,24,74,75,-1,75,76,24,-1,24,76,77,-1,24,77,26,-1,26,77,78,-1,26,78,68,-1,45,79,80,-1,80,79,81,-1,80,81,82,-1,82,81,83,-1,82,83,24,-1,24,83,84,-1,24,84,72,-1,85,86,87,-1,87,86,88,-1,87,88,89,-1,88,90,91,-1,92,40,89,-1,93,94,95,-1,95,94,96,-1,95,96,97,-1,91,97,88,-1,88,97,96,-1,88,96,89,-1,89,96,98,-1,89,98,92,-1,40,92,41,-1,41,92,99,-1,41,99,100,-1,85,10,100,-1,100,10,16,-1,100,16,41,-1,41,16,64,-1,41,64,48,-1,101,102,103,-1,104,105,106,-1,106,105,107,-1,106,107,108,-1,103,109,101,-1,101,109,110,-1,101,110,111,-1,111,112,101,-1,101,112,113,-1,101,113,106,-1,106,113,114,-1,106,114,104,-1,115,116,101,-1,101,116,11,-1,108,117,106,-1,106,117,118,-1,106,118,89,-1,89,118,119,-1,89,119,87,-1,87,119,120,-1,87,120,121,-1,102,101,122,-1,122,101,11,-1,122,11,123,-1,85,87,10,-1,10,87,121,-1,10,121,11,-1,11,121,124,-1,11,124,123,-1,125,126,127,-1,127,126,128,-1,129,130,128,-1,128,130,131,-1,128,131,127,-1,132,133,134,-1,125,135,134,-1,134,135,136,-1,134,136,132,-1,21,137,138,-1,139,20,140,-1,138,137,141,-1,141,137,142,-1,141,142,143,-1,143,142,144,-1,143,144,145,-1,146,147,148,-1,148,147,149,-1,146,148,136,-1,136,148,150,-1,136,150,132,-1,132,150,151,-1,132,151,152,-1,153,154,152,-1,152,154,130,-1,152,130,132,-1,132,130,129,-1,132,129,133,-1,127,155,156,-1,125,127,135,-1,135,127,156,-1,135,156,157,-1,157,156,158,-1,157,158,159,-1,159,158,160,-1,159,160,161,-1,155,127,162,-1,162,127,131,-1,162,131,161,-1,161,131,163,-1,161,163,159,-1,164,165,166,-1,166,165,167,-1,166,167,168,-1,169,170,171,-1,171,170,172,-1,173,174,175,-1,176,177,178,-1,175,174,179,-1,179,174,180,-1,179,180,181,-1,178,177,182,-1,164,171,165,-1,165,171,172,-1,165,172,183,-1,183,172,184,-1,183,184,181,-1,181,184,176,-1,181,176,179,-1,179,176,178,-1,185,186,187,-1,188,189,190,-1,190,189,191,-1,185,192,193,-1,193,192,194,-1,193,194,195,-1,195,194,115,-1,195,115,196,-1,196,115,101,-1,196,101,197,-1,197,101,106,-1,197,106,191,-1,191,106,187,-1,191,187,190,-1,190,187,186,-1,198,199,200,-1,200,199,201,-1,200,201,202,-1,202,201,203,-1,202,203,204,-1,204,203,205,-1,204,205,206,-1,206,205,207,-1,206,207,208,-1,209,157,210,-1,210,157,159,-1,210,159,211,-1,211,159,163,-1,211,163,208,-1,208,163,170,-1,208,170,206,-1,206,170,169,-1,212,213,200,-1,214,215,216,-1,216,217,214,-1,214,217,218,-1,214,218,219,-1,219,218,220,-1,219,220,175,-1,175,220,167,-1,175,167,173,-1,173,167,165,-1,173,165,221,-1,221,165,183,-1,222,223,177,-1,177,223,224,-1,177,224,182,-1,20,139,145,-1,145,139,225,-1,145,225,143,-1,143,225,154,-1,143,154,147,-1,147,154,153,-1,147,153,149,-1,226,227,228,-1,229,230,226,-1,231,232,233,-1,233,232,17,-1,234,194,235,-1,235,194,192,-1,235,192,236,-1,236,192,237,-1,236,237,238,-1,238,237,239,-1,238,239,240,-1,5,9,241,-1,241,198,5,-1,5,198,200,-1,5,200,0,-1,0,200,213,-1,0,213,1,-1,240,239,242,-1,242,239,241,-1,242,241,243,-1,243,241,9,-1,243,9,244,-1,185,187,192,-1,192,187,245,-1,192,245,237,-1,237,245,246,-1,237,246,239,-1,239,246,247,-1,239,247,241,-1,241,247,248,-1,241,248,198,-1,198,248,249,-1,198,249,199,-1,217,212,218,-1,218,212,200,-1,218,200,220,-1,220,200,202,-1,220,202,167,-1,167,202,204,-1,167,204,168,-1,168,204,206,-1,168,206,250,-1,250,206,169,-1,45,80,40,-1,40,80,251,-1,40,251,89,-1,89,251,138,-1,89,138,106,-1,106,138,141,-1,106,141,187,-1,187,141,146,-1,187,146,245,-1,245,146,136,-1,245,136,246,-1,246,136,135,-1,246,135,247,-1,247,135,157,-1,247,157,248,-1,248,157,209,-1,248,209,249,-1,23,31,24,-1,24,31,30,-1,24,30,82,-1,82,30,252,-1,253,146,254,-1,254,146,141,-1,254,141,255,-1,255,141,143,-1,255,143,256,-1,256,143,147,-1,256,147,253,-1,253,147,146,-1,21,138,22,-1,22,138,251,-1,22,251,257,-1,257,251,80,-1,257,80,258,-1,258,80,82,-1,258,82,259,-1,259,82,252,-1,259,252,260,-1,20,22,140,-1,140,22,257,-1,140,257,261,-1,261,257,258,-1,261,258,262,-1,262,258,259,-1,262,259,233,-1,233,259,260,-1,233,260,231,-1,29,263,32,-1,32,263,264,-1,32,264,30,-1,30,264,265,-1,30,265,252,-1,252,265,266,-1,252,266,260,-1,260,266,267,-1,260,267,231,-1,231,267,268,-1,231,268,232,-1,232,268,269,-1,17,19,233,-1,233,19,270,-1,233,270,262,-1,262,270,229,-1,262,229,261,-1,261,229,226,-1,261,226,140,-1,140,226,228,-1,140,228,139,-1,271,176,184,-1,271,272,273,-1,273,272,274,-1,275,274,276,-1,276,274,272,-1,276,272,277,-1,277,272,278,-1,277,278,279,-1,279,278,280,-1,279,280,275,-1,275,280,274,-1,281,280,282,-1,282,280,278,-1,282,278,283,-1,283,278,284,-1,283,284,285,-1,285,284,286,-1,285,286,281,-1,281,286,280,-1,287,286,288,-1,288,286,284,-1,288,284,289,-1,289,284,290,-1,289,290,291,-1,291,290,292,-1,291,292,287,-1,287,292,286,-1,293,292,294,-1,294,292,290,-1,294,290,295,-1,295,290,296,-1,295,296,297,-1,297,296,298,-1,297,298,293,-1,293,298,292,-1,299,298,300,-1,300,298,296,-1,300,296,301,-1,301,296,302,-1,301,302,303,-1,303,302,304,-1,303,304,299,-1,299,304,298,-1,305,304,306,-1,306,304,302,-1,306,302,307,-1,307,302,308,-1,307,308,309,-1,309,308,310,-1,309,310,305,-1,305,310,304,-1,311,310,312,-1,312,310,308,-1,312,308,313,-1,313,308,314,-1,313,314,315,-1,315,314,316,-1,315,316,311,-1,311,316,310,-1,317,316,318,-1,318,316,314,-1,318,314,319,-1,319,314,320,-1,319,320,321,-1,321,320,322,-1,321,322,317,-1,317,322,316,-1,271,184,272,-1,272,184,172,-1,272,172,278,-1,278,172,170,-1,278,170,284,-1,284,170,163,-1,284,163,290,-1,290,163,131,-1,290,131,296,-1,296,131,130,-1,296,130,302,-1,302,130,154,-1,302,154,308,-1,308,154,225,-1,308,225,314,-1,314,225,139,-1,314,139,320,-1,323,324,325,-1,325,324,326,-1,215,214,326,-1,326,214,219,-1,178,325,179,-1,179,325,326,-1,179,326,175,-1,175,326,219,-1,266,327,267,-1,267,327,328,-1,267,328,268,-1,268,328,269,-1,266,265,327,-1,327,265,264,-1,327,264,263,-1,329,330,331,-1,229,331,230,-1,230,331,332,-1,230,332,333,-1,18,329,19,-1,19,329,331,-1,19,331,270,-1,270,331,229,-1,12,334,335,-1,336,337,338,-1,339,340,341,-1,341,340,342,-1,340,330,343,-1,343,330,329,-1,327,344,13,-1,341,345,346,-1,324,347,326,-1,326,347,339,-1,326,339,348,-1,327,13,328,-1,346,336,341,-1,341,336,338,-1,341,338,339,-1,339,338,349,-1,339,349,348,-1,335,342,12,-1,12,342,340,-1,12,340,13,-1,13,340,343,-1,13,343,328,-1,344,28,13,-1,13,28,14,-1,28,344,29,-1,29,344,327,-1,29,327,263,-1,17,343,18,-1,18,343,329,-1,269,328,232,-1,232,328,343,-1,232,343,17,-1,230,333,226,-1,226,333,350,-1,226,350,227,-1,320,139,228,-1,322,320,351,-1,351,320,228,-1,351,228,350,-1,350,228,227,-1,352,353,339,-1,177,176,271,-1,352,339,273,-1,273,339,347,-1,273,347,271,-1,271,347,222,-1,271,222,177,-1,354,223,323,-1,323,223,222,-1,323,222,324,-1,324,222,347,-1,350,333,332,-1,355,356,357,-1,358,359,360,-1,351,360,322,-1,322,360,359,-1,322,359,316,-1,359,361,316,-1,316,361,362,-1,316,362,357,-1,357,362,363,-1,357,363,355,-1,364,365,357,-1,357,365,366,-1,357,366,316,-1,316,366,367,-1,316,367,310,-1,368,369,370,-1,370,369,310,-1,370,310,371,-1,371,310,367,-1,369,372,373,-1,373,374,369,-1,369,374,375,-1,369,375,310,-1,310,375,376,-1,310,376,304,-1,304,376,377,-1,304,377,378,-1,372,379,380,-1,379,372,381,-1,381,372,382,-1,381,382,383,-1,383,382,298,-1,383,298,380,-1,380,298,304,-1,380,304,372,-1,372,304,378,-1,372,378,373,-1,382,384,385,-1,385,386,382,-1,382,386,387,-1,382,387,298,-1,298,387,388,-1,298,388,292,-1,292,388,389,-1,292,389,390,-1,391,392,384,-1,384,392,393,-1,394,395,396,-1,396,395,286,-1,396,286,393,-1,393,286,292,-1,393,292,384,-1,384,292,390,-1,384,390,385,-1,280,397,398,-1,398,397,399,-1,398,399,395,-1,399,400,395,-1,395,400,401,-1,395,401,286,-1,286,401,402,-1,286,402,280,-1,280,402,403,-1,280,403,397,-1,404,405,398,-1,398,405,406,-1,398,406,280,-1,280,406,407,-1,280,407,274,-1,274,407,408,-1,274,408,273,-1,273,408,409,-1,273,409,352,-1,352,409,404,-1,352,404,398,-1,410,411,412,-1,413,414,415,-1,331,416,332,-1,332,416,360,-1,332,360,350,-1,350,360,351,-1,416,417,360,-1,360,417,356,-1,360,356,358,-1,358,356,355,-1,394,412,395,-1,395,412,411,-1,395,411,398,-1,398,411,418,-1,398,418,352,-1,352,418,353,-1,368,415,369,-1,369,415,414,-1,369,414,372,-1,372,414,419,-1,372,419,382,-1,382,419,420,-1,382,420,384,-1,384,420,410,-1,384,410,391,-1,391,410,412,-1,417,421,356,-1,356,421,422,-1,356,422,357,-1,357,422,413,-1,357,413,364,-1,364,413,415,-1,421,417,340,-1,340,417,416,-1,340,416,330,-1,330,416,331,-1,353,418,339,-1,339,418,411,-1,339,411,410,-1,410,420,339,-1,339,420,419,-1,339,419,340,-1,340,419,414,-1,414,413,340,-1,340,413,422,-1,340,422,421,-1,223,354,224,-1,224,354,423,-1,224,423,182,-1,423,325,182,-1,182,325,178,-1,323,325,354,-1,354,325,423,-1,129,380,133,-1,133,380,379,-1,133,379,134,-1,134,379,125,-1,125,379,381,-1,125,381,126,-1,126,381,383,-1,126,383,128,-1,424,380,425,-1,425,380,129,-1,425,129,426,-1,426,129,128,-1,426,128,427,-1,427,128,383,-1,427,383,424,-1,424,383,380,-1,162,387,155,-1,155,387,386,-1,155,386,156,-1,156,386,158,-1,158,386,385,-1,158,385,160,-1,160,385,390,-1,160,390,161,-1,153,375,149,-1,149,375,374,-1,149,374,148,-1,148,374,150,-1,150,374,373,-1,150,373,151,-1,151,373,378,-1,151,378,152,-1,183,406,221,-1,221,406,405,-1,221,405,173,-1,173,405,174,-1,174,405,404,-1,174,404,180,-1,180,404,409,-1,180,409,181,-1,169,401,250,-1,250,401,400,-1,250,400,168,-1,168,400,166,-1,166,400,399,-1,166,399,164,-1,164,399,397,-1,164,397,171,-1,392,391,199,-1,199,249,392,-1,392,249,209,-1,392,209,393,-1,393,209,210,-1,393,210,211,-1,396,208,207,-1,396,207,394,-1,201,412,203,-1,203,412,394,-1,203,394,205,-1,205,394,207,-1,428,211,429,-1,429,211,208,-1,429,208,430,-1,430,208,396,-1,430,396,431,-1,431,396,393,-1,431,393,428,-1,428,393,211,-1,364,254,365,-1,365,254,255,-1,365,255,366,-1,370,256,368,-1,368,256,253,-1,368,253,415,-1,20,358,21,-1,21,358,355,-1,21,355,137,-1,137,355,142,-1,142,355,363,-1,142,363,144,-1,144,363,362,-1,144,362,145,-1,432,433,359,-1,359,433,361,-1,434,432,358,-1,358,432,359,-1,433,435,361,-1,361,435,362,-1,362,435,358,-1,358,435,434,-1,436,358,437,-1,437,358,20,-1,437,20,438,-1,438,20,145,-1,438,145,439,-1,439,145,362,-1,439,362,436,-1,436,362,358,-1,435,433,434,-1,434,433,432,-1,440,441,376,-1,376,441,377,-1,442,440,375,-1,375,440,376,-1,441,443,377,-1,377,443,378,-1,378,443,442,-1,442,375,378,-1,378,375,444,-1,378,444,152,-1,152,444,445,-1,152,445,153,-1,153,445,446,-1,153,446,375,-1,375,446,447,-1,375,447,444,-1,443,441,442,-1,442,441,440,-1,448,449,388,-1,388,449,389,-1,450,448,387,-1,387,448,388,-1,449,451,389,-1,389,451,390,-1,390,451,387,-1,387,451,450,-1,452,387,453,-1,453,387,162,-1,453,162,454,-1,454,162,161,-1,454,161,455,-1,455,161,390,-1,455,390,452,-1,452,390,387,-1,451,449,450,-1,450,449,448,-1,456,457,402,-1,402,457,403,-1,458,456,401,-1,401,456,402,-1,457,459,403,-1,403,459,397,-1,397,459,401,-1,401,459,458,-1,460,401,461,-1,461,401,169,-1,461,169,462,-1,462,169,171,-1,462,171,463,-1,463,171,397,-1,463,397,460,-1,460,397,401,-1,459,457,458,-1,458,457,456,-1,464,465,407,-1,407,465,408,-1,466,464,406,-1,406,464,407,-1,465,467,408,-1,408,467,409,-1,409,467,406,-1,406,467,466,-1,468,406,469,-1,469,406,183,-1,469,183,470,-1,470,183,181,-1,470,181,471,-1,471,181,409,-1,471,409,468,-1,468,409,406,-1,467,465,466,-1,466,465,464,-1,472,473,367,-1,367,473,371,-1,474,472,366,-1,366,472,367,-1,473,475,371,-1,371,475,370,-1,370,475,366,-1,366,475,474,-1,476,366,477,-1,477,366,255,-1,477,255,478,-1,478,255,256,-1,478,256,479,-1,479,256,370,-1,479,370,476,-1,476,370,366,-1,475,473,474,-1,474,473,472,-1,254,364,253,-1,253,364,415,-1,
        ]
    }
}
Shape{
    appearance Appearance {
        material  Material 	{
            diffuseColor 0.6666666666666666 0.6666666666666666 0.6666666666666666
            specularColor 0.4666666666666667 0.4666666666666667 0.4666666666666667
            ambientIntensity 0.6667
            transparency 0.0
            shininess 0.5
        }
    }
    geometry IndexedFaceSet {
        ccw TRUE
        solid FALSE
        coord DEF co Coordinate {
            point [
                -0.7027 0.9516 0.2165, -0.7027 1.162 0.2165, -0.8208 0.9516 0.2165, -0.8208 1.162 0.2165, -0.8208 1.1344 0.1575, -0.7027 1.1344 0.1575, -0.8208 0.9516 0.1575, -0.7027 0.9516 0.1575, -0.7027 1.2941 0.0591, -0.7027 1.2666 0.0, -0.7027 1.5028 0.0591, -0.7027 1.5028 0.0, -0.8208 1.2666 0.0, -0.8208 1.2941 0.0591, -0.8208 1.5028 0.0, -0.8208 1.5028 0.0591
            ]
        }
        coordIndex [
            0,1,2,-1,2,1,3,-1,4,5,6,-1,6,5,7,-1,0,7,1,-1,1,7,5,-1,1,5,8,-1,8,5,9,-1,8,9,10,-1,10,9,11,-1,6,2,4,-1,4,2,3,-1,4,3,12,-1,12,3,13,-1,12,13,14,-1,14,13,15,-1,9,5,12,-1,12,5,4,-1,11,9,14,-1,14,9,12,-1,10,11,15,-1,15,11,14,-1,8,10,13,-1,13,10,15,-1,1,8,3,-1,3,8,13,-1,
        ]
    }
}
Shape{
    appearance Appearance {
        material  Material 	{
            diffuseColor 0.8274509803921568 0.6666666666666666 0.12941176470588237
            specularColor 0.8274509803921568 0.6666666666666666 0.12941176470588237
            ambientIntensity 0.6535
            transparency 0.0
            shininess 0.5
        }
    }
    geometry IndexedFaceSet {
        ccw TRUE
        solid FALSE
        coord DEF co Coordinate {
            point [
                -0.6633 -0.756 0.4533, -0.8601 -0.756 0.4533, -0.8601 -0.8033 0.5059, -0.6633 -0.8033 0.5059, -0.8601 -0.8616 0.5461, -0.6633 -0.8616 0.5461, -0.8601 -0.9277 0.5715, -0.6633 -0.9277 0.5715, -0.8601 -0.9978 0.5807, -0.6633 -0.9978 0.5807, -0.8601 -1.0682 0.5732, -0.6633 -1.0682 0.5732, -0.8601 -1.1349 0.5495, -0.6633 -1.1349 0.5495, -0.8601 -1.1941 0.5109, -0.6633 -1.1941 0.5109
            ]
        }
        coordIndex [
            0,1,2,-1,0,2,3,-1,3,2,4,-1,3,4,5,-1,5,4,6,-1,5,6,7,-1,7,6,8,-1,7,8,9,-1,9,8,10,-1,9,10,11,-1,11,10,12,-1,11,12,13,-1,13,12,14,-1,13,14,15,-1,
        ]
    }
}
Shape{
    appearance Appearance {
        material  Material 	{
            diffuseColor 0.6666666666666666 0.6666666666666666 0.6666666666666666
            specularColor 0.4666666666666667 0.4666666666666667 0.4666666666666667
            ambientIntensity 0.6667
            transparency 0.0
            shininess 0.5
        }
    }
    geometry IndexedFaceSet {
        ccw TRUE
        solid FALSE
        coord DEF co Coordinate {
            point [
                -0.6633 -1.1563 0.4655, -0.6633 -1.1941 0.5109, -0.8601 -1.1563 0.4655, -0.8601 -1.1941 0.5109
            ]
        }
        coordIndex [
            0,1,2,-1,2,1,3,-1,
        ]
    }
}
Shape{
    appearance Appearance {
        material  Material 	{
            diffuseColor 0.8274509803921568 0.6666666666666666 0.12941176470588237
            specularColor 0.8274509803921568 0.6666666666666666 0.12941176470588237
            ambientIntensity 0.6535
            transparency 0.0
            shininess 0.5
        }
    }
    geometry IndexedFaceSet {
        ccw TRUE
        solid FALSE
        coord DEF co Coordinate {
            point [
                -0.6633 -1.1563 0.4655, -0.8601 -1.1563 0.4655, -0.6633 -1.1061 0.4978, -0.8601 -1.1061 0.4978, -0.6633 -1.0495 0.5168, -0.8601 -1.0495 0.5168, -0.6633 -0.9901 0.5214, -0.8601 -0.9901 0.5214, -0.6633 -0.9313 0.5112, -0.8601 -0.9313 0.5112, -0.6633 -0.8768 0.4869, -0.8601 -0.8768 0.4869, -0.6633 -0.8299 0.4499, -0.8601 -0.8299 0.4499, -0.6633 -0.7936 0.4026, -0.8601 -0.7936 0.4026
            ]
        }
        coordIndex [
            0,1,2,-1,2,1,3,-1,2,3,4,-1,4,3,5,-1,4,5,6,-1,6,5,7,-1,6,7,8,-1,8,7,9,-1,8,9,10,-1,10,9,11,-1,10,11,12,-1,12,11,13,-1,12,13,14,-1,14,13,15,-1,
        ]
    }
}
Shape{
    appearance Appearance {
        material  Material 	{
            diffuseColor 0.6666666666666666 0.6666666666666666 0.6666666666666666
            specularColor 0.4666666666666667 0.4666666666666667 0.4666666666666667
            ambientIntensity 0.6667
            transparency 0.0
            shininess 0.5
        }
    }
    geometry IndexedFaceSet {
        ccw TRUE
        solid FALSE
        coord DEF co Coordinate {
            point [
                -0.6633 0.0618 0.1575, -0.6633 -0.7936 0.4026, -0.8601 0.0618 0.1575, -0.8601 -0.7936 0.4026, -0.6633 0.2823 0.1575, -0.8601 0.2823 0.1575, -0.6633 0.0701 0.2165, -0.6633 0.2823 0.2165, -0.8601 0.0701 0.2165, -0.8601 0.2823 0.2165, -0.6633 -0.756 0.4533, -0.8601 -0.756 0.4533, -0.6633 -0.8299 0.4499, -0.6633 -0.8033 0.5059, -0.6633 -0.8768 0.4869, -0.6633 -0.8616 0.5461, -0.6633 -0.9313 0.5112, -0.6633 -0.9277 0.5715, -0.6633 -0.9901 0.5214, -0.6633 -0.9978 0.5807, -0.6633 -1.0495 0.5168, -0.6633 -1.0682 0.5732, -0.6633 -1.1061 0.4978, -0.6633 -1.1349 0.5495, -0.6633 -1.1563 0.4655, -0.6633 -1.1941 0.5109, -0.8601 -1.1563 0.4655, -0.8601 -1.1941 0.5109, -0.8601 -1.1061 0.4978, -0.8601 -1.1349 0.5495, -0.8601 -1.0495 0.5168, -0.8601 -1.0682 0.5732, -0.8601 -0.9901 0.5214, -0.8601 -0.9978 0.5807, -0.8601 -0.9313 0.5112, -0.8601 -0.9277 0.5715, -0.8601 -0.8768 0.4869, -0.8601 -0.8616 0.5461, -0.8601 -0.8299 0.4499, -0.8601 -0.8033 0.5059, -0.2696 0.9516 0.2165, -0.2696 1.0045 0.2165, -0.3877 0.9516 0.2165, -0.3877 1.0045 0.2165, -0.3877 0.977 0.1575, -0.2696 0.977 0.1575, -0.3877 0.9516 0.1575, -0.2696 0.9516 0.1575, -0.2696 1.1366 0.0591, -0.2696 1.1091 0.0, -0.2696 1.3453 0.0591, -0.2696 1.3453 0.0, -0.3877 1.1091 0.0, -0.3877 1.1366 0.0591, -0.3877 1.3453 0.0, -0.3877 1.3453 0.0591, 0.1635 0.9516 0.2165, 0.1635 1.162 0.2165, 0.0454 0.9516 0.2165, 0.0454 1.162 0.2165, 0.0454 1.1344 0.1575, 0.1635 1.1344 0.1575, 0.0454 0.9516 0.1575, 0.1635 0.9516 0.1575, 0.1635 1.2941 0.0591, 0.1635 1.2666 0.0, 0.1635 1.5028 0.0591, 0.1635 1.5028 0.0, 0.0454 1.2666 0.0, 0.0454 1.2941 0.0591, 0.0454 1.5028 0.0, 0.0454 1.5028 0.0591, 0.5966 0.9516 0.2165, 0.5966 1.2407 0.2165, 0.4784 0.9516 0.2165, 0.4784 1.2407 0.2165, 0.5966 1.2132 0.1575, 0.5966 0.9516 0.1575, 0.4784 1.2132 0.1575, 0.4784 0.9516 0.1575, 0.5966 1.3453 0.0, 0.4784 1.3453 0.0, 0.5966 1.5815 0.0, 0.4784 1.5815 0.0, 0.5966 1.5815 0.0591, 0.4784 1.5815 0.0591, 0.5966 1.3729 0.0591, 0.4784 1.3729 0.0591, 1.0296 0.9516 0.2165, 1.0296 1.162 0.2165, 0.9115 0.9516 0.2165, 0.9115 1.162 0.2165, 0.9115 1.1344 0.1575, 1.0296 1.1344 0.1575, 0.9115 0.9516 0.1575, 1.0296 0.9516 0.1575, 1.0296 1.2941 0.0591, 1.0296 1.2666 0.0, 1.0296 1.5028 0.0591, 1.0296 1.5028 0.0, 0.9115 1.2666 0.0, 0.9115 1.2941 0.0591, 0.9115 1.5028 0.0, 0.9115 1.5028 0.0591, 1.4627 0.9516 0.2165, 1.4627 1.2407 0.2165, 1.3446 0.9516 0.2165, 1.3446 1.2407 0.2165, 1.4627 1.2132 0.1575, 1.4627 0.9516 0.1575, 1.3446 1.2132 0.1575, 1.3446 0.9516 0.1575, 1.4627 1.3453 0.0, 1.3446 1.3453 0.0, 1.4627 1.5815 0.0, 1.3446 1.5815 0.0, 1.4627 1.5815 0.0591, 1.3446 1.5815 0.0591, 1.4627 1.3729 0.0591, 1.3446 1.3729 0.0591, 1.8958 0.9516 0.2165, 1.8958 1.162 0.2165, 1.7777 0.9516 0.2165, 1.7777 1.162 0.2165, 1.7777 1.1344 0.1575, 1.8958 1.1344 0.1575, 1.7777 0.9516 0.1575, 1.8958 0.9516 0.1575, 1.8958 1.2941 0.0591, 1.8958 1.2666 0.0, 1.8958 1.5028 0.0591, 1.8958 1.5028 0.0, 1.7777 1.2666 0.0, 1.7777 1.2941 0.0591, 1.7777 1.5028 0.0, 1.7777 1.5028 0.0591, 2.3288 0.9516 0.2165, 2.3288 1.162 0.2165, 2.2107 0.9516 0.2165, 2.2107 1.162 0.2165, 2.2107 1.1344 0.1575, 2.3288 1.1344 0.1575, 2.2107 0.9516 0.1575, 2.3288 0.9516 0.1575, 2.3288 1.2941 0.0591, 2.3288 1.2666 0.0, 2.3288 1.5028 0.0591, 2.3288 1.5028 0.0, 2.2107 1.2666 0.0, 2.2107 1.2941 0.0591, 2.2107 1.5028 0.0, 2.2107 1.5028 0.0591
            ]
        }
        coordIndex [
            0,1,2,-1,2,1,3,-1,4,0,5,-1,5,0,2,-1,6,7,8,-1,8,7,9,-1,10,6,11,-1,11,6,8,-1,4,7,0,-1,0,7,6,-1,0,6,1,-1,1,6,10,-1,1,10,12,-1,12,10,13,-1,12,13,14,-1,14,13,15,-1,14,15,16,-1,16,15,17,-1,16,17,18,-1,18,17,19,-1,18,19,20,-1,20,19,21,-1,20,21,22,-1,22,21,23,-1,22,23,24,-1,24,23,25,-1,26,27,28,-1,28,27,29,-1,28,29,30,-1,30,29,31,-1,30,31,32,-1,32,31,33,-1,32,33,34,-1,34,33,35,-1,34,35,36,-1,36,35,37,-1,36,37,38,-1,38,37,39,-1,38,39,3,-1,3,39,11,-1,3,11,2,-1,2,11,8,-1,2,8,5,-1,5,8,9,-1,40,41,42,-1,42,41,43,-1,44,45,46,-1,46,45,47,-1,40,47,41,-1,41,47,45,-1,41,45,48,-1,48,45,49,-1,48,49,50,-1,50,49,51,-1,46,42,44,-1,44,42,43,-1,44,43,52,-1,52,43,53,-1,52,53,54,-1,54,53,55,-1,49,45,52,-1,52,45,44,-1,51,49,54,-1,54,49,52,-1,50,51,55,-1,55,51,54,-1,48,50,53,-1,53,50,55,-1,41,48,43,-1,43,48,53,-1,56,57,58,-1,58,57,59,-1,60,61,62,-1,62,61,63,-1,56,63,57,-1,57,63,61,-1,57,61,64,-1,64,61,65,-1,64,65,66,-1,66,65,67,-1,62,58,60,-1,60,58,59,-1,60,59,68,-1,68,59,69,-1,68,69,70,-1,70,69,71,-1,65,61,68,-1,68,61,60,-1,67,65,70,-1,70,65,68,-1,66,67,71,-1,71,67,70,-1,64,66,69,-1,69,66,71,-1,57,64,59,-1,59,64,69,-1,72,73,74,-1,74,73,75,-1,76,77,78,-1,78,77,79,-1,80,76,81,-1,81,76,78,-1,82,80,83,-1,83,80,81,-1,84,82,85,-1,85,82,83,-1,86,84,87,-1,87,84,85,-1,73,86,75,-1,75,86,87,-1,72,77,73,-1,73,77,76,-1,73,76,86,-1,86,76,80,-1,86,80,84,-1,84,80,82,-1,79,74,78,-1,78,74,75,-1,78,75,81,-1,81,75,87,-1,81,87,83,-1,83,87,85,-1,88,89,90,-1,90,89,91,-1,92,93,94,-1,94,93,95,-1,88,95,89,-1,89,95,93,-1,89,93,96,-1,96,93,97,-1,96,97,98,-1,98,97,99,-1,94,90,92,-1,92,90,91,-1,92,91,100,-1,100,91,101,-1,100,101,102,-1,102,101,103,-1,97,93,100,-1,100,93,92,-1,99,97,102,-1,102,97,100,-1,98,99,103,-1,103,99,102,-1,96,98,101,-1,101,98,103,-1,89,96,91,-1,91,96,101,-1,104,105,106,-1,106,105,107,-1,108,109,110,-1,110,109,111,-1,112,108,113,-1,113,108,110,-1,114,112,115,-1,115,112,113,-1,116,114,117,-1,117,114,115,-1,118,116,119,-1,119,116,117,-1,105,118,107,-1,107,118,119,-1,104,109,105,-1,105,109,108,-1,105,108,118,-1,118,108,112,-1,118,112,116,-1,116,112,114,-1,111,106,110,-1,110,106,107,-1,110,107,113,-1,113,107,119,-1,113,119,115,-1,115,119,117,-1,120,121,122,-1,122,121,123,-1,124,125,126,-1,126,125,127,-1,120,127,121,-1,121,127,125,-1,121,125,128,-1,128,125,129,-1,128,129,130,-1,130,129,131,-1,126,122,124,-1,124,122,123,-1,124,123,132,-1,132,123,133,-1,132,133,134,-1,134,133,135,-1,129,125,132,-1,132,125,124,-1,131,129,134,-1,134,129,132,-1,130,131,135,-1,135,131,134,-1,128,130,133,-1,133,130,135,-1,121,128,123,-1,123,128,133,-1,136,137,138,-1,138,137,139,-1,140,141,142,-1,142,141,143,-1,136,143,137,-1,137,143,141,-1,137,141,144,-1,144,141,145,-1,144,145,146,-1,146,145,147,-1,142,138,140,-1,140,138,139,-1,140,139,148,-1,148,139,149,-1,148,149,150,-1,150,149,151,-1,145,141,148,-1,148,141,140,-1,147,145,150,-1,150,145,148,-1,146,147,151,-1,151,147,150,-1,144,146,149,-1,149,146,151,-1,137,144,139,-1,139,144,149,-1,
        ]
    }
}
Shape{
    appearance Appearance {
        material  Material 	{
            diffuseColor 0.8274509803921568 0.6666666666666666 0.12941176470588237
            specularColor 0.8274509803921568 0.6666666666666666 0.12941176470588237
            ambientIntensity 0.6535
            transparency 0.0
            shininess 0.5
        }
    }
    geometry IndexedFaceSet {
        ccw TRUE
        solid FALSE
        coord DEF co Coordinate {
            point [
                -0.2302 -0.9135 0.4533, -0.4271 -0.9135 0.4533, -0.4271 -0.9608 0.5059, -0.2302 -0.9608 0.5059, -0.4271 -1.0191 0.5461, -0.2302 -1.0191 0.5461, -0.4271 -1.0851 0.5715, -0.2302 -1.0851 0.5715, -0.4271 -1.1553 0.5807, -0.2302 -1.1553 0.5807, -0.4271 -1.2257 0.5732, -0.2302 -1.2257 0.5732, -0.4271 -1.2923 0.5495, -0.2302 -1.2923 0.5495, -0.4271 -1.3516 0.5109, -0.2302 -1.3516 0.5109
            ]
        }
        coordIndex [
            0,1,2,-1,0,2,3,-1,3,2,4,-1,3,4,5,-1,5,4,6,-1,5,6,7,-1,7,6,8,-1,7,8,9,-1,9,8,10,-1,9,10,11,-1,11,10,12,-1,11,12,13,-1,13,12,14,-1,13,14,15,-1,
        ]
    }
}
Shape{
    appearance Appearance {
        material  Material 	{
            diffuseColor 0.6666666666666666 0.6666666666666666 0.6666666666666666
            specularColor 0.4666666666666667 0.4666666666666667 0.4666666666666667
            ambientIntensity 0.6667
            transparency 0.0
            shininess 0.5
        }
    }
    geometry IndexedFaceSet {
        ccw TRUE
        solid FALSE
        coord DEF co Coordinate {
            point [
                -0.2302 -1.3138 0.4655, -0.2302 -1.3516 0.5109, -0.4271 -1.3138 0.4655, -0.4271 -1.3516 0.5109
            ]
        }
        coordIndex [
            0,1,2,-1,2,1,3,-1,
        ]
    }
}
Shape{
    appearance Appearance {
        material  Material 	{
            diffuseColor 0.8274509803921568 0.6666666666666666 0.12941176470588237
            specularColor 0.8274509803921568 0.6666666666666666 0.12941176470588237
            ambientIntensity 0.6535
            transparency 0.0
            shininess 0.5
        }
    }
    geometry IndexedFaceSet {
        ccw TRUE
        solid FALSE
        coord DEF co Coordinate {
            point [
                -0.2302 -1.3138 0.4655, -0.4271 -1.3138 0.4655, -0.2302 -1.2636 0.4978, -0.4271 -1.2636 0.4978, -0.2302 -1.207 0.5168, -0.4271 -1.207 0.5168, -0.2302 -1.1475 0.5214, -0.4271 -1.1475 0.5214, -0.2302 -1.0888 0.5112, -0.4271 -1.0888 0.5112, -0.2302 -1.0343 0.4869, -0.4271 -1.0343 0.4869, -0.2302 -0.9874 0.4499, -0.4271 -0.9874 0.4499, -0.2302 -0.9511 0.4026, -0.4271 -0.9511 0.4026
            ]
        }
        coordIndex [
            0,1,2,-1,2,1,3,-1,2,3,4,-1,4,3,5,-1,4,5,6,-1,6,5,7,-1,6,7,8,-1,8,7,9,-1,8,9,10,-1,10,9,11,-1,10,11,12,-1,12,11,13,-1,12,13,14,-1,14,13,15,-1,
        ]
    }
}
Shape{
    appearance Appearance {
        material  Material 	{
            diffuseColor 0.6666666666666666 0.6666666666666666 0.6666666666666666
            specularColor 0.4666666666666667 0.4666666666666667 0.4666666666666667
            ambientIntensity 0.6667
            transparency 0.0
            shininess 0.5
        }
    }
    geometry IndexedFaceSet {
        ccw TRUE
        solid FALSE
        coord DEF co Coordinate {
            point [
                -0.2302 -0.0957 0.1575, -0.2302 -0.9511 0.4026, -0.4271 -0.0957 0.1575, -0.4271 -0.9511 0.4026, -0.2302 0.1249 0.1575, -0.4271 0.1249 0.1575, -0.2302 -0.0874 0.2165, -0.2302 0.1249 0.2165, -0.4271 -0.0874 0.2165, -0.4271 0.1249 0.2165, -0.2302 -0.9135 0.4533, -0.4271 -0.9135 0.4533, -0.2302 -0.9874 0.4499, -0.2302 -0.9608 0.5059, -0.2302 -1.0343 0.4869, -0.2302 -1.0191 0.5461, -0.2302 -1.0888 0.5112, -0.2302 -1.0851 0.5715, -0.2302 -1.1475 0.5214, -0.2302 -1.1553 0.5807, -0.2302 -1.207 0.5168, -0.2302 -1.2257 0.5732, -0.2302 -1.2636 0.4978, -0.2302 -1.2923 0.5495, -0.2302 -1.3138 0.4655, -0.2302 -1.3516 0.5109, -0.4271 -1.3138 0.4655, -0.4271 -1.3516 0.5109, -0.4271 -1.2636 0.4978, -0.4271 -1.2923 0.5495, -0.4271 -1.207 0.5168, -0.4271 -1.2257 0.5732, -0.4271 -1.1475 0.5214, -0.4271 -1.1553 0.5807, -0.4271 -1.0888 0.5112, -0.4271 -1.0851 0.5715, -0.4271 -1.0343 0.4869, -0.4271 -1.0191 0.5461, -0.4271 -0.9874 0.4499, -0.4271 -0.9608 0.5059
            ]
        }
        coordIndex [
            0,1,2,-1,2,1,3,-1,4,0,5,-1,5,0,2,-1,6,7,8,-1,8,7,9,-1,10,6,11,-1,11,6,8,-1,4,7,0,-1,0,7,6,-1,0,6,1,-1,1,6,10,-1,1,10,12,-1,12,10,13,-1,12,13,14,-1,14,13,15,-1,14,15,16,-1,16,15,17,-1,16,17,18,-1,18,17,19,-1,18,19,20,-1,20,19,21,-1,20,21,22,-1,22,21,23,-1,22,23,24,-1,24,23,25,-1,26,27,28,-1,28,27,29,-1,28,29,30,-1,30,29,31,-1,30,31,32,-1,32,31,33,-1,32,33,34,-1,34,33,35,-1,34,35,36,-1,36,35,37,-1,36,37,38,-1,38,37,39,-1,38,39,3,-1,3,39,11,-1,3,11,2,-1,2,11,8,-1,2,8,5,-1,5,8,9,-1,
        ]
    }
}
Shape{
    appearance Appearance {
        material  Material 	{
            diffuseColor 0.8274509803921568 0.6666666666666666 0.12941176470588237
            specularColor 0.8274509803921568 0.6666666666666666 0.12941176470588237
            ambientIntensity 0.6535
            transparency 0.0
            shininess 0.5
        }
    }
    geometry IndexedFaceSet {
        ccw TRUE
        solid FALSE
        coord DEF co Coordinate {
            point [
                0.2029 -0.756 0.4533, 0.006 -0.756 0.4533, 0.006 -0.8033 0.5059, 0.2029 -0.8033 0.5059, 0.006 -0.8616 0.5461, 0.2029 -0.8616 0.5461, 0.006 -0.9277 0.5715, 0.2029 -0.9277 0.5715, 0.006 -0.9978 0.5807, 0.2029 -0.9978 0.5807, 0.006 -1.0682 0.5732, 0.2029 -1.0682 0.5732, 0.006 -1.1349 0.5495, 0.2029 -1.1349 0.5495, 0.006 -1.1941 0.5109, 0.2029 -1.1941 0.5109
            ]
        }
        coordIndex [
            0,1,2,-1,0,2,3,-1,3,2,4,-1,3,4,5,-1,5,4,6,-1,5,6,7,-1,7,6,8,-1,7,8,9,-1,9,8,10,-1,9,10,11,-1,11,10,12,-1,11,12,13,-1,13,12,14,-1,13,14,15,-1,
        ]
    }
}
Shape{
    appearance Appearance {
        material  Material 	{
            diffuseColor 0.6666666666666666 0.6666666666666666 0.6666666666666666
            specularColor 0.4666666666666667 0.4666666666666667 0.4666666666666667
            ambientIntensity 0.6667
            transparency 0.0
            shininess 0.5
        }
    }
    geometry IndexedFaceSet {
        ccw TRUE
        solid FALSE
        coord DEF co Coordinate {
            point [
                0.2029 -1.1563 0.4655, 0.2029 -1.1941 0.5109, 0.006 -1.1563 0.4655, 0.006 -1.1941 0.5109
            ]
        }
        coordIndex [
            0,1,2,-1,2,1,3,-1,
        ]
    }
}
Shape{
    appearance Appearance {
        material  Material 	{
            diffuseColor 0.8274509803921568 0.6666666666666666 0.12941176470588237
            specularColor 0.8274509803921568 0.6666666666666666 0.12941176470588237
            ambientIntensity 0.6535
            transparency 0.0
            shininess 0.5
        }
    }
    geometry IndexedFaceSet {
        ccw TRUE
        solid FALSE
        coord DEF co Coordinate {
            point [
                0.2029 -1.1563 0.4655, 0.006 -1.1563 0.4655, 0.2029 -1.1061 0.4978, 0.006 -1.1061 0.4978, 0.2029 -1.0495 0.5168, 0.006 -1.0495 0.5168, 0.2029 -0.9901 0.5214, 0.006 -0.9901 0.5214, 0.2029 -0.9313 0.5112, 0.006 -0.9313 0.5112, 0.2029 -0.8768 0.4869, 0.006 -0.8768 0.4869, 0.2029 -0.8299 0.4499, 0.006 -0.8299 0.4499, 0.2029 -0.7936 0.4026, 0.006 -0.7936 0.4026
            ]
        }
        coordIndex [
            0,1,2,-1,2,1,3,-1,2,3,4,-1,4,3,5,-1,4,5,6,-1,6,5,7,-1,6,7,8,-1,8,7,9,-1,8,9,10,-1,10,9,11,-1,10,11,12,-1,12,11,13,-1,12,13,14,-1,14,13,15,-1,
        ]
    }
}
Shape{
    appearance Appearance {
        material  Material 	{
            diffuseColor 0.6666666666666666 0.6666666666666666 0.6666666666666666
            specularColor 0.4666666666666667 0.4666666666666667 0.4666666666666667
            ambientIntensity 0.6667
            transparency 0.0
            shininess 0.5
        }
    }
    geometry IndexedFaceSet {
        ccw TRUE
        solid FALSE
        coord DEF co Coordinate {
            point [
                0.2029 0.0618 0.1575, 0.2029 -0.7936 0.4026, 0.006 0.0618 0.1575, 0.006 -0.7936 0.4026, 0.2029 0.2823 0.1575, 0.006 0.2823 0.1575, 0.2029 0.0701 0.2165, 0.2029 0.2823 0.2165, 0.006 0.0701 0.2165, 0.006 0.2823 0.2165, 0.2029 -0.756 0.4533, 0.006 -0.756 0.4533, 0.2029 -0.8299 0.4499, 0.2029 -0.8033 0.5059, 0.2029 -0.8768 0.4869, 0.2029 -0.8616 0.5461, 0.2029 -0.9313 0.5112, 0.2029 -0.9277 0.5715, 0.2029 -0.9901 0.5214, 0.2029 -0.9978 0.5807, 0.2029 -1.0495 0.5168, 0.2029 -1.0682 0.5732, 0.2029 -1.1061 0.4978, 0.2029 -1.1349 0.5495, 0.2029 -1.1563 0.4655, 0.2029 -1.1941 0.5109, 0.006 -1.1563 0.4655, 0.006 -1.1941 0.5109, 0.006 -1.1061 0.4978, 0.006 -1.1349 0.5495, 0.006 -1.0495 0.5168, 0.006 -1.0682 0.5732, 0.006 -0.9901 0.5214, 0.006 -0.9978 0.5807, 0.006 -0.9313 0.5112, 0.006 -0.9277 0.5715, 0.006 -0.8768 0.4869, 0.006 -0.8616 0.5461, 0.006 -0.8299 0.4499, 0.006 -0.8033 0.5059
            ]
        }
        coordIndex [
            0,1,2,-1,2,1,3,-1,4,0,5,-1,5,0,2,-1,6,7,8,-1,8,7,9,-1,10,6,11,-1,11,6,8,-1,4,7,0,-1,0,7,6,-1,0,6,1,-1,1,6,10,-1,1,10,12,-1,12,10,13,-1,12,13,14,-1,14,13,15,-1,14,15,16,-1,16,15,17,-1,16,17,18,-1,18,17,19,-1,18,19,20,-1,20,19,21,-1,20,21,22,-1,22,21,23,-1,22,23,24,-1,24,23,25,-1,26,27,28,-1,28,27,29,-1,28,29,30,-1,30,29,31,-1,30,31,32,-1,32,31,33,-1,32,33,34,-1,34,33,35,-1,34,35,36,-1,36,35,37,-1,36,37,38,-1,38,37,39,-1,38,39,3,-1,3,39,11,-1,3,11,2,-1,2,11,8,-1,2,8,5,-1,5,8,9,-1,
        ]
    }
}
Shape{
    appearance Appearance {
        material  Material 	{
            diffuseColor 0.8274509803921568 0.6666666666666666 0.12941176470588237
            specularColor 0.8274509803921568 0.6666666666666666 0.12941176470588237
            ambientIntensity 0.6535
            transparency 0.0
            shininess 0.5
        }
    }
    geometry IndexedFaceSet {
        ccw TRUE
        solid FALSE
        coord DEF co Coordinate {
            point [
                0.6359 -0.6773 0.4533, 0.4391 -0.6773 0.4533, 0.4391 -0.7246 0.5059, 0.6359 -0.7246 0.5059, 0.4391 -0.7829 0.5461, 0.6359 -0.7829 0.5461, 0.4391 -0.8489 0.5715, 0.6359 -0.8489 0.5715, 0.4391 -0.9191 0.5807, 0.6359 -0.9191 0.5807, 0.4391 -0.9894 0.5732, 0.6359 -0.9894 0.5732, 0.4391 -1.0561 0.5495, 0.6359 -1.0561 0.5495, 0.4391 -1.1154 0.5109, 0.6359 -1.1154 0.5109
            ]
        }
        coordIndex [
            0,1,2,-1,0,2,3,-1,3,2,4,-1,3,4,5,-1,5,4,6,-1,5,6,7,-1,7,6,8,-1,7,8,9,-1,9,8,10,-1,9,10,11,-1,11,10,12,-1,11,12,13,-1,13,12,14,-1,13,14,15,-1,
        ]
    }
}
Shape{
    appearance Appearance {
        material  Material 	{
            diffuseColor 0.6666666666666666 0.6666666666666666 0.6666666666666666
            specularColor 0.4666666666666667 0.4666666666666667 0.4666666666666667
            ambientIntensity 0.6667
            transparency 0.0
            shininess 0.5
        }
    }
    geometry IndexedFaceSet {
        ccw TRUE
        solid FALSE
        coord DEF co Coordinate {
            point [
                0.6359 -1.0775 0.4655, 0.6359 -1.1154 0.5109, 0.4391 -1.0775 0.4655, 0.4391 -1.1154 0.5109
            ]
        }
        coordIndex [
            0,1,2,-1,2,1,3,-1,
        ]
    }
}
Shape{
    appearance Appearance {
        material  Material 	{
            diffuseColor 0.8274509803921568 0.6666666666666666 0.12941176470588237
            specularColor 0.8274509803921568 0.6666666666666666 0.12941176470588237
            ambientIntensity 0.6535
            transparency 0.0
            shininess 0.5
        }
    }
    geometry IndexedFaceSet {
        ccw TRUE
        solid FALSE
        coord DEF co Coordinate {
            point [
                0.6359 -1.0775 0.4655, 0.4391 -1.0775 0.4655, 0.6359 -1.0274 0.4978, 0.4391 -1.0274 0.4978, 0.6359 -0.9708 0.5168, 0.4391 -0.9708 0.5168, 0.6359 -0.9113 0.5214, 0.4391 -0.9113 0.5214, 0.6359 -0.8525 0.5112, 0.4391 -0.8525 0.5112, 0.6359 -0.7981 0.4869, 0.4391 -0.7981 0.4869, 0.6359 -0.7512 0.4499, 0.4391 -0.7512 0.4499, 0.6359 -0.7149 0.4026, 0.4391 -0.7149 0.4026
            ]
        }
        coordIndex [
            0,1,2,-1,2,1,3,-1,2,3,4,-1,4,3,5,-1,4,5,6,-1,6,5,7,-1,6,7,8,-1,8,7,9,-1,8,9,10,-1,10,9,11,-1,10,11,12,-1,12,11,13,-1,12,13,14,-1,14,13,15,-1,
        ]
    }
}
Shape{
    appearance Appearance {
        material  Material 	{
            diffuseColor 0.6666666666666666 0.6666666666666666 0.6666666666666666
            specularColor 0.4666666666666667 0.4666666666666667 0.4666666666666667
            ambientIntensity 0.6667
            transparency 0.0
            shininess 0.5
        }
    }
    geometry IndexedFaceSet {
        ccw TRUE
        solid FALSE
        coord DEF co Coordinate {
            point [
                0.6359 0.1405 0.1575, 0.6359 -0.7149 0.4026, 0.4391 0.1405 0.1575, 0.4391 -0.7149 0.4026, 0.6359 0.3611 0.1575, 0.4391 0.3611 0.1575, 0.6359 0.1488 0.2165, 0.6359 0.3611 0.2165, 0.4391 0.1488 0.2165, 0.4391 0.3611 0.2165, 0.6359 -0.6773 0.4533, 0.4391 -0.6773 0.4533, 0.6359 -0.7512 0.4499, 0.6359 -0.7246 0.5059, 0.6359 -0.7981 0.4869, 0.6359 -0.7829 0.5461, 0.6359 -0.8525 0.5112, 0.6359 -0.8489 0.5715, 0.6359 -0.9113 0.5214, 0.6359 -0.9191 0.5807, 0.6359 -0.9708 0.5168, 0.6359 -0.9894 0.5732, 0.6359 -1.0274 0.4978, 0.6359 -1.0561 0.5495, 0.6359 -1.0775 0.4655, 0.6359 -1.1154 0.5109, 0.4391 -1.0775 0.4655, 0.4391 -1.1154 0.5109, 0.4391 -1.0274 0.4978, 0.4391 -1.0561 0.5495, 0.4391 -0.9708 0.5168, 0.4391 -0.9894 0.5732, 0.4391 -0.9113 0.5214, 0.4391 -0.9191 0.5807, 0.4391 -0.8525 0.5112, 0.4391 -0.8489 0.5715, 0.4391 -0.7981 0.4869, 0.4391 -0.7829 0.5461, 0.4391 -0.7512 0.4499, 0.4391 -0.7246 0.5059
            ]
        }
        coordIndex [
            0,1,2,-1,2,1,3,-1,4,0,5,-1,5,0,2,-1,6,7,8,-1,8,7,9,-1,10,6,11,-1,11,6,8,-1,4,7,0,-1,0,7,6,-1,0,6,1,-1,1,6,10,-1,1,10,12,-1,12,10,13,-1,12,13,14,-1,14,13,15,-1,14,15,16,-1,16,15,17,-1,16,17,18,-1,18,17,19,-1,18,19,20,-1,20,19,21,-1,20,21,22,-1,22,21,23,-1,22,23,24,-1,24,23,25,-1,26,27,28,-1,28,27,29,-1,28,29,30,-1,30,29,31,-1,30,31,32,-1,32,31,33,-1,32,33,34,-1,34,33,35,-1,34,35,36,-1,36,35,37,-1,36,37,38,-1,38,37,39,-1,38,39,3,-1,3,39,11,-1,3,11,2,-1,2,11,8,-1,2,8,5,-1,5,8,9,-1,
        ]
    }
}
Shape{
    appearance Appearance {
        material  Material 	{
            diffuseColor 0.8274509803921568 0.6666666666666666 0.12941176470588237
            specularColor 0.8274509803921568 0.6666666666666666 0.12941176470588237
            ambientIntensity 0.6535
            transparency 0.0
            shininess 0.5
        }
    }
    geometry IndexedFaceSet {
        ccw TRUE
        solid FALSE
        coord DEF co Coordinate {
            point [
                1.069 -0.756 0.4533, 0.8721 -0.756 0.4533, 0.8721 -0.8033 0.5059, 1.069 -0.8033 0.5059, 0.8721 -0.8616 0.5461, 1.069 -0.8616 0.5461, 0.8721 -0.9277 0.5715, 1.069 -0.9277 0.5715, 0.8721 -0.9978 0.5807, 1.069 -0.9978 0.5807, 0.8721 -1.0682 0.5732, 1.069 -1.0682 0.5732, 0.8721 -1.1349 0.5495, 1.069 -1.1349 0.5495, 0.8721 -1.1941 0.5109, 1.069 -1.1941 0.5109
            ]
        }
        coordIndex [
            0,1,2,-1,0,2,3,-1,3,2,4,-1,3,4,5,-1,5,4,6,-1,5,6,7,-1,7,6,8,-1,7,8,9,-1,9,8,10,-1,9,10,11,-1,11,10,12,-1,11,12,13,-1,13,12,14,-1,13,14,15,-1,
        ]
    }
}
Shape{
    appearance Appearance {
        material  Material 	{
            diffuseColor 0.6666666666666666 0.6666666666666666 0.6666666666666666
            specularColor 0.4666666666666667 0.4666666666666667 0.4666666666666667
            ambientIntensity 0.6667
            transparency 0.0
            shininess 0.5
        }
    }
    geometry IndexedFaceSet {
        ccw TRUE
        solid FALSE
        coord DEF co Coordinate {
            point [
                1.069 -1.1563 0.4655, 1.069 -1.1941 0.5109, 0.8721 -1.1563 0.4655, 0.8721 -1.1941 0.5109
            ]
        }
        coordIndex [
            0,1,2,-1,2,1,3,-1,
        ]
    }
}
Shape{
    appearance Appearance {
        material  Material 	{
            diffuseColor 0.8274509803921568 0.6666666666666666 0.12941176470588237
            specularColor 0.8274509803921568 0.6666666666666666 0.12941176470588237
            ambientIntensity 0.6535
            transparency 0.0
            shininess 0.5
        }
    }
    geometry IndexedFaceSet {
        ccw TRUE
        solid FALSE
        coord DEF co Coordinate {
            point [
                1.069 -1.1563 0.4655, 0.8721 -1.1563 0.4655, 1.069 -1.1061 0.4978, 0.8721 -1.1061 0.4978, 1.069 -1.0495 0.5168, 0.8721 -1.0495 0.5168, 1.069 -0.9901 0.5214, 0.8721 -0.9901 0.5214, 1.069 -0.9313 0.5112, 0.8721 -0.9313 0.5112, 1.069 -0.8768 0.4869, 0.8721 -0.8768 0.4869, 1.069 -0.8299 0.4499, 0.8721 -0.8299 0.4499, 1.069 -0.7936 0.4026, 0.8721 -0.7936 0.4026
            ]
        }
        coordIndex [
            0,1,2,-1,2,1,3,-1,2,3,4,-1,4,3,5,-1,4,5,6,-1,6,5,7,-1,6,7,8,-1,8,7,9,-1,8,9,10,-1,10,9,11,-1,10,11,12,-1,12,11,13,-1,12,13,14,-1,14,13,15,-1,
        ]
    }
}
Shape{
    appearance Appearance {
        material  Material 	{
            diffuseColor 0.6666666666666666 0.6666666666666666 0.6666666666666666
            specularColor 0.4666666666666667 0.4666666666666667 0.4666666666666667
            ambientIntensity 0.6667
            transparency 0.0
            shininess 0.5
        }
    }
    geometry IndexedFaceSet {
        ccw TRUE
        solid FALSE
        coord DEF co Coordinate {
            point [
                1.069 0.0618 0.1575, 1.069 -0.7936 0.4026, 0.8721 0.0618 0.1575, 0.8721 -0.7936 0.4026, 1.069 0.2823 0.1575, 0.8721 0.2823 0.1575, 1.069 0.0701 0.2165, 1.069 0.2823 0.2165, 0.8721 0.0701 0.2165, 0.8721 0.2823 0.2165, 1.069 -0.756 0.4533, 0.8721 -0.756 0.4533, 1.069 -0.8299 0.4499, 1.069 -0.8033 0.5059, 1.069 -0.8768 0.4869, 1.069 -0.8616 0.5461, 1.069 -0.9313 0.5112, 1.069 -0.9277 0.5715, 1.069 -0.9901 0.5214, 1.069 -0.9978 0.5807, 1.069 -1.0495 0.5168, 1.069 -1.0682 0.5732, 1.069 -1.1061 0.4978, 1.069 -1.1349 0.5495, 1.069 -1.1563 0.4655, 1.069 -1.1941 0.5109, 0.8721 -1.1563 0.4655, 0.8721 -1.1941 0.5109, 0.8721 -1.1061 0.4978, 0.8721 -1.1349 0.5495, 0.8721 -1.0495 0.5168, 0.8721 -1.0682 0.5732, 0.8721 -0.9901 0.5214, 0.8721 -0.9978 0.5807, 0.8721 -0.9313 0.5112, 0.8721 -0.9277 0.5715, 0.8721 -0.8768 0.4869, 0.8721 -0.8616 0.5461, 0.8721 -0.8299 0.4499, 0.8721 -0.8033 0.5059
            ]
        }
        coordIndex [
            0,1,2,-1,2,1,3,-1,4,0,5,-1,5,0,2,-1,6,7,8,-1,8,7,9,-1,10,6,11,-1,11,6,8,-1,4,7,0,-1,0,7,6,-1,0,6,1,-1,1,6,10,-1,1,10,12,-1,12,10,13,-1,12,13,14,-1,14,13,15,-1,14,15,16,-1,16,15,17,-1,16,17,18,-1,18,17,19,-1,18,19,20,-1,20,19,21,-1,20,21,22,-1,22,21,23,-1,22,23,24,-1,24,23,25,-1,26,27,28,-1,28,27,29,-1,28,29,30,-1,30,29,31,-1,30,31,32,-1,32,31,33,-1,32,33,34,-1,34,33,35,-1,34,35,36,-1,36,35,37,-1,36,37,38,-1,38,37,39,-1,38,39,3,-1,3,39,11,-1,3,11,2,-1,2,11,8,-1,2,8,5,-1,5,8,9,-1,
        ]
    }
}
Shape{
    appearance Appearance {
        material  Material 	{
            diffuseColor 0.8274509803921568 0.6666666666666666 0.12941176470588237
            specularColor 0.8274509803921568 0.6666666666666666 0.12941176470588237
            ambientIntensity 0.6535
            transparency 0.0
            shininess 0.5
        }
    }
    geometry IndexedFaceSet {
        ccw TRUE
        solid FALSE
        coord DEF co Coordinate {
            point [
                1.5021 -0.6773 0.4533, 1.3052 -0.6773 0.4533, 1.3052 -0.7246 0.5059, 1.5021 -0.7246 0.5059, 1.3052 -0.7829 0.5461, 1.5021 -0.7829 0.5461, 1.3052 -0.8489 0.5715, 1.5021 -0.8489 0.5715, 1.3052 -0.9191 0.5807, 1.5021 -0.9191 0.5807, 1.3052 -0.9894 0.5732, 1.5021 -0.9894 0.5732, 1.3052 -1.0561 0.5495, 1.5021 -1.0561 0.5495, 1.3052 -1.1154 0.5109, 1.5021 -1.1154 0.5109
            ]
        }
        coordIndex [
            0,1,2,-1,0,2,3,-1,3,2,4,-1,3,4,5,-1,5,4,6,-1,5,6,7,-1,7,6,8,-1,7,8,9,-1,9,8,10,-1,9,10,11,-1,11,10,12,-1,11,12,13,-1,13,12,14,-1,13,14,15,-1,
        ]
    }
}
Shape{
    appearance Appearance {
        material  Material 	{
            diffuseColor 0.6666666666666666 0.6666666666666666 0.6666666666666666
            specularColor 0.4666666666666667 0.4666666666666667 0.4666666666666667
            ambientIntensity 0.6667
            transparency 0.0
            shininess 0.5
        }
    }
    geometry IndexedFaceSet {
        ccw TRUE
        solid FALSE
        coord DEF co Coordinate {
            point [
                1.5021 -1.0775 0.4655, 1.5021 -1.1154 0.5109, 1.3052 -1.0775 0.4655, 1.3052 -1.1154 0.5109
            ]
        }
        coordIndex [
            0,1,2,-1,2,1,3,-1,
        ]
    }
}
Shape{
    appearance Appearance {
        material  Material 	{
            diffuseColor 0.8274509803921568 0.6666666666666666 0.12941176470588237
            specularColor 0.8274509803921568 0.6666666666666666 0.12941176470588237
            ambientIntensity 0.6535
            transparency 0.0
            shininess 0.5
        }
    }
    geometry IndexedFaceSet {
        ccw TRUE
        solid FALSE
        coord DEF co Coordinate {
            point [
                1.5021 -1.0775 0.4655, 1.3052 -1.0775 0.4655, 1.5021 -1.0274 0.4978, 1.3052 -1.0274 0.4978, 1.5021 -0.9708 0.5168, 1.3052 -0.9708 0.5168, 1.5021 -0.9113 0.5214, 1.3052 -0.9113 0.5214, 1.5021 -0.8525 0.5112, 1.3052 -0.8525 0.5112, 1.5021 -0.7981 0.4869, 1.3052 -0.7981 0.4869, 1.5021 -0.7512 0.4499, 1.3052 -0.7512 0.4499, 1.5021 -0.7149 0.4026, 1.3052 -0.7149 0.4026
            ]
        }
        coordIndex [
            0,1,2,-1,2,1,3,-1,2,3,4,-1,4,3,5,-1,4,5,6,-1,6,5,7,-1,6,7,8,-1,8,7,9,-1,8,9,10,-1,10,9,11,-1,10,11,12,-1,12,11,13,-1,12,13,14,-1,14,13,15,-1,
        ]
    }
}
Shape{
    appearance Appearance {
        material  Material 	{
            diffuseColor 0.6666666666666666 0.6666666666666666 0.6666666666666666
            specularColor 0.4666666666666667 0.4666666666666667 0.4666666666666667
            ambientIntensity 0.6667
            transparency 0.0
            shininess 0.5
        }
    }
    geometry IndexedFaceSet {
        ccw TRUE
        solid FALSE
        coord DEF co Coordinate {
            point [
                1.5021 0.1405 0.1575, 1.5021 -0.7149 0.4026, 1.3052 0.1405 0.1575, 1.3052 -0.7149 0.4026, 1.5021 0.3611 0.1575, 1.3052 0.3611 0.1575, 1.5021 0.1488 0.2165, 1.5021 0.3611 0.2165, 1.3052 0.1488 0.2165, 1.3052 0.3611 0.2165, 1.5021 -0.6773 0.4533, 1.3052 -0.6773 0.4533, 1.5021 -0.7512 0.4499, 1.5021 -0.7246 0.5059, 1.5021 -0.7981 0.4869, 1.5021 -0.7829 0.5461, 1.5021 -0.8525 0.5112, 1.5021 -0.8489 0.5715, 1.5021 -0.9113 0.5214, 1.5021 -0.9191 0.5807, 1.5021 -0.9708 0.5168, 1.5021 -0.9894 0.5732, 1.5021 -1.0274 0.4978, 1.5021 -1.0561 0.5495, 1.5021 -1.0775 0.4655, 1.5021 -1.1154 0.5109, 1.3052 -1.0775 0.4655, 1.3052 -1.1154 0.5109, 1.3052 -1.0274 0.4978, 1.3052 -1.0561 0.5495, 1.3052 -0.9708 0.5168, 1.3052 -0.9894 0.5732, 1.3052 -0.9113 0.5214, 1.3052 -0.9191 0.5807, 1.3052 -0.8525 0.5112, 1.3052 -0.8489 0.5715, 1.3052 -0.7981 0.4869, 1.3052 -0.7829 0.5461, 1.3052 -0.7512 0.4499, 1.3052 -0.7246 0.5059
            ]
        }
        coordIndex [
            0,1,2,-1,2,1,3,-1,4,0,5,-1,5,0,2,-1,6,7,8,-1,8,7,9,-1,10,6,11,-1,11,6,8,-1,4,7,0,-1,0,7,6,-1,0,6,1,-1,1,6,10,-1,1,10,12,-1,12,10,13,-1,12,13,14,-1,14,13,15,-1,14,15,16,-1,16,15,17,-1,16,17,18,-1,18,17,19,-1,18,19,20,-1,20,19,21,-1,20,21,22,-1,22,21,23,-1,22,23,24,-1,24,23,25,-1,26,27,28,-1,28,27,29,-1,28,29,30,-1,30,29,31,-1,30,31,32,-1,32,31,33,-1,32,33,34,-1,34,33,35,-1,34,35,36,-1,36,35,37,-1,36,37,38,-1,38,37,39,-1,38,39,3,-1,3,39,11,-1,3,11,2,-1,2,11,8,-1,2,8,5,-1,5,8,9,-1,
        ]
    }
}
Shape{
    appearance Appearance {
        material  Material 	{
            diffuseColor 0.8274509803921568 0.6666666666666666 0.12941176470588237
            specularColor 0.8274509803921568 0.6666666666666666 0.12941176470588237
            ambientIntensity 0.6535
            transparency 0.0
            shininess 0.5
        }
    }
    geometry IndexedFaceSet {
        ccw TRUE
        solid FALSE
        coord DEF co Coordinate {
            point [
                1.9351 -0.756 0.4533, 1.7383 -0.756 0.4533, 1.7383 -0.8033 0.5059, 1.9351 -0.8033 0.5059, 1.7383 -0.8616 0.5461, 1.9351 -0.8616 0.5461, 1.7383 -0.9277 0.5715, 1.9351 -0.9277 0.5715, 1.7383 -0.9978 0.5807, 1.9351 -0.9978 0.5807, 1.7383 -1.0682 0.5732, 1.9351 -1.0682 0.5732, 1.7383 -1.1349 0.5495, 1.9351 -1.1349 0.5495, 1.7383 -1.1941 0.5109, 1.9351 -1.1941 0.5109
            ]
        }
        coordIndex [
            0,1,2,-1,0,2,3,-1,3,2,4,-1,3,4,5,-1,5,4,6,-1,5,6,7,-1,7,6,8,-1,7,8,9,-1,9,8,10,-1,9,10,11,-1,11,10,12,-1,11,12,13,-1,13,12,14,-1,13,14,15,-1,
        ]
    }
}
Shape{
    appearance Appearance {
        material  Material 	{
            diffuseColor 0.6666666666666666 0.6666666666666666 0.6666666666666666
            specularColor 0.4666666666666667 0.4666666666666667 0.4666666666666667
            ambientIntensity 0.6667
            transparency 0.0
            shininess 0.5
        }
    }
    geometry IndexedFaceSet {
        ccw TRUE
        solid FALSE
        coord DEF co Coordinate {
            point [
                1.9351 -1.1563 0.4655, 1.9351 -1.1941 0.5109, 1.7383 -1.1563 0.4655, 1.7383 -1.1941 0.5109
            ]
        }
        coordIndex [
            0,1,2,-1,2,1,3,-1,
        ]
    }
}
Shape{
    appearance Appearance {
        material  Material 	{
            diffuseColor 0.8274509803921568 0.6666666666666666 0.12941176470588237
            specularColor 0.8274509803921568 0.6666666666666666 0.12941176470588237
            ambientIntensity 0.6535
            transparency 0.0
            shininess 0.5
        }
    }
    geometry IndexedFaceSet {
        ccw TRUE
        solid FALSE
        coord DEF co Coordinate {
            point [
                1.9351 -1.1563 0.4655, 1.7383 -1.1563 0.4655, 1.9351 -1.1061 0.4978, 1.7383 -1.1061 0.4978, 1.9351 -1.0495 0.5168, 1.7383 -1.0495 0.5168, 1.9351 -0.9901 0.5214, 1.7383 -0.9901 0.5214, 1.9351 -0.9313 0.5112, 1.7383 -0.9313 0.5112, 1.9351 -0.8768 0.4869, 1.7383 -0.8768 0.4869, 1.9351 -0.8299 0.4499, 1.7383 -0.8299 0.4499, 1.9351 -0.7936 0.4026, 1.7383 -0.7936 0.4026
            ]
        }
        coordIndex [
            0,1,2,-1,2,1,3,-1,2,3,4,-1,4,3,5,-1,4,5,6,-1,6,5,7,-1,6,7,8,-1,8,7,9,-1,8,9,10,-1,10,9,11,-1,10,11,12,-1,12,11,13,-1,12,13,14,-1,14,13,15,-1,
        ]
    }
}
Shape{
    appearance Appearance {
        material  Material 	{
            diffuseColor 0.6666666666666666 0.6666666666666666 0.6666666666666666
            specularColor 0.4666666666666667 0.4666666666666667 0.4666666666666667
            ambientIntensity 0.6667
            transparency 0.0
            shininess 0.5
        }
    }
    geometry IndexedFaceSet {
        ccw TRUE
        solid FALSE
        coord DEF co Coordinate {
            point [
                1.9351 0.0618 0.1575, 1.9351 -0.7936 0.4026, 1.7383 0.0618 0.1575, 1.7383 -0.7936 0.4026, 1.9351 0.2823 0.1575, 1.7383 0.2823 0.1575, 1.9351 0.0701 0.2165, 1.9351 0.2823 0.2165, 1.7383 0.0701 0.2165, 1.7383 0.2823 0.2165, 1.9351 -0.756 0.4533, 1.7383 -0.756 0.4533, 1.9351 -0.8299 0.4499, 1.9351 -0.8033 0.5059, 1.9351 -0.8768 0.4869, 1.9351 -0.8616 0.5461, 1.9351 -0.9313 0.5112, 1.9351 -0.9277 0.5715, 1.9351 -0.9901 0.5214, 1.9351 -0.9978 0.5807, 1.9351 -1.0495 0.5168, 1.9351 -1.0682 0.5732, 1.9351 -1.1061 0.4978, 1.9351 -1.1349 0.5495, 1.9351 -1.1563 0.4655, 1.9351 -1.1941 0.5109, 1.7383 -1.1563 0.4655, 1.7383 -1.1941 0.5109, 1.7383 -1.1061 0.4978, 1.7383 -1.1349 0.5495, 1.7383 -1.0495 0.5168, 1.7383 -1.0682 0.5732, 1.7383 -0.9901 0.5214, 1.7383 -0.9978 0.5807, 1.7383 -0.9313 0.5112, 1.7383 -0.9277 0.5715, 1.7383 -0.8768 0.4869, 1.7383 -0.8616 0.5461, 1.7383 -0.8299 0.4499, 1.7383 -0.8033 0.5059
            ]
        }
        coordIndex [
            0,1,2,-1,2,1,3,-1,4,0,5,-1,5,0,2,-1,6,7,8,-1,8,7,9,-1,10,6,11,-1,11,6,8,-1,4,7,0,-1,0,7,6,-1,0,6,1,-1,1,6,10,-1,1,10,12,-1,12,10,13,-1,12,13,14,-1,14,13,15,-1,14,15,16,-1,16,15,17,-1,16,17,18,-1,18,17,19,-1,18,19,20,-1,20,19,21,-1,20,21,22,-1,22,21,23,-1,22,23,24,-1,24,23,25,-1,26,27,28,-1,28,27,29,-1,28,29,30,-1,30,29,31,-1,30,31,32,-1,32,31,33,-1,32,33,34,-1,34,33,35,-1,34,35,36,-1,36,35,37,-1,36,37,38,-1,38,37,39,-1,38,39,3,-1,3,39,11,-1,3,11,2,-1,2,11,8,-1,2,8,5,-1,5,8,9,-1,
        ]
    }
}
Shape{
    appearance Appearance {
        material  Material 	{
            diffuseColor 0.8274509803921568 0.6666666666666666 0.12941176470588237
            specularColor 0.8274509803921568 0.6666666666666666 0.12941176470588237
            ambientIntensity 0.6535
            transparency 0.0
            shininess 0.5
        }
    }
    geometry IndexedFaceSet {
        ccw TRUE
        solid FALSE
        coord DEF co Coordinate {
            point [
                2.3682 -0.756 0.4533, 2.1714 -0.756 0.4533, 2.1714 -0.8033 0.5059, 2.3682 -0.8033 0.5059, 2.1714 -0.8616 0.5461, 2.3682 -0.8616 0.5461, 2.1714 -0.9277 0.5715, 2.3682 -0.9277 0.5715, 2.1714 -0.9978 0.5807, 2.3682 -0.9978 0.5807, 2.1714 -1.0682 0.5732, 2.3682 -1.0682 0.5732, 2.1714 -1.1349 0.5495, 2.3682 -1.1349 0.5495, 2.1714 -1.1941 0.5109, 2.3682 -1.1941 0.5109
            ]
        }
        coordIndex [
            0,1,2,-1,0,2,3,-1,3,2,4,-1,3,4,5,-1,5,4,6,-1,5,6,7,-1,7,6,8,-1,7,8,9,-1,9,8,10,-1,9,10,11,-1,11,10,12,-1,11,12,13,-1,13,12,14,-1,13,14,15,-1,
        ]
    }
}
Shape{
    appearance Appearance {
        material  Material 	{
            diffuseColor 0.6666666666666666 0.6666666666666666 0.6666666666666666
            specularColor 0.4666666666666667 0.4666666666666667 0.4666666666666667
            ambientIntensity 0.6667
            transparency 0.0
            shininess 0.5
        }
    }
    geometry IndexedFaceSet {
        ccw TRUE
        solid FALSE
        coord DEF co Coordinate {
            point [
                2.3682 -1.1563 0.4655, 2.3682 -1.1941 0.5109, 2.1714 -1.1563 0.4655, 2.1714 -1.1941 0.5109
            ]
        }
        coordIndex [
            0,1,2,-1,2,1,3,-1,
        ]
    }
}
Shape{
    appearance Appearance {
        material  Material 	{
            diffuseColor 0.8274509803921568 0.6666666666666666 0.12941176470588237
            specularColor 0.8274509803921568 0.6666666666666666 0.12941176470588237
            ambientIntensity 0.6535
            transparency 0.0
            shininess 0.5
        }
    }
    geometry IndexedFaceSet {
        ccw TRUE
        solid FALSE
        coord DEF co Coordinate {
            point [
                2.3682 -1.1563 0.4655, 2.1714 -1.1563 0.4655, 2.3682 -1.1061 0.4978, 2.1714 -1.1061 0.4978, 2.3682 -1.0495 0.5168, 2.1714 -1.0495 0.5168, 2.3682 -0.9901 0.5214, 2.1714 -0.9901 0.5214, 2.3682 -0.9313 0.5112, 2.1714 -0.9313 0.5112, 2.3682 -0.8768 0.4869, 2.1714 -0.8768 0.4869, 2.3682 -0.8299 0.4499, 2.1714 -0.8299 0.4499, 2.3682 -0.7936 0.4026, 2.1714 -0.7936 0.4026
            ]
        }
        coordIndex [
            0,1,2,-1,2,1,3,-1,2,3,4,-1,4,3,5,-1,4,5,6,-1,6,5,7,-1,6,7,8,-1,8,7,9,-1,8,9,10,-1,10,9,11,-1,10,11,12,-1,12,11,13,-1,12,13,14,-1,14,13,15,-1,
        ]
    }
}
Shape{
    appearance Appearance {
        material  Material 	{
            diffuseColor 0.6666666666666666 0.6666666666666666 0.6666666666666666
            specularColor 0.4666666666666667 0.4666666666666667 0.4666666666666667
            ambientIntensity 0.6667
            transparency 0.0
            shininess 0.5
        }
    }
    geometry IndexedFaceSet {
        ccw TRUE
        solid FALSE
        coord DEF co Coordinate {
            point [
                2.3682 0.0618 0.1575, 2.3682 -0.7936 0.4026, 2.1714 0.0618 0.1575, 2.1714 -0.7936 0.4026, 2.3682 0.2823 0.1575, 2.1714 0.2823 0.1575, 2.3682 0.0701 0.2165, 2.3682 0.2823 0.2165, 2.1714 0.0701 0.2165, 2.1714 0.2823 0.2165, 2.3682 -0.756 0.4533, 2.1714 -0.756 0.4533, 2.3682 -0.8299 0.4499, 2.3682 -0.8033 0.5059, 2.3682 -0.8768 0.4869, 2.3682 -0.8616 0.5461, 2.3682 -0.9313 0.5112, 2.3682 -0.9277 0.5715, 2.3682 -0.9901 0.5214, 2.3682 -0.9978 0.5807, 2.3682 -1.0495 0.5168, 2.3682 -1.0682 0.5732, 2.3682 -1.1061 0.4978, 2.3682 -1.1349 0.5495, 2.3682 -1.1563 0.4655, 2.3682 -1.1941 0.5109, 2.1714 -1.1563 0.4655, 2.1714 -1.1941 0.5109, 2.1714 -1.1061 0.4978, 2.1714 -1.1349 0.5495, 2.1714 -1.0495 0.5168, 2.1714 -1.0682 0.5732, 2.1714 -0.9901 0.5214, 2.1714 -0.9978 0.5807, 2.1714 -0.9313 0.5112, 2.1714 -0.9277 0.5715, 2.1714 -0.8768 0.4869, 2.1714 -0.8616 0.5461, 2.1714 -0.8299 0.4499, 2.1714 -0.8033 0.5059
            ]
        }
        coordIndex [
            0,1,2,-1,2,1,3,-1,4,0,5,-1,5,0,2,-1,6,7,8,-1,8,7,9,-1,10,6,11,-1,11,6,8,-1,4,7,0,-1,0,7,6,-1,0,6,1,-1,1,6,10,-1,1,10,12,-1,12,10,13,-1,12,13,14,-1,14,13,15,-1,14,15,16,-1,16,15,17,-1,16,17,18,-1,18,17,19,-1,18,19,20,-1,20,19,21,-1,20,21,22,-1,22,21,23,-1,22,23,24,-1,24,23,25,-1,26,27,28,-1,28,27,29,-1,28,29,30,-1,30,29,31,-1,30,31,32,-1,32,31,33,-1,32,33,34,-1,34,33,35,-1,34,35,36,-1,36,35,37,-1,36,37,38,-1,38,37,39,-1,38,39,3,-1,3,39,11,-1,3,11,2,-1,2,11,8,-1,2,8,5,-1,5,8,9,-1,
        ]
    }
}
Shape{
    appearance Appearance {
        material  Material 	{
            diffuseColor 0.20784313725490197 0.20784313725490197 0.20784313725490197
            specularColor 0.01568627450980392 0.01568627450980392 0.01568627450980392
            ambientIntensity 0.298
            transparency 0.0
            shininess 0.5
        }
    }
    geometry IndexedFaceSet {
        ccw TRUE
        solid FALSE
        coord DEF co Coordinate {
            point [
                1.7147 -2.5129 0.0197, 1.7147 -2.4342 0.0197, 1.7147 -2.5129 0.1416, 1.7147 -2.4342 0.6772, 1.7147 -2.8279 0.1416, 1.7147 -2.8279 0.6772, 2.1871 -2.887 0.0197, 2.1871 -2.887 0.6772, 2.1871 -2.4342 0.0197, 2.1871 -2.4342 0.6772, -0.5412 -2.4342 0.6772, -0.5412 -2.887 0.6772, -0.5412 -2.4342 0.0197, -0.5412 -2.887 0.0197, -0.0688 -2.887 0.0197, -0.0688 -2.887 0.6772, -0.0688 -2.4342 0.0197, -0.0688 -2.4342 0.6772
            ]
        }
        coordIndex [
            0,1,2,-1,2,1,3,-1,2,3,4,-1,4,3,5,-1,6,7,8,-1,8,7,9,-1,10,11,12,-1,12,11,13,-1,14,15,16,-1,16,15,17,-1,
        ]
    }
}
Shape{
    appearance Appearance {
        material  Material 	{
            diffuseColor 1.0 1.0 1.0
            specularColor 0.8784313725490196 0.8784313725490196 0.8784313725490196
            ambientIntensity 1.0
            transparency 0.0
            shininess 0.5
        }
    }
    geometry IndexedFaceSet {
        ccw TRUE
        solid FALSE
        coord DEF co Coordinate {
            point [
                -0.9311 -2.254 0.0197, -0.9311 -2.254 0.0276, -0.9164 -2.2161 0.0197, -0.7775 -1.8603 0.0276, -0.7775 -1.8603 0.0197, -0.8351 -1.8603 0.0276, -0.8351 -1.8603 0.0197, -0.8749 -1.9707 0.0276, -0.8749 -1.9707 0.0197, -1.0376 -1.9707 0.0276, -1.0376 -1.9707 0.0197, -1.0752 -1.8603 0.0276, -1.0752 -1.8603 0.0197, -1.1328 -1.8603 0.0276, -1.1328 -1.8603 0.0197, -0.9982 -2.2161 0.0197, -0.9839 -2.254 0.0276, -0.9839 -2.254 0.0197, -1.0243 -2.0139 0.0276, -0.9656 -2.1784 0.0276, -0.9618 -2.192 0.0276, -0.9593 -2.206 0.0276, -0.958 -2.206 0.0276, -0.9554 -2.192 0.0276, -0.8926 -2.0139 0.0276, -0.9519 -2.1784 0.0276, -1.0243 -2.0139 0.0197, -0.8926 -2.0139 0.0197, -0.9656 -2.1784 0.0197, -0.9618 -2.192 0.0197, -0.9593 -2.206 0.0197, -0.958 -2.206 0.0197, -0.9554 -2.192 0.0197, -0.9519 -2.1784 0.0197, -1.3714 -1.8603 0.0276, -1.4785 -1.8603 0.0276, -1.3714 -1.8603 0.0197, -1.4785 -1.8603 0.0197, -1.4785 -2.2161 0.0197, -1.4785 -2.254 0.0276, -1.4785 -2.254 0.0197, -1.3674 -2.254 0.0276, -1.3674 -2.254 0.0197, -1.1616 -2.0621 0.0276, -1.1616 -2.0621 0.0197, -1.1644 -2.0991 0.0197, -1.1644 -2.0991 0.0276, -1.175 -2.1379 0.0197, -1.175 -2.1379 0.0276, -1.1933 -2.1718 0.0197, -1.1933 -2.1718 0.0276, -1.2212 -2.2026 0.0197, -1.2212 -2.2026 0.0276, -1.2216 -2.203 0.0197, -1.2216 -2.203 0.0276, -1.2412 -2.2161 0.0197, -1.2644 -2.2317 0.0276, -1.2644 -2.2317 0.0197, -1.3105 -2.2479 0.0197, -1.3105 -2.2479 0.0276, -1.3227 -1.8645 0.0197, -1.3227 -1.8645 0.0276, -1.2773 -1.878 0.0197, -1.2773 -1.878 0.0276, -1.2362 -1.9019 0.0197, -1.2362 -1.9019 0.0276, -1.2038 -1.933 0.0197, -1.2038 -1.933 0.0276, -1.1812 -1.9682 0.0197, -1.1812 -1.9682 0.0276, -1.1671 -2.0094 0.0197, -1.1671 -2.0094 0.0276, -1.2406 -2.1556 0.0276, -1.2597 -2.1759 0.0276, -1.2885 -2.1944 0.0276, -1.321 -2.2058 0.0276, -1.3676 -2.2108 0.0276, -1.4257 -2.2108 0.0276, -1.4257 -1.9035 0.0276, -1.3698 -1.9035 0.0276, -1.3282 -1.9073 0.0276, -1.2951 -1.9177 0.0276, -1.2682 -1.9336 0.0276, -1.2462 -1.9554 0.0276, -1.2296 -1.9826 0.0276, -1.218 -2.0196 0.0276, -1.2144 -2.0609 0.0276, -1.2177 -2.1001 0.0276, -1.2269 -2.1313 0.0276, -1.3676 -2.2108 0.0197, -1.4257 -2.2108 0.0197, -1.321 -2.2058 0.0197, -1.2885 -2.1944 0.0197, -1.2597 -2.1759 0.0197, -1.2406 -2.1556 0.0197, -1.2269 -2.1313 0.0197, -1.2177 -2.1001 0.0197, -1.2144 -2.0609 0.0197, -1.218 -2.0196 0.0197, -1.2296 -1.9826 0.0197, -1.2462 -1.9554 0.0197, -1.2682 -1.9336 0.0197, -1.2951 -1.9177 0.0197, -1.3282 -1.9073 0.0197, -1.3698 -1.9035 0.0197, -1.4257 -1.9035 0.0197, -1.5553 -1.9035 0.0276, -1.5553 -1.8603 0.0276, -1.5553 -1.9035 0.0197, -1.5553 -1.8603 0.0197, -1.7665 -1.8603 0.0276, -1.7665 -1.8603 0.0197, -1.7665 -2.2161 0.0197, -1.7665 -2.254 0.0276, -1.7665 -2.254 0.0197, -1.5649 -2.254 0.0276, -1.5649 -2.254 0.0197, -1.5649 -2.2161 0.0197, -1.5649 -2.2108 0.0276, -1.5649 -2.2108 0.0197, -1.7137 -2.2108 0.0276, -1.7137 -2.2108 0.0197, -1.7137 -2.0811 0.0276, -1.7137 -2.0811 0.0197, -1.5745 -2.0811 0.0276, -1.5745 -2.0811 0.0197, -1.5745 -2.0379 0.0276, -1.5745 -2.0379 0.0197, -1.7137 -2.0379 0.0276, -1.7137 -2.0379 0.0197, -1.7137 -1.9035 0.0276, -1.7137 -1.9035 0.0197, -1.8434 -1.9239 0.0276, -1.8434 -1.8807 0.0276, -1.8434 -1.9239 0.0197, -1.8434 -1.8807 0.0197, -1.8853 -1.8634 0.0276, -1.9517 -1.8555 0.0276, -1.9517 -1.8555 0.0197, -1.9409 -1.8557 0.0197, -1.9409 -1.8557 0.0276, -1.9251 -1.8579 0.0197, -1.8853 -1.8634 0.0197, -2.1362 -2.0497 0.0276, -2.1362 -2.0497 0.0197, -2.1324 -2.0041 0.0197, -2.1324 -2.0041 0.0276, -2.1206 -1.9624 0.0197, -2.1206 -1.9624 0.0276, -2.0996 -1.925 0.0197, -2.0996 -1.925 0.0276, -2.07 -1.8939 0.0197, -2.07 -1.8939 0.0276, -2.0384 -1.8736 0.0197, -2.0384 -1.8736 0.0276, -2.0002 -1.8605 0.0197, -2.0002 -1.8605 0.0276, -1.9748 -1.8579 0.0197, -1.936 -2.2588 0.0276, -1.936 -2.2588 0.0197, -1.9756 -2.2555 0.0197, -1.9756 -2.2555 0.0276, -2.0194 -2.2428 0.0197, -2.0194 -2.2428 0.0276, -2.0568 -2.2213 0.0197, -2.0568 -2.2213 0.0276, -2.0622 -2.2161 0.0197, -2.0924 -2.1871 0.0276, -2.0924 -2.1871 0.0197, -2.1155 -2.1503 0.0197, -2.1155 -2.1503 0.0276, -2.1306 -2.1057 0.0197, -2.1306 -2.1057 0.0276, -1.8434 -2.2432 0.0276, -1.8434 -2.2432 0.0197, -1.8889 -2.2555 0.0197, -1.8889 -2.2555 0.0276, -1.8434 -2.2161 0.0197, -1.8434 -2.1904 0.0276, -1.8434 -2.1904 0.0197, -1.9356 -2.2156 0.0276, -1.9356 -2.2156 0.0197, -1.8877 -2.2093 0.0197, -1.8877 -2.2093 0.0276, -2.0834 -2.0529 0.0276, -2.0834 -2.0529 0.0197, -2.0815 -2.0836 0.0197, -2.0815 -2.0836 0.0276, -2.071 -2.1257 0.0197, -2.071 -2.1257 0.0276, -2.0548 -2.1561 0.0197, -2.0548 -2.1561 0.0276, -2.031 -2.1823 0.0197, -2.031 -2.1823 0.0276, -2.0038 -2.2006 0.0197, -2.0038 -2.2006 0.0276, -1.9743 -2.2112 0.0197, -1.9743 -2.2112 0.0276, -1.9444 -1.8987 0.0276, -1.9444 -1.8987 0.0197, -1.9811 -1.9028 0.0197, -1.9811 -1.9028 0.0276, -2.0098 -1.9134 0.0197, -2.0098 -1.9134 0.0276, -2.034 -1.9296 0.0197, -2.034 -1.9296 0.0276, -2.0525 -1.9491 0.0197, -2.0525 -1.9491 0.0276, -2.0687 -1.9764 0.0197, -2.0687 -1.9764 0.0276, -2.0794 -2.0103 0.0197, -2.0794 -2.0103 0.0276, -1.8504 -1.92 0.0197, -1.8504 -1.92 0.0276, -1.8922 -1.9045 0.0197, -1.8922 -1.9045 0.0276, -2.1698 -1.9035 0.0276, -2.1698 -1.8603 0.0276, -2.1698 -1.9035 0.0197, -2.1698 -1.8603 0.0197, -2.3715 -1.8603 0.0276, -2.3715 -1.8603 0.0197, -2.3715 -2.2161 0.0197, -2.3715 -2.254 0.0276, -2.3715 -2.254 0.0197, -2.3187 -2.254 0.0276, -2.3187 -2.254 0.0197, -2.3187 -2.2161 0.0197, -2.3187 -1.9035 0.0276, -2.3187 -1.9035 0.0197
            ]
        }
        coordIndex [
            0,1,2,-1,2,1,3,-1,2,3,4,-1,3,5,4,-1,4,5,6,-1,5,7,6,-1,6,7,8,-1,7,9,8,-1,8,9,10,-1,9,11,10,-1,10,11,12,-1,11,13,12,-1,12,13,14,-1,14,13,15,-1,15,13,16,-1,15,16,17,-1,16,1,17,-1,17,1,0,-1,18,19,16,-1,13,11,9,-1,19,20,16,-1,16,20,21,-1,16,21,1,-1,1,21,22,-1,1,22,23,-1,16,13,18,-1,18,13,9,-1,18,9,24,-1,24,9,7,-1,23,25,1,-1,1,25,24,-1,1,24,3,-1,3,24,7,-1,3,7,5,-1,18,24,26,-1,26,24,27,-1,19,18,28,-1,28,18,26,-1,19,28,29,-1,19,29,20,-1,20,29,30,-1,20,30,21,-1,22,21,31,-1,31,21,30,-1,22,31,32,-1,22,32,23,-1,23,32,33,-1,23,33,25,-1,24,25,27,-1,27,25,33,-1,34,35,36,-1,36,35,37,-1,37,35,38,-1,38,35,39,-1,38,39,40,-1,39,41,40,-1,40,41,42,-1,43,44,45,-1,43,45,46,-1,46,45,47,-1,46,47,48,-1,48,47,49,-1,48,49,50,-1,50,49,51,-1,50,51,52,-1,52,51,53,-1,52,53,54,-1,54,53,55,-1,54,55,56,-1,55,57,56,-1,56,57,58,-1,56,58,59,-1,59,58,42,-1,59,42,41,-1,34,36,60,-1,34,60,61,-1,61,60,62,-1,61,62,63,-1,63,62,64,-1,63,64,65,-1,65,64,66,-1,65,66,67,-1,67,66,68,-1,67,68,69,-1,69,68,70,-1,69,70,71,-1,71,70,44,-1,71,44,43,-1,48,50,72,-1,72,50,52,-1,72,52,73,-1,73,52,54,-1,73,54,74,-1,74,54,56,-1,74,56,75,-1,75,56,59,-1,75,59,76,-1,76,59,41,-1,76,41,77,-1,77,41,39,-1,77,39,78,-1,78,39,35,-1,78,35,79,-1,79,35,34,-1,79,34,80,-1,80,34,61,-1,80,61,81,-1,81,61,63,-1,81,63,82,-1,82,63,65,-1,82,65,83,-1,83,65,67,-1,83,67,84,-1,84,67,69,-1,84,69,85,-1,85,69,71,-1,85,71,86,-1,86,71,43,-1,86,43,87,-1,87,43,46,-1,87,46,88,-1,88,46,48,-1,88,48,72,-1,76,77,89,-1,89,77,90,-1,76,89,91,-1,76,91,75,-1,75,91,92,-1,75,92,74,-1,74,92,93,-1,74,93,73,-1,73,93,94,-1,73,94,72,-1,72,94,95,-1,72,95,88,-1,88,95,96,-1,88,96,87,-1,87,96,97,-1,87,97,86,-1,86,97,98,-1,86,98,85,-1,85,98,99,-1,85,99,84,-1,84,99,100,-1,84,100,83,-1,83,100,101,-1,83,101,82,-1,82,101,102,-1,82,102,81,-1,81,102,103,-1,81,103,80,-1,80,103,104,-1,80,104,79,-1,78,79,105,-1,105,79,104,-1,77,78,90,-1,90,78,105,-1,106,107,108,-1,108,107,109,-1,107,110,109,-1,109,110,111,-1,111,110,112,-1,112,110,113,-1,112,113,114,-1,113,115,114,-1,114,115,116,-1,116,115,117,-1,117,115,118,-1,117,118,119,-1,118,120,119,-1,119,120,121,-1,120,122,121,-1,121,122,123,-1,122,124,123,-1,123,124,125,-1,124,126,125,-1,125,126,127,-1,126,128,127,-1,127,128,129,-1,128,130,129,-1,129,130,131,-1,130,106,131,-1,131,106,108,-1,110,107,106,-1,106,130,110,-1,110,130,128,-1,110,128,113,-1,118,115,120,-1,120,115,113,-1,120,113,122,-1,122,113,128,-1,122,128,124,-1,124,128,126,-1,132,133,134,-1,134,133,135,-1,135,133,136,-1,137,138,139,-1,137,139,140,-1,140,139,141,-1,140,141,136,-1,136,141,142,-1,136,142,135,-1,143,144,145,-1,143,145,146,-1,146,145,147,-1,146,147,148,-1,148,147,149,-1,148,149,150,-1,150,149,151,-1,150,151,152,-1,152,151,153,-1,152,153,154,-1,154,153,155,-1,154,155,156,-1,156,155,137,-1,137,155,157,-1,137,157,138,-1,158,159,160,-1,158,160,161,-1,161,160,162,-1,161,162,163,-1,163,162,164,-1,163,164,165,-1,165,164,166,-1,165,166,167,-1,166,168,167,-1,167,168,169,-1,167,169,170,-1,170,169,171,-1,170,171,172,-1,172,171,144,-1,172,144,143,-1,173,174,175,-1,173,175,176,-1,176,175,159,-1,176,159,158,-1,174,173,177,-1,177,173,178,-1,177,178,179,-1,180,181,182,-1,180,182,183,-1,183,182,179,-1,183,179,178,-1,184,185,186,-1,184,186,187,-1,187,186,188,-1,187,188,189,-1,189,188,190,-1,189,190,191,-1,191,190,192,-1,191,192,193,-1,193,192,194,-1,193,194,195,-1,195,194,196,-1,195,196,197,-1,197,196,181,-1,197,181,180,-1,198,199,200,-1,198,200,201,-1,201,200,202,-1,201,202,203,-1,203,202,204,-1,203,204,205,-1,205,204,206,-1,205,206,207,-1,207,206,208,-1,207,208,209,-1,209,208,210,-1,209,210,211,-1,211,210,185,-1,211,185,184,-1,132,134,212,-1,132,212,213,-1,213,212,214,-1,213,214,215,-1,215,214,199,-1,215,199,198,-1,201,137,198,-1,198,137,140,-1,198,140,215,-1,215,140,136,-1,215,136,213,-1,213,136,133,-1,213,133,132,-1,178,173,183,-1,183,173,176,-1,183,176,180,-1,180,176,158,-1,180,158,197,-1,197,158,161,-1,197,161,195,-1,195,161,163,-1,195,163,193,-1,193,163,165,-1,193,165,191,-1,191,165,167,-1,191,167,189,-1,189,167,170,-1,189,170,187,-1,187,170,172,-1,187,172,184,-1,184,172,143,-1,184,143,211,-1,211,143,146,-1,211,146,209,-1,209,146,148,-1,209,148,207,-1,207,148,150,-1,207,150,205,-1,205,150,152,-1,205,152,203,-1,203,152,154,-1,203,154,201,-1,201,154,156,-1,201,156,137,-1,216,217,218,-1,218,217,219,-1,217,220,219,-1,219,220,221,-1,221,220,222,-1,222,220,223,-1,222,223,224,-1,223,225,224,-1,224,225,226,-1,226,225,227,-1,227,225,228,-1,227,228,229,-1,228,216,229,-1,229,216,218,-1,225,223,228,-1,228,223,220,-1,228,220,216,-1,216,220,217,-1,
        ]
    }
}
Shape{
    appearance Appearance {
        material  Material 	{
            diffuseColor 0.20784313725490197 0.20784313725490197 0.20784313725490197
            specularColor 0.01568627450980392 0.01568627450980392 0.01568627450980392
            ambientIntensity 0.298
            transparency 0.0
            shininess 0.5
        }
    }
    geometry IndexedFaceSet {
        ccw TRUE
        solid FALSE
        coord DEF co Coordinate {
            point [
                -1.0243 -2.0139 0.0197, -0.8926 -2.0139 0.0197, -0.9656 -2.1784 0.0197, -0.9519 -2.1784 0.0197, -0.9618 -2.192 0.0197, -0.9554 -2.192 0.0197, -0.9593 -2.206 0.0197, -0.958 -2.206 0.0197, -1.4257 -2.2108 0.0197, -1.4257 -1.9035 0.0197, -1.3676 -2.2108 0.0197, -1.3698 -1.9035 0.0197, -1.3282 -1.9073 0.0197, -1.2144 -2.0609 0.0197, -1.2177 -2.1001 0.0197, -1.2269 -2.1313 0.0197, -1.321 -2.2058 0.0197, -1.2951 -1.9177 0.0197, -1.2682 -1.9336 0.0197, -1.2462 -1.9554 0.0197, -1.2296 -1.9826 0.0197, -1.218 -2.0196 0.0197, -1.2406 -2.1556 0.0197, -1.2597 -2.1759 0.0197, -1.2885 -2.1944 0.0197, 1.5021 -2.1783 0.1558, 1.5611 -2.1783 0.3228, 1.5021 -2.1783 0.0949, 1.5611 -2.1783 0.0197, 1.3052 -2.1783 0.0949, 1.2462 -2.1783 0.0197, 1.3052 -2.1783 0.1558, 1.2462 -2.1783 0.3228, 2.1871 -2.4342 0.0197, 2.1871 -2.4342 0.6772, 2.0532 -2.4342 0.0197, 1.7147 -2.4342 0.6772, 1.7147 -2.4342 0.0197, -0.0688 -2.4342 0.0197, -0.0688 -2.4342 0.6772, -0.1121 -2.4342 0.0197, -0.5412 -2.4342 0.6772, -0.5412 -2.4342 0.0197, 2.1871 -2.887 0.6772, 2.1871 -2.887 0.0197, 2.6832 -2.887 0.6772, 2.6832 -2.887 0.0197, -0.0688 -2.887 0.6772, -0.0688 -2.887 0.0197, 0.321 -2.887 0.0197, 1.0926 -2.887 0.6772, 0.754 -2.887 0.0197, 1.0926 -2.887 0.0197, -1.4704 -2.887 0.0197, -1.4704 -2.887 0.6772, -1.4704 -2.8279 0.0197, -1.4704 -2.8279 0.6772, -0.5412 -2.887 0.0197, -0.5412 -2.887 0.6772, -0.5452 -2.887 0.0197, -1.1472 -2.887 0.0197, 1.0926 -2.8279 0.6772, 1.0926 -2.8279 0.1416, 1.0926 -2.5129 0.1416, 1.0926 -2.5129 0.0197
            ]
        }
        coordIndex [
            0,1,2,-1,2,1,3,-1,2,3,4,-1,4,3,5,-1,4,5,6,-1,6,5,7,-1,8,9,10,-1,10,9,11,-1,10,11,12,-1,13,14,10,-1,10,14,15,-1,10,15,16,-1,12,17,10,-1,10,17,18,-1,10,18,19,-1,19,20,10,-1,10,20,21,-1,10,21,13,-1,22,23,15,-1,15,23,24,-1,15,24,16,-1,25,26,27,-1,27,26,28,-1,27,28,29,-1,29,28,30,-1,29,30,31,-1,31,30,32,-1,31,32,25,-1,25,32,26,-1,33,34,35,-1,35,34,36,-1,35,36,37,-1,38,39,40,-1,40,39,41,-1,40,41,42,-1,43,44,45,-1,45,44,46,-1,47,48,49,-1,47,49,50,-1,50,49,51,-1,50,51,52,-1,53,54,55,-1,55,54,56,-1,57,58,59,-1,59,58,54,-1,59,54,60,-1,60,54,53,-1,61,50,62,-1,62,50,52,-1,62,52,63,-1,63,52,64,-1,
        ]
    }
}
Shape{
    appearance Appearance {
        material  Material 	{
            diffuseColor 0.8274509803921568 0.6666666666666666 0.12941176470588237
            specularColor 0.8274509803921568 0.6666666666666666 0.12941176470588237
            ambientIntensity 0.6535
            transparency 0.0
            shininess 0.5
        }
    }
    geometry IndexedFaceSet {
        ccw TRUE
        solid FALSE
        coord DEF co Coordinate {
            point [
                1.3052 -2.6507 0.0826, 1.3052 -2.6507 0.0591, 1.5021 -2.6507 0.0826, 1.5021 -2.6507 0.0591, 1.5021 -2.887 0.0591, 1.3052 -2.887 0.0591, 1.5021 -2.887 0.0, 1.3052 -2.887 0.0, 1.5021 -2.6507 0.0, 1.3052 -2.6507 0.0, 1.3052 -2.6355 0.002, 1.5021 -2.6355 0.002, 1.3052 -2.6212 0.0079, 1.5021 -2.6212 0.0079, 1.3052 -2.609 0.0173, 1.5021 -2.609 0.0173, 1.3052 -2.5996 0.0295, 1.5021 -2.5996 0.0295, 1.3052 -2.5937 0.0438, 1.5021 -2.5937 0.0438, 1.3052 -2.5917 0.0591, 1.5021 -2.5917 0.0591, 1.5021 -2.5917 0.0826, 1.3052 -2.5917 0.0826, 1.5021 -2.6334 0.1243, 1.5021 -2.6428 0.1121, 1.5021 -2.5129 0.0826, 1.5021 -2.5129 0.1416, 1.5021 -2.5917 0.1416, 1.5021 -2.607 0.1396, 1.5021 -2.6212 0.1337, 1.5021 -2.6487 0.0979, 1.3052 -2.6334 0.1243, 1.3052 -2.6212 0.1337, 1.3052 -2.5129 0.1416, 1.3052 -2.5129 0.0826, 1.3052 -2.5917 0.1416, 1.3052 -2.607 0.1396, 1.3052 -2.6487 0.0979, 1.3052 -2.6428 0.1121, 1.5021 -1.2307 0.3946, 1.3052 -1.2307 0.3946, 1.5021 -2.1783 0.1558, 1.3052 -2.1783 0.1558, 1.3052 -2.1783 0.0949, 1.3052 -1.2163 0.3374, 1.5021 -2.1783 0.0949, 1.5021 -1.2163 0.3374, 1.5021 -1.3948 0.577, 1.5021 -1.409 0.5804, 1.5021 -1.4154 0.5217, 1.5021 -1.4235 0.5801, 1.5021 -1.2023 0.3428, 1.5021 -1.5001 0.5327, 1.5021 -1.4651 0.4851, 1.5021 -1.4503 0.5693, 1.5021 -1.4376 0.5764, 1.5021 -1.1902 0.3517, 1.5021 -1.1807 0.3633, 1.5021 -1.1744 0.3769, 1.5021 -1.1718 0.3916, 1.5021 -1.1729 0.4066, 1.5021 -1.1778 0.4208, 1.5021 -1.1861 0.4333, 1.5021 -1.1973 0.4433, 1.5021 -1.3819 0.5703, 1.3052 -1.1744 0.3769, 1.3052 -1.1807 0.3633, 1.3052 -1.4651 0.4851, 1.3052 -1.5001 0.5327, 1.3052 -1.4154 0.5217, 1.3052 -1.4503 0.5693, 1.3052 -1.1902 0.3517, 1.3052 -1.2023 0.3428, 1.3052 -1.1861 0.4333, 1.3052 -1.1778 0.4208, 1.3052 -1.4376 0.5764, 1.3052 -1.4235 0.5801, 1.3052 -1.409 0.5804, 1.3052 -1.3948 0.577, 1.3052 -1.3819 0.5703, 1.3052 -1.1973 0.4433, 1.3052 -1.1729 0.4066, 1.3052 -1.1718 0.3916
            ]
        }
        coordIndex [
            0,1,2,-1,2,1,3,-1,4,3,5,-1,5,3,1,-1,6,4,7,-1,7,4,5,-1,8,6,9,-1,9,6,7,-1,8,9,10,-1,8,10,11,-1,11,10,12,-1,11,12,13,-1,13,12,14,-1,13,14,15,-1,15,14,16,-1,15,16,17,-1,17,16,18,-1,17,18,19,-1,19,18,20,-1,19,20,21,-1,22,21,23,-1,23,21,20,-1,22,24,25,-1,26,27,22,-1,22,27,28,-1,4,6,3,-1,3,6,8,-1,3,8,11,-1,11,13,3,-1,3,13,15,-1,3,15,17,-1,28,29,22,-1,22,29,30,-1,22,30,24,-1,25,31,22,-1,22,31,2,-1,22,2,21,-1,21,2,3,-1,21,3,19,-1,19,3,17,-1,23,32,33,-1,34,35,36,-1,36,35,23,-1,36,23,37,-1,37,23,33,-1,7,5,9,-1,9,5,1,-1,9,1,10,-1,10,1,12,-1,18,16,1,-1,1,16,14,-1,1,14,12,-1,0,38,23,-1,23,38,39,-1,23,39,32,-1,0,23,1,-1,1,23,20,-1,1,20,18,-1,26,22,35,-1,35,22,23,-1,40,41,42,-1,42,41,43,-1,44,45,46,-1,46,45,47,-1,48,49,50,-1,50,49,51,-1,42,46,40,-1,40,46,47,-1,40,47,52,-1,53,54,55,-1,55,54,50,-1,55,50,56,-1,56,50,51,-1,52,57,40,-1,40,57,58,-1,40,58,59,-1,59,60,40,-1,40,60,61,-1,40,61,62,-1,62,63,40,-1,40,63,64,-1,40,64,50,-1,50,64,65,-1,50,65,48,-1,66,67,41,-1,44,43,45,-1,45,43,41,-1,68,69,70,-1,70,69,71,-1,67,72,41,-1,41,72,73,-1,41,73,45,-1,74,75,41,-1,71,76,70,-1,70,76,77,-1,70,77,78,-1,78,79,70,-1,70,79,80,-1,70,80,41,-1,41,80,81,-1,41,81,74,-1,75,82,41,-1,41,82,83,-1,41,83,66,-1,53,55,69,-1,69,55,71,-1,54,53,68,-1,68,53,69,-1,50,54,70,-1,70,54,68,-1,40,50,41,-1,41,50,70,-1,47,45,73,-1,47,73,52,-1,52,73,72,-1,52,72,57,-1,57,72,67,-1,57,67,58,-1,58,67,66,-1,58,66,59,-1,59,66,83,-1,59,83,60,-1,60,83,82,-1,60,82,61,-1,61,82,75,-1,61,75,62,-1,62,75,74,-1,62,74,63,-1,63,74,81,-1,63,81,64,-1,65,64,80,-1,80,64,81,-1,65,80,79,-1,65,79,48,-1,48,79,78,-1,48,78,49,-1,49,78,77,-1,49,77,51,-1,51,77,76,-1,51,76,56,-1,56,76,71,-1,56,71,55,-1,28,36,37,-1,28,37,29,-1,29,37,33,-1,29,33,30,-1,30,33,32,-1,30,32,24,-1,24,32,39,-1,24,39,25,-1,25,39,38,-1,25,38,31,-1,31,38,0,-1,31,0,2,-1,
        ]
    }
}
Shape{
    appearance Appearance {
        material  Material 	{
            diffuseColor 0.20784313725490197 0.20784313725490197 0.20784313725490197
            specularColor 0.01568627450980392 0.01568627450980392 0.01568627450980392
            ambientIntensity 0.298
            transparency 0.0
            shininess 0.5
        }
    }
    geometry IndexedFaceSet {
        ccw TRUE
        solid FALSE
        coord DEF co Coordinate {
            point [
                1.7147 -2.8279 0.6772, 1.0926 -2.8279 0.6772, 1.7147 -2.8279 0.1416, 1.0926 -2.8279 0.1416, 1.5021 -2.5129 0.1416, 1.7147 -2.5129 0.1416, 1.5021 -2.5917 0.1416, 1.3052 -2.5917 0.1416, 1.3052 -2.5129 0.1416, 1.0926 -2.5129 0.1416
            ]
        }
        coordIndex [
            0,1,2,-1,2,1,3,-1,4,5,6,-1,6,5,2,-1,6,2,7,-1,7,2,3,-1,7,3,8,-1,8,3,9,-1,
        ]
    }
}
Shape{
    appearance Appearance {
        material  Material 	{
            diffuseColor 0.6666666666666666 0.6666666666666666 0.6666666666666666
            specularColor 0.4666666666666667 0.4666666666666667 0.4666666666666667
            ambientIntensity 0.6667
            transparency 0.0
            shininess 0.5
        }
    }
    geometry IndexedFaceSet {
        ccw TRUE
        solid FALSE
        coord DEF co Coordinate {
            point [
                2.1281 -2.887 0.0591, 2.1281 -2.572 0.0591, 1.8131 -2.887 0.0591, 1.8131 -2.572 0.0591, 1.8131 -2.887 0.0, 2.1281 -2.887 0.0
            ]
        }
        coordIndex [
            0,1,2,-1,2,1,3,-1,4,5,2,-1,2,5,0,-1,
        ]
    }
}
Shape{
    appearance Appearance {
        material  Material 	{
            diffuseColor 0.8274509803921568 0.6666666666666666 0.12941176470588237
            specularColor 0.8274509803921568 0.6666666666666666 0.12941176470588237
            ambientIntensity 0.6535
            transparency 0.0
            shininess 0.5
        }
    }
    geometry IndexedFaceSet {
        ccw TRUE
        solid FALSE
        coord DEF co Coordinate {
            point [
                1.8131 -2.572 0.0, 2.1281 -2.572 0.0, 1.8131 -2.887 0.0, 2.1281 -2.887 0.0
            ]
        }
        coordIndex [
            0,1,2,-1,2,1,3,-1,
        ]
    }
}
Shape{
    appearance Appearance {
        material  Material 	{
            diffuseColor 0.6666666666666666 0.6666666666666666 0.6666666666666666
            specularColor 0.4666666666666667 0.4666666666666667 0.4666666666666667
            ambientIntensity 0.6667
            transparency 0.0
            shininess 0.5
        }
    }
    geometry IndexedFaceSet {
        ccw TRUE
        solid FALSE
        coord DEF co Coordinate {
            point [
                2.1281 -2.572 0.0, 1.8131 -2.572 0.0, 1.8131 -2.5414 0.004, 2.1281 -2.5414 0.004, 1.8131 -2.5129 0.0158, 2.1281 -2.5129 0.0158, 1.8131 -2.4885 0.0346, 2.1281 -2.4885 0.0346, 1.8131 -2.4697 0.0591, 2.1281 -2.4697 0.0591, 1.8131 -2.4579 0.0875, 2.1281 -2.4579 0.0875, 1.8131 -2.4539 0.1181, 2.1281 -2.4539 0.1181, 2.1281 -2.4539 0.6772, 2.0532 -2.4539 0.6772, 1.8131 -2.4539 0.6772, 2.0532 -2.4539 0.7362, 1.8131 -2.4539 0.7362, 1.8131 -2.4692 0.7342, 2.1281 -2.4692 0.7342, 2.1281 -2.4539 0.7362, 1.8131 -2.4834 0.7283, 2.1281 -2.4834 0.7283, 1.8131 -2.4956 0.7189, 2.1281 -2.4956 0.7189, 1.8131 -2.505 0.7067, 2.1281 -2.505 0.7067, 1.8131 -2.5109 0.6925, 2.1281 -2.5109 0.6925, 1.8131 -2.5129 0.6772, 2.1281 -2.5129 0.6772, 2.1281 -2.5129 0.1181, 1.8131 -2.5129 0.1181, 2.1281 -2.515 0.1028, 1.8131 -2.515 0.1028, 2.1281 -2.5209 0.0886, 1.8131 -2.5209 0.0886, 2.1281 -2.5302 0.0764, 1.8131 -2.5302 0.0764, 2.1281 -2.5425 0.067, 1.8131 -2.5425 0.067, 2.1281 -2.5567 0.0611, 1.8131 -2.5567 0.0611, 2.1281 -2.572 0.0591, 1.8131 -2.572 0.0591, -0.6239 -1.2926 0.7362, -0.6239 -1.2926 0.6772, -0.6273 -1.318 0.7362, -0.6273 -1.318 0.6772, -0.6371 -1.3418 0.7362, -0.6371 -1.3418 0.6772, -0.6527 -1.3622 0.7362, -0.6527 -1.3622 0.6772, -0.6731 -1.3778 0.7362, -0.6731 -1.3778 0.6772, -0.6969 -1.3876 0.7362, -0.6969 -1.3876 0.6772, -0.7223 -1.391 0.7362, -0.7223 -1.391 0.6772, -0.8011 -1.391 0.7362, -0.8011 -1.391 0.6772, -0.8266 -1.3876 0.7362, -0.8266 -1.3876 0.6772, -0.8503 -1.3778 0.7362, -0.8503 -1.3778 0.6772, -0.8707 -1.3622 0.7362, -0.8707 -1.3622 0.6772, -0.8863 -1.3418 0.7362, -0.8863 -1.3418 0.6772, -0.8962 -1.318 0.7362, -0.8962 -1.318 0.6772, -0.8995 -1.2926 0.7362, -0.8995 -1.2926 0.6772, -0.8995 -0.5445 0.7362, -0.8995 -0.5445 0.6772, -0.8962 -0.5191 0.7362, -0.8962 -0.5191 0.6772, -0.8863 -0.4953 0.7362, -0.8863 -0.4953 0.6772, -0.8707 -0.4749 0.7362, -0.8707 -0.4749 0.6772, -0.8503 -0.4593 0.7362, -0.8503 -0.4593 0.6772, -0.8266 -0.4495 0.7362, -0.8266 -0.4495 0.6772, -0.8011 -0.4461 0.7362, -0.8011 -0.4461 0.6772, -0.7223 -0.4461 0.6772, -0.7223 -0.4461 0.7362, -0.6969 -0.4495 0.7362, -0.6969 -0.4495 0.6772, -0.6731 -0.4593 0.7362, -0.6731 -0.4593 0.6772, -0.6527 -0.4749 0.7362, -0.6527 -0.4749 0.6772, -0.6371 -0.4953 0.7362, -0.6371 -0.4953 0.6772, -0.6273 -0.5191 0.7362, -0.6273 -0.5191 0.6772, -0.6239 -0.5445 0.7362, -0.6239 -0.5445 0.6772, -0.1908 -1.2926 0.7362, -0.1908 -1.2926 0.6772, -0.1942 -1.318 0.7362, -0.1942 -1.318 0.6772, -0.204 -1.3418 0.7362, -0.204 -1.3418 0.6772, -0.2197 -1.3622 0.7362, -0.2197 -1.3622 0.6772, -0.2401 -1.3778 0.7362, -0.2401 -1.3778 0.6772, -0.2638 -1.3876 0.7362, -0.2638 -1.3876 0.6772, -0.2893 -1.391 0.7362, -0.2893 -1.391 0.6772, -0.368 -1.391 0.7362, -0.368 -1.391 0.6772, -0.3935 -1.3876 0.7362, -0.3935 -1.3876 0.6772, -0.4172 -1.3778 0.7362, -0.4172 -1.3778 0.6772, -0.4376 -1.3622 0.7362, -0.4376 -1.3622 0.6772, -0.4532 -1.3418 0.7362, -0.4532 -1.3418 0.6772, -0.4631 -1.318 0.7362, -0.4631 -1.318 0.6772, -0.4664 -1.2926 0.7362, -0.4664 -1.2926 0.6772, -0.4664 -0.5445 0.7362, -0.4664 -0.5445 0.6772, -0.4631 -0.5191 0.7362, -0.4631 -0.5191 0.6772, -0.4532 -0.4953 0.7362, -0.4532 -0.4953 0.6772, -0.4376 -0.4749 0.7362, -0.4376 -0.4749 0.6772, -0.4172 -0.4593 0.7362, -0.4172 -0.4593 0.6772, -0.3935 -0.4495 0.7362, -0.3935 -0.4495 0.6772, -0.368 -0.4461 0.7362, -0.368 -0.4461 0.6772, -0.2893 -0.4461 0.6772, -0.2893 -0.4461 0.7362, -0.2638 -0.4495 0.7362, -0.2638 -0.4495 0.6772, -0.2401 -0.4593 0.7362, -0.2401 -0.4593 0.6772, -0.2197 -0.4749 0.7362, -0.2197 -0.4749 0.6772, -0.204 -0.4953 0.7362, -0.204 -0.4953 0.6772, -0.1942 -0.5191 0.7362, -0.1942 -0.5191 0.6772, -0.1908 -0.5445 0.7362, -0.1908 -0.5445 0.6772, 0.2422 -1.2926 0.7362, 0.2422 -1.2926 0.6772, 0.2389 -1.318 0.7362, 0.2389 -1.318 0.6772, 0.229 -1.3418 0.7362, 0.229 -1.3418 0.6772, 0.2134 -1.3622 0.7362, 0.2134 -1.3622 0.6772, 0.193 -1.3778 0.7362, 0.193 -1.3778 0.6772, 0.1693 -1.3876 0.7362, 0.1693 -1.3876 0.6772, 0.1438 -1.391 0.7362, 0.1438 -1.391 0.6772, 0.0651 -1.391 0.7362, 0.0651 -1.391 0.6772, 0.0396 -1.3876 0.7362, 0.0396 -1.3876 0.6772, 0.0158 -1.3778 0.7362, 0.0158 -1.3778 0.6772, -0.0045 -1.3622 0.7362, -0.0045 -1.3622 0.6772, -0.0202 -1.3418 0.7362, -0.0202 -1.3418 0.6772, -0.03 -1.318 0.7362, -0.03 -1.318 0.6772, -0.0334 -1.2926 0.7362, -0.0334 -1.2926 0.6772, -0.0334 -0.5445 0.7362, -0.0334 -0.5445 0.6772, -0.03 -0.5191 0.7362, -0.03 -0.5191 0.6772, -0.0202 -0.4953 0.7362, -0.0202 -0.4953 0.6772, -0.0045 -0.4749 0.7362, -0.0045 -0.4749 0.6772, 0.0158 -0.4593 0.7362, 0.0158 -0.4593 0.6772, 0.0396 -0.4495 0.7362, 0.0396 -0.4495 0.6772, 0.0651 -0.4461 0.7362, 0.0651 -0.4461 0.6772, 0.1438 -0.4461 0.6772, 0.1438 -0.4461 0.7362, 0.1693 -0.4495 0.7362, 0.1693 -0.4495 0.6772, 0.193 -0.4593 0.7362, 0.193 -0.4593 0.6772, 0.2134 -0.4749 0.7362, 0.2134 -0.4749 0.6772, 0.229 -0.4953 0.7362, 0.229 -0.4953 0.6772, 0.2389 -0.5191 0.7362, 0.2389 -0.5191 0.6772, 0.2422 -0.5445 0.7362, 0.2422 -0.5445 0.6772, 0.6753 -1.2926 0.7362, 0.6753 -1.2926 0.6772, 0.6719 -1.318 0.7362, 0.6719 -1.318 0.6772, 0.6621 -1.3418 0.7362, 0.6621 -1.3418 0.6772, 0.6465 -1.3622 0.7362, 0.6465 -1.3622 0.6772, 0.6458 -1.3627 0.7362, 0.6458 -1.3627 0.6772, 0.6261 -1.3778 0.7362, 0.6261 -1.3778 0.6772, 0.6023 -1.3876 0.7362, 0.6023 -1.3876 0.6772, 0.5769 -1.391 0.7362, 0.5769 -1.391 0.6772, 0.4981 -1.391 0.7362, 0.4981 -1.391 0.6772, 0.4727 -1.3876 0.7362, 0.4727 -1.3876 0.6772, 0.4489 -1.3778 0.7362, 0.4489 -1.3778 0.6772, 0.4285 -1.3622 0.7362, 0.4285 -1.3622 0.6772, 0.4129 -1.3418 0.7362, 0.4129 -1.3418 0.6772, 0.4031 -1.318 0.7362, 0.4031 -1.318 0.6772, 0.3997 -1.2926 0.7362, 0.3997 -1.2926 0.6772, 0.3997 -0.5445 0.7362, 0.3997 -0.5445 0.6772, 0.4031 -0.5191 0.7362, 0.4031 -0.5191 0.6772, 0.4129 -0.4953 0.7362, 0.4129 -0.4953 0.6772, 0.4285 -0.4749 0.7362, 0.4285 -0.4749 0.6772, 0.4489 -0.4593 0.7362, 0.4489 -0.4593 0.6772, 0.4727 -0.4495 0.7362, 0.4727 -0.4495 0.6772, 0.4981 -0.4461 0.7362, 0.4981 -0.4461 0.6772, 0.5769 -0.4461 0.6772, 0.5769 -0.4461 0.7362, 0.6023 -0.4495 0.7362, 0.6023 -0.4495 0.6772, 0.6261 -0.4593 0.7362, 0.6261 -0.4593 0.6772, 0.6458 -0.4744 0.7362, 0.6458 -0.4744 0.6772, 0.6465 -0.4749 0.7362, 0.6465 -0.4749 0.6772, 0.6621 -0.4953 0.7362, 0.6621 -0.4953 0.6772, 0.6719 -0.5191 0.7362, 0.6719 -0.5191 0.6772, 0.6753 -0.5445 0.7362, 0.6753 -0.5445 0.6772, 1.1084 -1.2926 0.7362, 1.1084 -1.2926 0.6772, 1.105 -1.318 0.7362, 1.105 -1.318 0.6772, 1.0952 -1.3418 0.7362, 1.0952 -1.3418 0.6772, 1.0795 -1.3622 0.7362, 1.0795 -1.3622 0.6772, 1.0592 -1.3778 0.7362, 1.0592 -1.3778 0.6772, 1.0354 -1.3876 0.7362, 1.0354 -1.3876 0.6772, 1.0099 -1.391 0.7362, 1.0099 -1.391 0.6772, 0.9312 -1.391 0.7362, 0.9312 -1.391 0.6772, 0.9057 -1.3876 0.7362, 0.9057 -1.3876 0.6772, 0.882 -1.3778 0.7362, 0.882 -1.3778 0.6772, 0.8616 -1.3622 0.7362, 0.8616 -1.3622 0.6772, 0.846 -1.3418 0.7362, 0.846 -1.3418 0.6772, 0.8361 -1.318 0.7362, 0.8361 -1.318 0.6772, 0.8328 -1.2926 0.7362, 0.8328 -1.2926 0.6772, 0.8328 -0.5445 0.7362, 0.8328 -0.5445 0.6772, 0.8361 -0.5191 0.7362, 0.8361 -0.5191 0.6772, 0.846 -0.4953 0.7362, 0.846 -0.4953 0.6772, 0.8616 -0.4749 0.7362, 0.8616 -0.4749 0.6772, 0.882 -0.4593 0.7362, 0.882 -0.4593 0.6772, 0.9057 -0.4495 0.7362, 0.9057 -0.4495 0.6772, 0.9312 -0.4461 0.7362, 0.9312 -0.4461 0.6772, 1.0099 -0.4461 0.6772, 1.0099 -0.4461 0.7362, 1.0354 -0.4495 0.7362, 1.0354 -0.4495 0.6772, 1.0592 -0.4593 0.7362, 1.0592 -0.4593 0.6772, 1.0795 -0.4749 0.7362, 1.0795 -0.4749 0.6772, 1.0952 -0.4953 0.7362, 1.0952 -0.4953 0.6772, 1.105 -0.5191 0.7362, 1.105 -0.5191 0.6772, 1.1084 -0.5445 0.7362, 1.1084 -0.5445 0.6772, 1.5414 -1.2926 0.7362, 1.5414 -1.2926 0.6772, 1.5381 -1.318 0.7362, 1.5381 -1.318 0.6772, 1.5283 -1.3418 0.7362, 1.5283 -1.3418 0.6772, 1.5126 -1.3622 0.7362, 1.5126 -1.3622 0.6772, 1.4922 -1.3778 0.7362, 1.4922 -1.3778 0.6772, 1.4685 -1.3876 0.7362, 1.4685 -1.3876 0.6772, 1.443 -1.391 0.7362, 1.443 -1.391 0.6772, 1.3643 -1.391 0.7362, 1.3643 -1.391 0.6772, 1.3388 -1.3876 0.7362, 1.3388 -1.3876 0.6772, 1.3151 -1.3778 0.7362, 1.3151 -1.3778 0.6772, 1.2947 -1.3622 0.7362, 1.2947 -1.3622 0.6772, 1.279 -1.3418 0.7362, 1.279 -1.3418 0.6772, 1.2692 -1.318 0.7362, 1.2692 -1.318 0.6772, 1.2658 -1.2926 0.7362, 1.2658 -1.2926 0.6772, 1.2658 -0.5445 0.7362, 1.2658 -0.5445 0.6772, 1.2692 -0.5191 0.7362, 1.2692 -0.5191 0.6772, 1.279 -0.4953 0.7362, 1.279 -0.4953 0.6772, 1.2947 -0.4749 0.7362, 1.2947 -0.4749 0.6772, 1.3151 -0.4593 0.7362, 1.3151 -0.4593 0.6772, 1.3388 -0.4495 0.7362, 1.3388 -0.4495 0.6772, 1.3643 -0.4461 0.7362, 1.3643 -0.4461 0.6772, 1.443 -0.4461 0.6772, 1.443 -0.4461 0.7362, 1.4685 -0.4495 0.7362, 1.4685 -0.4495 0.6772, 1.4922 -0.4593 0.7362, 1.4922 -0.4593 0.6772, 1.5126 -0.4749 0.7362, 1.5126 -0.4749 0.6772, 1.5283 -0.4953 0.7362, 1.5283 -0.4953 0.6772, 1.5381 -0.5191 0.7362, 1.5381 -0.5191 0.6772, 1.5414 -0.5445 0.7362, 1.5414 -0.5445 0.6772, -0.5412 -2.4342 0.7362, -0.5412 -2.4342 0.6772, -0.4822 -2.4342 0.7362, -0.4822 -2.4342 0.6772, 1.8131 -2.4342 0.6772, 1.8131 -2.4342 0.7362, 1.6202 -2.4342 0.6772, 1.6202 -2.4342 0.7362, 1.1871 -2.4342 0.6772, 1.1871 -2.4342 0.7362, 1.0926 -2.4342 0.6772, 1.0926 -2.4342 0.7362, -2.7696 3.117 0.0, -2.7696 3.117 0.0591, -2.5137 3.117 0.0, -2.5137 3.117 0.0591, -2.4933 3.117 0.0027, -2.5086 3.117 0.0597, -2.4743 3.117 0.0105, -2.5038 3.117 0.0617, -2.458 3.117 0.0231, -2.4998 3.117 0.0648, -2.4455 3.117 0.0394, -2.4966 3.117 0.0689, -2.4376 3.117 0.0584, -2.4947 3.117 0.0736, -2.4349 3.117 0.0787, -2.494 3.117 0.0787, -2.4349 3.117 0.6575, -2.494 3.117 0.6575, -2.4343 3.117 0.6626, -2.4913 3.117 0.6779, -2.4323 3.117 0.6673, -2.4834 3.117 0.6969, -2.4292 3.117 0.6714, -2.4709 3.117 0.7132, -2.4251 3.117 0.6745, -2.4546 3.117 0.7257, -2.4203 3.117 0.6765, -2.4356 3.117 0.7335, -2.4153 3.117 0.6772, -2.4153 3.117 0.7362, -1.8851 3.117 0.6772, -1.8851 3.117 0.7362, 2.7422 1.6012 0.0197, 2.7422 -2.887 0.0197, 2.6832 1.6012 0.0197, 2.6832 -2.887 0.0197, 2.6832 -2.887 0.6772, 2.6832 0.2724 0.6772, 2.6832 2.7233 0.0787, 2.6832 2.1918 0.0787, 2.6832 2.7233 0.6772, 2.6832 2.1918 0.2559, 2.6832 2.4083 0.6772, 2.6832 1.6012 0.2559, -2.4051 2.5645 0.6772, -2.4153 2.5658 0.6772, 0.754 -2.887 0.6772, 0.754 0.2724 0.6772, 0.6458 -2.887 0.6772, 0.321 0.2724 0.6772, 0.6458 0.2724 0.6772, 0.321 -2.887 0.6772, 1.7121 -1.3418 0.6772, 1.7277 -1.3622 0.6772, 1.9016 -1.3876 0.6772, 1.9253 -1.3778 0.6772, 1.9253 -0.4593 0.6772, 2.0532 0.2724 0.6772, 1.9457 -0.4749 0.6772, 1.9613 -0.4953 0.6772, 1.7719 -0.4495 0.6772, 1.7481 -0.4593 0.6772, 1.6202 0.2724 0.6772, 1.9745 -1.2926 0.6772, 1.9745 -0.5445 0.6772, 1.9712 -0.5191 0.6772, 1.7023 -0.5191 0.6772, 1.6989 -0.5445 0.6772, 1.6989 -1.2926 0.6772, 1.7023 -1.318 0.6772, 1.8761 -1.391 0.6772, 1.9457 -1.3622 0.6772, 1.9613 -1.3418 0.6772, 1.9712 -1.318 0.6772, 1.7277 -0.4749 0.6772, 1.7121 -0.4953 0.6772, 1.7481 -1.3778 0.6772, 1.7719 -1.3876 0.6772, 1.7973 -1.391 0.6772, 1.9016 -0.4495 0.6772, 1.8761 -0.4461 0.6772, 1.7973 -0.4461 0.6772, 2.3977 -2.887 0.6772, 2.1871 -2.887 0.6772, 2.1871 -2.4342 0.6772, 2.1281 -2.4342 0.6772, 2.4042 -0.5191 0.6772, 2.3977 -0.5034 0.6772, 2.3977 0.2724 0.6772, 2.3944 -0.4953 0.6772, 2.3788 -0.4749 0.6772, 2.1452 -1.3418 0.6772, 2.1608 -1.3622 0.6772, 2.3092 -1.391 0.6772, 2.3346 -1.3876 0.6772, 2.3584 -1.3778 0.6772, 2.3788 -1.3622 0.6772, 2.1812 -1.3778 0.6772, 2.2049 -1.3876 0.6772, 2.2304 -1.391 0.6772, 2.3584 -0.4593 0.6772, 2.3346 -0.4495 0.6772, 2.3092 -0.4461 0.6772, 2.1812 -0.4593 0.6772, 2.1608 -0.4749 0.6772, 2.1452 -0.4953 0.6772, 2.1353 -0.5191 0.6772, 2.2304 -0.4461 0.6772, 2.2049 -0.4495 0.6772, 2.132 -0.5445 0.6772, 2.132 -1.2926 0.6772, 2.1353 -1.318 0.6772, 1.8918 2.6215 0.6772, 2.0532 2.6493 0.6772, 2.0532 2.4083 0.6772, 2.3977 2.7084 0.6772, 2.3977 2.4083 0.6772, 2.4843 2.7233 0.6772, 1.6202 2.5919 0.6772, 1.6202 2.4083 0.6772, 1.2943 2.5563 0.6772, 1.1871 2.4083 0.6772, 1.1871 2.5512 0.6772, 0.754 2.4083 0.6772, 0.754 2.5307 0.6772, 0.6938 2.5278 0.6772, 0.6458 2.4083 0.6772, 0.6458 2.5285 0.6772, 0.321 2.4083 0.6772, 0.321 2.533 0.6772, 0.0927 2.5362 0.6772, -0.1121 2.4083 0.6772, -0.1121 2.5516 0.6772, -0.5067 2.5814 0.6772, -0.5452 2.4083 0.6772, -0.5452 2.5866 0.6772, -2.4153 2.4871 0.6772, -2.4051 2.4884 0.6772, -2.3956 2.4923 0.6772, -2.3874 2.4986 0.6772, -2.3759 2.5264 0.6772, -2.3772 2.5366 0.6772, -1.6917 2.7814 0.6772, -2.3812 2.5067 0.6772, -2.3772 2.5162 0.6772, -1.1023 2.6632 0.6772, -1.7343 2.8077 0.6772, -1.7221 2.7959 0.6772, -1.7077 2.787 0.6772, -2.3874 2.5543 0.6772, -1.8458 3.1064 0.6772, -1.8294 3.0939 0.6772, -2.3956 2.5605 0.6772, -1.8647 3.1143 0.6772, -1.8169 3.0776 0.6772, -1.8091 3.0586 0.6772, -2.3812 2.5461 0.6772, -1.7499 2.8377 0.6772, -1.7437 2.8219 0.6772, -2.5334 -2.887 0.6772, -2.7105 -2.887 0.6772, -2.5334 -2.7688 0.6772, -2.7105 0.2724 0.6772, -2.4546 -2.7688 0.6772, -1.5491 -2.7688 0.6772, -2.4546 -2.8279 0.6772, -1.5491 -2.8279 0.6772, -0.5452 -2.887 0.6772, -1.4704 -2.887 0.6772, -1.4704 -2.7688 0.6772, -0.5452 0.2724 0.6772, -0.1279 -2.4342 0.6772, -0.1279 -2.4539 0.6772, -0.4822 -2.4539 0.6772, -0.5412 -2.887 0.6772, -0.1121 -2.4342 0.6772, -0.1121 0.2724 0.6772, -0.0688 -2.4342 0.6772, -0.0688 -2.887 0.6772, 1.0926 -2.887 0.6772, 1.1871 0.2724 0.6772, -0.5452 1.6997 0.6772, -0.8011 1.6997 0.6772, -0.8215 1.697 0.6772, -2.7105 2.4083 0.6772, -2.7105 2.4871 0.6772, -0.8771 1.0494 0.6772, -0.8693 1.0304 0.6772, -0.8405 1.6891 0.6772, -0.8568 1.6766 0.6772, -0.8693 1.6603 0.6772, -0.8215 0.9937 0.6772, -0.8405 1.0015 0.6772, -0.8568 1.0141 0.6772, -0.8771 1.6413 0.6772, -0.8798 1.6209 0.6772, -0.8798 1.0697 0.6772, 0.5579 0.9937 0.6772, 0.5769 1.0015 0.6772, -0.1121 1.6997 0.6772, 0.321 1.6997 0.6772, 0.5375 1.6997 0.6772, 0.5579 1.697 0.6772, 0.6057 1.6603 0.6772, 0.5932 1.6766 0.6772, 0.5769 1.6891 0.6772, 0.5932 1.0141 0.6772, 0.6057 1.0304 0.6772, 0.6136 1.0494 0.6772, 0.6162 1.0697 0.6772, 0.6162 1.6209 0.6772, 0.6136 1.6413 0.6772, -0.8011 0.991 0.6772, -0.5452 0.991 0.6772, -0.1121 0.991 0.6772, 0.321 0.991 0.6772, 0.5375 0.991 0.6772, 0.8918 1.0697 0.6772, 0.8945 1.0494 0.6772, 0.9024 1.0304 0.6772, 0.9149 1.0141 0.6772, 0.9312 1.0015 0.6772, 0.9706 1.6997 0.6772, 0.9502 1.697 0.6772, 0.9312 1.6891 0.6772, 0.9149 1.6766 0.6772, 0.9024 1.6603 0.6772, 0.8945 1.6413 0.6772, 0.8918 1.6209 0.6772, 2.3295 0.9937 0.6772, 2.3485 1.0015 0.6772, 2.3648 1.0141 0.6772, 2.3773 1.0304 0.6772, 2.3852 1.6413 0.6772, 2.3773 1.6603 0.6772, 1.1871 1.6997 0.6772, 1.6202 1.6997 0.6772, 2.0532 1.6997 0.6772, 2.3092 1.6997 0.6772, 2.3295 1.697 0.6772, 2.3648 1.6766 0.6772, 2.3485 1.6891 0.6772, 2.3852 1.0494 0.6772, 2.3879 1.0697 0.6772, 2.3879 1.6209 0.6772, 0.9502 0.9937 0.6772, 0.9706 0.991 0.6772, 1.1871 0.991 0.6772, 1.6202 0.991 0.6772, 2.0532 0.991 0.6772, 2.3092 0.991 0.6772, 2.3944 -1.3418 0.6772, 2.3977 -1.3337 0.6772, 2.4042 -1.318 0.6772, 2.4076 -1.2926 0.6772, 2.4076 -0.5445 0.6772, -2.7105 -2.887 0.0197, -2.7105 2.4871 0.0197, -2.7696 2.4871 0.0197, -2.7696 -2.887 0.0197, -2.7696 -2.887 0.6575, -2.7696 2.4871 0.6575, 2.4843 2.7233 0.7362, 2.3977 2.7084 0.7362, 2.3977 2.4083 0.7362, -0.1279 -2.4342 0.7362, -0.1121 -2.4342 0.7362, -0.0688 -2.4342 0.7362, -0.0688 -2.887 0.7362, 0.321 -2.887 0.7362, 2.1871 -2.4342 0.7362, 2.1871 -2.887 0.7362, 2.3977 -2.887 0.7362, -0.8011 1.6997 0.7362, -0.5452 1.6997 0.7362, -0.5452 2.4083 0.7362, -0.1121 1.6997 0.7362, 0.754 0.2724 0.7362, 0.754 -2.887 0.7362, 0.6458 -2.887 0.7362, 0.321 0.2724 0.7362, 0.6458 0.2724 0.7362, 0.5375 1.6997 0.7362, 0.5579 1.697 0.7362, 0.6458 2.4083 0.7362, 0.5769 1.0015 0.7362, 0.5579 0.9937 0.7362, 0.321 1.6997 0.7362, 0.5769 1.6891 0.7362, 0.5932 1.6766 0.7362, 0.6057 1.6603 0.7362, 0.5375 0.991 0.7362, 0.6136 1.0494 0.7362, 0.6057 1.0304 0.7362, 0.5932 1.0141 0.7362, 0.6136 1.6413 0.7362, 0.6162 1.6209 0.7362, 0.6162 1.0697 0.7362, 0.321 2.4083 0.7362, -0.1121 2.4083 0.7362, -2.6908 0.2724 0.7362, -0.5452 0.2724 0.7362, -0.8215 0.9937 0.7362, -2.6908 2.4083 0.7362, -0.8405 1.6891 0.7362, -0.8215 1.697 0.7362, -0.8405 1.0015 0.7362, -0.8568 1.0141 0.7362, -0.8693 1.0304 0.7362, -0.8771 1.6413 0.7362, -0.8693 1.6603 0.7362, -0.8568 1.6766 0.7362, -0.8771 1.0494 0.7362, -0.8798 1.0697 0.7362, -0.8798 1.6209 0.7362, 0.321 0.991 0.7362, -0.1121 0.991 0.7362, -0.1121 0.2724 0.7362, -0.5452 0.991 0.7362, -0.8011 0.991 0.7362, 2.3773 1.6603 0.7362, 2.3648 1.6766 0.7362, 2.3485 1.6891 0.7362, 2.3852 1.0494 0.7362, 2.3773 1.0304 0.7362, 2.3977 0.2724 0.7362, 2.3648 1.0141 0.7362, 2.3485 1.0015 0.7362, 2.0532 1.6997 0.7362, 2.3092 1.6997 0.7362, 2.3295 1.697 0.7362, 2.3852 1.6413 0.7362, 2.3879 1.6209 0.7362, 2.3879 1.0697 0.7362, 0.9706 0.991 0.7362, 0.9502 0.9937 0.7362, 0.9312 1.0015 0.7362, 0.9149 1.0141 0.7362, 0.9024 1.0304 0.7362, 0.8945 1.6413 0.7362, 0.9024 1.6603 0.7362, 0.754 2.4083 0.7362, 0.9149 1.6766 0.7362, 0.9312 1.6891 0.7362, 0.9502 1.697 0.7362, 0.9706 1.6997 0.7362, 1.1871 2.4083 0.7362, 0.8945 1.0494 0.7362, 0.8918 1.0697 0.7362, 0.8918 1.6209 0.7362, 2.0532 0.2724 0.7362, 1.6202 0.991 0.7362, 1.6202 0.2724 0.7362, 1.1871 0.991 0.7362, 2.3295 0.9937 0.7362, 2.3092 0.991 0.7362, 2.0532 0.991 0.7362, 2.3977 -0.5034 0.7362, 2.4042 -0.5191 0.7362, 2.6635 0.2724 0.7362, 2.1281 -2.4342 0.7362, 2.4076 -0.5445 0.7362, 2.4076 -1.2926 0.7362, 2.6635 -2.887 0.7362, 2.4042 -1.318 0.7362, 2.3977 -1.3337 0.7362, 2.3944 -1.3418 0.7362, 2.3788 -1.3622 0.7362, 2.3584 -1.3778 0.7362, 2.3346 -1.3876 0.7362, 2.3346 -0.4495 0.7362, 2.3584 -0.4593 0.7362, 2.3788 -0.4749 0.7362, 2.3944 -0.4953 0.7362, 2.2049 -1.3876 0.7362, 2.2304 -1.391 0.7362, 2.3092 -1.391 0.7362, 2.1812 -1.3778 0.7362, 2.1608 -1.3622 0.7362, 2.1452 -1.3418 0.7362, 2.1353 -0.5191 0.7362, 2.1452 -0.4953 0.7362, 2.1608 -0.4749 0.7362, 2.1812 -0.4593 0.7362, 2.1353 -1.318 0.7362, 2.132 -1.2926 0.7362, 2.132 -0.5445 0.7362, 2.2049 -0.4495 0.7362, 2.2304 -0.4461 0.7362, 2.3092 -0.4461 0.7362, 1.1871 0.2724 0.7362, 1.0926 -2.887 0.7362, -0.5452 -2.887 0.7362, -0.5412 -2.887 0.7362, -0.4822 -2.4539 0.7362, -0.1279 -2.4539 0.7362, -2.4546 -2.7688 0.7362, -2.4546 -2.8082 0.7362, -1.5491 -2.8082 0.7362, -1.5491 -2.7688 0.7362, -2.5334 -2.7688 0.7362, -2.6908 -2.887 0.7362, -2.5334 -2.887 0.7362, -1.4704 -2.7688 0.7362, -1.4704 -2.887 0.7362, -2.3874 2.4986 0.7362, -2.3956 2.4923 0.7362, -2.4051 2.4884 0.7362, -2.4153 2.4871 0.7362, -2.6908 2.4871 0.7362, -1.7077 2.787 0.7362, -1.7221 2.7959 0.7362, -2.3772 2.5366 0.7362, -2.3759 2.5264 0.7362, -2.3772 2.5162 0.7362, -2.3812 2.5067 0.7362, -2.3874 2.5543 0.7362, -1.8647 3.1143 0.7362, -2.3956 2.5605 0.7362, -2.4051 2.5645 0.7362, -2.4153 2.5658 0.7362, -1.8169 3.0776 0.7362, -1.8294 3.0939 0.7362, -1.8458 3.1064 0.7362, -1.7343 2.8077 0.7362, -1.7437 2.8219 0.7362, -2.3812 2.5461 0.7362, -1.7499 2.8377 0.7362, -1.8091 3.0586 0.7362, -0.1121 2.5516 0.7362, -0.5067 2.5814 0.7362, -0.5452 2.5866 0.7362, -1.1023 2.6632 0.7362, -1.6917 2.7814 0.7362, 0.321 2.533 0.7362, 0.0927 2.5362 0.7362, 0.754 2.5307 0.7362, 0.6938 2.5278 0.7362, 0.6458 2.5285 0.7362, 1.2943 2.5563 0.7362, 1.6202 2.5919 0.7362, 1.6202 2.4083 0.7362, 1.8918 2.6215 0.7362, 2.0532 2.4083 0.7362, 2.0532 2.6493 0.7362, 1.1871 1.6997 0.7362, 1.6202 1.6997 0.7362, 1.9712 -0.5191 0.7362, 1.9745 -0.5445 0.7362, 1.9745 -1.2926 0.7362, 1.9712 -1.318 0.7362, 1.9613 -1.3418 0.7362, 1.9457 -1.3622 0.7362, 1.9253 -1.3778 0.7362, 1.9016 -1.3876 0.7362, 1.7481 -1.3778 0.7362, 1.7277 -1.3622 0.7362, 1.7121 -1.3418 0.7362, 1.7023 -1.318 0.7362, 1.6989 -0.5445 0.7362, 1.7023 -0.5191 0.7362, 1.9016 -0.4495 0.7362, 1.9253 -0.4593 0.7362, 1.9457 -0.4749 0.7362, 1.9613 -0.4953 0.7362, 1.8761 -1.391 0.7362, 1.7973 -1.391 0.7362, 1.7719 -1.3876 0.7362, 1.6989 -1.2926 0.7362, 1.7121 -0.4953 0.7362, 1.7277 -0.4749 0.7362, 1.7481 -0.4593 0.7362, 1.7719 -0.4495 0.7362, 1.7973 -0.4461 0.7362, 1.8761 -0.4461 0.7362, 1.1871 2.5512 0.7362, 2.6635 2.4083 0.7362, 2.6635 2.7233 0.7362, 2.7422 2.1918 0.0787, 2.7422 2.7233 0.0787, 2.7422 2.1918 0.2559, 2.7422 2.7233 0.6575, 2.7422 1.6012 0.2559, 2.7422 -2.887 0.6575, -2.7112 -2.887 0.7335, -2.7112 2.4871 0.7335, -2.7302 2.4871 0.7257, -2.7302 -2.887 0.7257, -2.7465 2.4871 0.7132, -2.7465 -2.887 0.7132, -2.759 2.4871 0.6969, -2.759 -2.887 0.6969, -2.7669 2.4871 0.6779, -2.7669 -2.887 0.6779, 2.7395 2.7233 0.6779, 2.6839 2.7233 0.7335, 2.7395 -2.887 0.6779, 2.7317 2.7233 0.6969, 2.7317 -2.887 0.6969, 2.7192 2.7233 0.7132, 2.7192 -2.887 0.7132, 2.7029 2.7233 0.7257, 2.7029 -2.887 0.7257, 2.6839 -2.887 0.7335, 2.7192 2.7233 0.0231, 2.6789 2.7233 0.0665, 2.7317 2.7233 0.0394, 2.6812 2.7233 0.0702, 2.7395 2.7233 0.0584, 2.6827 2.7233 0.0744, 2.4076 2.7233 0.0, 2.4076 2.7233 0.0591, 2.6635 2.7233 0.0, 2.6635 2.7233 0.0591, 2.6839 2.7233 0.0027, 2.6679 2.7233 0.0595, 2.7029 2.7233 0.0105, 2.672 2.7233 0.061, 2.6758 2.7233 0.0633, -2.4546 -2.8279 0.0787, -1.5491 -2.8279 0.0787, -1.5688 -2.8279 0.0446, -1.5606 -2.8279 0.0509, -1.5505 -2.8279 0.0686, -1.5544 -2.8279 0.0591, -1.5783 -2.8279 0.0407, -1.5885 -2.8279 0.0394, -2.4153 -2.8279 0.0394, -2.4533 -2.8279 0.0686, -2.4254 -2.8279 0.0407, -2.4349 -2.8279 0.0446, -2.4431 -2.8279 0.0509, -2.4494 -2.8279 0.0591, -1.5491 -2.8286 0.7335, -1.5491 -2.887 0.0787, -1.5491 -2.887 0.6575, -1.5491 -2.8843 0.6779, -1.5491 -2.8764 0.6969, -1.5491 -2.8476 0.7257, -1.5491 -2.8639 0.7132, -2.4546 -2.887 0.0787, -2.4546 -2.887 0.6575, -2.4546 -2.8639 0.7132, -2.4546 -2.8476 0.7257, -2.4546 -2.8286 0.7335, -2.4546 -2.8843 0.6779, -2.4546 -2.8764 0.6969, -2.4153 -2.887 0.0394, -1.5885 -2.887 0.0394, -1.5783 -2.887 0.0407, -1.5688 -2.887 0.0446, -1.5606 -2.887 0.0509, -1.5505 -2.887 0.0686, -1.5544 -2.887 0.0591, -2.4349 -2.887 0.0446, -2.4533 -2.887 0.0686, -2.4431 -2.887 0.0509, -2.4494 -2.887 0.0591, -2.4254 -2.887 0.0407
            ]
        }
        coordIndex [
            0,1,2,-1,0,2,3,-1,3,2,4,-1,3,4,5,-1,5,4,6,-1,5,6,7,-1,7,6,8,-1,7,8,9,-1,9,8,10,-1,9,10,11,-1,11,10,12,-1,11,12,13,-1,14,13,15,-1,15,13,12,-1,15,12,16,-1,17,18,19,-1,20,21,17,-1,17,19,20,-1,20,19,22,-1,20,22,23,-1,23,22,24,-1,23,24,25,-1,25,24,26,-1,25,26,27,-1,27,26,28,-1,27,28,29,-1,29,28,30,-1,29,30,31,-1,32,31,33,-1,33,31,30,-1,32,33,34,-1,34,33,35,-1,34,35,36,-1,36,35,37,-1,36,37,38,-1,38,37,39,-1,38,39,40,-1,40,39,41,-1,40,41,42,-1,42,41,43,-1,42,43,44,-1,44,43,45,-1,46,47,48,-1,48,47,49,-1,48,49,50,-1,50,49,51,-1,50,51,52,-1,52,51,53,-1,52,53,54,-1,54,53,55,-1,54,55,56,-1,56,55,57,-1,56,57,58,-1,58,57,59,-1,60,58,61,-1,61,58,59,-1,60,61,62,-1,62,61,63,-1,62,63,64,-1,64,63,65,-1,64,65,66,-1,66,65,67,-1,66,67,68,-1,68,67,69,-1,68,69,70,-1,70,69,71,-1,70,71,72,-1,72,71,73,-1,74,72,75,-1,75,72,73,-1,74,75,76,-1,76,75,77,-1,76,77,78,-1,78,77,79,-1,78,79,80,-1,80,79,81,-1,80,81,82,-1,82,81,83,-1,82,83,84,-1,84,83,85,-1,84,85,86,-1,86,85,87,-1,87,88,86,-1,86,88,89,-1,89,88,90,-1,90,88,91,-1,90,91,92,-1,92,91,93,-1,92,93,94,-1,94,93,95,-1,94,95,96,-1,96,95,97,-1,96,97,98,-1,98,97,99,-1,98,99,100,-1,100,99,101,-1,101,47,100,-1,100,47,46,-1,102,103,104,-1,104,103,105,-1,104,105,106,-1,106,105,107,-1,106,107,108,-1,108,107,109,-1,108,109,110,-1,110,109,111,-1,110,111,112,-1,112,111,113,-1,112,113,114,-1,114,113,115,-1,116,114,117,-1,117,114,115,-1,116,117,118,-1,118,117,119,-1,118,119,120,-1,120,119,121,-1,120,121,122,-1,122,121,123,-1,122,123,124,-1,124,123,125,-1,124,125,126,-1,126,125,127,-1,126,127,128,-1,128,127,129,-1,130,128,131,-1,131,128,129,-1,130,131,132,-1,132,131,133,-1,132,133,134,-1,134,133,135,-1,134,135,136,-1,136,135,137,-1,136,137,138,-1,138,137,139,-1,138,139,140,-1,140,139,141,-1,140,141,142,-1,142,141,143,-1,143,144,142,-1,142,144,145,-1,145,144,146,-1,146,144,147,-1,146,147,148,-1,148,147,149,-1,148,149,150,-1,150,149,151,-1,150,151,152,-1,152,151,153,-1,152,153,154,-1,154,153,155,-1,154,155,156,-1,156,155,157,-1,157,103,156,-1,156,103,102,-1,158,159,160,-1,160,159,161,-1,160,161,162,-1,162,161,163,-1,162,163,164,-1,164,163,165,-1,164,165,166,-1,166,165,167,-1,166,167,168,-1,168,167,169,-1,168,169,170,-1,170,169,171,-1,172,170,173,-1,173,170,171,-1,172,173,174,-1,174,173,175,-1,174,175,176,-1,176,175,177,-1,176,177,178,-1,178,177,179,-1,178,179,180,-1,180,179,181,-1,180,181,182,-1,182,181,183,-1,182,183,184,-1,184,183,185,-1,186,184,187,-1,187,184,185,-1,186,187,188,-1,188,187,189,-1,188,189,190,-1,190,189,191,-1,190,191,192,-1,192,191,193,-1,192,193,194,-1,194,193,195,-1,194,195,196,-1,196,195,197,-1,196,197,198,-1,198,197,199,-1,199,200,198,-1,198,200,201,-1,201,200,202,-1,202,200,203,-1,202,203,204,-1,204,203,205,-1,204,205,206,-1,206,205,207,-1,206,207,208,-1,208,207,209,-1,208,209,210,-1,210,209,211,-1,210,211,212,-1,212,211,213,-1,213,159,212,-1,212,159,158,-1,214,215,216,-1,216,215,217,-1,216,217,218,-1,218,217,219,-1,218,219,220,-1,220,219,221,-1,220,221,222,-1,222,221,223,-1,222,223,224,-1,224,223,225,-1,224,225,226,-1,226,225,227,-1,226,227,228,-1,228,227,229,-1,230,228,231,-1,231,228,229,-1,230,231,232,-1,232,231,233,-1,232,233,234,-1,234,233,235,-1,234,235,236,-1,236,235,237,-1,236,237,238,-1,238,237,239,-1,238,239,240,-1,240,239,241,-1,240,241,242,-1,242,241,243,-1,244,242,245,-1,245,242,243,-1,244,245,246,-1,246,245,247,-1,246,247,248,-1,248,247,249,-1,248,249,250,-1,250,249,251,-1,250,251,252,-1,252,251,253,-1,252,253,254,-1,254,253,255,-1,254,255,256,-1,256,255,257,-1,257,258,256,-1,256,258,259,-1,259,258,260,-1,260,258,261,-1,260,261,262,-1,262,261,263,-1,262,263,264,-1,264,263,265,-1,264,265,266,-1,266,265,267,-1,266,267,268,-1,268,267,269,-1,268,269,270,-1,270,269,271,-1,270,271,272,-1,272,271,273,-1,273,215,272,-1,272,215,214,-1,274,275,276,-1,276,275,277,-1,276,277,278,-1,278,277,279,-1,278,279,280,-1,280,279,281,-1,280,281,282,-1,282,281,283,-1,282,283,284,-1,284,283,285,-1,284,285,286,-1,286,285,287,-1,288,286,289,-1,289,286,287,-1,288,289,290,-1,290,289,291,-1,290,291,292,-1,292,291,293,-1,292,293,294,-1,294,293,295,-1,294,295,296,-1,296,295,297,-1,296,297,298,-1,298,297,299,-1,298,299,300,-1,300,299,301,-1,302,300,303,-1,303,300,301,-1,302,303,304,-1,304,303,305,-1,304,305,306,-1,306,305,307,-1,306,307,308,-1,308,307,309,-1,308,309,310,-1,310,309,311,-1,310,311,312,-1,312,311,313,-1,312,313,314,-1,314,313,315,-1,315,316,314,-1,314,316,317,-1,317,316,318,-1,318,316,319,-1,318,319,320,-1,320,319,321,-1,320,321,322,-1,322,321,323,-1,322,323,324,-1,324,323,325,-1,324,325,326,-1,326,325,327,-1,326,327,328,-1,328,327,329,-1,329,275,328,-1,328,275,274,-1,330,331,332,-1,332,331,333,-1,332,333,334,-1,334,333,335,-1,334,335,336,-1,336,335,337,-1,336,337,338,-1,338,337,339,-1,338,339,340,-1,340,339,341,-1,340,341,342,-1,342,341,343,-1,344,342,345,-1,345,342,343,-1,344,345,346,-1,346,345,347,-1,346,347,348,-1,348,347,349,-1,348,349,350,-1,350,349,351,-1,350,351,352,-1,352,351,353,-1,352,353,354,-1,354,353,355,-1,354,355,356,-1,356,355,357,-1,358,356,359,-1,359,356,357,-1,358,359,360,-1,360,359,361,-1,360,361,362,-1,362,361,363,-1,362,363,364,-1,364,363,365,-1,364,365,366,-1,366,365,367,-1,366,367,368,-1,368,367,369,-1,368,369,370,-1,370,369,371,-1,371,372,370,-1,370,372,373,-1,373,372,374,-1,374,372,375,-1,374,375,376,-1,376,375,377,-1,376,377,378,-1,378,377,379,-1,378,379,380,-1,380,379,381,-1,380,381,382,-1,382,381,383,-1,382,383,384,-1,384,383,385,-1,385,331,384,-1,384,331,330,-1,386,387,388,-1,388,387,389,-1,390,391,392,-1,392,391,393,-1,392,393,394,-1,394,393,395,-1,394,395,396,-1,396,395,397,-1,398,399,400,-1,400,399,401,-1,400,401,402,-1,402,401,403,-1,402,403,404,-1,404,403,405,-1,404,405,406,-1,406,405,407,-1,406,407,408,-1,408,407,409,-1,408,409,410,-1,410,409,411,-1,410,411,412,-1,412,411,413,-1,412,413,414,-1,414,413,415,-1,414,415,416,-1,416,415,417,-1,416,417,418,-1,418,417,419,-1,418,419,420,-1,420,419,421,-1,420,421,422,-1,422,421,423,-1,422,423,424,-1,424,423,425,-1,424,425,426,-1,426,425,427,-1,426,427,428,-1,428,427,429,-1,430,431,432,-1,432,431,433,-1,433,434,435,-1,436,437,438,-1,438,437,439,-1,438,439,440,-1,440,439,441,-1,440,441,435,-1,435,441,432,-1,435,432,433,-1,442,443,426,-1,219,217,444,-1,444,217,215,-1,444,215,445,-1,445,215,273,-1,445,273,271,-1,227,225,446,-1,446,225,223,-1,446,223,444,-1,444,223,221,-1,444,221,219,-1,255,253,447,-1,271,269,445,-1,445,269,267,-1,445,267,448,-1,448,267,265,-1,448,265,263,-1,253,251,447,-1,447,251,249,-1,447,249,247,-1,235,449,237,-1,237,449,239,-1,235,233,449,-1,449,233,231,-1,449,231,446,-1,446,231,229,-1,446,229,227,-1,263,261,448,-1,448,261,258,-1,448,258,447,-1,447,258,257,-1,447,257,255,-1,247,245,447,-1,447,245,243,-1,447,243,449,-1,449,243,241,-1,449,241,239,-1,450,451,392,-1,452,453,390,-1,454,455,456,-1,456,455,457,-1,458,459,460,-1,461,462,455,-1,455,462,463,-1,455,463,457,-1,464,465,460,-1,460,465,466,-1,460,466,392,-1,392,466,467,-1,392,467,450,-1,452,390,468,-1,453,469,390,-1,390,469,470,-1,390,470,471,-1,16,390,15,-1,15,390,471,-1,15,471,461,-1,459,472,460,-1,460,472,473,-1,460,473,464,-1,451,474,392,-1,392,474,475,-1,392,475,390,-1,390,475,476,-1,390,476,468,-1,454,477,455,-1,455,477,478,-1,455,478,460,-1,460,478,479,-1,460,479,458,-1,480,481,482,-1,461,455,15,-1,15,455,483,-1,15,483,14,-1,484,485,486,-1,486,485,487,-1,486,487,455,-1,455,487,488,-1,489,490,483,-1,491,492,482,-1,482,492,493,-1,482,493,494,-1,490,495,483,-1,483,495,496,-1,483,496,482,-1,482,496,497,-1,482,497,491,-1,488,498,455,-1,455,498,499,-1,455,499,500,-1,501,502,455,-1,455,502,503,-1,455,503,504,-1,500,505,455,-1,455,505,506,-1,455,506,501,-1,504,507,455,-1,455,507,508,-1,455,508,483,-1,483,508,509,-1,483,509,489,-1,510,511,512,-1,512,511,513,-1,512,513,514,-1,514,513,515,-1,510,512,516,-1,516,512,517,-1,516,517,518,-1,518,517,519,-1,518,519,520,-1,520,519,521,-1,520,521,522,-1,522,521,523,-1,523,521,524,-1,523,524,525,-1,525,524,526,-1,525,526,527,-1,527,526,528,-1,528,526,529,-1,528,529,530,-1,530,529,531,-1,531,529,532,-1,531,532,533,-1,534,535,532,-1,532,535,536,-1,532,536,537,-1,538,539,540,-1,537,541,532,-1,532,541,542,-1,532,542,533,-1,533,542,538,-1,533,538,543,-1,543,538,540,-1,544,545,539,-1,539,545,546,-1,539,546,540,-1,547,548,549,-1,442,426,550,-1,550,426,428,-1,550,428,547,-1,547,428,551,-1,547,551,548,-1,549,552,547,-1,547,552,553,-1,547,553,554,-1,554,553,555,-1,554,555,539,-1,539,555,556,-1,539,556,544,-1,557,558,559,-1,559,558,560,-1,559,560,561,-1,561,560,562,-1,561,562,563,-1,563,562,564,-1,565,566,567,-1,568,97,95,-1,77,560,79,-1,79,560,81,-1,47,101,568,-1,568,101,99,-1,568,99,97,-1,77,75,560,-1,560,75,73,-1,560,73,562,-1,562,73,71,-1,562,71,69,-1,61,59,567,-1,567,59,57,-1,567,57,55,-1,55,53,567,-1,567,53,51,-1,567,51,565,-1,565,51,49,-1,565,49,47,-1,95,93,568,-1,568,93,91,-1,568,91,88,-1,69,67,562,-1,562,67,65,-1,562,65,567,-1,567,65,63,-1,567,63,61,-1,88,87,568,-1,568,87,85,-1,568,85,560,-1,560,85,83,-1,560,83,81,-1,569,570,571,-1,47,568,565,-1,565,568,387,-1,565,387,572,-1,141,139,568,-1,125,123,387,-1,105,389,107,-1,107,389,109,-1,139,137,568,-1,568,137,135,-1,568,135,133,-1,133,131,568,-1,568,131,129,-1,568,129,387,-1,387,129,127,-1,387,127,125,-1,115,113,389,-1,389,113,111,-1,389,111,109,-1,571,389,569,-1,569,389,105,-1,569,105,573,-1,573,105,103,-1,573,103,574,-1,574,103,157,-1,574,157,155,-1,155,153,574,-1,574,153,151,-1,574,151,149,-1,123,121,387,-1,387,121,119,-1,387,119,389,-1,389,119,117,-1,389,117,115,-1,149,147,574,-1,574,147,144,-1,574,144,568,-1,568,144,143,-1,568,143,141,-1,197,195,574,-1,195,193,574,-1,574,193,191,-1,574,191,189,-1,573,181,179,-1,171,169,575,-1,575,169,167,-1,575,167,165,-1,449,576,575,-1,189,187,574,-1,574,187,185,-1,574,185,573,-1,573,185,183,-1,573,183,181,-1,165,163,575,-1,575,163,161,-1,575,161,449,-1,449,161,159,-1,449,159,447,-1,447,159,213,-1,447,213,211,-1,211,209,447,-1,447,209,207,-1,447,207,205,-1,179,177,573,-1,573,177,175,-1,573,175,575,-1,575,175,173,-1,575,173,171,-1,205,203,447,-1,447,203,200,-1,447,200,574,-1,574,200,199,-1,574,199,197,-1,307,305,445,-1,305,303,445,-1,445,303,301,-1,445,301,444,-1,444,301,299,-1,444,299,577,-1,293,291,394,-1,394,291,289,-1,577,299,396,-1,396,299,297,-1,396,297,394,-1,394,297,295,-1,394,295,293,-1,289,287,394,-1,394,287,285,-1,394,285,283,-1,283,281,394,-1,394,281,279,-1,394,279,277,-1,325,323,578,-1,578,323,321,-1,313,311,445,-1,445,311,309,-1,445,309,307,-1,275,329,578,-1,578,329,327,-1,578,327,325,-1,321,319,578,-1,578,319,316,-1,578,316,445,-1,445,316,315,-1,445,315,313,-1,357,355,394,-1,277,275,394,-1,394,275,578,-1,394,578,357,-1,357,578,359,-1,355,353,394,-1,394,353,351,-1,394,351,349,-1,341,339,392,-1,392,339,337,-1,392,337,335,-1,365,578,367,-1,367,578,369,-1,383,381,460,-1,460,381,379,-1,460,379,377,-1,365,363,578,-1,578,363,361,-1,578,361,359,-1,335,333,392,-1,392,333,331,-1,392,331,460,-1,460,331,385,-1,460,385,383,-1,377,375,460,-1,460,375,372,-1,460,372,578,-1,578,372,371,-1,578,371,369,-1,349,347,394,-1,394,347,345,-1,394,345,392,-1,392,345,343,-1,392,343,341,-1,532,579,580,-1,580,581,532,-1,532,581,582,-1,532,582,534,-1,534,582,583,-1,584,585,560,-1,581,586,582,-1,582,586,587,-1,582,587,588,-1,589,568,590,-1,590,568,560,-1,590,560,591,-1,591,560,585,-1,588,592,582,-1,582,592,593,-1,582,593,560,-1,560,593,594,-1,560,594,584,-1,595,596,448,-1,579,532,597,-1,597,532,529,-1,597,529,598,-1,598,529,526,-1,598,526,599,-1,599,526,524,-1,599,524,600,-1,601,602,524,-1,524,602,603,-1,524,603,600,-1,596,604,448,-1,448,604,605,-1,448,605,606,-1,607,608,524,-1,524,608,609,-1,524,609,601,-1,589,610,568,-1,568,610,611,-1,568,611,574,-1,574,611,612,-1,574,612,447,-1,447,612,613,-1,447,613,448,-1,448,613,614,-1,448,614,595,-1,615,616,445,-1,616,617,445,-1,445,617,618,-1,445,618,619,-1,620,621,521,-1,521,621,622,-1,521,622,623,-1,623,624,521,-1,521,624,625,-1,521,625,626,-1,627,628,486,-1,486,628,629,-1,486,629,630,-1,514,631,632,-1,620,521,633,-1,633,521,519,-1,633,519,634,-1,634,519,517,-1,634,517,635,-1,635,517,512,-1,635,512,636,-1,636,512,514,-1,636,514,637,-1,632,638,514,-1,514,638,639,-1,514,639,637,-1,630,640,486,-1,486,640,641,-1,486,641,514,-1,514,641,642,-1,514,642,631,-1,619,643,445,-1,445,643,644,-1,445,644,578,-1,578,644,645,-1,578,645,460,-1,460,645,646,-1,460,646,455,-1,455,646,647,-1,455,647,486,-1,486,647,648,-1,486,648,627,-1,494,649,482,-1,482,649,650,-1,482,650,480,-1,480,650,434,-1,650,651,434,-1,434,651,652,-1,434,652,435,-1,435,652,653,-1,435,653,484,-1,626,615,521,-1,521,615,445,-1,521,445,524,-1,524,445,448,-1,524,448,607,-1,607,448,606,-1,484,486,435,-1,435,486,514,-1,435,514,440,-1,440,514,515,-1,440,515,438,-1,558,654,560,-1,560,654,655,-1,560,655,582,-1,582,655,583,-1,655,654,656,-1,656,654,657,-1,657,658,656,-1,656,658,659,-1,660,661,662,-1,104,663,664,-1,665,666,667,-1,668,669,670,-1,671,672,673,-1,673,672,674,-1,264,266,675,-1,675,266,268,-1,214,216,676,-1,268,270,675,-1,675,270,272,-1,675,272,214,-1,216,218,676,-1,676,218,220,-1,676,220,677,-1,677,220,222,-1,677,222,224,-1,232,234,667,-1,667,234,236,-1,667,236,238,-1,678,246,248,-1,248,250,678,-1,678,250,252,-1,678,252,254,-1,256,259,679,-1,679,259,260,-1,679,260,262,-1,238,240,667,-1,667,240,242,-1,667,242,678,-1,678,242,244,-1,678,244,246,-1,224,226,677,-1,677,226,228,-1,677,228,667,-1,667,228,230,-1,667,230,232,-1,680,681,682,-1,679,683,684,-1,680,682,685,-1,681,686,682,-1,682,686,687,-1,682,687,688,-1,684,689,679,-1,679,689,678,-1,679,678,256,-1,256,678,254,-1,690,691,679,-1,679,691,692,-1,679,692,683,-1,688,693,682,-1,682,693,694,-1,682,694,679,-1,679,694,695,-1,679,695,690,-1,685,696,697,-1,698,699,700,-1,701,702,673,-1,673,702,703,-1,673,703,671,-1,700,704,698,-1,698,704,705,-1,698,705,706,-1,707,708,701,-1,701,708,709,-1,701,709,702,-1,706,710,698,-1,698,710,711,-1,698,711,701,-1,701,711,712,-1,701,712,707,-1,689,713,678,-1,678,713,714,-1,678,714,715,-1,715,714,716,-1,715,716,699,-1,699,716,717,-1,699,717,700,-1,718,662,719,-1,719,662,720,-1,721,722,723,-1,723,722,724,-1,723,724,725,-1,726,727,662,-1,662,727,728,-1,662,728,720,-1,718,729,662,-1,662,729,730,-1,662,730,723,-1,723,730,731,-1,723,731,721,-1,732,733,675,-1,733,734,675,-1,675,734,735,-1,675,735,736,-1,737,738,739,-1,739,738,740,-1,739,740,741,-1,741,742,739,-1,739,742,743,-1,739,743,744,-1,736,745,675,-1,675,745,746,-1,675,746,739,-1,739,746,747,-1,739,747,737,-1,748,749,750,-1,750,749,751,-1,725,752,723,-1,723,752,753,-1,723,753,748,-1,748,753,754,-1,748,754,749,-1,755,756,757,-1,748,17,758,-1,758,17,21,-1,756,759,757,-1,757,759,760,-1,757,760,761,-1,761,760,762,-1,761,762,670,-1,670,762,763,-1,670,763,668,-1,668,763,764,-1,764,765,668,-1,668,765,766,-1,668,766,767,-1,768,769,723,-1,723,769,770,-1,723,770,771,-1,772,758,773,-1,773,758,668,-1,773,668,774,-1,774,668,767,-1,772,775,758,-1,758,775,776,-1,758,776,777,-1,778,779,748,-1,748,779,780,-1,748,780,781,-1,777,782,758,-1,758,782,783,-1,758,783,748,-1,748,783,784,-1,748,784,778,-1,781,785,748,-1,748,785,786,-1,748,786,723,-1,723,786,787,-1,723,787,768,-1,302,304,675,-1,278,280,395,-1,788,324,326,-1,288,290,397,-1,397,290,292,-1,214,676,675,-1,675,676,300,-1,675,300,302,-1,304,306,675,-1,675,306,308,-1,675,308,310,-1,318,320,788,-1,788,320,322,-1,788,322,324,-1,326,328,788,-1,788,328,274,-1,788,274,395,-1,395,274,276,-1,395,276,278,-1,292,294,397,-1,397,294,296,-1,397,296,298,-1,789,397,676,-1,676,397,298,-1,676,298,300,-1,280,282,395,-1,395,282,284,-1,395,284,397,-1,397,284,286,-1,397,286,288,-1,310,312,675,-1,675,312,314,-1,675,314,788,-1,788,314,317,-1,788,317,318,-1,194,715,192,-1,192,715,190,-1,164,166,665,-1,665,166,168,-1,664,176,178,-1,202,204,678,-1,210,212,678,-1,678,212,158,-1,678,158,667,-1,667,158,160,-1,667,160,665,-1,665,160,162,-1,665,162,164,-1,204,206,678,-1,678,206,208,-1,678,208,210,-1,168,170,665,-1,665,170,172,-1,665,172,664,-1,664,172,174,-1,664,174,176,-1,178,180,664,-1,664,180,182,-1,664,182,184,-1,184,186,715,-1,715,186,188,-1,715,188,190,-1,194,196,715,-1,715,196,198,-1,715,198,678,-1,678,198,201,-1,678,201,202,-1,790,791,386,-1,792,793,663,-1,184,715,664,-1,664,715,102,-1,664,102,104,-1,792,663,388,-1,388,663,104,-1,388,104,386,-1,386,104,106,-1,386,106,108,-1,108,110,386,-1,386,110,112,-1,386,112,114,-1,114,116,386,-1,386,116,118,-1,386,118,120,-1,120,122,386,-1,386,122,124,-1,386,124,126,-1,138,699,136,-1,136,699,134,-1,152,154,715,-1,715,154,156,-1,715,156,102,-1,128,130,699,-1,699,130,132,-1,699,132,134,-1,146,148,715,-1,715,148,150,-1,715,150,152,-1,138,140,699,-1,699,140,142,-1,699,142,715,-1,715,142,145,-1,715,145,146,-1,794,795,796,-1,796,797,794,-1,794,797,698,-1,794,698,798,-1,798,698,799,-1,798,799,800,-1,797,801,52,-1,52,801,50,-1,126,128,386,-1,386,128,699,-1,386,699,790,-1,790,699,46,-1,801,802,50,-1,50,802,790,-1,50,790,48,-1,48,790,46,-1,94,96,699,-1,64,66,797,-1,94,699,92,-1,96,98,699,-1,699,98,100,-1,699,100,46,-1,52,54,797,-1,797,54,56,-1,797,56,58,-1,74,76,698,-1,698,76,78,-1,58,60,797,-1,797,60,62,-1,797,62,64,-1,66,68,797,-1,797,68,70,-1,797,70,698,-1,698,70,72,-1,698,72,74,-1,78,80,698,-1,698,80,82,-1,698,82,699,-1,699,82,84,-1,699,84,86,-1,86,89,699,-1,699,89,90,-1,699,90,92,-1,803,804,673,-1,673,804,805,-1,673,805,701,-1,701,805,806,-1,701,806,807,-1,808,809,810,-1,811,812,673,-1,673,812,813,-1,673,813,803,-1,814,815,816,-1,816,815,429,-1,816,429,817,-1,817,429,427,-1,817,427,818,-1,819,820,814,-1,814,820,821,-1,814,821,815,-1,809,822,810,-1,810,822,823,-1,810,823,824,-1,824,823,825,-1,824,825,814,-1,814,825,826,-1,814,826,819,-1,827,673,697,-1,697,673,674,-1,697,674,685,-1,827,828,673,-1,673,828,829,-1,673,829,811,-1,811,829,830,-1,811,830,810,-1,810,830,831,-1,810,831,808,-1,685,682,696,-1,696,682,832,-1,696,832,697,-1,697,832,833,-1,697,833,827,-1,834,835,682,-1,682,835,836,-1,682,836,832,-1,837,744,838,-1,838,744,839,-1,838,839,840,-1,840,839,841,-1,840,841,842,-1,743,843,744,-1,744,843,844,-1,744,844,839,-1,839,844,726,-1,839,726,841,-1,841,726,662,-1,841,662,842,-1,842,662,661,-1,391,18,17,-1,845,846,748,-1,748,846,847,-1,748,847,17,-1,17,847,848,-1,17,848,391,-1,391,848,849,-1,849,850,391,-1,391,850,851,-1,391,851,852,-1,853,854,393,-1,393,854,855,-1,393,855,856,-1,857,858,750,-1,859,860,748,-1,860,861,748,-1,748,861,862,-1,748,862,845,-1,852,863,391,-1,391,863,864,-1,391,864,393,-1,393,864,865,-1,393,865,853,-1,857,750,866,-1,858,867,750,-1,750,867,868,-1,750,868,869,-1,869,870,750,-1,750,870,871,-1,750,871,748,-1,748,871,872,-1,748,872,859,-1,330,332,393,-1,384,750,382,-1,382,750,380,-1,856,866,393,-1,393,866,750,-1,393,750,330,-1,330,750,384,-1,373,374,750,-1,364,788,362,-1,362,788,360,-1,364,366,788,-1,788,366,368,-1,788,368,370,-1,374,376,750,-1,750,376,378,-1,750,378,380,-1,732,675,751,-1,751,675,788,-1,751,788,750,-1,750,788,370,-1,750,370,373,-1,332,334,393,-1,393,334,336,-1,393,336,338,-1,346,348,395,-1,395,348,350,-1,395,350,352,-1,352,354,395,-1,395,354,356,-1,395,356,788,-1,788,356,358,-1,788,358,360,-1,338,340,393,-1,393,340,342,-1,393,342,395,-1,395,342,344,-1,395,344,346,-1,262,264,679,-1,679,264,675,-1,679,675,682,-1,682,675,739,-1,682,739,834,-1,834,739,744,-1,834,744,873,-1,873,744,837,-1,771,755,723,-1,723,755,757,-1,723,757,662,-1,662,757,874,-1,662,874,660,-1,660,874,875,-1,876,877,878,-1,878,877,879,-1,878,879,880,-1,880,879,881,-1,880,881,430,-1,430,881,431,-1,882,799,698,-1,807,883,701,-1,701,883,698,-1,698,883,882,-1,882,883,884,-1,882,884,885,-1,885,884,886,-1,885,886,887,-1,887,886,888,-1,887,888,889,-1,889,888,890,-1,889,890,891,-1,891,890,659,-1,891,659,658,-1,881,879,892,-1,757,893,874,-1,874,893,875,-1,881,892,894,-1,894,892,895,-1,894,895,896,-1,896,895,897,-1,896,897,898,-1,898,897,899,-1,898,899,900,-1,900,899,893,-1,900,893,901,-1,901,893,757,-1,901,757,761,-1,540,831,543,-1,543,831,830,-1,543,830,533,-1,533,830,829,-1,533,829,531,-1,531,829,828,-1,531,828,530,-1,530,828,827,-1,530,827,528,-1,528,827,833,-1,528,833,527,-1,527,833,832,-1,527,832,525,-1,525,832,836,-1,525,836,523,-1,523,836,835,-1,523,835,522,-1,522,835,834,-1,522,834,520,-1,520,834,873,-1,520,873,518,-1,518,873,837,-1,518,837,516,-1,516,837,838,-1,516,838,510,-1,510,838,840,-1,510,840,511,-1,511,840,842,-1,511,842,513,-1,513,842,661,-1,513,661,515,-1,515,661,660,-1,826,825,553,-1,553,825,555,-1,515,660,438,-1,438,660,875,-1,438,875,893,-1,893,899,438,-1,438,899,897,-1,438,897,895,-1,902,903,904,-1,904,903,905,-1,904,905,906,-1,906,905,907,-1,906,907,877,-1,877,907,436,-1,877,436,879,-1,879,436,438,-1,879,438,892,-1,892,438,895,-1,908,909,910,-1,910,909,911,-1,910,911,912,-1,912,911,913,-1,912,913,914,-1,914,913,915,-1,914,915,902,-1,902,915,916,-1,902,916,903,-1,826,553,552,-1,826,552,819,-1,819,552,549,-1,819,549,820,-1,820,549,548,-1,820,548,821,-1,821,548,551,-1,821,551,815,-1,815,551,428,-1,815,428,429,-1,555,825,556,-1,556,825,823,-1,556,823,544,-1,544,823,822,-1,544,822,545,-1,545,822,809,-1,545,809,546,-1,546,809,808,-1,546,808,540,-1,540,808,831,-1,802,801,566,-1,566,801,567,-1,563,564,917,-1,917,564,918,-1,919,918,920,-1,920,918,921,-1,920,921,922,-1,919,923,918,-1,918,923,924,-1,918,924,917,-1,917,924,925,-1,917,925,926,-1,926,925,927,-1,927,928,926,-1,926,928,929,-1,926,929,930,-1,562,797,564,-1,564,797,796,-1,564,796,931,-1,932,918,933,-1,933,918,564,-1,933,564,934,-1,934,564,935,-1,931,936,564,-1,564,936,937,-1,564,937,935,-1,794,561,795,-1,795,561,563,-1,917,938,563,-1,563,938,939,-1,940,941,563,-1,563,941,942,-1,563,942,795,-1,939,943,563,-1,563,943,944,-1,563,944,940,-1,925,924,945,-1,945,924,946,-1,945,946,932,-1,932,946,947,-1,947,948,932,-1,932,948,949,-1,932,949,950,-1,950,949,951,-1,952,953,954,-1,954,953,955,-1,933,939,932,-1,932,939,938,-1,932,938,945,-1,945,938,953,-1,945,953,956,-1,956,953,952,-1,800,557,798,-1,798,557,559,-1,798,559,794,-1,794,559,561,-1,797,562,801,-1,801,562,567,-1,557,800,558,-1,558,800,799,-1,558,799,882,-1,657,654,658,-1,658,654,558,-1,658,558,891,-1,891,558,889,-1,882,885,558,-1,558,885,887,-1,558,887,889,-1,796,795,942,-1,796,942,931,-1,931,942,941,-1,931,941,936,-1,936,941,940,-1,936,940,937,-1,937,940,944,-1,937,944,935,-1,935,944,943,-1,935,943,934,-1,934,943,939,-1,934,939,933,-1,938,917,926,-1,938,926,953,-1,953,926,930,-1,953,930,955,-1,955,930,929,-1,955,929,954,-1,954,929,928,-1,954,928,952,-1,952,928,927,-1,952,927,956,-1,956,927,925,-1,956,925,945,-1,946,924,923,-1,946,923,947,-1,947,923,919,-1,947,919,948,-1,948,919,920,-1,948,920,949,-1,949,920,922,-1,949,922,951,-1,951,922,921,-1,951,921,950,-1,950,921,918,-1,950,918,932,-1,806,534,807,-1,807,534,583,-1,655,656,583,-1,583,656,659,-1,886,884,583,-1,583,884,883,-1,583,883,807,-1,659,890,583,-1,583,890,888,-1,583,888,886,-1,
        ]
    }
}
Shape{
    appearance Appearance {
        material  Material 	{
            diffuseColor 0.8274509803921568 0.6666666666666666 0.12941176470588237
            specularColor 0.8274509803921568 0.6666666666666666 0.12941176470588237
            ambientIntensity 0.6535
            transparency 0.0
            shininess 0.5
        }
    }
    geometry IndexedFaceSet {
        ccw TRUE
        solid FALSE
        coord DEF co Coordinate {
            point [
                -2.5137 2.5658 0.0, -2.7696 2.5658 0.0, -2.5137 3.117 0.0, -2.7696 3.117 0.0
            ]
        }
        coordIndex [
            0,1,2,-1,2,1,3,-1,
        ]
    }
}
Shape{
    appearance Appearance {
        material  Material 	{
            diffuseColor 0.6666666666666666 0.6666666666666666 0.6666666666666666
            specularColor 0.4666666666666667 0.4666666666666667 0.4666666666666667
            ambientIntensity 0.6667
            transparency 0.0
            shininess 0.5
        }
    }
    geometry IndexedFaceSet {
        ccw TRUE
        solid FALSE
        coord DEF co Coordinate {
            point [
                -2.5137 2.5658 0.0, -2.5137 3.117 0.0, -2.4933 3.117 0.0027, -2.4933 2.5658 0.0027, -2.4743 3.117 0.0105, -2.4743 2.5658 0.0105, -2.458 3.117 0.0231, -2.458 2.5658 0.0231, -2.4455 3.117 0.0394, -2.4455 2.5658 0.0394, -2.4376 3.117 0.0584, -2.4376 2.5658 0.0584, -2.4349 3.117 0.0787, -2.4349 2.5658 0.0787, -2.4349 2.5658 0.6575, -2.4349 3.117 0.6575, -2.4343 2.5658 0.6626, -2.4343 3.117 0.6626, -2.4323 2.5658 0.6673, -2.4323 3.117 0.6673, -2.4292 2.5658 0.6714, -2.4292 3.117 0.6714, -2.4251 2.5658 0.6745, -2.4251 3.117 0.6745, -2.4203 2.5658 0.6765, -2.4203 3.117 0.6765, -2.4153 2.5658 0.6772, -2.4153 3.117 0.6772, -2.4153 2.5658 0.7362, -2.4153 3.117 0.7362, -2.4356 3.117 0.7335, -2.4356 2.5658 0.7335, -2.4546 3.117 0.7257, -2.4546 2.5658 0.7257, -2.4709 3.117 0.7132, -2.4709 2.5658 0.7132, -2.4834 3.117 0.6969, -2.4834 2.5658 0.6969, -2.4913 3.117 0.6779, -2.4913 2.5658 0.6779, -2.494 3.117 0.6575, -2.494 2.5658 0.6575, -2.494 2.5658 0.0787, -2.494 3.117 0.0787, -2.4947 2.5658 0.0736, -2.4947 3.117 0.0736, -2.4966 2.5658 0.0689, -2.4966 3.117 0.0689, -2.4998 2.5658 0.0648, -2.4998 3.117 0.0648, -2.5038 2.5658 0.0617, -2.5038 3.117 0.0617, -2.5086 2.5658 0.0597, -2.5086 3.117 0.0597, -2.5137 2.5658 0.0591, -2.5137 3.117 0.0591, -2.7696 2.5658 0.0591, -2.7696 3.117 0.0591, -2.7696 2.5658 0.0, -2.7696 3.117 0.0, -2.4153 2.4871 0.6772, -2.4153 2.4871 0.7362, -2.4051 2.4884 0.6772, -2.4051 2.4884 0.7362, -2.3956 2.4923 0.6772, -2.3956 2.4923 0.7362, -2.3874 2.4986 0.6772, -2.3874 2.4986 0.7362, -2.3812 2.5067 0.6772, -2.3812 2.5067 0.7362, -2.3772 2.5162 0.6772, -2.3772 2.5162 0.7362, -2.3759 2.5264 0.6772, -2.3759 2.5264 0.7362, -2.4051 2.5645 0.7362, -2.4051 2.5645 0.6772, -2.3956 2.5605 0.7362, -2.3956 2.5605 0.6772, -2.3874 2.5543 0.7362, -2.3874 2.5543 0.6772, -2.3812 2.5461 0.7362, -2.3812 2.5461 0.6772, -2.3772 2.5366 0.7362, -2.3772 2.5366 0.6772, 2.7422 2.1918 0.2559, 2.6832 2.1918 0.2559, 2.7422 2.1918 0.0787, 2.6832 2.1918 0.0787, 2.7395 2.1918 0.0584, 2.6827 2.1918 0.0744, 2.7317 2.1918 0.0394, 2.6812 2.1918 0.0702, 2.7192 2.1918 0.0231, 2.4076 2.1918 0.0591, 2.4076 2.1918 0.0, 2.6635 2.1918 0.0591, 2.6635 2.1918 0.0, 2.6679 2.1918 0.0595, 2.6839 2.1918 0.0027, 2.672 2.1918 0.061, 2.7029 2.1918 0.0105, 2.6758 2.1918 0.0633, 2.6789 2.1918 0.0665, 2.6635 2.7233 0.0591, 2.4076 2.7233 0.0591, 2.4076 2.7233 0.0
            ]
        }
        coordIndex [
            0,1,2,-1,0,2,3,-1,3,2,4,-1,3,4,5,-1,5,4,6,-1,5,6,7,-1,7,6,8,-1,7,8,9,-1,9,8,10,-1,9,10,11,-1,11,10,12,-1,11,12,13,-1,14,13,15,-1,15,13,12,-1,14,15,16,-1,16,15,17,-1,16,17,18,-1,18,17,19,-1,18,19,20,-1,20,19,21,-1,20,21,22,-1,22,21,23,-1,22,23,24,-1,24,23,25,-1,24,25,26,-1,26,25,27,-1,28,29,30,-1,28,30,31,-1,31,30,32,-1,31,32,33,-1,33,32,34,-1,33,34,35,-1,35,34,36,-1,35,36,37,-1,37,36,38,-1,37,38,39,-1,39,38,40,-1,39,40,41,-1,42,41,43,-1,43,41,40,-1,42,43,44,-1,44,43,45,-1,44,45,46,-1,46,45,47,-1,46,47,48,-1,48,47,49,-1,48,49,50,-1,50,49,51,-1,50,51,52,-1,52,51,53,-1,52,53,54,-1,54,53,55,-1,56,54,57,-1,57,54,55,-1,58,56,59,-1,59,56,57,-1,56,58,54,-1,54,58,0,-1,54,0,52,-1,52,0,3,-1,52,3,50,-1,50,3,5,-1,50,5,48,-1,48,5,7,-1,48,7,46,-1,46,7,9,-1,46,9,44,-1,44,9,11,-1,44,11,42,-1,42,11,13,-1,42,13,41,-1,41,13,14,-1,41,14,39,-1,39,14,16,-1,39,16,37,-1,37,16,18,-1,37,18,35,-1,35,18,20,-1,35,20,33,-1,33,20,22,-1,33,22,31,-1,31,22,24,-1,31,24,28,-1,28,24,26,-1,60,61,62,-1,62,61,63,-1,62,63,64,-1,64,63,65,-1,64,65,66,-1,66,65,67,-1,66,67,68,-1,68,67,69,-1,68,69,70,-1,70,69,71,-1,70,71,72,-1,72,71,73,-1,28,26,74,-1,74,26,75,-1,74,75,76,-1,76,75,77,-1,76,77,78,-1,78,77,79,-1,78,79,80,-1,80,79,81,-1,80,81,82,-1,82,81,83,-1,82,83,73,-1,73,83,72,-1,84,85,86,-1,86,85,87,-1,86,87,88,-1,88,87,89,-1,88,89,90,-1,90,89,91,-1,90,91,92,-1,93,94,95,-1,95,94,96,-1,95,96,97,-1,97,96,98,-1,97,98,99,-1,99,98,100,-1,99,100,101,-1,101,100,92,-1,101,92,102,-1,102,92,91,-1,103,104,95,-1,95,104,93,-1,93,104,94,-1,94,104,105,-1,
        ]
    }
}
Shape{
    appearance Appearance {
        material  Material 	{
            diffuseColor 0.8274509803921568 0.6666666666666666 0.12941176470588237
            specularColor 0.8274509803921568 0.6666666666666666 0.12941176470588237
            ambientIntensity 0.6535
            transparency 0.0
            shininess 0.5
        }
    }
    geometry IndexedFaceSet {
        ccw TRUE
        solid FALSE
        coord DEF co Coordinate {
            point [
                2.6635 2.1918 0.0, 2.4076 2.1918 0.0, 2.6635 2.7233 0.0, 2.4076 2.7233 0.0
            ]
        }
        coordIndex [
            0,1,2,-1,2,1,3,-1,
        ]
    }
}
Shape{
    appearance Appearance {
        material  Material 	{
            diffuseColor 0.6666666666666666 0.6666666666666666 0.6666666666666666
            specularColor 0.4666666666666667 0.4666666666666667 0.4666666666666667
            ambientIntensity 0.6667
            transparency 0.0
            shininess 0.5
        }
    }
    geometry IndexedFaceSet {
        ccw TRUE
        solid FALSE
        coord DEF co Coordinate {
            point [
                2.6832 1.6012 0.2559, 2.7422 1.6012 0.2559, 2.6832 1.6012 0.0197, 2.7422 1.6012 0.0197, 2.6832 2.1918 0.2559, 2.7422 2.1918 0.2559, 2.7422 2.7233 0.0787, 2.7422 2.1918 0.0787, 2.7395 2.1918 0.0584, 2.7395 2.7233 0.0584, 2.7317 2.1918 0.0394, 2.7317 2.7233 0.0394, 2.7192 2.1918 0.0231, 2.7192 2.7233 0.0231, 2.7029 2.1918 0.0105, 2.7029 2.7233 0.0105, 2.6839 2.1918 0.0027, 2.6839 2.7233 0.0027, 2.6635 2.1918 0.0, 2.6635 2.7233 0.0, 2.6635 2.7233 0.0591, 2.6635 2.1918 0.0591, 2.6679 2.7233 0.0595, 2.6679 2.1918 0.0595, 2.672 2.7233 0.061, 2.672 2.1918 0.061, 2.6758 2.7233 0.0633, 2.6758 2.1918 0.0633, 2.6789 2.7233 0.0665, 2.6789 2.1918 0.0665, 2.6812 2.7233 0.0702, 2.6812 2.1918 0.0702, 2.6827 2.7233 0.0744, 2.6827 2.1918 0.0744, 2.6832 2.7233 0.0787, 2.6832 2.1918 0.0787, 0.5375 0.991 0.6772, 0.5375 0.991 0.7362, 0.5579 0.9937 0.6772, 0.5579 0.9937 0.7362, 0.5769 1.0015 0.6772, 0.5769 1.0015 0.7362, 0.5932 1.0141 0.6772, 0.5932 1.0141 0.7362, 0.6057 1.0304 0.6772, 0.6057 1.0304 0.7362, 0.6136 1.0494 0.6772, 0.6136 1.0494 0.7362, 0.6162 1.0697 0.6772, 0.6162 1.0697 0.7362, 0.321 0.991 0.7362, 0.321 0.991 0.6772, -0.1121 0.991 0.7362, -0.1121 0.991 0.6772, -0.5452 0.991 0.7362, -0.5452 0.991 0.6772, -0.8011 0.991 0.7362, -0.8011 0.991 0.6772, -0.8798 1.0697 0.6772, -0.8798 1.0697 0.7362, -0.8771 1.0494 0.6772, -0.8771 1.0494 0.7362, -0.8693 1.0304 0.6772, -0.8693 1.0304 0.7362, -0.8568 1.0141 0.6772, -0.8568 1.0141 0.7362, -0.8405 1.0015 0.6772, -0.8405 1.0015 0.7362, -0.8215 0.9937 0.6772, -0.8215 0.9937 0.7362, -0.8798 1.6209 0.7362, -0.8798 1.6209 0.6772, -0.8011 1.6997 0.6772, -0.8011 1.6997 0.7362, -0.8215 1.697 0.6772, -0.8215 1.697 0.7362, -0.8405 1.6891 0.6772, -0.8405 1.6891 0.7362, -0.8568 1.6766 0.6772, -0.8568 1.6766 0.7362, -0.8693 1.6603 0.6772, -0.8693 1.6603 0.7362, -0.8771 1.6413 0.6772, -0.8771 1.6413 0.7362, -0.5452 1.6997 0.7362, -0.5452 1.6997 0.6772, -0.1121 1.6997 0.7362, -0.1121 1.6997 0.6772, 0.321 1.6997 0.7362, 0.321 1.6997 0.6772, 0.5375 1.6997 0.7362, 0.5375 1.6997 0.6772, 0.6162 1.6209 0.6772, 0.6162 1.6209 0.7362, 0.6136 1.6413 0.6772, 0.6136 1.6413 0.7362, 0.6057 1.6603 0.6772, 0.6057 1.6603 0.7362, 0.5932 1.6766 0.6772, 0.5932 1.6766 0.7362, 0.5769 1.6891 0.6772, 0.5769 1.6891 0.7362, 0.5579 1.697 0.6772, 0.5579 1.697 0.7362, 2.3092 0.991 0.6772, 2.3092 0.991 0.7362, 2.3295 0.9937 0.6772, 2.3295 0.9937 0.7362, 2.3485 1.0015 0.6772, 2.3485 1.0015 0.7362, 2.3648 1.0141 0.6772, 2.3648 1.0141 0.7362, 2.3773 1.0304 0.6772, 2.3773 1.0304 0.7362, 2.3852 1.0494 0.6772, 2.3852 1.0494 0.7362, 2.3879 1.0697 0.6772, 2.3879 1.0697 0.7362, 2.0532 0.991 0.7362, 2.0532 0.991 0.6772, 1.6202 0.991 0.7362, 1.6202 0.991 0.6772, 1.1871 0.991 0.7362, 1.1871 0.991 0.6772, 0.9706 0.991 0.7362, 0.9706 0.991 0.6772, 0.8918 1.0697 0.6772, 0.8918 1.0697 0.7362, 0.8945 1.0494 0.6772, 0.8945 1.0494 0.7362, 0.9024 1.0304 0.6772, 0.9024 1.0304 0.7362, 0.9149 1.0141 0.6772, 0.9149 1.0141 0.7362, 0.9312 1.0015 0.6772, 0.9312 1.0015 0.7362, 0.9502 0.9937 0.6772, 0.9502 0.9937 0.7362, 0.8918 1.6209 0.7362, 0.8918 1.6209 0.6772, 0.9706 1.6997 0.6772, 0.9706 1.6997 0.7362, 0.9502 1.697 0.6772, 0.9502 1.697 0.7362, 0.9312 1.6891 0.6772, 0.9312 1.6891 0.7362, 0.9149 1.6766 0.6772, 0.9149 1.6766 0.7362, 0.9024 1.6603 0.6772, 0.9024 1.6603 0.7362, 0.8945 1.6413 0.6772, 0.8945 1.6413 0.7362, 1.1871 1.6997 0.7362, 1.1871 1.6997 0.6772, 1.6202 1.6997 0.7362, 1.6202 1.6997 0.6772, 2.0532 1.6997 0.7362, 2.0532 1.6997 0.6772, 2.3092 1.6997 0.7362, 2.3092 1.6997 0.6772, 2.3879 1.6209 0.6772, 2.3879 1.6209 0.7362, 2.3852 1.6413 0.6772, 2.3852 1.6413 0.7362, 2.3773 1.6603 0.6772, 2.3773 1.6603 0.7362, 2.3648 1.6766 0.6772, 2.3648 1.6766 0.7362, 2.3485 1.6891 0.6772, 2.3485 1.6891 0.7362, 2.3295 1.697 0.6772, 2.3295 1.697 0.7362, 2.1281 -2.4342 0.6772, 2.1871 -2.4342 0.6772, 2.1281 -2.4342 0.7362, 2.1871 -2.4342 0.7362, 2.1871 -2.887 0.7362, 2.1871 -2.887 0.6772, -0.5412 -2.887 0.7362, -0.5412 -2.887 0.6772, -0.5412 -2.4342 0.7362, -0.5412 -2.4342 0.6772, -0.0688 -2.887 0.7362, -0.0688 -2.4342 0.7362, -0.0688 -2.887 0.6772, -0.0688 -2.4342 0.6772, -0.1279 -2.4342 0.7362, -0.1279 -2.4342 0.6772, -0.1121 -2.4342 0.7362, -0.1121 -2.4342 0.6772, 2.1281 -2.4539 0.6772, 2.1281 -2.4539 0.7362, 2.1281 -2.4692 0.7342, 2.1281 -2.4834 0.7283, 2.1281 -2.4956 0.7189, 2.1281 -2.505 0.7067, 2.1281 -2.887 0.0591, 2.1281 -2.887 0.0, 2.1281 -2.572 0.0591, 2.1281 -2.572 0.0, 2.1281 -2.5567 0.0611, 2.1281 -2.5414 0.004, 2.1281 -2.5425 0.067, 2.1281 -2.5129 0.0158, 2.1281 -2.5302 0.0764, 2.1281 -2.4885 0.0346, 2.1281 -2.5209 0.0886, 2.1281 -2.4697 0.0591, 2.1281 -2.515 0.1028, 2.1281 -2.4579 0.0875, 2.1281 -2.5129 0.1181, 2.1281 -2.4539 0.1181, 2.1281 -2.5129 0.6772, 2.1281 -2.5109 0.6925, -0.1279 -2.887 0.0591, -0.1279 -2.572 0.0591, -0.4822 -2.887 0.0591, -0.4822 -2.572 0.0591, -0.1279 -2.887 0.0, -0.4822 -2.887 0.0
            ]
        }
        coordIndex [
            0,1,2,-1,2,1,3,-1,0,4,1,-1,1,4,5,-1,6,7,8,-1,6,8,9,-1,9,8,10,-1,9,10,11,-1,11,10,12,-1,11,12,13,-1,13,12,14,-1,13,14,15,-1,15,14,16,-1,15,16,17,-1,17,16,18,-1,17,18,19,-1,20,21,22,-1,22,21,23,-1,22,23,24,-1,24,23,25,-1,24,25,26,-1,26,25,27,-1,26,27,28,-1,28,27,29,-1,28,29,30,-1,30,29,31,-1,30,31,32,-1,32,31,33,-1,32,33,34,-1,34,33,35,-1,36,37,38,-1,38,37,39,-1,38,39,40,-1,40,39,41,-1,40,41,42,-1,42,41,43,-1,42,43,44,-1,44,43,45,-1,44,45,46,-1,46,45,47,-1,46,47,48,-1,48,47,49,-1,37,36,50,-1,50,36,51,-1,50,51,52,-1,52,51,53,-1,52,53,54,-1,54,53,55,-1,54,55,56,-1,56,55,57,-1,58,59,60,-1,60,59,61,-1,60,61,62,-1,62,61,63,-1,62,63,64,-1,64,63,65,-1,64,65,66,-1,66,65,67,-1,66,67,68,-1,68,67,69,-1,68,69,57,-1,57,69,56,-1,59,58,70,-1,70,58,71,-1,72,73,74,-1,74,73,75,-1,74,75,76,-1,76,75,77,-1,76,77,78,-1,78,77,79,-1,78,79,80,-1,80,79,81,-1,80,81,82,-1,82,81,83,-1,82,83,71,-1,71,83,70,-1,73,72,84,-1,84,72,85,-1,84,85,86,-1,86,85,87,-1,86,87,88,-1,88,87,89,-1,88,89,90,-1,90,89,91,-1,92,93,94,-1,94,93,95,-1,94,95,96,-1,96,95,97,-1,96,97,98,-1,98,97,99,-1,98,99,100,-1,100,99,101,-1,100,101,102,-1,102,101,103,-1,102,103,91,-1,91,103,90,-1,93,92,49,-1,49,92,48,-1,104,105,106,-1,106,105,107,-1,106,107,108,-1,108,107,109,-1,108,109,110,-1,110,109,111,-1,110,111,112,-1,112,111,113,-1,112,113,114,-1,114,113,115,-1,114,115,116,-1,116,115,117,-1,105,104,118,-1,118,104,119,-1,118,119,120,-1,120,119,121,-1,120,121,122,-1,122,121,123,-1,122,123,124,-1,124,123,125,-1,126,127,128,-1,128,127,129,-1,128,129,130,-1,130,129,131,-1,130,131,132,-1,132,131,133,-1,132,133,134,-1,134,133,135,-1,134,135,136,-1,136,135,137,-1,136,137,125,-1,125,137,124,-1,127,126,138,-1,138,126,139,-1,140,141,142,-1,142,141,143,-1,142,143,144,-1,144,143,145,-1,144,145,146,-1,146,145,147,-1,146,147,148,-1,148,147,149,-1,148,149,150,-1,150,149,151,-1,150,151,139,-1,139,151,138,-1,141,140,152,-1,152,140,153,-1,152,153,154,-1,154,153,155,-1,154,155,156,-1,156,155,157,-1,156,157,158,-1,158,157,159,-1,160,161,162,-1,162,161,163,-1,162,163,164,-1,164,163,165,-1,164,165,166,-1,166,165,167,-1,166,167,168,-1,168,167,169,-1,168,169,170,-1,170,169,171,-1,170,171,159,-1,159,171,158,-1,161,160,117,-1,117,160,116,-1,172,173,174,-1,174,173,175,-1,176,175,177,-1,177,175,173,-1,178,179,180,-1,180,179,181,-1,182,183,184,-1,184,183,185,-1,186,187,188,-1,188,187,189,-1,188,189,183,-1,183,189,185,-1,172,174,190,-1,190,174,191,-1,190,191,192,-1,192,193,190,-1,190,193,194,-1,190,194,195,-1,196,197,198,-1,198,197,199,-1,198,199,200,-1,200,199,201,-1,200,201,202,-1,202,201,203,-1,202,203,204,-1,204,203,205,-1,204,205,206,-1,206,205,207,-1,206,207,208,-1,208,207,209,-1,208,209,210,-1,210,209,211,-1,210,211,212,-1,212,211,190,-1,212,190,213,-1,213,190,195,-1,214,215,216,-1,216,215,217,-1,218,214,219,-1,219,214,216,-1,
        ]
    }
}
Shape{
    appearance Appearance {
        material  Material 	{
            diffuseColor 0.8274509803921568 0.6666666666666666 0.12941176470588237
            specularColor 0.8274509803921568 0.6666666666666666 0.12941176470588237
            ambientIntensity 0.6535
            transparency 0.0
            shininess 0.5
        }
    }
    geometry IndexedFaceSet {
        ccw TRUE
        solid FALSE
        coord DEF co Coordinate {
            point [
                -0.1279 -2.572 0.0, -0.1279 -2.887 0.0, -0.4822 -2.572 0.0, -0.4822 -2.887 0.0
            ]
        }
        coordIndex [
            0,1,2,-1,2,1,3,-1,
        ]
    }
}
Shape{
    appearance Appearance {
        material  Material 	{
            diffuseColor 0.6666666666666666 0.6666666666666666 0.6666666666666666
            specularColor 0.4666666666666667 0.4666666666666667 0.4666666666666667
            ambientIntensity 0.6667
            transparency 0.0
            shininess 0.5
        }
    }
    geometry IndexedFaceSet {
        ccw TRUE
        solid FALSE
        coord DEF co Coordinate {
            point [
                -0.1279 -2.572 0.0, -0.4822 -2.572 0.0, -0.4822 -2.5414 0.004, -0.1279 -2.5414 0.004, -0.4822 -2.5129 0.0158, -0.1279 -2.5129 0.0158, -0.4822 -2.4885 0.0346, -0.1279 -2.4885 0.0346, -0.4822 -2.4697 0.0591, -0.1279 -2.4697 0.0591, -0.4822 -2.4579 0.0875, -0.1279 -2.4579 0.0875, -0.4822 -2.4539 0.1181, -0.1279 -2.4539 0.1181, -0.1279 -2.4539 0.6772, -0.4822 -2.4539 0.6772, -0.1279 -2.4539 0.7362, -0.4822 -2.4539 0.7362, -0.4822 -2.4692 0.7342, -0.1279 -2.4692 0.7342, -0.4822 -2.4834 0.7283, -0.1279 -2.4834 0.7283, -0.4822 -2.4956 0.7189, -0.1279 -2.4956 0.7189, -0.4822 -2.505 0.7067, -0.1279 -2.505 0.7067, -0.4822 -2.5109 0.6925, -0.1279 -2.5109 0.6925, -0.4822 -2.5129 0.6772, -0.1279 -2.5129 0.6772, -0.1279 -2.5129 0.1181, -0.4822 -2.5129 0.1181, -0.1279 -2.515 0.1028, -0.4822 -2.515 0.1028, -0.1279 -2.5209 0.0886, -0.4822 -2.5209 0.0886, -0.1279 -2.5302 0.0764, -0.4822 -2.5302 0.0764, -0.1279 -2.5425 0.067, -0.4822 -2.5425 0.067, -0.1279 -2.5567 0.0611, -0.4822 -2.5567 0.0611, -0.1279 -2.572 0.0591, -0.4822 -2.572 0.0591, -0.1279 -2.4342 0.6772, -0.1279 -2.4342 0.7362, -0.1279 -2.887 0.0591, -0.1279 -2.887 0.0, -0.4822 -2.4342 0.7362, -0.4822 -2.4342 0.6772, -0.4822 -2.887 0.0, -0.4822 -2.887 0.0591, 2.6832 -2.887 0.0197, 2.7422 -2.887 0.0197, 2.6832 -2.887 0.6772, 2.7422 -2.887 0.6575, 2.7192 -2.887 0.7132, 2.7029 -2.887 0.7257, 2.7395 -2.887 0.6779, 2.7317 -2.887 0.6969, 2.1871 -2.887 0.7362, 2.1871 -2.887 0.6772, 2.3977 -2.887 0.7362, 2.3977 -2.887 0.6772, 2.6635 -2.887 0.7362, 2.6839 -2.887 0.7335, 1.0926 -2.887 0.6772, 1.0926 -2.887 0.7362, 0.754 -2.887 0.6772, 0.754 -2.887 0.7362, 0.6458 -2.887 0.6772, 0.6458 -2.887 0.7362, 0.321 -2.887 0.6772, 0.321 -2.887 0.7362, -0.0688 -2.887 0.6772, -0.0688 -2.887 0.7362, -0.5412 -2.887 0.6772, -0.5412 -2.887 0.7362, -0.5452 -2.887 0.6772, -0.5452 -2.887 0.7362, -1.4704 -2.887 0.6772, -1.4704 -2.887 0.7362, 1.0926 -2.4342 0.6772, 1.0926 -2.4342 0.7362, 2.4076 -0.5445 0.6772, 2.4076 -1.2926 0.6772, 2.4076 -0.5445 0.7362, 2.4076 -1.2926 0.7362, 2.2304 -1.391 0.7362, 2.3092 -1.391 0.7362, 2.2304 -1.391 0.6772, 2.3092 -1.391 0.6772, 2.132 -0.5445 0.7362, 2.132 -1.2926 0.7362, 2.132 -0.5445 0.6772, 2.132 -1.2926 0.6772, 2.2304 -0.4461 0.6772, 2.3092 -0.4461 0.6772, 2.2304 -0.4461 0.7362, 2.3092 -0.4461 0.7362, 2.1353 -0.5191 0.7362, 2.1353 -0.5191 0.6772, 2.1452 -0.4953 0.7362, 2.1452 -0.4953 0.6772, 2.1608 -0.4749 0.7362, 2.1608 -0.4749 0.6772, 2.1812 -0.4593 0.7362, 2.1812 -0.4593 0.6772, 2.2049 -0.4495 0.7362, 2.2049 -0.4495 0.6772, 2.3346 -0.4495 0.7362, 2.3346 -0.4495 0.6772, 2.3584 -0.4593 0.7362, 2.3584 -0.4593 0.6772, 2.3788 -0.4749 0.7362, 2.3788 -0.4749 0.6772, 2.3944 -0.4953 0.7362, 2.3944 -0.4953 0.6772, 2.3977 -0.5034 0.7362, 2.3977 -0.5034 0.6772, 2.4042 -0.5191 0.7362, 2.4042 -0.5191 0.6772, 2.2049 -1.3876 0.7362, 2.2049 -1.3876 0.6772, 2.1812 -1.3778 0.7362, 2.1812 -1.3778 0.6772, 2.1608 -1.3622 0.7362, 2.1608 -1.3622 0.6772, 2.1452 -1.3418 0.7362, 2.1452 -1.3418 0.6772, 2.1353 -1.318 0.7362, 2.1353 -1.318 0.6772, 2.4042 -1.318 0.7362, 2.4042 -1.318 0.6772, 2.3977 -1.3337 0.7362, 2.3977 -1.3337 0.6772, 2.3944 -1.3418 0.7362, 2.3944 -1.3418 0.6772, 2.3788 -1.3622 0.7362, 2.3788 -1.3622 0.6772, 2.3584 -1.3778 0.7362, 2.3584 -1.3778 0.6772, 2.3346 -1.3876 0.7362, 2.3346 -1.3876 0.6772, 1.9745 -0.5445 0.6772, 1.9745 -1.2926 0.6772, 1.9745 -0.5445 0.7362, 1.9745 -1.2926 0.7362, 1.8761 -0.4461 0.7362, 1.8761 -0.4461 0.6772, 1.9016 -0.4495 0.7362, 1.9016 -0.4495 0.6772, 1.9253 -0.4593 0.7362, 1.9253 -0.4593 0.6772, 1.9457 -0.4749 0.7362, 1.9457 -0.4749 0.6772, 1.9613 -0.4953 0.7362, 1.9613 -0.4953 0.6772, 1.9712 -0.5191 0.7362, 1.9712 -0.5191 0.6772, 1.7973 -0.4461 0.6772, 1.7973 -0.4461 0.7362, 1.6989 -0.5445 0.7362, 1.6989 -0.5445 0.6772, 1.7023 -0.5191 0.7362, 1.7023 -0.5191 0.6772, 1.7121 -0.4953 0.7362, 1.7121 -0.4953 0.6772, 1.7277 -0.4749 0.7362, 1.7277 -0.4749 0.6772, 1.7481 -0.4593 0.7362, 1.7481 -0.4593 0.6772, 1.7719 -0.4495 0.7362, 1.7719 -0.4495 0.6772, 1.6989 -1.2926 0.7362, 1.6989 -1.2926 0.6772, 1.7973 -1.391 0.7362, 1.7973 -1.391 0.6772, 1.7719 -1.3876 0.7362, 1.7719 -1.3876 0.6772, 1.7481 -1.3778 0.7362, 1.7481 -1.3778 0.6772, 1.7277 -1.3622 0.7362, 1.7277 -1.3622 0.6772, 1.7121 -1.3418 0.7362, 1.7121 -1.3418 0.6772, 1.7023 -1.318 0.7362, 1.7023 -1.318 0.6772, 1.8761 -1.391 0.7362, 1.8761 -1.391 0.6772, 1.9712 -1.318 0.7362, 1.9712 -1.318 0.6772, 1.9613 -1.3418 0.7362, 1.9613 -1.3418 0.6772, 1.9457 -1.3622 0.7362, 1.9457 -1.3622 0.6772, 1.9253 -1.3778 0.7362, 1.9253 -1.3778 0.6772, 1.9016 -1.3876 0.7362, 1.9016 -1.3876 0.6772, 1.8131 -2.4342 0.7362, 1.8131 -2.4342 0.6772, 1.8131 -2.4539 0.7362, 1.8131 -2.4539 0.6772, 1.8131 -2.4692 0.7342, 1.8131 -2.4834 0.7283, 1.8131 -2.5109 0.6925, 1.8131 -2.505 0.7067, 1.8131 -2.4956 0.7189, 1.8131 -2.887 0.0, 1.8131 -2.887 0.0591, 1.8131 -2.572 0.0, 1.8131 -2.572 0.0591, 1.8131 -2.5414 0.004, 1.8131 -2.5567 0.0611, 1.8131 -2.5129 0.0158, 1.8131 -2.5425 0.067, 1.8131 -2.4885 0.0346, 1.8131 -2.5302 0.0764, 1.8131 -2.4697 0.0591, 1.8131 -2.5209 0.0886, 1.8131 -2.4579 0.0875, 1.8131 -2.515 0.1028, 1.8131 -2.4539 0.1181, 1.8131 -2.5129 0.1181, 1.8131 -2.5129 0.6772
            ]
        }
        coordIndex [
            0,1,2,-1,0,2,3,-1,3,2,4,-1,3,4,5,-1,5,4,6,-1,5,6,7,-1,7,6,8,-1,7,8,9,-1,9,8,10,-1,9,10,11,-1,11,10,12,-1,11,12,13,-1,14,13,15,-1,15,13,12,-1,16,17,18,-1,16,18,19,-1,19,18,20,-1,19,20,21,-1,21,20,22,-1,21,22,23,-1,23,22,24,-1,23,24,25,-1,25,24,26,-1,25,26,27,-1,27,26,28,-1,27,28,29,-1,30,29,31,-1,31,29,28,-1,30,31,32,-1,32,31,33,-1,32,33,34,-1,34,33,35,-1,34,35,36,-1,36,35,37,-1,36,37,38,-1,38,37,39,-1,38,39,40,-1,40,39,41,-1,40,41,42,-1,42,41,43,-1,44,45,14,-1,14,45,16,-1,14,16,19,-1,19,21,14,-1,14,21,23,-1,14,23,25,-1,46,47,42,-1,42,47,0,-1,42,0,40,-1,40,0,3,-1,40,3,38,-1,38,3,5,-1,38,5,36,-1,36,5,7,-1,36,7,34,-1,34,7,9,-1,34,9,32,-1,32,9,11,-1,32,11,30,-1,30,11,13,-1,30,13,29,-1,29,13,14,-1,29,14,27,-1,27,14,25,-1,48,49,17,-1,17,49,15,-1,17,15,18,-1,18,15,20,-1,26,24,15,-1,15,24,22,-1,15,22,20,-1,50,51,1,-1,1,51,43,-1,1,43,2,-1,2,43,41,-1,2,41,4,-1,4,41,39,-1,4,39,6,-1,6,39,37,-1,6,37,8,-1,8,37,35,-1,8,35,10,-1,10,35,33,-1,10,33,12,-1,12,33,31,-1,12,31,15,-1,15,31,28,-1,15,28,26,-1,52,53,54,-1,54,53,55,-1,54,56,57,-1,55,58,54,-1,54,58,59,-1,54,59,56,-1,60,61,62,-1,62,61,63,-1,62,63,64,-1,64,63,54,-1,64,54,65,-1,65,54,57,-1,66,67,68,-1,68,67,69,-1,68,69,70,-1,70,69,71,-1,70,71,72,-1,72,71,73,-1,72,73,74,-1,74,73,75,-1,76,77,78,-1,78,77,79,-1,78,79,80,-1,80,79,81,-1,66,82,67,-1,67,82,83,-1,84,85,86,-1,86,85,87,-1,88,89,90,-1,90,89,91,-1,92,93,94,-1,94,93,95,-1,96,97,98,-1,98,97,99,-1,92,94,100,-1,100,94,101,-1,100,101,102,-1,102,101,103,-1,102,103,104,-1,104,103,105,-1,104,105,106,-1,106,105,107,-1,106,107,108,-1,108,107,109,-1,108,109,98,-1,98,109,96,-1,99,97,110,-1,110,97,111,-1,110,111,112,-1,112,111,113,-1,112,113,114,-1,114,113,115,-1,114,115,116,-1,116,115,117,-1,116,117,118,-1,118,117,119,-1,118,119,120,-1,120,119,121,-1,120,121,86,-1,86,121,84,-1,88,90,122,-1,122,90,123,-1,122,123,124,-1,124,123,125,-1,124,125,126,-1,126,125,127,-1,126,127,128,-1,128,127,129,-1,128,129,130,-1,130,129,131,-1,130,131,93,-1,93,131,95,-1,87,85,132,-1,132,85,133,-1,132,133,134,-1,134,133,135,-1,134,135,136,-1,136,135,137,-1,136,137,138,-1,138,137,139,-1,138,139,140,-1,140,139,141,-1,140,141,142,-1,142,141,143,-1,142,143,89,-1,89,143,91,-1,144,145,146,-1,146,145,147,-1,148,149,150,-1,150,149,151,-1,150,151,152,-1,152,151,153,-1,152,153,154,-1,154,153,155,-1,154,155,156,-1,156,155,157,-1,156,157,158,-1,158,157,159,-1,158,159,146,-1,146,159,144,-1,160,149,161,-1,161,149,148,-1,162,163,164,-1,164,163,165,-1,164,165,166,-1,166,165,167,-1,166,167,168,-1,168,167,169,-1,168,169,170,-1,170,169,171,-1,170,171,172,-1,172,171,173,-1,172,173,161,-1,161,173,160,-1,162,174,163,-1,163,174,175,-1,176,177,178,-1,178,177,179,-1,178,179,180,-1,180,179,181,-1,180,181,182,-1,182,181,183,-1,182,183,184,-1,184,183,185,-1,184,185,186,-1,186,185,187,-1,186,187,174,-1,174,187,175,-1,176,188,177,-1,177,188,189,-1,147,145,190,-1,190,145,191,-1,190,191,192,-1,192,191,193,-1,192,193,194,-1,194,193,195,-1,194,195,196,-1,196,195,197,-1,196,197,198,-1,198,197,199,-1,198,199,188,-1,188,199,189,-1,200,201,202,-1,202,201,203,-1,202,203,204,-1,204,203,205,-1,206,207,203,-1,203,207,208,-1,203,208,205,-1,209,210,211,-1,211,210,212,-1,211,212,213,-1,213,212,214,-1,213,214,215,-1,215,214,216,-1,215,216,217,-1,217,216,218,-1,217,218,219,-1,219,218,220,-1,219,220,221,-1,221,220,222,-1,221,222,223,-1,223,222,224,-1,223,224,203,-1,203,224,225,-1,203,225,206,-1,
        ]
    }
}