#VRML V2.0 utf8
# 3D model generated by easyeda2kicad.py (https://github.com/uPesy/easyeda2kicad.py)

Shape{
    appearance Appearance {
        material  Material 	{
            diffuseColor 0.6666666666666666 0.6980392156862745 0.7686274509803922
            specularColor 0.3333333333333333 0.34901960784313724 0.3843137254901961
            ambientIntensity 0.6967
            transparency 0.0
            shininess 0.5
        }
    }
    geometry IndexedFaceSet {
        ccw TRUE
        solid FALSE
        coord DEF co Coordinate {
            point [
                0.9252 -1.0318 0.7756, 0.9252 0.3189 0.7756, 0.8465 -1.0318 0.7756, 0.8465 0.3189 0.7756, 0.9252 -1.0318 0.7362, 0.8465 -1.0318 0.7362, 0.9252 0.3189 0.7362, 0.8465 0.3189 0.7362, 0.9252 0.3276 0.7352, 0.8465 0.3276 0.7352, 0.9252 0.336 0.7323, 0.8465 0.336 0.7323, 0.9252 0.3434 0.7276, 0.8465 0.3434 0.7276, 0.9252 0.3496 0.7214, 0.8465 0.3496 0.7214, 0.9252 0.3543 0.7139, 0.8465 0.3543 0.7139, 0.9252 0.3573 0.7056, 0.8465 0.3573 0.7056, 0.9252 0.3582 0.6969, 0.8465 0.3582 0.6969, 0.9252 0.3582 0.0394, 0.8465 0.3582 0.0394, 0.8465 0.3596 0.0292, 0.9252 0.3596 0.0292, 0.8465 0.3635 0.0197, 0.9252 0.3635 0.0197, 0.8465 0.3698 0.0115, 0.9252 0.3698 0.0115, 0.8465 0.3779 0.0053, 0.9252 0.3779 0.0053, 0.8465 0.3874 0.0013, 0.9252 0.3874 0.0013, 0.8465 0.3976 0.0, 0.9252 0.3976 0.0, 0.9252 0.6889 0.0, 0.8465 0.6889 0.0, 0.9252 0.6889 0.0394, 0.8465 0.6889 0.0394, 0.9252 0.3976 0.0394, 0.8465 0.3976 0.0394, 0.9252 0.3976 0.6969, 0.8465 0.3976 0.6969, 0.8465 0.3956 0.7144, 0.9252 0.3956 0.7144, 0.8465 0.3898 0.731, 0.9252 0.3898 0.731, 0.8465 0.3804 0.7459, 0.9252 0.3804 0.7459, 0.8465 0.368 0.7584, 0.9252 0.368 0.7584, 0.8465 0.353 0.7678, 0.9252 0.353 0.7678, 0.8465 0.3364 0.7736, 0.9252 0.3364 0.7736, -1.6339 0.3556 0.1295, -1.6339 -0.8803 0.2111, -1.7126 0.3556 0.1295, -1.7126 -0.8803 0.2111, -1.6339 0.3582 0.1688, -1.7126 0.3582 0.1688, -1.6339 -0.8777 0.2504, -1.7126 -0.8777 0.2504, -1.7126 -0.8854 0.2501, -1.6339 -0.8854 0.2501, -1.7126 -0.893 0.2484, -1.6339 -0.893 0.2484, -1.6339 -1.3675 0.0866, -1.7126 -1.3675 0.0866, -1.6339 -1.3548 0.0493, -1.7126 -1.3548 0.0493, 1.3189 -1.0318 0.7756, 1.3189 0.3189 0.7756, 1.2402 -1.0318 0.7756, 1.2402 0.3189 0.7756, 1.3189 -1.0318 0.7362, 1.2402 -1.0318 0.7362, 1.3189 0.3189 0.7362, 1.2402 0.3189 0.7362, 1.3189 0.3276 0.7352, 1.2402 0.3276 0.7352, 1.3189 0.336 0.7323, 1.2402 0.336 0.7323, 1.3189 0.3434 0.7276, 1.2402 0.3434 0.7276, 1.3189 0.3496 0.7214, 1.2402 0.3496 0.7214, 1.3189 0.3543 0.7139, 1.2402 0.3543 0.7139, 1.3189 0.3573 0.7056, 1.2402 0.3573 0.7056, 1.3189 0.3582 0.6969, 1.2402 0.3582 0.6969, 1.3189 0.3582 0.0394, 1.2402 0.3582 0.0394, 1.2402 0.3596 0.0292, 1.3189 0.3596 0.0292, 1.2402 0.3635 0.0197, 1.3189 0.3635 0.0197, 1.2402 0.3698 0.0115, 1.3189 0.3698 0.0115, 1.2402 0.3779 0.0053, 1.3189 0.3779 0.0053, 1.2402 0.3874 0.0013, 1.3189 0.3874 0.0013, 1.2402 0.3976 0.0, 1.3189 0.3976 0.0, 1.3189 0.6889 0.0, 1.2402 0.6889 0.0, 1.3189 0.6889 0.0394, 1.2402 0.6889 0.0394, 1.3189 0.3976 0.0394, 1.2402 0.3976 0.0394, 1.3189 0.3976 0.6969, 1.2402 0.3976 0.6969, 1.2402 0.3956 0.7144, 1.3189 0.3956 0.7144, 1.2402 0.3898 0.731, 1.3189 0.3898 0.731, 1.2402 0.3804 0.7459, 1.3189 0.3804 0.7459, 1.2402 0.368 0.7584, 1.3189 0.368 0.7584, 1.2402 0.353 0.7678, 1.3189 0.353 0.7678, 1.2402 0.3364 0.7736, 1.3189 0.3364 0.7736, -0.2559 0.3556 0.1295, -0.2559 -0.8803 0.2111, -0.3346 0.3556 0.1295, -0.3346 -0.8803 0.2111, -0.2559 0.3582 0.1688, -0.3346 0.3582 0.1688, -0.2559 -0.8777 0.2504, -0.3346 -0.8777 0.2504, -0.3346 -0.8854 0.2501, -0.2559 -0.8854 0.2501, -0.3346 -0.893 0.2484, -0.2559 -0.893 0.2484, -0.2559 -1.3675 0.0866, -0.3346 -1.3675 0.0866, -0.2559 -1.3548 0.0493, -0.3346 -1.3548 0.0493, -2.0276 -1.0318 0.7756, -2.0276 0.3189 0.7756, -2.1063 -1.0318 0.7756, -2.1063 0.3189 0.7756, -2.0276 -1.0318 0.7362, -2.1063 -1.0318 0.7362, -2.0276 0.3189 0.7362, -2.1063 0.3189 0.7362, -2.0276 0.3276 0.7352, -2.1063 0.3276 0.7352, -2.0276 0.336 0.7323, -2.1063 0.336 0.7323, -2.0276 0.3434 0.7276, -2.1063 0.3434 0.7276, -2.0276 0.3496 0.7214, -2.1063 0.3496 0.7214, -2.0276 0.3543 0.7139, -2.1063 0.3543 0.7139, -2.0276 0.3573 0.7056, -2.1063 0.3573 0.7056, -2.0276 0.3582 0.6969, -2.1063 0.3582 0.6969, -2.0276 0.3582 0.0394, -2.1063 0.3582 0.0394, -2.1063 0.3596 0.0292, -2.0276 0.3596 0.0292, -2.1063 0.3635 0.0197, -2.0276 0.3635 0.0197, -2.1063 0.3698 0.0115, -2.0276 0.3698 0.0115, -2.1063 0.3779 0.0053, -2.0276 0.3779 0.0053, -2.1063 0.3874 0.0013, -2.0276 0.3874 0.0013, -2.1063 0.3976 0.0, -2.0276 0.3976 0.0, -2.0276 0.6889 0.0, -2.1063 0.6889 0.0, -2.0276 0.6889 0.0394, -2.1063 0.6889 0.0394, -2.0276 0.3976 0.0394, -2.1063 0.3976 0.0394, -2.0276 0.3976 0.6969, -2.1063 0.3976 0.6969, -2.1063 0.3956 0.7144, -2.0276 0.3956 0.7144, -2.1063 0.3898 0.731, -2.0276 0.3898 0.731, -2.1063 0.3804 0.7459, -2.0276 0.3804 0.7459, -2.1063 0.368 0.7584, -2.0276 0.368 0.7584, -2.1063 0.353 0.7678, -2.0276 0.353 0.7678, -2.1063 0.3364 0.7736, -2.0276 0.3364 0.7736, 1.122 0.3556 0.1295, 1.122 -0.8803 0.2111, 1.0433 0.3556 0.1295, 1.0433 -0.8803 0.2111, 1.122 0.3582 0.1688, 1.0433 0.3582 0.1688, 1.122 -0.8777 0.2504, 1.0433 -0.8777 0.2504, 1.0433 -0.8854 0.2501, 1.122 -0.8854 0.2501, 1.0433 -0.893 0.2484, 1.122 -0.893 0.2484, 1.122 -1.3675 0.0866, 1.0433 -1.3675 0.0866, 1.122 -1.3548 0.0493, 1.0433 -1.3548 0.0493, 1.7126 -1.0318 0.7756, 1.7126 0.3189 0.7756, 1.6339 -1.0318 0.7756, 1.6339 0.3189 0.7756, 1.7126 -1.0318 0.7362, 1.6339 -1.0318 0.7362, 1.7126 0.3189 0.7362, 1.6339 0.3189 0.7362, 1.7126 0.3276 0.7352, 1.6339 0.3276 0.7352, 1.7126 0.336 0.7323, 1.6339 0.336 0.7323, 1.7126 0.3434 0.7276, 1.6339 0.3434 0.7276, 1.7126 0.3496 0.7214, 1.6339 0.3496 0.7214, 1.7126 0.3543 0.7139, 1.6339 0.3543 0.7139, 1.7126 0.3573 0.7056, 1.6339 0.3573 0.7056, 1.7126 0.3582 0.6969, 1.6339 0.3582 0.6969, 1.7126 0.3582 0.0394, 1.6339 0.3582 0.0394, 1.6339 0.3596 0.0292, 1.7126 0.3596 0.0292, 1.6339 0.3635 0.0197, 1.7126 0.3635 0.0197, 1.6339 0.3698 0.0115, 1.7126 0.3698 0.0115, 1.6339 0.3779 0.0053, 1.7126 0.3779 0.0053, 1.6339 0.3874 0.0013, 1.7126 0.3874 0.0013, 1.6339 0.3976 0.0, 1.7126 0.3976 0.0, 1.7126 0.6889 0.0, 1.6339 0.6889 0.0, 1.7126 0.6889 0.0394, 1.6339 0.6889 0.0394, 1.7126 0.3976 0.0394, 1.6339 0.3976 0.0394, 1.7126 0.3976 0.6969, 1.6339 0.3976 0.6969, 1.6339 0.3956 0.7144, 1.7126 0.3956 0.7144, 1.6339 0.3898 0.731, 1.7126 0.3898 0.731, 1.6339 0.3804 0.7459, 1.7126 0.3804 0.7459, 1.6339 0.368 0.7584, 1.7126 0.368 0.7584, 1.6339 0.353 0.7678, 1.7126 0.353 0.7678, 1.6339 0.3364 0.7736, 1.7126 0.3364 0.7736, -1.6339 -1.0318 0.7756, -1.6339 0.3189 0.7756, -1.7126 -1.0318 0.7756, -1.7126 0.3189 0.7756, -1.6339 -1.0318 0.7362, -1.7126 -1.0318 0.7362, -1.6339 0.3189 0.7362, -1.7126 0.3189 0.7362, -1.6339 0.3276 0.7352, -1.7126 0.3276 0.7352, -1.6339 0.336 0.7323, -1.7126 0.336 0.7323, -1.6339 0.3434 0.7276, -1.7126 0.3434 0.7276, -1.6339 0.3496 0.7214, -1.7126 0.3496 0.7214, -1.6339 0.3543 0.7139, -1.7126 0.3543 0.7139, -1.6339 0.3573 0.7056, -1.7126 0.3573 0.7056, -1.6339 0.3582 0.6969, -1.7126 0.3582 0.6969, -1.6339 0.3582 0.0394, -1.7126 0.3582 0.0394, -1.7126 0.3596 0.0292, -1.6339 0.3596 0.0292, -1.7126 0.3635 0.0197, -1.6339 0.3635 0.0197, -1.7126 0.3698 0.0115, -1.6339 0.3698 0.0115, -1.7126 0.3779 0.0053, -1.6339 0.3779 0.0053, -1.7126 0.3874 0.0013, -1.6339 0.3874 0.0013, -1.7126 0.3976 0.0, -1.6339 0.3976 0.0, -1.6339 0.6889 0.0, -1.7126 0.6889 0.0, -1.6339 0.6889 0.0394, -1.7126 0.6889 0.0394, -1.6339 0.3976 0.0394, -1.7126 0.3976 0.0394, -1.6339 0.3976 0.6969, -1.7126 0.3976 0.6969, -1.7126 0.3956 0.7144, -1.6339 0.3956 0.7144, -1.7126 0.3898 0.731, -1.6339 0.3898 0.731, -1.7126 0.3804 0.7459, -1.6339 0.3804 0.7459, -1.7126 0.368 0.7584, -1.6339 0.368 0.7584, -1.7126 0.353 0.7678, -1.6339 0.353 0.7678, -1.7126 0.3364 0.7736, -1.6339 0.3364 0.7736, 2.3031 -1.0318 0.7756, 2.3031 0.3189 0.7756, 2.2244 -1.0318 0.7756, 2.2244 0.3189 0.7756, 2.3031 -1.0318 0.7362, 2.2244 -1.0318 0.7362, 2.3031 0.3189 0.7362, 2.2244 0.3189 0.7362, 2.3031 0.3276 0.7352, 2.2244 0.3276 0.7352, 2.3031 0.336 0.7323, 2.2244 0.336 0.7323, 2.3031 0.3434 0.7276, 2.2244 0.3434 0.7276, 2.3031 0.3496 0.7214, 2.2244 0.3496 0.7214, 2.3031 0.3543 0.7139, 2.2244 0.3543 0.7139, 2.3031 0.3573 0.7056, 2.2244 0.3573 0.7056, 2.3031 0.3582 0.6969, 2.2244 0.3582 0.6969, 2.3031 0.3582 0.0394, 2.2244 0.3582 0.0394, 2.2244 0.3596 0.0292, 2.3031 0.3596 0.0292, 2.2244 0.3635 0.0197, 2.3031 0.3635 0.0197, 2.2244 0.3698 0.0115, 2.3031 0.3698 0.0115, 2.2244 0.3779 0.0053, 2.3031 0.3779 0.0053, 2.2244 0.3874 0.0013, 2.3031 0.3874 0.0013, 2.2244 0.3976 0.0, 2.3031 0.3976 0.0, 2.3031 0.6889 0.0, 2.2244 0.6889 0.0, 2.3031 0.6889 0.0394, 2.2244 0.6889 0.0394, 2.3031 0.3976 0.0394, 2.2244 0.3976 0.0394, 2.3031 0.3976 0.6969, 2.2244 0.3976 0.6969, 2.2244 0.3956 0.7144, 2.3031 0.3956 0.7144, 2.2244 0.3898 0.731, 2.3031 0.3898 0.731, 2.2244 0.3804 0.7459, 2.3031 0.3804 0.7459, 2.2244 0.368 0.7584, 2.3031 0.368 0.7584, 2.2244 0.353 0.7678, 2.3031 0.353 0.7678, 2.2244 0.3364 0.7736, 2.3031 0.3364 0.7736, 2.1063 -1.0318 0.7756, 2.1063 0.3189 0.7756, 2.0276 -1.0318 0.7756, 2.0276 0.3189 0.7756, 2.1063 -1.0318 0.7362, 2.0276 -1.0318 0.7362, 2.1063 0.3189 0.7362, 2.0276 0.3189 0.7362, 2.1063 0.3276 0.7352, 2.0276 0.3276 0.7352, 2.1063 0.336 0.7323, 2.0276 0.336 0.7323, 2.1063 0.3434 0.7276, 2.0276 0.3434 0.7276, 2.1063 0.3496 0.7214, 2.0276 0.3496 0.7214, 2.1063 0.3543 0.7139, 2.0276 0.3543 0.7139, 2.1063 0.3573 0.7056, 2.0276 0.3573 0.7056, 2.1063 0.3582 0.6969, 2.0276 0.3582 0.6969, 2.1063 0.3582 0.0394, 2.0276 0.3582 0.0394, 2.0276 0.3596 0.0292, 2.1063 0.3596 0.0292, 2.0276 0.3635 0.0197, 2.1063 0.3635 0.0197, 2.0276 0.3698 0.0115, 2.1063 0.3698 0.0115, 2.0276 0.3779 0.0053, 2.1063 0.3779 0.0053, 2.0276 0.3874 0.0013, 2.1063 0.3874 0.0013, 2.0276 0.3976 0.0, 2.1063 0.3976 0.0, 2.1063 0.6889 0.0, 2.0276 0.6889 0.0, 2.1063 0.6889 0.0394, 2.0276 0.6889 0.0394, 2.1063 0.3976 0.0394, 2.0276 0.3976 0.0394, 2.1063 0.3976 0.6969, 2.0276 0.3976 0.6969, 2.0276 0.3956 0.7144, 2.1063 0.3956 0.7144, 2.0276 0.3898 0.731, 2.1063 0.3898 0.731, 2.0276 0.3804 0.7459, 2.1063 0.3804 0.7459, 2.0276 0.368 0.7584, 2.1063 0.368 0.7584, 2.0276 0.353 0.7678, 2.1063 0.353 0.7678, 2.0276 0.3364 0.7736, 2.1063 0.3364 0.7736, -1.2402 -1.0318 0.7756, -1.2402 0.3189 0.7756, -1.3189 -1.0318 0.7756, -1.3189 0.3189 0.7756, -1.2402 -1.0318 0.7362, -1.3189 -1.0318 0.7362, -1.2402 0.3189 0.7362, -1.3189 0.3189 0.7362, -1.2402 0.3276 0.7352, -1.3189 0.3276 0.7352, -1.2402 0.336 0.7323, -1.3189 0.336 0.7323, -1.2402 0.3434 0.7276, -1.3189 0.3434 0.7276, -1.2402 0.3496 0.7214, -1.3189 0.3496 0.7214, -1.2402 0.3543 0.7139, -1.3189 0.3543 0.7139, -1.2402 0.3573 0.7056, -1.3189 0.3573 0.7056, -1.2402 0.3582 0.6969, -1.3189 0.3582 0.6969, -1.2402 0.3582 0.0394, -1.3189 0.3582 0.0394, -1.3189 0.3596 0.0292, -1.2402 0.3596 0.0292, -1.3189 0.3635 0.0197, -1.2402 0.3635 0.0197, -1.3189 0.3698 0.0115, -1.2402 0.3698 0.0115, -1.3189 0.3779 0.0053, -1.2402 0.3779 0.0053, -1.3189 0.3874 0.0013, -1.2402 0.3874 0.0013, -1.3189 0.3976 0.0, -1.2402 0.3976 0.0, -1.2402 0.6889 0.0, -1.3189 0.6889 0.0, -1.2402 0.6889 0.0394, -1.3189 0.6889 0.0394, -1.2402 0.3976 0.0394, -1.3189 0.3976 0.0394, -1.2402 0.3976 0.6969, -1.3189 0.3976 0.6969, -1.3189 0.3956 0.7144, -1.2402 0.3956 0.7144, -1.3189 0.3898 0.731, -1.2402 0.3898 0.731, -1.3189 0.3804 0.7459, -1.2402 0.3804 0.7459, -1.3189 0.368 0.7584, -1.2402 0.368 0.7584, -1.3189 0.353 0.7678, -1.2402 0.353 0.7678, -1.3189 0.3364 0.7736, -1.2402 0.3364 0.7736, -1.0433 0.3556 0.1295, -1.0433 -0.8803 0.2111, -1.122 0.3556 0.1295, -1.122 -0.8803 0.2111, -1.0433 0.3582 0.1688, -1.122 0.3582 0.1688, -1.0433 -0.8777 0.2504, -1.122 -0.8777 0.2504, -1.122 -0.8854 0.2501, -1.0433 -0.8854 0.2501, -1.122 -0.893 0.2484, -1.0433 -0.893 0.2484, -1.0433 -1.3675 0.0866, -1.122 -1.3675 0.0866, -1.0433 -1.3548 0.0493, -1.122 -1.3548 0.0493, 0.3346 0.3556 0.1295, 0.3346 -0.8803 0.2111, 0.2559 0.3556 0.1295, 0.2559 -0.8803 0.2111, 0.3346 0.3582 0.1688, 0.2559 0.3582 0.1688, 0.3346 -0.8777 0.2504, 0.2559 -0.8777 0.2504, 0.2559 -0.8854 0.2501, 0.3346 -0.8854 0.2501, 0.2559 -0.893 0.2484, 0.3346 -0.893 0.2484, 0.3346 -1.3675 0.0866, 0.2559 -1.3675 0.0866, 0.3346 -1.3548 0.0493, 0.2559 -1.3548 0.0493, 2.3031 0.3556 0.1295, 2.3031 -0.8803 0.2111, 2.2244 0.3556 0.1295, 2.2244 -0.8803 0.2111, 2.3031 0.3582 0.1688, 2.2244 0.3582 0.1688, 2.3031 -0.8777 0.2504, 2.2244 -0.8777 0.2504, 2.2244 -0.8854 0.2501, 2.3031 -0.8854 0.2501, 2.2244 -0.893 0.2484, 2.3031 -0.893 0.2484, 2.3031 -1.3675 0.0866, 2.2244 -1.3675 0.0866, 2.3031 -1.3548 0.0493, 2.2244 -1.3548 0.0493, 1.7126 0.3556 0.1295, 1.7126 -0.8803 0.2111, 1.6339 0.3556 0.1295, 1.6339 -0.8803 0.2111, 1.7126 0.3582 0.1688, 1.6339 0.3582 0.1688, 1.7126 -0.8777 0.2504, 1.6339 -0.8777 0.2504, 1.6339 -0.8854 0.2501, 1.7126 -0.8854 0.2501, 1.6339 -0.893 0.2484, 1.7126 -0.893 0.2484, 1.7126 -1.3675 0.0866, 1.6339 -1.3675 0.0866, 1.7126 -1.3548 0.0493, 1.6339 -1.3548 0.0493
            ]
        }
        coordIndex [
            0,1,2,-1,2,1,3,-1,4,0,5,-1,5,0,2,-1,6,4,7,-1,7,4,5,-1,6,7,8,-1,8,7,9,-1,8,9,10,-1,10,9,11,-1,10,11,12,-1,12,11,13,-1,12,13,14,-1,14,13,15,-1,14,15,16,-1,16,15,17,-1,16,17,18,-1,18,17,19,-1,18,19,20,-1,20,19,21,-1,22,20,23,-1,23,20,21,-1,22,23,24,-1,22,24,25,-1,25,24,26,-1,25,26,27,-1,27,26,28,-1,27,28,29,-1,29,28,30,-1,29,30,31,-1,31,30,32,-1,31,32,33,-1,33,32,34,-1,33,34,35,-1,36,35,37,-1,37,35,34,-1,38,36,39,-1,39,36,37,-1,40,38,41,-1,41,38,39,-1,42,40,43,-1,43,40,41,-1,42,43,44,-1,42,44,45,-1,45,44,46,-1,45,46,47,-1,47,46,48,-1,47,48,49,-1,49,48,50,-1,49,50,51,-1,51,50,52,-1,51,52,53,-1,53,52,54,-1,53,54,55,-1,55,54,3,-1,55,3,1,-1,36,38,35,-1,35,38,40,-1,35,40,33,-1,33,40,31,-1,25,27,40,-1,40,27,29,-1,40,29,31,-1,0,4,1,-1,1,4,6,-1,1,6,55,-1,55,6,8,-1,55,8,53,-1,53,8,10,-1,53,10,51,-1,51,10,12,-1,51,12,49,-1,49,12,14,-1,49,14,47,-1,47,14,16,-1,47,16,45,-1,45,16,18,-1,45,18,42,-1,42,18,20,-1,42,20,40,-1,40,20,22,-1,40,22,25,-1,39,37,41,-1,41,37,34,-1,41,34,32,-1,32,30,41,-1,41,30,28,-1,41,28,26,-1,5,2,7,-1,7,2,3,-1,7,3,9,-1,9,3,54,-1,9,54,11,-1,11,54,52,-1,11,52,13,-1,13,52,50,-1,13,50,15,-1,15,50,48,-1,15,48,17,-1,17,48,46,-1,17,46,19,-1,19,46,44,-1,19,44,21,-1,21,44,43,-1,21,43,23,-1,23,43,41,-1,23,41,24,-1,24,41,26,-1,56,57,58,-1,58,57,59,-1,60,56,61,-1,61,56,58,-1,62,60,63,-1,63,60,61,-1,62,63,64,-1,62,64,65,-1,65,64,66,-1,65,66,67,-1,68,67,69,-1,69,67,66,-1,70,68,71,-1,71,68,69,-1,57,70,59,-1,59,70,71,-1,60,62,56,-1,56,62,57,-1,68,70,67,-1,67,70,57,-1,67,57,65,-1,65,57,62,-1,69,66,71,-1,71,66,59,-1,61,58,63,-1,63,58,59,-1,63,59,64,-1,64,59,66,-1,72,73,74,-1,74,73,75,-1,76,72,77,-1,77,72,74,-1,78,76,79,-1,79,76,77,-1,78,79,80,-1,80,79,81,-1,80,81,82,-1,82,81,83,-1,82,83,84,-1,84,83,85,-1,84,85,86,-1,86,85,87,-1,86,87,88,-1,88,87,89,-1,88,89,90,-1,90,89,91,-1,90,91,92,-1,92,91,93,-1,94,92,95,-1,95,92,93,-1,94,95,96,-1,94,96,97,-1,97,96,98,-1,97,98,99,-1,99,98,100,-1,99,100,101,-1,101,100,102,-1,101,102,103,-1,103,102,104,-1,103,104,105,-1,105,104,106,-1,105,106,107,-1,108,107,109,-1,109,107,106,-1,110,108,111,-1,111,108,109,-1,112,110,113,-1,113,110,111,-1,114,112,115,-1,115,112,113,-1,114,115,116,-1,114,116,117,-1,117,116,118,-1,117,118,119,-1,119,118,120,-1,119,120,121,-1,121,120,122,-1,121,122,123,-1,123,122,124,-1,123,124,125,-1,125,124,126,-1,125,126,127,-1,127,126,75,-1,127,75,73,-1,108,110,107,-1,107,110,112,-1,107,112,105,-1,105,112,103,-1,97,99,112,-1,112,99,101,-1,112,101,103,-1,72,76,73,-1,73,76,78,-1,73,78,127,-1,127,78,80,-1,127,80,125,-1,125,80,82,-1,125,82,123,-1,123,82,84,-1,123,84,121,-1,121,84,86,-1,121,86,119,-1,119,86,88,-1,119,88,117,-1,117,88,90,-1,117,90,114,-1,114,90,92,-1,114,92,112,-1,112,92,94,-1,112,94,97,-1,111,109,113,-1,113,109,106,-1,113,106,104,-1,104,102,113,-1,113,102,100,-1,113,100,98,-1,77,74,79,-1,79,74,75,-1,79,75,81,-1,81,75,126,-1,81,126,83,-1,83,126,124,-1,83,124,85,-1,85,124,122,-1,85,122,87,-1,87,122,120,-1,87,120,89,-1,89,120,118,-1,89,118,91,-1,91,118,116,-1,91,116,93,-1,93,116,115,-1,93,115,95,-1,95,115,113,-1,95,113,96,-1,96,113,98,-1,128,129,130,-1,130,129,131,-1,132,128,133,-1,133,128,130,-1,134,132,135,-1,135,132,133,-1,134,135,136,-1,134,136,137,-1,137,136,138,-1,137,138,139,-1,140,139,141,-1,141,139,138,-1,142,140,143,-1,143,140,141,-1,129,142,131,-1,131,142,143,-1,132,134,128,-1,128,134,129,-1,140,142,139,-1,139,142,129,-1,139,129,137,-1,137,129,134,-1,141,138,143,-1,143,138,131,-1,133,130,135,-1,135,130,131,-1,135,131,136,-1,136,131,138,-1,144,145,146,-1,146,145,147,-1,148,144,149,-1,149,144,146,-1,150,148,151,-1,151,148,149,-1,150,151,152,-1,152,151,153,-1,152,153,154,-1,154,153,155,-1,154,155,156,-1,156,155,157,-1,156,157,158,-1,158,157,159,-1,158,159,160,-1,160,159,161,-1,160,161,162,-1,162,161,163,-1,162,163,164,-1,164,163,165,-1,166,164,167,-1,167,164,165,-1,166,167,168,-1,166,168,169,-1,169,168,170,-1,169,170,171,-1,171,170,172,-1,171,172,173,-1,173,172,174,-1,173,174,175,-1,175,174,176,-1,175,176,177,-1,177,176,178,-1,177,178,179,-1,180,179,181,-1,181,179,178,-1,182,180,183,-1,183,180,181,-1,184,182,185,-1,185,182,183,-1,186,184,187,-1,187,184,185,-1,186,187,188,-1,186,188,189,-1,189,188,190,-1,189,190,191,-1,191,190,192,-1,191,192,193,-1,193,192,194,-1,193,194,195,-1,195,194,196,-1,195,196,197,-1,197,196,198,-1,197,198,199,-1,199,198,147,-1,199,147,145,-1,180,182,179,-1,179,182,184,-1,179,184,177,-1,177,184,175,-1,169,171,184,-1,184,171,173,-1,184,173,175,-1,144,148,145,-1,145,148,150,-1,145,150,199,-1,199,150,152,-1,199,152,197,-1,197,152,154,-1,197,154,195,-1,195,154,156,-1,195,156,193,-1,193,156,158,-1,193,158,191,-1,191,158,160,-1,191,160,189,-1,189,160,162,-1,189,162,186,-1,186,162,164,-1,186,164,184,-1,184,164,166,-1,184,166,169,-1,183,181,185,-1,185,181,178,-1,185,178,176,-1,176,174,185,-1,185,174,172,-1,185,172,170,-1,149,146,151,-1,151,146,147,-1,151,147,153,-1,153,147,198,-1,153,198,155,-1,155,198,196,-1,155,196,157,-1,157,196,194,-1,157,194,159,-1,159,194,192,-1,159,192,161,-1,161,192,190,-1,161,190,163,-1,163,190,188,-1,163,188,165,-1,165,188,187,-1,165,187,167,-1,167,187,185,-1,167,185,168,-1,168,185,170,-1,200,201,202,-1,202,201,203,-1,204,200,205,-1,205,200,202,-1,206,204,207,-1,207,204,205,-1,206,207,208,-1,206,208,209,-1,209,208,210,-1,209,210,211,-1,212,211,213,-1,213,211,210,-1,214,212,215,-1,215,212,213,-1,201,214,203,-1,203,214,215,-1,204,206,200,-1,200,206,201,-1,212,214,211,-1,211,214,201,-1,211,201,209,-1,209,201,206,-1,213,210,215,-1,215,210,203,-1,205,202,207,-1,207,202,203,-1,207,203,208,-1,208,203,210,-1,216,217,218,-1,218,217,219,-1,220,216,221,-1,221,216,218,-1,222,220,223,-1,223,220,221,-1,222,223,224,-1,224,223,225,-1,224,225,226,-1,226,225,227,-1,226,227,228,-1,228,227,229,-1,228,229,230,-1,230,229,231,-1,230,231,232,-1,232,231,233,-1,232,233,234,-1,234,233,235,-1,234,235,236,-1,236,235,237,-1,238,236,239,-1,239,236,237,-1,238,239,240,-1,238,240,241,-1,241,240,242,-1,241,242,243,-1,243,242,244,-1,243,244,245,-1,245,244,246,-1,245,246,247,-1,247,246,248,-1,247,248,249,-1,249,248,250,-1,249,250,251,-1,252,251,253,-1,253,251,250,-1,254,252,255,-1,255,252,253,-1,256,254,257,-1,257,254,255,-1,258,256,259,-1,259,256,257,-1,258,259,260,-1,258,260,261,-1,261,260,262,-1,261,262,263,-1,263,262,264,-1,263,264,265,-1,265,264,266,-1,265,266,267,-1,267,266,268,-1,267,268,269,-1,269,268,270,-1,269,270,271,-1,271,270,219,-1,271,219,217,-1,252,254,251,-1,251,254,256,-1,251,256,249,-1,249,256,247,-1,241,243,256,-1,256,243,245,-1,256,245,247,-1,216,220,217,-1,217,220,222,-1,217,222,271,-1,271,222,224,-1,271,224,269,-1,269,224,226,-1,269,226,267,-1,267,226,228,-1,267,228,265,-1,265,228,230,-1,265,230,263,-1,263,230,232,-1,263,232,261,-1,261,232,234,-1,261,234,258,-1,258,234,236,-1,258,236,256,-1,256,236,238,-1,256,238,241,-1,255,253,257,-1,257,253,250,-1,257,250,248,-1,248,246,257,-1,257,246,244,-1,257,244,242,-1,221,218,223,-1,223,218,219,-1,223,219,225,-1,225,219,270,-1,225,270,227,-1,227,270,268,-1,227,268,229,-1,229,268,266,-1,229,266,231,-1,231,266,264,-1,231,264,233,-1,233,264,262,-1,233,262,235,-1,235,262,260,-1,235,260,237,-1,237,260,259,-1,237,259,239,-1,239,259,257,-1,239,257,240,-1,240,257,242,-1,272,273,274,-1,274,273,275,-1,276,272,277,-1,277,272,274,-1,278,276,279,-1,279,276,277,-1,278,279,280,-1,280,279,281,-1,280,281,282,-1,282,281,283,-1,282,283,284,-1,284,283,285,-1,284,285,286,-1,286,285,287,-1,286,287,288,-1,288,287,289,-1,288,289,290,-1,290,289,291,-1,290,291,292,-1,292,291,293,-1,294,292,295,-1,295,292,293,-1,294,295,296,-1,294,296,297,-1,297,296,298,-1,297,298,299,-1,299,298,300,-1,299,300,301,-1,301,300,302,-1,301,302,303,-1,303,302,304,-1,303,304,305,-1,305,304,306,-1,305,306,307,-1,308,307,309,-1,309,307,306,-1,310,308,311,-1,311,308,309,-1,312,310,313,-1,313,310,311,-1,314,312,315,-1,315,312,313,-1,314,315,316,-1,314,316,317,-1,317,316,318,-1,317,318,319,-1,319,318,320,-1,319,320,321,-1,321,320,322,-1,321,322,323,-1,323,322,324,-1,323,324,325,-1,325,324,326,-1,325,326,327,-1,327,326,275,-1,327,275,273,-1,308,310,307,-1,307,310,312,-1,307,312,305,-1,305,312,303,-1,297,299,312,-1,312,299,301,-1,312,301,303,-1,272,276,273,-1,273,276,278,-1,273,278,327,-1,327,278,280,-1,327,280,325,-1,325,280,282,-1,325,282,323,-1,323,282,284,-1,323,284,321,-1,321,284,286,-1,321,286,319,-1,319,286,288,-1,319,288,317,-1,317,288,290,-1,317,290,314,-1,314,290,292,-1,314,292,312,-1,312,292,294,-1,312,294,297,-1,311,309,313,-1,313,309,306,-1,313,306,304,-1,304,302,313,-1,313,302,300,-1,313,300,298,-1,277,274,279,-1,279,274,275,-1,279,275,281,-1,281,275,326,-1,281,326,283,-1,283,326,324,-1,283,324,285,-1,285,324,322,-1,285,322,287,-1,287,322,320,-1,287,320,289,-1,289,320,318,-1,289,318,291,-1,291,318,316,-1,291,316,293,-1,293,316,315,-1,293,315,295,-1,295,315,313,-1,295,313,296,-1,296,313,298,-1,328,329,330,-1,330,329,331,-1,332,328,333,-1,333,328,330,-1,334,332,335,-1,335,332,333,-1,334,335,336,-1,336,335,337,-1,336,337,338,-1,338,337,339,-1,338,339,340,-1,340,339,341,-1,340,341,342,-1,342,341,343,-1,342,343,344,-1,344,343,345,-1,344,345,346,-1,346,345,347,-1,346,347,348,-1,348,347,349,-1,350,348,351,-1,351,348,349,-1,350,351,352,-1,350,352,353,-1,353,352,354,-1,353,354,355,-1,355,354,356,-1,355,356,357,-1,357,356,358,-1,357,358,359,-1,359,358,360,-1,359,360,361,-1,361,360,362,-1,361,362,363,-1,364,363,365,-1,365,363,362,-1,366,364,367,-1,367,364,365,-1,368,366,369,-1,369,366,367,-1,370,368,371,-1,371,368,369,-1,370,371,372,-1,370,372,373,-1,373,372,374,-1,373,374,375,-1,375,374,376,-1,375,376,377,-1,377,376,378,-1,377,378,379,-1,379,378,380,-1,379,380,381,-1,381,380,382,-1,381,382,383,-1,383,382,331,-1,383,331,329,-1,364,366,363,-1,363,366,368,-1,363,368,361,-1,361,368,359,-1,353,355,368,-1,368,355,357,-1,368,357,359,-1,328,332,329,-1,329,332,334,-1,329,334,383,-1,383,334,336,-1,383,336,381,-1,381,336,338,-1,381,338,379,-1,379,338,340,-1,379,340,377,-1,377,340,342,-1,377,342,375,-1,375,342,344,-1,375,344,373,-1,373,344,346,-1,373,346,370,-1,370,346,348,-1,370,348,368,-1,368,348,350,-1,368,350,353,-1,367,365,369,-1,369,365,362,-1,369,362,360,-1,360,358,369,-1,369,358,356,-1,369,356,354,-1,333,330,335,-1,335,330,331,-1,335,331,337,-1,337,331,382,-1,337,382,339,-1,339,382,380,-1,339,380,341,-1,341,380,378,-1,341,378,343,-1,343,378,376,-1,343,376,345,-1,345,376,374,-1,345,374,347,-1,347,374,372,-1,347,372,349,-1,349,372,371,-1,349,371,351,-1,351,371,369,-1,351,369,352,-1,352,369,354,-1,384,385,386,-1,386,385,387,-1,388,384,389,-1,389,384,386,-1,390,388,391,-1,391,388,389,-1,390,391,392,-1,392,391,393,-1,392,393,394,-1,394,393,395,-1,394,395,396,-1,396,395,397,-1,396,397,398,-1,398,397,399,-1,398,399,400,-1,400,399,401,-1,400,401,402,-1,402,401,403,-1,402,403,404,-1,404,403,405,-1,406,404,407,-1,407,404,405,-1,406,407,408,-1,406,408,409,-1,409,408,410,-1,409,410,411,-1,411,410,412,-1,411,412,413,-1,413,412,414,-1,413,414,415,-1,415,414,416,-1,415,416,417,-1,417,416,418,-1,417,418,419,-1,420,419,421,-1,421,419,418,-1,422,420,423,-1,423,420,421,-1,424,422,425,-1,425,422,423,-1,426,424,427,-1,427,424,425,-1,426,427,428,-1,426,428,429,-1,429,428,430,-1,429,430,431,-1,431,430,432,-1,431,432,433,-1,433,432,434,-1,433,434,435,-1,435,434,436,-1,435,436,437,-1,437,436,438,-1,437,438,439,-1,439,438,387,-1,439,387,385,-1,420,422,419,-1,419,422,424,-1,419,424,417,-1,417,424,415,-1,409,411,424,-1,424,411,413,-1,424,413,415,-1,384,388,385,-1,385,388,390,-1,385,390,439,-1,439,390,392,-1,439,392,437,-1,437,392,394,-1,437,394,435,-1,435,394,396,-1,435,396,433,-1,433,396,398,-1,433,398,431,-1,431,398,400,-1,431,400,429,-1,429,400,402,-1,429,402,426,-1,426,402,404,-1,426,404,424,-1,424,404,406,-1,424,406,409,-1,423,421,425,-1,425,421,418,-1,425,418,416,-1,416,414,425,-1,425,414,412,-1,425,412,410,-1,389,386,391,-1,391,386,387,-1,391,387,393,-1,393,387,438,-1,393,438,395,-1,395,438,436,-1,395,436,397,-1,397,436,434,-1,397,434,399,-1,399,434,432,-1,399,432,401,-1,401,432,430,-1,401,430,403,-1,403,430,428,-1,403,428,405,-1,405,428,427,-1,405,427,407,-1,407,427,425,-1,407,425,408,-1,408,425,410,-1,440,441,442,-1,442,441,443,-1,444,440,445,-1,445,440,442,-1,446,444,447,-1,447,444,445,-1,446,447,448,-1,448,447,449,-1,448,449,450,-1,450,449,451,-1,450,451,452,-1,452,451,453,-1,452,453,454,-1,454,453,455,-1,454,455,456,-1,456,455,457,-1,456,457,458,-1,458,457,459,-1,458,459,460,-1,460,459,461,-1,462,460,463,-1,463,460,461,-1,462,463,464,-1,462,464,465,-1,465,464,466,-1,465,466,467,-1,467,466,468,-1,467,468,469,-1,469,468,470,-1,469,470,471,-1,471,470,472,-1,471,472,473,-1,473,472,474,-1,473,474,475,-1,476,475,477,-1,477,475,474,-1,478,476,479,-1,479,476,477,-1,480,478,481,-1,481,478,479,-1,482,480,483,-1,483,480,481,-1,482,483,484,-1,482,484,485,-1,485,484,486,-1,485,486,487,-1,487,486,488,-1,487,488,489,-1,489,488,490,-1,489,490,491,-1,491,490,492,-1,491,492,493,-1,493,492,494,-1,493,494,495,-1,495,494,443,-1,495,443,441,-1,476,478,475,-1,475,478,480,-1,475,480,473,-1,473,480,471,-1,465,467,480,-1,480,467,469,-1,480,469,471,-1,440,444,441,-1,441,444,446,-1,441,446,495,-1,495,446,448,-1,495,448,493,-1,493,448,450,-1,493,450,491,-1,491,450,452,-1,491,452,489,-1,489,452,454,-1,489,454,487,-1,487,454,456,-1,487,456,485,-1,485,456,458,-1,485,458,482,-1,482,458,460,-1,482,460,480,-1,480,460,462,-1,480,462,465,-1,479,477,481,-1,481,477,474,-1,481,474,472,-1,472,470,481,-1,481,470,468,-1,481,468,466,-1,445,442,447,-1,447,442,443,-1,447,443,449,-1,449,443,494,-1,449,494,451,-1,451,494,492,-1,451,492,453,-1,453,492,490,-1,453,490,455,-1,455,490,488,-1,455,488,457,-1,457,488,486,-1,457,486,459,-1,459,486,484,-1,459,484,461,-1,461,484,483,-1,461,483,463,-1,463,483,481,-1,463,481,464,-1,464,481,466,-1,496,497,498,-1,498,497,499,-1,500,496,501,-1,501,496,498,-1,502,500,503,-1,503,500,501,-1,502,503,504,-1,502,504,505,-1,505,504,506,-1,505,506,507,-1,508,507,509,-1,509,507,506,-1,510,508,511,-1,511,508,509,-1,497,510,499,-1,499,510,511,-1,500,502,496,-1,496,502,497,-1,508,510,507,-1,507,510,497,-1,507,497,505,-1,505,497,502,-1,509,506,511,-1,511,506,499,-1,501,498,503,-1,503,498,499,-1,503,499,504,-1,504,499,506,-1,512,513,514,-1,514,513,515,-1,516,512,517,-1,517,512,514,-1,518,516,519,-1,519,516,517,-1,518,519,520,-1,518,520,521,-1,521,520,522,-1,521,522,523,-1,524,523,525,-1,525,523,522,-1,526,524,527,-1,527,524,525,-1,513,526,515,-1,515,526,527,-1,516,518,512,-1,512,518,513,-1,524,526,523,-1,523,526,513,-1,523,513,521,-1,521,513,518,-1,525,522,527,-1,527,522,515,-1,517,514,519,-1,519,514,515,-1,519,515,520,-1,520,515,522,-1,528,529,530,-1,530,529,531,-1,532,528,533,-1,533,528,530,-1,534,532,535,-1,535,532,533,-1,534,535,536,-1,534,536,537,-1,537,536,538,-1,537,538,539,-1,540,539,541,-1,541,539,538,-1,542,540,543,-1,543,540,541,-1,529,542,531,-1,531,542,543,-1,532,534,528,-1,528,534,529,-1,540,542,539,-1,539,542,529,-1,539,529,537,-1,537,529,534,-1,541,538,543,-1,543,538,531,-1,533,530,535,-1,535,530,531,-1,535,531,536,-1,536,531,538,-1,544,545,546,-1,546,545,547,-1,548,544,549,-1,549,544,546,-1,550,548,551,-1,551,548,549,-1,550,551,552,-1,550,552,553,-1,553,552,554,-1,553,554,555,-1,556,555,557,-1,557,555,554,-1,558,556,559,-1,559,556,557,-1,545,558,547,-1,547,558,559,-1,548,550,544,-1,544,550,545,-1,556,558,555,-1,555,558,545,-1,555,545,553,-1,553,545,550,-1,557,554,559,-1,559,554,547,-1,549,546,551,-1,551,546,547,-1,551,547,552,-1,552,547,554,-1,
        ]
    }
}
Shape{
    appearance Appearance {
        material  Material 	{
            diffuseColor 1.0 1.0 1.0
            specularColor 0.30196078431372547 0.30196078431372547 0.30196078431372547
            ambientIntensity 1.0
            transparency 0.0
            shininess 0.5
        }
    }
    geometry IndexedFaceSet {
        ccw TRUE
        solid FALSE
        coord DEF co Coordinate {
            point [
                -0.0244 -0.4942 0.0079, -0.0244 -0.5072 0.0079, -0.0359 -0.5079 0.0079, 0.039 -0.5072 0.0079, -0.0215 -0.4021 0.0079, 0.0232 -0.4021 0.0079, 0.0232 -0.4409 0.0079, 0.0621 -0.5011 0.0079, 0.0621 -0.4881 0.0079, 0.039 -0.3891 0.0079, 0.0232 -0.4539 0.0079, 0.0232 -0.4942 0.0079, -0.0186 -0.4539 0.0079, -0.0186 -0.4409 0.0079, 0.1206 -0.5032 0.0079, 0.16 -0.5072 0.0079, 0.1091 -0.5071 0.0079, 0.1015 -0.5079 0.0079, -0.0215 -0.3891 0.0079, -0.0359 0.3937 0.0079, 0.1014 -0.4019 0.0079, 0.1102 -0.4051 0.0079, 0.0642 -0.4893 0.0079, 0.1184 -0.4106 0.0079, 0.1255 -0.4185 0.0079, 0.1341 -0.4494 0.0079, 0.1329 -0.4622 0.0079, 0.1297 -0.4724 0.0079, 0.1034 -0.4944 0.0079, 0.0924 -0.4957 0.0079, 0.112 -0.4913 0.0079, 0.1193 -0.4864 0.0079, 0.1248 -0.4805 0.0079, 0.0767 -0.4939 0.0079, 0.2205 -0.5072 0.0079, 1.5748 0.3937 0.0079, 1.7717 0.3937 0.0079, 0.1304 -0.4276 0.0079, 0.1335 -0.4402 0.0079, 0.0 0.3937 0.0079, 0.2047 -0.3891 0.0079, 0.1969 0.3937 0.0079, 0.2205 -0.3891 0.0079, 0.3937 0.3937 0.0079, 0.5906 0.3937 0.0079, 0.1437 -0.4202 0.0079, 0.1368 -0.4092 0.0079, 0.1261 -0.3989 0.0079, 1.9685 0.3937 0.0079, 2.5984 0.3937 0.0079, 2.5984 -0.5079 0.0079, 0.7874 0.3937 0.0079, 1.1811 0.3937 0.0079, 1.378 0.3937 0.0079, 0.1301 -0.4971 0.0079, 0.1389 -0.4878 0.0079, 0.16 -0.4942 0.0079, 0.1452 -0.4766 0.0079, 0.2047 -0.4942 0.0079, 0.1488 -0.4641 0.0079, 0.1499 -0.4504 0.0079, 0.1482 -0.4336 0.0079, 0.1149 -0.3924 0.0079, 0.1017 -0.3886 0.0079, 0.0899 -0.3877 0.0079, 0.0757 -0.3886 0.0079, 0.0621 -0.3923 0.0079, 0.0621 -0.4082 0.0079, 0.0754 -0.4025 0.0079, 0.0897 -0.4006 0.0079, 0.0946 -0.5086 0.0079, 2.5984 -1.437 0.0079, 0.0913 -0.5086 0.0079, -0.0359 -1.437 0.0079, 0.0866 -0.5079 0.0079, -2.5984 -1.437 0.0079, -2.5984 -0.5079 0.0079, 0.0747 -0.5063 0.0079, -0.1684 -0.5072 0.0079, -0.1511 -0.5072 0.0079, -0.2404 -0.5072 0.0079, -0.2285 -0.4741 0.0079, -0.1797 -0.4741 0.0079, -0.1366 -0.4748 0.0079, -0.1298 -0.4854 0.0079, -0.1201 -0.4947 0.0079, -0.1077 -0.5019 0.0079, -0.0807 -0.3891 0.0079, -0.0978 -0.3909 0.0079, -0.0474 -0.3891 0.0079, -0.1116 -0.3958 0.0079, -0.1245 -0.4044 0.0079, -0.1958 -0.3891 0.0079, -0.1246 -0.4045 0.0079, -0.1329 -0.4138 0.0079, -0.1384 -0.4239 0.0079, -0.3937 0.3937 0.0079, -0.2116 -0.3891 0.0079, -0.5905 0.3937 0.0079, -2.5984 0.3937 0.0079, -2.1653 0.3937 0.0079, -1.9685 0.3937 0.0079, -1.7716 0.3937 0.0079, -0.0941 -0.5059 0.0079, -0.0795 -0.5072 0.0079, -0.0474 -0.5072 0.0079, -0.1416 -0.4356 0.0079, -0.1425 -0.4467 0.0079, -0.1408 -0.4625 0.0079, -1.5748 0.3937 0.0079, -0.2577 -0.5072 0.0079, -1.1811 0.3937 0.0079, -0.9842 0.3937 0.0079, -0.7874 0.3937 0.0079, 3.2283 0.3937 0.7953, 3.2283 -1.437 0.7953, 3.2283 0.3937 0.5591, 3.2283 -1.437 0.0394, 3.2283 0.3937 0.0394, 2.3071 -1.437 0.2047, 2.4803 -1.437 0.2047, 2.3071 0.1378 0.2047, 2.4803 0.1378 0.2047, 2.0236 0.1378 0.2047, 1.9134 0.1378 0.2047, 2.0236 -1.437 0.2047, 1.9134 -1.437 0.2047, 1.8268 0.1378 0.2047, 1.7165 0.1378 0.2047, 1.8268 -1.437 0.2047, 1.7165 -1.437 0.2047, 1.6299 0.1378 0.2047, 1.5197 0.1378 0.2047, 1.6299 -1.437 0.2047, 1.5197 -1.437 0.2047, 1.4331 0.1378 0.2047, 1.3228 0.1378 0.2047, 1.4331 -1.437 0.2047, 1.3228 -1.437 0.2047, 1.2362 0.1378 0.2047, 1.126 0.1378 0.2047, 1.2362 -1.437 0.2047, 1.126 -1.437 0.2047, 1.0394 0.1378 0.2047, 0.9291 0.1378 0.2047, 1.0394 -1.437 0.2047, 0.9291 -1.437 0.2047, 0.8425 0.1378 0.2047, 0.7323 0.1378 0.2047, 0.8425 -1.437 0.2047, 0.7323 -1.437 0.2047, 0.6457 0.1378 0.2047, 0.5354 0.1378 0.2047, 0.6457 -1.437 0.2047, 0.5354 -1.437 0.2047, 0.4488 0.1378 0.2047, 0.3386 0.1378 0.2047, 0.4488 -1.437 0.2047, 0.3386 -1.437 0.2047, 0.252 0.1378 0.2047, 0.1417 0.1378 0.2047, 0.252 -1.437 0.2047, 0.1417 -1.437 0.2047, 0.0551 0.1378 0.2047, -0.0551 0.1378 0.2047, 0.0551 -1.437 0.2047, -0.0551 -1.437 0.2047, -0.1417 0.1378 0.2047, -0.252 0.1378 0.2047, -0.1417 -1.437 0.2047, -0.252 -1.437 0.2047, -0.3386 0.1378 0.2047, -0.4488 0.1378 0.2047, -0.3386 -1.437 0.2047, -0.4488 -1.437 0.2047, -0.5354 0.1378 0.2047, -0.6457 0.1378 0.2047, -0.5354 -1.437 0.2047, -0.6457 -1.437 0.2047, -0.7323 0.1378 0.2047, -0.8425 0.1378 0.2047, -0.7323 -1.437 0.2047, -0.8425 -1.437 0.2047, -0.9291 0.1378 0.2047, -1.0394 0.1378 0.2047, -0.9291 -1.437 0.2047, -1.0394 -1.437 0.2047, -1.126 0.1378 0.2047, -1.2362 0.1378 0.2047, -1.126 -1.437 0.2047, -1.2362 -1.437 0.2047, -1.3228 0.1378 0.2047, -1.4331 0.1378 0.2047, -1.3228 -1.437 0.2047, -1.4331 -1.437 0.2047, -1.5197 0.1378 0.2047, -1.6299 0.1378 0.2047, -1.5197 -1.437 0.2047, -1.6299 -1.437 0.2047, -1.7165 0.1378 0.2047, -1.8268 0.1378 0.2047, -1.7165 -1.437 0.2047, -1.8268 -1.437 0.2047, -1.9134 0.1378 0.2047, -2.0236 0.1378 0.2047, -1.9134 -1.437 0.2047, -2.0236 -1.437 0.2047, -2.1102 0.1378 0.2047, -2.2205 0.1378 0.2047, -2.1102 -1.437 0.2047, -2.2205 -1.437 0.2047, -2.3071 0.1378 0.2047, -2.4803 0.1378 0.2047, -2.3071 -1.437 0.2047, -2.4803 -1.437 0.2047, -3.2283 0.3937 0.5591, -3.2283 0.3937 0.7953, -2.7677 0.3937 0.7953, 2.1102 0.3937 0.3228, 2.0236 0.3937 0.3228, 1.9685 0.3937 0.5591, -2.5984 0.3937 0.0394, -2.7677 0.3937 0.0394, -2.7677 0.3937 0.5591, -3.2283 0.3937 0.0394, -2.3071 0.3937 0.3228, -2.3071 0.3937 0.0866, -2.2205 0.3937 0.0866, -2.2205 0.3937 0.3228, -2.1653 0.3937 0.5591, 2.5984 0.3937 0.0394, 2.1102 0.3937 0.0866, 2.0236 0.3937 0.0866, 2.2205 0.3937 0.0866, 2.3071 0.3937 0.0866, 2.3071 0.3937 0.3228, 2.2205 0.3937 0.3228, -2.0236 0.3937 0.0866, -2.0236 0.3937 0.3228, -2.1102 0.3937 0.0866, -2.1102 0.3937 0.3228, -1.9685 0.3937 0.5591, -1.8268 0.3937 0.0866, -1.8268 0.3937 0.3228, -1.9134 0.3937 0.0866, -1.9134 0.3937 0.3228, -1.7716 0.3937 0.5591, -1.6299 0.3937 0.0866, -1.6299 0.3937 0.3228, -1.7165 0.3937 0.0866, -1.7165 0.3937 0.3228, -1.5748 0.3937 0.5591, -1.3228 0.3937 0.0866, -1.2362 0.3937 0.0866, -1.2362 0.3937 0.3228, -1.1811 0.3937 0.5591, -1.4331 0.3937 0.0866, -1.3228 0.3937 0.3228, -1.4331 0.3937 0.3228, -1.5197 0.3937 0.3228, -1.5197 0.3937 0.0866, -1.0394 0.3937 0.0866, -1.0394 0.3937 0.3228, -1.126 0.3937 0.0866, -1.126 0.3937 0.3228, -0.9842 0.3937 0.5591, -0.8425 0.3937 0.0866, -0.8425 0.3937 0.3228, -0.9291 0.3937 0.0866, -0.9291 0.3937 0.3228, -0.7874 0.3937 0.5591, -0.6457 0.3937 0.0866, -0.6457 0.3937 0.3228, -0.7323 0.3937 0.0866, -0.7323 0.3937 0.3228, -0.5905 0.3937 0.5591, -0.4488 0.3937 0.0866, -0.4488 0.3937 0.3228, -0.5354 0.3937 0.0866, -0.5354 0.3937 0.3228, -0.3937 0.3937 0.5591, -0.252 0.3937 0.0866, -0.1417 0.3937 0.3228, -0.1417 0.3937 0.0866, -0.3386 0.3937 0.0866, -0.3386 0.3937 0.3228, -0.252 0.3937 0.3228, 0.0 0.3937 0.5591, -0.0551 0.3937 0.0866, -0.0551 0.3937 0.3228, 0.1417 0.3937 0.0866, 0.1417 0.3937 0.3228, 0.0551 0.3937 0.0866, 0.0551 0.3937 0.3228, 0.1969 0.3937 0.5591, 0.3386 0.3937 0.0866, 0.3386 0.3937 0.3228, 0.252 0.3937 0.0866, 0.252 0.3937 0.3228, 0.3937 0.3937 0.5591, 0.5354 0.3937 0.0866, 0.5354 0.3937 0.3228, 0.4488 0.3937 0.0866, 0.4488 0.3937 0.3228, 0.5906 0.3937 0.5591, 0.7323 0.3937 0.0866, 0.7323 0.3937 0.3228, 0.6457 0.3937 0.0866, 0.6457 0.3937 0.3228, 0.7874 0.3937 0.5591, 1.0394 0.3937 0.0866, 1.126 0.3937 0.0866, 1.126 0.3937 0.3228, 1.1811 0.3937 0.5591, 0.9291 0.3937 0.0866, 1.0394 0.3937 0.3228, 0.9291 0.3937 0.3228, 0.8425 0.3937 0.3228, 0.8425 0.3937 0.0866, 1.3228 0.3937 0.0866, 1.3228 0.3937 0.3228, 1.2362 0.3937 0.0866, 1.2362 0.3937 0.3228, 1.378 0.3937 0.5591, 1.5197 0.3937 0.0866, 1.5197 0.3937 0.3228, 1.4331 0.3937 0.0866, 1.4331 0.3937 0.3228, 1.5748 0.3937 0.5591, 1.7165 0.3937 0.0866, 1.7165 0.3937 0.3228, 1.6299 0.3937 0.0866, 1.6299 0.3937 0.3228, 1.7717 0.3937 0.5591, 1.9134 0.3937 0.0866, 1.9134 0.3937 0.3228, 1.8268 0.3937 0.0866, 1.8268 0.3937 0.3228, -2.1653 0.3937 0.7953, -1.9685 0.3937 0.7953, -1.7716 0.3937 0.7953, -1.5748 0.3937 0.7953, -1.1811 0.3937 0.7953, -0.9842 0.3937 0.7953, -0.7874 0.3937 0.7953, -0.5905 0.3937 0.7953, -0.3937 0.3937 0.7953, 0.0 0.3937 0.7953, 0.1969 0.3937 0.7953, 0.3937 0.3937 0.7953, 0.5906 0.3937 0.7953, 0.7874 0.3937 0.7953, 1.1811 0.3937 0.7953, 1.378 0.3937 0.7953, 1.5748 0.3937 0.7953, 1.7717 0.3937 0.7953, 1.9685 0.3937 0.7953, -3.2283 -1.437 0.0394, -3.2283 -1.437 0.7953, 2.9134 -0.6496 0.7953, 2.9134 -1.437 0.7953, -2.9134 -1.437 0.7953, -2.9134 -0.6496 0.7953
            ]
        }
        coordIndex [
            0,1,2,-1,2,1,3,-1,4,5,6,-1,7,3,8,-1,8,3,9,-1,10,11,12,-1,12,11,0,-1,12,0,13,-1,14,15,16,-1,16,15,17,-1,6,13,4,-1,4,13,0,-1,4,0,18,-1,18,0,19,-1,18,19,9,-1,20,21,22,-1,22,21,23,-1,22,23,24,-1,25,26,22,-1,22,26,27,-1,28,29,30,-1,30,29,31,-1,27,32,22,-1,22,32,31,-1,22,31,33,-1,33,31,29,-1,34,35,36,-1,24,37,22,-1,22,37,38,-1,22,38,25,-1,19,39,40,-1,40,39,41,-1,40,41,42,-1,42,41,43,-1,42,43,44,-1,45,46,40,-1,40,46,47,-1,40,47,19,-1,36,48,34,-1,34,48,49,-1,34,49,50,-1,44,51,42,-1,42,51,52,-1,42,52,34,-1,34,52,53,-1,34,53,35,-1,14,54,15,-1,15,54,55,-1,15,55,56,-1,56,55,57,-1,56,57,58,-1,57,59,58,-1,58,59,60,-1,58,60,40,-1,40,60,61,-1,40,61,45,-1,47,62,19,-1,19,62,63,-1,19,63,64,-1,64,65,19,-1,19,65,66,-1,19,66,9,-1,9,66,67,-1,9,67,8,-1,8,67,68,-1,8,68,22,-1,22,68,69,-1,22,69,20,-1,15,34,17,-1,17,34,50,-1,17,50,70,-1,70,50,71,-1,70,71,72,-1,72,71,73,-1,72,73,74,-1,75,76,73,-1,73,76,2,-1,73,2,74,-1,74,2,3,-1,74,3,77,-1,77,3,7,-1,78,79,2,-1,80,81,82,-1,83,84,79,-1,79,84,85,-1,79,85,86,-1,87,88,19,-1,0,2,19,-1,19,2,89,-1,19,89,87,-1,90,91,92,-1,91,93,92,-1,92,93,94,-1,92,94,95,-1,88,90,19,-1,19,90,92,-1,19,92,96,-1,96,92,97,-1,96,97,98,-1,99,100,76,-1,76,100,101,-1,76,101,102,-1,86,103,79,-1,79,103,104,-1,79,104,2,-1,2,104,105,-1,2,105,89,-1,95,106,92,-1,92,106,107,-1,92,107,79,-1,79,107,108,-1,79,108,83,-1,102,109,76,-1,76,109,110,-1,76,110,2,-1,2,110,80,-1,2,80,78,-1,78,80,82,-1,109,111,110,-1,110,111,112,-1,110,112,97,-1,97,112,113,-1,97,113,98,-1,114,115,116,-1,116,115,117,-1,116,117,118,-1,119,120,121,-1,121,120,122,-1,123,124,125,-1,125,124,126,-1,127,128,129,-1,129,128,130,-1,131,132,133,-1,133,132,134,-1,135,136,137,-1,137,136,138,-1,139,140,141,-1,141,140,142,-1,143,144,145,-1,145,144,146,-1,147,148,149,-1,149,148,150,-1,151,152,153,-1,153,152,154,-1,155,156,157,-1,157,156,158,-1,159,160,161,-1,161,160,162,-1,163,164,165,-1,165,164,166,-1,167,168,169,-1,169,168,170,-1,171,172,173,-1,173,172,174,-1,175,176,177,-1,177,176,178,-1,179,180,181,-1,181,180,182,-1,183,184,185,-1,185,184,186,-1,187,188,189,-1,189,188,190,-1,191,192,193,-1,193,192,194,-1,195,196,197,-1,197,196,198,-1,199,200,201,-1,201,200,202,-1,203,204,205,-1,205,204,206,-1,207,208,209,-1,209,208,210,-1,211,212,213,-1,213,212,214,-1,215,216,217,-1,218,219,220,-1,221,222,223,-1,223,222,224,-1,223,224,215,-1,225,226,99,-1,99,226,100,-1,100,226,227,-1,100,227,228,-1,99,221,225,-1,225,221,223,-1,225,223,228,-1,228,223,229,-1,228,229,100,-1,116,118,230,-1,49,48,231,-1,231,48,232,-1,233,234,230,-1,230,234,235,-1,230,235,116,-1,116,235,236,-1,230,49,233,-1,233,49,231,-1,233,231,236,-1,236,231,218,-1,236,218,116,-1,116,218,220,-1,101,237,238,-1,237,101,239,-1,239,101,100,-1,239,100,240,-1,240,100,229,-1,240,229,238,-1,238,229,241,-1,238,241,101,-1,102,242,243,-1,242,102,244,-1,244,102,101,-1,244,101,245,-1,245,101,241,-1,245,241,243,-1,243,241,246,-1,243,246,102,-1,109,247,248,-1,247,109,249,-1,249,109,102,-1,249,102,250,-1,250,102,246,-1,250,246,248,-1,248,246,251,-1,248,251,109,-1,252,253,111,-1,111,253,254,-1,111,254,255,-1,111,109,252,-1,252,109,256,-1,252,256,257,-1,257,256,258,-1,254,257,255,-1,255,257,258,-1,255,258,251,-1,251,258,259,-1,251,259,109,-1,109,259,260,-1,109,260,256,-1,112,261,262,-1,261,112,263,-1,263,112,111,-1,263,111,264,-1,264,111,255,-1,264,255,262,-1,262,255,265,-1,262,265,112,-1,113,266,267,-1,266,113,268,-1,268,113,112,-1,268,112,269,-1,269,112,265,-1,269,265,267,-1,267,265,270,-1,267,270,113,-1,98,271,272,-1,271,98,273,-1,273,98,113,-1,273,113,274,-1,274,113,270,-1,274,270,272,-1,272,270,275,-1,272,275,98,-1,96,276,277,-1,276,96,278,-1,278,96,98,-1,278,98,279,-1,279,98,275,-1,279,275,277,-1,277,275,280,-1,277,280,96,-1,281,282,283,-1,284,96,285,-1,285,96,280,-1,285,280,286,-1,286,280,287,-1,284,281,96,-1,96,281,283,-1,96,283,19,-1,19,283,288,-1,19,288,39,-1,39,288,289,-1,39,289,287,-1,287,289,282,-1,287,282,286,-1,286,282,281,-1,41,290,291,-1,290,41,292,-1,292,41,39,-1,292,39,293,-1,293,39,287,-1,293,287,291,-1,291,287,294,-1,291,294,41,-1,43,295,296,-1,295,43,297,-1,297,43,41,-1,297,41,298,-1,298,41,294,-1,298,294,296,-1,296,294,299,-1,296,299,43,-1,44,300,301,-1,300,44,302,-1,302,44,43,-1,302,43,303,-1,303,43,299,-1,303,299,301,-1,301,299,304,-1,301,304,44,-1,51,305,306,-1,305,51,307,-1,307,51,44,-1,307,44,308,-1,308,44,304,-1,308,304,306,-1,306,304,309,-1,306,309,51,-1,310,311,52,-1,52,311,312,-1,52,312,313,-1,52,51,310,-1,310,51,314,-1,310,314,315,-1,315,314,316,-1,312,315,313,-1,313,315,316,-1,313,316,309,-1,309,316,317,-1,309,317,51,-1,51,317,318,-1,51,318,314,-1,53,319,320,-1,319,53,321,-1,321,53,52,-1,321,52,322,-1,322,52,313,-1,322,313,320,-1,320,313,323,-1,320,323,53,-1,35,324,325,-1,324,35,326,-1,326,35,53,-1,326,53,327,-1,327,53,323,-1,327,323,325,-1,325,323,328,-1,325,328,35,-1,36,329,330,-1,329,36,331,-1,331,36,35,-1,331,35,332,-1,332,35,328,-1,332,328,330,-1,330,328,333,-1,330,333,36,-1,48,334,335,-1,334,48,336,-1,336,48,36,-1,336,36,337,-1,337,36,333,-1,337,333,335,-1,335,333,220,-1,335,220,48,-1,48,220,219,-1,48,219,232,-1,215,217,223,-1,223,217,338,-1,223,338,229,-1,229,338,339,-1,229,339,241,-1,241,339,340,-1,241,340,246,-1,246,340,341,-1,246,341,251,-1,251,341,342,-1,251,342,255,-1,255,342,343,-1,255,343,265,-1,265,343,344,-1,265,344,270,-1,270,344,345,-1,270,345,275,-1,275,345,346,-1,275,346,280,-1,280,346,347,-1,280,347,287,-1,287,347,348,-1,287,348,294,-1,294,348,349,-1,294,349,299,-1,299,349,350,-1,299,350,304,-1,304,350,351,-1,304,351,309,-1,309,351,352,-1,309,352,313,-1,313,352,353,-1,313,353,323,-1,323,353,354,-1,323,354,328,-1,328,354,355,-1,328,355,333,-1,333,355,356,-1,333,356,220,-1,220,356,114,-1,220,114,116,-1,224,357,215,-1,215,357,358,-1,215,358,216,-1,359,360,115,-1,358,361,362,-1,115,114,359,-1,359,114,356,-1,359,356,355,-1,355,354,359,-1,359,354,353,-1,359,353,352,-1,352,351,359,-1,359,351,350,-1,359,350,349,-1,349,348,359,-1,359,348,347,-1,359,347,362,-1,347,346,362,-1,362,346,345,-1,362,345,344,-1,344,343,362,-1,362,343,342,-1,362,342,341,-1,341,340,362,-1,362,340,339,-1,362,339,338,-1,338,217,362,-1,362,217,216,-1,362,216,358,-1,
        ]
    }
}
Shape{
    appearance Appearance {
        material  Material 	{
            diffuseColor 0.6666666666666666 0.6980392156862745 0.7686274509803922
            specularColor 0.3333333333333333 0.34901960784313724 0.3843137254901961
            ambientIntensity 0.6967
            transparency 0.0
            shininess 0.5
        }
    }
    geometry IndexedFaceSet {
        ccw TRUE
        solid FALSE
        coord DEF co Coordinate {
            point [
                2.4803 -1.437 0.2047, 2.5984 -1.437 0.0394, 3.2283 -1.437 0.0394, 2.4803 -1.437 0.4016, 2.9134 -1.437 0.4016, 2.9134 -1.437 0.7953, 3.2283 -1.437 0.7953, 2.2205 -1.437 0.2047, 2.1102 -1.437 0.2047, 2.2205 -1.437 0.0866, 2.1102 -1.437 0.0866, 1.8268 -1.437 0.0866, -0.0359 -1.437 0.0079, 1.9134 -1.437 0.0866, 2.0236 -1.437 0.0866, 1.9134 -1.437 0.2047, 2.0236 -1.437 0.2047, 2.3071 -1.437 0.2047, 2.3071 -1.437 0.0866, 2.5984 -1.437 0.0079, 1.4331 -1.437 0.0866, 1.4331 -1.437 0.2047, 1.3228 -1.437 0.2047, 1.3228 -1.437 0.0866, 1.2362 -1.437 0.0866, 1.8268 -1.437 0.2047, 1.7165 -1.437 0.2047, 1.7165 -1.437 0.0866, 1.6299 -1.437 0.0866, 1.5197 -1.437 0.0866, 1.5197 -1.437 0.2047, 1.6299 -1.437 0.2047, 1.0394 -1.437 0.0866, 1.0394 -1.437 0.2047, 0.9291 -1.437 0.2047, 0.9291 -1.437 0.0866, 0.8425 -1.437 0.0866, 1.126 -1.437 0.0866, 1.126 -1.437 0.2047, 1.2362 -1.437 0.2047, 0.6457 -1.437 0.0866, 0.6457 -1.437 0.2047, 0.5354 -1.437 0.2047, 0.5354 -1.437 0.0866, 0.4488 -1.437 0.0866, 0.7323 -1.437 0.0866, 0.7323 -1.437 0.2047, 0.8425 -1.437 0.2047, 0.252 -1.437 0.0866, 0.252 -1.437 0.2047, 0.1417 -1.437 0.2047, 0.1417 -1.437 0.0866, 0.0551 -1.437 0.0866, 0.3386 -1.437 0.0866, 0.3386 -1.437 0.2047, 0.4488 -1.437 0.2047, -0.0551 -1.437 0.2047, -0.0551 -1.437 0.0866, 0.0551 -1.437 0.2047, -0.1417 -1.437 0.0866, -2.5984 -1.437 0.0079, -0.3386 -1.437 0.0866, -0.3386 -1.437 0.2047, -0.4488 -1.437 0.2047, -0.4488 -1.437 0.0866, -0.5354 -1.437 0.0866, -0.7323 -1.437 0.0866, -0.7323 -1.437 0.2047, -0.8425 -1.437 0.2047, -0.1417 -1.437 0.2047, -0.252 -1.437 0.2047, -0.252 -1.437 0.0866, -0.8425 -1.437 0.0866, -0.9291 -1.437 0.0866, -0.5354 -1.437 0.2047, -0.6457 -1.437 0.2047, -0.6457 -1.437 0.0866, -1.126 -1.437 0.0866, -1.126 -1.437 0.2047, -1.2362 -1.437 0.2047, -1.2362 -1.437 0.0866, -1.3228 -1.437 0.0866, -1.0394 -1.437 0.0866, -1.0394 -1.437 0.2047, -0.9291 -1.437 0.2047, -1.5197 -1.437 0.0866, -1.5197 -1.437 0.2047, -1.6299 -1.437 0.2047, -1.6299 -1.437 0.0866, -1.7165 -1.437 0.0866, -1.4331 -1.437 0.0866, -1.4331 -1.437 0.2047, -1.3228 -1.437 0.2047, -1.9134 -1.437 0.0866, -1.9134 -1.437 0.2047, -2.0236 -1.437 0.2047, -2.0236 -1.437 0.0866, -2.1102 -1.437 0.0866, -1.8268 -1.437 0.0866, -1.8268 -1.437 0.2047, -1.7165 -1.437 0.2047, -2.3071 -1.437 0.0866, -2.3071 -1.437 0.2047, -2.4803 -1.437 0.2047, -2.9134 -1.437 0.7953, -3.2283 -1.437 0.7953, -2.9134 -1.437 0.4016, -3.2283 -1.437 0.0394, -2.5984 -1.437 0.0394, -2.4803 -1.437 0.4016, -2.2205 -1.437 0.0866, -2.2205 -1.437 0.2047, -2.1102 -1.437 0.2047
            ]
        }
        coordIndex [
            0,1,2,-1,3,0,4,-1,4,0,2,-1,4,2,5,-1,5,2,6,-1,7,8,9,-1,9,8,10,-1,11,12,13,-1,13,12,14,-1,13,14,15,-1,15,14,16,-1,0,17,1,-1,1,17,18,-1,1,18,19,-1,19,18,9,-1,19,9,12,-1,12,9,10,-1,12,10,14,-1,20,21,22,-1,23,24,12,-1,25,26,11,-1,11,26,27,-1,11,27,12,-1,12,27,28,-1,22,23,20,-1,20,23,12,-1,20,12,29,-1,29,12,28,-1,29,28,30,-1,30,28,31,-1,32,33,34,-1,35,36,12,-1,34,35,32,-1,32,35,12,-1,32,12,37,-1,37,12,24,-1,37,24,38,-1,38,24,39,-1,40,41,42,-1,43,44,12,-1,42,43,40,-1,40,43,12,-1,40,12,45,-1,45,12,36,-1,45,36,46,-1,46,36,47,-1,48,49,50,-1,51,52,12,-1,50,51,48,-1,48,51,12,-1,48,12,53,-1,53,12,44,-1,53,44,54,-1,54,44,55,-1,56,57,58,-1,58,57,52,-1,52,57,12,-1,12,57,59,-1,12,59,60,-1,61,62,63,-1,64,65,60,-1,66,67,68,-1,69,70,59,-1,59,70,71,-1,59,71,60,-1,60,71,61,-1,60,61,64,-1,64,61,63,-1,72,73,60,-1,74,75,65,-1,65,75,76,-1,65,76,60,-1,60,76,66,-1,60,66,72,-1,72,66,68,-1,77,78,79,-1,80,81,60,-1,79,80,77,-1,77,80,60,-1,77,60,82,-1,82,60,73,-1,82,73,83,-1,83,73,84,-1,85,86,87,-1,88,89,60,-1,87,88,85,-1,85,88,60,-1,85,60,90,-1,90,60,81,-1,90,81,91,-1,91,81,92,-1,93,94,95,-1,96,97,60,-1,95,96,93,-1,93,96,60,-1,93,60,98,-1,98,60,89,-1,98,89,99,-1,99,89,100,-1,101,102,103,-1,104,105,106,-1,106,105,107,-1,106,107,108,-1,109,106,103,-1,103,106,108,-1,103,108,101,-1,101,108,60,-1,101,60,110,-1,110,60,97,-1,110,97,111,-1,111,97,112,-1,
        ]
    }
}
Shape{
    appearance Appearance {
        material  Material 	{
            diffuseColor 1.0 1.0 1.0
            specularColor 0.30196078431372547 0.30196078431372547 0.30196078431372547
            ambientIntensity 1.0
            transparency 0.0
            shininess 0.5
        }
    }
    geometry IndexedFaceSet {
        ccw TRUE
        solid FALSE
        coord DEF co Coordinate {
            point [
                2.4803 -1.437 0.2047, 2.4803 -1.437 0.4016, 2.4803 -0.6496 0.4016, 2.4803 -0.6496 0.5984, 2.4803 0.1378 0.5984, 2.4803 0.1378 0.2047, 2.2205 0.1378 0.2047, 2.1102 0.1378 0.2047, 2.2205 -1.437 0.2047, 2.1102 -1.437 0.2047, -2.4803 -1.437 0.4016, -2.4803 -1.437 0.2047, -2.4803 -0.6496 0.4016, -2.4803 0.1378 0.2047, -2.4803 -0.6496 0.5984, -2.4803 0.1378 0.5984, -2.3071 0.1378 0.2047, 1.0394 0.1378 0.3228, 1.126 0.1378 0.3228, 1.9134 0.1378 0.3228, 1.9134 0.1378 0.2047, 2.0236 0.1378 0.2047, -2.3071 0.1378 0.3228, -2.2205 0.1378 0.3228, 0.9291 0.1378 0.3228, 0.9291 0.1378 0.2047, 1.0394 0.1378 0.2047, -2.0236 0.1378 0.3228, -2.0236 0.1378 0.2047, -1.9134 0.1378 0.2047, 2.1102 0.1378 0.3228, 2.2205 0.1378 0.3228, 1.3228 0.1378 0.3228, 1.2362 0.1378 0.3228, 1.2362 0.1378 0.2047, 1.126 0.1378 0.2047, 2.3071 0.1378 0.2047, 2.3071 0.1378 0.3228, 1.5197 0.1378 0.3228, 1.5197 0.1378 0.2047, 1.6299 0.1378 0.2047, 2.0236 0.1378 0.3228, -1.9134 0.1378 0.3228, -1.8268 0.1378 0.3228, -1.6299 0.1378 0.3228, -1.6299 0.1378 0.2047, -1.5197 0.1378 0.2047, 1.6299 0.1378 0.3228, 1.7165 0.1378 0.3228, -2.2205 0.1378 0.2047, -2.1102 0.1378 0.2047, -2.1102 0.1378 0.3228, 1.4331 0.1378 0.3228, 1.4331 0.1378 0.2047, 1.3228 0.1378 0.2047, 1.8268 0.1378 0.3228, 1.8268 0.1378 0.2047, 1.7165 0.1378 0.2047, -1.5197 0.1378 0.3228, -1.4331 0.1378 0.3228, -1.2362 0.1378 0.3228, -1.2362 0.1378 0.2047, -1.126 0.1378 0.2047, -1.8268 0.1378 0.2047, -1.7165 0.1378 0.2047, -1.7165 0.1378 0.3228, -1.126 0.1378 0.3228, -1.0394 0.1378 0.3228, -0.8425 0.1378 0.3228, -0.8425 0.1378 0.2047, -0.7323 0.1378 0.2047, 0.8425 0.1378 0.3228, -1.4331 0.1378 0.2047, -1.3228 0.1378 0.2047, -1.3228 0.1378 0.3228, -0.7323 0.1378 0.3228, -0.6457 0.1378 0.3228, -1.0394 0.1378 0.2047, -0.9291 0.1378 0.2047, -0.9291 0.1378 0.3228, -0.4488 0.1378 0.3228, -0.4488 0.1378 0.2047, -0.3386 0.1378 0.2047, -0.3386 0.1378 0.3228, -0.252 0.1378 0.3228, -0.5354 0.1378 0.3228, -0.5354 0.1378 0.2047, -0.6457 0.1378 0.2047, -0.0551 0.1378 0.3228, -0.0551 0.1378 0.2047, 0.0551 0.1378 0.2047, 0.0551 0.1378 0.3228, 0.1417 0.1378 0.3228, -0.1417 0.1378 0.3228, -0.1417 0.1378 0.2047, -0.252 0.1378 0.2047, 0.3386 0.1378 0.3228, 0.3386 0.1378 0.2047, 0.4488 0.1378 0.2047, 0.4488 0.1378 0.3228, 0.5354 0.1378 0.3228, 0.252 0.1378 0.3228, 0.252 0.1378 0.2047, 0.1417 0.1378 0.2047, 0.7323 0.1378 0.3228, 0.7323 0.1378 0.2047, 0.8425 0.1378 0.2047, 0.5354 0.1378 0.2047, 0.6457 0.1378 0.2047, 0.6457 0.1378 0.3228
            ]
        }
        coordIndex [
            0,1,2,-1,3,4,2,-1,2,4,5,-1,2,5,0,-1,6,7,8,-1,8,7,9,-1,10,11,12,-1,12,11,13,-1,12,13,14,-1,14,13,15,-1,14,15,3,-1,3,15,4,-1,15,13,16,-1,17,18,4,-1,19,20,21,-1,16,22,15,-1,15,22,23,-1,15,23,4,-1,24,25,26,-1,27,28,29,-1,7,6,30,-1,30,6,31,-1,32,4,33,-1,33,4,18,-1,33,18,34,-1,34,18,35,-1,36,5,37,-1,37,5,4,-1,38,39,40,-1,41,30,4,-1,4,30,31,-1,4,31,37,-1,42,43,4,-1,44,45,46,-1,47,48,4,-1,49,50,23,-1,23,50,51,-1,23,51,4,-1,4,51,27,-1,4,27,42,-1,42,27,29,-1,40,47,38,-1,38,47,4,-1,38,4,52,-1,52,4,32,-1,52,32,53,-1,53,32,54,-1,21,41,19,-1,19,41,4,-1,19,4,55,-1,55,4,48,-1,55,48,56,-1,56,48,57,-1,58,59,4,-1,60,61,62,-1,63,64,43,-1,43,64,65,-1,43,65,4,-1,4,65,44,-1,4,44,58,-1,58,44,46,-1,66,67,4,-1,68,69,70,-1,26,17,24,-1,24,17,4,-1,24,4,71,-1,72,73,59,-1,59,73,74,-1,59,74,4,-1,4,74,60,-1,4,60,66,-1,66,60,62,-1,75,76,4,-1,77,78,67,-1,67,78,79,-1,67,79,4,-1,4,79,68,-1,4,68,75,-1,75,68,70,-1,80,81,82,-1,83,84,4,-1,82,83,80,-1,80,83,4,-1,80,4,85,-1,85,4,76,-1,85,76,86,-1,86,76,87,-1,88,89,90,-1,91,92,4,-1,90,91,88,-1,88,91,4,-1,88,4,93,-1,93,4,84,-1,93,84,94,-1,94,84,95,-1,96,97,98,-1,99,100,4,-1,98,99,96,-1,96,99,4,-1,96,4,101,-1,101,4,92,-1,101,92,102,-1,102,92,103,-1,104,105,106,-1,107,108,100,-1,100,108,109,-1,100,109,4,-1,4,109,104,-1,4,104,71,-1,71,104,106,-1,
        ]
    }
}
Shape{
    appearance Appearance {
        material  Material 	{
            diffuseColor 1.0 1.0 1.0
            specularColor 0.8784313725490196 0.8784313725490196 0.8784313725490196
            ambientIntensity 1.0
            transparency 0.0
            shininess 0.5
        }
    }
    geometry IndexedFaceSet {
        ccw TRUE
        solid FALSE
        coord DEF co Coordinate {
            point [
                2.9134 -0.6496 0.4016, 2.9134 -1.437 0.4016, 2.9134 -0.6496 0.7953, 2.9134 -1.437 0.7953, -2.9134 -0.6496 0.7953, -2.9134 -1.437 0.7953, -2.9134 -0.6496 0.4016, -2.9134 -1.437 0.4016, 2.4803 -0.6496 0.4016, 2.4803 -1.437 0.4016, -2.4803 -0.6496 0.4016, -2.4803 -1.437 0.4016, 2.4803 -0.6496 0.5984, -2.4803 -0.6496 0.5984
            ]
        }
        coordIndex [
            0,1,2,-1,2,1,3,-1,4,5,6,-1,6,5,7,-1,8,9,0,-1,0,9,1,-1,6,7,10,-1,10,7,11,-1,8,0,12,-1,12,0,2,-1,12,2,13,-1,13,2,4,-1,13,4,10,-1,10,4,6,-1,
        ]
    }
}
Shape{
    appearance Appearance {
        material  Material 	{
            diffuseColor 1.0 1.0 1.0
            specularColor 0.30196078431372547 0.30196078431372547 0.30196078431372547
            ambientIntensity 1.0
            transparency 0.0
            shininess 0.5
        }
    }
    geometry IndexedFaceSet {
        ccw TRUE
        solid FALSE
        coord DEF co Coordinate {
            point [
                -2.2205 -1.437 0.0866, -2.2205 0.3937 0.0866, -2.3071 -1.437 0.0866, -2.3071 0.3937 0.0866, -2.3071 -1.437 0.2047, -2.3071 0.1378 0.2047, -2.3071 0.1378 0.3228, -2.3071 0.3937 0.3228, -2.2205 0.1378 0.3228, -2.2205 0.3937 0.3228, -2.2205 0.1378 0.2047, -2.2205 -1.437 0.2047, -2.0236 -1.437 0.0866, -2.0236 0.3937 0.0866, -2.1102 -1.437 0.0866, -2.1102 0.3937 0.0866, -2.1102 -1.437 0.2047, -2.1102 0.1378 0.2047, -2.1102 0.1378 0.3228, -2.1102 0.3937 0.3228, -2.0236 0.1378 0.3228, -2.0236 0.3937 0.3228, -2.0236 0.1378 0.2047, -2.0236 -1.437 0.2047, -1.8268 -1.437 0.0866, -1.8268 0.3937 0.0866, -1.9134 -1.437 0.0866, -1.9134 0.3937 0.0866, -1.9134 -1.437 0.2047, -1.9134 0.1378 0.2047, -1.9134 0.1378 0.3228, -1.9134 0.3937 0.3228, -1.8268 0.1378 0.3228, -1.8268 0.3937 0.3228, -1.8268 0.1378 0.2047, -1.8268 -1.437 0.2047, -1.6299 -1.437 0.0866, -1.6299 0.3937 0.0866, -1.7165 -1.437 0.0866, -1.7165 0.3937 0.0866, -1.7165 -1.437 0.2047, -1.7165 0.1378 0.2047, -1.7165 0.1378 0.3228, -1.7165 0.3937 0.3228, -1.6299 0.1378 0.3228, -1.6299 0.3937 0.3228, -1.6299 0.1378 0.2047, -1.6299 -1.437 0.2047, -1.4331 -1.437 0.0866, -1.4331 0.3937 0.0866, -1.5197 -1.437 0.0866, -1.5197 0.3937 0.0866, -1.5197 -1.437 0.2047, -1.5197 0.1378 0.2047, -1.5197 0.1378 0.3228, -1.5197 0.3937 0.3228, -1.4331 0.1378 0.3228, -1.4331 0.3937 0.3228, -1.4331 0.1378 0.2047, -1.4331 -1.437 0.2047, -1.2362 -1.437 0.0866, -1.2362 0.3937 0.0866, -1.3228 -1.437 0.0866, -1.3228 0.3937 0.0866, -1.3228 -1.437 0.2047, -1.3228 0.1378 0.2047, -1.3228 0.1378 0.3228, -1.3228 0.3937 0.3228, -1.2362 0.1378 0.3228, -1.2362 0.3937 0.3228, -1.2362 0.1378 0.2047, -1.2362 -1.437 0.2047, -1.0394 -1.437 0.0866, -1.0394 0.3937 0.0866, -1.126 -1.437 0.0866, -1.126 0.3937 0.0866, -1.126 -1.437 0.2047, -1.126 0.1378 0.2047, -1.126 0.1378 0.3228, -1.126 0.3937 0.3228, -1.0394 0.1378 0.3228, -1.0394 0.3937 0.3228, -1.0394 0.1378 0.2047, -1.0394 -1.437 0.2047, -0.8425 -1.437 0.0866, -0.8425 0.3937 0.0866, -0.9291 -1.437 0.0866, -0.9291 0.3937 0.0866, -0.9291 -1.437 0.2047, -0.9291 0.1378 0.2047, -0.9291 0.1378 0.3228, -0.9291 0.3937 0.3228, -0.8425 0.1378 0.3228, -0.8425 0.3937 0.3228, -0.8425 0.1378 0.2047, -0.8425 -1.437 0.2047, -0.6457 -1.437 0.0866, -0.6457 0.3937 0.0866, -0.7323 -1.437 0.0866, -0.7323 0.3937 0.0866, -0.7323 -1.437 0.2047, -0.7323 0.1378 0.2047, -0.7323 0.1378 0.3228, -0.7323 0.3937 0.3228, -0.6457 0.1378 0.3228, -0.6457 0.3937 0.3228, -0.6457 0.1378 0.2047, -0.6457 -1.437 0.2047, -0.4488 -1.437 0.0866, -0.4488 0.3937 0.0866, -0.5354 -1.437 0.0866, -0.5354 0.3937 0.0866, -0.5354 -1.437 0.2047, -0.5354 0.1378 0.2047, -0.5354 0.1378 0.3228, -0.5354 0.3937 0.3228, -0.4488 0.1378 0.3228, -0.4488 0.3937 0.3228, -0.4488 0.1378 0.2047, -0.4488 -1.437 0.2047, -0.252 -1.437 0.0866, -0.252 0.3937 0.0866, -0.3386 -1.437 0.0866, -0.3386 0.3937 0.0866, -0.3386 -1.437 0.2047, -0.3386 0.1378 0.2047, -0.3386 0.1378 0.3228, -0.3386 0.3937 0.3228, -0.252 0.1378 0.3228, -0.252 0.3937 0.3228, -0.252 0.1378 0.2047, -0.252 -1.437 0.2047, -0.0551 -1.437 0.0866, -0.0551 0.3937 0.0866, -0.1417 -1.437 0.0866, -0.1417 0.3937 0.0866, -0.1417 -1.437 0.2047, -0.1417 0.1378 0.2047, -0.1417 0.1378 0.3228, -0.1417 0.3937 0.3228, -0.0551 0.1378 0.3228, -0.0551 0.3937 0.3228, -0.0551 0.1378 0.2047, -0.0551 -1.437 0.2047, 0.1417 -1.437 0.0866, 0.1417 0.3937 0.0866, 0.0551 -1.437 0.0866, 0.0551 0.3937 0.0866, 0.0551 -1.437 0.2047, 0.0551 0.1378 0.2047, 0.0551 0.1378 0.3228, 0.0551 0.3937 0.3228, 0.1417 0.1378 0.3228, 0.1417 0.3937 0.3228, 0.1417 0.1378 0.2047, 0.1417 -1.437 0.2047, 0.3386 -1.437 0.0866, 0.3386 0.3937 0.0866, 0.252 -1.437 0.0866, 0.252 0.3937 0.0866, 0.252 -1.437 0.2047, 0.252 0.1378 0.2047, 0.252 0.1378 0.3228, 0.252 0.3937 0.3228, 0.3386 0.1378 0.3228, 0.3386 0.3937 0.3228, 0.3386 0.1378 0.2047, 0.3386 -1.437 0.2047, 0.5354 -1.437 0.0866, 0.5354 0.3937 0.0866, 0.4488 -1.437 0.0866, 0.4488 0.3937 0.0866, 0.4488 -1.437 0.2047, 0.4488 0.1378 0.2047, 0.4488 0.1378 0.3228, 0.4488 0.3937 0.3228, 0.5354 0.1378 0.3228, 0.5354 0.3937 0.3228, 0.5354 0.1378 0.2047, 0.5354 -1.437 0.2047, 0.7323 -1.437 0.0866, 0.7323 0.3937 0.0866, 0.6457 -1.437 0.0866, 0.6457 0.3937 0.0866, 0.6457 -1.437 0.2047, 0.6457 0.1378 0.2047, 0.6457 0.1378 0.3228, 0.6457 0.3937 0.3228, 0.7323 0.1378 0.3228, 0.7323 0.3937 0.3228, 0.7323 0.1378 0.2047, 0.7323 -1.437 0.2047, 0.9291 -1.437 0.0866, 0.9291 0.3937 0.0866, 0.8425 -1.437 0.0866, 0.8425 0.3937 0.0866, 0.8425 -1.437 0.2047, 0.8425 0.1378 0.2047, 0.8425 0.1378 0.3228, 0.8425 0.3937 0.3228, 0.9291 0.1378 0.3228, 0.9291 0.3937 0.3228, 0.9291 0.1378 0.2047, 0.9291 -1.437 0.2047, 1.126 -1.437 0.0866, 1.126 0.3937 0.0866, 1.0394 -1.437 0.0866, 1.0394 0.3937 0.0866, 1.0394 -1.437 0.2047, 1.0394 0.1378 0.2047, 1.0394 0.1378 0.3228, 1.0394 0.3937 0.3228, 1.126 0.1378 0.3228, 1.126 0.3937 0.3228, 1.126 0.1378 0.2047, 1.126 -1.437 0.2047, 1.3228 -1.437 0.0866, 1.3228 0.3937 0.0866, 1.2362 -1.437 0.0866, 1.2362 0.3937 0.0866, 1.2362 -1.437 0.2047, 1.2362 0.1378 0.2047, 1.2362 0.1378 0.3228, 1.2362 0.3937 0.3228, 1.3228 0.1378 0.3228, 1.3228 0.3937 0.3228, 1.3228 0.1378 0.2047, 1.3228 -1.437 0.2047, 1.5197 -1.437 0.0866, 1.5197 0.3937 0.0866, 1.4331 -1.437 0.0866, 1.4331 0.3937 0.0866, 1.4331 -1.437 0.2047, 1.4331 0.1378 0.2047, 1.4331 0.1378 0.3228, 1.4331 0.3937 0.3228, 1.5197 0.1378 0.3228, 1.5197 0.3937 0.3228, 1.5197 0.1378 0.2047, 1.5197 -1.437 0.2047, 1.7165 -1.437 0.0866, 1.7165 0.3937 0.0866, 1.6299 -1.437 0.0866, 1.6299 0.3937 0.0866, 1.6299 -1.437 0.2047, 1.6299 0.1378 0.2047, 1.6299 0.1378 0.3228, 1.6299 0.3937 0.3228, 1.7165 0.1378 0.3228, 1.7165 0.3937 0.3228, 1.7165 0.1378 0.2047, 1.7165 -1.437 0.2047, 1.9134 -1.437 0.0866, 1.9134 0.3937 0.0866, 1.8268 -1.437 0.0866, 1.8268 0.3937 0.0866, 1.8268 -1.437 0.2047, 1.8268 0.1378 0.2047, 1.8268 0.1378 0.3228, 1.8268 0.3937 0.3228, 1.9134 0.1378 0.3228, 1.9134 0.3937 0.3228, 1.9134 0.1378 0.2047, 1.9134 -1.437 0.2047, 2.1102 -1.437 0.0866, 2.1102 0.3937 0.0866, 2.0236 -1.437 0.0866, 2.0236 0.3937 0.0866, 2.0236 -1.437 0.2047, 2.0236 0.1378 0.2047, 2.0236 0.1378 0.3228, 2.0236 0.3937 0.3228, 2.1102 0.1378 0.3228, 2.1102 0.3937 0.3228, 2.1102 0.1378 0.2047, 2.1102 -1.437 0.2047, 2.3071 -1.437 0.0866, 2.3071 0.3937 0.0866, 2.2205 -1.437 0.0866, 2.2205 0.3937 0.0866, 2.3071 0.1378 0.3228, 2.3071 0.3937 0.3228, 2.3071 0.1378 0.2047, 2.3071 -1.437 0.2047, 2.2205 -1.437 0.2047, 2.2205 0.1378 0.2047, 2.2205 0.1378 0.3228, 2.2205 0.3937 0.3228, -2.5984 -1.437 0.0079, -2.5984 -1.437 0.0394, -2.5984 -0.5079 0.0079, -2.5984 0.3937 0.0394, -2.5984 0.3937 0.0079, -2.7677 0.3937 0.0394, -3.2283 -1.437 0.0394, -3.2283 0.3937 0.0394, 2.5984 0.3937 0.0079, 2.5984 0.3937 0.0394, 2.5984 -0.5079 0.0079, 2.5984 -1.437 0.0394, 2.5984 -1.437 0.0079, 3.2283 -1.437 0.0394, 3.2283 0.3937 0.0394
            ]
        }
        coordIndex [
            0,1,2,-1,2,1,3,-1,4,2,5,-1,5,2,3,-1,5,3,6,-1,6,3,7,-1,6,7,8,-1,8,7,9,-1,8,9,10,-1,10,9,1,-1,10,1,11,-1,11,1,0,-1,12,13,14,-1,14,13,15,-1,16,14,17,-1,17,14,15,-1,17,15,18,-1,18,15,19,-1,18,19,20,-1,20,19,21,-1,20,21,22,-1,22,21,13,-1,22,13,23,-1,23,13,12,-1,24,25,26,-1,26,25,27,-1,28,26,29,-1,29,26,27,-1,29,27,30,-1,30,27,31,-1,30,31,32,-1,32,31,33,-1,32,33,34,-1,34,33,25,-1,34,25,35,-1,35,25,24,-1,36,37,38,-1,38,37,39,-1,40,38,41,-1,41,38,39,-1,41,39,42,-1,42,39,43,-1,42,43,44,-1,44,43,45,-1,44,45,46,-1,46,45,37,-1,46,37,47,-1,47,37,36,-1,48,49,50,-1,50,49,51,-1,52,50,53,-1,53,50,51,-1,53,51,54,-1,54,51,55,-1,54,55,56,-1,56,55,57,-1,56,57,58,-1,58,57,49,-1,58,49,59,-1,59,49,48,-1,60,61,62,-1,62,61,63,-1,64,62,65,-1,65,62,63,-1,65,63,66,-1,66,63,67,-1,66,67,68,-1,68,67,69,-1,68,69,70,-1,70,69,61,-1,70,61,71,-1,71,61,60,-1,72,73,74,-1,74,73,75,-1,76,74,77,-1,77,74,75,-1,77,75,78,-1,78,75,79,-1,78,79,80,-1,80,79,81,-1,80,81,82,-1,82,81,73,-1,82,73,83,-1,83,73,72,-1,84,85,86,-1,86,85,87,-1,88,86,89,-1,89,86,87,-1,89,87,90,-1,90,87,91,-1,90,91,92,-1,92,91,93,-1,92,93,94,-1,94,93,85,-1,94,85,95,-1,95,85,84,-1,96,97,98,-1,98,97,99,-1,100,98,101,-1,101,98,99,-1,101,99,102,-1,102,99,103,-1,102,103,104,-1,104,103,105,-1,104,105,106,-1,106,105,97,-1,106,97,107,-1,107,97,96,-1,108,109,110,-1,110,109,111,-1,112,110,113,-1,113,110,111,-1,113,111,114,-1,114,111,115,-1,114,115,116,-1,116,115,117,-1,116,117,118,-1,118,117,109,-1,118,109,119,-1,119,109,108,-1,120,121,122,-1,122,121,123,-1,124,122,125,-1,125,122,123,-1,125,123,126,-1,126,123,127,-1,126,127,128,-1,128,127,129,-1,128,129,130,-1,130,129,121,-1,130,121,131,-1,131,121,120,-1,132,133,134,-1,134,133,135,-1,136,134,137,-1,137,134,135,-1,137,135,138,-1,138,135,139,-1,138,139,140,-1,140,139,141,-1,140,141,142,-1,142,141,133,-1,142,133,143,-1,143,133,132,-1,144,145,146,-1,146,145,147,-1,148,146,149,-1,149,146,147,-1,149,147,150,-1,150,147,151,-1,150,151,152,-1,152,151,153,-1,152,153,154,-1,154,153,145,-1,154,145,155,-1,155,145,144,-1,156,157,158,-1,158,157,159,-1,160,158,161,-1,161,158,159,-1,161,159,162,-1,162,159,163,-1,162,163,164,-1,164,163,165,-1,164,165,166,-1,166,165,157,-1,166,157,167,-1,167,157,156,-1,168,169,170,-1,170,169,171,-1,172,170,173,-1,173,170,171,-1,173,171,174,-1,174,171,175,-1,174,175,176,-1,176,175,177,-1,176,177,178,-1,178,177,169,-1,178,169,179,-1,179,169,168,-1,180,181,182,-1,182,181,183,-1,184,182,185,-1,185,182,183,-1,185,183,186,-1,186,183,187,-1,186,187,188,-1,188,187,189,-1,188,189,190,-1,190,189,181,-1,190,181,191,-1,191,181,180,-1,192,193,194,-1,194,193,195,-1,196,194,197,-1,197,194,195,-1,197,195,198,-1,198,195,199,-1,198,199,200,-1,200,199,201,-1,200,201,202,-1,202,201,193,-1,202,193,203,-1,203,193,192,-1,204,205,206,-1,206,205,207,-1,208,206,209,-1,209,206,207,-1,209,207,210,-1,210,207,211,-1,210,211,212,-1,212,211,213,-1,212,213,214,-1,214,213,205,-1,214,205,215,-1,215,205,204,-1,216,217,218,-1,218,217,219,-1,220,218,221,-1,221,218,219,-1,221,219,222,-1,222,219,223,-1,222,223,224,-1,224,223,225,-1,224,225,226,-1,226,225,217,-1,226,217,227,-1,227,217,216,-1,228,229,230,-1,230,229,231,-1,232,230,233,-1,233,230,231,-1,233,231,234,-1,234,231,235,-1,234,235,236,-1,236,235,237,-1,236,237,238,-1,238,237,229,-1,238,229,239,-1,239,229,228,-1,240,241,242,-1,242,241,243,-1,244,242,245,-1,245,242,243,-1,245,243,246,-1,246,243,247,-1,246,247,248,-1,248,247,249,-1,248,249,250,-1,250,249,241,-1,250,241,251,-1,251,241,240,-1,252,253,254,-1,254,253,255,-1,256,254,257,-1,257,254,255,-1,257,255,258,-1,258,255,259,-1,258,259,260,-1,260,259,261,-1,260,261,262,-1,262,261,253,-1,262,253,263,-1,263,253,252,-1,264,265,266,-1,266,265,267,-1,268,266,269,-1,269,266,267,-1,269,267,270,-1,270,267,271,-1,270,271,272,-1,272,271,273,-1,272,273,274,-1,274,273,265,-1,274,265,275,-1,275,265,264,-1,276,277,278,-1,278,277,279,-1,280,281,282,-1,282,281,277,-1,282,277,283,-1,283,277,276,-1,284,278,285,-1,285,278,279,-1,285,279,286,-1,286,279,287,-1,286,287,280,-1,280,287,281,-1,288,289,290,-1,290,289,291,-1,290,291,292,-1,291,289,293,-1,293,289,294,-1,293,294,295,-1,296,297,298,-1,298,297,299,-1,298,299,300,-1,299,297,301,-1,301,297,302,-1,
        ]
    }
}
Shape{
    appearance Appearance {
        material  Material 	{
            diffuseColor 0.10980392156862745 0.10980392156862745 0.10980392156862745
            specularColor 0.0784313725490196 0.0784313725490196 0.0784313725490196
            ambientIntensity 0.1098
            transparency 0.0
            shininess 0.5
        }
    }
    geometry IndexedFaceSet {
        ccw TRUE
        solid FALSE
        coord DEF co Coordinate {
            point [
                -0.2116 -0.3891 0.0083, -0.2577 -0.5072 0.0083, -0.2116 -0.3891 0.0079, -0.2577 -0.5072 0.0079, -0.2404 -0.5072 0.0083, -0.2404 -0.5072 0.0079, -0.2285 -0.4741 0.0083, -0.2285 -0.4741 0.0079, -0.1797 -0.4741 0.0083, -0.1797 -0.4741 0.0079, -0.1684 -0.5072 0.0083, -0.1684 -0.5072 0.0079, -0.1511 -0.5072 0.0083, -0.1511 -0.5072 0.0079, -0.1958 -0.3891 0.0083, -0.1958 -0.3891 0.0079, -0.1836 -0.4611 0.0083, -0.2231 -0.4611 0.0083, -0.2013 -0.4118 0.0083, -0.2024 -0.4077 0.0083, -0.2032 -0.4035 0.0083, -0.2035 -0.4035 0.0083, -0.2043 -0.4077 0.0083, -0.2054 -0.4118 0.0083, -0.1836 -0.4611 0.0079, -0.2231 -0.4611 0.0079, -0.2013 -0.4118 0.0079, -0.2024 -0.4077 0.0079, -0.2032 -0.4035 0.0079, -0.2035 -0.4035 0.0079, -0.2043 -0.4077 0.0079, -0.2054 -0.4118 0.0079, -0.0795 -0.5072 0.0083, -0.0474 -0.5072 0.0083, -0.0795 -0.5072 0.0079, -0.0474 -0.5072 0.0079, -0.0474 -0.3891 0.0083, -0.0474 -0.3891 0.0079, -0.0807 -0.3891 0.0083, -0.0807 -0.3891 0.0079, -0.1425 -0.4467 0.0083, -0.1425 -0.4467 0.0079, -0.1416 -0.4356 0.0079, -0.1416 -0.4356 0.0083, -0.1384 -0.4239 0.0079, -0.1384 -0.4239 0.0083, -0.1329 -0.4138 0.0079, -0.1329 -0.4138 0.0083, -0.1246 -0.4045 0.0079, -0.1246 -0.4045 0.0083, -0.1245 -0.4044 0.0079, -0.1245 -0.4044 0.0083, -0.1116 -0.3958 0.0079, -0.1116 -0.3958 0.0083, -0.0978 -0.3909 0.0079, -0.0978 -0.3909 0.0083, -0.0941 -0.5059 0.0079, -0.0941 -0.5059 0.0083, -0.1077 -0.5019 0.0079, -0.1077 -0.5019 0.0083, -0.1201 -0.4947 0.0079, -0.1201 -0.4947 0.0083, -0.1298 -0.4854 0.0079, -0.1298 -0.4854 0.0083, -0.1366 -0.4748 0.0079, -0.1366 -0.4748 0.0083, -0.1408 -0.4625 0.0079, -0.1408 -0.4625 0.0083, -0.1188 -0.4186 0.0083, -0.113 -0.4125 0.0083, -0.1044 -0.407 0.0083, -0.0946 -0.4035 0.0083, -0.0807 -0.4021 0.0083, -0.0632 -0.4021 0.0083, -0.0632 -0.4942 0.0083, -0.08 -0.4942 0.0083, -0.0925 -0.4931 0.0083, -0.1024 -0.49 0.0083, -0.1105 -0.4852 0.0083, -0.1171 -0.4787 0.0083, -0.1221 -0.4705 0.0083, -0.1255 -0.4594 0.0083, -0.1266 -0.447 0.0083, -0.1256 -0.4352 0.0083, -0.1229 -0.4259 0.0083, -0.0807 -0.4021 0.0079, -0.0632 -0.4021 0.0079, -0.0946 -0.4035 0.0079, -0.1044 -0.407 0.0079, -0.113 -0.4125 0.0079, -0.1188 -0.4186 0.0079, -0.1229 -0.4259 0.0079, -0.1256 -0.4352 0.0079, -0.1266 -0.447 0.0079, -0.1255 -0.4594 0.0079, -0.1221 -0.4705 0.0079, -0.1171 -0.4787 0.0079, -0.1105 -0.4852 0.0079, -0.1024 -0.49 0.0079, -0.0925 -0.4931 0.0079, -0.08 -0.4942 0.0079, -0.0632 -0.4942 0.0079, -0.0244 -0.4942 0.0083, -0.0244 -0.5072 0.0083, -0.0244 -0.4942 0.0079, -0.0244 -0.5072 0.0079, 0.039 -0.5072 0.0083, 0.039 -0.5072 0.0079, 0.039 -0.3891 0.0083, 0.039 -0.3891 0.0079, -0.0215 -0.3891 0.0083, -0.0215 -0.3891 0.0079, -0.0215 -0.4021 0.0083, -0.0215 -0.4021 0.0079, 0.0232 -0.4021 0.0083, 0.0232 -0.4021 0.0079, 0.0232 -0.4409 0.0083, 0.0232 -0.4409 0.0079, -0.0186 -0.4409 0.0083, -0.0186 -0.4409 0.0079, -0.0186 -0.4539 0.0083, -0.0186 -0.4539 0.0079, 0.0232 -0.4539 0.0083, 0.0232 -0.4539 0.0079, 0.0232 -0.4942 0.0083, 0.0232 -0.4942 0.0079, 0.0621 -0.4881 0.0083, 0.0621 -0.5011 0.0083, 0.0621 -0.4881 0.0079, 0.0621 -0.5011 0.0079, 0.0747 -0.5063 0.0083, 0.0946 -0.5086 0.0083, 0.0946 -0.5086 0.0079, 0.0913 -0.5086 0.0079, 0.0913 -0.5086 0.0083, 0.0866 -0.5079 0.0079, 0.0747 -0.5063 0.0079, 0.1015 -0.5079 0.0079, 0.1091 -0.5071 0.0083, 0.1091 -0.5071 0.0079, 0.1206 -0.5032 0.0083, 0.1206 -0.5032 0.0079, 0.1301 -0.4971 0.0083, 0.1301 -0.4971 0.0079, 0.1389 -0.4878 0.0083, 0.1389 -0.4878 0.0079, 0.1452 -0.4766 0.0083, 0.1452 -0.4766 0.0079, 0.1488 -0.4641 0.0083, 0.1488 -0.4641 0.0079, 0.1499 -0.4504 0.0083, 0.1499 -0.4504 0.0079, 0.0899 -0.3877 0.0083, 0.0899 -0.3877 0.0079, 0.1017 -0.3886 0.0079, 0.1017 -0.3886 0.0083, 0.1149 -0.3924 0.0079, 0.1149 -0.3924 0.0083, 0.1261 -0.3989 0.0079, 0.1261 -0.3989 0.0083, 0.1368 -0.4092 0.0079, 0.1368 -0.4092 0.0083, 0.1437 -0.4202 0.0079, 0.1437 -0.4202 0.0083, 0.1482 -0.4336 0.0079, 0.1482 -0.4336 0.0083, 0.0621 -0.3923 0.0083, 0.0621 -0.3923 0.0079, 0.0757 -0.3886 0.0079, 0.0757 -0.3886 0.0083, 0.0621 -0.4082 0.0083, 0.0621 -0.4082 0.0079, 0.0897 -0.4006 0.0083, 0.0897 -0.4006 0.0079, 0.0754 -0.4025 0.0079, 0.0754 -0.4025 0.0083, 0.1341 -0.4494 0.0083, 0.1341 -0.4494 0.0079, 0.1335 -0.4402 0.0079, 0.1335 -0.4402 0.0083, 0.1304 -0.4276 0.0079, 0.1304 -0.4276 0.0083, 0.1255 -0.4185 0.0079, 0.1255 -0.4185 0.0083, 0.1184 -0.4106 0.0079, 0.1184 -0.4106 0.0083, 0.1102 -0.4051 0.0079, 0.1102 -0.4051 0.0083, 0.1014 -0.4019 0.0079, 0.1014 -0.4019 0.0083, 0.0924 -0.4957 0.0083, 0.0924 -0.4957 0.0079, 0.1034 -0.4944 0.0079, 0.1034 -0.4944 0.0083, 0.112 -0.4913 0.0079, 0.112 -0.4913 0.0083, 0.1193 -0.4864 0.0079, 0.1193 -0.4864 0.0083, 0.1248 -0.4805 0.0079, 0.1248 -0.4805 0.0083, 0.1297 -0.4724 0.0079, 0.1297 -0.4724 0.0083, 0.1329 -0.4622 0.0079, 0.1329 -0.4622 0.0083, 0.0642 -0.4893 0.0079, 0.0642 -0.4893 0.0083, 0.0767 -0.4939 0.0079, 0.0767 -0.4939 0.0083, 0.16 -0.4942 0.0083, 0.16 -0.5072 0.0083, 0.16 -0.4942 0.0079, 0.16 -0.5072 0.0079, 0.2205 -0.5072 0.0083, 0.2205 -0.5072 0.0079, 0.2205 -0.3891 0.0083, 0.2205 -0.3891 0.0079, 0.2047 -0.3891 0.0083, 0.2047 -0.3891 0.0079, 0.2047 -0.4942 0.0083, 0.2047 -0.4942 0.0079
            ]
        }
        coordIndex [
            0,1,2,-1,2,1,3,-1,1,4,3,-1,3,4,5,-1,4,6,5,-1,5,6,7,-1,6,8,7,-1,7,8,9,-1,8,10,9,-1,9,10,11,-1,10,12,11,-1,11,12,13,-1,12,14,13,-1,13,14,15,-1,14,0,15,-1,15,0,2,-1,16,8,17,-1,17,8,6,-1,18,14,16,-1,16,14,12,-1,16,12,8,-1,8,12,10,-1,18,19,14,-1,14,19,20,-1,14,20,0,-1,0,20,21,-1,0,21,22,-1,22,23,0,-1,0,23,17,-1,0,17,1,-1,1,17,6,-1,1,6,4,-1,16,17,24,-1,24,17,25,-1,18,16,26,-1,26,16,24,-1,18,26,27,-1,18,27,19,-1,19,27,28,-1,19,28,20,-1,21,20,29,-1,29,20,28,-1,21,29,30,-1,21,30,22,-1,22,30,31,-1,22,31,23,-1,17,23,25,-1,25,23,31,-1,32,33,34,-1,34,33,35,-1,33,36,35,-1,35,36,37,-1,36,38,37,-1,37,38,39,-1,40,41,42,-1,40,42,43,-1,43,42,44,-1,43,44,45,-1,45,44,46,-1,45,46,47,-1,47,46,48,-1,47,48,49,-1,49,48,50,-1,49,50,51,-1,51,50,52,-1,51,52,53,-1,53,52,54,-1,53,54,55,-1,55,54,39,-1,55,39,38,-1,32,34,56,-1,32,56,57,-1,57,56,58,-1,57,58,59,-1,59,58,60,-1,59,60,61,-1,61,60,62,-1,61,62,63,-1,63,62,64,-1,63,64,65,-1,65,64,66,-1,65,66,67,-1,67,66,41,-1,67,41,40,-1,45,47,68,-1,68,47,49,-1,68,49,69,-1,69,49,51,-1,69,51,70,-1,70,51,53,-1,70,53,71,-1,71,53,55,-1,71,55,72,-1,72,55,38,-1,72,38,73,-1,73,38,36,-1,73,36,74,-1,74,36,33,-1,74,33,75,-1,75,33,32,-1,75,32,76,-1,76,32,57,-1,76,57,77,-1,77,57,59,-1,77,59,78,-1,78,59,61,-1,78,61,79,-1,79,61,63,-1,79,63,80,-1,80,63,65,-1,80,65,81,-1,81,65,67,-1,81,67,82,-1,82,67,40,-1,82,40,83,-1,83,40,43,-1,83,43,84,-1,84,43,45,-1,84,45,68,-1,72,73,85,-1,85,73,86,-1,72,85,87,-1,72,87,71,-1,71,87,88,-1,71,88,70,-1,70,88,89,-1,70,89,69,-1,69,89,90,-1,69,90,68,-1,68,90,91,-1,68,91,84,-1,84,91,92,-1,84,92,83,-1,83,92,93,-1,83,93,82,-1,82,93,94,-1,82,94,81,-1,81,94,95,-1,81,95,80,-1,80,95,96,-1,80,96,79,-1,79,96,97,-1,79,97,78,-1,78,97,98,-1,78,98,77,-1,77,98,99,-1,77,99,76,-1,76,99,100,-1,76,100,75,-1,74,75,101,-1,101,75,100,-1,73,74,86,-1,86,74,101,-1,102,103,104,-1,104,103,105,-1,103,106,105,-1,105,106,107,-1,106,108,107,-1,107,108,109,-1,108,110,109,-1,109,110,111,-1,110,112,111,-1,111,112,113,-1,112,114,113,-1,113,114,115,-1,114,116,115,-1,115,116,117,-1,116,118,117,-1,117,118,119,-1,118,120,119,-1,119,120,121,-1,120,122,121,-1,121,122,123,-1,122,124,123,-1,123,124,125,-1,124,102,125,-1,125,102,104,-1,106,103,102,-1,102,124,106,-1,106,124,122,-1,106,122,108,-1,112,110,114,-1,114,110,108,-1,114,108,116,-1,116,108,122,-1,116,122,118,-1,118,122,120,-1,126,127,128,-1,128,127,129,-1,129,127,130,-1,131,132,133,-1,131,133,134,-1,134,133,135,-1,134,135,130,-1,130,135,136,-1,130,136,129,-1,132,131,137,-1,137,131,138,-1,137,138,139,-1,139,138,140,-1,139,140,141,-1,141,140,142,-1,141,142,143,-1,143,142,144,-1,143,144,145,-1,145,144,146,-1,145,146,147,-1,147,146,148,-1,147,148,149,-1,149,148,150,-1,149,150,151,-1,152,153,154,-1,152,154,155,-1,155,154,156,-1,155,156,157,-1,157,156,158,-1,157,158,159,-1,159,158,160,-1,159,160,161,-1,161,160,162,-1,161,162,163,-1,163,162,164,-1,163,164,165,-1,165,164,151,-1,165,151,150,-1,166,167,168,-1,166,168,169,-1,169,168,153,-1,169,153,152,-1,166,170,167,-1,167,170,171,-1,172,173,174,-1,172,174,175,-1,175,174,171,-1,175,171,170,-1,176,177,178,-1,176,178,179,-1,179,178,180,-1,179,180,181,-1,181,180,182,-1,181,182,183,-1,183,182,184,-1,183,184,185,-1,185,184,186,-1,185,186,187,-1,187,186,188,-1,187,188,189,-1,189,188,173,-1,189,173,172,-1,190,191,192,-1,190,192,193,-1,193,192,194,-1,193,194,195,-1,195,194,196,-1,195,196,197,-1,197,196,198,-1,197,198,199,-1,199,198,200,-1,199,200,201,-1,201,200,202,-1,201,202,203,-1,203,202,177,-1,203,177,176,-1,126,128,204,-1,126,204,205,-1,205,204,206,-1,205,206,207,-1,207,206,191,-1,207,191,190,-1,193,131,190,-1,190,131,134,-1,190,134,207,-1,207,134,130,-1,207,130,205,-1,205,130,127,-1,205,127,126,-1,170,166,175,-1,175,166,169,-1,175,169,172,-1,172,169,152,-1,172,152,189,-1,189,152,155,-1,189,155,187,-1,187,155,157,-1,187,157,185,-1,185,157,159,-1,185,159,183,-1,183,159,161,-1,183,161,181,-1,181,161,163,-1,181,163,179,-1,179,163,165,-1,179,165,176,-1,176,165,150,-1,176,150,203,-1,203,150,148,-1,203,148,201,-1,201,148,146,-1,201,146,199,-1,199,146,144,-1,199,144,197,-1,197,144,142,-1,197,142,195,-1,195,142,140,-1,195,140,193,-1,193,140,138,-1,193,138,131,-1,208,209,210,-1,210,209,211,-1,209,212,211,-1,211,212,213,-1,212,214,213,-1,213,214,215,-1,214,216,215,-1,215,216,217,-1,216,218,217,-1,217,218,219,-1,218,208,219,-1,219,208,210,-1,216,214,218,-1,218,214,212,-1,218,212,208,-1,208,212,209,-1,
        ]
    }
}
Shape{
    appearance Appearance {
        material  Material 	{
            diffuseColor 1.0 1.0 1.0
            specularColor 0.30196078431372547 0.30196078431372547 0.30196078431372547
            ambientIntensity 1.0
            transparency 0.0
            shininess 0.5
        }
    }
    geometry IndexedFaceSet {
        ccw TRUE
        solid FALSE
        coord DEF co Coordinate {
            point [
                -0.1836 -0.4611 0.0079, -0.2231 -0.4611 0.0079, -0.2013 -0.4118 0.0079, -0.2054 -0.4118 0.0079, -0.2024 -0.4077 0.0079, -0.2043 -0.4077 0.0079, -0.2032 -0.4035 0.0079, -0.2035 -0.4035 0.0079, -0.0632 -0.4021 0.0079, -0.0632 -0.4942 0.0079, -0.0807 -0.4021 0.0079, -0.08 -0.4942 0.0079, -0.0925 -0.4931 0.0079, -0.1266 -0.447 0.0079, -0.1256 -0.4352 0.0079, -0.1229 -0.4259 0.0079, -0.0946 -0.4035 0.0079, -0.1024 -0.49 0.0079, -0.1105 -0.4852 0.0079, -0.1171 -0.4787 0.0079, -0.1221 -0.4705 0.0079, -0.1255 -0.4594 0.0079, -0.1188 -0.4186 0.0079, -0.113 -0.4125 0.0079, -0.1044 -0.407 0.0079
            ]
        }
        coordIndex [
            0,1,2,-1,2,1,3,-1,2,3,4,-1,4,3,5,-1,4,5,6,-1,6,5,7,-1,8,9,10,-1,10,9,11,-1,10,11,12,-1,13,14,10,-1,10,14,15,-1,10,15,16,-1,12,17,10,-1,10,17,18,-1,10,18,19,-1,19,20,10,-1,10,20,21,-1,10,21,13,-1,22,23,15,-1,15,23,24,-1,15,24,16,-1,
        ]
    }
}
Shape{
    appearance Appearance {
        material  Material 	{
            diffuseColor 0.6666666666666666 0.6980392156862745 0.7686274509803922
            specularColor 0.3333333333333333 0.34901960784313724 0.3843137254901961
            ambientIntensity 0.6967
            transparency 0.0
            shininess 0.5
        }
    }
    geometry IndexedFaceSet {
        ccw TRUE
        solid FALSE
        coord DEF co Coordinate {
            point [
                -0.8465 -1.0318 0.7756, -0.8465 0.3189 0.7756, -0.9252 -1.0318 0.7756, -0.9252 0.3189 0.7756, -0.8465 -1.0318 0.7362, -0.9252 -1.0318 0.7362, -0.8465 0.3189 0.7362, -0.9252 0.3189 0.7362, -0.8465 0.3276 0.7352, -0.9252 0.3276 0.7352, -0.8465 0.336 0.7323, -0.9252 0.336 0.7323, -0.8465 0.3434 0.7276, -0.9252 0.3434 0.7276, -0.8465 0.3496 0.7214, -0.9252 0.3496 0.7214, -0.8465 0.3543 0.7139, -0.9252 0.3543 0.7139, -0.8465 0.3573 0.7056, -0.9252 0.3573 0.7056, -0.8465 0.3582 0.6969, -0.9252 0.3582 0.6969, -0.8465 0.3582 0.0394, -0.9252 0.3582 0.0394, -0.9252 0.3596 0.0292, -0.8465 0.3596 0.0292, -0.9252 0.3635 0.0197, -0.8465 0.3635 0.0197, -0.9252 0.3698 0.0115, -0.8465 0.3698 0.0115, -0.9252 0.3779 0.0053, -0.8465 0.3779 0.0053, -0.9252 0.3874 0.0013, -0.8465 0.3874 0.0013, -0.9252 0.3976 0.0, -0.8465 0.3976 0.0, -0.8465 0.6889 0.0, -0.9252 0.6889 0.0, -0.8465 0.6889 0.0394, -0.9252 0.6889 0.0394, -0.8465 0.3976 0.0394, -0.9252 0.3976 0.0394, -0.8465 0.3976 0.6969, -0.9252 0.3976 0.6969, -0.9252 0.3956 0.7144, -0.8465 0.3956 0.7144, -0.9252 0.3898 0.731, -0.8465 0.3898 0.731, -0.9252 0.3804 0.7459, -0.8465 0.3804 0.7459, -0.9252 0.368 0.7584, -0.8465 0.368 0.7584, -0.9252 0.353 0.7678, -0.8465 0.353 0.7678, -0.9252 0.3364 0.7736, -0.8465 0.3364 0.7736, -3.189 -0.7008 0.0, -3.189 -0.7008 0.0394, -3.1992 -0.6995 0.0394, -3.1992 -0.6995 0.0, -3.2087 -0.6955 0.0394, -3.2087 -0.6955 0.0, -3.2168 -0.6893 0.0394, -3.2168 -0.6893 0.0, -3.2231 -0.6811 0.0394, -3.2231 -0.6811 0.0, -3.227 -0.6716 0.0394, -3.227 -0.6716 0.0, -3.2283 -0.6614 0.0394, -3.2283 -0.6614 0.0
            ]
        }
        coordIndex [
            0,1,2,-1,2,1,3,-1,4,0,5,-1,5,0,2,-1,6,4,7,-1,7,4,5,-1,6,7,8,-1,8,7,9,-1,8,9,10,-1,10,9,11,-1,10,11,12,-1,12,11,13,-1,12,13,14,-1,14,13,15,-1,14,15,16,-1,16,15,17,-1,16,17,18,-1,18,17,19,-1,18,19,20,-1,20,19,21,-1,22,20,23,-1,23,20,21,-1,22,23,24,-1,22,24,25,-1,25,24,26,-1,25,26,27,-1,27,26,28,-1,27,28,29,-1,29,28,30,-1,29,30,31,-1,31,30,32,-1,31,32,33,-1,33,32,34,-1,33,34,35,-1,36,35,37,-1,37,35,34,-1,38,36,39,-1,39,36,37,-1,40,38,41,-1,41,38,39,-1,42,40,43,-1,43,40,41,-1,42,43,44,-1,42,44,45,-1,45,44,46,-1,45,46,47,-1,47,46,48,-1,47,48,49,-1,49,48,50,-1,49,50,51,-1,51,50,52,-1,51,52,53,-1,53,52,54,-1,53,54,55,-1,55,54,3,-1,55,3,1,-1,36,38,35,-1,35,38,40,-1,35,40,33,-1,33,40,31,-1,25,27,40,-1,40,27,29,-1,40,29,31,-1,0,4,1,-1,1,4,6,-1,1,6,55,-1,55,6,8,-1,55,8,53,-1,53,8,10,-1,53,10,51,-1,51,10,12,-1,51,12,49,-1,49,12,14,-1,49,14,47,-1,47,14,16,-1,47,16,45,-1,45,16,18,-1,45,18,42,-1,42,18,20,-1,42,20,40,-1,40,20,22,-1,40,22,25,-1,39,37,41,-1,41,37,34,-1,41,34,32,-1,32,30,41,-1,41,30,28,-1,41,28,26,-1,5,2,7,-1,7,2,3,-1,7,3,9,-1,9,3,54,-1,9,54,11,-1,11,54,52,-1,11,52,13,-1,13,52,50,-1,13,50,15,-1,15,50,48,-1,15,48,17,-1,17,48,46,-1,17,46,19,-1,19,46,44,-1,19,44,21,-1,21,44,43,-1,21,43,23,-1,23,43,41,-1,23,41,24,-1,24,41,26,-1,56,57,58,-1,56,58,59,-1,59,58,60,-1,59,60,61,-1,61,60,62,-1,61,62,63,-1,63,62,64,-1,63,64,65,-1,65,64,66,-1,65,66,67,-1,67,66,68,-1,67,68,69,-1,
        ]
    }
}
Shape{
    appearance Appearance {
        material  Material 	{
            diffuseColor 0.10980392156862745 0.10980392156862745 0.10980392156862745
            specularColor 0.0784313725490196 0.0784313725490196 0.0784313725490196
            ambientIntensity 0.1098
            transparency 0.0
            shininess 0.5
        }
    }
    geometry IndexedFaceSet {
        ccw TRUE
        solid FALSE
        coord DEF co Coordinate {
            point [
                -3.2283 -0.3465 0.0, -3.2283 -0.6614 0.0, -3.2283 -0.3465 0.0394, -3.2283 -0.6614 0.0394, -3.227 -0.3363 0.0394, -3.227 -0.3363 0.0, -3.2231 -0.3268 0.0394, -3.2231 -0.3268 0.0, -3.2168 -0.3186 0.0394, -3.2168 -0.3186 0.0, -3.2087 -0.3124 0.0394, -3.2087 -0.3124 0.0, -3.1992 -0.3085 0.0394, -3.1992 -0.3085 0.0, -3.189 -0.3071 0.0394, -3.189 -0.3071 0.0, -2.6378 -0.3071 0.0, -2.6378 -0.3071 0.0394
            ]
        }
        coordIndex [
            0,1,2,-1,2,1,3,-1,0,2,4,-1,0,4,5,-1,5,4,6,-1,5,6,7,-1,7,6,8,-1,7,8,9,-1,9,8,10,-1,9,10,11,-1,11,10,12,-1,11,12,13,-1,13,12,14,-1,13,14,15,-1,16,15,17,-1,17,15,14,-1,
        ]
    }
}
Shape{
    appearance Appearance {
        material  Material 	{
            diffuseColor 0.6666666666666666 0.6980392156862745 0.7686274509803922
            specularColor 0.3333333333333333 0.34901960784313724 0.3843137254901961
            ambientIntensity 0.6967
            transparency 0.0
            shininess 0.5
        }
    }
    geometry IndexedFaceSet {
        ccw TRUE
        solid FALSE
        coord DEF co Coordinate {
            point [
                -2.6378 -0.3071 0.0, -2.6378 -0.3071 0.0394, -2.6276 -0.3085 0.0394, -2.6276 -0.3085 0.0, -2.6181 -0.3124 0.0394, -2.6181 -0.3124 0.0, -2.61 -0.3186 0.0394, -2.61 -0.3186 0.0, -2.6037 -0.3268 0.0394, -2.6037 -0.3268 0.0, -2.5998 -0.3363 0.0394, -2.5998 -0.3363 0.0, -2.5984 -0.3465 0.0394, -2.5984 -0.3465 0.0, -2.5984 -0.6614 0.0, -2.5984 -0.6614 0.0394
            ]
        }
        coordIndex [
            0,1,2,-1,0,2,3,-1,3,2,4,-1,3,4,5,-1,5,4,6,-1,5,6,7,-1,7,6,8,-1,7,8,9,-1,9,8,10,-1,9,10,11,-1,11,10,12,-1,11,12,13,-1,14,13,15,-1,15,13,12,-1,
        ]
    }
}
Shape{
    appearance Appearance {
        material  Material 	{
            diffuseColor 0.10980392156862745 0.10980392156862745 0.10980392156862745
            specularColor 0.0784313725490196 0.0784313725490196 0.0784313725490196
            ambientIntensity 0.1098
            transparency 0.0
            shininess 0.5
        }
    }
    geometry IndexedFaceSet {
        ccw TRUE
        solid FALSE
        coord DEF co Coordinate {
            point [
                -2.5984 -0.6614 0.0, -2.5984 -0.6614 0.0394, -2.5998 -0.6716 0.0394, -2.5998 -0.6716 0.0, -2.6037 -0.6811 0.0394, -2.6037 -0.6811 0.0, -2.61 -0.6893 0.0394, -2.61 -0.6893 0.0, -2.6181 -0.6955 0.0394, -2.6181 -0.6955 0.0, -2.6276 -0.6995 0.0394, -2.6276 -0.6995 0.0, -2.6378 -0.7008 0.0394, -2.6378 -0.7008 0.0
            ]
        }
        coordIndex [
            0,1,2,-1,0,2,3,-1,3,2,4,-1,3,4,5,-1,5,4,6,-1,5,6,7,-1,7,6,8,-1,7,8,9,-1,9,8,10,-1,9,10,11,-1,11,10,12,-1,11,12,13,-1,
        ]
    }
}
Shape{
    appearance Appearance {
        material  Material 	{
            diffuseColor 1.0 1.0 1.0
            specularColor 0.8784313725490196 0.8784313725490196 0.8784313725490196
            ambientIntensity 1.0
            transparency 0.0
            shininess 0.5
        }
    }
    geometry IndexedFaceSet {
        ccw TRUE
        solid FALSE
        coord DEF co Coordinate {
            point [
                -3.189 -0.7008 0.0, -2.6378 -0.7008 0.0, -3.189 -0.7008 0.0394, -2.6378 -0.7008 0.0394
            ]
        }
        coordIndex [
            0,1,2,-1,2,1,3,-1,
        ]
    }
}
Shape{
    appearance Appearance {
        material  Material 	{
            diffuseColor 0.10980392156862745 0.10980392156862745 0.10980392156862745
            specularColor 0.0784313725490196 0.0784313725490196 0.0784313725490196
            ambientIntensity 0.1098
            transparency 0.0
            shininess 0.5
        }
    }
    geometry IndexedFaceSet {
        ccw TRUE
        solid FALSE
        coord DEF co Coordinate {
            point [
                -2.5998 -0.6716 0.0, -2.6037 -0.6811 0.0, -2.6378 -0.7008 0.0, -2.61 -0.6893 0.0, -2.6181 -0.6955 0.0, -2.6276 -0.6995 0.0, -3.227 -0.6716 0.0, -3.2283 -0.6614 0.0, -3.189 -0.7008 0.0, -2.6037 -0.3268 0.0, -2.5998 -0.3363 0.0, -2.6378 -0.3071 0.0, -2.5984 -0.3465 0.0, -2.5984 -0.6614 0.0, -3.2087 -0.6955 0.0, -3.2168 -0.6893 0.0, -3.2231 -0.6811 0.0, -3.2283 -0.3465 0.0, -3.189 -0.3071 0.0, -3.227 -0.3363 0.0, -3.2231 -0.3268 0.0, -3.2168 -0.3186 0.0, -3.2087 -0.3124 0.0, -3.1992 -0.3085 0.0, -2.6276 -0.3085 0.0, -2.6181 -0.3124 0.0, -2.61 -0.3186 0.0, -3.1992 -0.6995 0.0
            ]
        }
        coordIndex [
            0,1,2,-1,1,3,2,-1,2,3,4,-1,2,4,5,-1,6,7,8,-1,8,7,2,-1,9,10,11,-1,11,10,12,-1,11,12,2,-1,2,12,13,-1,2,13,0,-1,14,15,16,-1,2,7,11,-1,11,7,17,-1,11,17,18,-1,18,17,19,-1,18,19,20,-1,21,22,20,-1,20,22,23,-1,20,23,18,-1,24,25,11,-1,11,25,26,-1,11,26,9,-1,6,8,16,-1,16,8,27,-1,16,27,14,-1,
        ]
    }
}
Shape{
    appearance Appearance {
        material  Material 	{
            diffuseColor 0.6666666666666666 0.6980392156862745 0.7686274509803922
            specularColor 0.3333333333333333 0.34901960784313724 0.3843137254901961
            ambientIntensity 0.6967
            transparency 0.0
            shininess 0.5
        }
    }
    geometry IndexedFaceSet {
        ccw TRUE
        solid FALSE
        coord DEF co Coordinate {
            point [
                -3.227 -0.3363 0.0394, -3.2283 -0.3465 0.0394, -3.189 -0.3071 0.0394, -2.5998 -0.6716 0.0394, -2.5984 -0.6614 0.0394, -2.6378 -0.7008 0.0394, -3.189 -0.7008 0.0394, -2.6276 -0.6995 0.0394, -2.6181 -0.6955 0.0394, -2.61 -0.6893 0.0394, -2.6378 -0.3071 0.0394, -3.227 -0.6716 0.0394, -3.2231 -0.6811 0.0394, -3.2087 -0.3124 0.0394, -3.2168 -0.3186 0.0394, -3.2231 -0.3268 0.0394, -2.6037 -0.6811 0.0394, -3.2168 -0.6893 0.0394, -3.2087 -0.6955 0.0394, -3.1992 -0.6995 0.0394, -3.2283 -0.6614 0.0394, -2.5984 -0.3465 0.0394, -2.5998 -0.3363 0.0394, -2.6037 -0.3268 0.0394, -3.1992 -0.3085 0.0394, -2.61 -0.3186 0.0394, -2.6181 -0.3124 0.0394, -2.6276 -0.3085 0.0394, -0.4528 -1.0318 0.7756, -0.4528 0.3189 0.7756, -0.5315 -1.0318 0.7756, -0.5315 0.3189 0.7756, -0.4528 -1.0318 0.7362, -0.5315 -1.0318 0.7362, -0.4528 0.3189 0.7362, -0.5315 0.3189 0.7362, -0.4528 0.3276 0.7352, -0.5315 0.3276 0.7352, -0.4528 0.336 0.7323, -0.5315 0.336 0.7323, -0.4528 0.3434 0.7276, -0.5315 0.3434 0.7276, -0.4528 0.3496 0.7214, -0.5315 0.3496 0.7214, -0.4528 0.3543 0.7139, -0.5315 0.3543 0.7139, -0.4528 0.3573 0.7056, -0.5315 0.3573 0.7056, -0.4528 0.3582 0.6969, -0.5315 0.3582 0.6969, -0.4528 0.3582 0.0394, -0.5315 0.3582 0.0394, -0.5315 0.3596 0.0292, -0.4528 0.3596 0.0292, -0.5315 0.3635 0.0197, -0.4528 0.3635 0.0197, -0.5315 0.3698 0.0115, -0.4528 0.3698 0.0115, -0.5315 0.3779 0.0053, -0.4528 0.3779 0.0053, -0.5315 0.3874 0.0013, -0.4528 0.3874 0.0013, -0.5315 0.3976 0.0, -0.4528 0.3976 0.0, -0.4528 0.6889 0.0, -0.5315 0.6889 0.0, -0.4528 0.6889 0.0394, -0.5315 0.6889 0.0394, -0.4528 0.3976 0.0394, -0.5315 0.3976 0.0394, -0.4528 0.3976 0.6969, -0.5315 0.3976 0.6969, -0.5315 0.3956 0.7144, -0.4528 0.3956 0.7144, -0.5315 0.3898 0.731, -0.4528 0.3898 0.731, -0.5315 0.3804 0.7459, -0.4528 0.3804 0.7459, -0.5315 0.368 0.7584, -0.4528 0.368 0.7584, -0.5315 0.353 0.7678, -0.4528 0.353 0.7678, -0.5315 0.3364 0.7736, -0.4528 0.3364 0.7736, -1.8307 0.3556 0.1295, -1.8307 -0.8803 0.2111, -1.9094 0.3556 0.1295, -1.9094 -0.8803 0.2111, -1.8307 0.3582 0.1688, -1.9094 0.3582 0.1688, -1.8307 -0.8777 0.2504, -1.9094 -0.8777 0.2504, -1.9094 -0.8854 0.2501, -1.8307 -0.8854 0.2501, -1.9094 -0.893 0.2484, -1.8307 -0.893 0.2484, -1.8307 -1.3675 0.0866, -1.9094 -1.3675 0.0866, -1.8307 -1.3548 0.0493, -1.9094 -1.3548 0.0493, -0.4528 0.3556 0.1295, -0.4528 -0.8803 0.2111, -0.5315 0.3556 0.1295, -0.5315 -0.8803 0.2111, -0.4528 0.3582 0.1688, -0.5315 0.3582 0.1688, -0.4528 -0.8777 0.2504, -0.5315 -0.8777 0.2504, -0.5315 -0.8854 0.2501, -0.4528 -0.8854 0.2501, -0.5315 -0.893 0.2484, -0.4528 -0.893 0.2484, -0.4528 -1.3675 0.0866, -0.5315 -1.3675 0.0866, -0.4528 -1.3548 0.0493, -0.5315 -1.3548 0.0493, -0.0591 -1.0318 0.7756, -0.0591 0.3189 0.7756, -0.1378 -1.0318 0.7756, -0.1378 0.3189 0.7756, -0.0591 -1.0318 0.7362, -0.1378 -1.0318 0.7362, -0.0591 0.3189 0.7362, -0.1378 0.3189 0.7362, -0.0591 0.3276 0.7352, -0.1378 0.3276 0.7352, -0.0591 0.336 0.7323, -0.1378 0.336 0.7323, -0.0591 0.3434 0.7276, -0.1378 0.3434 0.7276, -0.0591 0.3496 0.7214, -0.1378 0.3496 0.7214, -0.0591 0.3543 0.7139, -0.1378 0.3543 0.7139, -0.0591 0.3573 0.7056, -0.1378 0.3573 0.7056, -0.0591 0.3582 0.6969, -0.1378 0.3582 0.6969, -0.0591 0.3582 0.0394, -0.1378 0.3582 0.0394, -0.1378 0.3596 0.0292, -0.0591 0.3596 0.0292, -0.1378 0.3635 0.0197, -0.0591 0.3635 0.0197, -0.1378 0.3698 0.0115, -0.0591 0.3698 0.0115, -0.1378 0.3779 0.0053, -0.0591 0.3779 0.0053, -0.1378 0.3874 0.0013, -0.0591 0.3874 0.0013, -0.1378 0.3976 0.0, -0.0591 0.3976 0.0, -0.0591 0.6889 0.0, -0.1378 0.6889 0.0, -0.0591 0.6889 0.0394, -0.1378 0.6889 0.0394, -0.0591 0.3976 0.0394, -0.1378 0.3976 0.0394, -0.0591 0.3976 0.6969, -0.1378 0.3976 0.6969, -0.1378 0.3956 0.7144, -0.0591 0.3956 0.7144, -0.1378 0.3898 0.731, -0.0591 0.3898 0.731, -0.1378 0.3804 0.7459, -0.0591 0.3804 0.7459, -0.1378 0.368 0.7584, -0.0591 0.368 0.7584, -0.1378 0.353 0.7678, -0.0591 0.353 0.7678, -0.1378 0.3364 0.7736, -0.0591 0.3364 0.7736, 0.9252 0.3556 0.1295, 0.9252 -0.8803 0.2111, 0.8465 0.3556 0.1295, 0.8465 -0.8803 0.2111, 0.9252 0.3582 0.1688, 0.8465 0.3582 0.1688, 0.9252 -0.8777 0.2504, 0.8465 -0.8777 0.2504, 0.8465 -0.8854 0.2501, 0.9252 -0.8854 0.2501, 0.8465 -0.893 0.2484, 0.9252 -0.893 0.2484, 0.9252 -1.3675 0.0866, 0.8465 -1.3675 0.0866, 0.9252 -1.3548 0.0493, 0.8465 -1.3548 0.0493, 2.5984 -0.3465 0.0, 2.5984 -0.3465 0.0394, 2.5998 -0.3363 0.0394, 2.5998 -0.3363 0.0, 2.6037 -0.3268 0.0394, 2.6037 -0.3268 0.0, 2.61 -0.3186 0.0394, 2.61 -0.3186 0.0, 2.6181 -0.3124 0.0394, 2.6181 -0.3124 0.0, 2.6276 -0.3085 0.0394, 2.6276 -0.3085 0.0, 2.6378 -0.3071 0.0394, 2.6378 -0.3071 0.0, 3.189 -0.3071 0.0, 3.189 -0.3071 0.0394, 3.1992 -0.3085 0.0394, 3.1992 -0.3085 0.0, 3.2087 -0.3124 0.0394, 3.2087 -0.3124 0.0, 3.2168 -0.3186 0.0394, 3.2168 -0.3186 0.0, 3.2231 -0.3268 0.0394, 3.2231 -0.3268 0.0, 3.227 -0.3363 0.0394, 3.227 -0.3363 0.0, 3.2283 -0.3465 0.0394, 3.2283 -0.3465 0.0, 3.2283 -0.6614 0.0, 3.2283 -0.6614 0.0394
            ]
        }
        coordIndex [
            0,1,2,-1,3,4,5,-1,5,4,6,-1,7,8,9,-1,2,1,10,-1,11,12,6,-1,13,14,15,-1,7,9,5,-1,5,9,16,-1,5,16,3,-1,17,18,12,-1,12,18,19,-1,12,19,6,-1,11,6,20,-1,20,6,4,-1,20,4,1,-1,1,4,21,-1,1,21,10,-1,10,21,22,-1,10,22,23,-1,0,2,15,-1,15,2,24,-1,15,24,13,-1,23,25,10,-1,10,25,26,-1,10,26,27,-1,28,29,30,-1,30,29,31,-1,32,28,33,-1,33,28,30,-1,34,32,35,-1,35,32,33,-1,34,35,36,-1,36,35,37,-1,36,37,38,-1,38,37,39,-1,38,39,40,-1,40,39,41,-1,40,41,42,-1,42,41,43,-1,42,43,44,-1,44,43,45,-1,44,45,46,-1,46,45,47,-1,46,47,48,-1,48,47,49,-1,50,48,51,-1,51,48,49,-1,50,51,52,-1,50,52,53,-1,53,52,54,-1,53,54,55,-1,55,54,56,-1,55,56,57,-1,57,56,58,-1,57,58,59,-1,59,58,60,-1,59,60,61,-1,61,60,62,-1,61,62,63,-1,64,63,65,-1,65,63,62,-1,66,64,67,-1,67,64,65,-1,68,66,69,-1,69,66,67,-1,70,68,71,-1,71,68,69,-1,70,71,72,-1,70,72,73,-1,73,72,74,-1,73,74,75,-1,75,74,76,-1,75,76,77,-1,77,76,78,-1,77,78,79,-1,79,78,80,-1,79,80,81,-1,81,80,82,-1,81,82,83,-1,83,82,31,-1,83,31,29,-1,64,66,63,-1,63,66,68,-1,63,68,61,-1,61,68,59,-1,53,55,68,-1,68,55,57,-1,68,57,59,-1,28,32,29,-1,29,32,34,-1,29,34,83,-1,83,34,36,-1,83,36,81,-1,81,36,38,-1,81,38,79,-1,79,38,40,-1,79,40,77,-1,77,40,42,-1,77,42,75,-1,75,42,44,-1,75,44,73,-1,73,44,46,-1,73,46,70,-1,70,46,48,-1,70,48,68,-1,68,48,50,-1,68,50,53,-1,67,65,69,-1,69,65,62,-1,69,62,60,-1,60,58,69,-1,69,58,56,-1,69,56,54,-1,33,30,35,-1,35,30,31,-1,35,31,37,-1,37,31,82,-1,37,82,39,-1,39,82,80,-1,39,80,41,-1,41,80,78,-1,41,78,43,-1,43,78,76,-1,43,76,45,-1,45,76,74,-1,45,74,47,-1,47,74,72,-1,47,72,49,-1,49,72,71,-1,49,71,51,-1,51,71,69,-1,51,69,52,-1,52,69,54,-1,84,85,86,-1,86,85,87,-1,88,84,89,-1,89,84,86,-1,90,88,91,-1,91,88,89,-1,90,91,92,-1,90,92,93,-1,93,92,94,-1,93,94,95,-1,96,95,97,-1,97,95,94,-1,98,96,99,-1,99,96,97,-1,85,98,87,-1,87,98,99,-1,88,90,84,-1,84,90,85,-1,96,98,95,-1,95,98,85,-1,95,85,93,-1,93,85,90,-1,97,94,99,-1,99,94,87,-1,89,86,91,-1,91,86,87,-1,91,87,92,-1,92,87,94,-1,100,101,102,-1,102,101,103,-1,104,100,105,-1,105,100,102,-1,106,104,107,-1,107,104,105,-1,106,107,108,-1,106,108,109,-1,109,108,110,-1,109,110,111,-1,112,111,113,-1,113,111,110,-1,114,112,115,-1,115,112,113,-1,101,114,103,-1,103,114,115,-1,104,106,100,-1,100,106,101,-1,112,114,111,-1,111,114,101,-1,111,101,109,-1,109,101,106,-1,113,110,115,-1,115,110,103,-1,105,102,107,-1,107,102,103,-1,107,103,108,-1,108,103,110,-1,116,117,118,-1,118,117,119,-1,120,116,121,-1,121,116,118,-1,122,120,123,-1,123,120,121,-1,122,123,124,-1,124,123,125,-1,124,125,126,-1,126,125,127,-1,126,127,128,-1,128,127,129,-1,128,129,130,-1,130,129,131,-1,130,131,132,-1,132,131,133,-1,132,133,134,-1,134,133,135,-1,134,135,136,-1,136,135,137,-1,138,136,139,-1,139,136,137,-1,138,139,140,-1,138,140,141,-1,141,140,142,-1,141,142,143,-1,143,142,144,-1,143,144,145,-1,145,144,146,-1,145,146,147,-1,147,146,148,-1,147,148,149,-1,149,148,150,-1,149,150,151,-1,152,151,153,-1,153,151,150,-1,154,152,155,-1,155,152,153,-1,156,154,157,-1,157,154,155,-1,158,156,159,-1,159,156,157,-1,158,159,160,-1,158,160,161,-1,161,160,162,-1,161,162,163,-1,163,162,164,-1,163,164,165,-1,165,164,166,-1,165,166,167,-1,167,166,168,-1,167,168,169,-1,169,168,170,-1,169,170,171,-1,171,170,119,-1,171,119,117,-1,152,154,151,-1,151,154,156,-1,151,156,149,-1,149,156,147,-1,141,143,156,-1,156,143,145,-1,156,145,147,-1,116,120,117,-1,117,120,122,-1,117,122,171,-1,171,122,124,-1,171,124,169,-1,169,124,126,-1,169,126,167,-1,167,126,128,-1,167,128,165,-1,165,128,130,-1,165,130,163,-1,163,130,132,-1,163,132,161,-1,161,132,134,-1,161,134,158,-1,158,134,136,-1,158,136,156,-1,156,136,138,-1,156,138,141,-1,155,153,157,-1,157,153,150,-1,157,150,148,-1,148,146,157,-1,157,146,144,-1,157,144,142,-1,121,118,123,-1,123,118,119,-1,123,119,125,-1,125,119,170,-1,125,170,127,-1,127,170,168,-1,127,168,129,-1,129,168,166,-1,129,166,131,-1,131,166,164,-1,131,164,133,-1,133,164,162,-1,133,162,135,-1,135,162,160,-1,135,160,137,-1,137,160,159,-1,137,159,139,-1,139,159,157,-1,139,157,140,-1,140,157,142,-1,172,173,174,-1,174,173,175,-1,176,172,177,-1,177,172,174,-1,178,176,179,-1,179,176,177,-1,178,179,180,-1,178,180,181,-1,181,180,182,-1,181,182,183,-1,184,183,185,-1,185,183,182,-1,186,184,187,-1,187,184,185,-1,173,186,175,-1,175,186,187,-1,176,178,172,-1,172,178,173,-1,184,186,183,-1,183,186,173,-1,183,173,181,-1,181,173,178,-1,185,182,187,-1,187,182,175,-1,177,174,179,-1,179,174,175,-1,179,175,180,-1,180,175,182,-1,188,189,190,-1,188,190,191,-1,191,190,192,-1,191,192,193,-1,193,192,194,-1,193,194,195,-1,195,194,196,-1,195,196,197,-1,197,196,198,-1,197,198,199,-1,199,198,200,-1,199,200,201,-1,202,201,203,-1,203,201,200,-1,202,203,204,-1,202,204,205,-1,205,204,206,-1,205,206,207,-1,207,206,208,-1,207,208,209,-1,209,208,210,-1,209,210,211,-1,211,210,212,-1,211,212,213,-1,213,212,214,-1,213,214,215,-1,216,215,217,-1,217,215,214,-1,
        ]
    }
}
Shape{
    appearance Appearance {
        material  Material 	{
            diffuseColor 0.10980392156862745 0.10980392156862745 0.10980392156862745
            specularColor 0.0784313725490196 0.0784313725490196 0.0784313725490196
            ambientIntensity 0.1098
            transparency 0.0
            shininess 0.5
        }
    }
    geometry IndexedFaceSet {
        ccw TRUE
        solid FALSE
        coord DEF co Coordinate {
            point [
                3.2283 -0.6614 0.0, 3.2283 -0.6614 0.0394, 3.227 -0.6716 0.0394, 3.227 -0.6716 0.0, 3.2231 -0.6811 0.0394, 3.2231 -0.6811 0.0, 3.2168 -0.6893 0.0394, 3.2168 -0.6893 0.0, 3.2087 -0.6955 0.0394, 3.2087 -0.6955 0.0, 3.1992 -0.6995 0.0394, 3.1992 -0.6995 0.0, 3.189 -0.7008 0.0394, 3.189 -0.7008 0.0
            ]
        }
        coordIndex [
            0,1,2,-1,0,2,3,-1,3,2,4,-1,3,4,5,-1,5,4,6,-1,5,6,7,-1,7,6,8,-1,7,8,9,-1,9,8,10,-1,9,10,11,-1,11,10,12,-1,11,12,13,-1,
        ]
    }
}
Shape{
    appearance Appearance {
        material  Material 	{
            diffuseColor 0.6666666666666666 0.6980392156862745 0.7686274509803922
            specularColor 0.3333333333333333 0.34901960784313724 0.3843137254901961
            ambientIntensity 0.6967
            transparency 0.0
            shininess 0.5
        }
    }
    geometry IndexedFaceSet {
        ccw TRUE
        solid FALSE
        coord DEF co Coordinate {
            point [
                2.6378 -0.7008 0.0, 3.189 -0.7008 0.0, 2.6378 -0.7008 0.0394, 3.189 -0.7008 0.0394, 2.6276 -0.6995 0.0394, 2.6276 -0.6995 0.0, 2.6181 -0.6955 0.0394, 2.6181 -0.6955 0.0, 2.61 -0.6893 0.0394, 2.61 -0.6893 0.0, 2.6037 -0.6811 0.0394, 2.6037 -0.6811 0.0, 2.5998 -0.6716 0.0394, 2.5998 -0.6716 0.0, 2.5984 -0.6614 0.0394, 2.5984 -0.6614 0.0, 2.5984 -0.3465 0.0, 2.5984 -0.3465 0.0394, 3.2283 -0.6614 0.0, 3.2283 -0.3465 0.0, 2.6378 -0.3071 0.0, 3.189 -0.3071 0.0, 3.227 -0.3363 0.0, 3.2087 -0.3124 0.0, 3.2168 -0.3186 0.0, 3.2231 -0.3268 0.0, 3.2231 -0.6811 0.0, 3.2168 -0.6893 0.0, 3.2087 -0.6955 0.0, 2.5998 -0.3363 0.0, 2.6037 -0.3268 0.0, 2.61 -0.3186 0.0, 2.6181 -0.3124 0.0, 2.6276 -0.3085 0.0, 3.227 -0.6716 0.0, 3.1992 -0.6995 0.0, 3.1992 -0.3085 0.0, 3.227 -0.6716 0.0394, 3.2283 -0.6614 0.0394, 3.2087 -0.6955 0.0394, 3.2168 -0.6893 0.0394, 3.2231 -0.6811 0.0394, 2.6378 -0.3071 0.0394, 3.1992 -0.6995 0.0394, 3.2283 -0.3465 0.0394, 3.189 -0.3071 0.0394, 3.227 -0.3363 0.0394, 3.2231 -0.3268 0.0394, 2.61 -0.3186 0.0394, 2.6181 -0.3124 0.0394, 2.6276 -0.3085 0.0394, 2.6037 -0.3268 0.0394, 2.5998 -0.3363 0.0394, 3.2168 -0.3186 0.0394, 3.2087 -0.3124 0.0394, 3.1992 -0.3085 0.0394, 0.3346 -1.0318 0.7756, 0.3346 0.3189 0.7756, 0.2559 -1.0318 0.7756, 0.2559 0.3189 0.7756, 0.3346 -1.0318 0.7362, 0.2559 -1.0318 0.7362, 0.3346 0.3189 0.7362, 0.2559 0.3189 0.7362, 0.3346 0.3276 0.7352, 0.2559 0.3276 0.7352, 0.3346 0.336 0.7323, 0.2559 0.336 0.7323, 0.3346 0.3434 0.7276, 0.2559 0.3434 0.7276, 0.3346 0.3496 0.7214, 0.2559 0.3496 0.7214, 0.3346 0.3543 0.7139, 0.2559 0.3543 0.7139, 0.3346 0.3573 0.7056, 0.2559 0.3573 0.7056, 0.3346 0.3582 0.6969, 0.2559 0.3582 0.6969, 0.3346 0.3582 0.0394, 0.2559 0.3582 0.0394, 0.2559 0.3596 0.0292, 0.3346 0.3596 0.0292, 0.2559 0.3635 0.0197, 0.3346 0.3635 0.0197, 0.2559 0.3698 0.0115, 0.3346 0.3698 0.0115, 0.2559 0.3779 0.0053, 0.3346 0.3779 0.0053, 0.2559 0.3874 0.0013, 0.3346 0.3874 0.0013, 0.2559 0.3976 0.0, 0.3346 0.3976 0.0, 0.3346 0.6889 0.0, 0.2559 0.6889 0.0, 0.3346 0.6889 0.0394, 0.2559 0.6889 0.0394, 0.3346 0.3976 0.0394, 0.2559 0.3976 0.0394, 0.3346 0.3976 0.6969, 0.2559 0.3976 0.6969, 0.2559 0.3956 0.7144, 0.3346 0.3956 0.7144, 0.2559 0.3898 0.731, 0.3346 0.3898 0.731, 0.2559 0.3804 0.7459, 0.3346 0.3804 0.7459, 0.2559 0.368 0.7584, 0.3346 0.368 0.7584, 0.2559 0.353 0.7678, 0.3346 0.353 0.7678, 0.2559 0.3364 0.7736, 0.3346 0.3364 0.7736, 0.7283 -1.0318 0.7756, 0.7283 0.3189 0.7756, 0.6496 -1.0318 0.7756, 0.6496 0.3189 0.7756, 0.7283 -1.0318 0.7362, 0.6496 -1.0318 0.7362, 0.7283 0.3189 0.7362, 0.6496 0.3189 0.7362, 0.7283 0.3276 0.7352, 0.6496 0.3276 0.7352, 0.7283 0.336 0.7323, 0.6496 0.336 0.7323, 0.7283 0.3434 0.7276, 0.6496 0.3434 0.7276, 0.7283 0.3496 0.7214, 0.6496 0.3496 0.7214, 0.7283 0.3543 0.7139, 0.6496 0.3543 0.7139, 0.7283 0.3573 0.7056, 0.6496 0.3573 0.7056, 0.7283 0.3582 0.6969, 0.6496 0.3582 0.6969, 0.7283 0.3582 0.0394, 0.6496 0.3582 0.0394, 0.6496 0.3596 0.0292, 0.7283 0.3596 0.0292, 0.6496 0.3635 0.0197, 0.7283 0.3635 0.0197, 0.6496 0.3698 0.0115, 0.7283 0.3698 0.0115, 0.6496 0.3779 0.0053, 0.7283 0.3779 0.0053, 0.6496 0.3874 0.0013, 0.7283 0.3874 0.0013, 0.6496 0.3976 0.0, 0.7283 0.3976 0.0, 0.7283 0.6889 0.0, 0.6496 0.6889 0.0, 0.7283 0.6889 0.0394, 0.6496 0.6889 0.0394, 0.7283 0.3976 0.0394, 0.6496 0.3976 0.0394, 0.7283 0.3976 0.6969, 0.6496 0.3976 0.6969, 0.6496 0.3956 0.7144, 0.7283 0.3956 0.7144, 0.6496 0.3898 0.731, 0.7283 0.3898 0.731, 0.6496 0.3804 0.7459, 0.7283 0.3804 0.7459, 0.6496 0.368 0.7584, 0.7283 0.368 0.7584, 0.6496 0.353 0.7678, 0.7283 0.353 0.7678, 0.6496 0.3364 0.7736, 0.7283 0.3364 0.7736, -1.2402 0.3556 0.1295, -1.2402 -0.8803 0.2111, -1.3189 0.3556 0.1295, -1.3189 -0.8803 0.2111, -1.2402 0.3582 0.1688, -1.3189 0.3582 0.1688, -1.2402 -0.8777 0.2504, -1.3189 -0.8777 0.2504, -1.3189 -0.8854 0.2501, -1.2402 -0.8854 0.2501, -1.3189 -0.893 0.2484, -1.2402 -0.893 0.2484, -1.2402 -1.3675 0.0866, -1.3189 -1.3675 0.0866, -1.2402 -1.3548 0.0493, -1.3189 -1.3548 0.0493, 0.1378 0.3556 0.1295, 0.1378 -0.8803 0.2111, 0.0591 0.3556 0.1295, 0.0591 -0.8803 0.2111, 0.1378 0.3582 0.1688, 0.0591 0.3582 0.1688, 0.1378 -0.8777 0.2504, 0.0591 -0.8777 0.2504, 0.0591 -0.8854 0.2501, 0.1378 -0.8854 0.2501, 0.0591 -0.893 0.2484, 0.1378 -0.893 0.2484, 0.1378 -1.3675 0.0866, 0.0591 -1.3675 0.0866, 0.1378 -1.3548 0.0493, 0.0591 -1.3548 0.0493, 1.5157 0.3556 0.1295, 1.5157 -0.8803 0.2111, 1.437 0.3556 0.1295, 1.437 -0.8803 0.2111, 1.5157 0.3582 0.1688, 1.437 0.3582 0.1688, 1.5157 -0.8777 0.2504, 1.437 -0.8777 0.2504, 1.437 -0.8854 0.2501, 1.5157 -0.8854 0.2501, 1.437 -0.893 0.2484, 1.5157 -0.893 0.2484, 1.5157 -1.3675 0.0866, 1.437 -1.3675 0.0866, 1.5157 -1.3548 0.0493, 1.437 -1.3548 0.0493, 1.122 -1.0318 0.7756, 1.122 0.3189 0.7756, 1.0433 -1.0318 0.7756, 1.0433 0.3189 0.7756, 1.122 -1.0318 0.7362, 1.0433 -1.0318 0.7362, 1.122 0.3189 0.7362, 1.0433 0.3189 0.7362, 1.122 0.3276 0.7352, 1.0433 0.3276 0.7352, 1.122 0.336 0.7323, 1.0433 0.336 0.7323, 1.122 0.3434 0.7276, 1.0433 0.3434 0.7276, 1.122 0.3496 0.7214, 1.0433 0.3496 0.7214, 1.122 0.3543 0.7139, 1.0433 0.3543 0.7139, 1.122 0.3573 0.7056, 1.0433 0.3573 0.7056, 1.122 0.3582 0.6969, 1.0433 0.3582 0.6969, 1.122 0.3582 0.0394, 1.0433 0.3582 0.0394, 1.0433 0.3596 0.0292, 1.122 0.3596 0.0292, 1.0433 0.3635 0.0197, 1.122 0.3635 0.0197, 1.0433 0.3698 0.0115, 1.122 0.3698 0.0115, 1.0433 0.3779 0.0053, 1.122 0.3779 0.0053, 1.0433 0.3874 0.0013, 1.122 0.3874 0.0013, 1.0433 0.3976 0.0, 1.122 0.3976 0.0, 1.122 0.6889 0.0, 1.0433 0.6889 0.0, 1.122 0.6889 0.0394, 1.0433 0.6889 0.0394, 1.122 0.3976 0.0394, 1.0433 0.3976 0.0394, 1.122 0.3976 0.6969, 1.0433 0.3976 0.6969, 1.0433 0.3956 0.7144, 1.122 0.3956 0.7144, 1.0433 0.3898 0.731, 1.122 0.3898 0.731, 1.0433 0.3804 0.7459, 1.122 0.3804 0.7459, 1.0433 0.368 0.7584, 1.122 0.368 0.7584, 1.0433 0.353 0.7678, 1.122 0.353 0.7678, 1.0433 0.3364 0.7736, 1.122 0.3364 0.7736, -2.2244 -1.0318 0.7756, -2.2244 0.3189 0.7756, -2.3031 -1.0318 0.7756, -2.3031 0.3189 0.7756, -2.2244 -1.0318 0.7362, -2.3031 -1.0318 0.7362, -2.2244 0.3189 0.7362, -2.3031 0.3189 0.7362, -2.2244 0.3276 0.7352, -2.3031 0.3276 0.7352, -2.2244 0.336 0.7323, -2.3031 0.336 0.7323, -2.2244 0.3434 0.7276, -2.3031 0.3434 0.7276, -2.2244 0.3496 0.7214, -2.3031 0.3496 0.7214, -2.2244 0.3543 0.7139, -2.3031 0.3543 0.7139, -2.2244 0.3573 0.7056, -2.3031 0.3573 0.7056, -2.2244 0.3582 0.6969, -2.3031 0.3582 0.6969, -2.2244 0.3582 0.0394, -2.3031 0.3582 0.0394, -2.3031 0.3596 0.0292, -2.2244 0.3596 0.0292, -2.3031 0.3635 0.0197, -2.2244 0.3635 0.0197, -2.3031 0.3698 0.0115, -2.2244 0.3698 0.0115, -2.3031 0.3779 0.0053, -2.2244 0.3779 0.0053, -2.3031 0.3874 0.0013, -2.2244 0.3874 0.0013, -2.3031 0.3976 0.0, -2.2244 0.3976 0.0, -2.2244 0.6889 0.0, -2.3031 0.6889 0.0, -2.2244 0.6889 0.0394, -2.3031 0.6889 0.0394, -2.2244 0.3976 0.0394, -2.3031 0.3976 0.0394, -2.2244 0.3976 0.6969, -2.3031 0.3976 0.6969, -2.3031 0.3956 0.7144, -2.2244 0.3956 0.7144, -2.3031 0.3898 0.731, -2.2244 0.3898 0.731, -2.3031 0.3804 0.7459, -2.2244 0.3804 0.7459, -2.3031 0.368 0.7584, -2.2244 0.368 0.7584, -2.3031 0.353 0.7678, -2.2244 0.353 0.7678, -2.3031 0.3364 0.7736, -2.2244 0.3364 0.7736, 1.5157 -1.0318 0.7756, 1.5157 0.3189 0.7756, 1.437 -1.0318 0.7756, 1.437 0.3189 0.7756, 1.5157 -1.0318 0.7362, 1.437 -1.0318 0.7362, 1.5157 0.3189 0.7362, 1.437 0.3189 0.7362, 1.5157 0.3276 0.7352, 1.437 0.3276 0.7352, 1.5157 0.336 0.7323, 1.437 0.336 0.7323, 1.5157 0.3434 0.7276, 1.437 0.3434 0.7276, 1.5157 0.3496 0.7214, 1.437 0.3496 0.7214, 1.5157 0.3543 0.7139, 1.437 0.3543 0.7139, 1.5157 0.3573 0.7056, 1.437 0.3573 0.7056, 1.5157 0.3582 0.6969, 1.437 0.3582 0.6969, 1.5157 0.3582 0.0394, 1.437 0.3582 0.0394, 1.437 0.3596 0.0292, 1.5157 0.3596 0.0292, 1.437 0.3635 0.0197, 1.5157 0.3635 0.0197, 1.437 0.3698 0.0115, 1.5157 0.3698 0.0115, 1.437 0.3779 0.0053, 1.5157 0.3779 0.0053, 1.437 0.3874 0.0013, 1.5157 0.3874 0.0013, 1.437 0.3976 0.0, 1.5157 0.3976 0.0, 1.5157 0.6889 0.0, 1.437 0.6889 0.0, 1.5157 0.6889 0.0394, 1.437 0.6889 0.0394, 1.5157 0.3976 0.0394, 1.437 0.3976 0.0394, 1.5157 0.3976 0.6969, 1.437 0.3976 0.6969, 1.437 0.3956 0.7144, 1.5157 0.3956 0.7144, 1.437 0.3898 0.731, 1.5157 0.3898 0.731, 1.437 0.3804 0.7459, 1.5157 0.3804 0.7459, 1.437 0.368 0.7584, 1.5157 0.368 0.7584, 1.437 0.353 0.7678, 1.5157 0.353 0.7678, 1.437 0.3364 0.7736, 1.5157 0.3364 0.7736, -1.8307 -1.0318 0.7756, -1.8307 0.3189 0.7756, -1.9094 -1.0318 0.7756, -1.9094 0.3189 0.7756, -1.8307 -1.0318 0.7362, -1.9094 -1.0318 0.7362, -1.8307 0.3189 0.7362, -1.9094 0.3189 0.7362, -1.8307 0.3276 0.7352, -1.9094 0.3276 0.7352, -1.8307 0.336 0.7323, -1.9094 0.336 0.7323, -1.8307 0.3434 0.7276, -1.9094 0.3434 0.7276, -1.8307 0.3496 0.7214, -1.9094 0.3496 0.7214, -1.8307 0.3543 0.7139, -1.9094 0.3543 0.7139, -1.8307 0.3573 0.7056, -1.9094 0.3573 0.7056, -1.8307 0.3582 0.6969, -1.9094 0.3582 0.6969, -1.8307 0.3582 0.0394, -1.9094 0.3582 0.0394, -1.9094 0.3596 0.0292, -1.8307 0.3596 0.0292, -1.9094 0.3635 0.0197, -1.8307 0.3635 0.0197, -1.9094 0.3698 0.0115, -1.8307 0.3698 0.0115, -1.9094 0.3779 0.0053, -1.8307 0.3779 0.0053, -1.9094 0.3874 0.0013, -1.8307 0.3874 0.0013, -1.9094 0.3976 0.0, -1.8307 0.3976 0.0, -1.8307 0.6889 0.0, -1.9094 0.6889 0.0, -1.8307 0.6889 0.0394, -1.9094 0.6889 0.0394, -1.8307 0.3976 0.0394, -1.9094 0.3976 0.0394, -1.8307 0.3976 0.6969, -1.9094 0.3976 0.6969, -1.9094 0.3956 0.7144, -1.8307 0.3956 0.7144, -1.9094 0.3898 0.731, -1.8307 0.3898 0.731, -1.9094 0.3804 0.7459, -1.8307 0.3804 0.7459, -1.9094 0.368 0.7584, -1.8307 0.368 0.7584, -1.9094 0.353 0.7678, -1.8307 0.353 0.7678, -1.9094 0.3364 0.7736, -1.8307 0.3364 0.7736, -2.0276 0.3556 0.1295, -2.0276 -0.8803 0.2111, -2.1063 0.3556 0.1295, -2.1063 -0.8803 0.2111, -2.0276 0.3582 0.1688, -2.1063 0.3582 0.1688, -2.0276 -0.8777 0.2504, -2.1063 -0.8777 0.2504, -2.1063 -0.8854 0.2501, -2.0276 -0.8854 0.2501, -2.1063 -0.893 0.2484, -2.0276 -0.893 0.2484, -2.0276 -1.3675 0.0866, -2.1063 -1.3675 0.0866, -2.0276 -1.3548 0.0493, -2.1063 -1.3548 0.0493, -0.6496 0.3556 0.1295, -0.6496 -0.8803 0.2111, -0.7283 0.3556 0.1295, -0.7283 -0.8803 0.2111, -0.6496 0.3582 0.1688, -0.7283 0.3582 0.1688, -0.6496 -0.8777 0.2504, -0.7283 -0.8777 0.2504, -0.7283 -0.8854 0.2501, -0.6496 -0.8854 0.2501, -0.7283 -0.893 0.2484, -0.6496 -0.893 0.2484, -0.6496 -1.3675 0.0866, -0.7283 -1.3675 0.0866, -0.6496 -1.3548 0.0493, -0.7283 -1.3548 0.0493, 1.9094 -1.0318 0.7756, 1.9094 0.3189 0.7756, 1.8307 -1.0318 0.7756, 1.8307 0.3189 0.7756, 1.9094 -1.0318 0.7362, 1.8307 -1.0318 0.7362, 1.9094 0.3189 0.7362, 1.8307 0.3189 0.7362, 1.9094 0.3276 0.7352, 1.8307 0.3276 0.7352, 1.9094 0.336 0.7323, 1.8307 0.336 0.7323, 1.9094 0.3434 0.7276, 1.8307 0.3434 0.7276, 1.9094 0.3496 0.7214, 1.8307 0.3496 0.7214, 1.9094 0.3543 0.7139, 1.8307 0.3543 0.7139, 1.9094 0.3573 0.7056, 1.8307 0.3573 0.7056, 1.9094 0.3582 0.6969, 1.8307 0.3582 0.6969, 1.9094 0.3582 0.0394, 1.8307 0.3582 0.0394, 1.8307 0.3596 0.0292, 1.9094 0.3596 0.0292, 1.8307 0.3635 0.0197, 1.9094 0.3635 0.0197, 1.8307 0.3698 0.0115, 1.9094 0.3698 0.0115, 1.8307 0.3779 0.0053, 1.9094 0.3779 0.0053, 1.8307 0.3874 0.0013, 1.9094 0.3874 0.0013, 1.8307 0.3976 0.0, 1.9094 0.3976 0.0, 1.9094 0.6889 0.0, 1.8307 0.6889 0.0, 1.9094 0.6889 0.0394, 1.8307 0.6889 0.0394, 1.9094 0.3976 0.0394, 1.8307 0.3976 0.0394, 1.9094 0.3976 0.6969, 1.8307 0.3976 0.6969, 1.8307 0.3956 0.7144, 1.9094 0.3956 0.7144, 1.8307 0.3898 0.731, 1.9094 0.3898 0.731, 1.8307 0.3804 0.7459, 1.9094 0.3804 0.7459, 1.8307 0.368 0.7584, 1.9094 0.368 0.7584, 1.8307 0.353 0.7678, 1.9094 0.353 0.7678, 1.8307 0.3364 0.7736, 1.9094 0.3364 0.7736, 0.7283 0.3556 0.1295, 0.7283 -0.8803 0.2111, 0.6496 0.3556 0.1295, 0.6496 -0.8803 0.2111, 0.7283 0.3582 0.1688, 0.6496 0.3582 0.1688, 0.7283 -0.8777 0.2504, 0.6496 -0.8777 0.2504, 0.6496 -0.8854 0.2501, 0.7283 -0.8854 0.2501, 0.6496 -0.893 0.2484, 0.7283 -0.893 0.2484, 0.7283 -1.3675 0.0866, 0.6496 -1.3675 0.0866, 0.7283 -1.3548 0.0493, 0.6496 -1.3548 0.0493, -1.437 -1.0318 0.7756, -1.437 0.3189 0.7756, -1.5157 -1.0318 0.7756, -1.5157 0.3189 0.7756, -1.437 -1.0318 0.7362, -1.5157 -1.0318 0.7362, -1.437 0.3189 0.7362, -1.5157 0.3189 0.7362, -1.437 0.3276 0.7352, -1.5157 0.3276 0.7352, -1.437 0.336 0.7323, -1.5157 0.336 0.7323, -1.437 0.3434 0.7276, -1.5157 0.3434 0.7276, -1.437 0.3496 0.7214, -1.5157 0.3496 0.7214, -1.437 0.3543 0.7139, -1.5157 0.3543 0.7139, -1.437 0.3573 0.7056, -1.5157 0.3573 0.7056, -1.437 0.3582 0.6969, -1.5157 0.3582 0.6969, -1.437 0.3582 0.0394, -1.5157 0.3582 0.0394, -1.5157 0.3596 0.0292, -1.437 0.3596 0.0292, -1.5157 0.3635 0.0197, -1.437 0.3635 0.0197, -1.5157 0.3698 0.0115, -1.437 0.3698 0.0115, -1.5157 0.3779 0.0053, -1.437 0.3779 0.0053, -1.5157 0.3874 0.0013, -1.437 0.3874 0.0013, -1.5157 0.3976 0.0, -1.437 0.3976 0.0, -1.437 0.6889 0.0, -1.5157 0.6889 0.0, -1.437 0.6889 0.0394, -1.5157 0.6889 0.0394, -1.437 0.3976 0.0394, -1.5157 0.3976 0.0394, -1.437 0.3976 0.6969, -1.5157 0.3976 0.6969, -1.5157 0.3956 0.7144, -1.437 0.3956 0.7144, -1.5157 0.3898 0.731, -1.437 0.3898 0.731, -1.5157 0.3804 0.7459, -1.437 0.3804 0.7459, -1.5157 0.368 0.7584, -1.437 0.368 0.7584, -1.5157 0.353 0.7678, -1.437 0.353 0.7678, -1.5157 0.3364 0.7736, -1.437 0.3364 0.7736, 2.1063 0.3556 0.1295, 2.1063 -0.8803 0.2111, 2.0276 0.3556 0.1295, 2.0276 -0.8803 0.2111, 2.1063 0.3582 0.1688, 2.0276 0.3582 0.1688, 2.1063 -0.8777 0.2504, 2.0276 -0.8777 0.2504, 2.0276 -0.8854 0.2501, 2.1063 -0.8854 0.2501, 2.0276 -0.893 0.2484, 2.1063 -0.893 0.2484, 2.1063 -1.3675 0.0866, 2.0276 -1.3675 0.0866, 2.1063 -1.3548 0.0493, 2.0276 -1.3548 0.0493, -1.0433 -1.0318 0.7756, -1.0433 0.3189 0.7756, -1.122 -1.0318 0.7756, -1.122 0.3189 0.7756, -1.0433 -1.0318 0.7362, -1.122 -1.0318 0.7362, -1.0433 0.3189 0.7362, -1.122 0.3189 0.7362, -1.0433 0.3276 0.7352, -1.122 0.3276 0.7352, -1.0433 0.336 0.7323, -1.122 0.336 0.7323, -1.0433 0.3434 0.7276, -1.122 0.3434 0.7276, -1.0433 0.3496 0.7214, -1.122 0.3496 0.7214, -1.0433 0.3543 0.7139, -1.122 0.3543 0.7139, -1.0433 0.3573 0.7056, -1.122 0.3573 0.7056, -1.0433 0.3582 0.6969, -1.122 0.3582 0.6969, -1.0433 0.3582 0.0394, -1.122 0.3582 0.0394, -1.122 0.3596 0.0292, -1.0433 0.3596 0.0292, -1.122 0.3635 0.0197, -1.0433 0.3635 0.0197, -1.122 0.3698 0.0115, -1.0433 0.3698 0.0115, -1.122 0.3779 0.0053, -1.0433 0.3779 0.0053, -1.122 0.3874 0.0013, -1.0433 0.3874 0.0013, -1.122 0.3976 0.0, -1.0433 0.3976 0.0, -1.0433 0.6889 0.0, -1.122 0.6889 0.0, -1.0433 0.6889 0.0394, -1.122 0.6889 0.0394, -1.0433 0.3976 0.0394, -1.122 0.3976 0.0394, -1.0433 0.3976 0.6969, -1.122 0.3976 0.6969, -1.122 0.3956 0.7144, -1.0433 0.3956 0.7144, -1.122 0.3898 0.731, -1.0433 0.3898 0.731, -1.122 0.3804 0.7459, -1.0433 0.3804 0.7459, -1.122 0.368 0.7584, -1.0433 0.368 0.7584, -1.122 0.353 0.7678, -1.0433 0.353 0.7678, -1.122 0.3364 0.7736, -1.0433 0.3364 0.7736, -1.437 0.3556 0.1295, -1.437 -0.8803 0.2111, -1.5157 0.3556 0.1295, -1.5157 -0.8803 0.2111, -1.437 0.3582 0.1688, -1.5157 0.3582 0.1688, -1.437 -0.8777 0.2504, -1.5157 -0.8777 0.2504, -1.5157 -0.8854 0.2501, -1.437 -0.8854 0.2501, -1.5157 -0.893 0.2484, -1.437 -0.893 0.2484, -1.437 -1.3675 0.0866, -1.5157 -1.3675 0.0866, -1.437 -1.3548 0.0493, -1.5157 -1.3548 0.0493, -0.6496 -1.0318 0.7756, -0.6496 0.3189 0.7756, -0.7283 -1.0318 0.7756, -0.7283 0.3189 0.7756, -0.6496 -1.0318 0.7362, -0.7283 -1.0318 0.7362, -0.6496 0.3189 0.7362, -0.7283 0.3189 0.7362, -0.6496 0.3276 0.7352, -0.7283 0.3276 0.7352, -0.6496 0.336 0.7323, -0.7283 0.336 0.7323, -0.6496 0.3434 0.7276, -0.7283 0.3434 0.7276, -0.6496 0.3496 0.7214, -0.7283 0.3496 0.7214, -0.6496 0.3543 0.7139, -0.7283 0.3543 0.7139, -0.6496 0.3573 0.7056, -0.7283 0.3573 0.7056, -0.6496 0.3582 0.6969, -0.7283 0.3582 0.6969, -0.6496 0.3582 0.0394, -0.7283 0.3582 0.0394, -0.7283 0.3596 0.0292, -0.6496 0.3596 0.0292, -0.7283 0.3635 0.0197, -0.6496 0.3635 0.0197, -0.7283 0.3698 0.0115, -0.6496 0.3698 0.0115, -0.7283 0.3779 0.0053, -0.6496 0.3779 0.0053, -0.7283 0.3874 0.0013, -0.6496 0.3874 0.0013, -0.7283 0.3976 0.0, -0.6496 0.3976 0.0, -0.6496 0.6889 0.0, -0.7283 0.6889 0.0, -0.6496 0.6889 0.0394, -0.7283 0.6889 0.0394, -0.6496 0.3976 0.0394, -0.7283 0.3976 0.0394, -0.6496 0.3976 0.6969, -0.7283 0.3976 0.6969, -0.7283 0.3956 0.7144, -0.6496 0.3956 0.7144, -0.7283 0.3898 0.731, -0.6496 0.3898 0.731, -0.7283 0.3804 0.7459, -0.6496 0.3804 0.7459, -0.7283 0.368 0.7584, -0.6496 0.368 0.7584, -0.7283 0.353 0.7678, -0.6496 0.353 0.7678, -0.7283 0.3364 0.7736, -0.6496 0.3364 0.7736, -0.0591 0.3556 0.1295, -0.0591 -0.8803 0.2111, -0.1378 0.3556 0.1295, -0.1378 -0.8803 0.2111, -0.0591 0.3582 0.1688, -0.1378 0.3582 0.1688, -0.0591 -0.8777 0.2504, -0.1378 -0.8777 0.2504, -0.1378 -0.8854 0.2501, -0.0591 -0.8854 0.2501, -0.1378 -0.893 0.2484, -0.0591 -0.893 0.2484, -0.0591 -1.3675 0.0866, -0.1378 -1.3675 0.0866, -0.0591 -1.3548 0.0493, -0.1378 -1.3548 0.0493, 1.3189 0.3556 0.1295, 1.3189 -0.8803 0.2111, 1.2402 0.3556 0.1295, 1.2402 -0.8803 0.2111, 1.3189 0.3582 0.1688, 1.2402 0.3582 0.1688, 1.3189 -0.8777 0.2504, 1.2402 -0.8777 0.2504, 1.2402 -0.8854 0.2501, 1.3189 -0.8854 0.2501, 1.2402 -0.893 0.2484, 1.3189 -0.893 0.2484, 1.3189 -1.3675 0.0866, 1.2402 -1.3675 0.0866, 1.3189 -1.3548 0.0493, 1.2402 -1.3548 0.0493, -0.2559 -1.0318 0.7756, -0.2559 0.3189 0.7756, -0.3346 -1.0318 0.7756, -0.3346 0.3189 0.7756, -0.2559 -1.0318 0.7362, -0.3346 -1.0318 0.7362, -0.2559 0.3189 0.7362, -0.3346 0.3189 0.7362, -0.2559 0.3276 0.7352, -0.3346 0.3276 0.7352, -0.2559 0.336 0.7323, -0.3346 0.336 0.7323, -0.2559 0.3434 0.7276, -0.3346 0.3434 0.7276, -0.2559 0.3496 0.7214, -0.3346 0.3496 0.7214, -0.2559 0.3543 0.7139, -0.3346 0.3543 0.7139, -0.2559 0.3573 0.7056, -0.3346 0.3573 0.7056, -0.2559 0.3582 0.6969, -0.3346 0.3582 0.6969, -0.2559 0.3582 0.0394, -0.3346 0.3582 0.0394, -0.3346 0.3596 0.0292, -0.2559 0.3596 0.0292, -0.3346 0.3635 0.0197, -0.2559 0.3635 0.0197, -0.3346 0.3698 0.0115, -0.2559 0.3698 0.0115, -0.3346 0.3779 0.0053, -0.2559 0.3779 0.0053, -0.3346 0.3874 0.0013, -0.2559 0.3874 0.0013, -0.3346 0.3976 0.0, -0.2559 0.3976 0.0, -0.2559 0.6889 0.0, -0.3346 0.6889 0.0, -0.2559 0.6889 0.0394, -0.3346 0.6889 0.0394, -0.2559 0.3976 0.0394, -0.3346 0.3976 0.0394, -0.2559 0.3976 0.6969, -0.3346 0.3976 0.6969, -0.3346 0.3956 0.7144, -0.2559 0.3956 0.7144, -0.3346 0.3898 0.731, -0.2559 0.3898 0.731, -0.3346 0.3804 0.7459, -0.2559 0.3804 0.7459, -0.3346 0.368 0.7584, -0.2559 0.368 0.7584, -0.3346 0.353 0.7678, -0.2559 0.353 0.7678, -0.3346 0.3364 0.7736, -0.2559 0.3364 0.7736, 0.1378 -1.0318 0.7756, 0.1378 0.3189 0.7756, 0.0591 -1.0318 0.7756, 0.0591 0.3189 0.7756, 0.1378 -1.0318 0.7362, 0.0591 -1.0318 0.7362, 0.1378 0.3189 0.7362, 0.0591 0.3189 0.7362, 0.1378 0.3276 0.7352, 0.0591 0.3276 0.7352, 0.1378 0.336 0.7323, 0.0591 0.336 0.7323, 0.1378 0.3434 0.7276, 0.0591 0.3434 0.7276, 0.1378 0.3496 0.7214, 0.0591 0.3496 0.7214, 0.1378 0.3543 0.7139, 0.0591 0.3543 0.7139, 0.1378 0.3573 0.7056, 0.0591 0.3573 0.7056, 0.1378 0.3582 0.6969, 0.0591 0.3582 0.6969, 0.1378 0.3582 0.0394, 0.0591 0.3582 0.0394, 0.0591 0.3596 0.0292, 0.1378 0.3596 0.0292, 0.0591 0.3635 0.0197, 0.1378 0.3635 0.0197, 0.0591 0.3698 0.0115, 0.1378 0.3698 0.0115, 0.0591 0.3779 0.0053, 0.1378 0.3779 0.0053, 0.0591 0.3874 0.0013, 0.1378 0.3874 0.0013, 0.0591 0.3976 0.0, 0.1378 0.3976 0.0, 0.1378 0.6889 0.0, 0.0591 0.6889 0.0, 0.1378 0.6889 0.0394, 0.0591 0.6889 0.0394, 0.1378 0.3976 0.0394, 0.0591 0.3976 0.0394, 0.1378 0.3976 0.6969, 0.0591 0.3976 0.6969, 0.0591 0.3956 0.7144, 0.1378 0.3956 0.7144, 0.0591 0.3898 0.731, 0.1378 0.3898 0.731, 0.0591 0.3804 0.7459, 0.1378 0.3804 0.7459, 0.0591 0.368 0.7584, 0.1378 0.368 0.7584, 0.0591 0.353 0.7678, 0.1378 0.353 0.7678, 0.0591 0.3364 0.7736, 0.1378 0.3364 0.7736, -2.2244 0.3556 0.1295, -2.2244 -0.8803 0.2111, -2.3031 0.3556 0.1295, -2.3031 -0.8803 0.2111, -2.2244 0.3582 0.1688, -2.3031 0.3582 0.1688, -2.2244 -0.8777 0.2504, -2.3031 -0.8777 0.2504, -2.3031 -0.8854 0.2501, -2.2244 -0.8854 0.2501, -2.3031 -0.893 0.2484, -2.2244 -0.893 0.2484, -2.2244 -1.3675 0.0866, -2.3031 -1.3675 0.0866, -2.2244 -1.3548 0.0493, -2.3031 -1.3548 0.0493, -0.8465 0.3556 0.1295, -0.8465 -0.8803 0.2111, -0.9252 0.3556 0.1295, -0.9252 -0.8803 0.2111, -0.8465 0.3582 0.1688, -0.9252 0.3582 0.1688, -0.8465 -0.8777 0.2504, -0.9252 -0.8777 0.2504, -0.9252 -0.8854 0.2501, -0.8465 -0.8854 0.2501, -0.9252 -0.893 0.2484, -0.8465 -0.893 0.2484, -0.8465 -1.3675 0.0866, -0.9252 -1.3675 0.0866, -0.8465 -1.3548 0.0493, -0.9252 -1.3548 0.0493, 0.5315 0.3556 0.1295, 0.5315 -0.8803 0.2111, 0.4528 0.3556 0.1295, 0.4528 -0.8803 0.2111, 0.5315 0.3582 0.1688, 0.4528 0.3582 0.1688, 0.5315 -0.8777 0.2504, 0.4528 -0.8777 0.2504, 0.4528 -0.8854 0.2501, 0.5315 -0.8854 0.2501, 0.4528 -0.893 0.2484, 0.5315 -0.893 0.2484, 0.5315 -1.3675 0.0866, 0.4528 -1.3675 0.0866, 0.5315 -1.3548 0.0493, 0.4528 -1.3548 0.0493, 0.5315 -1.0318 0.7756, 0.5315 0.3189 0.7756, 0.4528 -1.0318 0.7756, 0.4528 0.3189 0.7756, 0.5315 -1.0318 0.7362, 0.4528 -1.0318 0.7362, 0.5315 0.3189 0.7362, 0.4528 0.3189 0.7362, 0.5315 0.3276 0.7352, 0.4528 0.3276 0.7352, 0.5315 0.336 0.7323, 0.4528 0.336 0.7323, 0.5315 0.3434 0.7276, 0.4528 0.3434 0.7276, 0.5315 0.3496 0.7214, 0.4528 0.3496 0.7214, 0.5315 0.3543 0.7139, 0.4528 0.3543 0.7139, 0.5315 0.3573 0.7056, 0.4528 0.3573 0.7056, 0.5315 0.3582 0.6969, 0.4528 0.3582 0.6969, 0.5315 0.3582 0.0394, 0.4528 0.3582 0.0394, 0.4528 0.3596 0.0292, 0.5315 0.3596 0.0292, 0.4528 0.3635 0.0197, 0.5315 0.3635 0.0197, 0.4528 0.3698 0.0115, 0.5315 0.3698 0.0115, 0.4528 0.3779 0.0053, 0.5315 0.3779 0.0053, 0.4528 0.3874 0.0013, 0.5315 0.3874 0.0013, 0.4528 0.3976 0.0, 0.5315 0.3976 0.0, 0.5315 0.6889 0.0, 0.4528 0.6889 0.0, 0.5315 0.6889 0.0394, 0.4528 0.6889 0.0394, 0.5315 0.3976 0.0394, 0.4528 0.3976 0.0394, 0.5315 0.3976 0.6969, 0.4528 0.3976 0.6969, 0.4528 0.3956 0.7144, 0.5315 0.3956 0.7144, 0.4528 0.3898 0.731, 0.5315 0.3898 0.731, 0.4528 0.3804 0.7459, 0.5315 0.3804 0.7459, 0.4528 0.368 0.7584, 0.5315 0.368 0.7584, 0.4528 0.353 0.7678, 0.5315 0.353 0.7678, 0.4528 0.3364 0.7736, 0.5315 0.3364 0.7736, 1.9094 0.3556 0.1295, 1.9094 -0.8803 0.2111, 1.8307 0.3556 0.1295, 1.8307 -0.8803 0.2111, 1.9094 0.3582 0.1688, 1.8307 0.3582 0.1688, 1.9094 -0.8777 0.2504, 1.8307 -0.8777 0.2504, 1.8307 -0.8854 0.2501, 1.9094 -0.8854 0.2501, 1.8307 -0.893 0.2484, 1.9094 -0.893 0.2484, 1.9094 -1.3675 0.0866, 1.8307 -1.3675 0.0866, 1.9094 -1.3548 0.0493, 1.8307 -1.3548 0.0493
            ]
        }
        coordIndex [
            0,1,2,-1,2,1,3,-1,0,2,4,-1,0,4,5,-1,5,4,6,-1,5,6,7,-1,7,6,8,-1,7,8,9,-1,9,8,10,-1,9,10,11,-1,11,10,12,-1,11,12,13,-1,13,12,14,-1,13,14,15,-1,16,15,17,-1,17,15,14,-1,1,0,18,-1,18,0,19,-1,0,5,7,-1,13,15,0,-1,0,15,20,-1,0,20,19,-1,19,20,21,-1,19,21,22,-1,7,9,0,-1,0,9,11,-1,0,11,13,-1,23,24,25,-1,26,27,28,-1,15,16,20,-1,20,16,29,-1,20,29,30,-1,30,31,20,-1,20,31,32,-1,20,32,33,-1,18,34,1,-1,1,34,26,-1,1,26,35,-1,35,26,28,-1,22,21,25,-1,25,21,36,-1,25,36,23,-1,37,38,3,-1,3,38,2,-1,39,40,41,-1,2,42,17,-1,17,14,2,-1,2,14,12,-1,2,12,10,-1,10,8,2,-1,2,8,6,-1,2,6,4,-1,37,3,41,-1,41,3,43,-1,41,43,39,-1,2,38,42,-1,42,38,44,-1,42,44,45,-1,45,44,46,-1,45,46,47,-1,48,42,49,-1,49,42,50,-1,48,51,42,-1,42,51,52,-1,42,52,17,-1,53,54,47,-1,47,54,55,-1,47,55,45,-1,56,57,58,-1,58,57,59,-1,60,56,61,-1,61,56,58,-1,62,60,63,-1,63,60,61,-1,62,63,64,-1,64,63,65,-1,64,65,66,-1,66,65,67,-1,66,67,68,-1,68,67,69,-1,68,69,70,-1,70,69,71,-1,70,71,72,-1,72,71,73,-1,72,73,74,-1,74,73,75,-1,74,75,76,-1,76,75,77,-1,78,76,79,-1,79,76,77,-1,78,79,80,-1,78,80,81,-1,81,80,82,-1,81,82,83,-1,83,82,84,-1,83,84,85,-1,85,84,86,-1,85,86,87,-1,87,86,88,-1,87,88,89,-1,89,88,90,-1,89,90,91,-1,92,91,93,-1,93,91,90,-1,94,92,95,-1,95,92,93,-1,96,94,97,-1,97,94,95,-1,98,96,99,-1,99,96,97,-1,98,99,100,-1,98,100,101,-1,101,100,102,-1,101,102,103,-1,103,102,104,-1,103,104,105,-1,105,104,106,-1,105,106,107,-1,107,106,108,-1,107,108,109,-1,109,108,110,-1,109,110,111,-1,111,110,59,-1,111,59,57,-1,92,94,91,-1,91,94,96,-1,91,96,89,-1,89,96,87,-1,81,83,96,-1,96,83,85,-1,96,85,87,-1,56,60,57,-1,57,60,62,-1,57,62,111,-1,111,62,64,-1,111,64,109,-1,109,64,66,-1,109,66,107,-1,107,66,68,-1,107,68,105,-1,105,68,70,-1,105,70,103,-1,103,70,72,-1,103,72,101,-1,101,72,74,-1,101,74,98,-1,98,74,76,-1,98,76,96,-1,96,76,78,-1,96,78,81,-1,95,93,97,-1,97,93,90,-1,97,90,88,-1,88,86,97,-1,97,86,84,-1,97,84,82,-1,61,58,63,-1,63,58,59,-1,63,59,65,-1,65,59,110,-1,65,110,67,-1,67,110,108,-1,67,108,69,-1,69,108,106,-1,69,106,71,-1,71,106,104,-1,71,104,73,-1,73,104,102,-1,73,102,75,-1,75,102,100,-1,75,100,77,-1,77,100,99,-1,77,99,79,-1,79,99,97,-1,79,97,80,-1,80,97,82,-1,112,113,114,-1,114,113,115,-1,116,112,117,-1,117,112,114,-1,118,116,119,-1,119,116,117,-1,118,119,120,-1,120,119,121,-1,120,121,122,-1,122,121,123,-1,122,123,124,-1,124,123,125,-1,124,125,126,-1,126,125,127,-1,126,127,128,-1,128,127,129,-1,128,129,130,-1,130,129,131,-1,130,131,132,-1,132,131,133,-1,134,132,135,-1,135,132,133,-1,134,135,136,-1,134,136,137,-1,137,136,138,-1,137,138,139,-1,139,138,140,-1,139,140,141,-1,141,140,142,-1,141,142,143,-1,143,142,144,-1,143,144,145,-1,145,144,146,-1,145,146,147,-1,148,147,149,-1,149,147,146,-1,150,148,151,-1,151,148,149,-1,152,150,153,-1,153,150,151,-1,154,152,155,-1,155,152,153,-1,154,155,156,-1,154,156,157,-1,157,156,158,-1,157,158,159,-1,159,158,160,-1,159,160,161,-1,161,160,162,-1,161,162,163,-1,163,162,164,-1,163,164,165,-1,165,164,166,-1,165,166,167,-1,167,166,115,-1,167,115,113,-1,148,150,147,-1,147,150,152,-1,147,152,145,-1,145,152,143,-1,137,139,152,-1,152,139,141,-1,152,141,143,-1,112,116,113,-1,113,116,118,-1,113,118,167,-1,167,118,120,-1,167,120,165,-1,165,120,122,-1,165,122,163,-1,163,122,124,-1,163,124,161,-1,161,124,126,-1,161,126,159,-1,159,126,128,-1,159,128,157,-1,157,128,130,-1,157,130,154,-1,154,130,132,-1,154,132,152,-1,152,132,134,-1,152,134,137,-1,151,149,153,-1,153,149,146,-1,153,146,144,-1,144,142,153,-1,153,142,140,-1,153,140,138,-1,117,114,119,-1,119,114,115,-1,119,115,121,-1,121,115,166,-1,121,166,123,-1,123,166,164,-1,123,164,125,-1,125,164,162,-1,125,162,127,-1,127,162,160,-1,127,160,129,-1,129,160,158,-1,129,158,131,-1,131,158,156,-1,131,156,133,-1,133,156,155,-1,133,155,135,-1,135,155,153,-1,135,153,136,-1,136,153,138,-1,168,169,170,-1,170,169,171,-1,172,168,173,-1,173,168,170,-1,174,172,175,-1,175,172,173,-1,174,175,176,-1,174,176,177,-1,177,176,178,-1,177,178,179,-1,180,179,181,-1,181,179,178,-1,182,180,183,-1,183,180,181,-1,169,182,171,-1,171,182,183,-1,172,174,168,-1,168,174,169,-1,180,182,179,-1,179,182,169,-1,179,169,177,-1,177,169,174,-1,181,178,183,-1,183,178,171,-1,173,170,175,-1,175,170,171,-1,175,171,176,-1,176,171,178,-1,184,185,186,-1,186,185,187,-1,188,184,189,-1,189,184,186,-1,190,188,191,-1,191,188,189,-1,190,191,192,-1,190,192,193,-1,193,192,194,-1,193,194,195,-1,196,195,197,-1,197,195,194,-1,198,196,199,-1,199,196,197,-1,185,198,187,-1,187,198,199,-1,188,190,184,-1,184,190,185,-1,196,198,195,-1,195,198,185,-1,195,185,193,-1,193,185,190,-1,197,194,199,-1,199,194,187,-1,189,186,191,-1,191,186,187,-1,191,187,192,-1,192,187,194,-1,200,201,202,-1,202,201,203,-1,204,200,205,-1,205,200,202,-1,206,204,207,-1,207,204,205,-1,206,207,208,-1,206,208,209,-1,209,208,210,-1,209,210,211,-1,212,211,213,-1,213,211,210,-1,214,212,215,-1,215,212,213,-1,201,214,203,-1,203,214,215,-1,204,206,200,-1,200,206,201,-1,212,214,211,-1,211,214,201,-1,211,201,209,-1,209,201,206,-1,213,210,215,-1,215,210,203,-1,205,202,207,-1,207,202,203,-1,207,203,208,-1,208,203,210,-1,216,217,218,-1,218,217,219,-1,220,216,221,-1,221,216,218,-1,222,220,223,-1,223,220,221,-1,222,223,224,-1,224,223,225,-1,224,225,226,-1,226,225,227,-1,226,227,228,-1,228,227,229,-1,228,229,230,-1,230,229,231,-1,230,231,232,-1,232,231,233,-1,232,233,234,-1,234,233,235,-1,234,235,236,-1,236,235,237,-1,238,236,239,-1,239,236,237,-1,238,239,240,-1,238,240,241,-1,241,240,242,-1,241,242,243,-1,243,242,244,-1,243,244,245,-1,245,244,246,-1,245,246,247,-1,247,246,248,-1,247,248,249,-1,249,248,250,-1,249,250,251,-1,252,251,253,-1,253,251,250,-1,254,252,255,-1,255,252,253,-1,256,254,257,-1,257,254,255,-1,258,256,259,-1,259,256,257,-1,258,259,260,-1,258,260,261,-1,261,260,262,-1,261,262,263,-1,263,262,264,-1,263,264,265,-1,265,264,266,-1,265,266,267,-1,267,266,268,-1,267,268,269,-1,269,268,270,-1,269,270,271,-1,271,270,219,-1,271,219,217,-1,252,254,251,-1,251,254,256,-1,251,256,249,-1,249,256,247,-1,241,243,256,-1,256,243,245,-1,256,245,247,-1,216,220,217,-1,217,220,222,-1,217,222,271,-1,271,222,224,-1,271,224,269,-1,269,224,226,-1,269,226,267,-1,267,226,228,-1,267,228,265,-1,265,228,230,-1,265,230,263,-1,263,230,232,-1,263,232,261,-1,261,232,234,-1,261,234,258,-1,258,234,236,-1,258,236,256,-1,256,236,238,-1,256,238,241,-1,255,253,257,-1,257,253,250,-1,257,250,248,-1,248,246,257,-1,257,246,244,-1,257,244,242,-1,221,218,223,-1,223,218,219,-1,223,219,225,-1,225,219,270,-1,225,270,227,-1,227,270,268,-1,227,268,229,-1,229,268,266,-1,229,266,231,-1,231,266,264,-1,231,264,233,-1,233,264,262,-1,233,262,235,-1,235,262,260,-1,235,260,237,-1,237,260,259,-1,237,259,239,-1,239,259,257,-1,239,257,240,-1,240,257,242,-1,272,273,274,-1,274,273,275,-1,276,272,277,-1,277,272,274,-1,278,276,279,-1,279,276,277,-1,278,279,280,-1,280,279,281,-1,280,281,282,-1,282,281,283,-1,282,283,284,-1,284,283,285,-1,284,285,286,-1,286,285,287,-1,286,287,288,-1,288,287,289,-1,288,289,290,-1,290,289,291,-1,290,291,292,-1,292,291,293,-1,294,292,295,-1,295,292,293,-1,294,295,296,-1,294,296,297,-1,297,296,298,-1,297,298,299,-1,299,298,300,-1,299,300,301,-1,301,300,302,-1,301,302,303,-1,303,302,304,-1,303,304,305,-1,305,304,306,-1,305,306,307,-1,308,307,309,-1,309,307,306,-1,310,308,311,-1,311,308,309,-1,312,310,313,-1,313,310,311,-1,314,312,315,-1,315,312,313,-1,314,315,316,-1,314,316,317,-1,317,316,318,-1,317,318,319,-1,319,318,320,-1,319,320,321,-1,321,320,322,-1,321,322,323,-1,323,322,324,-1,323,324,325,-1,325,324,326,-1,325,326,327,-1,327,326,275,-1,327,275,273,-1,308,310,307,-1,307,310,312,-1,307,312,305,-1,305,312,303,-1,297,299,312,-1,312,299,301,-1,312,301,303,-1,272,276,273,-1,273,276,278,-1,273,278,327,-1,327,278,280,-1,327,280,325,-1,325,280,282,-1,325,282,323,-1,323,282,284,-1,323,284,321,-1,321,284,286,-1,321,286,319,-1,319,286,288,-1,319,288,317,-1,317,288,290,-1,317,290,314,-1,314,290,292,-1,314,292,312,-1,312,292,294,-1,312,294,297,-1,311,309,313,-1,313,309,306,-1,313,306,304,-1,304,302,313,-1,313,302,300,-1,313,300,298,-1,277,274,279,-1,279,274,275,-1,279,275,281,-1,281,275,326,-1,281,326,283,-1,283,326,324,-1,283,324,285,-1,285,324,322,-1,285,322,287,-1,287,322,320,-1,287,320,289,-1,289,320,318,-1,289,318,291,-1,291,318,316,-1,291,316,293,-1,293,316,315,-1,293,315,295,-1,295,315,313,-1,295,313,296,-1,296,313,298,-1,328,329,330,-1,330,329,331,-1,332,328,333,-1,333,328,330,-1,334,332,335,-1,335,332,333,-1,334,335,336,-1,336,335,337,-1,336,337,338,-1,338,337,339,-1,338,339,340,-1,340,339,341,-1,340,341,342,-1,342,341,343,-1,342,343,344,-1,344,343,345,-1,344,345,346,-1,346,345,347,-1,346,347,348,-1,348,347,349,-1,350,348,351,-1,351,348,349,-1,350,351,352,-1,350,352,353,-1,353,352,354,-1,353,354,355,-1,355,354,356,-1,355,356,357,-1,357,356,358,-1,357,358,359,-1,359,358,360,-1,359,360,361,-1,361,360,362,-1,361,362,363,-1,364,363,365,-1,365,363,362,-1,366,364,367,-1,367,364,365,-1,368,366,369,-1,369,366,367,-1,370,368,371,-1,371,368,369,-1,370,371,372,-1,370,372,373,-1,373,372,374,-1,373,374,375,-1,375,374,376,-1,375,376,377,-1,377,376,378,-1,377,378,379,-1,379,378,380,-1,379,380,381,-1,381,380,382,-1,381,382,383,-1,383,382,331,-1,383,331,329,-1,364,366,363,-1,363,366,368,-1,363,368,361,-1,361,368,359,-1,353,355,368,-1,368,355,357,-1,368,357,359,-1,328,332,329,-1,329,332,334,-1,329,334,383,-1,383,334,336,-1,383,336,381,-1,381,336,338,-1,381,338,379,-1,379,338,340,-1,379,340,377,-1,377,340,342,-1,377,342,375,-1,375,342,344,-1,375,344,373,-1,373,344,346,-1,373,346,370,-1,370,346,348,-1,370,348,368,-1,368,348,350,-1,368,350,353,-1,367,365,369,-1,369,365,362,-1,369,362,360,-1,360,358,369,-1,369,358,356,-1,369,356,354,-1,333,330,335,-1,335,330,331,-1,335,331,337,-1,337,331,382,-1,337,382,339,-1,339,382,380,-1,339,380,341,-1,341,380,378,-1,341,378,343,-1,343,378,376,-1,343,376,345,-1,345,376,374,-1,345,374,347,-1,347,374,372,-1,347,372,349,-1,349,372,371,-1,349,371,351,-1,351,371,369,-1,351,369,352,-1,352,369,354,-1,384,385,386,-1,386,385,387,-1,388,384,389,-1,389,384,386,-1,390,388,391,-1,391,388,389,-1,390,391,392,-1,392,391,393,-1,392,393,394,-1,394,393,395,-1,394,395,396,-1,396,395,397,-1,396,397,398,-1,398,397,399,-1,398,399,400,-1,400,399,401,-1,400,401,402,-1,402,401,403,-1,402,403,404,-1,404,403,405,-1,406,404,407,-1,407,404,405,-1,406,407,408,-1,406,408,409,-1,409,408,410,-1,409,410,411,-1,411,410,412,-1,411,412,413,-1,413,412,414,-1,413,414,415,-1,415,414,416,-1,415,416,417,-1,417,416,418,-1,417,418,419,-1,420,419,421,-1,421,419,418,-1,422,420,423,-1,423,420,421,-1,424,422,425,-1,425,422,423,-1,426,424,427,-1,427,424,425,-1,426,427,428,-1,426,428,429,-1,429,428,430,-1,429,430,431,-1,431,430,432,-1,431,432,433,-1,433,432,434,-1,433,434,435,-1,435,434,436,-1,435,436,437,-1,437,436,438,-1,437,438,439,-1,439,438,387,-1,439,387,385,-1,420,422,419,-1,419,422,424,-1,419,424,417,-1,417,424,415,-1,409,411,424,-1,424,411,413,-1,424,413,415,-1,384,388,385,-1,385,388,390,-1,385,390,439,-1,439,390,392,-1,439,392,437,-1,437,392,394,-1,437,394,435,-1,435,394,396,-1,435,396,433,-1,433,396,398,-1,433,398,431,-1,431,398,400,-1,431,400,429,-1,429,400,402,-1,429,402,426,-1,426,402,404,-1,426,404,424,-1,424,404,406,-1,424,406,409,-1,423,421,425,-1,425,421,418,-1,425,418,416,-1,416,414,425,-1,425,414,412,-1,425,412,410,-1,389,386,391,-1,391,386,387,-1,391,387,393,-1,393,387,438,-1,393,438,395,-1,395,438,436,-1,395,436,397,-1,397,436,434,-1,397,434,399,-1,399,434,432,-1,399,432,401,-1,401,432,430,-1,401,430,403,-1,403,430,428,-1,403,428,405,-1,405,428,427,-1,405,427,407,-1,407,427,425,-1,407,425,408,-1,408,425,410,-1,440,441,442,-1,442,441,443,-1,444,440,445,-1,445,440,442,-1,446,444,447,-1,447,444,445,-1,446,447,448,-1,446,448,449,-1,449,448,450,-1,449,450,451,-1,452,451,453,-1,453,451,450,-1,454,452,455,-1,455,452,453,-1,441,454,443,-1,443,454,455,-1,444,446,440,-1,440,446,441,-1,452,454,451,-1,451,454,441,-1,451,441,449,-1,449,441,446,-1,453,450,455,-1,455,450,443,-1,445,442,447,-1,447,442,443,-1,447,443,448,-1,448,443,450,-1,456,457,458,-1,458,457,459,-1,460,456,461,-1,461,456,458,-1,462,460,463,-1,463,460,461,-1,462,463,464,-1,462,464,465,-1,465,464,466,-1,465,466,467,-1,468,467,469,-1,469,467,466,-1,470,468,471,-1,471,468,469,-1,457,470,459,-1,459,470,471,-1,460,462,456,-1,456,462,457,-1,468,470,467,-1,467,470,457,-1,467,457,465,-1,465,457,462,-1,469,466,471,-1,471,466,459,-1,461,458,463,-1,463,458,459,-1,463,459,464,-1,464,459,466,-1,472,473,474,-1,474,473,475,-1,476,472,477,-1,477,472,474,-1,478,476,479,-1,479,476,477,-1,478,479,480,-1,480,479,481,-1,480,481,482,-1,482,481,483,-1,482,483,484,-1,484,483,485,-1,484,485,486,-1,486,485,487,-1,486,487,488,-1,488,487,489,-1,488,489,490,-1,490,489,491,-1,490,491,492,-1,492,491,493,-1,494,492,495,-1,495,492,493,-1,494,495,496,-1,494,496,497,-1,497,496,498,-1,497,498,499,-1,499,498,500,-1,499,500,501,-1,501,500,502,-1,501,502,503,-1,503,502,504,-1,503,504,505,-1,505,504,506,-1,505,506,507,-1,508,507,509,-1,509,507,506,-1,510,508,511,-1,511,508,509,-1,512,510,513,-1,513,510,511,-1,514,512,515,-1,515,512,513,-1,514,515,516,-1,514,516,517,-1,517,516,518,-1,517,518,519,-1,519,518,520,-1,519,520,521,-1,521,520,522,-1,521,522,523,-1,523,522,524,-1,523,524,525,-1,525,524,526,-1,525,526,527,-1,527,526,475,-1,527,475,473,-1,508,510,507,-1,507,510,512,-1,507,512,505,-1,505,512,503,-1,497,499,512,-1,512,499,501,-1,512,501,503,-1,472,476,473,-1,473,476,478,-1,473,478,527,-1,527,478,480,-1,527,480,525,-1,525,480,482,-1,525,482,523,-1,523,482,484,-1,523,484,521,-1,521,484,486,-1,521,486,519,-1,519,486,488,-1,519,488,517,-1,517,488,490,-1,517,490,514,-1,514,490,492,-1,514,492,512,-1,512,492,494,-1,512,494,497,-1,511,509,513,-1,513,509,506,-1,513,506,504,-1,504,502,513,-1,513,502,500,-1,513,500,498,-1,477,474,479,-1,479,474,475,-1,479,475,481,-1,481,475,526,-1,481,526,483,-1,483,526,524,-1,483,524,485,-1,485,524,522,-1,485,522,487,-1,487,522,520,-1,487,520,489,-1,489,520,518,-1,489,518,491,-1,491,518,516,-1,491,516,493,-1,493,516,515,-1,493,515,495,-1,495,515,513,-1,495,513,496,-1,496,513,498,-1,528,529,530,-1,530,529,531,-1,532,528,533,-1,533,528,530,-1,534,532,535,-1,535,532,533,-1,534,535,536,-1,534,536,537,-1,537,536,538,-1,537,538,539,-1,540,539,541,-1,541,539,538,-1,542,540,543,-1,543,540,541,-1,529,542,531,-1,531,542,543,-1,532,534,528,-1,528,534,529,-1,540,542,539,-1,539,542,529,-1,539,529,537,-1,537,529,534,-1,541,538,543,-1,543,538,531,-1,533,530,535,-1,535,530,531,-1,535,531,536,-1,536,531,538,-1,544,545,546,-1,546,545,547,-1,548,544,549,-1,549,544,546,-1,550,548,551,-1,551,548,549,-1,550,551,552,-1,552,551,553,-1,552,553,554,-1,554,553,555,-1,554,555,556,-1,556,555,557,-1,556,557,558,-1,558,557,559,-1,558,559,560,-1,560,559,561,-1,560,561,562,-1,562,561,563,-1,562,563,564,-1,564,563,565,-1,566,564,567,-1,567,564,565,-1,566,567,568,-1,566,568,569,-1,569,568,570,-1,569,570,571,-1,571,570,572,-1,571,572,573,-1,573,572,574,-1,573,574,575,-1,575,574,576,-1,575,576,577,-1,577,576,578,-1,577,578,579,-1,580,579,581,-1,581,579,578,-1,582,580,583,-1,583,580,581,-1,584,582,585,-1,585,582,583,-1,586,584,587,-1,587,584,585,-1,586,587,588,-1,586,588,589,-1,589,588,590,-1,589,590,591,-1,591,590,592,-1,591,592,593,-1,593,592,594,-1,593,594,595,-1,595,594,596,-1,595,596,597,-1,597,596,598,-1,597,598,599,-1,599,598,547,-1,599,547,545,-1,580,582,579,-1,579,582,584,-1,579,584,577,-1,577,584,575,-1,569,571,584,-1,584,571,573,-1,584,573,575,-1,544,548,545,-1,545,548,550,-1,545,550,599,-1,599,550,552,-1,599,552,597,-1,597,552,554,-1,597,554,595,-1,595,554,556,-1,595,556,593,-1,593,556,558,-1,593,558,591,-1,591,558,560,-1,591,560,589,-1,589,560,562,-1,589,562,586,-1,586,562,564,-1,586,564,584,-1,584,564,566,-1,584,566,569,-1,583,581,585,-1,585,581,578,-1,585,578,576,-1,576,574,585,-1,585,574,572,-1,585,572,570,-1,549,546,551,-1,551,546,547,-1,551,547,553,-1,553,547,598,-1,553,598,555,-1,555,598,596,-1,555,596,557,-1,557,596,594,-1,557,594,559,-1,559,594,592,-1,559,592,561,-1,561,592,590,-1,561,590,563,-1,563,590,588,-1,563,588,565,-1,565,588,587,-1,565,587,567,-1,567,587,585,-1,567,585,568,-1,568,585,570,-1,600,601,602,-1,602,601,603,-1,604,600,605,-1,605,600,602,-1,606,604,607,-1,607,604,605,-1,606,607,608,-1,606,608,609,-1,609,608,610,-1,609,610,611,-1,612,611,613,-1,613,611,610,-1,614,612,615,-1,615,612,613,-1,601,614,603,-1,603,614,615,-1,604,606,600,-1,600,606,601,-1,612,614,611,-1,611,614,601,-1,611,601,609,-1,609,601,606,-1,613,610,615,-1,615,610,603,-1,605,602,607,-1,607,602,603,-1,607,603,608,-1,608,603,610,-1,616,617,618,-1,618,617,619,-1,620,616,621,-1,621,616,618,-1,622,620,623,-1,623,620,621,-1,622,623,624,-1,624,623,625,-1,624,625,626,-1,626,625,627,-1,626,627,628,-1,628,627,629,-1,628,629,630,-1,630,629,631,-1,630,631,632,-1,632,631,633,-1,632,633,634,-1,634,633,635,-1,634,635,636,-1,636,635,637,-1,638,636,639,-1,639,636,637,-1,638,639,640,-1,638,640,641,-1,641,640,642,-1,641,642,643,-1,643,642,644,-1,643,644,645,-1,645,644,646,-1,645,646,647,-1,647,646,648,-1,647,648,649,-1,649,648,650,-1,649,650,651,-1,652,651,653,-1,653,651,650,-1,654,652,655,-1,655,652,653,-1,656,654,657,-1,657,654,655,-1,658,656,659,-1,659,656,657,-1,658,659,660,-1,658,660,661,-1,661,660,662,-1,661,662,663,-1,663,662,664,-1,663,664,665,-1,665,664,666,-1,665,666,667,-1,667,666,668,-1,667,668,669,-1,669,668,670,-1,669,670,671,-1,671,670,619,-1,671,619,617,-1,652,654,651,-1,651,654,656,-1,651,656,649,-1,649,656,647,-1,641,643,656,-1,656,643,645,-1,656,645,647,-1,616,620,617,-1,617,620,622,-1,617,622,671,-1,671,622,624,-1,671,624,669,-1,669,624,626,-1,669,626,667,-1,667,626,628,-1,667,628,665,-1,665,628,630,-1,665,630,663,-1,663,630,632,-1,663,632,661,-1,661,632,634,-1,661,634,658,-1,658,634,636,-1,658,636,656,-1,656,636,638,-1,656,638,641,-1,655,653,657,-1,657,653,650,-1,657,650,648,-1,648,646,657,-1,657,646,644,-1,657,644,642,-1,621,618,623,-1,623,618,619,-1,623,619,625,-1,625,619,670,-1,625,670,627,-1,627,670,668,-1,627,668,629,-1,629,668,666,-1,629,666,631,-1,631,666,664,-1,631,664,633,-1,633,664,662,-1,633,662,635,-1,635,662,660,-1,635,660,637,-1,637,660,659,-1,637,659,639,-1,639,659,657,-1,639,657,640,-1,640,657,642,-1,672,673,674,-1,674,673,675,-1,676,672,677,-1,677,672,674,-1,678,676,679,-1,679,676,677,-1,678,679,680,-1,678,680,681,-1,681,680,682,-1,681,682,683,-1,684,683,685,-1,685,683,682,-1,686,684,687,-1,687,684,685,-1,673,686,675,-1,675,686,687,-1,676,678,672,-1,672,678,673,-1,684,686,683,-1,683,686,673,-1,683,673,681,-1,681,673,678,-1,685,682,687,-1,687,682,675,-1,677,674,679,-1,679,674,675,-1,679,675,680,-1,680,675,682,-1,688,689,690,-1,690,689,691,-1,692,688,693,-1,693,688,690,-1,694,692,695,-1,695,692,693,-1,694,695,696,-1,696,695,697,-1,696,697,698,-1,698,697,699,-1,698,699,700,-1,700,699,701,-1,700,701,702,-1,702,701,703,-1,702,703,704,-1,704,703,705,-1,704,705,706,-1,706,705,707,-1,706,707,708,-1,708,707,709,-1,710,708,711,-1,711,708,709,-1,710,711,712,-1,710,712,713,-1,713,712,714,-1,713,714,715,-1,715,714,716,-1,715,716,717,-1,717,716,718,-1,717,718,719,-1,719,718,720,-1,719,720,721,-1,721,720,722,-1,721,722,723,-1,724,723,725,-1,725,723,722,-1,726,724,727,-1,727,724,725,-1,728,726,729,-1,729,726,727,-1,730,728,731,-1,731,728,729,-1,730,731,732,-1,730,732,733,-1,733,732,734,-1,733,734,735,-1,735,734,736,-1,735,736,737,-1,737,736,738,-1,737,738,739,-1,739,738,740,-1,739,740,741,-1,741,740,742,-1,741,742,743,-1,743,742,691,-1,743,691,689,-1,724,726,723,-1,723,726,728,-1,723,728,721,-1,721,728,719,-1,713,715,728,-1,728,715,717,-1,728,717,719,-1,688,692,689,-1,689,692,694,-1,689,694,743,-1,743,694,696,-1,743,696,741,-1,741,696,698,-1,741,698,739,-1,739,698,700,-1,739,700,737,-1,737,700,702,-1,737,702,735,-1,735,702,704,-1,735,704,733,-1,733,704,706,-1,733,706,730,-1,730,706,708,-1,730,708,728,-1,728,708,710,-1,728,710,713,-1,727,725,729,-1,729,725,722,-1,729,722,720,-1,720,718,729,-1,729,718,716,-1,729,716,714,-1,693,690,695,-1,695,690,691,-1,695,691,697,-1,697,691,742,-1,697,742,699,-1,699,742,740,-1,699,740,701,-1,701,740,738,-1,701,738,703,-1,703,738,736,-1,703,736,705,-1,705,736,734,-1,705,734,707,-1,707,734,732,-1,707,732,709,-1,709,732,731,-1,709,731,711,-1,711,731,729,-1,711,729,712,-1,712,729,714,-1,744,745,746,-1,746,745,747,-1,748,744,749,-1,749,744,746,-1,750,748,751,-1,751,748,749,-1,750,751,752,-1,750,752,753,-1,753,752,754,-1,753,754,755,-1,756,755,757,-1,757,755,754,-1,758,756,759,-1,759,756,757,-1,745,758,747,-1,747,758,759,-1,748,750,744,-1,744,750,745,-1,756,758,755,-1,755,758,745,-1,755,745,753,-1,753,745,750,-1,757,754,759,-1,759,754,747,-1,749,746,751,-1,751,746,747,-1,751,747,752,-1,752,747,754,-1,760,761,762,-1,762,761,763,-1,764,760,765,-1,765,760,762,-1,766,764,767,-1,767,764,765,-1,766,767,768,-1,766,768,769,-1,769,768,770,-1,769,770,771,-1,772,771,773,-1,773,771,770,-1,774,772,775,-1,775,772,773,-1,761,774,763,-1,763,774,775,-1,764,766,760,-1,760,766,761,-1,772,774,771,-1,771,774,761,-1,771,761,769,-1,769,761,766,-1,773,770,775,-1,775,770,763,-1,765,762,767,-1,767,762,763,-1,767,763,768,-1,768,763,770,-1,776,777,778,-1,778,777,779,-1,780,776,781,-1,781,776,778,-1,782,780,783,-1,783,780,781,-1,782,783,784,-1,784,783,785,-1,784,785,786,-1,786,785,787,-1,786,787,788,-1,788,787,789,-1,788,789,790,-1,790,789,791,-1,790,791,792,-1,792,791,793,-1,792,793,794,-1,794,793,795,-1,794,795,796,-1,796,795,797,-1,798,796,799,-1,799,796,797,-1,798,799,800,-1,798,800,801,-1,801,800,802,-1,801,802,803,-1,803,802,804,-1,803,804,805,-1,805,804,806,-1,805,806,807,-1,807,806,808,-1,807,808,809,-1,809,808,810,-1,809,810,811,-1,812,811,813,-1,813,811,810,-1,814,812,815,-1,815,812,813,-1,816,814,817,-1,817,814,815,-1,818,816,819,-1,819,816,817,-1,818,819,820,-1,818,820,821,-1,821,820,822,-1,821,822,823,-1,823,822,824,-1,823,824,825,-1,825,824,826,-1,825,826,827,-1,827,826,828,-1,827,828,829,-1,829,828,830,-1,829,830,831,-1,831,830,779,-1,831,779,777,-1,812,814,811,-1,811,814,816,-1,811,816,809,-1,809,816,807,-1,801,803,816,-1,816,803,805,-1,816,805,807,-1,776,780,777,-1,777,780,782,-1,777,782,831,-1,831,782,784,-1,831,784,829,-1,829,784,786,-1,829,786,827,-1,827,786,788,-1,827,788,825,-1,825,788,790,-1,825,790,823,-1,823,790,792,-1,823,792,821,-1,821,792,794,-1,821,794,818,-1,818,794,796,-1,818,796,816,-1,816,796,798,-1,816,798,801,-1,815,813,817,-1,817,813,810,-1,817,810,808,-1,808,806,817,-1,817,806,804,-1,817,804,802,-1,781,778,783,-1,783,778,779,-1,783,779,785,-1,785,779,830,-1,785,830,787,-1,787,830,828,-1,787,828,789,-1,789,828,826,-1,789,826,791,-1,791,826,824,-1,791,824,793,-1,793,824,822,-1,793,822,795,-1,795,822,820,-1,795,820,797,-1,797,820,819,-1,797,819,799,-1,799,819,817,-1,799,817,800,-1,800,817,802,-1,832,833,834,-1,834,833,835,-1,836,832,837,-1,837,832,834,-1,838,836,839,-1,839,836,837,-1,838,839,840,-1,840,839,841,-1,840,841,842,-1,842,841,843,-1,842,843,844,-1,844,843,845,-1,844,845,846,-1,846,845,847,-1,846,847,848,-1,848,847,849,-1,848,849,850,-1,850,849,851,-1,850,851,852,-1,852,851,853,-1,854,852,855,-1,855,852,853,-1,854,855,856,-1,854,856,857,-1,857,856,858,-1,857,858,859,-1,859,858,860,-1,859,860,861,-1,861,860,862,-1,861,862,863,-1,863,862,864,-1,863,864,865,-1,865,864,866,-1,865,866,867,-1,868,867,869,-1,869,867,866,-1,870,868,871,-1,871,868,869,-1,872,870,873,-1,873,870,871,-1,874,872,875,-1,875,872,873,-1,874,875,876,-1,874,876,877,-1,877,876,878,-1,877,878,879,-1,879,878,880,-1,879,880,881,-1,881,880,882,-1,881,882,883,-1,883,882,884,-1,883,884,885,-1,885,884,886,-1,885,886,887,-1,887,886,835,-1,887,835,833,-1,868,870,867,-1,867,870,872,-1,867,872,865,-1,865,872,863,-1,857,859,872,-1,872,859,861,-1,872,861,863,-1,832,836,833,-1,833,836,838,-1,833,838,887,-1,887,838,840,-1,887,840,885,-1,885,840,842,-1,885,842,883,-1,883,842,844,-1,883,844,881,-1,881,844,846,-1,881,846,879,-1,879,846,848,-1,879,848,877,-1,877,848,850,-1,877,850,874,-1,874,850,852,-1,874,852,872,-1,872,852,854,-1,872,854,857,-1,871,869,873,-1,873,869,866,-1,873,866,864,-1,864,862,873,-1,873,862,860,-1,873,860,858,-1,837,834,839,-1,839,834,835,-1,839,835,841,-1,841,835,886,-1,841,886,843,-1,843,886,884,-1,843,884,845,-1,845,884,882,-1,845,882,847,-1,847,882,880,-1,847,880,849,-1,849,880,878,-1,849,878,851,-1,851,878,876,-1,851,876,853,-1,853,876,875,-1,853,875,855,-1,855,875,873,-1,855,873,856,-1,856,873,858,-1,888,889,890,-1,890,889,891,-1,892,888,893,-1,893,888,890,-1,894,892,895,-1,895,892,893,-1,894,895,896,-1,894,896,897,-1,897,896,898,-1,897,898,899,-1,900,899,901,-1,901,899,898,-1,902,900,903,-1,903,900,901,-1,889,902,891,-1,891,902,903,-1,892,894,888,-1,888,894,889,-1,900,902,899,-1,899,902,889,-1,899,889,897,-1,897,889,894,-1,901,898,903,-1,903,898,891,-1,893,890,895,-1,895,890,891,-1,895,891,896,-1,896,891,898,-1,904,905,906,-1,906,905,907,-1,908,904,909,-1,909,904,906,-1,910,908,911,-1,911,908,909,-1,910,911,912,-1,910,912,913,-1,913,912,914,-1,913,914,915,-1,916,915,917,-1,917,915,914,-1,918,916,919,-1,919,916,917,-1,905,918,907,-1,907,918,919,-1,908,910,904,-1,904,910,905,-1,916,918,915,-1,915,918,905,-1,915,905,913,-1,913,905,910,-1,917,914,919,-1,919,914,907,-1,909,906,911,-1,911,906,907,-1,911,907,912,-1,912,907,914,-1,920,921,922,-1,922,921,923,-1,924,920,925,-1,925,920,922,-1,926,924,927,-1,927,924,925,-1,926,927,928,-1,926,928,929,-1,929,928,930,-1,929,930,931,-1,932,931,933,-1,933,931,930,-1,934,932,935,-1,935,932,933,-1,921,934,923,-1,923,934,935,-1,924,926,920,-1,920,926,921,-1,932,934,931,-1,931,934,921,-1,931,921,929,-1,929,921,926,-1,933,930,935,-1,935,930,923,-1,925,922,927,-1,927,922,923,-1,927,923,928,-1,928,923,930,-1,936,937,938,-1,938,937,939,-1,940,936,941,-1,941,936,938,-1,942,940,943,-1,943,940,941,-1,942,943,944,-1,944,943,945,-1,944,945,946,-1,946,945,947,-1,946,947,948,-1,948,947,949,-1,948,949,950,-1,950,949,951,-1,950,951,952,-1,952,951,953,-1,952,953,954,-1,954,953,955,-1,954,955,956,-1,956,955,957,-1,958,956,959,-1,959,956,957,-1,958,959,960,-1,958,960,961,-1,961,960,962,-1,961,962,963,-1,963,962,964,-1,963,964,965,-1,965,964,966,-1,965,966,967,-1,967,966,968,-1,967,968,969,-1,969,968,970,-1,969,970,971,-1,972,971,973,-1,973,971,970,-1,974,972,975,-1,975,972,973,-1,976,974,977,-1,977,974,975,-1,978,976,979,-1,979,976,977,-1,978,979,980,-1,978,980,981,-1,981,980,982,-1,981,982,983,-1,983,982,984,-1,983,984,985,-1,985,984,986,-1,985,986,987,-1,987,986,988,-1,987,988,989,-1,989,988,990,-1,989,990,991,-1,991,990,939,-1,991,939,937,-1,972,974,971,-1,971,974,976,-1,971,976,969,-1,969,976,967,-1,961,963,976,-1,976,963,965,-1,976,965,967,-1,936,940,937,-1,937,940,942,-1,937,942,991,-1,991,942,944,-1,991,944,989,-1,989,944,946,-1,989,946,987,-1,987,946,948,-1,987,948,985,-1,985,948,950,-1,985,950,983,-1,983,950,952,-1,983,952,981,-1,981,952,954,-1,981,954,978,-1,978,954,956,-1,978,956,976,-1,976,956,958,-1,976,958,961,-1,975,973,977,-1,977,973,970,-1,977,970,968,-1,968,966,977,-1,977,966,964,-1,977,964,962,-1,941,938,943,-1,943,938,939,-1,943,939,945,-1,945,939,990,-1,945,990,947,-1,947,990,988,-1,947,988,949,-1,949,988,986,-1,949,986,951,-1,951,986,984,-1,951,984,953,-1,953,984,982,-1,953,982,955,-1,955,982,980,-1,955,980,957,-1,957,980,979,-1,957,979,959,-1,959,979,977,-1,959,977,960,-1,960,977,962,-1,992,993,994,-1,994,993,995,-1,996,992,997,-1,997,992,994,-1,998,996,999,-1,999,996,997,-1,998,999,1000,-1,998,1000,1001,-1,1001,1000,1002,-1,1001,1002,1003,-1,1004,1003,1005,-1,1005,1003,1002,-1,1006,1004,1007,-1,1007,1004,1005,-1,993,1006,995,-1,995,1006,1007,-1,996,998,992,-1,992,998,993,-1,1004,1006,1003,-1,1003,1006,993,-1,1003,993,1001,-1,1001,993,998,-1,1005,1002,1007,-1,1007,1002,995,-1,997,994,999,-1,999,994,995,-1,999,995,1000,-1,1000,995,1002,-1,
        ]
    }
}
Shape{
    appearance Appearance {
        material  Material 	{
            diffuseColor 0.2980392156862745 0.2980392156862745 0.2980392156862745
            specularColor 0.09019607843137255 0.09019607843137255 0.09019607843137255
            ambientIntensity 0.298
            transparency 0.0
            shininess 0.5
        }
    }
    geometry IndexedFaceSet {
        ccw TRUE
        solid FALSE
        coord DEF co Coordinate {
            point [
                2.3071 -0.7349 0.5984, 2.3071 -0.7349 0.7953, 2.4803 -0.7349 0.5984, 2.9134 -0.7349 0.7953, 2.4803 -0.7349 0.4016, 2.9134 -0.7349 0.4016, 2.0236 -0.7349 0.5984, 1.9134 -0.7349 0.5984, 2.0236 -0.7349 0.7953, 1.9134 -0.7349 0.7953, 1.8268 -0.7349 0.5984, 1.7165 -0.7349 0.5984, 1.8268 -0.7349 0.7953, 1.7165 -0.7349 0.7953, 1.6299 -0.7349 0.5984, 1.5197 -0.7349 0.5984, 1.6299 -0.7349 0.7953, 1.5197 -0.7349 0.7953, 1.4331 -0.7349 0.5984, 1.3228 -0.7349 0.5984, 1.4331 -0.7349 0.7953, 1.3228 -0.7349 0.7953, 1.2362 -0.7349 0.5984, 1.126 -0.7349 0.5984, 1.2362 -0.7349 0.7953, 1.126 -0.7349 0.7953, 1.0394 -0.7349 0.5984, 0.9291 -0.7349 0.5984, 1.0394 -0.7349 0.7953, 0.9291 -0.7349 0.7953, 0.8425 -0.7349 0.5984, 0.7323 -0.7349 0.5984, 0.8425 -0.7349 0.7953, 0.7323 -0.7349 0.7953, 0.6457 -0.7349 0.5984, 0.5354 -0.7349 0.5984, 0.6457 -0.7349 0.7953, 0.5354 -0.7349 0.7953, 0.4488 -0.7349 0.5984, 0.3386 -0.7349 0.5984, 0.4488 -0.7349 0.7953, 0.3386 -0.7349 0.7953, 0.252 -0.7349 0.5984, 0.1417 -0.7349 0.5984, 0.252 -0.7349 0.7953, 0.1417 -0.7349 0.7953, 0.0551 -0.7349 0.5984, -0.0551 -0.7349 0.5984, 0.0551 -0.7349 0.7953, -0.0551 -0.7349 0.7953, -0.1417 -0.7349 0.5984, -0.252 -0.7349 0.5984, -0.1417 -0.7349 0.7953, -0.252 -0.7349 0.7953, -0.3386 -0.7349 0.5984, -0.4488 -0.7349 0.5984, -0.3386 -0.7349 0.7953, -0.4488 -0.7349 0.7953, -0.5354 -0.7349 0.5984, -0.6457 -0.7349 0.5984, -0.5354 -0.7349 0.7953, -0.6457 -0.7349 0.7953, -0.7323 -0.7349 0.5984, -0.8425 -0.7349 0.5984, -0.7323 -0.7349 0.7953, -0.8425 -0.7349 0.7953, -0.9291 -0.7349 0.5984, -1.0394 -0.7349 0.5984, -0.9291 -0.7349 0.7953, -1.0394 -0.7349 0.7953, -1.126 -0.7349 0.5984, -1.2362 -0.7349 0.5984, -1.126 -0.7349 0.7953, -1.2362 -0.7349 0.7953, -1.3228 -0.7349 0.5984, -1.4331 -0.7349 0.5984, -1.3228 -0.7349 0.7953, -1.4331 -0.7349 0.7953, -1.5197 -0.7349 0.5984, -1.6299 -0.7349 0.5984, -1.5197 -0.7349 0.7953, -1.6299 -0.7349 0.7953, -1.7165 -0.7349 0.5984, -1.8268 -0.7349 0.5984, -1.7165 -0.7349 0.7953, -1.8268 -0.7349 0.7953, -1.9134 -0.7349 0.5984, -2.0236 -0.7349 0.5984, -1.9134 -0.7349 0.7953, -2.0236 -0.7349 0.7953, -2.1102 -0.7349 0.5984, -2.2205 -0.7349 0.5984, -2.1102 -0.7349 0.7953, -2.2205 -0.7349 0.7953, -2.4803 -0.7349 0.4016, -2.9134 -0.7349 0.4016, -2.4803 -0.7349 0.5984, -2.9134 -0.7349 0.7953, -2.3071 -0.7349 0.5984, -2.3071 -0.7349 0.7953, -3.1496 -1.5748 0.4016, -3.1496 -1.437 0.4016, -2.9134 -1.437 0.4016, -2.4803 -1.5748 0.4016, -2.9134 -1.437 0.7953, -2.3399 -1.7126 0.5984, 2.3399 -1.7126 0.5984, -2.3399 -1.7126 0.7953, 2.3399 -1.7126 0.7953, 2.9134 -1.437 0.4016, 2.9134 -1.437 0.7953, 2.2205 -0.7349 0.5984, 2.1102 -0.7349 0.5984, 2.2205 -0.7349 0.7953, 2.1102 -0.7349 0.7953, 3.1496 -1.437 0.4016, 3.1496 -1.5748 0.4016, 2.4803 -1.5748 0.4016, -3.1496 -1.437 0.7953, -3.1496 -1.5748 0.7953, 2.3071 -1.1286 0.7953, 2.2205 -1.1286 0.7953, 2.4777 -1.5748 0.7953, 3.1496 -1.5748 0.7953, 3.1496 -1.437 0.7953, 2.0236 -1.1286 0.7953, 1.9134 -1.1286 0.7953, 1.8268 -1.1286 0.7953, 2.1102 -1.1286 0.7953, 1.6299 -1.1286 0.7953, 1.5197 -1.1286 0.7953, 1.4331 -1.1286 0.7953, 1.7165 -1.1286 0.7953, 1.2362 -1.1286 0.7953, 1.126 -1.1286 0.7953, 1.0394 -1.1286 0.7953, 1.3228 -1.1286 0.7953, 0.8425 -1.1286 0.7953, 0.7323 -1.1286 0.7953, 0.6457 -1.1286 0.7953, 0.9291 -1.1286 0.7953, 0.4488 -1.1286 0.7953, 0.3386 -1.1286 0.7953, 0.252 -1.1286 0.7953, 0.5354 -1.1286 0.7953, 0.0551 -1.1286 0.7953, -0.0551 -1.1286 0.7953, -0.1417 -1.1286 0.7953, 0.1417 -1.1286 0.7953, -0.3386 -1.1286 0.7953, -0.4488 -1.1286 0.7953, -0.5354 -1.1286 0.7953, -0.252 -1.1286 0.7953, -0.7323 -1.1286 0.7953, -0.8425 -1.1286 0.7953, -0.9291 -1.1286 0.7953, -0.6457 -1.1286 0.7953, -1.126 -1.1286 0.7953, -1.2362 -1.1286 0.7953, -1.3228 -1.1286 0.7953, -1.0394 -1.1286 0.7953, -1.5197 -1.1286 0.7953, -1.6299 -1.1286 0.7953, -1.4331 -1.1286 0.7953, -1.7165 -1.1286 0.7953, -1.8268 -1.1286 0.7953, -1.9134 -1.1286 0.7953, -2.0236 -1.1286 0.7953, -2.4777 -1.5748 0.7953, -2.1102 -1.1286 0.7953, -2.2205 -1.1286 0.7953, -2.3071 -1.1286 0.7953, 0.3386 -1.1286 0.5984, 1.9134 -1.1286 0.5984, 0.4488 -1.1286 0.5984, 0.5354 -1.1286 0.5984, -2.2205 -1.1286 0.5984, -2.4777 -1.5748 0.5984, -2.3071 -1.1286 0.5984, -2.4803 -1.5748 0.5984, -2.0236 -1.1286 0.5984, 2.1102 -1.1286 0.5984, 2.4803 -1.5748 0.5984, 2.0236 -1.1286 0.5984, 2.4777 -1.5748 0.5984, -1.9134 -1.1286 0.5984, -1.8268 -1.1286 0.5984, 0.7323 -1.1286 0.5984, 2.3071 -1.1286 0.5984, 2.2205 -1.1286 0.5984, -2.1102 -1.1286 0.5984, 1.126 -1.1286 0.5984, -1.6299 -1.1286 0.5984, 1.2362 -1.1286 0.5984, 1.3228 -1.1286 0.5984, -1.5197 -1.1286 0.5984, -1.4331 -1.1286 0.5984, 0.8425 -1.1286 0.5984, 0.9291 -1.1286 0.5984, -1.7165 -1.1286 0.5984, 0.6457 -1.1286 0.5984, 1.0394 -1.1286 0.5984, 1.5197 -1.1286 0.5984, -1.2362 -1.1286 0.5984, -1.126 -1.1286 0.5984, -1.0394 -1.1286 0.5984, 1.6299 -1.1286 0.5984, 1.4331 -1.1286 0.5984, -1.3228 -1.1286 0.5984, 1.7165 -1.1286 0.5984, 1.8268 -1.1286 0.5984, -0.8425 -1.1286 0.5984, -0.7323 -1.1286 0.5984, -0.6457 -1.1286 0.5984, -0.9291 -1.1286 0.5984, -0.4488 -1.1286 0.5984, -0.3386 -1.1286 0.5984, -0.252 -1.1286 0.5984, -0.5354 -1.1286 0.5984, -0.0551 -1.1286 0.5984, 0.0551 -1.1286 0.5984, 0.1417 -1.1286 0.5984, -0.1417 -1.1286 0.5984, 0.252 -1.1286 0.5984
            ]
        }
        coordIndex [
            0,1,2,-1,2,1,3,-1,2,3,4,-1,4,3,5,-1,6,7,8,-1,8,7,9,-1,10,11,12,-1,12,11,13,-1,14,15,16,-1,16,15,17,-1,18,19,20,-1,20,19,21,-1,22,23,24,-1,24,23,25,-1,26,27,28,-1,28,27,29,-1,30,31,32,-1,32,31,33,-1,34,35,36,-1,36,35,37,-1,38,39,40,-1,40,39,41,-1,42,43,44,-1,44,43,45,-1,46,47,48,-1,48,47,49,-1,50,51,52,-1,52,51,53,-1,54,55,56,-1,56,55,57,-1,58,59,60,-1,60,59,61,-1,62,63,64,-1,64,63,65,-1,66,67,68,-1,68,67,69,-1,70,71,72,-1,72,71,73,-1,74,75,76,-1,76,75,77,-1,78,79,80,-1,80,79,81,-1,82,83,84,-1,84,83,85,-1,86,87,88,-1,88,87,89,-1,90,91,92,-1,92,91,93,-1,94,95,96,-1,96,95,97,-1,96,97,98,-1,98,97,99,-1,100,101,102,-1,95,94,102,-1,102,94,103,-1,102,103,100,-1,104,97,102,-1,102,97,95,-1,105,106,107,-1,107,106,108,-1,109,5,110,-1,110,5,3,-1,111,112,113,-1,113,112,114,-1,115,116,109,-1,109,116,117,-1,109,117,5,-1,5,117,4,-1,104,118,119,-1,3,1,110,-1,110,1,120,-1,107,108,121,-1,121,108,122,-1,121,122,120,-1,120,122,123,-1,120,123,110,-1,110,123,124,-1,125,8,9,-1,126,127,107,-1,9,126,125,-1,125,126,107,-1,125,107,128,-1,128,107,121,-1,128,121,114,-1,114,121,113,-1,129,16,17,-1,130,131,107,-1,17,130,129,-1,129,130,107,-1,129,107,132,-1,132,107,127,-1,132,127,13,-1,13,127,12,-1,133,24,25,-1,134,135,107,-1,25,134,133,-1,133,134,107,-1,133,107,136,-1,136,107,131,-1,136,131,21,-1,21,131,20,-1,137,32,33,-1,138,139,107,-1,33,138,137,-1,137,138,107,-1,137,107,140,-1,140,107,135,-1,140,135,29,-1,29,135,28,-1,141,40,41,-1,142,143,107,-1,41,142,141,-1,141,142,107,-1,141,107,144,-1,144,107,139,-1,144,139,37,-1,37,139,36,-1,145,48,49,-1,146,147,107,-1,49,146,145,-1,145,146,107,-1,145,107,148,-1,148,107,143,-1,148,143,45,-1,45,143,44,-1,149,56,57,-1,150,151,107,-1,57,150,149,-1,149,150,107,-1,149,107,152,-1,152,107,147,-1,152,147,53,-1,53,147,52,-1,153,64,65,-1,154,155,107,-1,65,154,153,-1,153,154,107,-1,153,107,156,-1,156,107,151,-1,156,151,61,-1,61,151,60,-1,157,72,73,-1,158,159,107,-1,73,158,157,-1,157,158,107,-1,157,107,160,-1,160,107,155,-1,160,155,69,-1,69,155,68,-1,161,80,81,-1,81,162,161,-1,161,162,107,-1,161,107,163,-1,163,107,159,-1,163,159,77,-1,77,159,76,-1,84,85,164,-1,164,85,165,-1,166,88,89,-1,89,167,166,-1,166,167,168,-1,166,168,165,-1,165,168,107,-1,165,107,164,-1,164,107,162,-1,92,93,169,-1,169,93,170,-1,171,99,97,-1,97,104,171,-1,171,104,119,-1,171,119,170,-1,170,119,168,-1,170,168,169,-1,169,168,167,-1,115,124,116,-1,116,124,123,-1,124,115,110,-1,110,115,109,-1,101,118,102,-1,102,118,104,-1,118,101,119,-1,119,101,100,-1,172,39,38,-1,173,7,6,-1,174,175,106,-1,106,105,176,-1,176,105,177,-1,176,177,178,-1,178,177,179,-1,178,179,98,-1,98,179,96,-1,180,87,86,-1,181,182,183,-1,183,182,184,-1,185,186,106,-1,187,31,30,-1,0,2,188,-1,188,2,182,-1,188,182,189,-1,189,182,181,-1,189,181,111,-1,111,181,112,-1,86,185,180,-1,180,185,106,-1,180,106,190,-1,190,106,176,-1,190,176,90,-1,90,176,91,-1,191,23,22,-1,192,79,78,-1,193,194,106,-1,195,196,106,-1,197,198,106,-1,78,195,192,-1,192,195,106,-1,192,106,199,-1,199,106,186,-1,199,186,82,-1,82,186,83,-1,30,197,187,-1,187,197,106,-1,187,106,200,-1,200,106,175,-1,200,175,34,-1,34,175,35,-1,22,193,191,-1,191,193,106,-1,191,106,201,-1,201,106,198,-1,201,198,26,-1,26,198,27,-1,202,15,14,-1,203,71,70,-1,204,205,106,-1,14,206,202,-1,202,206,106,-1,202,106,207,-1,207,106,194,-1,207,194,18,-1,18,194,19,-1,70,204,203,-1,203,204,106,-1,203,106,208,-1,208,106,196,-1,208,196,74,-1,74,196,75,-1,11,10,209,-1,209,10,210,-1,6,183,173,-1,173,183,184,-1,173,184,210,-1,210,184,106,-1,210,106,209,-1,209,106,206,-1,211,63,62,-1,212,213,106,-1,62,212,211,-1,211,212,106,-1,211,106,214,-1,214,106,205,-1,214,205,66,-1,66,205,67,-1,215,55,54,-1,216,217,106,-1,54,216,215,-1,215,216,106,-1,215,106,218,-1,218,106,213,-1,218,213,58,-1,58,213,59,-1,219,47,46,-1,220,221,106,-1,46,220,219,-1,219,220,106,-1,219,106,222,-1,222,106,217,-1,222,217,50,-1,50,217,51,-1,38,174,172,-1,172,174,106,-1,172,106,223,-1,223,106,221,-1,223,221,42,-1,42,221,43,-1,103,94,179,-1,179,94,96,-1,182,2,117,-1,117,2,4,-1,108,106,122,-1,122,106,184,-1,122,184,182,-1,117,116,182,-1,182,116,123,-1,182,123,122,-1,168,177,107,-1,107,177,105,-1,177,168,179,-1,179,168,119,-1,179,119,103,-1,103,119,100,-1,170,176,171,-1,171,176,178,-1,178,98,171,-1,171,98,99,-1,170,93,176,-1,176,93,91,-1,167,180,169,-1,169,180,190,-1,190,90,169,-1,169,90,92,-1,167,89,180,-1,180,89,87,-1,165,186,166,-1,166,186,185,-1,185,86,166,-1,166,86,88,-1,165,85,186,-1,186,85,83,-1,162,192,164,-1,164,192,199,-1,199,82,164,-1,164,82,84,-1,162,81,192,-1,192,81,79,-1,163,196,161,-1,161,196,195,-1,195,78,161,-1,161,78,80,-1,163,77,196,-1,196,77,75,-1,158,203,159,-1,159,203,208,-1,208,74,159,-1,159,74,76,-1,158,73,203,-1,203,73,71,-1,160,205,157,-1,157,205,204,-1,204,70,157,-1,157,70,72,-1,160,69,205,-1,205,69,67,-1,154,211,155,-1,155,211,214,-1,214,66,155,-1,155,66,68,-1,154,65,211,-1,211,65,63,-1,156,213,153,-1,153,213,212,-1,212,62,153,-1,153,62,64,-1,156,61,213,-1,213,61,59,-1,150,215,151,-1,151,215,218,-1,218,58,151,-1,151,58,60,-1,150,57,215,-1,215,57,55,-1,152,217,149,-1,149,217,216,-1,216,54,149,-1,149,54,56,-1,152,53,217,-1,217,53,51,-1,146,219,147,-1,147,219,222,-1,222,50,147,-1,147,50,52,-1,146,49,219,-1,219,49,47,-1,148,221,145,-1,145,221,220,-1,220,46,145,-1,145,46,48,-1,148,45,221,-1,221,45,43,-1,142,172,143,-1,143,172,223,-1,223,42,143,-1,143,42,44,-1,142,41,172,-1,172,41,39,-1,144,175,141,-1,141,175,174,-1,174,38,141,-1,141,38,40,-1,144,37,175,-1,175,37,35,-1,138,187,139,-1,139,187,200,-1,200,34,139,-1,139,34,36,-1,138,33,187,-1,187,33,31,-1,140,198,137,-1,137,198,197,-1,197,30,137,-1,137,30,32,-1,140,29,198,-1,198,29,27,-1,134,191,135,-1,135,191,201,-1,201,26,135,-1,135,26,28,-1,134,25,191,-1,191,25,23,-1,136,194,133,-1,133,194,193,-1,193,22,133,-1,133,22,24,-1,136,21,194,-1,194,21,19,-1,130,202,131,-1,131,202,207,-1,207,18,131,-1,131,18,20,-1,130,17,202,-1,202,17,15,-1,132,209,129,-1,129,209,206,-1,206,14,129,-1,129,14,16,-1,132,13,209,-1,209,13,11,-1,126,173,127,-1,127,173,210,-1,210,10,127,-1,127,10,12,-1,126,9,173,-1,173,9,7,-1,128,181,125,-1,125,181,183,-1,183,6,125,-1,125,6,8,-1,128,114,181,-1,181,114,112,-1,120,1,188,-1,188,1,0,-1,120,188,121,-1,121,188,189,-1,189,111,121,-1,121,111,113,-1,
        ]
    }
}