#VRML V2.0 utf8
# 3D model generated by easyeda2kicad.py (https://github.com/uPesy/easyeda2kicad.py)

Shape{
    appearance Appearance {
        material  Material 	{
            diffuseColor 1.0 1.0 1.0
            specularColor 0.5019607843137255 0.5019607843137255 0.5019607843137255
            ambientIntensity 1.0
            transparency 0.0
            shininess 0.5
        }
    }
    geometry IndexedFaceSet {
        ccw TRUE
        solid FALSE
        coord DEF co Coordinate {
            point [
                -0.9097 0.5118 -0.0, -0.9097 0.8661 -0.0, 0.0352 0.5118 -0.0, 0.0352 0.8661 -0.0, -0.9097 0.5118 0.0394, 0.0352 0.5118 0.0394, -0.9097 0.8661 0.0394, 0.0352 0.8661 0.0394, -0.9097 -0.8661 -0.0, -0.9097 -0.5118 -0.0, 0.0352 -0.8661 -0.0, 0.0352 -0.5118 -0.0, -0.9097 -0.8661 0.0394, 0.0352 -0.8661 0.0394, -0.9097 -0.5118 0.0394, 0.0352 -0.5118 0.0394
            ]
        }
        coordIndex [
            0,1,2,-1,2,1,3,-1,4,0,5,-1,5,0,2,-1,6,4,7,-1,7,4,5,-1,1,6,3,-1,3,6,7,-1,4,6,0,-1,0,6,1,-1,7,5,3,-1,3,5,2,-1,8,9,10,-1,10,9,11,-1,12,8,13,-1,13,8,10,-1,14,12,15,-1,15,12,13,-1,9,14,11,-1,11,14,15,-1,12,14,8,-1,8,14,9,-1,15,13,11,-1,11,13,10,-1,
        ]
    }
}
Shape{
    appearance Appearance {
        material  Material 	{
            diffuseColor 0.25098039215686274 0.25098039215686274 0.25098039215686274
            specularColor 0.12549019607843137 0.12549019607843137 0.12549019607843137
            ambientIntensity 0.251
            transparency 0.0
            shininess 0.5
        }
    }
    geometry IndexedFaceSet {
        ccw TRUE
        solid FALSE
        coord DEF co Coordinate {
            point [
                1.5764 0.0063 0.6493, 1.5627 0.0079 0.6496, 1.5628 0.0077 0.6496, 1.5634 0.0063 0.6493, 1.565 0.0062 0.6492, 1.5763 0.0047 0.6489, 1.5831 0.0047 0.6489, 1.5865 0.0047 0.6489, 1.5883 0.0047 0.6489, 1.5891 0.0047 0.6489, 1.5895 0.0047 0.6489, 1.5898 0.0047 0.6489, 1.5898 0.0047 0.6489, 1.5766 0.0062 0.6494, 1.5875 0.0064 0.6493, 1.5763 0.0063 0.6494, 1.5899 0.0047 0.6489, 1.5876 0.0063 0.6493, 1.5892 0.0063 0.6493, 1.5763 0.0063 0.4135, 1.5627 0.0079 0.4134, 1.5875 0.0064 0.4137, 1.5766 0.0062 0.4136, 1.5898 0.0047 0.4141, 1.5898 0.0047 0.4141, 1.5895 0.0047 0.4141, 1.5764 0.0063 0.4137, 1.5891 0.0047 0.4141, 1.5883 0.0047 0.4141, 1.5865 0.0047 0.4141, 1.5831 0.0047 0.4141, 1.5763 0.0047 0.4141, 1.565 0.0063 0.4137, 1.5892 0.0063 0.4137, 1.5875 0.0062 0.4137, 1.5899 0.0047 0.4141, 1.5634 0.0063 0.4137, 1.5628 0.0077 0.4134, 1.5643 -0.0057 0.4137, 1.5629 0.0078 0.4134, 1.5643 0.0073 0.4137, 1.5644 0.0056 0.4137, 1.5659 -0.0057 0.4141, 1.5659 -0.0125 0.4141, 1.5659 -0.0159 0.4141, 1.5659 -0.0176 0.4141, 1.5659 -0.0185 0.4141, 1.5659 -0.0189 0.4141, 1.5659 -0.0192 0.4141, 1.5659 -0.0191 0.4141, 1.5644 -0.006 0.4136, 1.5642 -0.0169 0.4137, 1.5643 -0.0057 0.4135, 1.5659 -0.0192 0.4141, 1.5644 -0.0169 0.4137, 1.5643 -0.0186 0.4137, 1.5643 -0.0057 0.6494, 1.5642 -0.0169 0.6493, 1.5644 -0.006 0.6494, 1.5659 -0.0192 0.6489, 1.5659 -0.0191 0.6489, 1.5659 -0.0189 0.6489, 1.5643 -0.0057 0.6493, 1.5659 -0.0185 0.6489, 1.5659 -0.0176 0.6489, 1.5659 -0.0159 0.6489, 1.5659 -0.0125 0.6489, 1.5659 -0.0057 0.6489, 1.5644 0.0056 0.6493, 1.5643 -0.0186 0.6493, 1.5644 -0.0169 0.6492, 1.5659 -0.0192 0.6489, 1.5643 0.0073 0.6493, 1.5629 0.0078 0.6496, 1.6297 0.0 0.4367, 1.6297 0.0 0.6262, 1.6201 -0.0008 0.6262, 1.5706 -0.0591 0.6262, 1.5706 -0.0591 0.4367, 1.5718 -0.0492 0.6262, 1.5715 -0.0492 0.4367, 1.572 -0.0476 0.6262, 1.5719 -0.0476 0.4367, 1.5724 -0.0447 0.6262, 1.5736 -0.042 0.4367, 1.5734 -0.042 0.6262, 1.5753 -0.0365 0.4367, 1.5809 -0.0264 0.4367, 1.5777 -0.031 0.6262, 1.5756 -0.0352 0.4367, 1.576 -0.0354 0.6262, 1.5755 -0.0366 0.6262, 1.5882 -0.0176 0.4367, 1.5862 -0.0191 0.6262, 1.5831 -0.0228 0.4367, 1.5834 -0.023 0.6262, 1.5809 -0.0265 0.6262, 1.5971 -0.0103 0.4367, 1.5936 -0.0123 0.6262, 1.5934 -0.0125 0.4367, 1.5934 -0.0125 0.6262, 1.588 -0.0174 0.6262, 1.6198 -0.0008 0.4367, 1.6198 -0.0009 0.6262, 1.6182 -0.0013 0.4367, 1.6182 -0.0013 0.6262, 1.6127 -0.003 0.4367, 1.6127 -0.003 0.6262, 1.6071 -0.0046 0.4367, 1.6071 -0.0046 0.6262, 1.6061 -0.0049 0.6262, 1.6059 -0.005 0.4367, 1.6059 -0.005 0.6262, 1.597 -0.0103 0.6262, 1.6229 0.0009 0.4182, 1.6247 0.0006 0.419, 1.6196 -0.0001 0.4194, 1.5917 0.0005 0.4161, 1.5863 -0.003 0.4171, 1.5836 -0.0011 0.4151, 1.5805 -0.0209 0.4252, 1.5807 -0.022 0.4267, 1.5763 -0.0299 0.4261, 1.5761 -0.0316 0.4277, 1.5867 -0.0161 0.4285, 1.5872 -0.0166 0.4301, 1.5808 -0.0242 0.4299, 1.6046 -0.0036 0.4236, 1.6025 -0.0036 0.4223, 1.6097 -0.0015 0.4204, 1.5933 -0.0076 0.4235, 1.5902 -0.0097 0.4238, 1.5876 -0.0089 0.4213, 1.5735 -0.025 0.419, 1.5731 -0.0227 0.4182, 1.575 -0.019 0.4188, 1.5688 -0.045 0.4165, 1.5687 -0.0438 0.4164, 1.5717 -0.0335 0.4185, 1.5692 -0.0478 0.4168, 1.5719 -0.0364 0.4194, 1.5693 -0.0491 0.4169, 1.5721 -0.0391 0.4204, 1.5696 -0.0512 0.4178, 1.5714 -0.0304 0.4178, 1.5682 -0.0396 0.416, 1.571 -0.0273 0.4171, 1.5677 -0.0352 0.4156, 1.5674 -0.0321 0.4153, 1.5701 -0.0211 0.416, 1.5783 -0.0227 0.4236, 1.5803 -0.0196 0.4238, 1.5777 -0.0195 0.4211, 1.5783 -0.0144 0.4192, 1.5795 -0.017 0.4213, 1.5716 -0.0129 0.4154, 1.5736 -0.0157 0.4171, 1.5668 -0.0267 0.4148, 1.6204 0.0012 0.417, 1.6219 0.001 0.4177, 1.6168 0.0001 0.4185, 1.607 -0.0013 0.4195, 1.6184 0.0014 0.4168, 1.5994 -0.0046 0.423, 1.5951 -0.0055 0.422, 1.5974 -0.0045 0.4217, 1.5933 -0.0053 0.4208, 1.5954 -0.0043 0.4206, 1.5924 -0.0051 0.4203, 1.5968 -0.0031 0.4195, 1.5956 -0.0029 0.4191, 1.6003 -0.0034 0.4211, 1.6041 -0.0011 0.4186, 1.598 -0.0032 0.4201, 1.601 -0.0008 0.4178, 1.5979 -0.0004 0.4172, 1.5794 -0.0088 0.4176, 1.585 -0.0076 0.4192, 1.5879 -0.0038 0.4179, 1.5897 -0.0044 0.4188, 1.5947 -0.0 0.4166, 1.5973 0.0038 0.4148, 1.6026 0.0032 0.4153, 1.6058 0.0029 0.4156, 1.6102 0.0024 0.416, 1.6144 0.0019 0.4165, 1.6154 0.0018 0.4165, 1.5963 -0.0101 0.4333, 1.5877 -0.0171 0.4334, 1.5909 -0.0132 0.43, 1.5894 -0.0127 0.4268, 1.5948 -0.0102 0.4298, 1.5927 -0.0101 0.4266, 1.599 -0.0076 0.4296, 1.5963 -0.0078 0.4263, 1.6011 -0.0072 0.4332, 1.6061 -0.0048 0.4331, 1.6097 -0.0032 0.4282, 1.6065 -0.0042 0.429, 1.605 -0.0044 0.4273, 1.6083 -0.0034 0.4265, 1.6032 -0.0046 0.4258, 1.6065 -0.0036 0.425, 1.6014 -0.0047 0.4243, 1.6218 -0.0003 0.4204, 1.6168 -0.0016 0.4256, 1.6159 -0.0017 0.4241, 1.6142 -0.0017 0.4227, 1.6121 -0.0016 0.4215, 1.6269 0.0004 0.42, 1.6272 0.0003 0.4201, 1.6235 -0.0004 0.4216, 1.6297 0.0 0.4213, 1.6238 -0.0004 0.4231, 1.6297 0.0 0.4218, 1.597 -0.0057 0.4233, 1.5988 -0.0057 0.4246, 1.6005 -0.0056 0.4261, 1.6022 -0.0055 0.4277, 1.6038 -0.0053 0.4294, 1.5706 -0.0591 0.4218, 1.5722 -0.0462 0.4255, 1.5754 -0.0355 0.4331, 1.5807 -0.0257 0.4334, 1.5739 -0.0391 0.4281, 1.5723 -0.0453 0.424, 1.5706 -0.0591 0.4213, 1.5723 -0.0436 0.4226, 1.5703 -0.0565 0.4202, 1.5702 -0.0562 0.42, 1.5742 -0.034 0.4235, 1.5753 -0.0307 0.4243, 1.5752 -0.0326 0.4257, 1.5749 -0.0247 0.4205, 1.5738 -0.0274 0.42, 1.5751 -0.0268 0.4217, 1.5741 -0.0297 0.4211, 1.5753 -0.0288 0.4229, 1.5742 -0.0319 0.4222, 1.5722 -0.0415 0.4214, 1.57 -0.0541 0.4191, 1.5697 -0.052 0.4182, 1.5751 -0.0343 0.4273, 1.5742 -0.0359 0.4249, 1.5763 -0.0282 0.4246, 1.5763 -0.0264 0.4233, 1.5762 -0.0245 0.422, 1.5759 -0.0227 0.4208, 1.5755 -0.0208 0.4198, 1.5814 -0.0108 0.4193, 1.5833 -0.0127 0.4215, 1.5849 -0.0143 0.424, 1.5862 -0.0156 0.4269, 1.5808 -0.0232 0.4283, 1.5759 -0.0331 0.4294, 1.5756 -0.0345 0.4312, 1.5808 -0.025 0.4316, 1.574 -0.0377 0.4264, 1.5735 -0.0108 0.4159, 1.5756 -0.0085 0.4164, 1.5774 -0.0068 0.4161, 1.5815 -0.003 0.4154, 1.5915 -0.0049 0.4198, 1.5867 0.0019 0.6483, 1.5723 0.0024 0.6489, 1.5815 -0.0029 0.6471, 1.5835 -0.001 0.6476, 1.5683 -0.0016 0.6489, 1.5717 -0.013 0.6479, 1.5736 -0.0109 0.6476, 1.5775 -0.0068 0.6469, 1.5792 -0.0049 0.6466, 1.5683 -0.0016 0.4141, 1.5723 0.0024 0.4141, 2.0052 0.1871 0.4134, 1.3423 -0.5433 0.4134, 1.3423 0.7795 0.4134, 1.5248 -0.5416 0.4134, 1.5116 -0.5433 0.4134, 1.5627 -0.4921 0.4134, 1.564 -0.3009 0.4137, 1.5659 -0.0204 0.4141, 1.5559 -0.5177 0.4134, 1.5478 -0.5283 0.4134, 1.5372 -0.5364 0.4134, 2.0378 0.1307 0.4134, 2.0639 0.1106 0.4134, 1.9733 0.0066 0.4137, 2.0943 0.0981 0.4134, 2.2336 0.0079 0.4134, 2.2486 0.2524 0.4134, 2.236 0.2827 0.4134, 2.3161 0.3222 0.4134, 2.216 0.3088 0.4134, 2.2199 0.3943 0.4134, 2.1899 0.3289 0.4134, 2.1215 0.4628 0.4134, 1.561 -0.5054 0.4134, 2.0178 0.1568 0.4134, 1.5915 0.0047 0.4141, 2.3862 0.2452 0.4134, 2.3876 0.2289 0.4134, 2.2529 0.2197 0.4134, 2.3851 0.2127 0.4134, 2.2486 0.1871 0.4134, 2.379 0.1974 0.4134, 2.236 0.1568 0.4134, 2.2959 0.0448 0.4134, 2.216 0.1307 0.4134, 2.3612 0.2866 0.4134, 2.3727 0.2749 0.4134, 2.3812 0.2608 0.4134, 2.1269 0.0938 0.4134, 2.1595 0.0981 0.4134, 2.2487 0.0095 0.4134, 2.1899 0.1106 0.4134, 2.2631 0.0143 0.4134, 2.2761 0.022 0.4134, 2.2872 0.0324 0.4134, 2.1595 0.3414 0.4134, 2.1269 0.3457 0.4134, 2.0207 0.5278 0.4134, 2.0943 0.3414 0.4134, 1.9905 0.5463 0.4134, 2.0639 0.3289 0.4134, 1.5297 0.7795 0.4134, 1.5406 0.775 0.4134, 1.6517 0.7261 0.4134, 2.0378 0.3088 0.4134, 2.0178 0.2827 0.4134, 2.0052 0.2524 0.4134, 2.0009 0.2197 0.4134, 1.7605 0.6736 0.4134, 1.7809 0.6633 0.4134, 1.8868 0.6066 0.4134, 1.3423 0.7795 0.6496, 1.3423 -0.5433 0.6496, 1.5297 0.7795 0.6496, 1.641 0.7311 0.6496, 1.5116 -0.5433 0.6496, 1.5627 -0.4921 0.6496, 1.564 -0.3009 0.6493, 1.5659 -0.0204 0.6489, 1.5915 0.0047 0.6489, 1.7494 0.6792 0.6496, 1.5372 -0.5364 0.6496, 1.5478 -0.5283 0.6496, 1.5559 -0.5177 0.6496, 2.3067 0.3294 0.6496, 2.2098 0.4015 0.6496, 1.9733 0.0066 0.6493, 2.1913 0.4148 0.6496, 1.5248 -0.5416 0.6496, 1.561 -0.5054 0.6496, 1.9599 0.5646 0.6496, 1.8557 0.6238 0.6496, 2.092 0.4823 0.6496, 1.9905 0.5463 0.6496, 2.3727 0.2749 0.6496, 2.3612 0.2866 0.6496, 2.379 0.1974 0.6496, 2.2959 0.0448 0.6496, 2.2336 0.0079 0.6496, 2.2487 0.0095 0.6496, 2.2631 0.0143 0.6496, 2.2761 0.022 0.6496, 2.2872 0.0324 0.6496, 2.3851 0.2127 0.6496, 2.3876 0.2289 0.6496, 2.3812 0.2608 0.6496, 2.3862 0.2452 0.6496
            ]
        }
        coordIndex [
            0,1,2,-1,2,3,0,-1,0,3,4,-1,0,4,5,-1,5,6,0,-1,0,6,7,-1,0,7,8,-1,8,9,0,-1,0,9,10,-1,0,10,11,-1,11,10,12,-1,13,14,15,-1,15,14,1,-1,12,16,11,-1,11,16,17,-1,11,17,13,-1,13,17,18,-1,13,18,14,-1,19,20,21,-1,19,21,22,-1,23,24,25,-1,23,25,26,-1,25,27,26,-1,26,27,28,-1,26,28,29,-1,29,30,26,-1,26,30,31,-1,26,31,32,-1,21,33,22,-1,22,33,34,-1,22,34,23,-1,23,34,35,-1,23,35,24,-1,32,36,26,-1,26,36,37,-1,26,37,20,-1,38,20,39,-1,39,40,38,-1,38,40,41,-1,38,41,42,-1,42,43,38,-1,38,43,44,-1,38,44,45,-1,45,46,38,-1,38,46,47,-1,38,47,48,-1,48,47,49,-1,50,51,52,-1,52,51,20,-1,49,53,48,-1,48,53,54,-1,48,54,50,-1,50,54,55,-1,50,55,51,-1,56,1,57,-1,56,57,58,-1,59,60,61,-1,59,61,62,-1,61,63,62,-1,62,63,64,-1,62,64,65,-1,65,66,62,-1,62,66,67,-1,62,67,68,-1,57,69,58,-1,58,69,70,-1,58,70,59,-1,59,70,71,-1,59,71,60,-1,68,72,62,-1,62,72,73,-1,62,73,1,-1,74,75,76,-1,77,78,79,-1,79,78,80,-1,79,80,81,-1,81,80,82,-1,81,82,83,-1,83,82,84,-1,83,84,85,-1,85,84,86,-1,87,88,89,-1,89,88,90,-1,89,90,86,-1,86,90,91,-1,86,91,85,-1,92,93,94,-1,94,93,95,-1,94,95,87,-1,87,95,96,-1,87,96,88,-1,97,98,99,-1,99,98,100,-1,99,100,92,-1,92,100,101,-1,92,101,93,-1,74,76,102,-1,102,76,103,-1,102,103,104,-1,104,103,105,-1,104,105,106,-1,106,105,107,-1,106,107,108,-1,107,109,108,-1,108,109,110,-1,108,110,111,-1,111,110,112,-1,111,112,97,-1,97,112,113,-1,97,113,98,-1,114,115,116,-1,117,118,119,-1,120,121,122,-1,122,121,123,-1,124,125,126,-1,127,128,129,-1,130,131,132,-1,133,134,135,-1,136,137,138,-1,139,140,141,-1,141,140,142,-1,141,142,143,-1,138,137,144,-1,144,137,145,-1,144,145,146,-1,145,147,146,-1,146,147,148,-1,146,148,149,-1,120,150,151,-1,151,150,152,-1,135,153,154,-1,155,156,48,-1,48,156,149,-1,48,149,157,-1,157,149,148,-1,158,159,160,-1,129,161,160,-1,160,161,162,-1,160,162,158,-1,163,164,165,-1,165,164,166,-1,165,166,167,-1,167,166,168,-1,167,168,169,-1,169,168,170,-1,129,128,161,-1,161,128,171,-1,161,171,172,-1,172,171,173,-1,172,173,174,-1,127,163,128,-1,128,163,165,-1,128,165,171,-1,171,165,167,-1,171,167,173,-1,173,167,169,-1,173,169,174,-1,174,169,170,-1,174,170,175,-1,176,118,177,-1,177,118,178,-1,177,178,179,-1,118,117,178,-1,178,117,180,-1,178,180,179,-1,181,182,175,-1,175,182,183,-1,175,183,174,-1,174,183,184,-1,174,184,172,-1,172,184,185,-1,172,185,161,-1,161,185,186,-1,161,186,162,-1,111,97,187,-1,187,97,99,-1,187,99,188,-1,125,124,189,-1,189,124,190,-1,189,190,191,-1,191,192,193,-1,193,192,194,-1,187,195,111,-1,111,195,196,-1,111,196,108,-1,108,196,197,-1,108,197,106,-1,106,197,104,-1,196,198,197,-1,197,198,199,-1,197,199,200,-1,200,199,201,-1,200,201,202,-1,202,201,203,-1,116,115,204,-1,102,104,205,-1,205,104,197,-1,205,197,206,-1,206,197,200,-1,206,200,207,-1,207,200,202,-1,207,202,208,-1,115,209,204,-1,204,209,210,-1,204,210,211,-1,211,210,212,-1,211,212,213,-1,213,212,214,-1,213,214,74,-1,208,116,207,-1,207,116,204,-1,207,204,206,-1,206,204,211,-1,206,211,205,-1,205,211,213,-1,205,213,102,-1,102,213,74,-1,191,190,192,-1,192,190,131,-1,192,131,194,-1,194,131,130,-1,194,130,215,-1,215,216,194,-1,194,216,217,-1,194,217,193,-1,193,217,218,-1,193,218,219,-1,78,220,80,-1,80,220,221,-1,80,221,82,-1,82,221,84,-1,89,222,87,-1,87,222,223,-1,87,223,94,-1,94,223,92,-1,89,86,222,-1,222,86,84,-1,222,84,224,-1,224,84,221,-1,224,221,225,-1,225,221,220,-1,225,220,226,-1,227,228,229,-1,230,231,232,-1,133,233,234,-1,234,233,235,-1,234,235,236,-1,236,235,237,-1,236,237,238,-1,238,237,231,-1,231,230,238,-1,238,230,142,-1,238,142,236,-1,236,142,140,-1,236,140,234,-1,239,240,241,-1,123,242,232,-1,232,242,243,-1,232,243,230,-1,230,243,239,-1,230,239,142,-1,142,239,241,-1,142,241,143,-1,122,244,120,-1,120,244,245,-1,120,245,150,-1,150,245,246,-1,150,246,152,-1,152,246,247,-1,152,247,248,-1,249,132,250,-1,250,132,131,-1,250,131,251,-1,251,131,190,-1,251,190,252,-1,252,190,124,-1,252,124,253,-1,253,124,126,-1,253,126,254,-1,123,232,122,-1,122,232,231,-1,122,231,244,-1,244,231,237,-1,244,237,245,-1,245,237,235,-1,245,235,246,-1,246,235,233,-1,246,233,247,-1,247,233,133,-1,247,133,248,-1,248,133,135,-1,248,135,152,-1,152,135,154,-1,152,154,151,-1,224,255,222,-1,222,255,256,-1,222,256,223,-1,223,256,188,-1,223,188,92,-1,92,188,99,-1,215,203,216,-1,216,203,201,-1,216,201,217,-1,217,201,199,-1,217,199,218,-1,218,199,198,-1,218,198,219,-1,219,198,196,-1,219,196,193,-1,193,196,195,-1,193,195,191,-1,191,195,187,-1,191,187,189,-1,189,187,188,-1,189,188,125,-1,125,188,256,-1,125,256,126,-1,126,256,255,-1,126,255,254,-1,254,255,224,-1,254,224,257,-1,257,224,225,-1,257,225,227,-1,227,225,226,-1,227,226,228,-1,258,259,176,-1,176,259,260,-1,176,260,118,-1,118,260,261,-1,118,261,119,-1,155,258,156,-1,156,258,176,-1,156,176,249,-1,249,176,177,-1,249,177,132,-1,132,177,179,-1,132,179,262,-1,119,23,117,-1,117,23,181,-1,117,181,180,-1,180,181,175,-1,180,175,179,-1,179,175,170,-1,179,170,262,-1,262,170,168,-1,262,168,132,-1,132,168,166,-1,132,166,130,-1,130,166,164,-1,130,164,215,-1,215,164,163,-1,215,163,203,-1,203,163,127,-1,203,127,202,-1,202,127,129,-1,202,129,208,-1,208,129,160,-1,208,160,116,-1,116,160,159,-1,116,159,114,-1,139,136,140,-1,140,136,138,-1,140,138,234,-1,234,138,144,-1,234,144,133,-1,133,144,146,-1,133,146,134,-1,134,146,149,-1,134,149,135,-1,135,149,156,-1,135,156,153,-1,153,156,249,-1,153,249,154,-1,154,249,250,-1,154,250,151,-1,151,250,251,-1,151,251,120,-1,120,251,252,-1,120,252,121,-1,121,252,253,-1,121,253,123,-1,123,253,254,-1,123,254,242,-1,242,254,257,-1,242,257,243,-1,243,257,227,-1,243,227,239,-1,239,227,229,-1,239,229,240,-1,263,11,13,-1,264,265,13,-1,13,265,266,-1,13,266,263,-1,1,56,267,-1,267,56,58,-1,264,1,267,-1,13,15,264,-1,264,15,1,-1,59,268,58,-1,58,268,269,-1,58,269,267,-1,267,269,270,-1,267,270,264,-1,264,270,271,-1,264,271,265,-1,272,258,50,-1,50,258,155,-1,50,155,48,-1,20,19,273,-1,273,19,22,-1,272,20,273,-1,50,52,272,-1,272,52,20,-1,23,119,22,-1,22,119,261,-1,22,261,273,-1,273,261,260,-1,273,260,272,-1,272,260,259,-1,272,259,258,-1,26,20,274,-1,38,275,20,-1,20,275,276,-1,277,278,279,-1,279,278,275,-1,279,275,280,-1,38,48,275,-1,275,48,281,-1,275,281,280,-1,282,283,284,-1,285,286,287,-1,287,286,288,-1,287,288,289,-1,290,291,292,-1,292,291,293,-1,292,293,294,-1,294,293,295,-1,294,295,296,-1,277,279,284,-1,284,279,297,-1,284,297,282,-1,285,287,298,-1,298,287,299,-1,298,299,274,-1,274,299,23,-1,274,23,26,-1,300,301,302,-1,302,301,303,-1,302,303,304,-1,304,303,305,-1,304,305,306,-1,306,305,307,-1,306,307,308,-1,292,309,290,-1,290,309,310,-1,290,310,302,-1,302,310,311,-1,302,311,300,-1,288,312,289,-1,289,312,313,-1,289,313,314,-1,314,313,315,-1,314,315,316,-1,316,315,317,-1,308,307,315,-1,315,307,318,-1,315,318,317,-1,295,319,296,-1,296,319,320,-1,296,320,321,-1,321,320,322,-1,321,322,323,-1,323,322,324,-1,276,325,326,-1,327,328,326,-1,326,328,329,-1,326,329,276,-1,276,329,330,-1,276,330,20,-1,20,330,331,-1,20,331,274,-1,327,332,328,-1,328,332,333,-1,328,333,324,-1,324,333,334,-1,324,334,323,-1,1,335,336,-1,335,1,337,-1,337,1,0,-1,337,0,338,-1,339,340,336,-1,336,340,341,-1,336,341,342,-1,0,11,338,-1,338,11,343,-1,338,343,344,-1,342,59,336,-1,336,59,62,-1,336,62,1,-1,345,346,347,-1,348,349,350,-1,350,349,351,-1,339,352,340,-1,340,352,345,-1,340,345,353,-1,353,345,347,-1,350,354,343,-1,343,354,355,-1,343,355,344,-1,351,356,350,-1,350,356,357,-1,350,357,354,-1,358,359,360,-1,360,359,348,-1,360,348,361,-1,350,362,348,-1,348,362,363,-1,348,363,364,-1,364,365,348,-1,348,365,366,-1,348,366,361,-1,360,367,358,-1,358,367,368,-1,358,368,369,-1,369,368,370,-1,
        ]
    }
}
Shape{
    appearance Appearance {
        material  Material 	{
            diffuseColor 0.5019607843137255 0.5019607843137255 0.5019607843137255
            specularColor 0.25098039215686274 0.25098039215686274 0.25098039215686274
            ambientIntensity 0.502
            transparency 0.0
            shininess 0.5
        }
    }
    geometry IndexedFaceSet {
        ccw TRUE
        solid FALSE
        coord DEF co Coordinate {
            point [
                -0.1125 0.5056 -0.0, -0.201 0.5056 -0.0, -0.201 0.5118 -0.0, 0.8701 0.5061 -0.0, 0.9479 0.5056 -0.0, 0.8586 0.5061 -0.0, 0.6142 0.5056 -0.0, 0.8893 0.5848 -0.0, 0.956 0.5804 -0.0, 0.9479 0.5749 -0.0, 0.9479 0.5853 -0.0, 0.9474 0.5746 -0.0, 0.9474 0.5745 -0.0, 0.9418 0.5684 -0.0, 0.8999 0.5848 -0.0, 0.9381 0.5616 -0.0, 0.9394 0.5276 -0.0, 0.9439 0.5206 -0.0, 0.9297 0.5061 -0.0, 0.9182 0.5061 -0.0, 0.9106 0.5282 -0.0, 0.8781 0.5282 -0.0, 0.936 0.5538 -0.0, 0.9354 0.5464 -0.0, 0.9365 0.5359 -0.0, 0.9479 0.5168 -0.0, 0.9504 0.5144 -0.0, 0.9586 0.5096 -0.0, 1.0065 0.5853 -0.0, 0.9766 0.5848 -0.0, 0.9652 0.5836 -0.0, 0.9677 0.5069 -0.0, 0.9774 0.5061 -0.0, 1.0065 0.5056 -0.0, 0.9988 0.5061 -0.0, 0.9988 0.5848 -0.0, 1.2557 -0.1705 -0.0, 1.2964 -0.1392 -0.0, 1.5312 -1.1024 -0.0, 1.3474 0.0509 -0.0, 1.3277 0.0984 -0.0, 1.5312 0.351 -0.0, 1.3277 -0.0984 -0.0, 1.3474 -0.0509 -0.0, 1.3541 0.0 -0.0, 1.2082 -0.1901 -0.0, 1.5116 -1.122 -0.0, 1.1572 -0.1969 -0.0, 1.0785 -1.122 -0.0, 1.0734 -1.1214 -0.0, 1.2964 0.1392 -0.0, 1.2557 0.1705 -0.0, 1.2082 0.1901 -0.0, 1.5255 -1.1163 -0.0, 1.5214 -1.1194 -0.0, 1.5286 -1.1122 -0.0, 1.5167 -1.1214 -0.0, 1.5306 -1.1075 -0.0, 1.0588 -1.0827 -0.0, 1.0641 -1.1157 -0.0, 1.0588 -1.1024 -0.0, 1.0614 -1.1122 -0.0, 1.0595 -1.1075 -0.0, 1.0686 -1.1194 -0.0, 1.0646 -1.1163 -0.0, 1.1063 -0.1901 -0.0, 1.0641 -0.1727 -0.0, 1.0588 -0.1705 -0.0, 1.0065 -1.0827 -0.0, 1.018 -0.1392 -0.0, 0.9604 0.0 -0.0, 0.9671 -0.0509 -0.0, 0.9479 -1.0827 -0.0, 0.9868 -0.0984 -0.0, 1.0065 -0.1242 -0.0, 1.1572 0.1969 -0.0, 1.1063 0.1901 -0.0, 1.0641 0.351 -0.0, 1.0641 0.1727 -0.0, 1.0065 0.351 -0.0, 1.0588 0.1705 -0.0, 1.018 0.1392 -0.0, 1.0065 0.1242 -0.0, 0.9479 0.351 -0.0, 0.9868 0.0984 -0.0, 0.9671 0.0509 -0.0, -0.0172 -0.0509 -0.0, 0.0025 -0.0984 -0.0, -0.1125 -0.5118 -0.0, -0.0239 0.0 -0.0, 0.0352 -0.8661 -0.0, 0.2714 -1.1024 -0.0, 0.2707 -1.1075 -0.0, 0.2688 -1.1122 -0.0, 0.2656 -1.1163 -0.0, 0.2616 -1.1194 -0.0, 0.173 -0.1969 -0.0, 0.2239 -0.1901 -0.0, 0.0352 -0.5118 -0.0, 0.2714 -0.1705 -0.0, 0.3122 -0.1392 -0.0, 0.3435 -0.0984 -0.0, 0.6142 -1.0827 -0.0, 0.2714 -1.0827 -0.0, 0.122 0.1901 -0.0, 0.0746 0.1705 -0.0, -0.1125 0.351 -0.0, 0.0338 -0.1392 -0.0, 0.0746 -0.1705 -0.0, 0.122 -0.1901 -0.0, 0.3631 -0.0509 -0.0, 0.3698 0.0 -0.0, 0.6142 0.351 -0.0, 0.3631 0.0509 -0.0, 0.3435 0.0984 -0.0, 0.2239 0.1901 -0.0, 0.173 0.1969 -0.0, 0.3122 0.1392 -0.0, 0.2714 0.1705 -0.0, 0.0338 0.1392 -0.0, 0.0025 0.0984 -0.0, -0.0172 0.0509 -0.0, 1.0734 1.1214 -0.0, 1.0785 1.122 -0.0, 1.0903 0.5858 -0.0, 1.0641 1.1157 -0.0, 1.0646 1.1163 -0.0, 1.0834 0.5853 -0.0, 1.5306 1.1075 -0.0, 1.5312 1.1024 -0.0, 1.5116 1.122 -0.0, 1.5312 0.5853 -0.0, 1.0962 0.5853 -0.0, 1.0686 1.1194 -0.0, 1.5214 1.1194 -0.0, 1.5255 1.1163 -0.0, 1.5286 1.1122 -0.0, 1.5167 1.1214 -0.0, 1.0065 1.0827 -0.0, 1.0588 1.0827 -0.0, 1.0641 0.5853 -0.0, 1.0595 1.1075 -0.0, 1.0614 1.1122 -0.0, 1.0588 1.1024 -0.0, 0.0352 0.5118 -0.0, 0.0352 0.5853 -0.0, 0.6142 0.5853 -0.0, 0.0352 0.8661 -0.0, 0.2517 1.122 -0.0, 0.2568 1.1214 -0.0, 0.2714 1.0827 -0.0, 0.6142 1.0827 -0.0, 0.9479 1.0827 -0.0, 0.2688 1.1122 -0.0, 0.2707 1.1075 -0.0, 0.2714 1.1024 -0.0, 0.2616 1.1194 -0.0, 0.2656 1.1163 -0.0, -0.1125 1.122 -0.0, -0.1125 0.8661 -0.0, -0.1814 1.122 -0.0, -0.201 0.8661 -0.0, -0.201 1.1024 -0.0, -0.1936 1.1178 -0.0, -0.1899 1.1201 -0.0, -0.1967 1.1146 -0.0, -0.1991 1.1109 -0.0, -0.2005 1.1067 -0.0, -0.1857 1.1216 -0.0, -0.1125 0.5118 -0.0, -0.201 -0.5118 -0.0, -0.201 0.351 -0.0, 0.2568 -1.1214 -0.0, 0.2517 -1.122 -0.0, -0.1125 -0.8661 -0.0, -0.1125 -1.122 -0.0, -0.201 -0.8661 -0.0, -0.1814 -1.122 -0.0, -0.201 -1.1024 -0.0, -0.2004 -1.1075 -0.0, -0.1864 -1.1214 -0.0, -0.1912 -1.1194 -0.0, -0.1984 -1.1122 -0.0, -0.1953 -1.1163 -0.0, 1.0718 0.5188 -0.0, 1.0641 0.5056 -0.0, 1.0718 0.5101 -0.0, 1.0802 0.5067 -0.0, 1.0809 0.5851 -0.0, 1.0718 0.5826 -0.0, 1.0718 0.5721 -0.0, 1.0807 0.5759 -0.0, 1.0732 0.518 -0.0, 1.0902 0.5771 -0.0, 1.098 0.5763 -0.0, 1.1039 0.5741 -0.0, 1.1093 0.5705 -0.0, 1.1141 0.5652 -0.0, 1.1198 0.5446 -0.0, 1.119 0.5361 -0.0, 1.1169 0.5293 -0.0, 1.0993 0.5146 -0.0, 1.092 0.5138 -0.0, 1.1051 0.5167 -0.0, 1.1099 0.5199 -0.0, 1.1136 0.5238 -0.0, 1.0816 0.5149 -0.0, 1.1173 0.5592 -0.0, 1.1194 0.5507 -0.0, 1.1774 0.5061 -0.0, 1.0981 0.5056 -0.0, 1.1371 0.5061 -0.0, 1.1032 0.5061 -0.0, 1.1108 0.5087 -0.0, 1.1262 0.5641 -0.0, 1.1216 0.5714 -0.0, 1.1669 0.5848 -0.0, 1.1145 0.5783 -0.0, 1.107 0.5826 -0.0, 1.1171 0.5128 -0.0, 1.123 0.519 -0.0, 1.1371 0.5147 -0.0, 1.1272 0.5265 -0.0, 1.1669 0.5147 -0.0, 1.1296 0.5348 -0.0, 1.1304 0.544 -0.0, 1.1292 0.5551 -0.0, 1.0881 0.5056 -0.0, 1.0913 0.5051 -0.0, 1.0935 0.5051 -0.0, 1.0982 0.5851 -0.0, 1.1774 0.5848 -0.0, 1.5312 0.5056 -0.0, 1.0161 0.5848 -0.0, 1.0161 0.5762 -0.0, 1.0142 0.5147 -0.0, 1.0142 0.5061 -0.0, 1.0564 0.5061 -0.0, 1.0564 0.5848 -0.0, 1.0459 0.5416 -0.0, 1.0459 0.5147 -0.0, 1.018 0.5416 -0.0, 1.018 0.5502 -0.0, 1.0459 0.5502 -0.0, 1.0459 0.5762 -0.0, 1.3265 0.815 0.6693, 1.5234 0.815 0.6693, 1.5234 1.1024 0.6693, 0.2635 1.0748 0.6693, 0.2635 1.1024 0.6693, -0.1814 1.1142 0.6693, 0.4761 -1.1055 0.6693, 0.8541 -1.1055 0.6693, 0.4761 -1.0748 0.6693, 0.8541 -1.0748 0.6693, 1.0667 1.0748 0.6693, 0.8541 1.0748 0.6693, 0.2635 -1.0748 0.6693, -0.1844 1.1138 0.6693, -0.1873 1.1126 0.6693, -0.1897 1.1107 0.6693, -0.1928 -1.1054 0.6693, -0.1814 -1.1142 0.6693, -0.1932 -1.1024 0.6693, 0.2635 -1.1024 0.6693, 0.4761 1.0748 0.6693, 0.4761 1.1055 0.6693, 0.8541 1.1055 0.6693, 0.2631 1.1054 0.6693, 0.2548 1.1138 0.6693, 0.2517 1.1142 0.6693, 0.2619 1.1083 0.6693, 0.2601 1.1107 0.6693, 0.2576 1.1126 0.6693, -0.1916 1.1083 0.6693, -0.1928 1.1054 0.6693, -0.1932 1.1024 0.6693, 0.2517 -1.1142 0.6693, 0.2548 -1.1138 0.6693, 0.2576 -1.1126 0.6693, 0.2601 -1.1107 0.6693, 0.2619 -1.1083 0.6693, 0.2631 -1.1054 0.6693, 1.5116 1.1142 0.6693, 1.523 1.1054 0.6693, 1.0667 -1.1024 0.6693, 1.5234 -1.1024 0.6693, 1.0667 -1.0748 0.6693, 1.5234 -0.5787 0.6693, 1.3265 -0.5787 0.6693, 1.0667 1.1024 0.6693, -0.1916 -1.1083 0.6693, -0.1897 -1.1107 0.6693, 1.0683 1.1083 0.6693, 1.0754 1.1138 0.6693, 1.0701 1.1107 0.6693, 1.0726 1.1126 0.6693, 1.0785 1.1142 0.6693, 1.0671 1.1054 0.6693, -0.1873 -1.1126 0.6693, -0.1844 -1.1138 0.6693, 1.5218 1.1083 0.6693, 1.5199 1.1107 0.6693, 1.0671 -1.1054 0.6693, 1.0754 -1.1138 0.6693, 1.0785 -1.1142 0.6693, 1.5116 -1.1142 0.6693, 1.5146 -1.1138 0.6693, 1.0683 -1.1083 0.6693, 1.0701 -1.1107 0.6693, 1.0726 -1.1126 0.6693, 1.5175 1.1126 0.6693, 1.5146 1.1138 0.6693, 1.5175 -1.1126 0.6693, 1.5199 -1.1107 0.6693, 1.5218 -1.1083 0.6693, 1.523 -1.1054 0.6693, 1.3344 0.7836 0.6569, 1.3344 0.7874 0.6554, 1.3344 0.8071 0.6614, 1.3344 0.7907 0.6529, 1.3344 0.7932 0.6496, 1.3344 0.7947 0.4172, 1.3344 0.7932 0.4134, 1.3344 0.8071 0.3977, 1.3344 0.7907 0.4101, 1.3344 0.7874 0.4076, 1.3344 -0.5474 0.406, 1.3344 -0.5512 0.4076, 1.3344 -0.5709 0.3977, 1.3344 -0.5544 0.4101, 1.3344 -0.5569 0.4134, 1.3344 0.7836 0.406, 1.3344 0.7795 0.4055, 1.3344 -0.5433 0.4055, 1.3344 -0.5585 0.6458, 1.3344 -0.5569 0.6496, 1.3344 -0.5709 0.6614, 1.3344 -0.5544 0.6529, 1.3344 -0.5512 0.6554, 1.3344 0.7947 0.6458, 1.3344 0.7953 0.6417, 1.3344 0.7953 0.4213, 1.3344 -0.5474 0.6569, 1.3344 -0.5433 0.6575, 1.3344 0.7795 0.6575, 1.3344 -0.5585 0.4172, 1.3344 -0.5591 0.4213, 1.3344 -0.5591 0.6417, 0.4722 -1.0827 0.316, 0.4706 -1.0827 0.3173, 0.4693 -1.0827 0.3189, 0.4685 -1.0827 0.3208, 0.2714 -1.0827 0.6614, 0.4683 -1.0827 0.3228, 0.4683 -1.0827 0.6614, 0.8617 -1.0827 0.3208, 0.8609 -1.0827 0.3189, 0.8596 -1.0827 0.3173, 0.858 -1.0827 0.316, 0.8561 -1.0827 0.3152, 0.8541 -1.0827 0.315, 0.4761 -1.0827 0.315, 0.4741 -1.0827 0.3152, 1.0588 -1.0827 0.6614, 0.862 -1.0827 0.6614, 0.862 -1.0827 0.3228, 0.2517 -1.122 0.6614, -0.1814 -1.122 0.6614, 1.5116 1.122 0.6614, 1.0785 1.122 0.6614, 1.5312 0.8071 0.3977, 1.5312 -0.5709 0.3977, -0.9884 0.2243 -0.0, -0.7882 0.2313 -0.0, -0.9884 -0.2559 -0.0, -0.7882 -0.2559 -0.0, -0.201 0.2518 0.5709, -0.201 -1.1024 0.6614, -0.201 1.1024 0.6614, -0.201 1.0236 0.0787, -0.201 0.8661 0.0394, -0.201 0.2518 0.0787, -0.201 0.5118 0.0394, -0.201 1.0236 0.5709, -0.201 -1.0236 0.5709, -0.201 -1.0236 0.0787, -0.201 -0.8661 0.0394, -0.201 -0.5118 0.0394, -0.201 -0.2559 0.0787, -0.201 -0.2559 0.0231, -0.201 0.2518 0.0231, -0.201 0.2518 0.0984, -0.201 -0.1378 0.0984, -0.201 -0.1378 0.5709, -0.201 -0.2559 0.5709, 1.0785 -1.122 0.6614, 1.5116 -1.122 0.6614, 1.5312 -0.5709 0.6614, 1.5312 -1.1024 0.6614, 1.5312 1.1024 0.6614, 1.5312 0.8071 0.6614, -0.1814 1.122 0.6614, 0.2517 1.122 0.6614, 1.3491 -0.0438 -0.0984, 1.3346 -0.0854 -0.0984, 1.3467 -0.0507 -0.0984, 1.3111 -0.1227 -0.0984, 1.3268 -0.0978 -0.0984, 1.28 -0.1539 -0.0984, 1.2955 -0.1383 -0.0984, 1.2426 -0.1774 -0.0984, 1.2551 -0.1695 -0.0984, 1.201 -0.1919 -0.0984, 1.208 -0.1895 -0.0984, 1.1134 -0.1919 -0.0984, 1.1572 -0.1969 -0.0984, 1.0345 -0.1539 -0.0984, 1.0594 -0.1695 -0.0984, 1.0718 -0.1774 -0.0984, 1.1065 -0.1895 -0.0984, 0.9799 -0.0854 -0.0984, 0.9877 -0.0978 -0.0984, 1.0033 -0.1227 -0.0984, 1.0189 -0.1383 -0.0984, 0.9653 -0.0438 -0.0984, 0.9677 -0.0507 -0.0984, 0.9653 0.0438 -0.0984, 0.9604 -0.0 -0.0984, 0.9799 0.0854 -0.0984, 0.9677 0.0507 -0.0984, 1.0345 0.1539 -0.0984, 1.0189 0.1383 -0.0984, 1.0033 0.1227 -0.0984, 0.9877 0.0978 -0.0984, 1.1134 0.1919 -0.0984, 1.1065 0.1895 -0.0984, 1.0718 0.1774 -0.0984, 1.0594 0.1695 -0.0984, 1.201 0.1919 -0.0984, 1.1572 0.1969 -0.0984, 1.2426 0.1774 -0.0984, 1.208 0.1895 -0.0984, 1.28 0.1539 -0.0984, 1.2551 0.1695 -0.0984, 1.3111 0.1227 -0.0984, 1.2955 0.1383 -0.0984, 1.3346 0.0854 -0.0984, 1.3268 0.0978 -0.0984, 1.3541 0.0 -0.0984, 1.3491 0.0438 -0.0984, 1.3467 0.0507 -0.0984, 1.0391 0.0 -0.1772, 1.0421 0.0263 -0.1772, 1.1572 0.0 -0.1772, 1.0649 -0.0736 -0.1772, 1.0508 -0.0512 -0.1772, 1.0421 -0.0263 -0.1772, 1.1309 -0.1151 -0.1772, 1.106 -0.1064 -0.1772, 1.0836 -0.0923 -0.1772, 1.2085 -0.1064 -0.1772, 1.1835 -0.1151 -0.1772, 1.1572 -0.1181 -0.1772, 1.2636 -0.0512 -0.1772, 1.2496 -0.0736 -0.1772, 1.2309 -0.0923 -0.1772, 1.2724 0.0263 -0.1772, 1.2753 0.0 -0.1772, 1.2724 -0.0263 -0.1772, 1.2309 0.0923 -0.1772, 1.2496 0.0736 -0.1772, 1.2636 0.0512 -0.1772, 1.1572 0.1181 -0.1772, 1.1835 0.1151 -0.1772, 1.2085 0.1064 -0.1772, 1.0836 0.0923 -0.1772, 1.106 0.1064 -0.1772, 1.1309 0.1151 -0.1772, 1.0508 0.0512 -0.1772, 1.0649 0.0736 -0.1772, 0.3649 -0.0438 -0.0984, 0.3503 -0.0854 -0.0984, 0.3625 -0.0507 -0.0984, 0.3269 -0.1227 -0.0984, 0.3425 -0.0978 -0.0984, 0.2957 -0.1539 -0.0984, 0.3113 -0.1383 -0.0984, 0.2584 -0.1774 -0.0984, 0.2708 -0.1695 -0.0984, 0.2168 -0.1919 -0.0984, 0.2237 -0.1895 -0.0984, 0.1292 -0.1919 -0.0984, 0.173 -0.1969 -0.0984, 0.0876 -0.1774 -0.0984, 0.1223 -0.1895 -0.0984, 0.0502 -0.1539 -0.0984, 0.0751 -0.1695 -0.0984, 0.0191 -0.1227 -0.0984, 0.0347 -0.1383 -0.0984, -0.0044 -0.0854 -0.0984, 0.0034 -0.0978 -0.0984, -0.0189 -0.0438 -0.0984, -0.0165 -0.0507 -0.0984, -0.0189 0.0438 -0.0984, -0.0239 -0.0 -0.0984, -0.0044 0.0854 -0.0984, -0.0165 0.0507 -0.0984, 0.0191 0.1227 -0.0984, 0.0034 0.0978 -0.0984, 0.0502 0.1539 -0.0984, 0.0347 0.1383 -0.0984, 0.0876 0.1774 -0.0984, 0.0751 0.1695 -0.0984, 0.1292 0.1919 -0.0984, 0.1223 0.1895 -0.0984, 0.2168 0.1919 -0.0984, 0.173 0.1969 -0.0984, 0.2584 0.1774 -0.0984, 0.2237 0.1895 -0.0984, 0.2957 0.1539 -0.0984, 0.2708 0.1695 -0.0984, 0.3269 0.1227 -0.0984, 0.3113 0.1383 -0.0984, 0.3503 0.0854 -0.0984, 0.3425 0.0978 -0.0984, 0.3698 0.0 -0.0984, 0.3649 0.0438 -0.0984, 0.3625 0.0507 -0.0984, 0.0549 0.0 -0.1772, 0.0578 0.0263 -0.1772, 0.173 0.0 -0.1772, 0.0806 -0.0736 -0.1772, 0.0666 -0.0512 -0.1772, 0.0578 -0.0263 -0.1772, 0.1467 -0.1151 -0.1772, 0.1217 -0.1064 -0.1772, 0.0993 -0.0923 -0.1772, 0.2242 -0.1064 -0.1772, 0.1993 -0.1151 -0.1772, 0.173 -0.1181 -0.1772, 0.2794 -0.0512 -0.1772, 0.2653 -0.0736 -0.1772, 0.2466 -0.0923 -0.1772, 0.2881 0.0263 -0.1772, 0.2911 0.0 -0.1772, 0.2881 -0.0263 -0.1772, 0.2466 0.0923 -0.1772, 0.2653 0.0736 -0.1772, 0.2794 0.0512 -0.1772, 0.173 0.1181 -0.1772, 0.1993 0.1151 -0.1772, 0.2242 0.1064 -0.1772, 0.0993 0.0923 -0.1772, 0.1217 0.1064 -0.1772, 0.1467 0.1151 -0.1772, 0.0666 0.0512 -0.1772, 0.0806 0.0736 -0.1772
            ]
        }
        coordIndex [
            0,1,2,-1,3,4,5,-1,5,4,6,-1,5,6,7,-1,8,9,10,-1,10,9,11,-1,12,13,14,-1,14,13,15,-1,16,17,18,-1,18,17,4,-1,18,4,19,-1,19,4,3,-1,19,3,20,-1,20,3,21,-1,15,22,14,-1,14,22,23,-1,14,23,18,-1,18,23,24,-1,18,24,16,-1,17,25,4,-1,4,25,26,-1,4,26,27,-1,28,29,10,-1,10,29,30,-1,10,30,8,-1,27,31,4,-1,4,31,32,-1,4,32,33,-1,33,32,34,-1,33,34,28,-1,28,34,35,-1,28,35,29,-1,36,37,38,-1,39,40,41,-1,37,42,38,-1,38,42,43,-1,38,43,41,-1,41,43,44,-1,41,44,39,-1,45,46,47,-1,47,46,48,-1,47,48,49,-1,40,50,41,-1,41,50,51,-1,41,51,52,-1,53,54,55,-1,55,54,56,-1,55,56,57,-1,57,56,46,-1,57,46,38,-1,38,46,45,-1,38,45,36,-1,58,59,60,-1,60,59,61,-1,60,61,62,-1,49,63,47,-1,47,63,64,-1,47,64,65,-1,65,64,59,-1,65,59,66,-1,66,59,58,-1,66,58,67,-1,67,58,68,-1,67,68,69,-1,70,71,72,-1,72,71,73,-1,72,73,68,-1,68,73,74,-1,68,74,69,-1,75,76,77,-1,77,76,78,-1,77,78,79,-1,79,78,80,-1,80,81,79,-1,79,81,82,-1,79,82,83,-1,83,82,84,-1,83,84,85,-1,86,87,88,-1,86,88,89,-1,90,91,92,-1,92,93,90,-1,90,93,94,-1,90,94,95,-1,96,97,98,-1,98,97,99,-1,98,99,100,-1,100,101,98,-1,98,101,102,-1,98,102,90,-1,90,102,103,-1,90,103,91,-1,104,105,106,-1,87,107,88,-1,88,107,108,-1,88,108,98,-1,98,108,109,-1,98,109,96,-1,110,111,112,-1,112,111,113,-1,112,113,114,-1,112,115,106,-1,106,115,116,-1,106,116,104,-1,114,117,112,-1,112,117,118,-1,112,118,115,-1,105,119,106,-1,106,119,120,-1,106,120,121,-1,101,110,102,-1,102,110,112,-1,102,112,72,-1,72,112,83,-1,72,83,70,-1,70,83,85,-1,122,123,124,-1,125,126,127,-1,128,129,130,-1,130,129,131,-1,130,131,123,-1,123,131,132,-1,123,132,124,-1,127,126,124,-1,124,126,133,-1,124,133,122,-1,134,135,136,-1,128,130,136,-1,136,130,137,-1,136,137,134,-1,138,139,140,-1,141,142,143,-1,143,142,125,-1,143,125,139,-1,144,145,146,-1,146,145,147,-1,147,148,149,-1,147,150,146,-1,146,150,151,-1,146,151,10,-1,10,151,152,-1,10,152,28,-1,153,154,147,-1,147,154,155,-1,147,155,150,-1,149,156,147,-1,147,156,157,-1,147,157,153,-1,148,147,158,-1,158,147,159,-1,158,159,160,-1,160,159,161,-1,160,161,162,-1,163,164,165,-1,165,164,166,-1,162,167,160,-1,160,167,166,-1,160,166,168,-1,168,166,164,-1,2,169,0,-1,0,169,144,-1,0,144,6,-1,6,144,146,-1,6,146,7,-1,7,146,10,-1,7,10,14,-1,14,10,11,-1,14,11,12,-1,170,171,88,-1,88,171,106,-1,88,106,89,-1,89,106,121,-1,95,172,90,-1,90,172,173,-1,90,173,174,-1,174,173,175,-1,174,175,176,-1,176,175,177,-1,176,177,178,-1,178,177,179,-1,177,180,179,-1,179,180,181,-1,179,181,182,-1,182,181,183,-1,140,184,185,-1,185,184,186,-1,185,186,187,-1,139,125,140,-1,140,125,127,-1,140,127,188,-1,188,189,140,-1,140,189,190,-1,140,190,184,-1,184,190,191,-1,184,191,192,-1,192,191,193,-1,192,193,194,-1,194,195,192,-1,192,195,196,-1,192,196,197,-1,198,199,192,-1,192,199,200,-1,201,202,203,-1,203,202,204,-1,200,205,192,-1,192,205,204,-1,192,204,206,-1,206,204,202,-1,197,207,192,-1,192,207,208,-1,192,208,198,-1,209,210,211,-1,211,210,212,-1,211,212,213,-1,214,215,216,-1,216,215,217,-1,216,217,218,-1,213,219,211,-1,211,219,220,-1,211,220,221,-1,221,220,222,-1,221,222,223,-1,222,224,223,-1,223,224,225,-1,223,225,216,-1,216,225,226,-1,216,226,214,-1,227,228,77,-1,77,228,229,-1,77,229,210,-1,218,230,216,-1,216,230,132,-1,216,132,231,-1,231,132,131,-1,231,131,209,-1,209,131,232,-1,209,232,210,-1,210,232,41,-1,210,41,77,-1,77,41,52,-1,77,52,75,-1,171,1,106,-1,106,1,0,-1,106,0,112,-1,112,0,6,-1,112,6,83,-1,83,6,4,-1,83,4,79,-1,79,4,33,-1,79,33,77,-1,77,33,185,-1,77,185,227,-1,227,185,187,-1,152,138,28,-1,28,138,140,-1,28,140,233,-1,233,234,28,-1,28,234,235,-1,28,235,33,-1,33,235,236,-1,33,236,185,-1,185,236,237,-1,185,237,140,-1,140,237,238,-1,140,238,233,-1,239,240,241,-1,241,240,235,-1,241,235,242,-1,242,235,234,-1,242,234,243,-1,243,234,244,-1,245,246,247,-1,248,249,250,-1,251,252,253,-1,253,252,254,-1,255,256,253,-1,253,256,257,-1,258,259,260,-1,261,262,263,-1,263,262,264,-1,263,264,257,-1,250,263,248,-1,248,263,257,-1,248,257,265,-1,265,257,256,-1,265,256,266,-1,266,256,267,-1,268,269,249,-1,249,269,270,-1,249,270,250,-1,268,271,269,-1,269,271,272,-1,269,272,273,-1,260,274,258,-1,258,274,275,-1,258,275,250,-1,250,275,276,-1,250,276,263,-1,262,277,264,-1,264,277,278,-1,264,278,279,-1,279,280,264,-1,264,280,281,-1,264,281,282,-1,283,247,284,-1,285,286,287,-1,287,286,288,-1,287,288,254,-1,254,288,289,-1,254,289,253,-1,253,289,245,-1,253,245,255,-1,255,245,247,-1,255,247,290,-1,290,247,283,-1,261,291,292,-1,293,294,295,-1,295,294,296,-1,283,297,290,-1,290,297,294,-1,290,294,298,-1,298,294,293,-1,292,299,261,-1,261,299,300,-1,261,300,262,-1,284,301,302,-1,303,304,285,-1,285,304,305,-1,285,305,286,-1,286,305,306,-1,286,306,307,-1,303,308,304,-1,304,308,309,-1,304,309,310,-1,302,311,284,-1,284,311,312,-1,284,312,283,-1,307,313,314,-1,314,315,307,-1,307,315,316,-1,307,316,286,-1,317,318,319,-1,319,318,320,-1,319,320,321,-1,322,323,324,-1,324,323,325,-1,324,325,326,-1,327,328,329,-1,329,328,330,-1,329,330,331,-1,326,332,324,-1,324,332,333,-1,324,333,329,-1,329,333,334,-1,329,334,327,-1,335,336,337,-1,337,336,338,-1,337,338,339,-1,321,340,319,-1,319,340,341,-1,319,341,324,-1,324,341,342,-1,324,342,322,-1,339,343,337,-1,337,343,344,-1,337,344,319,-1,319,344,345,-1,319,345,317,-1,331,346,329,-1,329,346,347,-1,329,347,337,-1,337,347,348,-1,337,348,335,-1,349,350,103,-1,350,351,103,-1,103,351,352,-1,103,352,353,-1,353,352,354,-1,353,354,355,-1,356,357,58,-1,357,358,58,-1,58,358,359,-1,58,359,68,-1,68,359,360,-1,68,360,72,-1,72,360,361,-1,72,361,102,-1,102,361,362,-1,102,362,103,-1,103,362,363,-1,103,363,349,-1,364,365,58,-1,58,365,366,-1,58,366,356,-1,173,367,175,-1,175,367,368,-1,175,368,177,-1,130,123,369,-1,369,123,370,-1,371,324,372,-1,372,324,329,-1,373,374,375,-1,375,374,376,-1,377,378,379,-1,162,161,380,-1,380,161,381,-1,380,381,382,-1,382,381,383,-1,162,380,379,-1,379,380,384,-1,379,384,377,-1,171,382,1,-1,1,382,383,-1,1,383,2,-1,378,385,178,-1,178,385,386,-1,176,178,387,-1,387,178,386,-1,387,386,388,-1,388,386,389,-1,388,389,170,-1,170,389,390,-1,170,390,171,-1,171,390,391,-1,171,391,382,-1,392,393,377,-1,377,393,394,-1,377,394,378,-1,378,394,395,-1,378,395,385,-1,48,46,396,-1,396,46,397,-1,398,399,372,-1,372,399,38,-1,372,38,371,-1,371,38,41,-1,371,41,232,-1,400,401,129,-1,129,401,371,-1,129,371,131,-1,131,371,232,-1,160,402,158,-1,158,402,403,-1,158,403,148,-1,44,43,404,-1,42,405,43,-1,43,405,406,-1,43,406,404,-1,37,407,42,-1,42,407,408,-1,42,408,405,-1,36,409,37,-1,37,409,410,-1,37,410,407,-1,45,411,36,-1,36,411,412,-1,36,412,409,-1,47,413,45,-1,45,413,414,-1,45,414,411,-1,65,415,47,-1,47,415,416,-1,47,416,413,-1,69,417,67,-1,67,417,418,-1,67,418,66,-1,66,418,419,-1,66,419,65,-1,65,419,420,-1,65,420,415,-1,71,421,73,-1,73,421,422,-1,73,422,74,-1,74,422,423,-1,74,423,69,-1,69,423,424,-1,69,424,417,-1,70,425,71,-1,71,425,426,-1,71,426,421,-1,85,427,70,-1,70,427,428,-1,70,428,425,-1,84,429,85,-1,85,429,430,-1,85,430,427,-1,80,431,81,-1,81,431,432,-1,81,432,82,-1,82,432,433,-1,82,433,84,-1,84,433,434,-1,84,434,429,-1,75,435,76,-1,76,435,436,-1,76,436,78,-1,78,436,437,-1,78,437,80,-1,80,437,438,-1,80,438,431,-1,52,439,75,-1,75,439,440,-1,75,440,435,-1,51,441,52,-1,52,441,442,-1,52,442,439,-1,50,443,51,-1,51,443,444,-1,51,444,441,-1,40,445,50,-1,50,445,446,-1,50,446,443,-1,39,447,40,-1,40,447,448,-1,40,448,445,-1,404,449,44,-1,44,449,450,-1,44,450,39,-1,39,450,451,-1,39,451,447,-1,452,453,454,-1,455,456,454,-1,454,456,457,-1,454,457,452,-1,458,459,454,-1,454,459,460,-1,454,460,455,-1,461,462,454,-1,454,462,463,-1,454,463,458,-1,464,465,454,-1,454,465,466,-1,454,466,461,-1,467,468,454,-1,454,468,469,-1,454,469,464,-1,470,471,454,-1,454,471,472,-1,454,472,467,-1,473,474,454,-1,454,474,475,-1,454,475,470,-1,476,477,454,-1,454,477,478,-1,454,478,473,-1,453,479,454,-1,454,479,480,-1,454,480,476,-1,111,110,481,-1,101,482,110,-1,110,482,483,-1,110,483,481,-1,100,484,101,-1,101,484,485,-1,101,485,482,-1,99,486,100,-1,100,486,487,-1,100,487,484,-1,97,488,99,-1,99,488,489,-1,99,489,486,-1,96,490,97,-1,97,490,491,-1,97,491,488,-1,109,492,96,-1,96,492,493,-1,96,493,490,-1,108,494,109,-1,109,494,495,-1,109,495,492,-1,107,496,108,-1,108,496,497,-1,108,497,494,-1,87,498,107,-1,107,498,499,-1,107,499,496,-1,86,500,87,-1,87,500,501,-1,87,501,498,-1,89,502,86,-1,86,502,503,-1,86,503,500,-1,121,504,89,-1,89,504,505,-1,89,505,502,-1,120,506,121,-1,121,506,507,-1,121,507,504,-1,119,508,120,-1,120,508,509,-1,120,509,506,-1,105,510,119,-1,119,510,511,-1,119,511,508,-1,104,512,105,-1,105,512,513,-1,105,513,510,-1,116,514,104,-1,104,514,515,-1,104,515,512,-1,115,516,116,-1,116,516,517,-1,116,517,514,-1,118,518,115,-1,115,518,519,-1,115,519,516,-1,117,520,118,-1,118,520,521,-1,118,521,518,-1,114,522,117,-1,117,522,523,-1,117,523,520,-1,113,524,114,-1,114,524,525,-1,114,525,522,-1,481,526,111,-1,111,526,527,-1,111,527,113,-1,113,527,528,-1,113,528,524,-1,529,530,531,-1,532,533,531,-1,531,533,534,-1,531,534,529,-1,535,536,531,-1,531,536,537,-1,531,537,532,-1,538,539,531,-1,531,539,540,-1,531,540,535,-1,541,542,531,-1,531,542,543,-1,531,543,538,-1,544,545,531,-1,531,545,546,-1,531,546,541,-1,547,548,531,-1,531,548,549,-1,531,549,544,-1,550,551,531,-1,531,551,552,-1,531,552,547,-1,553,554,531,-1,531,554,555,-1,531,555,550,-1,530,556,531,-1,531,556,557,-1,531,557,553,-1,
        ]
    }
}
Shape{
    appearance Appearance {
        material  Material 	{
            diffuseColor 0.25098039215686274 0.25098039215686274 0.25098039215686274
            specularColor 0.12549019607843137 0.12549019607843137 0.12549019607843137
            ambientIntensity 0.251
            transparency 0.0
            shininess 0.5
        }
    }
    geometry IndexedFaceSet {
        ccw TRUE
        solid FALSE
        coord DEF co Coordinate {
            point [
                1.3423 0.7874 0.4213, 1.3423 0.7874 0.6417, 1.5312 0.7874 0.4213, 1.5312 0.7874 0.6417, 1.5436 0.7822 0.4213, 1.6149 0.751 0.6417, 1.8906 0.6135 0.4213, 1.8133 0.6549 0.4213, 1.8133 0.6548 0.6417, 1.7845 0.6703 0.4213, 1.7529 0.6863 0.6417, 1.7641 0.6807 0.4213, 1.6442 0.7382 0.6417, 1.655 0.7333 0.4213, 1.6148 0.7509 0.4213, 1.8595 0.6307 0.6417, 1.964 0.5714 0.6417, 1.9946 0.5531 0.4213, 1.9946 0.5531 0.6417, 2.0047 0.5468 0.4213, 2.0047 0.5467 0.6417, 2.0249 0.5345 0.4213, 2.0963 0.4889 0.6417, 2.1259 0.4693 0.4213, 2.1888 0.4255 0.4213, 2.3661 0.2927 0.6417, 2.3661 0.2927 0.4213, 2.3116 0.3357 0.6417, 2.3209 0.3284 0.4213, 2.2144 0.4079 0.6417, 2.2245 0.4007 0.4213, 2.1958 0.4212 0.6417, 2.189 0.4258 0.6417, 2.3028 0.0411 0.4213, 2.3859 0.1937 0.4213, 2.3028 0.0411 0.6417, 2.3859 0.1937 0.6417, 2.2336 0.0 0.6417, 1.6297 0.0 0.6417, 2.2336 0.0 0.4213, 1.6297 0.0 0.6411, 1.6297 0.0 0.6262, 1.6297 0.0 0.4367, 1.6297 0.0 0.4218, 1.6297 0.0 0.4213, 2.0246 0.1607 0.4213, 2.0128 0.1892 0.4213, 2.1269 0.2197 0.4213, 2.0088 0.2197 0.4213, 2.0128 0.2503 0.4213, 2.0963 0.1057 0.4213, 2.0679 0.1175 0.4213, 2.0434 0.1362 0.4213, 2.186 0.1175 0.4213, 2.1575 0.1057 0.4213, 2.1269 0.1016 0.4213, 2.241 0.1892 0.4213, 2.2292 0.1607 0.4213, 2.2104 0.1362 0.4213, 2.2292 0.2788 0.4213, 2.241 0.2503 0.4213, 2.245 0.2197 0.4213, 2.1575 0.3338 0.4213, 2.186 0.322 0.4213, 2.2104 0.3033 0.4213, 2.0679 0.322 0.4213, 2.0963 0.3338 0.4213, 2.1269 0.3379 0.4213, 2.0246 0.2788 0.4213, 2.0434 0.3033 0.4213
            ]
        }
        coordIndex [
            0,1,2,-1,2,1,3,-1,2,3,4,-1,4,3,5,-1,6,7,8,-1,8,7,9,-1,8,9,10,-1,10,9,11,-1,10,11,12,-1,12,11,13,-1,12,13,5,-1,5,13,14,-1,5,14,4,-1,8,15,6,-1,6,15,16,-1,6,16,17,-1,17,16,18,-1,17,18,19,-1,19,18,20,-1,19,20,21,-1,21,20,22,-1,21,22,23,-1,23,22,24,-1,25,26,27,-1,27,26,28,-1,27,28,29,-1,29,28,30,-1,29,30,31,-1,31,30,24,-1,31,24,32,-1,32,24,22,-1,33,34,35,-1,35,34,36,-1,37,38,39,-1,39,38,40,-1,39,40,41,-1,41,42,39,-1,39,42,43,-1,39,43,44,-1,45,46,47,-1,47,46,48,-1,47,48,49,-1,50,51,47,-1,47,51,52,-1,47,52,45,-1,53,54,47,-1,47,54,55,-1,47,55,50,-1,56,57,47,-1,47,57,58,-1,47,58,53,-1,59,60,47,-1,47,60,61,-1,47,61,56,-1,62,63,47,-1,47,63,64,-1,47,64,59,-1,65,66,47,-1,47,66,67,-1,47,67,62,-1,49,68,47,-1,47,68,69,-1,47,69,65,-1,
        ]
    }
}
Shape{
    appearance Appearance {
        material  Material 	{
            diffuseColor 0.5019607843137255 0.5019607843137255 0.5019607843137255
            specularColor 0.25098039215686274 0.25098039215686274 0.25098039215686274
            ambientIntensity 0.502
            transparency 0.0
            shininess 0.5
        }
    }
    geometry IndexedFaceSet {
        ccw TRUE
        solid FALSE
        coord DEF co Coordinate {
            point [
                -0.2018 -0.2559 0.0307, -0.201 -0.2559 0.0231, -0.201 -0.2559 0.0787, -0.9884 -0.2559 0.5709, -0.201 -0.2559 0.5709, -0.0947 -0.2559 0.0787, -0.0947 -0.2559 0.5709, -0.204 -0.2559 0.0381, -0.7604 -0.2559 0.0115, -0.7047 -0.2559 0.0672, -0.6965 -0.2559 0.0735, -0.687 -0.2559 0.0774, -0.6769 -0.2559 0.0787, -0.9884 -0.2559 -0.0, -0.7882 -0.2559 -0.0, -0.2567 -0.2559 0.0787, -0.2465 -0.2559 0.0774, -0.237 -0.2559 0.0735, -0.2289 -0.2559 0.0672, -0.2126 -0.2559 0.0509, -0.2077 -0.2559 0.0449, -0.778 -0.2559 0.0013, -0.7685 -0.2559 0.0053, -1.0081 -0.1378 0.5709, -1.0081 -0.2362 0.5709, -0.201 -0.1378 0.5709, -1.0055 -0.2461 0.5709, -1.0024 -0.2501 0.5709, -0.9983 -0.2533 0.5709, -1.0075 -0.2413 0.5709, -0.9935 -0.2552 0.5709, -1.0081 0.2046 0.0984, -1.0081 0.2046 0.0197, -1.0081 -0.1378 0.0984, -1.0081 -0.2362 0.0197, -0.2567 0.2498 0.0787, -0.6769 0.2352 0.0787, -0.201 -0.1378 0.0984, -0.201 0.2518 0.0984, -0.9891 0.2243 0.0984, -0.9941 0.2234 0.0984, -1.0075 0.2096 0.0984, -0.9987 0.2214 0.0984, -1.0026 0.2183 0.0984, -1.0056 0.2142 0.0984
            ]
        }
        coordIndex [
            0,1,2,-1,3,2,4,-1,4,2,5,-1,4,5,6,-1,0,2,7,-1,8,9,3,-1,9,10,3,-1,3,10,11,-1,3,11,12,-1,3,13,14,-1,12,15,3,-1,3,15,16,-1,3,16,2,-1,2,16,17,-1,2,17,18,-1,18,19,2,-1,2,19,20,-1,2,20,7,-1,14,21,3,-1,3,21,22,-1,3,22,8,-1,23,24,25,-1,25,24,3,-1,25,3,4,-1,26,27,28,-1,24,29,3,-1,3,29,26,-1,3,26,30,-1,30,26,28,-1,31,32,33,-1,33,32,34,-1,33,34,23,-1,23,34,24,-1,15,12,35,-1,35,12,36,-1,25,37,23,-1,23,37,33,-1,37,38,33,-1,33,38,39,-1,40,41,39,-1,39,41,31,-1,39,31,33,-1,40,42,41,-1,41,42,43,-1,41,43,44,-1,
        ]
    }
}
Shape{
    appearance Appearance {
        material  Material 	{
            diffuseColor 0.25098039215686274 0.25098039215686274 0.25098039215686274
            specularColor 0.12549019607843137 0.12549019607843137 0.12549019607843137
            ambientIntensity 0.251
            transparency 0.0
            shininess 0.5
        }
    }
    geometry IndexedFaceSet {
        ccw TRUE
        solid FALSE
        coord DEF co Coordinate {
            point [
                1.5706 -0.4921 0.4213, 1.5706 -0.0591 0.4213, 1.5706 -0.4921 0.6417, 1.5706 -0.0591 0.4218, 1.5706 -0.0591 0.4367, 1.5706 -0.0591 0.6262, 1.5706 -0.0591 0.6417, 1.5116 -0.5512 0.6417, 1.3423 -0.5512 0.6417, 1.5116 -0.5512 0.4213, 1.3423 -0.5512 0.4213
            ]
        }
        coordIndex [
            0,1,2,-1,2,1,3,-1,3,4,2,-1,2,4,5,-1,2,5,6,-1,7,8,9,-1,9,8,10,-1,
        ]
    }
}
Shape{
    appearance Appearance {
        material  Material 	{
            diffuseColor 0.5019607843137255 0.5019607843137255 0.5019607843137255
            specularColor 0.25098039215686274 0.25098039215686274 0.25098039215686274
            ambientIntensity 0.502
            transparency 0.0
            shininess 0.5
        }
    }
    geometry IndexedFaceSet {
        ccw TRUE
        solid FALSE
        coord DEF co Coordinate {
            point [
                1.3344 0.8071 0.6614, 1.3344 0.8071 0.3977, 1.5312 0.8071 0.6614, 1.5312 0.8071 0.3977, 1.5312 -0.5709 0.6614, 1.5312 -0.5709 0.3977, 1.3344 -0.5709 0.6614, 1.3344 -0.5709 0.3977, -0.0947 0.2555 0.5709, -0.201 0.2518 0.5709, -0.0947 1.0236 0.5709, -0.201 1.0236 0.5709, -0.0947 1.0236 0.0787, -0.201 1.0236 0.0787, -0.0947 0.2555 0.0787, -0.201 0.2518 0.0787
            ]
        }
        coordIndex [
            0,1,2,-1,2,1,3,-1,4,5,6,-1,6,5,7,-1,8,9,10,-1,10,9,11,-1,12,13,14,-1,14,13,15,-1,10,11,12,-1,12,11,13,-1,
        ]
    }
}
Shape{
    appearance Appearance {
        material  Material 	{
            diffuseColor 1.0 1.0 1.0
            specularColor 0.5019607843137255 0.5019607843137255 0.5019607843137255
            ambientIntensity 1.0
            transparency 0.0
            shininess 0.5
        }
    }
    geometry IndexedFaceSet {
        ccw TRUE
        solid FALSE
        coord DEF co Coordinate {
            point [
                -0.0829 0.2673 0.5591, -0.0829 1.0118 0.5591, -0.0829 0.2673 0.0905, -0.0829 1.0118 0.0905
            ]
        }
        coordIndex [
            0,1,2,-1,2,1,3,-1,
        ]
    }
}
Shape{
    appearance Appearance {
        material  Material 	{
            diffuseColor 0.5019607843137255 0.5019607843137255 0.5019607843137255
            specularColor 0.25098039215686274 0.25098039215686274 0.25098039215686274
            ambientIntensity 0.502
            transparency 0.0
            shininess 0.5
        }
    }
    geometry IndexedFaceSet {
        ccw TRUE
        solid FALSE
        coord DEF co Coordinate {
            point [
                -0.0947 -1.0236 0.5709, -0.201 -1.0236 0.5709, -0.0947 -0.2559 0.5709, -0.201 -0.2559 0.5709, -0.0947 -1.0236 0.0787, -0.201 -1.0236 0.0787, -0.0947 -0.2559 0.0787, -0.201 -0.2559 0.0787
            ]
        }
        coordIndex [
            0,1,2,-1,2,1,3,-1,4,5,0,-1,0,5,1,-1,6,7,4,-1,4,7,5,-1,
        ]
    }
}
Shape{
    appearance Appearance {
        material  Material 	{
            diffuseColor 1.0 1.0 1.0
            specularColor 0.5019607843137255 0.5019607843137255 0.5019607843137255
            ambientIntensity 1.0
            transparency 0.0
            shininess 0.5
        }
    }
    geometry IndexedFaceSet {
        ccw TRUE
        solid FALSE
        coord DEF co Coordinate {
            point [
                -0.0829 -1.0118 0.5591, -0.0829 -0.2677 0.5591, -0.0829 -1.0118 0.0905, -0.0829 -0.2677 0.0905
            ]
        }
        coordIndex [
            0,1,2,-1,2,1,3,-1,
        ]
    }
}
Shape{
    appearance Appearance {
        material  Material 	{
            diffuseColor 0.5019607843137255 0.5019607843137255 0.5019607843137255
            specularColor 0.25098039215686274 0.25098039215686274 0.25098039215686274
            ambientIntensity 0.502
            transparency 0.0
            shininess 0.5
        }
    }
    geometry IndexedFaceSet {
        ccw TRUE
        solid FALSE
        coord DEF co Coordinate {
            point [
                -0.9884 0.2243 -0.0, -0.9891 0.2243 0.0, -0.9891 0.2243 0.0984, -0.0943 0.2555 0.5709, -0.0943 0.2555 0.0787, -0.0947 0.2555 0.5709, -0.0947 0.2555 0.0787, -0.201 0.2518 0.5709, -0.6769 0.2352 0.0787, -0.687 0.2348 0.0774, -0.7882 0.2313 -0.0, -0.201 0.2518 0.0231, -0.2018 0.2518 0.0307, -0.201 0.2518 0.0787, -0.204 0.2517 0.0381, -0.2077 0.2515 0.0449, -0.237 0.2505 0.0735, -0.2465 0.2502 0.0774, -0.2567 0.2498 0.0787, -0.6965 0.2345 0.0735, -0.7047 0.2342 0.0672, -0.7604 0.2322 0.0115, -0.778 0.2316 0.0013, -0.7685 0.232 0.0053, -0.2126 0.2514 0.0509, -0.2289 0.2508 0.0672, -0.201 0.2518 0.0984, -0.7604 -0.2559 0.0115, -0.7047 -0.2559 0.0672, 0.0352 -0.8661 0.0394, 0.0352 -0.8661 -0.0, -0.201 -0.8661 0.0394, -0.1125 -0.8661 -0.0, -0.201 -0.8661 -0.0, 0.0352 -0.5118 -0.0, 0.0352 -0.5118 0.0394, -0.1125 -0.5118 -0.0, -0.201 -0.5118 0.0394, -0.201 -0.5118 -0.0, 0.0352 0.8661 0.0394, 0.0352 0.5118 0.0394, -0.201 0.8661 0.0394, -0.201 0.5118 0.0394, 0.0352 0.5118 -0.0, -0.1125 0.5118 -0.0, -0.201 0.5118 -0.0, 0.0352 0.8661 -0.0, -0.1125 0.8661 -0.0, -0.201 0.8661 -0.0, 0.0352 0.5853 -0.0, 1.0588 1.1024 -0.0, 1.0588 1.0827 -0.0, 1.0588 1.1024 0.6614, 1.0588 1.0827 0.6614, 0.2714 1.0827 0.6614, 0.4683 1.0827 0.6614, 0.2714 1.0827 -0.0, 0.4683 1.0827 0.3228, 0.4685 1.0827 0.3208, 0.4693 1.0827 0.3189, 0.4706 1.0827 0.3173, 0.8609 1.0827 0.3189, 0.8617 1.0827 0.3208, 0.862 1.0827 0.3228, 0.862 1.0827 0.6614, 0.4722 1.0827 0.316, 0.4741 1.0827 0.3152, 0.6142 1.0827 -0.0, 0.4761 1.0827 0.315, 0.9479 1.0827 -0.0, 0.8541 1.0827 0.315, 0.8561 1.0827 0.3152, 1.0065 1.0827 -0.0, 0.858 1.0827 0.316, 0.8596 1.0827 0.3173, 0.2714 1.1024 0.6614, 0.2714 1.1024 -0.0, 0.2714 -1.1024 -0.0, 0.2714 -1.0827 -0.0, 0.2714 -1.1024 0.6614, 0.2714 -1.0827 0.6614, 1.0588 -1.1024 0.6614, 1.0588 -1.0827 0.6614, 1.0588 -1.1024 -0.0, 1.0588 -1.0827 -0.0, 0.4683 -1.1535 0.4116, 0.4683 -1.0827 0.3228, 0.4683 -1.1535 0.3543, 0.4683 -1.122 0.3228, 0.4683 -1.1525 0.3462, 0.4683 -1.1378 0.327, 0.4683 -1.1443 0.3321, 0.4683 -1.1493 0.3386, 0.4683 -1.1521 0.4452, 0.4683 -1.1477 0.4786, 0.4683 -1.0827 0.6614, 0.4683 -1.1172 0.6517, 0.4683 -1.1055 0.6614, 0.4683 -1.1302 0.3239, 0.4683 -1.1164 0.6543, 0.4683 -1.115 0.6567, 0.4683 -1.1083 0.6611, 0.4683 -1.1131 0.6586, 0.4683 -1.1108 0.6602, 0.8541 -1.122 0.315, 0.4761 -1.122 0.315, 0.8541 -1.0827 0.315, 0.4761 -1.0827 0.315, 0.862 -1.1521 0.4452, 0.862 -1.1535 0.4116, 0.862 -1.0827 0.3228, 0.862 -1.1535 0.3543, 0.862 -1.122 0.3228, 0.862 -1.0827 0.6614, 0.862 -1.1172 0.6517, 0.862 -1.1477 0.4786, 0.862 -1.1055 0.6614, 0.862 -1.1083 0.6611, 0.862 -1.1108 0.6602, 0.862 -1.1525 0.3462, 0.862 -1.1493 0.3386, 0.862 -1.1302 0.3239, 0.862 -1.1443 0.3321, 0.862 -1.1378 0.327, 0.862 -1.1131 0.6586, 0.862 -1.115 0.6567, 0.862 -1.1164 0.6543, 0.8541 -1.1614 0.4116, 0.4761 -1.1614 0.4116, 0.8541 -1.1614 0.3543, 0.4761 -1.1614 0.3543, 0.8541 -1.1249 0.653, 0.4761 -1.1249 0.653, 0.8541 -1.1554 0.4799, 0.4761 -1.1554 0.4799, 0.4683 1.1477 0.4786, 0.4683 1.1521 0.4452, 0.4683 1.1172 0.6517, 0.4683 1.1055 0.6614, 0.4683 1.1535 0.4116, 0.4683 1.1535 0.3543, 0.4683 1.122 0.3228, 0.4683 1.1525 0.3462, 0.4683 1.1493 0.3386, 0.4683 1.1443 0.3321, 0.4683 1.1302 0.3239, 0.4683 1.1378 0.327, 0.4683 1.1108 0.6602, 0.4683 1.1131 0.6586, 0.4683 1.1083 0.6611, 0.4683 1.115 0.6567, 0.4683 1.1164 0.6543, 0.862 1.1535 0.4116, 0.862 1.1535 0.3543, 0.862 1.122 0.3228, 0.862 1.1521 0.4452, 0.862 1.1477 0.4786, 0.862 1.1172 0.6517, 0.862 1.1055 0.6614, 0.862 1.1378 0.327, 0.862 1.1443 0.3321, 0.862 1.1302 0.3239, 0.862 1.1493 0.3386, 0.862 1.1525 0.3462, 0.862 1.1164 0.6543, 0.862 1.115 0.6567, 0.862 1.1083 0.6611, 0.862 1.1131 0.6586, 0.862 1.1108 0.6602, 0.4761 1.122 0.315, 0.8541 1.122 0.315, 0.4761 1.1614 0.4116, 0.8541 1.1614 0.4116, 0.4761 1.1614 0.3543, 0.8541 1.1614 0.3543, 0.4761 1.1249 0.653, 0.8541 1.1249 0.653, 0.4761 1.1554 0.4799, 0.8541 1.1554 0.4799, 0.4761 -1.1601 0.3441, 0.8541 -1.1601 0.3441, 0.4761 -1.1561 0.3346, 0.8541 -1.1561 0.3346, 0.4761 -1.1499 0.3265, 0.8541 -1.1499 0.3265, 0.4761 -1.1417 0.3202, 0.8541 -1.1417 0.3202, 0.4761 -1.1322 0.3163, 0.8541 -1.1322 0.3163, 0.8541 1.1601 0.3441, 0.4761 1.1601 0.3441, 0.8541 1.1561 0.3346, 0.4761 1.1561 0.3346, 0.8541 1.1499 0.3265, 0.4761 1.1499 0.3265, 0.8541 1.1417 0.3202, 0.4761 1.1417 0.3202, 0.8541 1.1322 0.3163, 0.4761 1.1322 0.3163, 0.4761 1.1599 0.4459, 0.8541 1.1599 0.4459, 0.4761 -1.1599 0.4459, 0.8541 -1.1599 0.4459, 0.8541 -1.1055 0.6693, 0.4761 -1.1055 0.6693, 0.4761 -1.1101 0.6688, 0.8541 -1.1101 0.6688, 0.4761 -1.1144 0.6672, 0.8541 -1.1144 0.6672, 0.4761 -1.1182 0.6647, 0.8541 -1.1182 0.6647, 0.4761 -1.1213 0.6614, 0.8541 -1.1213 0.6614, 0.4761 -1.1236 0.6574, 0.8541 -1.1236 0.6574, 0.4761 1.1055 0.6693, 0.8541 1.1055 0.6693, 0.8541 1.1101 0.6688, 0.4761 1.1101 0.6688, 0.8541 1.1144 0.6672, 0.4761 1.1144 0.6672, 0.8541 1.1182 0.6647, 0.4761 1.1182 0.6647, 0.8541 1.1213 0.6614, 0.4761 1.1213 0.6614, 0.8541 1.1236 0.6574, 0.4761 1.1236 0.6574
            ]
        }
        coordIndex [
            0,1,2,-1,3,4,5,-1,5,4,6,-1,5,6,7,-1,8,9,2,-1,0,2,10,-1,11,12,13,-1,13,12,14,-1,13,14,15,-1,16,17,13,-1,13,17,18,-1,9,19,2,-1,2,19,20,-1,2,20,10,-1,10,20,21,-1,10,21,22,-1,22,21,23,-1,15,24,13,-1,13,24,25,-1,13,25,16,-1,7,6,26,-1,26,6,13,-1,26,13,2,-1,2,13,18,-1,2,18,8,-1,21,20,27,-1,27,20,28,-1,29,30,31,-1,31,30,32,-1,31,32,33,-1,34,35,36,-1,36,35,37,-1,36,37,38,-1,35,29,37,-1,37,29,31,-1,35,34,29,-1,29,34,30,-1,39,40,41,-1,41,40,42,-1,40,43,42,-1,42,43,44,-1,42,44,45,-1,46,39,47,-1,47,39,41,-1,47,41,48,-1,39,46,40,-1,40,46,49,-1,40,49,43,-1,50,51,52,-1,52,51,53,-1,54,55,56,-1,56,55,57,-1,57,58,56,-1,56,58,59,-1,56,59,60,-1,51,61,62,-1,51,62,53,-1,53,62,63,-1,53,63,64,-1,60,65,56,-1,56,65,66,-1,56,66,67,-1,67,66,68,-1,67,68,69,-1,68,70,69,-1,69,70,71,-1,69,71,72,-1,72,71,73,-1,72,73,51,-1,51,73,74,-1,51,74,61,-1,75,54,76,-1,76,54,56,-1,77,78,79,-1,79,78,80,-1,81,82,83,-1,83,82,84,-1,85,86,87,-1,87,86,88,-1,87,88,89,-1,90,91,92,-1,85,93,86,-1,86,93,94,-1,86,94,95,-1,95,94,96,-1,95,96,97,-1,89,88,92,-1,92,88,98,-1,92,98,90,-1,96,99,97,-1,97,99,100,-1,97,100,101,-1,101,100,102,-1,101,102,103,-1,104,105,106,-1,106,105,107,-1,108,109,110,-1,110,109,111,-1,110,111,112,-1,113,114,110,-1,110,114,115,-1,110,115,108,-1,113,116,114,-1,114,116,117,-1,114,117,118,-1,111,119,112,-1,112,119,120,-1,112,120,121,-1,121,120,122,-1,121,122,123,-1,118,124,114,-1,114,124,125,-1,114,125,126,-1,127,128,129,-1,129,128,130,-1,131,132,133,-1,133,132,134,-1,57,135,136,-1,135,57,137,-1,137,57,55,-1,137,55,138,-1,136,139,57,-1,57,139,140,-1,57,140,141,-1,141,140,142,-1,142,143,141,-1,141,143,144,-1,141,144,145,-1,145,144,146,-1,147,148,149,-1,149,148,150,-1,149,150,138,-1,138,150,151,-1,138,151,137,-1,152,63,153,-1,153,63,154,-1,152,155,63,-1,63,155,156,-1,63,156,64,-1,64,156,157,-1,64,157,158,-1,159,160,161,-1,161,160,162,-1,161,162,154,-1,154,162,163,-1,154,163,153,-1,157,164,158,-1,158,164,165,-1,158,165,166,-1,166,165,167,-1,166,167,168,-1,169,170,68,-1,68,170,70,-1,171,172,173,-1,173,172,174,-1,175,176,177,-1,177,176,178,-1,129,130,179,-1,129,179,180,-1,180,179,181,-1,180,181,182,-1,182,181,183,-1,182,183,184,-1,184,183,185,-1,184,185,186,-1,186,185,187,-1,186,187,188,-1,188,187,105,-1,188,105,104,-1,173,174,189,-1,173,189,190,-1,190,189,191,-1,190,191,192,-1,192,191,193,-1,192,193,194,-1,194,193,195,-1,194,195,196,-1,196,195,197,-1,196,197,198,-1,198,197,170,-1,198,170,169,-1,177,178,199,-1,199,178,200,-1,199,200,171,-1,171,200,172,-1,128,127,201,-1,201,127,202,-1,201,202,134,-1,134,202,133,-1,203,204,205,-1,203,205,206,-1,206,205,207,-1,206,207,208,-1,208,207,209,-1,208,209,210,-1,210,209,211,-1,210,211,212,-1,212,211,213,-1,212,213,214,-1,214,213,132,-1,214,132,131,-1,215,216,217,-1,215,217,218,-1,218,217,219,-1,218,219,220,-1,220,219,221,-1,220,221,222,-1,222,221,223,-1,222,223,224,-1,224,223,225,-1,224,225,226,-1,226,225,176,-1,226,176,175,-1,
        ]
    }
}
Shape{
    appearance Appearance {
        material  Material 	{
            diffuseColor 0.25098039215686274 0.25098039215686274 0.25098039215686274
            specularColor 0.12549019607843137 0.12549019607843137 0.12549019607843137
            ambientIntensity 0.251
            transparency 0.0
            shininess 0.5
        }
    }
    geometry IndexedFaceSet {
        ccw TRUE
        solid FALSE
        coord DEF co Coordinate {
            point [
                1.564 -0.3009 0.4137, 1.5641 -0.4921 0.4136, 1.5627 -0.4921 0.4134, 1.5693 -0.0491 0.4169, 1.5696 -0.0512 0.4178, 1.5699 -0.4921 0.4181, 1.5697 -0.052 0.4182, 1.5703 -0.4921 0.4192, 1.57 -0.0541 0.4191, 1.5704 -0.4921 0.4199, 1.5702 -0.0562 0.42, 1.5706 -0.4921 0.4213, 1.5703 -0.0565 0.4202, 1.5706 -0.0591 0.4213, 1.5683 -0.4921 0.4157, 1.5674 -0.0321 0.4153, 1.5677 -0.0352 0.4156, 1.5692 -0.0478 0.4168, 1.5696 -0.4921 0.4173, 1.5688 -0.045 0.4165, 1.5689 -0.4921 0.4165, 1.5687 -0.0438 0.4164, 1.5682 -0.0396 0.416, 1.5675 -0.4921 0.4151, 1.5667 -0.4921 0.4144, 1.5668 -0.0267 0.4148, 1.5659 -0.4921 0.4141, 1.5659 -0.0192 0.4141, 1.5659 -0.0204 0.4141, 1.5648 -0.4921 0.4136, 2.2336 0.0079 0.4134, 2.2336 0.0066 0.4136, 1.9733 0.0066 0.4137, 2.2336 0.0058 0.4136, 2.2336 0.0047 0.4141, 1.5973 0.0038 0.4148, 1.5898 0.0047 0.4141, 1.5915 0.0047 0.4141, 1.6144 0.0019 0.4165, 1.6102 0.0024 0.416, 2.2336 0.0031 0.4151, 1.6154 0.0018 0.4165, 1.6058 0.0029 0.4156, 1.6026 0.0032 0.4153, 2.2336 0.0039 0.4144, 1.6219 0.001 0.4177, 1.6204 0.0012 0.417, 2.2336 0.0017 0.4165, 1.6229 0.0009 0.4182, 2.2336 0.0023 0.4157, 1.6184 0.0014 0.4168, 2.2336 0.0002 0.4199, 2.2336 0.0 0.4213, 1.6297 0.0 0.4213, 2.2336 0.0011 0.4173, 2.2336 0.0007 0.4181, 1.6247 0.0006 0.419, 2.2336 0.0003 0.4192, 1.6269 0.0004 0.42, 1.6272 0.0003 0.4201, 1.9733 0.0066 0.6493, 2.2336 0.0066 0.6494, 2.2336 0.0079 0.6496, 1.6272 0.0003 0.6428, 1.6297 0.0 0.6417, 2.2336 0.0 0.6417, 1.6268 0.0004 0.643, 2.2336 0.0002 0.643, 1.6247 0.0006 0.6439, 2.2336 0.0003 0.6438, 1.6226 0.0009 0.6448, 2.2336 0.0007 0.6449, 1.6218 0.001 0.6452, 1.6102 0.0024 0.647, 2.2336 0.0017 0.6465, 1.6058 0.0029 0.6474, 2.2336 0.0023 0.6473, 1.6027 0.0032 0.6477, 1.6144 0.0019 0.6466, 1.6157 0.0018 0.6465, 2.2336 0.0011 0.6457, 1.6184 0.0015 0.6462, 1.6197 0.0013 0.6461, 2.2336 0.0031 0.6479, 2.2336 0.0039 0.6485, 1.5973 0.0038 0.6482, 2.2336 0.0047 0.6489, 1.5898 0.0047 0.6489, 1.5915 0.0047 0.6489, 2.2336 0.0058 0.6493, 1.57 -0.0541 0.644, 1.5697 -0.0522 0.6448, 1.5699 -0.4921 0.6449, 1.5706 -0.4921 0.6417, 1.5706 -0.0591 0.6417, 1.5704 -0.4921 0.643, 1.5703 -0.0566 0.6429, 1.5703 -0.0563 0.643, 1.5627 -0.4921 0.6496, 1.5641 -0.4921 0.6494, 1.564 -0.3009 0.6493, 1.5648 -0.4921 0.6493, 1.5659 -0.4921 0.6489, 1.5668 -0.0267 0.6482, 1.5659 -0.0192 0.6489, 1.5659 -0.0204 0.6489, 1.5688 -0.0448 0.6464, 1.5687 -0.0438 0.6465, 1.5675 -0.4921 0.6479, 1.5682 -0.0395 0.6469, 1.5677 -0.0352 0.6474, 1.5674 -0.0319 0.6477, 1.5667 -0.4921 0.6485, 1.5696 -0.4921 0.6457, 1.5689 -0.4921 0.6465, 1.5696 -0.0512 0.6453, 1.5694 -0.0498 0.6459, 1.5683 -0.4921 0.6473, 1.5692 -0.0478 0.6461, 1.5703 -0.4921 0.6438, 1.5116 -0.5433 0.4134, 1.5116 -0.5451 0.4136, 1.3423 -0.5433 0.4134, 1.3423 -0.5451 0.4136, 1.3423 -0.5453 0.4136, 1.5116 -0.5453 0.4136, 1.3423 -0.5467 0.4142, 1.5116 -0.5467 0.4142, 1.3423 -0.5472 0.4144, 1.5116 -0.5472 0.4144, 1.3423 -0.5482 0.4152, 1.5116 -0.5482 0.4152, 1.3423 -0.5489 0.4157, 1.5116 -0.5489 0.4157, 1.3423 -0.5494 0.4164, 1.5116 -0.5494 0.4164, 1.3423 -0.5501 0.4173, 1.5116 -0.5501 0.4173, 1.3423 -0.5504 0.4179, 1.5116 -0.5504 0.4179, 1.3423 -0.5509 0.4192, 1.5116 -0.5509 0.4192, 1.3423 -0.551 0.4195, 1.5116 -0.551 0.4195, 1.5116 -0.5512 0.4213, 1.3423 -0.5512 0.4213, 2.2959 0.0448 0.4134, 2.379 0.1974 0.4134, 2.3808 0.1965 0.4136, 2.2977 0.0439 0.4136, 2.3824 0.1956 0.4144, 2.2993 0.043 0.4144, 2.3839 0.1948 0.4157, 2.3008 0.0422 0.4157, 2.385 0.1942 0.4173, 2.3019 0.0416 0.4173, 2.3857 0.1938 0.4192, 2.3025 0.0412 0.4192, 2.3859 0.1937 0.4213, 2.3028 0.0411 0.4213, 2.3805 0.1966 0.6494, 2.379 0.1974 0.6496, 2.2959 0.0448 0.6496, 2.3808 0.1965 0.6493, 2.2977 0.0439 0.6493, 2.382 0.1958 0.6488, 2.3824 0.1956 0.6485, 2.2993 0.043 0.6485, 2.3833 0.1951 0.6479, 2.3008 0.0422 0.6473, 2.3838 0.1948 0.6473, 2.3844 0.1945 0.6466, 2.3019 0.0416 0.6457, 2.3849 0.1942 0.6456, 2.3852 0.194 0.6451, 2.3025 0.0412 0.6438, 2.3856 0.1938 0.6438, 2.3857 0.1938 0.6435, 2.3028 0.0411 0.6417, 2.3859 0.1937 0.6417, 1.5116 -0.5433 0.6496, 1.3423 -0.5433 0.6496, 1.3423 -0.5453 0.6493, 1.5116 -0.5453 0.6493, 1.3423 -0.5472 0.6485, 1.5116 -0.5472 0.6485, 1.3423 -0.5489 0.6473, 1.5116 -0.5489 0.6473, 1.3423 -0.5501 0.6457, 1.5116 -0.5501 0.6457, 1.3423 -0.5509 0.6438, 1.5116 -0.5509 0.6438, 1.3423 -0.5512 0.6417, 1.5116 -0.5512 0.6417, 1.3402 -0.5514 0.4213, 1.3402 -0.5514 0.6417, 1.3383 -0.5522 0.4213, 1.3383 -0.5522 0.6417, 1.3367 -0.5535 0.4213, 1.3367 -0.5535 0.6417, 1.3355 -0.5551 0.4213, 1.3355 -0.5551 0.6417, 1.3347 -0.557 0.4213, 1.3347 -0.557 0.6417, 1.3344 -0.5591 0.4213, 1.3344 -0.5591 0.6417, 1.3402 -0.5454 0.4134, 1.3402 -0.5474 0.4142, 1.3402 -0.5491 0.4155, 1.3347 -0.5552 0.4144, 1.3347 -0.553 0.4116, 1.3355 -0.5517 0.4129, 1.3344 -0.5544 0.4101, 1.3344 -0.5569 0.4134, 1.3344 -0.5585 0.4172, 1.3367 -0.5484 0.4124, 1.3355 -0.5492 0.411, 1.3347 -0.5502 0.4094, 1.3344 -0.5512 0.4076, 1.3383 -0.5456 0.4126, 1.3367 -0.5459 0.4114, 1.3355 -0.5464 0.4098, 1.3347 -0.5469 0.408, 1.3344 -0.5474 0.406, 1.3402 -0.5433 0.4131, 1.3383 -0.5433 0.4123, 1.3367 -0.5433 0.4111, 1.3355 -0.5433 0.4094, 1.3347 -0.5433 0.4075, 1.3344 -0.5433 0.4055, 1.3402 -0.5504 0.4172, 1.3402 -0.5512 0.4191, 1.3383 -0.5519 0.4189, 1.3383 -0.551 0.4168, 1.3367 -0.5531 0.4186, 1.3383 -0.5496 0.4149, 1.3367 -0.5521 0.4162, 1.3355 -0.5547 0.4182, 1.3383 -0.5478 0.4135, 1.3367 -0.5505 0.4141, 1.3355 -0.5535 0.4153, 1.3347 -0.5565 0.4177, 1.5307 0.7844 0.4151, 1.5308 0.7851 0.4157, 1.5427 0.7801 0.4157, 1.5312 0.7872 0.4194, 1.5312 0.7874 0.4213, 1.5436 0.7822 0.4213, 1.5312 0.787 0.4187, 1.5312 0.7871 0.4192, 1.5435 0.782 0.4192, 1.5309 0.7857 0.4164, 1.5432 0.7813 0.4173, 1.531 0.7862 0.417, 1.531 0.7863 0.4173, 1.5305 0.7838 0.4147, 1.5302 0.7821 0.4138, 1.5305 0.7834 0.4145, 1.5421 0.7786 0.4144, 1.5298 0.7801 0.4134, 1.5301 0.7816 0.4137, 1.5414 0.7769 0.4136, 1.5406 0.775 0.4134, 1.5297 0.7795 0.4134, 1.6148 0.7509 0.4213, 1.6549 0.733 0.4192, 1.655 0.7333 0.4213, 1.7641 0.6807 0.4213, 1.764 0.6804 0.4192, 1.7845 0.6703 0.4213, 1.7844 0.6701 0.4192, 1.8133 0.6549 0.4213, 1.8905 0.6133 0.4192, 1.8906 0.6135 0.4213, 1.9946 0.5531 0.4213, 1.9944 0.5528 0.4192, 2.0047 0.5468 0.4213, 2.0247 0.5342 0.4192, 2.0249 0.5345 0.4213, 2.1259 0.4693 0.4213, 2.1257 0.4691 0.4192, 2.1888 0.4255 0.4213, 2.2244 0.4004 0.4192, 2.2245 0.4007 0.4213, 2.3209 0.3284 0.4213, 2.3208 0.3282 0.4192, 2.3661 0.2927 0.4213, 2.3659 0.2925 0.4192, 1.6545 0.7323 0.4173, 1.7636 0.6797 0.4173, 1.784 0.6694 0.4173, 1.8901 0.6126 0.4173, 1.994 0.5522 0.4173, 2.0243 0.5336 0.4173, 2.1253 0.4685 0.4173, 2.2239 0.3998 0.4173, 2.3203 0.3276 0.4173, 2.3654 0.2919 0.4173, 1.654 0.7312 0.4157, 1.763 0.6786 0.4157, 1.7835 0.6682 0.4157, 1.8895 0.6115 0.4157, 1.9934 0.5511 0.4157, 2.0237 0.5325 0.4157, 2.1246 0.4674 0.4157, 2.2232 0.3988 0.4157, 2.3195 0.3266 0.4157, 2.3647 0.2909 0.4157, 1.6533 0.7297 0.4144, 1.7623 0.6772 0.4144, 1.7827 0.6668 0.4144, 1.8887 0.6101 0.4144, 1.9925 0.5497 0.4144, 2.0228 0.5311 0.4144, 2.1237 0.4661 0.4144, 2.2222 0.3975 0.4144, 2.3185 0.3253 0.4144, 2.3636 0.2896 0.4144, 1.6525 0.728 0.4136, 1.7615 0.6755 0.4136, 1.7819 0.6651 0.4136, 1.8878 0.6084 0.4136, 1.9915 0.5481 0.4136, 2.0218 0.5295 0.4136, 2.1226 0.4645 0.4136, 2.2211 0.3959 0.4136, 2.3174 0.3238 0.4136, 2.3624 0.2881 0.4136, 1.6517 0.7261 0.4134, 1.7605 0.6736 0.4134, 1.7809 0.6633 0.4134, 1.8868 0.6066 0.4134, 1.9905 0.5463 0.4134, 2.0207 0.5278 0.4134, 2.1215 0.4628 0.4134, 2.2199 0.3943 0.4134, 2.3161 0.3222 0.4134, 2.3612 0.2866 0.4134, 2.3623 0.2879 0.6494, 2.3624 0.2881 0.6493, 2.308 0.3311 0.6493, 1.5298 0.7801 0.6496, 1.6418 0.7329 0.6493, 1.5301 0.7814 0.6494, 1.5301 0.7816 0.6493, 1.5305 0.7835 0.6485, 1.5304 0.7832 0.6487, 1.6426 0.7346 0.6485, 1.5308 0.7852 0.6471, 1.5308 0.7851 0.6473, 1.6433 0.7361 0.6473, 1.5305 0.7838 0.6483, 1.5311 0.7867 0.645, 1.531 0.7863 0.6456, 1.6438 0.7373 0.6457, 1.5309 0.7857 0.6466, 1.7528 0.686 0.6438, 1.6442 0.7382 0.6417, 1.6441 0.738 0.6438, 1.6149 0.751 0.6417, 1.5312 0.7874 0.6417, 1.5312 0.7874 0.6425, 1.5312 0.7871 0.6438, 1.5312 0.787 0.6443, 2.366 0.2925 0.6435, 2.3661 0.2927 0.6417, 2.3116 0.3357 0.6417, 2.3659 0.2925 0.6438, 2.3109 0.3348 0.6457, 2.3654 0.2919 0.6457, 2.3656 0.292 0.6451, 2.3091 0.3326 0.6485, 2.3636 0.2896 0.6485, 2.3642 0.2904 0.6478, 2.3067 0.3294 0.6496, 2.3612 0.2866 0.6496, 2.0047 0.5467 0.6417, 1.9944 0.5528 0.6438, 2.0962 0.4887 0.6438, 2.3114 0.3355 0.6438, 2.2144 0.4079 0.6417, 2.2143 0.4077 0.6438, 2.1958 0.4212 0.6417, 2.1957 0.421 0.6438, 2.189 0.4258 0.6417, 2.0963 0.4889 0.6417, 1.9946 0.5531 0.6417, 1.964 0.5714 0.6417, 1.9638 0.5711 0.6438, 1.8595 0.6307 0.6417, 1.8593 0.6304 0.6438, 1.8133 0.6548 0.6417, 1.7529 0.6863 0.6417, 1.7524 0.6853 0.6457, 1.859 0.6298 0.6457, 1.9634 0.5705 0.6457, 1.994 0.5522 0.6457, 2.0957 0.4881 0.6457, 2.1952 0.4203 0.6457, 2.2138 0.4071 0.6457, 1.7519 0.6842 0.6473, 1.8584 0.6287 0.6473, 1.9628 0.5694 0.6473, 1.9934 0.5511 0.6473, 2.095 0.487 0.6473, 2.1945 0.4193 0.6473, 2.2131 0.4061 0.6473, 2.3101 0.3338 0.6473, 2.3647 0.2909 0.6473, 1.7511 0.6828 0.6485, 1.8576 0.6272 0.6485, 1.962 0.568 0.6485, 1.9925 0.5497 0.6485, 2.0941 0.4856 0.6485, 2.1935 0.418 0.6485, 2.2121 0.4047 0.6485, 1.7503 0.6811 0.6493, 1.8567 0.6256 0.6493, 1.961 0.5663 0.6493, 1.9915 0.5481 0.6493, 2.0931 0.4841 0.6493, 2.1925 0.4164 0.6493, 2.211 0.4032 0.6493, 2.2098 0.4015 0.6496, 2.1913 0.4148 0.6496, 2.092 0.4823 0.6496, 1.9905 0.5463 0.6496, 1.9599 0.5646 0.6496, 1.8557 0.6238 0.6496, 1.7494 0.6792 0.6496, 1.641 0.7311 0.6496, 1.5297 0.7795 0.6496, 1.3344 -0.5585 0.6458, 1.3347 -0.5565 0.6453, 1.3344 -0.5569 0.6496, 1.3347 -0.5552 0.6486, 1.3344 -0.5544 0.6529, 1.3347 -0.553 0.6514, 1.3344 -0.5512 0.6554, 1.3347 -0.5502 0.6536, 1.3344 -0.5474 0.6569, 1.3347 -0.5469 0.655, 1.3344 -0.5433 0.6575, 1.3347 -0.5433 0.6554, 1.3355 -0.5547 0.6448, 1.3355 -0.5535 0.6476, 1.3355 -0.5517 0.6501, 1.3355 -0.5492 0.652, 1.3355 -0.5464 0.6531, 1.3355 -0.5433 0.6535, 1.3367 -0.5531 0.6444, 1.3367 -0.5521 0.6468, 1.3367 -0.5505 0.6489, 1.3367 -0.5484 0.6505, 1.3367 -0.5459 0.6516, 1.3367 -0.5433 0.6519, 1.3383 -0.5519 0.644, 1.3383 -0.551 0.6462, 1.3383 -0.5496 0.648, 1.3383 -0.5478 0.6495, 1.3383 -0.5456 0.6504, 1.3383 -0.5433 0.6507, 1.3402 -0.5512 0.6438, 1.3402 -0.5504 0.6458, 1.3402 -0.5491 0.6475, 1.3402 -0.5474 0.6488, 1.3402 -0.5454 0.6496, 1.3402 -0.5433 0.6499, 1.3423 0.7795 0.4134, 1.3402 0.7795 0.4131, 1.3383 0.7795 0.4123, 1.3367 0.7795 0.4111, 1.3355 0.7795 0.4094, 1.3347 0.7795 0.4075, 1.3344 0.7795 0.4055, 1.3423 0.7816 0.4136, 1.3423 0.7835 0.4144, 1.3423 0.7851 0.4157, 1.3423 0.7863 0.4173, 1.3423 0.7871 0.4192, 1.3423 0.7874 0.4213, 1.3423 0.7874 0.6417, 1.3423 0.7871 0.6438, 1.3423 0.7863 0.6457, 1.3423 0.7851 0.6473, 1.3423 0.7835 0.6485, 1.3423 0.7816 0.6493, 1.3423 0.7795 0.6496, 1.3405 0.7795 0.6498, 1.3402 0.7795 0.6499, 1.3389 0.7795 0.6504, 1.3384 0.7795 0.6507, 1.3374 0.7795 0.6513, 1.3367 0.7795 0.6519, 1.3361 0.7795 0.6526, 1.3355 0.7795 0.6536, 1.3352 0.7795 0.6541, 1.3347 0.7795 0.6554, 1.3346 0.7795 0.6557, 1.3344 0.7795 0.6575, 1.3344 0.7953 0.4213, 1.3347 0.7932 0.4213, 1.3344 0.7947 0.4172, 1.3347 0.7928 0.4177, 1.3344 0.7932 0.4134, 1.3347 0.7914 0.4144, 1.3344 0.7907 0.4101, 1.3347 0.7892 0.4116, 1.3344 0.7874 0.4076, 1.3347 0.7864 0.4094, 1.3344 0.7836 0.406, 1.3347 0.7831 0.408, 1.3355 0.7913 0.4213, 1.3355 0.7909 0.4182, 1.3355 0.7898 0.4153, 1.3355 0.7879 0.4129, 1.3355 0.7854 0.411, 1.3355 0.7826 0.4098, 1.3367 0.7897 0.4213, 1.3367 0.7894 0.4186, 1.3367 0.7883 0.4162, 1.3367 0.7867 0.4141, 1.3367 0.7846 0.4124, 1.3367 0.7822 0.4114, 1.3383 0.7885 0.4213, 1.3383 0.7882 0.4189, 1.3383 0.7873 0.4168, 1.3383 0.7858 0.4149, 1.3383 0.784 0.4135, 1.3383 0.7818 0.4126, 1.3402 0.7877 0.4213, 1.3402 0.7874 0.4191, 1.3402 0.7866 0.4172, 1.3402 0.7853 0.4155, 1.3402 0.7836 0.4142, 1.3402 0.7816 0.4134, 1.3405 0.7816 0.6495, 1.3402 0.7877 0.6417, 1.3389 0.7882 0.6417, 1.3389 0.7879 0.644, 1.3389 0.7818 0.6501, 1.3384 0.7885 0.6417, 1.3374 0.7891 0.6417, 1.3374 0.7888 0.6442, 1.3374 0.782 0.651, 1.3367 0.7897 0.6417, 1.3361 0.7904 0.6417, 1.3361 0.79 0.6445, 1.3361 0.7823 0.6522, 1.3355 0.7914 0.6417, 1.3352 0.7919 0.6417, 1.3352 0.7914 0.6449, 1.3352 0.7827 0.6536, 1.3347 0.7932 0.6417, 1.3346 0.7935 0.6417, 1.3346 0.793 0.6454, 1.3344 0.7836 0.6569, 1.3346 0.7832 0.6552, 1.3344 0.7874 0.6554, 1.3346 0.7865 0.6538, 1.3344 0.7907 0.6529, 1.3346 0.7894 0.6516, 1.3344 0.7932 0.6496, 1.3346 0.7916 0.6487, 1.3344 0.7947 0.6458, 1.3344 0.7953 0.6417, 1.3352 0.7857 0.6524, 1.3352 0.7882 0.6504, 1.3352 0.7902 0.6479, 1.3361 0.7849 0.6511, 1.3361 0.7872 0.6494, 1.3361 0.7889 0.6471, 1.3374 0.7843 0.65, 1.3374 0.7863 0.6485, 1.3374 0.7878 0.6465, 1.3389 0.7839 0.6492, 1.3389 0.7856 0.6478, 1.3389 0.787 0.6461, 1.3405 0.7836 0.6487, 1.3405 0.7852 0.6474, 1.3405 0.7865 0.6458, 1.3405 0.7873 0.6438, 1.3405 0.7876 0.6417, 2.0088 0.2197 0.4213, 2.0126 0.2504 0.4192, 2.0128 0.2503 0.4213, 2.0244 0.2789 0.4192, 2.0246 0.2788 0.4213, 2.0432 0.3035 0.4192, 2.0434 0.3033 0.4213, 2.0677 0.3223 0.4192, 2.0679 0.322 0.4213, 2.0963 0.3341 0.4192, 2.0963 0.3338 0.4213, 2.1269 0.3381 0.4192, 2.1269 0.3379 0.4213, 2.1576 0.3341 0.4192, 2.1575 0.3338 0.4213, 2.1861 0.3223 0.4192, 2.186 0.322 0.4213, 2.2106 0.3035 0.4192, 2.2104 0.3033 0.4213, 2.2294 0.2789 0.4192, 2.2292 0.2788 0.4213, 2.2413 0.2504 0.4192, 2.241 0.2503 0.4213, 2.2453 0.2197 0.4192, 2.245 0.2197 0.4213, 2.2413 0.1891 0.4192, 2.241 0.1892 0.4213, 2.2294 0.1606 0.4192, 2.2292 0.1607 0.4213, 2.2106 0.136 0.4192, 2.2104 0.1362 0.4213, 2.1861 0.1172 0.4192, 2.186 0.1175 0.4213, 2.1576 0.1054 0.4192, 2.1575 0.1057 0.4213, 2.1269 0.1014 0.4192, 2.1269 0.1016 0.4213, 2.0963 0.1054 0.4192, 2.0963 0.1057 0.4213, 2.0677 0.1172 0.4192, 2.0679 0.1175 0.4213, 2.0432 0.136 0.4192, 2.0434 0.1362 0.4213, 2.0244 0.1606 0.4192, 2.0246 0.1607 0.4213, 2.0126 0.1891 0.4192, 2.0128 0.1892 0.4213, 2.0085 0.2197 0.4192, 2.0118 0.2506 0.4173, 2.0237 0.2793 0.4173, 2.0427 0.304 0.4173, 2.0673 0.3229 0.4173, 2.0961 0.3349 0.4173, 2.1269 0.3389 0.4173, 2.1578 0.3349 0.4173, 2.1865 0.3229 0.4173, 2.2112 0.304 0.4173, 2.2301 0.2793 0.4173, 2.242 0.2506 0.4173, 2.2461 0.2197 0.4173, 2.242 0.1889 0.4173, 2.2301 0.1602 0.4173, 2.2112 0.1355 0.4173, 2.1865 0.1165 0.4173, 2.1578 0.1046 0.4173, 2.1269 0.1006 0.4173, 2.0961 0.1046 0.4173, 2.0673 0.1165 0.4173, 2.0427 0.1355 0.4173, 2.0237 0.1602 0.4173, 2.0118 0.1889 0.4173, 2.0077 0.2197 0.4173, 2.0106 0.2509 0.4157, 2.0226 0.28 0.4157, 2.0418 0.3049 0.4157, 2.0667 0.324 0.4157, 2.0957 0.3361 0.4157, 2.1269 0.3402 0.4157, 2.1581 0.3361 0.4157, 2.1871 0.324 0.4157, 2.2121 0.3049 0.4157, 2.2312 0.28 0.4157, 2.2432 0.2509 0.4157, 2.2473 0.2197 0.4157, 2.2432 0.1886 0.4157, 2.2312 0.1595 0.4157, 2.2121 0.1346 0.4157, 2.1871 0.1155 0.4157, 2.1581 0.1034 0.4157, 2.1269 0.0993 0.4157, 2.0957 0.1034 0.4157, 2.0667 0.1155 0.4157, 2.0418 0.1346 0.4157, 2.0226 0.1595 0.4157, 2.0106 0.1886 0.4157, 2.0065 0.2197 0.4157, 2.009 0.2513 0.4144, 2.0212 0.2808 0.4144, 2.0406 0.306 0.4144, 2.0659 0.3254 0.4144, 2.0953 0.3376 0.4144, 2.1269 0.3418 0.4144, 2.1585 0.3376 0.4144, 2.1879 0.3254 0.4144, 2.2132 0.306 0.4144, 2.2326 0.2808 0.4144, 2.2448 0.2513 0.4144, 2.249 0.2197 0.4144, 2.2448 0.1882 0.4144, 2.2326 0.1587 0.4144, 2.2132 0.1334 0.4144, 2.1879 0.1141 0.4144, 2.1585 0.1019 0.4144, 2.1269 0.0977 0.4144, 2.0953 0.1019 0.4144, 2.0659 0.1141 0.4144, 2.0406 0.1334 0.4144, 2.0212 0.1587 0.4144, 2.009 0.1882 0.4144, 2.0049 0.2197 0.4144, 2.0072 0.2518 0.4136, 2.0196 0.2817 0.4136, 2.0393 0.3074 0.4136, 2.0649 0.3271 0.4136, 2.0948 0.3395 0.4136, 2.1269 0.3437 0.4136, 2.159 0.3395 0.4136, 2.1889 0.3271 0.4136, 2.2146 0.3074 0.4136, 2.2343 0.2817 0.4136, 2.2466 0.2518 0.4136, 2.2509 0.2197 0.4136, 2.2466 0.1877 0.4136, 2.2343 0.1578 0.4136, 2.2146 0.1321 0.4136, 2.1889 0.1124 0.4136, 2.159 0.1 0.4136, 2.1269 0.0958 0.4136, 2.0948 0.1 0.4136, 2.0649 0.1124 0.4136, 2.0393 0.1321 0.4136, 2.0196 0.1578 0.4136, 2.0072 0.1877 0.4136, 2.003 0.2197 0.4136, 2.0052 0.2524 0.4134, 2.0178 0.2827 0.4134, 2.0378 0.3088 0.4134, 2.0639 0.3289 0.4134, 2.0943 0.3414 0.4134, 2.1269 0.3457 0.4134, 2.1595 0.3414 0.4134, 2.1899 0.3289 0.4134, 2.216 0.3088 0.4134, 2.236 0.2827 0.4134, 2.2486 0.2524 0.4134, 2.2529 0.2197 0.4134, 2.2486 0.1871 0.4134, 2.236 0.1568 0.4134, 2.216 0.1307 0.4134, 2.1899 0.1106 0.4134, 2.1595 0.0981 0.4134, 2.1269 0.0938 0.4134, 2.0943 0.0981 0.4134, 2.0639 0.1106 0.4134, 2.0378 0.1307 0.4134, 2.0178 0.1568 0.4134, 2.0052 0.1871 0.4134, 2.0009 0.2197 0.4134
            ]
        }
        coordIndex [
            0,1,2,-1,3,4,5,-1,5,4,6,-1,5,6,7,-1,7,6,8,-1,7,8,9,-1,9,8,10,-1,9,10,11,-1,11,10,12,-1,11,12,13,-1,14,15,16,-1,3,5,17,-1,17,5,18,-1,17,18,19,-1,19,18,20,-1,19,20,21,-1,14,16,20,-1,20,16,22,-1,20,22,21,-1,14,23,15,-1,15,23,24,-1,15,24,25,-1,25,24,26,-1,27,25,28,-1,28,25,26,-1,28,26,0,-1,0,26,29,-1,0,29,1,-1,30,31,32,-1,32,31,33,-1,32,33,34,-1,35,36,37,-1,38,39,40,-1,38,40,41,-1,39,42,40,-1,40,42,43,-1,40,43,44,-1,44,43,35,-1,44,35,34,-1,34,35,37,-1,34,37,32,-1,45,46,47,-1,45,47,48,-1,40,49,41,-1,41,49,47,-1,41,47,50,-1,50,47,46,-1,51,52,53,-1,47,54,48,-1,48,54,55,-1,48,55,56,-1,56,55,57,-1,56,57,58,-1,58,57,51,-1,58,51,59,-1,59,51,53,-1,60,61,62,-1,63,64,65,-1,63,65,66,-1,66,65,67,-1,66,67,68,-1,68,67,69,-1,68,69,70,-1,70,69,71,-1,70,71,72,-1,73,74,75,-1,75,74,76,-1,75,76,77,-1,73,78,74,-1,74,78,79,-1,74,79,80,-1,80,79,81,-1,80,81,71,-1,71,81,82,-1,71,82,72,-1,76,83,77,-1,77,83,84,-1,77,84,85,-1,85,84,86,-1,87,85,88,-1,88,85,86,-1,88,86,60,-1,60,86,89,-1,60,89,61,-1,90,91,92,-1,93,94,95,-1,95,94,96,-1,95,96,97,-1,98,99,100,-1,100,99,101,-1,100,101,102,-1,103,104,105,-1,106,107,108,-1,108,107,109,-1,109,110,108,-1,108,110,111,-1,108,111,112,-1,112,111,103,-1,112,103,102,-1,102,103,105,-1,102,105,100,-1,92,91,113,-1,113,91,114,-1,114,91,115,-1,114,115,116,-1,108,117,106,-1,106,117,114,-1,106,114,118,-1,118,114,116,-1,90,92,97,-1,97,92,119,-1,97,119,95,-1,120,121,122,-1,122,121,123,-1,123,121,124,-1,124,121,125,-1,124,125,126,-1,126,125,127,-1,126,127,128,-1,128,127,129,-1,128,129,130,-1,130,129,131,-1,130,131,132,-1,132,131,133,-1,132,133,134,-1,134,133,135,-1,134,135,136,-1,136,135,137,-1,136,137,138,-1,138,137,139,-1,138,139,140,-1,140,139,141,-1,140,141,142,-1,141,143,142,-1,142,143,144,-1,142,144,145,-1,146,147,148,-1,146,148,149,-1,149,148,150,-1,149,150,151,-1,151,150,152,-1,151,152,153,-1,153,152,154,-1,153,154,155,-1,155,154,156,-1,155,156,157,-1,157,156,158,-1,157,158,159,-1,160,161,162,-1,160,162,163,-1,163,162,164,-1,163,164,165,-1,165,164,166,-1,166,164,167,-1,166,167,168,-1,168,167,169,-1,168,169,170,-1,170,169,171,-1,171,169,172,-1,171,172,173,-1,173,172,174,-1,174,172,175,-1,174,175,176,-1,176,175,177,-1,177,175,178,-1,177,178,179,-1,180,181,182,-1,180,182,183,-1,183,182,184,-1,183,184,185,-1,185,184,186,-1,185,186,187,-1,187,186,188,-1,187,188,189,-1,189,188,190,-1,189,190,191,-1,191,190,192,-1,191,192,193,-1,145,192,194,-1,194,192,195,-1,194,195,196,-1,196,195,197,-1,196,197,198,-1,198,197,199,-1,198,199,200,-1,200,199,201,-1,200,201,202,-1,202,201,203,-1,202,203,204,-1,204,203,205,-1,123,124,206,-1,126,128,207,-1,130,132,208,-1,209,210,211,-1,212,210,213,-1,213,210,209,-1,213,209,214,-1,215,211,216,-1,216,211,210,-1,216,210,217,-1,217,210,212,-1,217,212,218,-1,219,215,220,-1,220,215,216,-1,220,216,221,-1,221,216,217,-1,221,217,222,-1,222,217,218,-1,222,218,223,-1,224,219,225,-1,225,219,220,-1,225,220,226,-1,226,220,221,-1,226,221,227,-1,227,221,222,-1,227,222,228,-1,228,222,223,-1,228,223,229,-1,230,231,232,-1,198,232,196,-1,196,232,231,-1,196,231,194,-1,194,231,142,-1,194,142,145,-1,134,136,230,-1,230,136,138,-1,230,138,231,-1,231,138,140,-1,231,140,142,-1,132,134,208,-1,208,134,230,-1,208,230,233,-1,233,230,232,-1,233,232,234,-1,234,232,198,-1,234,198,200,-1,128,130,207,-1,207,130,208,-1,207,208,235,-1,235,208,233,-1,235,233,236,-1,236,233,234,-1,236,234,237,-1,237,234,200,-1,237,200,202,-1,124,126,206,-1,206,126,207,-1,206,207,238,-1,238,207,235,-1,238,235,239,-1,239,235,236,-1,239,236,240,-1,240,236,237,-1,240,237,241,-1,241,237,202,-1,241,202,204,-1,122,123,224,-1,224,123,206,-1,224,206,219,-1,219,206,238,-1,219,238,215,-1,215,238,239,-1,215,239,211,-1,211,239,240,-1,211,240,209,-1,209,240,241,-1,209,241,214,-1,214,241,204,-1,242,243,244,-1,245,246,247,-1,248,249,250,-1,250,249,245,-1,243,251,252,-1,251,253,252,-1,252,253,254,-1,252,254,248,-1,242,244,255,-1,256,257,258,-1,258,257,255,-1,259,260,261,-1,261,260,256,-1,262,263,259,-1,245,247,250,-1,250,247,264,-1,250,264,265,-1,264,266,265,-1,265,266,267,-1,265,267,268,-1,268,267,269,-1,268,269,270,-1,270,269,271,-1,270,271,272,-1,271,273,272,-1,272,273,274,-1,272,274,275,-1,275,274,276,-1,275,276,277,-1,276,278,277,-1,277,278,279,-1,277,279,280,-1,280,279,281,-1,280,281,282,-1,281,283,282,-1,282,283,284,-1,282,284,285,-1,285,284,286,-1,285,286,287,-1,248,250,252,-1,252,250,265,-1,252,265,288,-1,288,265,268,-1,288,268,289,-1,289,268,270,-1,289,270,290,-1,290,270,272,-1,290,272,291,-1,291,272,275,-1,291,275,292,-1,292,275,277,-1,292,277,293,-1,293,277,280,-1,293,280,294,-1,294,280,282,-1,294,282,295,-1,295,282,285,-1,295,285,296,-1,296,285,287,-1,296,287,297,-1,243,252,244,-1,244,252,288,-1,244,288,298,-1,298,288,289,-1,298,289,299,-1,299,289,290,-1,299,290,300,-1,300,290,291,-1,300,291,301,-1,301,291,292,-1,301,292,302,-1,302,292,293,-1,302,293,303,-1,303,293,294,-1,303,294,304,-1,304,294,295,-1,304,295,305,-1,305,295,296,-1,305,296,306,-1,306,296,297,-1,306,297,307,-1,255,244,258,-1,258,244,298,-1,258,298,308,-1,308,298,299,-1,308,299,309,-1,309,299,300,-1,309,300,310,-1,310,300,301,-1,310,301,311,-1,311,301,302,-1,311,302,312,-1,312,302,303,-1,312,303,313,-1,313,303,304,-1,313,304,314,-1,314,304,305,-1,314,305,315,-1,315,305,306,-1,315,306,316,-1,316,306,307,-1,316,307,317,-1,256,258,261,-1,261,258,308,-1,261,308,318,-1,318,308,309,-1,318,309,319,-1,319,309,310,-1,319,310,320,-1,320,310,311,-1,320,311,321,-1,321,311,312,-1,321,312,322,-1,322,312,313,-1,322,313,323,-1,323,313,314,-1,323,314,324,-1,324,314,315,-1,324,315,325,-1,325,315,316,-1,325,316,326,-1,326,316,317,-1,326,317,327,-1,259,261,262,-1,262,261,318,-1,262,318,328,-1,328,318,319,-1,328,319,329,-1,329,319,320,-1,329,320,330,-1,330,320,321,-1,330,321,331,-1,331,321,322,-1,331,322,332,-1,332,322,323,-1,332,323,333,-1,333,323,324,-1,333,324,334,-1,334,324,325,-1,334,325,335,-1,335,325,326,-1,335,326,336,-1,336,326,327,-1,336,327,337,-1,338,339,340,-1,341,342,343,-1,343,342,344,-1,345,346,347,-1,347,346,344,-1,348,349,350,-1,350,349,351,-1,350,351,345,-1,352,353,354,-1,354,353,355,-1,354,355,348,-1,356,357,358,-1,358,357,359,-1,360,361,359,-1,359,361,362,-1,359,362,358,-1,358,362,363,-1,358,363,352,-1,364,365,366,-1,364,366,367,-1,368,369,370,-1,371,372,373,-1,374,375,338,-1,376,377,378,-1,367,366,379,-1,379,366,380,-1,379,380,381,-1,381,380,382,-1,381,382,383,-1,383,382,384,-1,383,384,378,-1,378,384,385,-1,378,385,376,-1,376,386,377,-1,377,386,387,-1,377,387,388,-1,388,387,389,-1,388,389,390,-1,390,389,391,-1,390,391,356,-1,356,391,392,-1,356,392,357,-1,352,354,358,-1,358,354,393,-1,358,393,356,-1,356,393,394,-1,356,394,390,-1,390,394,395,-1,390,395,388,-1,388,395,396,-1,388,396,377,-1,377,396,397,-1,377,397,378,-1,378,397,398,-1,378,398,383,-1,383,398,399,-1,383,399,381,-1,381,399,368,-1,381,368,379,-1,379,368,370,-1,379,370,367,-1,348,350,354,-1,354,350,400,-1,354,400,393,-1,393,400,401,-1,393,401,394,-1,394,401,402,-1,394,402,395,-1,395,402,403,-1,395,403,396,-1,396,403,404,-1,396,404,397,-1,397,404,405,-1,397,405,398,-1,398,405,406,-1,398,406,399,-1,399,406,407,-1,399,407,368,-1,368,407,408,-1,368,408,369,-1,345,347,350,-1,350,347,409,-1,350,409,400,-1,400,409,410,-1,400,410,401,-1,401,410,411,-1,401,411,402,-1,402,411,412,-1,402,412,403,-1,403,412,413,-1,403,413,404,-1,404,413,414,-1,404,414,405,-1,405,414,415,-1,405,415,406,-1,406,415,371,-1,406,371,407,-1,407,371,373,-1,407,373,408,-1,344,342,347,-1,347,342,416,-1,347,416,409,-1,409,416,417,-1,409,417,410,-1,410,417,418,-1,410,418,411,-1,411,418,419,-1,411,419,412,-1,412,419,420,-1,412,420,413,-1,413,420,421,-1,413,421,414,-1,414,421,422,-1,414,422,415,-1,415,422,340,-1,415,340,371,-1,371,340,339,-1,371,339,372,-1,338,340,374,-1,374,340,422,-1,374,422,423,-1,423,422,421,-1,423,421,424,-1,424,421,420,-1,424,420,425,-1,425,420,419,-1,425,419,426,-1,426,419,418,-1,426,418,427,-1,427,418,417,-1,427,417,428,-1,428,417,416,-1,428,416,429,-1,429,416,342,-1,429,342,430,-1,430,342,341,-1,430,341,431,-1,205,203,432,-1,432,203,433,-1,432,433,434,-1,434,433,435,-1,434,435,436,-1,436,435,437,-1,436,437,438,-1,438,437,439,-1,438,439,440,-1,440,439,441,-1,440,441,442,-1,442,441,443,-1,203,201,433,-1,433,201,444,-1,433,444,435,-1,435,444,445,-1,435,445,437,-1,437,445,446,-1,437,446,439,-1,439,446,447,-1,439,447,441,-1,441,447,448,-1,441,448,443,-1,443,448,449,-1,201,199,444,-1,444,199,450,-1,444,450,445,-1,445,450,451,-1,445,451,446,-1,446,451,452,-1,446,452,447,-1,447,452,453,-1,447,453,448,-1,448,453,454,-1,448,454,449,-1,449,454,455,-1,199,197,450,-1,450,197,456,-1,450,456,451,-1,451,456,457,-1,451,457,452,-1,452,457,458,-1,452,458,453,-1,453,458,459,-1,453,459,454,-1,454,459,460,-1,454,460,455,-1,455,460,461,-1,197,195,456,-1,456,195,462,-1,456,462,457,-1,457,462,463,-1,457,463,458,-1,458,463,464,-1,458,464,459,-1,459,464,465,-1,459,465,460,-1,460,465,466,-1,460,466,461,-1,461,466,467,-1,195,192,462,-1,462,192,190,-1,462,190,463,-1,463,190,188,-1,463,188,464,-1,464,188,186,-1,464,186,465,-1,465,186,184,-1,465,184,466,-1,466,184,182,-1,466,182,467,-1,467,182,181,-1,468,122,469,-1,469,122,224,-1,469,224,470,-1,470,224,225,-1,470,225,471,-1,471,225,226,-1,471,226,472,-1,472,226,227,-1,472,227,473,-1,473,227,228,-1,473,228,474,-1,474,228,229,-1,263,468,259,-1,259,468,475,-1,259,475,260,-1,260,475,256,-1,256,475,476,-1,256,476,257,-1,257,476,255,-1,255,476,477,-1,255,477,242,-1,254,253,478,-1,478,253,251,-1,478,251,477,-1,477,251,243,-1,477,243,242,-1,254,478,248,-1,248,478,479,-1,248,479,249,-1,249,479,245,-1,245,479,480,-1,245,480,246,-1,360,481,361,-1,361,481,482,-1,483,353,482,-1,482,353,352,-1,352,363,482,-1,482,363,362,-1,482,362,361,-1,484,348,483,-1,483,348,355,-1,483,355,353,-1,485,351,484,-1,484,351,349,-1,484,349,348,-1,486,346,485,-1,485,346,345,-1,485,345,351,-1,487,431,486,-1,486,431,341,-1,341,343,486,-1,486,343,344,-1,486,344,346,-1,487,488,181,-1,181,488,467,-1,488,489,467,-1,467,489,490,-1,467,490,461,-1,490,491,461,-1,461,491,492,-1,461,492,455,-1,455,492,493,-1,455,493,449,-1,493,494,449,-1,449,494,495,-1,449,495,443,-1,495,496,443,-1,443,496,497,-1,443,497,442,-1,442,497,498,-1,442,498,499,-1,500,501,502,-1,502,501,503,-1,502,503,504,-1,504,503,505,-1,504,505,506,-1,506,505,507,-1,506,507,508,-1,508,507,509,-1,508,509,510,-1,510,509,511,-1,510,511,474,-1,474,511,473,-1,501,512,503,-1,503,512,513,-1,503,513,505,-1,505,513,514,-1,505,514,507,-1,507,514,515,-1,507,515,509,-1,509,515,516,-1,509,516,511,-1,511,516,517,-1,511,517,473,-1,473,517,472,-1,512,518,513,-1,513,518,519,-1,513,519,514,-1,514,519,520,-1,514,520,515,-1,515,520,521,-1,515,521,516,-1,516,521,522,-1,516,522,517,-1,517,522,523,-1,517,523,472,-1,472,523,471,-1,518,524,519,-1,519,524,525,-1,519,525,520,-1,520,525,526,-1,520,526,521,-1,521,526,527,-1,521,527,522,-1,522,527,528,-1,522,528,523,-1,523,528,529,-1,523,529,471,-1,471,529,470,-1,524,530,525,-1,525,530,531,-1,525,531,526,-1,526,531,532,-1,526,532,527,-1,527,532,533,-1,527,533,528,-1,528,533,534,-1,528,534,529,-1,529,534,535,-1,529,535,470,-1,470,535,469,-1,530,480,531,-1,531,480,479,-1,531,479,532,-1,532,479,478,-1,532,478,533,-1,533,478,477,-1,533,477,534,-1,534,477,476,-1,534,476,535,-1,535,476,475,-1,535,475,469,-1,469,475,468,-1,489,488,536,-1,537,538,539,-1,491,490,540,-1,541,542,543,-1,493,492,544,-1,545,546,547,-1,495,494,548,-1,549,550,551,-1,497,496,552,-1,553,554,555,-1,499,498,556,-1,556,498,557,-1,556,557,558,-1,558,557,559,-1,558,559,560,-1,560,559,561,-1,560,561,562,-1,562,561,563,-1,562,563,564,-1,564,563,555,-1,564,555,565,-1,565,555,554,-1,498,497,557,-1,557,497,552,-1,557,552,559,-1,559,552,566,-1,559,566,561,-1,561,566,567,-1,561,567,563,-1,563,567,568,-1,563,568,555,-1,555,568,551,-1,555,551,553,-1,553,551,550,-1,496,495,552,-1,552,495,548,-1,552,548,566,-1,566,548,569,-1,566,569,567,-1,567,569,570,-1,567,570,568,-1,568,570,571,-1,568,571,551,-1,551,571,547,-1,551,547,549,-1,549,547,546,-1,494,493,548,-1,548,493,544,-1,548,544,569,-1,569,544,572,-1,569,572,570,-1,570,572,573,-1,570,573,571,-1,571,573,574,-1,571,574,547,-1,547,574,543,-1,547,543,545,-1,545,543,542,-1,492,491,544,-1,544,491,540,-1,544,540,572,-1,572,540,575,-1,572,575,573,-1,573,575,576,-1,573,576,574,-1,574,576,577,-1,574,577,543,-1,543,577,539,-1,543,539,541,-1,541,539,538,-1,490,489,540,-1,540,489,536,-1,540,536,575,-1,575,536,578,-1,575,578,576,-1,576,578,579,-1,576,579,577,-1,577,579,580,-1,577,580,539,-1,539,580,581,-1,539,581,537,-1,537,581,582,-1,488,487,536,-1,536,487,486,-1,536,486,578,-1,578,486,485,-1,578,485,579,-1,579,485,484,-1,579,484,580,-1,580,484,483,-1,580,483,581,-1,581,483,482,-1,581,482,582,-1,582,482,481,-1,565,554,500,-1,500,554,501,-1,554,553,501,-1,501,553,550,-1,501,550,512,-1,550,549,512,-1,512,549,546,-1,512,546,518,-1,518,546,545,-1,518,545,524,-1,545,542,524,-1,524,542,541,-1,524,541,530,-1,541,538,530,-1,530,538,537,-1,530,537,480,-1,480,537,582,-1,480,582,481,-1,583,584,585,-1,585,584,586,-1,585,586,587,-1,587,586,588,-1,587,588,589,-1,589,588,590,-1,589,590,591,-1,591,590,592,-1,591,592,593,-1,593,592,594,-1,593,594,595,-1,595,594,596,-1,595,596,597,-1,597,596,598,-1,597,598,599,-1,599,598,600,-1,599,600,601,-1,601,600,602,-1,601,602,603,-1,603,602,604,-1,603,604,605,-1,605,604,606,-1,605,606,607,-1,607,606,608,-1,607,608,609,-1,609,608,610,-1,609,610,611,-1,611,610,612,-1,611,612,613,-1,613,612,614,-1,613,614,615,-1,615,614,616,-1,615,616,617,-1,617,616,618,-1,617,618,619,-1,619,618,620,-1,619,620,621,-1,621,620,622,-1,621,622,623,-1,623,622,624,-1,623,624,625,-1,625,624,626,-1,625,626,627,-1,627,626,628,-1,627,628,629,-1,629,628,630,-1,629,630,583,-1,583,630,584,-1,630,631,584,-1,584,631,632,-1,584,632,586,-1,586,632,633,-1,586,633,588,-1,588,633,634,-1,588,634,590,-1,590,634,635,-1,590,635,592,-1,592,635,636,-1,592,636,594,-1,594,636,637,-1,594,637,596,-1,596,637,638,-1,596,638,598,-1,598,638,639,-1,598,639,600,-1,600,639,640,-1,600,640,602,-1,602,640,641,-1,602,641,604,-1,604,641,642,-1,604,642,606,-1,606,642,643,-1,606,643,608,-1,608,643,644,-1,608,644,610,-1,610,644,645,-1,610,645,612,-1,612,645,646,-1,612,646,614,-1,614,646,647,-1,614,647,616,-1,616,647,648,-1,616,648,618,-1,618,648,649,-1,618,649,620,-1,620,649,650,-1,620,650,622,-1,622,650,651,-1,622,651,624,-1,624,651,652,-1,624,652,626,-1,626,652,653,-1,626,653,628,-1,628,653,654,-1,628,654,630,-1,630,654,631,-1,654,655,631,-1,631,655,656,-1,631,656,632,-1,632,656,657,-1,632,657,633,-1,633,657,658,-1,633,658,634,-1,634,658,659,-1,634,659,635,-1,635,659,660,-1,635,660,636,-1,636,660,661,-1,636,661,637,-1,637,661,662,-1,637,662,638,-1,638,662,663,-1,638,663,639,-1,639,663,664,-1,639,664,640,-1,640,664,665,-1,640,665,641,-1,641,665,666,-1,641,666,642,-1,642,666,667,-1,642,667,643,-1,643,667,668,-1,643,668,644,-1,644,668,669,-1,644,669,645,-1,645,669,670,-1,645,670,646,-1,646,670,671,-1,646,671,647,-1,647,671,672,-1,647,672,648,-1,648,672,673,-1,648,673,649,-1,649,673,674,-1,649,674,650,-1,650,674,675,-1,650,675,651,-1,651,675,676,-1,651,676,652,-1,652,676,677,-1,652,677,653,-1,653,677,678,-1,653,678,654,-1,654,678,655,-1,678,679,655,-1,655,679,680,-1,655,680,656,-1,656,680,681,-1,656,681,657,-1,657,681,682,-1,657,682,658,-1,658,682,683,-1,658,683,659,-1,659,683,684,-1,659,684,660,-1,660,684,685,-1,660,685,661,-1,661,685,686,-1,661,686,662,-1,662,686,687,-1,662,687,663,-1,663,687,688,-1,663,688,664,-1,664,688,689,-1,664,689,665,-1,665,689,690,-1,665,690,666,-1,666,690,691,-1,666,691,667,-1,667,691,692,-1,667,692,668,-1,668,692,693,-1,668,693,669,-1,669,693,694,-1,669,694,670,-1,670,694,695,-1,670,695,671,-1,671,695,696,-1,671,696,672,-1,672,696,697,-1,672,697,673,-1,673,697,698,-1,673,698,674,-1,674,698,699,-1,674,699,675,-1,675,699,700,-1,675,700,676,-1,676,700,701,-1,676,701,677,-1,677,701,702,-1,677,702,678,-1,678,702,679,-1,702,703,679,-1,679,703,704,-1,679,704,680,-1,680,704,705,-1,680,705,681,-1,681,705,706,-1,681,706,682,-1,682,706,707,-1,682,707,683,-1,683,707,708,-1,683,708,684,-1,684,708,709,-1,684,709,685,-1,685,709,710,-1,685,710,686,-1,686,710,711,-1,686,711,687,-1,687,711,712,-1,687,712,688,-1,688,712,713,-1,688,713,689,-1,689,713,714,-1,689,714,690,-1,690,714,715,-1,690,715,691,-1,691,715,716,-1,691,716,692,-1,692,716,717,-1,692,717,693,-1,693,717,718,-1,693,718,694,-1,694,718,719,-1,694,719,695,-1,695,719,720,-1,695,720,696,-1,696,720,721,-1,696,721,697,-1,697,721,722,-1,697,722,698,-1,698,722,723,-1,698,723,699,-1,699,723,724,-1,699,724,700,-1,700,724,725,-1,700,725,701,-1,701,725,726,-1,701,726,702,-1,702,726,703,-1,726,727,703,-1,703,727,728,-1,703,728,704,-1,704,728,729,-1,704,729,705,-1,705,729,730,-1,705,730,706,-1,706,730,731,-1,706,731,707,-1,707,731,732,-1,707,732,708,-1,708,732,733,-1,708,733,709,-1,709,733,734,-1,709,734,710,-1,710,734,735,-1,710,735,711,-1,711,735,736,-1,711,736,712,-1,712,736,737,-1,712,737,713,-1,713,737,738,-1,713,738,714,-1,714,738,739,-1,714,739,715,-1,715,739,740,-1,715,740,716,-1,716,740,741,-1,716,741,717,-1,717,741,742,-1,717,742,718,-1,718,742,743,-1,718,743,719,-1,719,743,744,-1,719,744,720,-1,720,744,745,-1,720,745,721,-1,721,745,746,-1,721,746,722,-1,722,746,747,-1,722,747,723,-1,723,747,748,-1,723,748,724,-1,724,748,749,-1,724,749,725,-1,725,749,750,-1,725,750,726,-1,726,750,727,-1,
        ]
    }
}
Shape{
    appearance Appearance {
        material  Material 	{
            diffuseColor 0.5019607843137255 0.5019607843137255 0.5019607843137255
            specularColor 0.25098039215686274 0.25098039215686274 0.25098039215686274
            ambientIntensity 0.502
            transparency 0.0
            shininess 0.5
        }
    }
    geometry IndexedFaceSet {
        ccw TRUE
        solid FALSE
        coord DEF co Coordinate {
            point [
                0.4683 -1.122 0.3228, 0.4683 -1.0827 0.3228, 0.4685 -1.0827 0.3208, 0.4685 -1.122 0.3208, 0.4693 -1.0827 0.3189, 0.4693 -1.122 0.3189, 0.4706 -1.0827 0.3173, 0.4706 -1.122 0.3173, 0.4722 -1.0827 0.316, 0.4722 -1.122 0.316, 0.4741 -1.0827 0.3152, 0.4741 -1.122 0.3152, 0.4761 -1.0827 0.315, 0.4761 -1.122 0.315, 0.4761 -1.1322 0.3163, 0.4741 -1.1322 0.3166, 0.4722 -1.132 0.3173, 0.4706 -1.1316 0.3185, 0.4693 -1.1312 0.3201, 0.4685 -1.1307 0.3219, 0.4683 -1.1302 0.3239, 0.4761 -1.1417 0.3202, 0.4741 -1.1416 0.3205, 0.4722 -1.1412 0.3211, 0.4706 -1.1406 0.3222, 0.4693 -1.1398 0.3236, 0.4685 -1.1388 0.3253, 0.4683 -1.1378 0.327, 0.4761 -1.1499 0.3265, 0.4741 -1.1497 0.3267, 0.4722 -1.1491 0.3272, 0.4706 -1.1483 0.3281, 0.4693 -1.1471 0.3293, 0.4685 -1.1458 0.3306, 0.4683 -1.1443 0.3321, 0.4761 -1.1561 0.3346, 0.4741 -1.1559 0.3348, 0.4722 -1.1552 0.3352, 0.4706 -1.1541 0.3358, 0.4693 -1.1527 0.3366, 0.4685 -1.1511 0.3376, 0.4683 -1.1493 0.3386, 0.4761 -1.1601 0.3441, 0.4741 -1.1598 0.3442, 0.4722 -1.1591 0.3444, 0.4706 -1.1578 0.3447, 0.4693 -1.1563 0.3452, 0.4685 -1.1544 0.3456, 0.4683 -1.1525 0.3462, 0.4761 -1.1614 0.3543, 0.4741 -1.1611 0.3543, 0.4722 -1.1604 0.3543, 0.4706 -1.1591 0.3543, 0.4693 -1.1575 0.3543, 0.4685 -1.1556 0.3543, 0.4683 -1.1535 0.3543, 0.4761 -1.1614 0.4116, 0.4741 -1.1611 0.4116, 0.4722 -1.1604 0.4116, 0.4706 -1.1591 0.4116, 0.4693 -1.1575 0.4116, 0.4685 -1.1556 0.4116, 0.4683 -1.1535 0.4116, 0.4761 -1.1599 0.4459, 0.4741 -1.1597 0.4459, 0.4722 -1.1589 0.4458, 0.4706 -1.1576 0.4457, 0.4693 -1.156 0.4455, 0.4685 -1.1541 0.4454, 0.4683 -1.1521 0.4452, 0.4761 -1.1554 0.4799, 0.4741 -1.1552 0.4799, 0.4722 -1.1544 0.4797, 0.4706 -1.1532 0.4795, 0.4693 -1.1516 0.4792, 0.4685 -1.1497 0.4789, 0.4683 -1.1477 0.4786, 0.4761 -1.1249 0.653, 0.4744 -1.1247 0.653, 0.4741 -1.1246 0.653, 0.4727 -1.1241 0.6529, 0.4722 -1.1238 0.6528, 0.4712 -1.1232 0.6527, 0.4706 -1.1226 0.6526, 0.47 -1.122 0.6525, 0.4693 -1.121 0.6523, 0.469 -1.1205 0.6522, 0.4685 -1.1192 0.652, 0.4685 -1.1189 0.652, 0.4683 -1.1172 0.6517, 0.4744 -1.11 0.6686, 0.4761 -1.1101 0.6688, 0.4761 -1.1055 0.6693, 0.4761 -1.1236 0.6574, 0.4744 -1.1234 0.6573, 0.4727 -1.1229 0.6571, 0.4744 -1.1055 0.6691, 0.4741 -1.1055 0.669, 0.4727 -1.1099 0.668, 0.4712 -1.122 0.6567, 0.4727 -1.1055 0.6685, 0.4722 -1.1055 0.6682, 0.4712 -1.1097 0.6671, 0.47 -1.1209 0.6562, 0.4712 -1.1055 0.6676, 0.4706 -1.1055 0.6669, 0.47 -1.1094 0.6659, 0.469 -1.1195 0.6556, 0.4761 -1.1213 0.6614, 0.4744 -1.1212 0.6612, 0.4727 -1.1207 0.6609, 0.4712 -1.1199 0.6603, 0.47 -1.1189 0.6596, 0.469 -1.1177 0.6587, 0.4761 -1.1182 0.6647, 0.4744 -1.1181 0.6645, 0.4727 -1.1177 0.6641, 0.4712 -1.1171 0.6634, 0.47 -1.1163 0.6624, 0.469 -1.1153 0.6613, 0.4761 -1.1144 0.6672, 0.4744 -1.1143 0.667, 0.4727 -1.114 0.6665, 0.4712 -1.1136 0.6657, 0.47 -1.113 0.6645, 0.469 -1.1124 0.6632, 0.469 -1.109 0.6644, 0.4685 -1.118 0.655, 0.47 -1.1055 0.6663, 0.4693 -1.1055 0.6653, 0.469 -1.1055 0.6648, 0.4685 -1.1055 0.6634, 0.4685 -1.1164 0.6577, 0.4685 -1.1142 0.66, 0.4685 -1.1116 0.6617, 0.4685 -1.1087 0.6628, 0.4685 -1.1055 0.6632, 0.4683 -1.1164 0.6543, 0.4683 -1.115 0.6567, 0.4683 -1.1131 0.6586, 0.4683 -1.1108 0.6602, 0.4683 -1.1083 0.6611, 0.4683 -1.1055 0.6614, 0.4683 -1.0826 0.6623, 0.4683 -1.0827 0.6614, 0.4706 -1.0803 0.6669, 0.47 -1.081 0.6663, 0.4693 -1.0816 0.6653, 0.469 -1.0819 0.6648, 0.4685 -1.0824 0.6635, 0.4685 -1.0825 0.6632, 0.4722 -1.0787 0.6682, 0.4712 -1.0797 0.6676, 0.4741 -1.0768 0.669, 0.4727 -1.0782 0.6685, 0.4761 -1.0748 0.6693, 0.4744 -1.0766 0.6691, 0.2714 -1.0826 0.6623, 0.2714 -1.0827 0.6614, 0.2712 -1.0825 0.6632, 0.2706 -1.0819 0.6648, 0.271 -1.0822 0.664, 0.2697 -1.081 0.6663, 0.2684 -1.0797 0.6676, 0.2669 -1.0782 0.6685, 0.2653 -1.0766 0.6691, 0.2635 -1.0748 0.6693, 0.2635 -1.1024 0.6693, 0.2653 -1.1024 0.6691, 0.2656 -1.1024 0.669, 0.2669 -1.1024 0.6685, 0.2675 -1.1024 0.6682, 0.2684 -1.1024 0.6675, 0.2691 -1.1024 0.667, 0.2712 -1.1024 0.6632, 0.2714 -1.1024 0.6614, 0.2696 -1.1024 0.6663, 0.2703 -1.1024 0.6653, 0.2706 -1.1024 0.6648, 0.2711 -1.1024 0.6635, 0.2517 -1.1142 0.6693, -0.1814 -1.1142 0.6693, -0.1814 -1.1162 0.669, 0.2517 -1.1162 0.669, -0.1814 -1.1181 0.6682, 0.2517 -1.1181 0.6682, -0.1814 -1.1197 0.667, 0.2517 -1.1197 0.667, -0.1814 -1.121 0.6653, 0.2517 -1.121 0.6653, -0.1814 -1.1218 0.6635, 0.2517 -1.1218 0.6635, -0.1814 -1.122 0.6614, 0.2517 -1.122 0.6614, -0.1932 -1.1024 0.6693, -0.1932 1.1024 0.6693, -0.1952 1.1024 0.669, -0.1952 -1.1024 0.669, -0.1971 1.1024 0.6682, -0.1971 -1.1024 0.6682, -0.1987 1.1024 0.667, -0.1987 -1.1024 0.667, -0.2 1.1024 0.6653, -0.2 -1.1024 0.6653, -0.2008 1.1024 0.6635, -0.2008 -1.1024 0.6635, -0.201 1.1024 0.6614, -0.201 -1.1024 0.6614, -0.1814 1.1142 0.6693, 0.2517 1.1142 0.6693, 0.2517 1.1162 0.669, -0.1814 1.1162 0.669, 0.2517 1.1181 0.6682, -0.1814 1.1181 0.6682, 0.2517 1.1197 0.667, -0.1814 1.1197 0.667, 0.2517 1.121 0.6653, -0.1814 1.121 0.6653, 0.2517 1.1218 0.6635, -0.1814 1.1218 0.6635, 0.2517 1.122 0.6614, -0.1814 1.122 0.6614, 0.2714 1.0827 0.6614, 0.2714 1.1024 0.6614, 0.2714 1.0826 0.6623, 0.2712 1.1024 0.6632, 0.2712 1.0825 0.6632, 0.2711 1.1024 0.6635, 0.271 1.0822 0.664, 0.2706 1.1024 0.6648, 0.2706 1.0819 0.6648, 0.2703 1.1024 0.6653, 0.2697 1.081 0.6663, 0.2696 1.1024 0.6663, 0.2684 1.0797 0.6676, 0.2691 1.1024 0.667, 0.2684 1.1024 0.6675, 0.2669 1.0782 0.6685, 0.2675 1.1024 0.6682, 0.2669 1.1024 0.6685, 0.2653 1.0766 0.6691, 0.2656 1.1024 0.669, 0.2653 1.1024 0.6691, 0.2635 1.1024 0.6693, 0.2635 1.0748 0.6693, 0.4683 1.0826 0.6623, 0.4683 1.0827 0.6614, 0.4685 1.0825 0.6632, 0.469 1.0819 0.6648, 0.4685 1.0824 0.6635, 0.4693 1.0816 0.6653, 0.47 1.081 0.6663, 0.4712 1.0797 0.6676, 0.4706 1.0803 0.6669, 0.4744 1.0766 0.6691, 0.4741 1.0768 0.669, 0.4727 1.0782 0.6685, 0.4722 1.0787 0.6682, 0.4761 1.0748 0.6693, 0.4683 1.1055 0.6614, 0.4685 1.1055 0.6632, 0.4685 1.1055 0.6634, 0.4761 1.1055 0.6693, 0.4744 1.1055 0.6691, 0.4741 1.1055 0.669, 0.4727 1.1055 0.6685, 0.4722 1.1055 0.6682, 0.4712 1.1055 0.6676, 0.4706 1.1055 0.6669, 0.47 1.1055 0.6663, 0.4693 1.1055 0.6653, 0.469 1.1055 0.6648, 0.4685 1.1087 0.6628, 0.4683 1.1083 0.6611, 0.4683 1.1172 0.6517, 0.4683 1.1164 0.6543, 0.4685 1.1189 0.652, 0.4685 1.118 0.655, 0.4685 1.1192 0.652, 0.469 1.1195 0.6556, 0.469 1.109 0.6644, 0.47 1.1209 0.6562, 0.4693 1.121 0.6523, 0.469 1.1205 0.6522, 0.47 1.1094 0.6659, 0.4712 1.122 0.6567, 0.4706 1.1226 0.6526, 0.47 1.122 0.6525, 0.4712 1.1097 0.6671, 0.4741 1.1246 0.653, 0.4727 1.1241 0.6529, 0.4727 1.1229 0.6571, 0.4722 1.1238 0.6528, 0.4712 1.1232 0.6527, 0.4683 1.115 0.6567, 0.4685 1.1164 0.6577, 0.469 1.1177 0.6587, 0.47 1.1189 0.6596, 0.4712 1.1199 0.6603, 0.4727 1.1207 0.6609, 0.4683 1.1131 0.6586, 0.4685 1.1142 0.66, 0.469 1.1153 0.6613, 0.47 1.1163 0.6624, 0.4712 1.1171 0.6634, 0.4727 1.1177 0.6641, 0.4683 1.1108 0.6602, 0.4685 1.1116 0.6617, 0.469 1.1124 0.6632, 0.47 1.113 0.6645, 0.4712 1.1136 0.6657, 0.4727 1.114 0.6665, 0.4727 1.1099 0.668, 0.4761 1.1249 0.653, 0.4744 1.1247 0.653, 0.4744 1.1234 0.6573, 0.4744 1.1212 0.6612, 0.4744 1.1181 0.6645, 0.4744 1.1143 0.667, 0.4744 1.11 0.6686, 0.4761 1.1236 0.6574, 0.4761 1.1213 0.6614, 0.4761 1.1182 0.6647, 0.4761 1.1144 0.6672, 0.4761 1.1101 0.6688, 0.4683 1.1477 0.4786, 0.4685 1.1497 0.4789, 0.4693 1.1516 0.4792, 0.4706 1.1532 0.4795, 0.4722 1.1544 0.4797, 0.4741 1.1552 0.4799, 0.4761 1.1554 0.4799, 0.4683 1.1535 0.4116, 0.4683 1.1521 0.4452, 0.4685 1.1556 0.4116, 0.4685 1.1541 0.4454, 0.4693 1.1575 0.4116, 0.4693 1.156 0.4455, 0.4706 1.1591 0.4116, 0.4706 1.1576 0.4457, 0.4722 1.1604 0.4116, 0.4722 1.1589 0.4458, 0.4741 1.1611 0.4116, 0.4741 1.1597 0.4459, 0.4761 1.1614 0.4116, 0.4761 1.1599 0.4459, 0.4761 1.1614 0.3543, 0.4741 1.1611 0.3543, 0.4722 1.1604 0.3543, 0.4706 1.1591 0.3543, 0.4693 1.1575 0.3543, 0.4685 1.1556 0.3543, 0.4683 1.1535 0.3543, 0.4683 1.122 0.3228, 0.4683 1.1302 0.3239, 0.4685 1.122 0.3208, 0.4685 1.1307 0.3219, 0.4693 1.122 0.3189, 0.4693 1.1312 0.3201, 0.4706 1.122 0.3173, 0.4706 1.1316 0.3185, 0.4722 1.122 0.316, 0.4722 1.132 0.3173, 0.4741 1.122 0.3152, 0.4741 1.1322 0.3166, 0.4761 1.122 0.315, 0.4761 1.1322 0.3163, 0.4683 1.1378 0.327, 0.4685 1.1388 0.3253, 0.4693 1.1398 0.3236, 0.4706 1.1406 0.3222, 0.4722 1.1412 0.3211, 0.4741 1.1416 0.3205, 0.4761 1.1417 0.3202, 0.4683 1.1443 0.3321, 0.4685 1.1458 0.3306, 0.4693 1.1471 0.3293, 0.4706 1.1483 0.3281, 0.4722 1.1491 0.3272, 0.4741 1.1497 0.3267, 0.4761 1.1499 0.3265, 0.4683 1.1493 0.3386, 0.4685 1.1511 0.3376, 0.4693 1.1527 0.3366, 0.4706 1.1541 0.3358, 0.4722 1.1552 0.3352, 0.4741 1.1559 0.3348, 0.4761 1.1561 0.3346, 0.4683 1.1525 0.3462, 0.4685 1.1544 0.3456, 0.4693 1.1563 0.3452, 0.4706 1.1578 0.3447, 0.4722 1.1591 0.3444, 0.4741 1.1598 0.3442, 0.4761 1.1601 0.3441, 0.4761 1.0827 0.315, 0.4741 1.0827 0.3152, 0.4722 1.0827 0.316, 0.4706 1.0827 0.3173, 0.4693 1.0827 0.3189, 0.4685 1.0827 0.3208, 0.4683 1.0827 0.3228, 0.8541 -1.122 0.315, 0.8541 -1.0827 0.315, 0.8561 -1.0827 0.3152, 0.8561 -1.122 0.3152, 0.858 -1.0827 0.316, 0.858 -1.122 0.316, 0.8596 -1.0827 0.3173, 0.8596 -1.122 0.3173, 0.8609 -1.0827 0.3189, 0.8609 -1.122 0.3189, 0.8617 -1.0827 0.3208, 0.8617 -1.122 0.3208, 0.862 -1.0827 0.3228, 0.862 -1.122 0.3228, 0.8541 -1.1614 0.3543, 0.8541 -1.1601 0.3441, 0.8561 -1.1611 0.3543, 0.8561 -1.1598 0.3442, 0.858 -1.1604 0.3543, 0.858 -1.1591 0.3444, 0.8596 -1.1591 0.3543, 0.8596 -1.1578 0.3447, 0.8609 -1.1575 0.3543, 0.8609 -1.1563 0.3452, 0.8617 -1.1556 0.3543, 0.8617 -1.1544 0.3456, 0.862 -1.1535 0.3543, 0.862 -1.1525 0.3462, 0.8541 -1.1561 0.3346, 0.8561 -1.1559 0.3348, 0.858 -1.1552 0.3352, 0.8596 -1.1541 0.3358, 0.8609 -1.1527 0.3366, 0.8617 -1.1511 0.3376, 0.862 -1.1493 0.3386, 0.8541 -1.1499 0.3265, 0.8561 -1.1497 0.3267, 0.858 -1.1491 0.3272, 0.8596 -1.1483 0.3281, 0.8609 -1.1471 0.3293, 0.8617 -1.1458 0.3306, 0.862 -1.1443 0.3321, 0.8541 -1.1417 0.3202, 0.8561 -1.1416 0.3205, 0.858 -1.1412 0.3211, 0.8596 -1.1406 0.3222, 0.8609 -1.1398 0.3236, 0.8617 -1.1388 0.3253, 0.862 -1.1378 0.327, 0.8541 -1.1322 0.3163, 0.8561 -1.1322 0.3166, 0.858 -1.132 0.3173, 0.8596 -1.1316 0.3185, 0.8609 -1.1312 0.3201, 0.8617 -1.1307 0.3219, 0.862 -1.1302 0.3239, 0.8541 -1.1614 0.4116, 0.8561 -1.1611 0.4116, 0.858 -1.1604 0.4116, 0.8596 -1.1591 0.4116, 0.8609 -1.1575 0.4116, 0.8617 -1.1556 0.4116, 0.862 -1.1535 0.4116, 0.8541 -1.1554 0.4799, 0.8541 -1.1599 0.4459, 0.8561 -1.1552 0.4799, 0.8561 -1.1597 0.4459, 0.858 -1.1544 0.4797, 0.858 -1.1589 0.4458, 0.8596 -1.1532 0.4795, 0.8596 -1.1576 0.4457, 0.8609 -1.1516 0.4792, 0.8609 -1.156 0.4455, 0.8617 -1.1497 0.4789, 0.8617 -1.1541 0.4454, 0.862 -1.1477 0.4786, 0.862 -1.1521 0.4452, 0.8541 -1.1249 0.653, 0.8561 -1.1247 0.653, 0.858 -1.1239 0.6528, 0.8596 -1.1226 0.6526, 0.8609 -1.121 0.6523, 0.8617 -1.1192 0.652, 0.862 -1.1172 0.6517, 0.8541 -1.1055 0.6693, 0.8541 -1.1101 0.6688, 0.8561 -1.1055 0.669, 0.8561 -1.11 0.6685, 0.858 -1.1055 0.6682, 0.858 -1.1098 0.6677, 0.8596 -1.1055 0.667, 0.8596 -1.1095 0.6665, 0.8609 -1.1055 0.6653, 0.8609 -1.1092 0.6649, 0.8617 -1.1055 0.6635, 0.8617 -1.1087 0.6631, 0.862 -1.1055 0.6614, 0.862 -1.1083 0.6611, 0.8541 -1.1144 0.6672, 0.8561 -1.1142 0.667, 0.858 -1.1139 0.6663, 0.8596 -1.1133 0.6651, 0.8609 -1.1126 0.6637, 0.8617 -1.1117 0.662, 0.862 -1.1108 0.6602, 0.8541 -1.1182 0.6647, 0.8561 -1.118 0.6645, 0.858 -1.1175 0.6639, 0.8596 -1.1167 0.6629, 0.8609 -1.1157 0.6617, 0.8617 -1.1144 0.6602, 0.862 -1.1131 0.6586, 0.8541 -1.1213 0.6614, 0.8561 -1.1211 0.6612, 0.858 -1.1205 0.6607, 0.8596 -1.1195 0.66, 0.8609 -1.1182 0.659, 0.8617 -1.1166 0.6579, 0.862 -1.115 0.6567, 0.8541 -1.1236 0.6574, 0.8561 -1.1234 0.6573, 0.858 -1.1226 0.657, 0.8596 -1.1215 0.6565, 0.8609 -1.12 0.6558, 0.8617 -1.1182 0.6551, 0.862 -1.1164 0.6543, 0.858 -1.0787 0.6682, 0.8575 -1.0782 0.6685, 0.8561 -1.0768 0.669, 0.8558 -1.0766 0.6691, 0.8541 -1.0748 0.6693, 0.8609 -1.0816 0.6653, 0.8602 -1.081 0.6663, 0.8596 -1.0804 0.667, 0.8589 -1.0797 0.6675, 0.862 -1.0827 0.6614, 0.8619 -1.0826 0.6623, 0.8618 -1.0825 0.6632, 0.8617 -1.0824 0.6635, 0.8612 -1.0819 0.6648, 1.0633 -1.0782 0.6685, 1.0649 -1.0766 0.6691, 1.0667 -1.0748 0.6693, 1.0618 -1.0797 0.6676, 1.0605 -1.081 0.6663, 1.0596 -1.0819 0.6648, 1.0588 -1.0827 0.6614, 1.0589 -1.0826 0.6623, 1.059 -1.0825 0.6632, 1.0592 -1.0822 0.664, 1.0588 -1.1024 0.6614, 1.059 -1.1024 0.6632, 1.0591 -1.1024 0.6635, 1.0596 -1.1024 0.6648, 1.0599 -1.1024 0.6653, 1.0606 -1.1024 0.6663, 1.0611 -1.1024 0.667, 1.0618 -1.1024 0.6675, 1.0627 -1.1024 0.6682, 1.0633 -1.1024 0.6685, 1.0646 -1.1024 0.669, 1.0649 -1.1024 0.6691, 1.0667 -1.1024 0.6693, 1.5116 -1.1142 0.6693, 1.0785 -1.1142 0.6693, 1.0785 -1.1162 0.669, 1.5116 -1.1162 0.669, 1.0785 -1.1181 0.6682, 1.5116 -1.1181 0.6682, 1.0785 -1.1197 0.667, 1.5116 -1.1197 0.667, 1.0785 -1.121 0.6653, 1.5116 -1.121 0.6653, 1.0785 -1.1218 0.6635, 1.5116 -1.1218 0.6635, 1.0785 -1.122 0.6614, 1.5116 -1.122 0.6614, 1.5234 -0.5787 0.6693, 1.5234 -1.1024 0.6693, 1.5254 -1.1024 0.669, 1.5254 -0.5767 0.669, 1.5273 -1.1024 0.6682, 1.5273 -0.5748 0.6682, 1.5289 -1.1024 0.667, 1.5289 -0.5732 0.667, 1.5296 -0.5725 0.6662, 1.5302 -1.1024 0.6653, 1.5302 -0.5719 0.6653, 1.5306 -0.5715 0.6644, 1.531 -1.1024 0.6635, 1.531 -0.5711 0.6635, 1.5312 -0.5709 0.6624, 1.5312 -1.1024 0.6614, 1.5312 -0.5709 0.6614, 1.3305 -0.5748 0.6682, 1.3286 -0.5767 0.669, 1.3265 -0.5787 0.6693, 1.3333 -0.5719 0.6653, 1.3328 -0.5725 0.6662, 1.3321 -0.5732 0.667, 1.3344 -0.5709 0.6614, 1.3343 -0.5709 0.6624, 1.3341 -0.5711 0.6635, 1.3338 -0.5715 0.6644, 1.3328 0.8087 0.6662, 1.3321 0.8094 0.667, 1.3305 0.811 0.6682, 1.3286 0.8129 0.669, 1.3265 0.815 0.6693, 1.3333 0.8081 0.6653, 1.3341 0.8074 0.6635, 1.3338 0.8077 0.6644, 1.3344 0.8071 0.6614, 1.3343 0.8072 0.6624, 1.5234 0.815 0.6693, 1.5254 0.8129 0.669, 1.5273 0.811 0.6682, 1.5289 0.8094 0.667, 1.5296 0.8087 0.6662, 1.5302 0.8081 0.6653, 1.5306 0.8077 0.6644, 1.531 0.8074 0.6635, 1.5312 0.8072 0.6624, 1.5312 0.8071 0.6614, 1.5312 1.1024 0.6614, 1.531 1.1024 0.6635, 1.5302 1.1024 0.6653, 1.5289 1.1024 0.667, 1.5273 1.1024 0.6682, 1.5254 1.1024 0.669, 1.5234 1.1024 0.6693, 1.0785 1.1142 0.6693, 1.5116 1.1142 0.6693, 1.5116 1.1162 0.669, 1.0785 1.1162 0.669, 1.5116 1.1181 0.6682, 1.0785 1.1181 0.6682, 1.5116 1.1197 0.667, 1.0785 1.1197 0.667, 1.5116 1.121 0.6653, 1.0785 1.121 0.6653, 1.5116 1.1218 0.6635, 1.0785 1.1218 0.6635, 1.5116 1.122 0.6614, 1.0785 1.122 0.6614, 1.0667 1.0748 0.6693, 1.0667 1.1024 0.6693, 1.0649 1.1024 0.6691, 1.0649 1.0766 0.6691, 1.0646 1.1024 0.669, 1.0633 1.0782 0.6685, 1.0633 1.1024 0.6685, 1.0627 1.1024 0.6682, 1.0618 1.0797 0.6676, 1.0618 1.1024 0.6675, 1.0611 1.1024 0.667, 1.0605 1.081 0.6663, 1.059 1.1024 0.6632, 1.0588 1.1024 0.6614, 1.0588 1.0827 0.6614, 1.0606 1.1024 0.6663, 1.0599 1.1024 0.6653, 1.0596 1.0819 0.6648, 1.0596 1.1024 0.6648, 1.0592 1.0822 0.664, 1.0591 1.1024 0.6635, 1.059 1.0825 0.6632, 1.0589 1.0826 0.6623, 0.8619 1.0826 0.6623, 0.8618 1.0825 0.6632, 0.8541 1.0748 0.6693, 0.8558 1.0766 0.6691, 0.8589 1.0797 0.6675, 0.858 1.0787 0.6682, 0.8575 1.0782 0.6685, 0.8561 1.0768 0.669, 0.8617 1.0824 0.6635, 0.8612 1.0819 0.6648, 0.8609 1.0816 0.6653, 0.8602 1.081 0.6663, 0.8596 1.0804 0.667, 0.862 1.0827 0.6614, 0.862 1.1055 0.6614, 0.8617 1.1055 0.6635, 0.8609 1.1055 0.6653, 0.8596 1.1055 0.667, 0.858 1.1055 0.6682, 0.8561 1.1055 0.669, 0.8541 1.1055 0.6693, 0.862 1.1083 0.6611, 0.8617 1.1087 0.6631, 0.8609 1.1092 0.6649, 0.8596 1.1095 0.6665, 0.858 1.1098 0.6677, 0.8561 1.11 0.6685, 0.8541 1.1101 0.6688, 0.862 1.1108 0.6602, 0.8617 1.1117 0.662, 0.8609 1.1126 0.6637, 0.8596 1.1133 0.6651, 0.858 1.1139 0.6663, 0.8561 1.1142 0.667, 0.8541 1.1144 0.6672, 0.862 1.1131 0.6586, 0.8617 1.1144 0.6602, 0.8609 1.1157 0.6617, 0.8596 1.1167 0.6629, 0.858 1.1175 0.6639, 0.8561 1.118 0.6645, 0.8541 1.1182 0.6647, 0.862 1.115 0.6567, 0.8617 1.1166 0.6579, 0.8609 1.1182 0.659, 0.8596 1.1195 0.66, 0.858 1.1205 0.6607, 0.8561 1.1211 0.6612, 0.8541 1.1213 0.6614, 0.862 1.1164 0.6543, 0.8617 1.1182 0.6551, 0.8609 1.12 0.6558, 0.8596 1.1215 0.6565, 0.858 1.1226 0.657, 0.8561 1.1234 0.6573, 0.8541 1.1236 0.6574, 0.862 1.1172 0.6517, 0.8617 1.1192 0.652, 0.8609 1.121 0.6523, 0.8596 1.1226 0.6526, 0.858 1.1239 0.6528, 0.8561 1.1247 0.653, 0.8541 1.1249 0.653, 0.862 1.1477 0.4786, 0.8617 1.1497 0.4789, 0.8609 1.1516 0.4792, 0.8596 1.1532 0.4795, 0.858 1.1544 0.4797, 0.8561 1.1552 0.4799, 0.8541 1.1554 0.4799, 0.862 1.1521 0.4452, 0.8617 1.1541 0.4454, 0.8609 1.156 0.4455, 0.8596 1.1576 0.4457, 0.858 1.1589 0.4458, 0.8561 1.1597 0.4459, 0.8541 1.1599 0.4459, 0.862 1.1535 0.4116, 0.8617 1.1556 0.4116, 0.8609 1.1575 0.4116, 0.8596 1.1591 0.4116, 0.858 1.1604 0.4116, 0.8561 1.1611 0.4116, 0.8541 1.1614 0.4116, 0.8541 1.1614 0.3543, 0.8561 1.1611 0.3543, 0.858 1.1604 0.3543, 0.8596 1.1591 0.3543, 0.8609 1.1575 0.3543, 0.8617 1.1556 0.3543, 0.862 1.1535 0.3543, 0.862 1.1525 0.3462, 0.8617 1.1544 0.3456, 0.8609 1.1563 0.3452, 0.8596 1.1578 0.3447, 0.858 1.1591 0.3444, 0.8561 1.1598 0.3442, 0.8541 1.1601 0.3441, 0.862 1.1493 0.3386, 0.8617 1.1511 0.3376, 0.8609 1.1527 0.3366, 0.8596 1.1541 0.3358, 0.858 1.1552 0.3352, 0.8561 1.1559 0.3348, 0.8541 1.1561 0.3346, 0.862 1.1443 0.3321, 0.8617 1.1458 0.3306, 0.8609 1.1471 0.3293, 0.8596 1.1483 0.3281, 0.858 1.1491 0.3272, 0.8561 1.1497 0.3267, 0.8541 1.1499 0.3265, 0.862 1.1378 0.327, 0.8617 1.1388 0.3253, 0.8609 1.1398 0.3236, 0.8596 1.1406 0.3222, 0.858 1.1412 0.3211, 0.8561 1.1416 0.3205, 0.8541 1.1417 0.3202, 0.862 1.1302 0.3239, 0.8617 1.1307 0.3219, 0.8609 1.1312 0.3201, 0.8596 1.1316 0.3185, 0.858 1.132 0.3173, 0.8561 1.1322 0.3166, 0.8541 1.1322 0.3163, 0.862 1.122 0.3228, 0.8617 1.122 0.3208, 0.8609 1.122 0.3189, 0.8596 1.122 0.3173, 0.858 1.122 0.316, 0.8561 1.122 0.3152, 0.8541 1.122 0.315, 0.862 1.0827 0.3228, 0.8617 1.0827 0.3208, 0.8609 1.0827 0.3189, 0.8596 1.0827 0.3173, 0.858 1.0827 0.316, 0.8561 1.0827 0.3152, 0.8541 1.0827 0.315, -0.0165 0.0507 -0.0984, -0.0044 0.0854 -0.0984, -0.002 0.0842 -0.1188, 0.1223 0.1895 -0.0984, 0.1292 0.1919 -0.0984, 0.1298 0.1893 -0.1188, 0.2237 0.1895 -0.0984, 0.2584 0.1774 -0.0984, 0.2572 0.1749 -0.1188, 0.3625 0.0507 -0.0984, 0.3649 0.0438 -0.0984, 0.3623 0.0432 -0.1188, 0.3625 -0.0507 -0.0984, 0.3503 -0.0854 -0.0984, 0.3479 -0.0842 -0.1188, 0.2237 -0.1895 -0.0984, 0.2168 -0.1919 -0.0984, 0.2162 -0.1893 -0.1188, 0.1223 -0.1895 -0.0984, 0.0876 -0.1774 -0.0984, 0.0887 -0.1749 -0.1188, -0.0165 -0.0507 -0.0984, -0.0189 -0.0438 -0.0984, -0.0163 -0.0432 -0.1188, 0.0666 -0.0512 -0.1772, 0.0806 -0.0736 -0.1772, 0.0482 -0.0601 -0.1745, 0.0647 -0.0863 -0.1745, 0.0311 -0.0683 -0.1666, 0.0499 -0.0982 -0.1666, 0.0164 -0.0754 -0.1541, 0.0371 -0.1084 -0.1541, 0.0051 -0.0808 -0.1378, 0.0273 -0.1162 -0.1378, -0.002 -0.0842 -0.1188, 0.0212 -0.1211 -0.1188, 0.2242 -0.1064 -0.1772, 0.2466 -0.0923 -0.1772, 0.2331 -0.1248 -0.1745, 0.2593 -0.1083 -0.1745, 0.2413 -0.1419 -0.1666, 0.2712 -0.1231 -0.1666, 0.2484 -0.1566 -0.1541, 0.2813 -0.1359 -0.1541, 0.2538 -0.1679 -0.1378, 0.2891 -0.1457 -0.1378, 0.2572 -0.1749 -0.1188, 0.294 -0.1518 -0.1188, 0.2794 0.0512 -0.1772, 0.2653 0.0736 -0.1772, 0.2978 0.0601 -0.1745, 0.2813 0.0863 -0.1745, 0.3149 0.0683 -0.1666, 0.2961 0.0982 -0.1666, 0.3296 0.0754 -0.1541, 0.3089 0.1084 -0.1541, 0.3408 0.0808 -0.1378, 0.3186 0.1162 -0.1378, 0.3479 0.0842 -0.1188, 0.3248 0.1211 -0.1188, 0.1217 0.1064 -0.1772, 0.0993 0.0923 -0.1772, 0.1129 0.1248 -0.1745, 0.0866 0.1083 -0.1745, 0.1047 0.1419 -0.1666, 0.0748 0.1231 -0.1666, 0.0976 0.1566 -0.1541, 0.0646 0.1359 -0.1541, 0.0921 0.1679 -0.1378, 0.0568 0.1457 -0.1378, 0.0887 0.1749 -0.1188, 0.0519 0.1518 -0.1188, 0.0549 0.0 -0.1772, 0.0578 -0.0263 -0.1772, 0.0345 0.0 -0.1745, 0.038 -0.0308 -0.1745, 0.0155 0.0 -0.1666, 0.0194 -0.035 -0.1666, -0.0008 0.0 -0.1541, 0.0035 -0.0387 -0.1541, -0.0133 0.0 -0.1378, -0.0087 -0.0415 -0.1378, -0.0212 0.0 -0.1188, -0.0239 -0.0 -0.0984, -0.0044 -0.0854 -0.0984, 0.0751 -0.1695 -0.0984, 0.0502 -0.1539 -0.0984, 0.0519 -0.1518 -0.1188, 0.0568 -0.1457 -0.1378, 0.0646 -0.1359 -0.1541, 0.0748 -0.1231 -0.1666, 0.0866 -0.1083 -0.1745, 0.0993 -0.0923 -0.1772, 0.0347 -0.1383 -0.0984, 0.0191 -0.1227 -0.0984, 0.0034 -0.0978 -0.0984, 0.0921 -0.1679 -0.1378, 0.0976 -0.1566 -0.1541, 0.1047 -0.1419 -0.1666, 0.1129 -0.1248 -0.1745, 0.1217 -0.1064 -0.1772, 0.1292 -0.1919 -0.0984, 0.1298 -0.1893 -0.1188, 0.1315 -0.1816 -0.1378, 0.1343 -0.1694 -0.1541, 0.1379 -0.1535 -0.1666, 0.1422 -0.135 -0.1745, 0.1467 -0.1151 -0.1772, 0.173 -0.1181 -0.1772, 0.173 -0.1385 -0.1745, 0.173 -0.1575 -0.1666, 0.173 -0.1738 -0.1541, 0.173 -0.1863 -0.1378, 0.173 -0.1942 -0.1188, 0.173 -0.1969 -0.0984, 0.1993 -0.1151 -0.1772, 0.2038 -0.135 -0.1745, 0.208 -0.1535 -0.1666, 0.2116 -0.1694 -0.1541, 0.2144 -0.1816 -0.1378, 0.2584 -0.1774 -0.0984, 0.3425 -0.0978 -0.0984, 0.3269 -0.1227 -0.0984, 0.3248 -0.1211 -0.1188, 0.3186 -0.1162 -0.1378, 0.3089 -0.1084 -0.1541, 0.2961 -0.0982 -0.1666, 0.2813 -0.0863 -0.1745, 0.2653 -0.0736 -0.1772, 0.3113 -0.1383 -0.0984, 0.2957 -0.1539 -0.0984, 0.2708 -0.1695 -0.0984, 0.3408 -0.0808 -0.1378, 0.3296 -0.0754 -0.1541, 0.3149 -0.0683 -0.1666, 0.2978 -0.0601 -0.1745, 0.2794 -0.0512 -0.1772, 0.3649 -0.0438 -0.0984, 0.3623 -0.0432 -0.1188, 0.3546 -0.0415 -0.1378, 0.3424 -0.0387 -0.1541, 0.3265 -0.035 -0.1666, 0.308 -0.0308 -0.1745, 0.2881 -0.0263 -0.1772, 0.2911 0.0 -0.1772, 0.3115 0.0 -0.1745, 0.3305 0.0 -0.1666, 0.3468 0.0 -0.1541, 0.3593 0.0 -0.1378, 0.3671 0.0 -0.1188, 0.3698 0.0 -0.0984, 0.2881 0.0263 -0.1772, 0.308 0.0308 -0.1745, 0.3265 0.035 -0.1666, 0.3424 0.0387 -0.1541, 0.3546 0.0415 -0.1378, 0.3503 0.0854 -0.0984, 0.2708 0.1695 -0.0984, 0.2957 0.1539 -0.0984, 0.294 0.1518 -0.1188, 0.2891 0.1457 -0.1378, 0.2813 0.1359 -0.1541, 0.2712 0.1231 -0.1666, 0.2593 0.1083 -0.1745, 0.2466 0.0923 -0.1772, 0.3113 0.1383 -0.0984, 0.3269 0.1227 -0.0984, 0.3425 0.0978 -0.0984, 0.2538 0.1679 -0.1378, 0.2484 0.1566 -0.1541, 0.2413 0.1419 -0.1666, 0.2331 0.1248 -0.1745, 0.2242 0.1064 -0.1772, 0.2168 0.1919 -0.0984, 0.2162 0.1893 -0.1188, 0.2144 0.1816 -0.1378, 0.2116 0.1694 -0.1541, 0.208 0.1535 -0.1666, 0.2038 0.135 -0.1745, 0.1993 0.1151 -0.1772, 0.173 0.1181 -0.1772, 0.173 0.1385 -0.1745, 0.173 0.1575 -0.1666, 0.173 0.1738 -0.1541, 0.173 0.1863 -0.1378, 0.173 0.1942 -0.1188, 0.173 0.1969 -0.0984, 0.1467 0.1151 -0.1772, 0.1422 0.135 -0.1745, 0.1379 0.1535 -0.1666, 0.1343 0.1694 -0.1541, 0.1315 0.1816 -0.1378, 0.0876 0.1774 -0.0984, 0.0034 0.0978 -0.0984, 0.0191 0.1227 -0.0984, 0.0212 0.1211 -0.1188, 0.0273 0.1162 -0.1378, 0.0371 0.1084 -0.1541, 0.0499 0.0982 -0.1666, 0.0647 0.0863 -0.1745, 0.0806 0.0736 -0.1772, 0.0347 0.1383 -0.0984, 0.0502 0.1539 -0.0984, 0.0751 0.1695 -0.0984, 0.0051 0.0808 -0.1378, 0.0164 0.0754 -0.1541, 0.0311 0.0683 -0.1666, 0.0482 0.0601 -0.1745, 0.0666 0.0512 -0.1772, -0.0189 0.0438 -0.0984, -0.0163 0.0432 -0.1188, -0.0087 0.0415 -0.1378, 0.0035 0.0387 -0.1541, 0.0194 0.035 -0.1666, 0.038 0.0308 -0.1745, 0.0578 0.0263 -0.1772, 0.9677 0.0507 -0.0984, 0.9799 0.0854 -0.0984, 0.9823 0.0842 -0.1188, 1.1065 0.1895 -0.0984, 1.1134 0.1919 -0.0984, 1.114 0.1893 -0.1188, 1.208 0.1895 -0.0984, 1.2426 0.1774 -0.0984, 1.2415 0.1749 -0.1188, 1.3467 0.0507 -0.0984, 1.3491 0.0438 -0.0984, 1.3465 0.0432 -0.1188, 1.3467 -0.0507 -0.0984, 1.3346 -0.0854 -0.0984, 1.3322 -0.0842 -0.1188, 1.208 -0.1895 -0.0984, 1.201 -0.1919 -0.0984, 1.2004 -0.1893 -0.1188, 1.1065 -0.1895 -0.0984, 1.0718 -0.1774 -0.0984, 1.073 -0.1749 -0.1188, 0.9677 -0.0507 -0.0984, 0.9653 -0.0438 -0.0984, 0.9679 -0.0432 -0.1188, 1.0508 -0.0512 -0.1772, 1.0649 -0.0736 -0.1772, 1.0325 -0.0601 -0.1745, 1.049 -0.0863 -0.1745, 1.0153 -0.0683 -0.1666, 1.0341 -0.0982 -0.1666, 1.0007 -0.0754 -0.1541, 1.0214 -0.1084 -0.1541, 0.9894 -0.0808 -0.1378, 1.0116 -0.1162 -0.1378, 0.9823 -0.0842 -0.1188, 1.0054 -0.1211 -0.1188, 1.2085 -0.1064 -0.1772, 1.2309 -0.0923 -0.1772, 1.2173 -0.1248 -0.1745, 1.2436 -0.1083 -0.1745, 1.2256 -0.1419 -0.1666, 1.2554 -0.1231 -0.1666, 1.2326 -0.1566 -0.1541, 1.2656 -0.1359 -0.1541, 1.2381 -0.1679 -0.1378, 1.2734 -0.1457 -0.1378, 1.2415 -0.1749 -0.1188, 1.2783 -0.1518 -0.1188, 1.2636 0.0512 -0.1772, 1.2496 0.0736 -0.1772, 1.282 0.0601 -0.1745, 1.2655 0.0863 -0.1745, 1.2991 0.0683 -0.1666, 1.2804 0.0982 -0.1666, 1.3138 0.0754 -0.1541, 1.2931 0.1084 -0.1541, 1.3251 0.0808 -0.1378, 1.3029 0.1162 -0.1378, 1.3322 0.0842 -0.1188, 1.309 0.1211 -0.1188, 1.106 0.1064 -0.1772, 1.0836 0.0923 -0.1772, 1.0971 0.1248 -0.1745, 1.0709 0.1083 -0.1745, 1.0889 0.1419 -0.1666, 1.059 0.1231 -0.1666, 1.0818 0.1566 -0.1541, 1.0489 0.1359 -0.1541, 1.0764 0.1679 -0.1378, 1.0411 0.1457 -0.1378, 1.073 0.1749 -0.1188, 1.0362 0.1518 -0.1188, 1.0391 0.0 -0.1772, 1.0421 -0.0263 -0.1772, 1.0187 0.0 -0.1745, 1.0222 -0.0308 -0.1745, 0.9998 0.0 -0.1666, 1.0037 -0.035 -0.1666, 0.9834 0.0 -0.1541, 0.9878 -0.0387 -0.1541, 0.9709 0.0 -0.1378, 0.9756 -0.0415 -0.1378, 0.9631 0.0 -0.1188, 0.9604 -0.0 -0.0984, 0.9799 -0.0854 -0.0984, 1.0594 -0.1695 -0.0984, 1.0345 -0.1539 -0.0984, 1.0362 -0.1518 -0.1188, 1.0411 -0.1457 -0.1378, 1.0489 -0.1359 -0.1541, 1.059 -0.1231 -0.1666, 1.0709 -0.1083 -0.1745, 1.0836 -0.0923 -0.1772, 1.0189 -0.1383 -0.0984, 1.0033 -0.1227 -0.0984, 0.9877 -0.0978 -0.0984, 1.0764 -0.1679 -0.1378, 1.0818 -0.1566 -0.1541, 1.0889 -0.1419 -0.1666, 1.0971 -0.1248 -0.1745, 1.106 -0.1064 -0.1772, 1.1134 -0.1919 -0.0984, 1.114 -0.1893 -0.1188, 1.1158 -0.1816 -0.1378, 1.1186 -0.1694 -0.1541, 1.1222 -0.1535 -0.1666, 1.1264 -0.135 -0.1745, 1.1309 -0.1151 -0.1772, 1.1572 -0.1181 -0.1772, 1.1572 -0.1385 -0.1745, 1.1572 -0.1575 -0.1666, 1.1572 -0.1738 -0.1541, 1.1572 -0.1863 -0.1378, 1.1572 -0.1942 -0.1188, 1.1572 -0.1969 -0.0984, 1.1835 -0.1151 -0.1772, 1.188 -0.135 -0.1745, 1.1923 -0.1535 -0.1666, 1.1959 -0.1694 -0.1541, 1.1987 -0.1816 -0.1378, 1.2426 -0.1774 -0.0984, 1.3268 -0.0978 -0.0984, 1.3111 -0.1227 -0.0984, 1.309 -0.1211 -0.1188, 1.3029 -0.1162 -0.1378, 1.2931 -0.1084 -0.1541, 1.2804 -0.0982 -0.1666, 1.2655 -0.0863 -0.1745, 1.2496 -0.0736 -0.1772, 1.2955 -0.1383 -0.0984, 1.28 -0.1539 -0.0984, 1.2551 -0.1695 -0.0984, 1.3251 -0.0808 -0.1378, 1.3138 -0.0754 -0.1541, 1.2991 -0.0683 -0.1666, 1.282 -0.0601 -0.1745, 1.2636 -0.0512 -0.1772, 1.3491 -0.0438 -0.0984, 1.3465 -0.0432 -0.1188, 1.3389 -0.0415 -0.1378, 1.3267 -0.0387 -0.1541, 1.3108 -0.035 -0.1666, 1.2922 -0.0308 -0.1745, 1.2724 -0.0263 -0.1772, 1.2753 0.0 -0.1772, 1.2957 0.0 -0.1745, 1.3147 0.0 -0.1666, 1.331 0.0 -0.1541, 1.3435 0.0 -0.1378, 1.3514 0.0 -0.1188, 1.3541 0.0 -0.0984, 1.2724 0.0263 -0.1772, 1.2922 0.0308 -0.1745, 1.3108 0.035 -0.1666, 1.3267 0.0387 -0.1541, 1.3389 0.0415 -0.1378, 1.3346 0.0854 -0.0984, 1.2551 0.1695 -0.0984, 1.28 0.1539 -0.0984, 1.2783 0.1518 -0.1188, 1.2734 0.1457 -0.1378, 1.2656 0.1359 -0.1541, 1.2554 0.1231 -0.1666, 1.2436 0.1083 -0.1745, 1.2309 0.0923 -0.1772, 1.2955 0.1383 -0.0984, 1.3111 0.1227 -0.0984, 1.3268 0.0978 -0.0984, 1.2381 0.1679 -0.1378, 1.2326 0.1566 -0.1541, 1.2256 0.1419 -0.1666, 1.2173 0.1248 -0.1745, 1.2085 0.1064 -0.1772, 1.201 0.1919 -0.0984, 1.2004 0.1893 -0.1188, 1.1987 0.1816 -0.1378, 1.1959 0.1694 -0.1541, 1.1923 0.1535 -0.1666, 1.188 0.135 -0.1745, 1.1835 0.1151 -0.1772, 1.1572 0.1181 -0.1772, 1.1572 0.1385 -0.1745, 1.1572 0.1575 -0.1666, 1.1572 0.1738 -0.1541, 1.1572 0.1863 -0.1378, 1.1572 0.1942 -0.1188, 1.1572 0.1969 -0.0984, 1.1309 0.1151 -0.1772, 1.1264 0.135 -0.1745, 1.1222 0.1535 -0.1666, 1.1186 0.1694 -0.1541, 1.1158 0.1816 -0.1378, 1.0718 0.1774 -0.0984, 0.9877 0.0978 -0.0984, 1.0033 0.1227 -0.0984, 1.0054 0.1211 -0.1188, 1.0116 0.1162 -0.1378, 1.0214 0.1084 -0.1541, 1.0341 0.0982 -0.1666, 1.049 0.0863 -0.1745, 1.0649 0.0736 -0.1772, 1.0189 0.1383 -0.0984, 1.0345 0.1539 -0.0984, 1.0594 0.1695 -0.0984, 0.9894 0.0808 -0.1378, 1.0007 0.0754 -0.1541, 1.0153 0.0683 -0.1666, 1.0325 0.0601 -0.1745, 1.0508 0.0512 -0.1772, 0.9653 0.0438 -0.0984, 0.9679 0.0432 -0.1188, 0.9756 0.0415 -0.1378, 0.9878 0.0387 -0.1541, 1.0037 0.035 -0.1666, 1.0222 0.0308 -0.1745, 1.0421 0.0263 -0.1772, -0.1814 1.122 -0.0, -0.1857 1.1216 -0.0, -0.1857 1.1215 0.6614, -0.1864 1.1214 0.6614, -0.1899 1.1201 -0.0, -0.1898 1.12 0.6614, -0.1912 1.1194 0.6614, -0.1936 1.1178 -0.0, -0.1935 1.1176 0.6614, -0.1967 1.1146 -0.0, -0.1966 1.1145 0.6614, -0.1953 1.1163 0.6614, -0.2005 1.1067 0.6614, -0.2004 1.1075 0.6614, -0.1991 1.1109 -0.0, -0.199 1.1109 0.6614, -0.1984 1.1122 0.6614, -0.2005 1.1067 -0.0, -0.201 1.1024 -0.0, -0.1982 1.1121 0.6635, -0.2001 1.1074 0.6635, -0.1897 1.1107 0.6693, -0.1873 1.1126 0.6693, -0.1911 1.1122 0.669, -0.1883 1.1144 0.669, -0.1925 1.1135 0.6682, -0.1892 1.116 0.6682, -0.1936 1.1147 0.667, -0.19 1.1174 0.667, -0.1945 1.1155 0.6653, -0.1907 1.1185 0.6653, -0.1951 1.1161 0.6635, -0.1911 1.1192 0.6635, -0.1993 1.1072 0.6653, -0.1981 1.1069 0.667, -0.1966 1.1064 0.6682, -0.1947 1.1059 0.669, -0.1928 1.1054 0.6693, -0.1975 1.1117 0.6653, -0.1964 1.1111 0.667, -0.195 1.1102 0.6682, -0.1933 1.1093 0.669, -0.1916 1.1083 0.6693, -0.1864 1.1211 0.6635, -0.1862 1.1204 0.6653, -0.1859 1.1191 0.667, -0.1854 1.1176 0.6682, -0.1849 1.1157 0.669, -0.1844 1.1138 0.6693, 0.2517 1.122 -0.0, 0.2568 1.1214 0.6614, 0.2568 1.1214 -0.0, 0.2616 1.1194 0.6614, 0.2616 1.1194 -0.0, 0.2656 1.1163 0.6614, 0.2656 1.1163 -0.0, 0.2688 1.1122 0.6614, 0.2688 1.1122 -0.0, 0.2707 1.1075 0.6614, 0.2707 1.1075 -0.0, 0.2714 1.1024 -0.0, 0.2631 1.1054 0.6693, 0.2651 1.1059 0.669, 0.2669 1.1064 0.6682, 0.2685 1.1069 0.667, 0.2697 1.1072 0.6653, 0.2548 1.1138 0.6693, 0.2553 1.1157 0.669, 0.2558 1.1176 0.6682, 0.2562 1.1191 0.667, 0.2565 1.1204 0.6653, 0.2567 1.1211 0.6635, 0.2576 1.1126 0.6693, 0.2586 1.1144 0.669, 0.2596 1.116 0.6682, 0.2604 1.1174 0.667, 0.261 1.1185 0.6653, 0.2614 1.1192 0.6635, 0.2601 1.1107 0.6693, 0.2615 1.1122 0.669, 0.2629 1.1135 0.6682, 0.264 1.1147 0.667, 0.2649 1.1155 0.6653, 0.2654 1.1161 0.6635, 0.2619 1.1083 0.6693, 0.2637 1.1093 0.669, 0.2654 1.1102 0.6682, 0.2668 1.1111 0.667, 0.2679 1.1117 0.6653, 0.2685 1.1121 0.6635, 0.2705 1.1074 0.6635, 1.0614 1.1122 0.6614, 1.0595 1.1075 -0.0, 1.0595 1.1075 0.6614, 1.0588 1.1024 -0.0, 1.0646 1.1163 -0.0, 1.0641 1.1157 -0.0, 1.0614 1.1122 -0.0, 1.0646 1.1163 0.6614, 1.0686 1.1194 0.6614, 1.0686 1.1194 -0.0, 1.0734 1.1214 0.6614, 1.0734 1.1214 -0.0, 1.0785 1.122 -0.0, 1.0671 1.1054 0.6693, 1.0651 1.1059 0.669, 1.0633 1.1064 0.6682, 1.0617 1.1069 0.667, 1.0605 1.1072 0.6653, 1.0597 1.1074 0.6635, 1.0683 1.1083 0.6693, 1.0665 1.1093 0.669, 1.0649 1.1102 0.6682, 1.0634 1.1111 0.667, 1.0624 1.1117 0.6653, 1.0617 1.1121 0.6635, 1.0701 1.1107 0.6693, 1.0687 1.1122 0.669, 1.0674 1.1135 0.6682, 1.0662 1.1147 0.667, 1.0653 1.1155 0.6653, 1.0648 1.1161 0.6635, 1.0726 1.1126 0.6693, 1.0716 1.1144 0.669, 1.0706 1.116 0.6682, 1.0698 1.1174 0.667, 1.0692 1.1185 0.6653, 1.0688 1.1192 0.6635, 1.0754 1.1138 0.6693, 1.0749 1.1157 0.669, 1.0744 1.1176 0.6682, 1.074 1.1191 0.667, 1.0737 1.1204 0.6653, 1.0735 1.1211 0.6635, 1.5312 1.1024 -0.0, 1.5306 1.1075 -0.0, 1.5306 1.1075 0.6614, 1.5286 1.1122 -0.0, 1.5286 1.1122 0.6614, 1.5255 1.1163 -0.0, 1.5255 1.1163 0.6614, 1.5214 1.1194 -0.0, 1.5214 1.1194 0.6614, 1.5167 1.1214 -0.0, 1.5167 1.1214 0.6614, 1.5116 1.122 -0.0, 1.5146 1.1138 0.6693, 1.5151 1.1157 0.669, 1.5156 1.1176 0.6682, 1.5161 1.1191 0.667, 1.5164 1.1204 0.6653, 1.5166 1.1211 0.6635, 1.5175 1.1126 0.6693, 1.5185 1.1144 0.669, 1.5194 1.116 0.6682, 1.5203 1.1174 0.667, 1.5209 1.1185 0.6653, 1.5213 1.1192 0.6635, 1.5199 1.1107 0.6693, 1.5214 1.1122 0.669, 1.5227 1.1135 0.6682, 1.5238 1.1147 0.667, 1.5247 1.1155 0.6653, 1.5253 1.1161 0.6635, 1.5218 1.1083 0.6693, 1.5236 1.1093 0.669, 1.5252 1.1102 0.6682, 1.5266 1.1111 0.667, 1.5277 1.1117 0.6653, 1.5284 1.1121 0.6635, 1.523 1.1054 0.6693, 1.5249 1.1059 0.669, 1.5268 1.1064 0.6682, 1.5283 1.1069 0.667, 1.5296 1.1072 0.6653, 1.5303 1.1074 0.6635, 1.5116 -1.122 -0.0, 1.5167 -1.1214 -0.0, 1.5167 -1.1214 0.6614, 1.5214 -1.1194 -0.0, 1.5214 -1.1194 0.6614, 1.5255 -1.1163 -0.0, 1.5255 -1.1163 0.6614, 1.5286 -1.1122 -0.0, 1.5286 -1.1122 0.6614, 1.5306 -1.1075 -0.0, 1.5306 -1.1075 0.6614, 1.5312 -1.1024 -0.0, 1.523 -1.1054 0.6693, 1.5249 -1.1059 0.669, 1.5268 -1.1064 0.6682, 1.5283 -1.1069 0.667, 1.5296 -1.1072 0.6653, 1.5303 -1.1074 0.6635, 1.5218 -1.1083 0.6693, 1.5236 -1.1093 0.669, 1.5252 -1.1102 0.6682, 1.5266 -1.1111 0.667, 1.5277 -1.1117 0.6653, 1.5284 -1.1121 0.6635, 1.5199 -1.1107 0.6693, 1.5214 -1.1122 0.669, 1.5227 -1.1135 0.6682, 1.5238 -1.1147 0.667, 1.5247 -1.1155 0.6653, 1.5253 -1.1161 0.6635, 1.5175 -1.1126 0.6693, 1.5185 -1.1144 0.669, 1.5194 -1.116 0.6682, 1.5203 -1.1174 0.667, 1.5209 -1.1185 0.6653, 1.5213 -1.1192 0.6635, 1.5146 -1.1138 0.6693, 1.5151 -1.1157 0.669, 1.5156 -1.1176 0.6682, 1.5161 -1.1191 0.667, 1.5164 -1.1204 0.6653, 1.5166 -1.1211 0.6635, 1.0785 -1.122 -0.0, 1.0734 -1.1214 0.6614, 1.0734 -1.1214 -0.0, 1.0686 -1.1194 0.6614, 1.0686 -1.1194 -0.0, 1.0646 -1.1163 0.6614, 1.0646 -1.1163 -0.0, 1.0641 -1.1157 -0.0, 1.0614 -1.1122 0.6614, 1.0614 -1.1122 -0.0, 1.0595 -1.1075 0.6614, 1.0595 -1.1075 -0.0, 1.0588 -1.1024 -0.0, 1.0671 -1.1054 0.6693, 1.0651 -1.1059 0.669, 1.0633 -1.1064 0.6682, 1.0617 -1.1069 0.667, 1.0605 -1.1072 0.6653, 1.0754 -1.1138 0.6693, 1.0749 -1.1157 0.669, 1.0744 -1.1176 0.6682, 1.074 -1.1191 0.667, 1.0737 -1.1204 0.6653, 1.0735 -1.1211 0.6635, 1.0726 -1.1126 0.6693, 1.0716 -1.1144 0.669, 1.0706 -1.116 0.6682, 1.0698 -1.1174 0.667, 1.0692 -1.1185 0.6653, 1.0688 -1.1192 0.6635, 1.0701 -1.1107 0.6693, 1.0687 -1.1122 0.669, 1.0674 -1.1135 0.6682, 1.0662 -1.1147 0.667, 1.0653 -1.1155 0.6653, 1.0648 -1.1161 0.6635, 1.0683 -1.1083 0.6693, 1.0665 -1.1093 0.669, 1.0649 -1.1102 0.6682, 1.0634 -1.1111 0.667, 1.0624 -1.1117 0.6653, 1.0617 -1.1121 0.6635, 1.0597 -1.1074 0.6635, 0.2714 -1.1024 -0.0, 0.2707 -1.1075 0.6614, 0.2707 -1.1075 -0.0, 0.2688 -1.1122 0.6614, 0.2688 -1.1122 -0.0, 0.2656 -1.1163 0.6614, 0.2656 -1.1163 -0.0, 0.2616 -1.1194 0.6614, 0.2616 -1.1194 -0.0, 0.2568 -1.1214 0.6614, 0.2568 -1.1214 -0.0, 0.2517 -1.122 -0.0, 0.2631 -1.1054 0.6693, 0.2651 -1.1059 0.669, 0.2669 -1.1064 0.6682, 0.2685 -1.1069 0.667, 0.2697 -1.1072 0.6653, 0.2705 -1.1074 0.6635, 0.2619 -1.1083 0.6693, 0.2637 -1.1093 0.669, 0.2654 -1.1102 0.6682, 0.2668 -1.1111 0.667, 0.2679 -1.1117 0.6653, 0.2685 -1.1121 0.6635, 0.2601 -1.1107 0.6693, 0.2615 -1.1122 0.669, 0.2629 -1.1135 0.6682, 0.264 -1.1147 0.667, 0.2649 -1.1155 0.6653, 0.2654 -1.1161 0.6635, 0.2576 -1.1126 0.6693, 0.2586 -1.1144 0.669, 0.2596 -1.116 0.6682, 0.2604 -1.1174 0.667, 0.261 -1.1185 0.6653, 0.2614 -1.1192 0.6635, 0.2548 -1.1138 0.6693, 0.2553 -1.1157 0.669, 0.2558 -1.1176 0.6682, 0.2562 -1.1191 0.667, 0.2565 -1.1204 0.6653, 0.2567 -1.1211 0.6635, -0.201 -1.1024 -0.0, -0.2004 -1.1075 -0.0, -0.2004 -1.1075 0.6614, -0.1984 -1.1122 -0.0, -0.1984 -1.1122 0.6614, -0.1953 -1.1163 -0.0, -0.1953 -1.1163 0.6614, -0.1912 -1.1194 -0.0, -0.1912 -1.1194 0.6614, -0.1864 -1.1214 -0.0, -0.1864 -1.1214 0.6614, -0.1814 -1.122 -0.0, -0.1844 -1.1138 0.6693, -0.1849 -1.1157 0.669, -0.1854 -1.1176 0.6682, -0.1859 -1.1191 0.667, -0.1862 -1.1204 0.6653, -0.1864 -1.1211 0.6635, -0.1873 -1.1126 0.6693, -0.1883 -1.1144 0.669, -0.1892 -1.116 0.6682, -0.19 -1.1174 0.667, -0.1907 -1.1185 0.6653, -0.1911 -1.1192 0.6635, -0.1897 -1.1107 0.6693, -0.1911 -1.1122 0.669, -0.1925 -1.1135 0.6682, -0.1936 -1.1147 0.667, -0.1945 -1.1155 0.6653, -0.1951 -1.1161 0.6635, -0.1916 -1.1083 0.6693, -0.1933 -1.1093 0.669, -0.195 -1.1102 0.6682, -0.1964 -1.1111 0.667, -0.1975 -1.1117 0.6653, -0.1982 -1.1121 0.6635, -0.1928 -1.1054 0.6693, -0.1947 -1.1059 0.669, -0.1966 -1.1064 0.6682, -0.1981 -1.1069 0.667, -0.1993 -1.1072 0.6653, -0.2001 -1.1074 0.6635, -0.0829 -0.2677 0.0905, -0.0829 -0.2677 0.5591, -0.0833 -0.2647 0.5621, -0.0833 -0.2647 0.0875, -0.0845 -0.2618 0.565, -0.0845 -0.2618 0.0846, -0.0864 -0.2594 0.5674, -0.0864 -0.2594 0.0822, -0.0875 -0.2583 0.0812, -0.0875 -0.2583 0.5684, -0.0888 -0.2575 0.0803, -0.0888 -0.2575 0.5693, -0.0902 -0.2568 0.0796, -0.0902 -0.2568 0.57, -0.0917 -0.2563 0.0791, -0.0917 -0.2563 0.5705, -0.0932 -0.256 0.5708, -0.0932 -0.256 0.0788, -0.0947 -0.2559 0.5709, -0.0947 -0.2559 0.0787, -0.0829 -1.0118 0.0905, -0.0833 -1.0149 0.0875, -0.0845 -1.0177 0.0846, -0.0864 -1.0202 0.0822, -0.0875 -1.0212 0.0812, -0.0888 -1.022 0.0803, -0.0902 -1.0227 0.0796, -0.0917 -1.0232 0.0791, -0.0932 -1.0235 0.0788, -0.0947 -1.0236 0.0787, -0.0947 -1.0236 0.5709, -0.0932 -1.0235 0.5708, -0.0917 -1.0232 0.5705, -0.0902 -1.0227 0.57, -0.0888 -1.022 0.5693, -0.0875 -1.0212 0.5684, -0.0864 -1.0202 0.5674, -0.0845 -1.0177 0.565, -0.0833 -1.0149 0.5621, -0.0829 -1.0118 0.5591, -0.0864 1.0202 0.5674, -0.0845 1.0177 0.0846, -0.0845 1.0177 0.565, -0.0833 1.0149 0.0875, -0.0833 1.0149 0.5621, -0.0829 1.0118 0.0905, -0.0829 1.0118 0.5591, -0.0947 1.0236 0.5709, -0.0947 1.0236 0.0787, -0.0932 1.0235 0.5708, -0.0932 1.0235 0.0788, -0.0917 1.0232 0.5705, -0.0917 1.0232 0.0791, -0.0902 1.0227 0.57, -0.0902 1.0227 0.0796, -0.0888 1.022 0.5693, -0.0888 1.022 0.0803, -0.0875 1.0212 0.5684, -0.0875 1.0212 0.0812, -0.0864 1.0202 0.0822, -0.0947 0.2555 0.0787, -0.0943 0.2555 0.0787, -0.093 0.2556 0.0789, -0.0917 0.2559 0.0791, -0.0914 0.256 0.0793, -0.0901 0.2565 0.0797, -0.0888 0.2571 0.0803, -0.0886 0.2572 0.0805, -0.0864 0.259 0.0822, -0.0863 0.2591 0.0824, -0.0845 0.2614 0.0846, -0.0845 0.2615 0.0848, -0.0833 0.2643 0.0875, -0.0833 0.2643 0.0876, -0.0829 0.2673 0.0905, -0.0914 0.256 0.5704, -0.0917 0.2559 0.5704, -0.093 0.2556 0.5707, -0.0943 0.2555 0.5709, -0.0947 0.2555 0.5709, -0.0901 0.2565 0.5699, -0.0888 0.2571 0.5693, -0.0845 0.2614 0.5649, -0.0862 0.2591 0.5673, -0.0864 0.259 0.5674, -0.0886 0.2572 0.5691, -0.0829 0.2673 0.5591, -0.0833 0.2643 0.562, -0.0833 0.2643 0.5621, -0.0844 0.2615 0.5648, -0.7604 0.2322 0.0115, -0.7604 -0.2559 0.0115, -0.7685 -0.2559 0.0053, -0.7685 0.232 0.0053, -0.778 -0.2559 0.0013, -0.778 0.2316 0.0013, -0.7882 -0.2559 -0.0, -0.7882 0.2313 -0.0, -0.6769 0.2352 0.0787, -0.6769 -0.2559 0.0787, -0.687 -0.2559 0.0774, -0.687 0.2348 0.0774, -0.6965 -0.2559 0.0735, -0.6965 0.2345 0.0735, -0.7047 -0.2559 0.0672, -0.7047 0.2342 0.0672, -1.0081 0.2046 0.0984, -1.0075 0.2096 0.0984, -1.0081 0.2046 0.0197, -1.0075 0.2096 0.0147, -1.0075 0.2097 0.0146, -1.0056 0.2142 0.0984, -1.0056 0.2142 0.01, -1.0055 0.2144 0.0098, -1.0026 0.2183 0.0984, -1.0026 0.2182 0.006, -1.0024 0.2185 0.0058, -0.9987 0.2214 0.0984, -0.9987 0.2214 0.0029, -0.9983 0.2216 0.0026, -0.9941 0.2234 0.0984, -0.9962 0.2227 0.0016, -0.9891 0.2243 0.0, -0.9913 0.2241 0.0002, -0.9891 0.2243 0.0984, -0.9935 0.2236 0.0007, -0.9941 0.2234 0.0009, -0.9935 -0.2552 0.0007, -0.991 -0.2557 0.0002, -0.9884 -0.2559 -0.0, -0.9884 0.2243 -0.0, -0.996 -0.2544 0.0015, -0.9983 -0.2533 0.0026, -1.0004 -0.2518 0.0041, -1.0024 -0.2501 0.0058, -1.0055 -0.2461 0.0098, -1.0075 -0.2413 0.0146, -1.0081 -0.2362 0.0197, -0.9884 -0.2559 0.5709, -0.9935 -0.2552 0.5709, -0.9983 -0.2533 0.5709, -1.0024 -0.2501 0.5709, -1.0055 -0.2461 0.5709, -1.0075 -0.2413 0.5709, -1.0081 -0.2362 0.5709, 1.1371 0.5147 -0.0039, 1.1371 0.5061 -0.0039, 1.1371 0.5147 -0.0, 1.1371 0.5061 -0.0, 1.1669 0.5147 -0.0039, 1.1669 0.5147 -0.0, 1.1669 0.5848 -0.0039, 1.1669 0.5848 -0.0, 1.1774 0.5848 -0.0039, 1.1774 0.5848 -0.0, 1.1774 0.5061 -0.0039, 1.1774 0.5061 -0.0, 1.0718 0.5188 -0.0039, 1.0718 0.5101 -0.0039, 1.0718 0.5188 -0.0, 1.0718 0.5101 -0.0, 1.0732 0.518 -0.0, 1.0732 0.518 -0.0039, 1.0816 0.5149 -0.0, 1.0816 0.5149 -0.0039, 1.092 0.5138 -0.0, 1.092 0.5138 -0.0039, 1.0993 0.5146 -0.0, 1.0993 0.5146 -0.0039, 1.1051 0.5167 -0.0, 1.1051 0.5167 -0.0039, 1.1099 0.5199 -0.0, 1.1099 0.5199 -0.0039, 1.1136 0.5238 -0.0, 1.1136 0.5238 -0.0039, 1.1169 0.5293 -0.0, 1.1169 0.5293 -0.0039, 1.119 0.5361 -0.0, 1.119 0.5361 -0.0039, 1.1198 0.5446 -0.0, 1.1198 0.5446 -0.0039, 1.1194 0.5507 -0.0, 1.1194 0.5507 -0.0039, 1.1173 0.5592 -0.0, 1.1173 0.5592 -0.0039, 1.1141 0.5652 -0.0, 1.1141 0.5652 -0.0039, 1.1093 0.5705 -0.0, 1.1093 0.5705 -0.0039, 1.1039 0.5741 -0.0, 1.1039 0.5741 -0.0039, 1.098 0.5763 -0.0, 1.098 0.5763 -0.0039, 1.0902 0.5771 -0.0, 1.0902 0.5771 -0.0039, 1.0807 0.5759 -0.0, 1.0807 0.5759 -0.0039, 1.0718 0.5721 -0.0, 1.0718 0.5721 -0.0039, 1.0718 0.5826 -0.0039, 1.0718 0.5826 -0.0, 1.0903 0.5858 -0.0, 1.0903 0.5858 -0.0039, 1.0834 0.5853 -0.0, 1.0809 0.5851 -0.0039, 1.0809 0.5851 -0.0, 1.0962 0.5853 -0.0, 1.0982 0.5851 -0.0039, 1.0982 0.5851 -0.0, 1.107 0.5826 -0.0, 1.107 0.5826 -0.0039, 1.1145 0.5783 -0.0, 1.1145 0.5783 -0.0039, 1.1216 0.5714 -0.0, 1.1216 0.5714 -0.0039, 1.1262 0.5641 -0.0, 1.1262 0.5641 -0.0039, 1.1292 0.5551 -0.0, 1.1292 0.5551 -0.0039, 1.1304 0.544 -0.0, 1.1304 0.544 -0.0039, 1.1296 0.5348 -0.0, 1.1296 0.5348 -0.0039, 1.1272 0.5265 -0.0, 1.1272 0.5265 -0.0039, 1.123 0.519 -0.0, 1.123 0.519 -0.0039, 1.1171 0.5128 -0.0, 1.1171 0.5128 -0.0039, 1.1108 0.5087 -0.0, 1.1108 0.5087 -0.0039, 1.1032 0.5061 -0.0, 1.1032 0.5061 -0.0039, 1.0935 0.5051 -0.0039, 1.0981 0.5056 -0.0, 1.0935 0.5051 -0.0, 1.0802 0.5067 -0.0039, 1.0913 0.5051 -0.0, 1.0913 0.5051 -0.0039, 1.0881 0.5056 -0.0, 1.0802 0.5067 -0.0, 1.0142 0.5147 -0.0039, 1.0142 0.5061 -0.0039, 1.0142 0.5147 -0.0, 1.0142 0.5061 -0.0, 1.0459 0.5147 -0.0039, 1.0459 0.5147 -0.0, 1.0459 0.5416 -0.0039, 1.0459 0.5416 -0.0, 1.018 0.5416 -0.0039, 1.018 0.5416 -0.0, 1.018 0.5502 -0.0039, 1.018 0.5502 -0.0, 1.0459 0.5502 -0.0039, 1.0459 0.5502 -0.0, 1.0459 0.5762 -0.0039, 1.0459 0.5762 -0.0, 1.0161 0.5762 -0.0039, 1.0161 0.5762 -0.0, 1.0161 0.5848 -0.0039, 1.0161 0.5848 -0.0, 1.0564 0.5848 -0.0039, 1.0564 0.5848 -0.0, 1.0564 0.5061 -0.0039, 1.0564 0.5061 -0.0, 0.9381 0.5616 -0.0039, 0.9418 0.5684 -0.0039, 0.9512 0.5651 -0.0039, 0.9474 0.5745 -0.0039, 0.9551 0.5692 -0.0039, 0.9474 0.5746 -0.0039, 0.9608 0.5729 -0.0039, 0.956 0.5804 -0.0039, 0.9673 0.5752 -0.0039, 0.9652 0.5836 -0.0039, 0.9766 0.5762 -0.0039, 0.9766 0.5848 -0.0039, 0.9883 0.5762 -0.0039, 0.9988 0.5848 -0.0039, 0.9883 0.5147 -0.0039, 0.9988 0.5061 -0.0039, 0.9771 0.5147 -0.0039, 0.9774 0.5061 -0.0039, 0.9688 0.5155 -0.0039, 0.9677 0.5069 -0.0039, 0.9621 0.5176 -0.0039, 0.9586 0.5096 -0.0039, 0.9568 0.5207 -0.0039, 0.9504 0.5144 -0.0039, 0.9524 0.5251 -0.0039, 0.9439 0.5206 -0.0039, 0.949 0.5305 -0.0039, 0.9394 0.5276 -0.0039, 0.9467 0.5379 -0.0039, 0.9365 0.5359 -0.0039, 0.946 0.5462 -0.0039, 0.9354 0.5464 -0.0039, 0.9467 0.554 -0.0039, 0.936 0.5538 -0.0039, 0.9485 0.5603 -0.0039, 0.9774 0.5061 -0.0, 0.9988 0.5061 -0.0, 0.9677 0.5069 -0.0, 0.9586 0.5096 -0.0, 0.9504 0.5144 -0.0, 0.9479 0.5168 -0.0, 0.9439 0.5206 -0.0, 0.9394 0.5276 -0.0, 0.9365 0.5359 -0.0, 0.9354 0.5464 -0.0, 0.936 0.5538 -0.0, 0.9381 0.5616 -0.0, 0.9418 0.5684 -0.0, 0.9474 0.5745 -0.0, 0.9474 0.5746 -0.0, 0.9479 0.5749 -0.0, 0.956 0.5804 -0.0, 0.9652 0.5836 -0.0, 0.9766 0.5848 -0.0, 0.9988 0.5848 -0.0, 0.9766 0.5762 -0.0, 0.9883 0.5762 -0.0, 0.9883 0.5147 -0.0, 0.9771 0.5147 -0.0, 0.946 0.5462 -0.0, 0.9467 0.5379 -0.0, 0.949 0.5305 -0.0, 0.9524 0.5251 -0.0, 0.9568 0.5207 -0.0, 0.9621 0.5176 -0.0, 0.9688 0.5155 -0.0, 0.9673 0.5752 -0.0, 0.9608 0.5729 -0.0, 0.9551 0.5692 -0.0, 0.9512 0.5651 -0.0, 0.9485 0.5603 -0.0, 0.9467 0.554 -0.0, 0.908 0.5368 -0.0039, 0.9106 0.5282 -0.0039, 0.8817 0.5368 -0.0039, 0.8781 0.5282 -0.0039, 0.8962 0.5697 -0.0039, 0.8999 0.5848 -0.0039, 0.9297 0.5061 -0.0039, 0.9182 0.5061 -0.0039, 0.8955 0.5724 -0.0039, 0.895 0.5752 -0.0039, 0.8893 0.5848 -0.0039, 0.8947 0.5752 -0.0039, 0.8942 0.5724 -0.0039, 0.8935 0.5697 -0.0039, 0.8586 0.5061 -0.0039, 0.8701 0.5061 -0.0039, 0.8893 0.5848 -0.0, 0.8586 0.5061 -0.0, 0.8999 0.5848 -0.0, 0.9297 0.5061 -0.0, 0.9182 0.5061 -0.0, 0.9106 0.5282 -0.0, 0.8781 0.5282 -0.0, 0.8701 0.5061 -0.0, 0.908 0.5368 -0.0, 0.8817 0.5368 -0.0, 0.8935 0.5697 -0.0, 0.8947 0.5752 -0.0, 0.8942 0.5724 -0.0, 0.895 0.5752 -0.0, 0.8962 0.5697 -0.0, 0.8955 0.5724 -0.0, -0.2126 -0.2559 0.0509, -0.2289 -0.2559 0.0672, -0.2126 0.2514 0.0509, -0.2289 0.2508 0.0672, -0.201 0.2518 0.0231, -0.201 -0.2559 0.0231, -0.2018 -0.2559 0.0307, -0.2018 0.2518 0.0307, -0.204 -0.2559 0.0381, -0.204 0.2517 0.0381, -0.2077 -0.2559 0.0449, -0.2077 0.2515 0.0449, -0.237 -0.2559 0.0735, -0.237 0.2505 0.0735, -0.2465 -0.2559 0.0774, -0.2465 0.2502 0.0774, -0.2567 -0.2559 0.0787, -0.2567 0.2498 0.0787
            ]
        }
        coordIndex [
            0,1,2,-1,0,2,3,-1,3,2,4,-1,3,4,5,-1,5,4,6,-1,5,6,7,-1,7,6,8,-1,7,8,9,-1,9,8,10,-1,9,10,11,-1,11,10,12,-1,11,12,13,-1,13,14,11,-1,11,14,15,-1,11,15,9,-1,9,15,16,-1,9,16,7,-1,7,16,17,-1,7,17,5,-1,5,17,18,-1,5,18,3,-1,3,18,19,-1,3,19,0,-1,0,19,20,-1,14,21,15,-1,15,21,22,-1,15,22,16,-1,16,22,23,-1,16,23,17,-1,17,23,24,-1,17,24,18,-1,18,24,25,-1,18,25,19,-1,19,25,26,-1,19,26,20,-1,20,26,27,-1,21,28,22,-1,22,28,29,-1,22,29,23,-1,23,29,30,-1,23,30,24,-1,24,30,31,-1,24,31,25,-1,25,31,32,-1,25,32,26,-1,26,32,33,-1,26,33,27,-1,27,33,34,-1,28,35,29,-1,29,35,36,-1,29,36,30,-1,30,36,37,-1,30,37,31,-1,31,37,38,-1,31,38,32,-1,32,38,39,-1,32,39,33,-1,33,39,40,-1,33,40,34,-1,34,40,41,-1,35,42,36,-1,36,42,43,-1,36,43,37,-1,37,43,44,-1,37,44,38,-1,38,44,45,-1,38,45,39,-1,39,45,46,-1,39,46,40,-1,40,46,47,-1,40,47,41,-1,41,47,48,-1,42,49,43,-1,43,49,50,-1,43,50,44,-1,44,50,51,-1,44,51,45,-1,45,51,52,-1,45,52,46,-1,46,52,53,-1,46,53,47,-1,47,53,54,-1,47,54,48,-1,48,54,55,-1,49,56,57,-1,49,57,50,-1,50,57,58,-1,50,58,51,-1,51,58,59,-1,51,59,52,-1,52,59,60,-1,52,60,53,-1,53,60,61,-1,53,61,54,-1,54,61,62,-1,54,62,55,-1,56,63,57,-1,57,63,64,-1,57,64,58,-1,58,64,65,-1,58,65,59,-1,59,65,66,-1,59,66,60,-1,60,66,67,-1,60,67,61,-1,61,67,68,-1,61,68,62,-1,62,68,69,-1,63,70,64,-1,64,70,71,-1,64,71,65,-1,65,71,72,-1,65,72,66,-1,66,72,73,-1,66,73,67,-1,67,73,74,-1,67,74,68,-1,68,74,75,-1,68,75,69,-1,69,75,76,-1,77,78,70,-1,70,78,71,-1,78,79,71,-1,71,79,80,-1,71,80,72,-1,80,81,72,-1,72,81,82,-1,72,82,73,-1,73,82,83,-1,73,83,74,-1,83,84,74,-1,74,84,85,-1,74,85,75,-1,85,86,75,-1,75,86,87,-1,75,87,76,-1,76,87,88,-1,76,88,89,-1,90,91,92,-1,77,93,78,-1,78,93,94,-1,78,94,79,-1,79,94,95,-1,92,96,90,-1,90,96,97,-1,90,97,98,-1,99,81,95,-1,95,81,80,-1,95,80,79,-1,97,100,98,-1,98,100,101,-1,98,101,102,-1,103,83,99,-1,99,83,82,-1,99,82,81,-1,101,104,102,-1,102,104,105,-1,102,105,106,-1,87,86,107,-1,107,86,85,-1,107,85,103,-1,103,85,84,-1,103,84,83,-1,93,108,94,-1,94,108,109,-1,94,109,95,-1,95,109,110,-1,95,110,99,-1,99,110,111,-1,99,111,103,-1,103,111,112,-1,103,112,107,-1,107,112,113,-1,108,114,109,-1,109,114,115,-1,109,115,110,-1,110,115,116,-1,110,116,111,-1,111,116,117,-1,111,117,112,-1,112,117,118,-1,112,118,113,-1,113,118,119,-1,114,120,115,-1,115,120,121,-1,115,121,116,-1,116,121,122,-1,116,122,117,-1,117,122,123,-1,117,123,118,-1,118,123,124,-1,118,124,119,-1,119,124,125,-1,120,91,121,-1,121,91,90,-1,121,90,122,-1,122,90,98,-1,122,98,123,-1,123,98,102,-1,123,102,124,-1,124,102,106,-1,124,106,125,-1,125,106,126,-1,89,88,127,-1,127,88,87,-1,105,128,106,-1,106,128,129,-1,106,129,126,-1,126,129,130,-1,126,130,131,-1,87,107,127,-1,127,107,113,-1,127,113,132,-1,132,113,119,-1,132,119,133,-1,133,119,125,-1,133,125,134,-1,134,125,126,-1,134,126,135,-1,135,126,131,-1,135,131,136,-1,89,127,137,-1,137,127,132,-1,137,132,138,-1,138,132,133,-1,138,133,139,-1,139,133,134,-1,139,134,140,-1,140,134,135,-1,140,135,141,-1,141,135,136,-1,141,136,142,-1,131,143,136,-1,136,143,144,-1,136,144,142,-1,105,145,146,-1,105,146,128,-1,128,146,147,-1,128,147,129,-1,129,147,148,-1,129,148,130,-1,130,148,149,-1,130,149,131,-1,131,149,150,-1,131,150,143,-1,101,151,152,-1,145,105,152,-1,152,105,104,-1,152,104,101,-1,97,153,154,-1,151,101,154,-1,154,101,100,-1,154,100,97,-1,92,155,156,-1,153,97,156,-1,156,97,96,-1,156,96,92,-1,157,158,144,-1,157,144,159,-1,150,149,160,-1,144,143,159,-1,159,143,150,-1,159,150,161,-1,161,150,160,-1,149,148,160,-1,160,148,147,-1,160,147,162,-1,162,147,146,-1,162,146,163,-1,146,145,163,-1,163,145,152,-1,163,152,164,-1,152,151,164,-1,164,151,154,-1,164,154,165,-1,165,154,153,-1,153,156,165,-1,165,156,155,-1,165,155,166,-1,166,167,168,-1,166,168,165,-1,165,168,169,-1,165,169,164,-1,169,170,164,-1,164,170,171,-1,164,171,163,-1,171,172,163,-1,163,172,173,-1,163,173,162,-1,174,175,158,-1,173,176,162,-1,162,176,177,-1,162,177,160,-1,160,177,178,-1,160,178,161,-1,161,178,179,-1,161,179,159,-1,159,179,174,-1,159,174,157,-1,157,174,158,-1,180,181,182,-1,180,182,183,-1,183,182,184,-1,183,184,185,-1,185,184,186,-1,185,186,187,-1,187,186,188,-1,187,188,189,-1,189,188,190,-1,189,190,191,-1,191,190,192,-1,191,192,193,-1,194,195,196,-1,194,196,197,-1,197,196,198,-1,197,198,199,-1,199,198,200,-1,199,200,201,-1,201,200,202,-1,201,202,203,-1,203,202,204,-1,203,204,205,-1,205,204,206,-1,205,206,207,-1,208,209,210,-1,208,210,211,-1,211,210,212,-1,211,212,213,-1,213,212,214,-1,213,214,215,-1,215,214,216,-1,215,216,217,-1,217,216,218,-1,217,218,219,-1,219,218,220,-1,219,220,221,-1,222,223,224,-1,224,223,225,-1,224,225,226,-1,226,225,227,-1,226,227,228,-1,228,227,229,-1,228,229,230,-1,230,229,231,-1,230,231,232,-1,232,231,233,-1,232,233,234,-1,233,235,234,-1,234,235,236,-1,234,236,237,-1,236,238,237,-1,237,238,239,-1,237,239,240,-1,240,239,241,-1,241,242,240,-1,240,242,243,-1,240,243,244,-1,245,246,222,-1,245,222,247,-1,230,248,249,-1,222,224,247,-1,247,224,226,-1,247,226,249,-1,249,226,228,-1,249,228,230,-1,248,230,250,-1,250,230,232,-1,250,232,251,-1,234,252,232,-1,232,252,253,-1,232,253,251,-1,254,255,237,-1,237,255,256,-1,237,256,234,-1,234,256,257,-1,234,257,252,-1,237,240,254,-1,254,240,244,-1,254,244,258,-1,259,246,260,-1,260,246,245,-1,260,245,261,-1,258,262,254,-1,254,262,263,-1,254,263,255,-1,255,263,264,-1,255,264,256,-1,256,264,265,-1,256,265,257,-1,257,265,266,-1,257,266,252,-1,252,266,267,-1,252,267,253,-1,253,267,268,-1,253,268,251,-1,251,268,269,-1,251,269,250,-1,250,269,270,-1,250,270,248,-1,248,270,271,-1,248,271,249,-1,249,271,261,-1,249,261,247,-1,247,261,245,-1,272,273,259,-1,274,275,276,-1,276,275,277,-1,276,277,278,-1,278,277,279,-1,259,260,272,-1,272,260,261,-1,272,261,280,-1,281,282,279,-1,279,282,283,-1,279,283,278,-1,261,271,280,-1,280,271,270,-1,280,270,284,-1,285,286,281,-1,281,286,287,-1,281,287,282,-1,270,269,284,-1,284,269,268,-1,284,268,288,-1,289,290,291,-1,291,290,292,-1,291,292,285,-1,285,292,293,-1,285,293,286,-1,275,294,277,-1,277,294,295,-1,277,295,279,-1,279,295,296,-1,279,296,281,-1,281,296,297,-1,281,297,285,-1,285,297,298,-1,285,298,291,-1,291,298,299,-1,294,300,295,-1,295,300,301,-1,295,301,296,-1,296,301,302,-1,296,302,297,-1,297,302,303,-1,297,303,298,-1,298,303,304,-1,298,304,299,-1,299,304,305,-1,300,306,301,-1,301,306,307,-1,301,307,302,-1,302,307,308,-1,302,308,303,-1,303,308,309,-1,303,309,304,-1,304,309,310,-1,304,310,305,-1,305,310,311,-1,306,273,307,-1,307,273,272,-1,307,272,308,-1,308,272,280,-1,308,280,309,-1,309,280,284,-1,309,284,310,-1,310,284,288,-1,310,288,311,-1,311,288,312,-1,313,314,315,-1,315,314,289,-1,268,267,288,-1,288,267,266,-1,288,266,312,-1,312,266,265,-1,312,265,264,-1,289,291,315,-1,315,291,299,-1,315,299,316,-1,316,299,305,-1,316,305,317,-1,317,305,311,-1,317,311,318,-1,318,311,312,-1,318,312,319,-1,319,312,264,-1,319,264,263,-1,313,315,320,-1,320,315,316,-1,320,316,321,-1,321,316,317,-1,321,317,322,-1,322,317,318,-1,322,318,323,-1,323,318,319,-1,323,319,324,-1,324,319,263,-1,324,263,262,-1,274,276,325,-1,325,276,326,-1,276,278,326,-1,326,278,283,-1,326,283,327,-1,283,282,327,-1,327,282,287,-1,327,287,328,-1,328,287,286,-1,328,286,329,-1,286,293,329,-1,329,293,292,-1,329,292,330,-1,292,290,330,-1,330,290,289,-1,330,289,331,-1,331,289,314,-1,331,314,313,-1,332,333,334,-1,334,333,335,-1,334,335,336,-1,336,335,337,-1,336,337,338,-1,338,337,339,-1,338,339,340,-1,340,339,341,-1,340,341,342,-1,342,341,343,-1,342,343,344,-1,344,343,345,-1,333,325,335,-1,335,325,326,-1,335,326,337,-1,337,326,327,-1,337,327,339,-1,339,327,328,-1,339,328,341,-1,341,328,329,-1,341,329,343,-1,343,329,330,-1,343,330,345,-1,345,330,331,-1,344,346,347,-1,344,347,342,-1,342,347,348,-1,342,348,340,-1,340,348,349,-1,340,349,338,-1,338,349,350,-1,338,350,336,-1,336,350,351,-1,336,351,334,-1,334,351,352,-1,334,352,332,-1,353,354,355,-1,355,354,356,-1,355,356,357,-1,357,356,358,-1,357,358,359,-1,359,358,360,-1,359,360,361,-1,361,360,362,-1,361,362,363,-1,363,362,364,-1,363,364,365,-1,365,364,366,-1,354,367,356,-1,356,367,368,-1,356,368,358,-1,358,368,369,-1,358,369,360,-1,360,369,370,-1,360,370,362,-1,362,370,371,-1,362,371,364,-1,364,371,372,-1,364,372,366,-1,366,372,373,-1,367,374,368,-1,368,374,375,-1,368,375,369,-1,369,375,376,-1,369,376,370,-1,370,376,377,-1,370,377,371,-1,371,377,378,-1,371,378,372,-1,372,378,379,-1,372,379,373,-1,373,379,380,-1,374,381,375,-1,375,381,382,-1,375,382,376,-1,376,382,383,-1,376,383,377,-1,377,383,384,-1,377,384,378,-1,378,384,385,-1,378,385,379,-1,379,385,386,-1,379,386,380,-1,380,386,387,-1,381,388,382,-1,382,388,389,-1,382,389,383,-1,383,389,390,-1,383,390,384,-1,384,390,391,-1,384,391,385,-1,385,391,392,-1,385,392,386,-1,386,392,393,-1,386,393,387,-1,387,393,394,-1,388,352,389,-1,389,352,351,-1,389,351,390,-1,390,351,350,-1,390,350,391,-1,391,350,349,-1,391,349,392,-1,392,349,348,-1,392,348,393,-1,393,348,347,-1,393,347,394,-1,394,347,346,-1,365,395,396,-1,365,396,363,-1,363,396,397,-1,363,397,361,-1,361,397,398,-1,361,398,359,-1,359,398,399,-1,359,399,357,-1,357,399,400,-1,357,400,355,-1,355,400,401,-1,355,401,353,-1,402,403,404,-1,402,404,405,-1,405,404,406,-1,405,406,407,-1,407,406,408,-1,407,408,409,-1,409,408,410,-1,409,410,411,-1,411,410,412,-1,411,412,413,-1,413,412,414,-1,413,414,415,-1,416,417,418,-1,418,417,419,-1,418,419,420,-1,420,419,421,-1,420,421,422,-1,422,421,423,-1,422,423,424,-1,424,423,425,-1,424,425,426,-1,426,425,427,-1,426,427,428,-1,428,427,429,-1,417,430,419,-1,419,430,431,-1,419,431,421,-1,421,431,432,-1,421,432,423,-1,423,432,433,-1,423,433,425,-1,425,433,434,-1,425,434,427,-1,427,434,435,-1,427,435,429,-1,429,435,436,-1,430,437,431,-1,431,437,438,-1,431,438,432,-1,432,438,439,-1,432,439,433,-1,433,439,440,-1,433,440,434,-1,434,440,441,-1,434,441,435,-1,435,441,442,-1,435,442,436,-1,436,442,443,-1,437,444,438,-1,438,444,445,-1,438,445,439,-1,439,445,446,-1,439,446,440,-1,440,446,447,-1,440,447,441,-1,441,447,448,-1,441,448,442,-1,442,448,449,-1,442,449,443,-1,443,449,450,-1,444,451,445,-1,445,451,452,-1,445,452,446,-1,446,452,453,-1,446,453,447,-1,447,453,454,-1,447,454,448,-1,448,454,455,-1,448,455,449,-1,449,455,456,-1,449,456,450,-1,450,456,457,-1,451,402,452,-1,452,402,405,-1,452,405,453,-1,453,405,407,-1,453,407,454,-1,454,407,409,-1,454,409,455,-1,455,409,411,-1,455,411,456,-1,456,411,413,-1,456,413,457,-1,457,413,415,-1,458,416,418,-1,458,418,459,-1,459,418,420,-1,459,420,460,-1,460,420,422,-1,460,422,461,-1,461,422,424,-1,461,424,462,-1,462,424,426,-1,462,426,463,-1,463,426,428,-1,463,428,464,-1,465,466,467,-1,467,466,468,-1,467,468,469,-1,469,468,470,-1,469,470,471,-1,471,470,472,-1,471,472,473,-1,473,472,474,-1,473,474,475,-1,475,474,476,-1,475,476,477,-1,477,476,478,-1,466,458,468,-1,468,458,459,-1,468,459,470,-1,470,459,460,-1,470,460,472,-1,472,460,461,-1,472,461,474,-1,474,461,462,-1,474,462,476,-1,476,462,463,-1,476,463,478,-1,478,463,464,-1,479,465,467,-1,479,467,480,-1,480,467,469,-1,480,469,481,-1,481,469,471,-1,481,471,482,-1,482,471,473,-1,482,473,483,-1,483,473,475,-1,483,475,484,-1,484,475,477,-1,484,477,485,-1,486,487,488,-1,488,487,489,-1,488,489,490,-1,490,489,491,-1,490,491,492,-1,492,491,493,-1,492,493,494,-1,494,493,495,-1,494,495,496,-1,496,495,497,-1,496,497,498,-1,498,497,499,-1,487,500,489,-1,489,500,501,-1,489,501,491,-1,491,501,502,-1,491,502,493,-1,493,502,503,-1,493,503,495,-1,495,503,504,-1,495,504,497,-1,497,504,505,-1,497,505,499,-1,499,505,506,-1,500,507,501,-1,501,507,508,-1,501,508,502,-1,502,508,509,-1,502,509,503,-1,503,509,510,-1,503,510,504,-1,504,510,511,-1,504,511,505,-1,505,511,512,-1,505,512,506,-1,506,512,513,-1,507,514,508,-1,508,514,515,-1,508,515,509,-1,509,515,516,-1,509,516,510,-1,510,516,517,-1,510,517,511,-1,511,517,518,-1,511,518,512,-1,512,518,519,-1,512,519,513,-1,513,519,520,-1,514,521,515,-1,515,521,522,-1,515,522,516,-1,516,522,523,-1,516,523,517,-1,517,523,524,-1,517,524,518,-1,518,524,525,-1,518,525,519,-1,519,525,526,-1,519,526,520,-1,520,526,527,-1,521,479,522,-1,522,479,480,-1,522,480,523,-1,523,480,481,-1,523,481,524,-1,524,481,482,-1,524,482,525,-1,525,482,483,-1,525,483,526,-1,526,483,484,-1,526,484,527,-1,527,484,485,-1,488,490,528,-1,528,529,488,-1,488,529,530,-1,488,530,486,-1,486,530,531,-1,486,531,532,-1,492,494,533,-1,533,534,492,-1,492,534,535,-1,492,535,490,-1,490,535,536,-1,490,536,528,-1,498,537,496,-1,496,537,538,-1,538,539,496,-1,496,539,540,-1,496,540,494,-1,494,540,541,-1,494,541,533,-1,542,543,531,-1,531,543,544,-1,531,544,532,-1,531,530,542,-1,542,530,529,-1,542,529,545,-1,529,528,545,-1,545,528,536,-1,545,536,546,-1,546,536,535,-1,535,534,546,-1,546,534,533,-1,546,533,547,-1,547,533,541,-1,547,541,540,-1,538,537,548,-1,538,548,539,-1,548,549,539,-1,539,549,550,-1,539,550,540,-1,540,550,551,-1,540,551,547,-1,548,552,549,-1,549,552,553,-1,549,553,550,-1,550,553,554,-1,550,554,551,-1,551,554,555,-1,551,555,547,-1,547,555,556,-1,547,556,546,-1,546,556,557,-1,546,557,545,-1,557,558,545,-1,545,558,559,-1,545,559,542,-1,559,560,542,-1,542,560,561,-1,542,561,543,-1,543,561,562,-1,562,563,543,-1,543,563,564,-1,543,564,544,-1,565,566,567,-1,565,567,568,-1,568,567,569,-1,568,569,570,-1,570,569,571,-1,570,571,572,-1,572,571,573,-1,572,573,574,-1,574,573,575,-1,574,575,576,-1,576,575,577,-1,576,577,578,-1,579,580,581,-1,579,581,582,-1,582,581,583,-1,582,583,584,-1,584,583,585,-1,584,585,586,-1,586,585,587,-1,587,585,588,-1,587,588,589,-1,589,588,590,-1,590,588,591,-1,590,591,592,-1,592,591,593,-1,593,591,594,-1,593,594,595,-1,586,596,584,-1,584,596,597,-1,584,597,582,-1,582,597,598,-1,582,598,579,-1,599,600,586,-1,586,600,601,-1,586,601,596,-1,595,602,593,-1,593,602,603,-1,593,603,592,-1,592,603,604,-1,592,604,590,-1,590,604,605,-1,590,605,589,-1,589,605,599,-1,589,599,587,-1,587,599,586,-1,606,607,601,-1,601,607,608,-1,601,608,596,-1,596,608,609,-1,596,609,597,-1,597,609,610,-1,597,610,598,-1,606,601,611,-1,611,601,600,-1,611,600,599,-1,605,604,612,-1,605,612,599,-1,599,612,613,-1,599,613,611,-1,603,602,614,-1,603,614,604,-1,604,614,615,-1,604,615,612,-1,616,610,609,-1,616,609,617,-1,617,609,608,-1,617,608,618,-1,618,608,607,-1,618,607,619,-1,619,607,606,-1,619,606,620,-1,620,606,611,-1,620,611,621,-1,621,611,613,-1,621,613,622,-1,622,613,612,-1,622,612,623,-1,623,612,615,-1,623,615,624,-1,624,615,614,-1,624,614,625,-1,625,626,624,-1,624,626,627,-1,628,622,627,-1,627,622,623,-1,627,623,624,-1,619,620,628,-1,628,620,621,-1,628,621,622,-1,628,629,619,-1,619,629,630,-1,619,630,618,-1,618,630,631,-1,618,631,617,-1,617,631,632,-1,617,632,616,-1,633,634,635,-1,633,635,636,-1,636,635,637,-1,636,637,638,-1,638,637,639,-1,638,639,640,-1,640,639,641,-1,640,641,642,-1,642,641,643,-1,642,643,644,-1,644,643,645,-1,644,645,646,-1,647,648,649,-1,647,649,650,-1,650,649,651,-1,650,651,652,-1,651,653,652,-1,652,653,654,-1,652,654,655,-1,654,656,655,-1,655,656,657,-1,655,657,658,-1,659,660,661,-1,657,662,658,-1,658,662,663,-1,658,663,664,-1,664,663,665,-1,664,665,666,-1,666,665,667,-1,666,667,668,-1,668,667,659,-1,668,659,669,-1,669,659,661,-1,670,671,668,-1,647,650,672,-1,672,650,673,-1,652,655,674,-1,674,675,652,-1,652,675,676,-1,652,676,650,-1,650,676,677,-1,650,677,673,-1,678,679,664,-1,664,679,680,-1,664,680,658,-1,658,680,681,-1,658,681,655,-1,655,681,682,-1,655,682,674,-1,678,664,671,-1,671,664,666,-1,671,666,668,-1,670,668,683,-1,683,668,669,-1,683,669,661,-1,683,684,670,-1,670,684,685,-1,670,685,671,-1,671,685,678,-1,678,685,679,-1,679,685,686,-1,679,686,680,-1,680,686,681,-1,681,686,687,-1,681,687,682,-1,682,687,674,-1,674,687,688,-1,674,688,675,-1,675,688,676,-1,676,688,689,-1,676,689,677,-1,677,689,673,-1,673,689,690,-1,673,690,672,-1,684,691,685,-1,685,691,692,-1,685,692,686,-1,686,692,693,-1,686,693,687,-1,687,693,694,-1,687,694,688,-1,688,694,695,-1,688,695,689,-1,689,695,696,-1,689,696,690,-1,690,696,697,-1,691,698,692,-1,692,698,699,-1,692,699,693,-1,693,699,700,-1,693,700,694,-1,694,700,701,-1,694,701,695,-1,695,701,702,-1,695,702,696,-1,696,702,703,-1,696,703,697,-1,697,703,704,-1,698,705,699,-1,699,705,706,-1,699,706,700,-1,700,706,707,-1,700,707,701,-1,701,707,708,-1,701,708,702,-1,702,708,709,-1,702,709,703,-1,703,709,710,-1,703,710,704,-1,704,710,711,-1,705,712,706,-1,706,712,713,-1,706,713,707,-1,707,713,714,-1,707,714,708,-1,708,714,715,-1,708,715,709,-1,709,715,716,-1,709,716,710,-1,710,716,717,-1,710,717,711,-1,711,717,718,-1,712,719,713,-1,713,719,720,-1,713,720,714,-1,714,720,721,-1,714,721,715,-1,715,721,722,-1,715,722,716,-1,716,722,723,-1,716,723,717,-1,717,723,724,-1,717,724,718,-1,718,724,725,-1,719,726,720,-1,720,726,727,-1,720,727,721,-1,721,727,728,-1,721,728,722,-1,722,728,729,-1,722,729,723,-1,723,729,730,-1,723,730,724,-1,724,730,731,-1,724,731,725,-1,725,731,732,-1,726,733,734,-1,726,734,727,-1,727,734,735,-1,727,735,728,-1,728,735,736,-1,728,736,729,-1,729,736,737,-1,729,737,730,-1,730,737,738,-1,730,738,731,-1,731,738,739,-1,731,739,732,-1,733,740,734,-1,734,740,741,-1,734,741,735,-1,735,741,742,-1,735,742,736,-1,736,742,743,-1,736,743,737,-1,737,743,744,-1,737,744,738,-1,738,744,745,-1,738,745,739,-1,739,745,746,-1,740,747,741,-1,741,747,748,-1,741,748,742,-1,742,748,749,-1,742,749,743,-1,743,749,750,-1,743,750,744,-1,744,750,751,-1,744,751,745,-1,745,751,752,-1,745,752,746,-1,746,752,753,-1,754,753,752,-1,754,752,755,-1,755,752,751,-1,755,751,756,-1,756,751,750,-1,756,750,757,-1,757,750,749,-1,757,749,758,-1,758,749,748,-1,758,748,759,-1,759,748,747,-1,759,747,760,-1,760,761,759,-1,759,761,762,-1,759,762,758,-1,758,762,763,-1,758,763,757,-1,757,763,764,-1,757,764,756,-1,756,764,765,-1,756,765,755,-1,755,765,766,-1,755,766,754,-1,754,766,767,-1,761,768,762,-1,762,768,769,-1,762,769,763,-1,763,769,770,-1,763,770,764,-1,764,770,771,-1,764,771,765,-1,765,771,772,-1,765,772,766,-1,766,772,773,-1,766,773,767,-1,767,773,774,-1,768,775,769,-1,769,775,776,-1,769,776,770,-1,770,776,777,-1,770,777,771,-1,771,777,778,-1,771,778,772,-1,772,778,779,-1,772,779,773,-1,773,779,780,-1,773,780,774,-1,774,780,781,-1,775,782,776,-1,776,782,783,-1,776,783,777,-1,777,783,784,-1,777,784,778,-1,778,784,785,-1,778,785,779,-1,779,785,786,-1,779,786,780,-1,780,786,787,-1,780,787,781,-1,781,787,788,-1,782,789,783,-1,783,789,790,-1,783,790,784,-1,784,790,791,-1,784,791,785,-1,785,791,792,-1,785,792,786,-1,786,792,793,-1,786,793,787,-1,787,793,794,-1,787,794,788,-1,788,794,795,-1,789,796,790,-1,790,796,797,-1,790,797,791,-1,791,797,798,-1,791,798,792,-1,792,798,799,-1,792,799,793,-1,793,799,800,-1,793,800,794,-1,794,800,801,-1,794,801,795,-1,795,801,802,-1,796,803,804,-1,796,804,797,-1,797,804,805,-1,797,805,798,-1,798,805,806,-1,798,806,799,-1,799,806,807,-1,799,807,800,-1,800,807,808,-1,800,808,801,-1,801,808,809,-1,801,809,802,-1,810,811,812,-1,813,814,815,-1,816,817,818,-1,819,820,821,-1,822,823,824,-1,825,826,827,-1,828,829,830,-1,831,832,833,-1,834,835,836,-1,836,835,837,-1,836,837,838,-1,838,837,839,-1,838,839,840,-1,840,839,841,-1,840,841,842,-1,842,841,843,-1,842,843,844,-1,844,843,845,-1,846,847,848,-1,848,847,849,-1,848,849,850,-1,850,849,851,-1,850,851,852,-1,852,851,853,-1,852,853,854,-1,854,853,855,-1,854,855,856,-1,856,855,857,-1,858,859,860,-1,860,859,861,-1,860,861,862,-1,862,861,863,-1,862,863,864,-1,864,863,865,-1,864,865,866,-1,866,865,867,-1,866,867,868,-1,868,867,869,-1,870,871,872,-1,872,871,873,-1,872,873,874,-1,874,873,875,-1,874,875,876,-1,876,875,877,-1,876,877,878,-1,878,877,879,-1,878,879,880,-1,880,879,881,-1,882,883,884,-1,884,883,885,-1,884,885,886,-1,886,885,887,-1,886,887,888,-1,888,887,889,-1,888,889,890,-1,890,889,891,-1,890,891,892,-1,892,891,833,-1,892,833,893,-1,893,833,832,-1,894,831,844,-1,844,831,833,-1,844,833,842,-1,842,833,891,-1,842,891,840,-1,840,891,889,-1,840,889,838,-1,838,889,887,-1,838,887,836,-1,836,887,885,-1,836,885,834,-1,834,885,883,-1,895,896,897,-1,897,896,845,-1,897,845,898,-1,898,845,843,-1,898,843,899,-1,899,843,841,-1,899,841,900,-1,900,841,839,-1,900,839,901,-1,901,839,837,-1,901,837,902,-1,902,837,835,-1,896,903,845,-1,845,903,904,-1,845,904,844,-1,844,904,905,-1,844,905,894,-1,829,895,830,-1,830,895,897,-1,830,897,906,-1,906,897,898,-1,906,898,907,-1,907,898,899,-1,907,899,908,-1,908,899,900,-1,908,900,909,-1,909,900,901,-1,909,901,910,-1,910,901,902,-1,911,828,912,-1,912,828,830,-1,912,830,913,-1,913,830,906,-1,913,906,914,-1,914,906,907,-1,914,907,915,-1,915,907,908,-1,915,908,916,-1,916,908,909,-1,916,909,917,-1,917,909,910,-1,917,918,916,-1,916,918,919,-1,916,919,915,-1,915,919,920,-1,915,920,914,-1,914,920,921,-1,914,921,913,-1,913,921,922,-1,913,922,912,-1,912,922,923,-1,912,923,911,-1,911,923,924,-1,918,925,919,-1,919,925,926,-1,919,926,920,-1,920,926,927,-1,920,927,921,-1,921,927,928,-1,921,928,922,-1,922,928,929,-1,922,929,923,-1,923,929,827,-1,923,827,924,-1,924,827,826,-1,930,825,856,-1,856,825,827,-1,856,827,854,-1,854,827,929,-1,854,929,852,-1,852,929,928,-1,852,928,850,-1,850,928,927,-1,850,927,848,-1,848,927,926,-1,848,926,846,-1,846,926,925,-1,931,932,933,-1,933,932,857,-1,933,857,934,-1,934,857,855,-1,934,855,935,-1,935,855,853,-1,935,853,936,-1,936,853,851,-1,936,851,937,-1,937,851,849,-1,937,849,938,-1,938,849,847,-1,932,939,857,-1,857,939,940,-1,857,940,856,-1,856,940,941,-1,856,941,930,-1,823,931,824,-1,824,931,933,-1,824,933,942,-1,942,933,934,-1,942,934,943,-1,943,934,935,-1,943,935,944,-1,944,935,936,-1,944,936,945,-1,945,936,937,-1,945,937,946,-1,946,937,938,-1,947,822,948,-1,948,822,824,-1,948,824,949,-1,949,824,942,-1,949,942,950,-1,950,942,943,-1,950,943,951,-1,951,943,944,-1,951,944,952,-1,952,944,945,-1,952,945,953,-1,953,945,946,-1,953,954,952,-1,952,954,955,-1,952,955,951,-1,951,955,956,-1,951,956,950,-1,950,956,957,-1,950,957,949,-1,949,957,958,-1,949,958,948,-1,948,958,959,-1,948,959,947,-1,947,959,960,-1,954,961,955,-1,955,961,962,-1,955,962,956,-1,956,962,963,-1,956,963,957,-1,957,963,964,-1,957,964,958,-1,958,964,965,-1,958,965,959,-1,959,965,821,-1,959,821,960,-1,960,821,820,-1,966,819,868,-1,868,819,821,-1,868,821,866,-1,866,821,965,-1,866,965,864,-1,864,965,964,-1,864,964,862,-1,862,964,963,-1,862,963,860,-1,860,963,962,-1,860,962,858,-1,858,962,961,-1,967,968,969,-1,969,968,869,-1,969,869,970,-1,970,869,867,-1,970,867,971,-1,971,867,865,-1,971,865,972,-1,972,865,863,-1,972,863,973,-1,973,863,861,-1,973,861,974,-1,974,861,859,-1,968,975,869,-1,869,975,976,-1,869,976,868,-1,868,976,977,-1,868,977,966,-1,817,967,818,-1,818,967,969,-1,818,969,978,-1,978,969,970,-1,978,970,979,-1,979,970,971,-1,979,971,980,-1,980,971,972,-1,980,972,981,-1,981,972,973,-1,981,973,982,-1,982,973,974,-1,983,816,984,-1,984,816,818,-1,984,818,985,-1,985,818,978,-1,985,978,986,-1,986,978,979,-1,986,979,987,-1,987,979,980,-1,987,980,988,-1,988,980,981,-1,988,981,989,-1,989,981,982,-1,989,990,988,-1,988,990,991,-1,988,991,987,-1,987,991,992,-1,987,992,986,-1,986,992,993,-1,986,993,985,-1,985,993,994,-1,985,994,984,-1,984,994,995,-1,984,995,983,-1,983,995,996,-1,990,997,991,-1,991,997,998,-1,991,998,992,-1,992,998,999,-1,992,999,993,-1,993,999,1000,-1,993,1000,994,-1,994,1000,1001,-1,994,1001,995,-1,995,1001,815,-1,995,815,996,-1,996,815,814,-1,1002,813,880,-1,880,813,815,-1,880,815,878,-1,878,815,1001,-1,878,1001,876,-1,876,1001,1000,-1,876,1000,874,-1,874,1000,999,-1,874,999,872,-1,872,999,998,-1,872,998,870,-1,870,998,997,-1,1003,1004,1005,-1,1005,1004,881,-1,1005,881,1006,-1,1006,881,879,-1,1006,879,1007,-1,1007,879,877,-1,1007,877,1008,-1,1008,877,875,-1,1008,875,1009,-1,1009,875,873,-1,1009,873,1010,-1,1010,873,871,-1,1004,1011,881,-1,881,1011,1012,-1,881,1012,880,-1,880,1012,1013,-1,880,1013,1002,-1,811,1003,812,-1,812,1003,1005,-1,812,1005,1014,-1,1014,1005,1006,-1,1014,1006,1015,-1,1015,1006,1007,-1,1015,1007,1016,-1,1016,1007,1008,-1,1016,1008,1017,-1,1017,1008,1009,-1,1017,1009,1018,-1,1018,1009,1010,-1,1019,810,1020,-1,1020,810,812,-1,1020,812,1021,-1,1021,812,1014,-1,1021,1014,1022,-1,1022,1014,1015,-1,1022,1015,1023,-1,1023,1015,1016,-1,1023,1016,1024,-1,1024,1016,1017,-1,1024,1017,1025,-1,1025,1017,1018,-1,1025,882,1024,-1,1024,882,884,-1,1024,884,1023,-1,1023,884,886,-1,1023,886,1022,-1,1022,886,888,-1,1022,888,1021,-1,1021,888,890,-1,1021,890,1020,-1,1020,890,892,-1,1020,892,1019,-1,1019,892,893,-1,1026,1027,1028,-1,1029,1030,1031,-1,1032,1033,1034,-1,1035,1036,1037,-1,1038,1039,1040,-1,1041,1042,1043,-1,1044,1045,1046,-1,1047,1048,1049,-1,1050,1051,1052,-1,1052,1051,1053,-1,1052,1053,1054,-1,1054,1053,1055,-1,1054,1055,1056,-1,1056,1055,1057,-1,1056,1057,1058,-1,1058,1057,1059,-1,1058,1059,1060,-1,1060,1059,1061,-1,1062,1063,1064,-1,1064,1063,1065,-1,1064,1065,1066,-1,1066,1065,1067,-1,1066,1067,1068,-1,1068,1067,1069,-1,1068,1069,1070,-1,1070,1069,1071,-1,1070,1071,1072,-1,1072,1071,1073,-1,1074,1075,1076,-1,1076,1075,1077,-1,1076,1077,1078,-1,1078,1077,1079,-1,1078,1079,1080,-1,1080,1079,1081,-1,1080,1081,1082,-1,1082,1081,1083,-1,1082,1083,1084,-1,1084,1083,1085,-1,1086,1087,1088,-1,1088,1087,1089,-1,1088,1089,1090,-1,1090,1089,1091,-1,1090,1091,1092,-1,1092,1091,1093,-1,1092,1093,1094,-1,1094,1093,1095,-1,1094,1095,1096,-1,1096,1095,1097,-1,1098,1099,1100,-1,1100,1099,1101,-1,1100,1101,1102,-1,1102,1101,1103,-1,1102,1103,1104,-1,1104,1103,1105,-1,1104,1105,1106,-1,1106,1105,1107,-1,1106,1107,1108,-1,1108,1107,1049,-1,1108,1049,1109,-1,1109,1049,1048,-1,1110,1047,1060,-1,1060,1047,1049,-1,1060,1049,1058,-1,1058,1049,1107,-1,1058,1107,1056,-1,1056,1107,1105,-1,1056,1105,1054,-1,1054,1105,1103,-1,1054,1103,1052,-1,1052,1103,1101,-1,1052,1101,1050,-1,1050,1101,1099,-1,1111,1112,1113,-1,1113,1112,1061,-1,1113,1061,1114,-1,1114,1061,1059,-1,1114,1059,1115,-1,1115,1059,1057,-1,1115,1057,1116,-1,1116,1057,1055,-1,1116,1055,1117,-1,1117,1055,1053,-1,1117,1053,1118,-1,1118,1053,1051,-1,1112,1119,1061,-1,1061,1119,1120,-1,1061,1120,1060,-1,1060,1120,1121,-1,1060,1121,1110,-1,1045,1111,1046,-1,1046,1111,1113,-1,1046,1113,1122,-1,1122,1113,1114,-1,1122,1114,1123,-1,1123,1114,1115,-1,1123,1115,1124,-1,1124,1115,1116,-1,1124,1116,1125,-1,1125,1116,1117,-1,1125,1117,1126,-1,1126,1117,1118,-1,1127,1044,1128,-1,1128,1044,1046,-1,1128,1046,1129,-1,1129,1046,1122,-1,1129,1122,1130,-1,1130,1122,1123,-1,1130,1123,1131,-1,1131,1123,1124,-1,1131,1124,1132,-1,1132,1124,1125,-1,1132,1125,1133,-1,1133,1125,1126,-1,1133,1134,1132,-1,1132,1134,1135,-1,1132,1135,1131,-1,1131,1135,1136,-1,1131,1136,1130,-1,1130,1136,1137,-1,1130,1137,1129,-1,1129,1137,1138,-1,1129,1138,1128,-1,1128,1138,1139,-1,1128,1139,1127,-1,1127,1139,1140,-1,1134,1141,1135,-1,1135,1141,1142,-1,1135,1142,1136,-1,1136,1142,1143,-1,1136,1143,1137,-1,1137,1143,1144,-1,1137,1144,1138,-1,1138,1144,1145,-1,1138,1145,1139,-1,1139,1145,1043,-1,1139,1043,1140,-1,1140,1043,1042,-1,1146,1041,1072,-1,1072,1041,1043,-1,1072,1043,1070,-1,1070,1043,1145,-1,1070,1145,1068,-1,1068,1145,1144,-1,1068,1144,1066,-1,1066,1144,1143,-1,1066,1143,1064,-1,1064,1143,1142,-1,1064,1142,1062,-1,1062,1142,1141,-1,1147,1148,1149,-1,1149,1148,1073,-1,1149,1073,1150,-1,1150,1073,1071,-1,1150,1071,1151,-1,1151,1071,1069,-1,1151,1069,1152,-1,1152,1069,1067,-1,1152,1067,1153,-1,1153,1067,1065,-1,1153,1065,1154,-1,1154,1065,1063,-1,1148,1155,1073,-1,1073,1155,1156,-1,1073,1156,1072,-1,1072,1156,1157,-1,1072,1157,1146,-1,1039,1147,1040,-1,1040,1147,1149,-1,1040,1149,1158,-1,1158,1149,1150,-1,1158,1150,1159,-1,1159,1150,1151,-1,1159,1151,1160,-1,1160,1151,1152,-1,1160,1152,1161,-1,1161,1152,1153,-1,1161,1153,1162,-1,1162,1153,1154,-1,1163,1038,1164,-1,1164,1038,1040,-1,1164,1040,1165,-1,1165,1040,1158,-1,1165,1158,1166,-1,1166,1158,1159,-1,1166,1159,1167,-1,1167,1159,1160,-1,1167,1160,1168,-1,1168,1160,1161,-1,1168,1161,1169,-1,1169,1161,1162,-1,1169,1170,1168,-1,1168,1170,1171,-1,1168,1171,1167,-1,1167,1171,1172,-1,1167,1172,1166,-1,1166,1172,1173,-1,1166,1173,1165,-1,1165,1173,1174,-1,1165,1174,1164,-1,1164,1174,1175,-1,1164,1175,1163,-1,1163,1175,1176,-1,1170,1177,1171,-1,1171,1177,1178,-1,1171,1178,1172,-1,1172,1178,1179,-1,1172,1179,1173,-1,1173,1179,1180,-1,1173,1180,1174,-1,1174,1180,1181,-1,1174,1181,1175,-1,1175,1181,1037,-1,1175,1037,1176,-1,1176,1037,1036,-1,1182,1035,1084,-1,1084,1035,1037,-1,1084,1037,1082,-1,1082,1037,1181,-1,1082,1181,1080,-1,1080,1181,1180,-1,1080,1180,1078,-1,1078,1180,1179,-1,1078,1179,1076,-1,1076,1179,1178,-1,1076,1178,1074,-1,1074,1178,1177,-1,1183,1184,1185,-1,1185,1184,1085,-1,1185,1085,1186,-1,1186,1085,1083,-1,1186,1083,1187,-1,1187,1083,1081,-1,1187,1081,1188,-1,1188,1081,1079,-1,1188,1079,1189,-1,1189,1079,1077,-1,1189,1077,1190,-1,1190,1077,1075,-1,1184,1191,1085,-1,1085,1191,1192,-1,1085,1192,1084,-1,1084,1192,1193,-1,1084,1193,1182,-1,1033,1183,1034,-1,1034,1183,1185,-1,1034,1185,1194,-1,1194,1185,1186,-1,1194,1186,1195,-1,1195,1186,1187,-1,1195,1187,1196,-1,1196,1187,1188,-1,1196,1188,1197,-1,1197,1188,1189,-1,1197,1189,1198,-1,1198,1189,1190,-1,1199,1032,1200,-1,1200,1032,1034,-1,1200,1034,1201,-1,1201,1034,1194,-1,1201,1194,1202,-1,1202,1194,1195,-1,1202,1195,1203,-1,1203,1195,1196,-1,1203,1196,1204,-1,1204,1196,1197,-1,1204,1197,1205,-1,1205,1197,1198,-1,1205,1206,1204,-1,1204,1206,1207,-1,1204,1207,1203,-1,1203,1207,1208,-1,1203,1208,1202,-1,1202,1208,1209,-1,1202,1209,1201,-1,1201,1209,1210,-1,1201,1210,1200,-1,1200,1210,1211,-1,1200,1211,1199,-1,1199,1211,1212,-1,1206,1213,1207,-1,1207,1213,1214,-1,1207,1214,1208,-1,1208,1214,1215,-1,1208,1215,1209,-1,1209,1215,1216,-1,1209,1216,1210,-1,1210,1216,1217,-1,1210,1217,1211,-1,1211,1217,1031,-1,1211,1031,1212,-1,1212,1031,1030,-1,1218,1029,1096,-1,1096,1029,1031,-1,1096,1031,1094,-1,1094,1031,1217,-1,1094,1217,1092,-1,1092,1217,1216,-1,1092,1216,1090,-1,1090,1216,1215,-1,1090,1215,1088,-1,1088,1215,1214,-1,1088,1214,1086,-1,1086,1214,1213,-1,1219,1220,1221,-1,1221,1220,1097,-1,1221,1097,1222,-1,1222,1097,1095,-1,1222,1095,1223,-1,1223,1095,1093,-1,1223,1093,1224,-1,1224,1093,1091,-1,1224,1091,1225,-1,1225,1091,1089,-1,1225,1089,1226,-1,1226,1089,1087,-1,1220,1227,1097,-1,1097,1227,1228,-1,1097,1228,1096,-1,1096,1228,1229,-1,1096,1229,1218,-1,1027,1219,1028,-1,1028,1219,1221,-1,1028,1221,1230,-1,1230,1221,1222,-1,1230,1222,1231,-1,1231,1222,1223,-1,1231,1223,1232,-1,1232,1223,1224,-1,1232,1224,1233,-1,1233,1224,1225,-1,1233,1225,1234,-1,1234,1225,1226,-1,1235,1026,1236,-1,1236,1026,1028,-1,1236,1028,1237,-1,1237,1028,1230,-1,1237,1230,1238,-1,1238,1230,1231,-1,1238,1231,1239,-1,1239,1231,1232,-1,1239,1232,1240,-1,1240,1232,1233,-1,1240,1233,1241,-1,1241,1233,1234,-1,1241,1098,1240,-1,1240,1098,1100,-1,1240,1100,1239,-1,1239,1100,1102,-1,1239,1102,1238,-1,1238,1102,1104,-1,1238,1104,1237,-1,1237,1104,1106,-1,1237,1106,1236,-1,1236,1106,1108,-1,1236,1108,1235,-1,1235,1108,1109,-1,1242,1243,221,-1,221,1243,1244,-1,1244,1243,1245,-1,1245,1243,1246,-1,1245,1246,1247,-1,1247,1246,1248,-1,1248,1246,1249,-1,1248,1249,1250,-1,1251,1252,1249,-1,1249,1252,1253,-1,1249,1253,1250,-1,1254,1255,1256,-1,1256,1255,1257,-1,1256,1257,1251,-1,1251,1257,1258,-1,1251,1258,1252,-1,1256,1259,1254,-1,1254,1259,1260,-1,1254,1260,206,-1,1252,1258,1261,-1,1257,1255,1262,-1,1254,206,204,-1,1263,1264,1265,-1,1265,1264,1266,-1,1265,1266,1267,-1,1267,1266,1268,-1,1267,1268,1269,-1,1269,1268,1270,-1,1269,1270,1271,-1,1271,1270,1272,-1,1271,1272,1273,-1,1273,1272,1274,-1,1255,1254,1262,-1,1262,1254,204,-1,1262,204,1275,-1,1275,204,202,-1,1275,202,1276,-1,1276,202,200,-1,1276,200,1277,-1,1277,200,198,-1,1277,198,1278,-1,1278,198,196,-1,1278,196,1279,-1,1279,196,195,-1,1258,1257,1261,-1,1261,1257,1262,-1,1261,1262,1280,-1,1280,1262,1275,-1,1280,1275,1281,-1,1281,1275,1276,-1,1281,1276,1282,-1,1282,1276,1277,-1,1282,1277,1283,-1,1283,1277,1278,-1,1283,1278,1284,-1,1284,1278,1279,-1,1253,1252,1273,-1,1273,1252,1261,-1,1273,1261,1271,-1,1271,1261,1280,-1,1271,1280,1269,-1,1269,1280,1281,-1,1269,1281,1267,-1,1267,1281,1282,-1,1267,1282,1265,-1,1265,1282,1283,-1,1265,1283,1263,-1,1263,1283,1284,-1,1244,1245,1285,-1,1285,1245,1274,-1,1285,1274,1286,-1,1286,1274,1272,-1,1286,1272,1287,-1,1287,1272,1270,-1,1287,1270,1288,-1,1288,1270,1268,-1,1288,1268,1289,-1,1289,1268,1266,-1,1289,1266,1290,-1,1290,1266,1264,-1,1245,1247,1274,-1,1274,1247,1248,-1,1274,1248,1273,-1,1273,1248,1250,-1,1273,1250,1253,-1,221,1244,219,-1,219,1244,1285,-1,219,1285,217,-1,217,1285,1286,-1,217,1286,215,-1,215,1286,1287,-1,215,1287,213,-1,213,1287,1288,-1,213,1288,211,-1,211,1288,1289,-1,211,1289,208,-1,208,1289,1290,-1,1291,220,1292,-1,1291,1292,1293,-1,1293,1292,1294,-1,1293,1294,1295,-1,1295,1294,1296,-1,1295,1296,1297,-1,1297,1296,1298,-1,1297,1298,1299,-1,1299,1298,1300,-1,1299,1300,1301,-1,1301,1300,223,-1,1301,223,1302,-1,243,242,1303,-1,1303,242,1304,-1,242,241,1304,-1,1304,241,239,-1,1304,239,1305,-1,239,238,1305,-1,1305,238,236,-1,1305,236,1306,-1,236,235,1306,-1,1306,235,233,-1,1306,233,1307,-1,209,1308,210,-1,210,1308,1309,-1,210,1309,212,-1,212,1309,1310,-1,212,1310,214,-1,214,1310,1311,-1,214,1311,216,-1,216,1311,1312,-1,216,1312,218,-1,218,1312,1313,-1,218,1313,220,-1,1308,1314,1309,-1,1309,1314,1315,-1,1309,1315,1310,-1,1310,1315,1316,-1,1310,1316,1311,-1,1311,1316,1317,-1,1311,1317,1312,-1,1312,1317,1318,-1,1312,1318,1313,-1,1313,1318,1319,-1,1314,1320,1315,-1,1315,1320,1321,-1,1315,1321,1316,-1,1316,1321,1322,-1,1316,1322,1317,-1,1317,1322,1323,-1,1317,1323,1318,-1,1318,1323,1324,-1,1318,1324,1319,-1,1319,1324,1325,-1,1320,1326,1321,-1,1321,1326,1327,-1,1321,1327,1322,-1,1322,1327,1328,-1,1322,1328,1323,-1,1323,1328,1329,-1,1323,1329,1324,-1,1324,1329,1330,-1,1324,1330,1325,-1,1325,1330,1331,-1,1326,1303,1327,-1,1327,1303,1304,-1,1327,1304,1328,-1,1328,1304,1305,-1,1328,1305,1329,-1,1329,1305,1306,-1,1329,1306,1330,-1,1330,1306,1307,-1,1330,1307,1331,-1,1331,1307,1332,-1,233,231,1307,-1,1307,231,229,-1,1307,229,1332,-1,1332,229,227,-1,1332,227,225,-1,220,1313,1292,-1,1292,1313,1319,-1,1292,1319,1294,-1,1294,1319,1325,-1,1294,1325,1296,-1,1296,1325,1331,-1,1296,1331,1298,-1,1298,1331,1332,-1,1298,1332,1300,-1,1300,1332,225,-1,1300,225,223,-1,1333,1334,1335,-1,1335,1334,1336,-1,1335,1336,660,-1,1337,1338,1333,-1,1333,1338,1339,-1,1333,1339,1334,-1,1333,1340,1337,-1,1337,1340,1341,-1,1337,1341,1342,-1,1342,1341,1343,-1,1342,1343,1344,-1,1344,1343,646,-1,1344,646,1345,-1,648,1346,649,-1,649,1346,1347,-1,649,1347,651,-1,651,1347,653,-1,653,1347,1348,-1,653,1348,654,-1,654,1348,656,-1,656,1348,1349,-1,656,1349,657,-1,657,1349,662,-1,662,1349,1350,-1,662,1350,663,-1,663,1350,665,-1,665,1350,1351,-1,665,1351,667,-1,667,1351,659,-1,659,1351,1335,-1,659,1335,660,-1,1346,1352,1347,-1,1347,1352,1353,-1,1347,1353,1348,-1,1348,1353,1354,-1,1348,1354,1349,-1,1349,1354,1355,-1,1349,1355,1350,-1,1350,1355,1356,-1,1350,1356,1351,-1,1351,1356,1357,-1,1351,1357,1335,-1,1335,1357,1333,-1,1352,1358,1353,-1,1353,1358,1359,-1,1353,1359,1354,-1,1354,1359,1360,-1,1354,1360,1355,-1,1355,1360,1361,-1,1355,1361,1356,-1,1356,1361,1362,-1,1356,1362,1357,-1,1357,1362,1363,-1,1357,1363,1333,-1,1333,1363,1340,-1,1358,1364,1359,-1,1359,1364,1365,-1,1359,1365,1360,-1,1360,1365,1366,-1,1360,1366,1361,-1,1361,1366,1367,-1,1361,1367,1362,-1,1362,1367,1368,-1,1362,1368,1363,-1,1363,1368,1369,-1,1363,1369,1340,-1,1340,1369,1341,-1,1364,1370,1365,-1,1365,1370,1371,-1,1365,1371,1366,-1,1366,1371,1372,-1,1366,1372,1367,-1,1367,1372,1373,-1,1367,1373,1368,-1,1368,1373,1374,-1,1368,1374,1369,-1,1369,1374,1375,-1,1369,1375,1341,-1,1341,1375,1343,-1,1370,633,1371,-1,1371,633,636,-1,1371,636,1372,-1,1372,636,638,-1,1372,638,1373,-1,1373,638,640,-1,1373,640,1374,-1,1374,640,642,-1,1374,642,1375,-1,1375,642,644,-1,1375,644,1343,-1,1343,644,646,-1,626,1376,1377,-1,626,1377,1378,-1,1378,1377,1379,-1,1378,1379,1380,-1,1380,1379,1381,-1,1380,1381,1382,-1,1382,1381,1383,-1,1382,1383,1384,-1,1384,1383,1385,-1,1384,1385,1386,-1,1386,1385,1387,-1,1386,1387,645,-1,634,1388,635,-1,635,1388,1389,-1,635,1389,637,-1,637,1389,1390,-1,637,1390,639,-1,639,1390,1391,-1,639,1391,641,-1,641,1391,1392,-1,641,1392,643,-1,643,1392,1393,-1,643,1393,645,-1,645,1393,1386,-1,1388,1394,1389,-1,1389,1394,1395,-1,1389,1395,1390,-1,1390,1395,1396,-1,1390,1396,1391,-1,1391,1396,1397,-1,1391,1397,1392,-1,1392,1397,1398,-1,1392,1398,1393,-1,1393,1398,1399,-1,1393,1399,1386,-1,1386,1399,1384,-1,1394,1400,1395,-1,1395,1400,1401,-1,1395,1401,1396,-1,1396,1401,1402,-1,1396,1402,1397,-1,1397,1402,1403,-1,1397,1403,1398,-1,1398,1403,1404,-1,1398,1404,1399,-1,1399,1404,1405,-1,1399,1405,1384,-1,1384,1405,1382,-1,1400,1406,1401,-1,1401,1406,1407,-1,1401,1407,1402,-1,1402,1407,1408,-1,1402,1408,1403,-1,1403,1408,1409,-1,1403,1409,1404,-1,1404,1409,1410,-1,1404,1410,1405,-1,1405,1410,1411,-1,1405,1411,1382,-1,1382,1411,1380,-1,1406,1412,1407,-1,1407,1412,1413,-1,1407,1413,1408,-1,1408,1413,1414,-1,1408,1414,1409,-1,1409,1414,1415,-1,1409,1415,1410,-1,1410,1415,1416,-1,1410,1416,1411,-1,1411,1416,1417,-1,1411,1417,1380,-1,1380,1417,1378,-1,1412,632,1413,-1,1413,632,631,-1,1413,631,1414,-1,1414,631,630,-1,1414,630,1415,-1,1415,630,629,-1,1415,629,1416,-1,1416,629,628,-1,1416,628,1417,-1,1417,628,627,-1,1417,627,1378,-1,1378,627,626,-1,578,1418,1419,-1,578,1419,1420,-1,1420,1419,1421,-1,1420,1421,1422,-1,1422,1421,1423,-1,1422,1423,1424,-1,1424,1423,1425,-1,1424,1425,1426,-1,1426,1425,1427,-1,1426,1427,1428,-1,1428,1427,1429,-1,1428,1429,594,-1,580,1430,581,-1,581,1430,1431,-1,581,1431,583,-1,583,1431,1432,-1,583,1432,585,-1,585,1432,1433,-1,585,1433,588,-1,588,1433,1434,-1,588,1434,591,-1,591,1434,1435,-1,591,1435,594,-1,594,1435,1428,-1,1430,1436,1431,-1,1431,1436,1437,-1,1431,1437,1432,-1,1432,1437,1438,-1,1432,1438,1433,-1,1433,1438,1439,-1,1433,1439,1434,-1,1434,1439,1440,-1,1434,1440,1435,-1,1435,1440,1441,-1,1435,1441,1428,-1,1428,1441,1426,-1,1436,1442,1437,-1,1437,1442,1443,-1,1437,1443,1438,-1,1438,1443,1444,-1,1438,1444,1439,-1,1439,1444,1445,-1,1439,1445,1440,-1,1440,1445,1446,-1,1440,1446,1441,-1,1441,1446,1447,-1,1441,1447,1426,-1,1426,1447,1424,-1,1442,1448,1443,-1,1443,1448,1449,-1,1443,1449,1444,-1,1444,1449,1450,-1,1444,1450,1445,-1,1445,1450,1451,-1,1445,1451,1446,-1,1446,1451,1452,-1,1446,1452,1447,-1,1447,1452,1453,-1,1447,1453,1424,-1,1424,1453,1422,-1,1448,1454,1449,-1,1449,1454,1455,-1,1449,1455,1450,-1,1450,1455,1456,-1,1450,1456,1451,-1,1451,1456,1457,-1,1451,1457,1452,-1,1452,1457,1458,-1,1452,1458,1453,-1,1453,1458,1459,-1,1453,1459,1422,-1,1422,1459,1420,-1,1454,565,1455,-1,1455,565,568,-1,1455,568,1456,-1,1456,568,570,-1,1456,570,1457,-1,1457,570,572,-1,1457,572,1458,-1,1458,572,574,-1,1458,574,1459,-1,1459,574,576,-1,1459,576,1420,-1,1420,576,578,-1,1460,577,1461,-1,1460,1461,1462,-1,1462,1461,1463,-1,1462,1463,1464,-1,1464,1463,1465,-1,1464,1465,1466,-1,1466,1465,1467,-1,1467,1465,1468,-1,1467,1468,1469,-1,1469,1468,1470,-1,1469,1470,1471,-1,1471,1470,552,-1,1471,552,1472,-1,564,563,1473,-1,1473,563,1474,-1,563,562,1474,-1,1474,562,561,-1,1474,561,1475,-1,561,560,1475,-1,1475,560,559,-1,1475,559,1476,-1,559,558,1476,-1,1476,558,557,-1,1476,557,1477,-1,566,1478,567,-1,567,1478,1479,-1,567,1479,569,-1,569,1479,1480,-1,569,1480,571,-1,571,1480,1481,-1,571,1481,573,-1,573,1481,1482,-1,573,1482,575,-1,575,1482,1483,-1,575,1483,577,-1,1478,1484,1479,-1,1479,1484,1485,-1,1479,1485,1480,-1,1480,1485,1486,-1,1480,1486,1481,-1,1481,1486,1487,-1,1481,1487,1482,-1,1482,1487,1488,-1,1482,1488,1483,-1,1483,1488,1489,-1,1484,1490,1485,-1,1485,1490,1491,-1,1485,1491,1486,-1,1486,1491,1492,-1,1486,1492,1487,-1,1487,1492,1493,-1,1487,1493,1488,-1,1488,1493,1494,-1,1488,1494,1489,-1,1489,1494,1495,-1,1490,1496,1491,-1,1491,1496,1497,-1,1491,1497,1492,-1,1492,1497,1498,-1,1492,1498,1493,-1,1493,1498,1499,-1,1493,1499,1494,-1,1494,1499,1500,-1,1494,1500,1495,-1,1495,1500,1501,-1,1496,1473,1497,-1,1497,1473,1474,-1,1497,1474,1498,-1,1498,1474,1475,-1,1498,1475,1499,-1,1499,1475,1476,-1,1499,1476,1500,-1,1500,1476,1477,-1,1500,1477,1501,-1,1501,1477,1502,-1,557,556,1477,-1,1477,556,555,-1,1477,555,1502,-1,1502,555,554,-1,1502,554,553,-1,577,1483,1461,-1,1461,1483,1489,-1,1461,1489,1463,-1,1463,1489,1495,-1,1463,1495,1465,-1,1465,1495,1501,-1,1465,1501,1468,-1,1468,1501,1502,-1,1468,1502,1470,-1,1470,1502,553,-1,1470,553,552,-1,1503,175,1504,-1,1503,1504,1505,-1,1505,1504,1506,-1,1505,1506,1507,-1,1507,1506,1508,-1,1507,1508,1509,-1,1509,1508,1510,-1,1509,1510,1511,-1,1511,1510,1512,-1,1511,1512,1513,-1,1513,1512,193,-1,1513,193,1514,-1,167,1515,168,-1,168,1515,1516,-1,168,1516,169,-1,169,1516,170,-1,170,1516,1517,-1,170,1517,171,-1,171,1517,172,-1,172,1517,1518,-1,172,1518,173,-1,173,1518,176,-1,176,1518,1519,-1,176,1519,177,-1,177,1519,178,-1,178,1519,1520,-1,178,1520,179,-1,179,1520,174,-1,174,1520,1504,-1,174,1504,175,-1,1515,1521,1516,-1,1516,1521,1522,-1,1516,1522,1517,-1,1517,1522,1523,-1,1517,1523,1518,-1,1518,1523,1524,-1,1518,1524,1519,-1,1519,1524,1525,-1,1519,1525,1520,-1,1520,1525,1526,-1,1520,1526,1504,-1,1504,1526,1506,-1,1521,1527,1522,-1,1522,1527,1528,-1,1522,1528,1523,-1,1523,1528,1529,-1,1523,1529,1524,-1,1524,1529,1530,-1,1524,1530,1525,-1,1525,1530,1531,-1,1525,1531,1526,-1,1526,1531,1532,-1,1526,1532,1506,-1,1506,1532,1508,-1,1527,1533,1528,-1,1528,1533,1534,-1,1528,1534,1529,-1,1529,1534,1535,-1,1529,1535,1530,-1,1530,1535,1536,-1,1530,1536,1531,-1,1531,1536,1537,-1,1531,1537,1532,-1,1532,1537,1538,-1,1532,1538,1508,-1,1508,1538,1510,-1,1533,1539,1534,-1,1534,1539,1540,-1,1534,1540,1535,-1,1535,1540,1541,-1,1535,1541,1536,-1,1536,1541,1542,-1,1536,1542,1537,-1,1537,1542,1543,-1,1537,1543,1538,-1,1538,1543,1544,-1,1538,1544,1510,-1,1510,1544,1512,-1,1539,180,1540,-1,1540,180,183,-1,1540,183,1541,-1,1541,183,185,-1,1541,185,1542,-1,1542,185,187,-1,1542,187,1543,-1,1543,187,189,-1,1543,189,1544,-1,1544,189,191,-1,1544,191,1512,-1,1512,191,193,-1,207,1545,1546,-1,207,1546,1547,-1,1547,1546,1548,-1,1547,1548,1549,-1,1549,1548,1550,-1,1549,1550,1551,-1,1551,1550,1552,-1,1551,1552,1553,-1,1553,1552,1554,-1,1553,1554,1555,-1,1555,1554,1556,-1,1555,1556,192,-1,181,1557,182,-1,182,1557,1558,-1,182,1558,184,-1,184,1558,1559,-1,184,1559,186,-1,186,1559,1560,-1,186,1560,188,-1,188,1560,1561,-1,188,1561,190,-1,190,1561,1562,-1,190,1562,192,-1,192,1562,1555,-1,1557,1563,1558,-1,1558,1563,1564,-1,1558,1564,1559,-1,1559,1564,1565,-1,1559,1565,1560,-1,1560,1565,1566,-1,1560,1566,1561,-1,1561,1566,1567,-1,1561,1567,1562,-1,1562,1567,1568,-1,1562,1568,1555,-1,1555,1568,1553,-1,1563,1569,1564,-1,1564,1569,1570,-1,1564,1570,1565,-1,1565,1570,1571,-1,1565,1571,1566,-1,1566,1571,1572,-1,1566,1572,1567,-1,1567,1572,1573,-1,1567,1573,1568,-1,1568,1573,1574,-1,1568,1574,1553,-1,1553,1574,1551,-1,1569,1575,1570,-1,1570,1575,1576,-1,1570,1576,1571,-1,1571,1576,1577,-1,1571,1577,1572,-1,1572,1577,1578,-1,1572,1578,1573,-1,1573,1578,1579,-1,1573,1579,1574,-1,1574,1579,1580,-1,1574,1580,1551,-1,1551,1580,1549,-1,1575,1581,1576,-1,1576,1581,1582,-1,1576,1582,1577,-1,1577,1582,1583,-1,1577,1583,1578,-1,1578,1583,1584,-1,1578,1584,1579,-1,1579,1584,1585,-1,1579,1585,1580,-1,1580,1585,1586,-1,1580,1586,1549,-1,1549,1586,1547,-1,1581,194,1582,-1,1582,194,197,-1,1582,197,1583,-1,1583,197,199,-1,1583,199,1584,-1,1584,199,201,-1,1584,201,1585,-1,1585,201,203,-1,1585,203,1586,-1,1586,203,205,-1,1586,205,1547,-1,1547,205,207,-1,1587,1588,1589,-1,1587,1589,1590,-1,1590,1589,1591,-1,1590,1591,1592,-1,1592,1591,1593,-1,1592,1593,1594,-1,1594,1593,1595,-1,1595,1593,1596,-1,1595,1596,1597,-1,1597,1596,1598,-1,1597,1598,1599,-1,1599,1598,1600,-1,1599,1600,1601,-1,1600,1602,1601,-1,1601,1602,1603,-1,1601,1603,1604,-1,1604,1603,1605,-1,1604,1605,1606,-1,1607,1587,1590,-1,1607,1590,1608,-1,1608,1590,1592,-1,1608,1592,1609,-1,1609,1592,1594,-1,1609,1594,1610,-1,1610,1594,1611,-1,1611,1594,1595,-1,1611,1595,1612,-1,1612,1595,1597,-1,1612,1597,1613,-1,1613,1597,1599,-1,1613,1599,1614,-1,1599,1601,1614,-1,1614,1601,1604,-1,1614,1604,1615,-1,1615,1604,1606,-1,1615,1606,1616,-1,1617,1605,1618,-1,1618,1605,1603,-1,1618,1603,1619,-1,1603,1602,1619,-1,1619,1602,1600,-1,1619,1600,1620,-1,1620,1600,1598,-1,1620,1598,1621,-1,1621,1598,1622,-1,1622,1598,1596,-1,1622,1596,1623,-1,1596,1593,1623,-1,1623,1593,1591,-1,1623,1591,1624,-1,1624,1591,1589,-1,1624,1589,1625,-1,1625,1589,1588,-1,1625,1588,1626,-1,1610,1624,1609,-1,1609,1624,1625,-1,1609,1625,1608,-1,1608,1625,1626,-1,1608,1626,1607,-1,1616,1617,1615,-1,1615,1617,1618,-1,1615,1618,1614,-1,1614,1618,1619,-1,1614,1619,1613,-1,1613,1619,1620,-1,1613,1620,1612,-1,1612,1620,1621,-1,1612,1621,1611,-1,1611,1621,1622,-1,1611,1622,1610,-1,1610,1622,1623,-1,1610,1623,1624,-1,1627,1628,1629,-1,1629,1628,1630,-1,1629,1630,1631,-1,1631,1630,1632,-1,1631,1632,1633,-1,1634,1635,1636,-1,1636,1635,1637,-1,1636,1637,1638,-1,1638,1637,1639,-1,1638,1639,1640,-1,1640,1639,1641,-1,1640,1641,1642,-1,1642,1641,1643,-1,1642,1643,1644,-1,1644,1643,1645,-1,1644,1645,1627,-1,1627,1645,1646,-1,1627,1646,1628,-1,1647,1648,1635,-1,1635,1648,1649,-1,1635,1649,1637,-1,1637,1649,1650,-1,1637,1650,1639,-1,1639,1650,1641,-1,1641,1650,1651,-1,1641,1651,1643,-1,1651,1652,1643,-1,1643,1652,1653,-1,1643,1653,1645,-1,1645,1653,1654,-1,1645,1654,1646,-1,1646,1654,1655,-1,1646,1655,1628,-1,1655,1656,1628,-1,1628,1656,1657,-1,1628,1657,1630,-1,1657,1658,1630,-1,1630,1658,1659,-1,1630,1659,1632,-1,1632,1659,1660,-1,1632,1660,1661,-1,1662,1663,1638,-1,1638,1663,1636,-1,1636,1663,1664,-1,1636,1664,1634,-1,1634,1664,1665,-1,1634,1665,1666,-1,1662,1638,1667,-1,1667,1638,1640,-1,1667,1640,1668,-1,1668,1640,1642,-1,1668,1642,1644,-1,1627,1629,1669,-1,1669,1670,1627,-1,1627,1670,1671,-1,1627,1671,1644,-1,1644,1671,1672,-1,1644,1672,1668,-1,1631,1633,1673,-1,1673,1674,1631,-1,1631,1674,1675,-1,1631,1675,1629,-1,1629,1675,1676,-1,1629,1676,1669,-1,1652,1651,1668,-1,1661,1660,1673,-1,1673,1660,1674,-1,1658,1676,1675,-1,1674,1660,1675,-1,1675,1660,1659,-1,1675,1659,1658,-1,1656,1670,1669,-1,1676,1658,1669,-1,1669,1658,1657,-1,1669,1657,1656,-1,1654,1672,1671,-1,1670,1656,1671,-1,1671,1656,1655,-1,1671,1655,1654,-1,1672,1654,1668,-1,1668,1654,1653,-1,1668,1653,1652,-1,1665,1664,1648,-1,1648,1664,1663,-1,1648,1663,1649,-1,1649,1663,1650,-1,1650,1663,1662,-1,1650,1662,1651,-1,1651,1662,1667,-1,1651,1667,1668,-1,1677,1678,1679,-1,1677,1679,1680,-1,1680,1679,1681,-1,1680,1681,1682,-1,1682,1681,1683,-1,1682,1683,1684,-1,1685,1686,1687,-1,1685,1687,1688,-1,1688,1687,1689,-1,1688,1689,1690,-1,1690,1689,1691,-1,1690,1691,1692,-1,1693,1694,1695,-1,1695,1694,1696,-1,1696,1694,1697,-1,1697,1694,1698,-1,1697,1698,1699,-1,1699,1698,1700,-1,1700,1698,1701,-1,1700,1701,1702,-1,1702,1701,1703,-1,1703,1701,1704,-1,1703,1704,1705,-1,1705,1704,1706,-1,1706,1704,1707,-1,1706,1707,1708,-1,1709,1710,1711,-1,1711,1710,1712,-1,1711,1712,1707,-1,1707,1712,1713,-1,1707,1713,1708,-1,1713,1712,1714,-1,1714,1712,1715,-1,1715,1712,1710,-1,1715,1710,1716,-1,1716,1710,1709,-1,1716,1709,1717,-1,1713,1714,1708,-1,1708,1714,1718,-1,1708,1718,1706,-1,1706,1718,1719,-1,1706,1719,1720,-1,1721,1722,1700,-1,1700,1702,1721,-1,1721,1702,1703,-1,1721,1703,1720,-1,1720,1703,1705,-1,1720,1705,1706,-1,1723,1724,1695,-1,1695,1696,1723,-1,1723,1696,1697,-1,1723,1697,1722,-1,1722,1697,1699,-1,1722,1699,1700,-1,1716,1725,1715,-1,1715,1725,1726,-1,1727,1718,1726,-1,1726,1718,1714,-1,1726,1714,1715,-1,1721,1720,1727,-1,1727,1720,1719,-1,1727,1719,1718,-1,1727,1728,1721,-1,1721,1728,1729,-1,1721,1729,1722,-1,1722,1729,1730,-1,1722,1730,1723,-1,1723,1730,1731,-1,1723,1731,1724,-1,1732,1733,1734,-1,1734,1733,1735,-1,1736,1732,1737,-1,1737,1732,1734,-1,1738,1736,1739,-1,1739,1736,1737,-1,1740,1738,1741,-1,1741,1738,1739,-1,1742,1740,1743,-1,1743,1740,1741,-1,1733,1742,1735,-1,1735,1742,1743,-1,1738,1740,1736,-1,1736,1740,1742,-1,1736,1742,1732,-1,1732,1742,1733,-1,1744,1745,1746,-1,1746,1745,1747,-1,1744,1746,1748,-1,1744,1748,1749,-1,1749,1748,1750,-1,1749,1750,1751,-1,1751,1750,1752,-1,1751,1752,1753,-1,1753,1752,1754,-1,1753,1754,1755,-1,1755,1754,1756,-1,1755,1756,1757,-1,1757,1756,1758,-1,1757,1758,1759,-1,1759,1758,1760,-1,1759,1760,1761,-1,1761,1760,1762,-1,1761,1762,1763,-1,1763,1762,1764,-1,1763,1764,1765,-1,1765,1764,1766,-1,1765,1766,1767,-1,1767,1766,1768,-1,1767,1768,1769,-1,1769,1768,1770,-1,1769,1770,1771,-1,1771,1770,1772,-1,1771,1772,1773,-1,1773,1772,1774,-1,1773,1774,1775,-1,1775,1774,1776,-1,1775,1776,1777,-1,1777,1776,1778,-1,1777,1778,1779,-1,1779,1778,1780,-1,1779,1780,1781,-1,1781,1780,1782,-1,1781,1782,1783,-1,1783,1782,1784,-1,1783,1784,1785,-1,1786,1785,1787,-1,1787,1785,1784,-1,1788,1789,1790,-1,1790,1789,1791,-1,1790,1791,1792,-1,1792,1791,1786,-1,1792,1786,1787,-1,1788,1793,1789,-1,1789,1793,1794,-1,1793,1795,1794,-1,1794,1795,1796,-1,1794,1796,1797,-1,1797,1796,1798,-1,1797,1798,1799,-1,1799,1798,1800,-1,1799,1800,1801,-1,1801,1800,1802,-1,1801,1802,1803,-1,1803,1802,1804,-1,1803,1804,1805,-1,1805,1804,1806,-1,1805,1806,1807,-1,1807,1806,1808,-1,1807,1808,1809,-1,1809,1808,1810,-1,1809,1810,1811,-1,1811,1810,1812,-1,1811,1812,1813,-1,1813,1812,1814,-1,1813,1814,1815,-1,1815,1814,1816,-1,1815,1816,1817,-1,1817,1816,1818,-1,1817,1818,1819,-1,1819,1818,1820,-1,1820,1818,1821,-1,1820,1821,1822,-1,1747,1745,1823,-1,1820,1822,1824,-1,1820,1824,1825,-1,1825,1824,1826,-1,1825,1826,1823,-1,1823,1826,1827,-1,1823,1827,1747,-1,1755,1820,1753,-1,1753,1820,1825,-1,1753,1825,1751,-1,1751,1825,1823,-1,1751,1823,1749,-1,1749,1823,1745,-1,1749,1745,1744,-1,1785,1786,1783,-1,1783,1786,1791,-1,1783,1791,1781,-1,1781,1791,1789,-1,1781,1789,1779,-1,1779,1789,1794,-1,1779,1794,1777,-1,1777,1794,1797,-1,1777,1797,1775,-1,1775,1797,1799,-1,1775,1799,1773,-1,1773,1799,1801,-1,1773,1801,1771,-1,1771,1801,1803,-1,1771,1803,1769,-1,1769,1803,1805,-1,1769,1805,1767,-1,1767,1805,1807,-1,1767,1807,1765,-1,1765,1807,1809,-1,1765,1809,1763,-1,1763,1809,1811,-1,1763,1811,1761,-1,1761,1811,1813,-1,1761,1813,1759,-1,1759,1813,1815,-1,1759,1815,1757,-1,1757,1815,1817,-1,1757,1817,1755,-1,1755,1817,1819,-1,1755,1819,1820,-1,1828,1829,1830,-1,1830,1829,1831,-1,1832,1828,1833,-1,1833,1828,1830,-1,1834,1832,1835,-1,1835,1832,1833,-1,1836,1834,1837,-1,1837,1834,1835,-1,1838,1836,1839,-1,1839,1836,1837,-1,1840,1838,1841,-1,1841,1838,1839,-1,1842,1840,1843,-1,1843,1840,1841,-1,1844,1842,1845,-1,1845,1842,1843,-1,1846,1844,1847,-1,1847,1844,1845,-1,1848,1846,1849,-1,1849,1846,1847,-1,1850,1848,1851,-1,1851,1848,1849,-1,1829,1850,1831,-1,1831,1850,1851,-1,1850,1829,1828,-1,1828,1832,1850,-1,1850,1832,1834,-1,1850,1834,1848,-1,1844,1846,1842,-1,1842,1846,1848,-1,1842,1848,1840,-1,1840,1848,1834,-1,1840,1834,1838,-1,1838,1834,1836,-1,1852,1853,1854,-1,1854,1853,1855,-1,1854,1855,1856,-1,1856,1855,1857,-1,1856,1857,1858,-1,1858,1857,1859,-1,1858,1859,1860,-1,1860,1859,1861,-1,1860,1861,1862,-1,1862,1861,1863,-1,1862,1863,1864,-1,1864,1863,1865,-1,1864,1865,1866,-1,1866,1865,1867,-1,1866,1867,1868,-1,1868,1867,1869,-1,1868,1869,1870,-1,1870,1869,1871,-1,1870,1871,1872,-1,1872,1871,1873,-1,1872,1873,1874,-1,1874,1873,1875,-1,1874,1875,1876,-1,1876,1875,1877,-1,1876,1877,1878,-1,1878,1877,1879,-1,1878,1879,1880,-1,1880,1879,1881,-1,1880,1881,1882,-1,1882,1881,1883,-1,1882,1883,1884,-1,1884,1883,1885,-1,1884,1885,1886,-1,1886,1885,1852,-1,1886,1852,1854,-1,1869,1867,1887,-1,1887,1867,1888,-1,1869,1887,1889,-1,1869,1889,1871,-1,1871,1889,1890,-1,1871,1890,1873,-1,1873,1890,1891,-1,1873,1891,1875,-1,1875,1891,1892,-1,1875,1892,1877,-1,1892,1893,1877,-1,1877,1893,1894,-1,1877,1894,1879,-1,1879,1894,1895,-1,1879,1895,1881,-1,1881,1895,1896,-1,1881,1896,1883,-1,1883,1896,1897,-1,1883,1897,1885,-1,1885,1897,1898,-1,1885,1898,1852,-1,1852,1898,1899,-1,1852,1899,1853,-1,1853,1899,1900,-1,1853,1900,1855,-1,1855,1900,1901,-1,1855,1901,1857,-1,1857,1901,1902,-1,1857,1902,1859,-1,1902,1903,1859,-1,1859,1903,1904,-1,1859,1904,1861,-1,1861,1904,1905,-1,1861,1905,1863,-1,1865,1863,1906,-1,1906,1863,1905,-1,1867,1865,1888,-1,1888,1865,1906,-1,1862,1864,1907,-1,1907,1864,1908,-1,1864,1866,1908,-1,1908,1866,1909,-1,1866,1868,1909,-1,1909,1868,1910,-1,1882,1911,1912,-1,1882,1912,1880,-1,1880,1912,1913,-1,1880,1913,1878,-1,1878,1913,1914,-1,1878,1914,1876,-1,1876,1914,1915,-1,1876,1915,1874,-1,1874,1915,1916,-1,1874,1916,1872,-1,1872,1916,1917,-1,1872,1917,1870,-1,1870,1917,1910,-1,1870,1910,1868,-1,1862,1907,1918,-1,1862,1918,1860,-1,1860,1918,1919,-1,1860,1919,1858,-1,1858,1919,1920,-1,1858,1920,1856,-1,1856,1920,1921,-1,1856,1921,1854,-1,1854,1921,1922,-1,1854,1922,1886,-1,1886,1922,1923,-1,1886,1923,1884,-1,1884,1923,1911,-1,1884,1911,1882,-1,1908,1909,1907,-1,1907,1909,1910,-1,1907,1910,1917,-1,1911,1923,1907,-1,1907,1923,1922,-1,1907,1922,1918,-1,1917,1916,1907,-1,1907,1916,1915,-1,1907,1915,1914,-1,1914,1913,1907,-1,1907,1913,1912,-1,1907,1912,1911,-1,1921,1920,1922,-1,1922,1920,1919,-1,1922,1919,1918,-1,1924,1925,1926,-1,1926,1925,1927,-1,1928,1929,1924,-1,1924,1929,1930,-1,1924,1930,1925,-1,1925,1930,1931,-1,1928,1932,1929,-1,1929,1932,1933,-1,1929,1933,1934,-1,1934,1933,1935,-1,1934,1935,1936,-1,1936,1937,1934,-1,1934,1937,1926,-1,1934,1926,1938,-1,1938,1926,1927,-1,1938,1927,1939,-1,1934,1938,1940,-1,1940,1938,1941,-1,1929,1934,1942,-1,1942,1934,1940,-1,1930,1929,1943,-1,1943,1929,1942,-1,1931,1930,1944,-1,1944,1930,1943,-1,1925,1931,1945,-1,1945,1931,1944,-1,1927,1925,1946,-1,1946,1925,1945,-1,1939,1927,1947,-1,1947,1927,1946,-1,1938,1939,1941,-1,1941,1939,1947,-1,1924,1926,1948,-1,1948,1926,1949,-1,1926,1937,1949,-1,1949,1937,1950,-1,1935,1951,1952,-1,1935,1952,1936,-1,1936,1952,1950,-1,1936,1950,1937,-1,1935,1933,1951,-1,1951,1933,1953,-1,1928,1954,1955,-1,1928,1955,1932,-1,1932,1955,1953,-1,1932,1953,1933,-1,1928,1924,1954,-1,1954,1924,1948,-1,1948,1949,1954,-1,1954,1949,1950,-1,1954,1950,1955,-1,1955,1950,1952,-1,1955,1952,1953,-1,1953,1952,1951,-1,1956,1957,1958,-1,1958,1957,1959,-1,1960,1961,1962,-1,1960,1962,1963,-1,1963,1962,1964,-1,1963,1964,1965,-1,1965,1964,1966,-1,1965,1966,1967,-1,1967,1966,1956,-1,1967,1956,1958,-1,1959,1957,1968,-1,1959,1968,1969,-1,1969,1968,1970,-1,1969,1970,1971,-1,1971,1970,1972,-1,1971,1972,1973,-1,
        ]
    }
}
Shape{
    appearance Appearance {
        material  Material 	{
            diffuseColor 0.25098039215686274 0.25098039215686274 0.25098039215686274
            specularColor 0.12549019607843137 0.12549019607843137 0.12549019607843137
            ambientIntensity 0.251
            transparency 0.0
            shininess 0.5
        }
    }
    geometry IndexedFaceSet {
        ccw TRUE
        solid FALSE
        coord DEF co Coordinate {
            point [
                2.379 0.1974 0.4134, 2.3851 0.2127 0.4134, 2.3808 0.1965 0.4136, 2.3871 0.2121 0.4136, 2.3824 0.1956 0.4144, 2.3889 0.2116 0.4144, 2.3839 0.1948 0.4157, 2.3905 0.2112 0.4157, 2.385 0.1942 0.4173, 2.3917 0.2109 0.4173, 2.3857 0.1938 0.4192, 2.3924 0.2107 0.4192, 2.3859 0.1937 0.4213, 2.3927 0.2106 0.4213, 2.3876 0.2289 0.4134, 2.3896 0.2288 0.4136, 2.3915 0.2287 0.4144, 2.3931 0.2287 0.4157, 2.3944 0.2286 0.4173, 2.3952 0.2286 0.4192, 2.3954 0.2286 0.4213, 2.3862 0.2452 0.4134, 2.3882 0.2456 0.4136, 2.3901 0.246 0.4144, 2.3917 0.2463 0.4157, 2.3929 0.2466 0.4173, 2.3937 0.2467 0.4192, 2.394 0.2468 0.4213, 2.3812 0.2608 0.4134, 2.383 0.2617 0.4136, 2.3848 0.2625 0.4144, 2.3862 0.2632 0.4157, 2.3874 0.2637 0.4173, 2.3881 0.264 0.4192, 2.3883 0.2641 0.4213, 2.3727 0.2749 0.4134, 2.3743 0.2761 0.4136, 2.3758 0.2773 0.4144, 2.3771 0.2783 0.4157, 2.3781 0.2791 0.4173, 2.3787 0.2795 0.4192, 2.3789 0.2797 0.4213, 2.3612 0.2866 0.4134, 2.3624 0.2881 0.4136, 2.3636 0.2896 0.4144, 2.3647 0.2909 0.4157, 2.3654 0.2919 0.4173, 2.3659 0.2925 0.4192, 2.3661 0.2927 0.4213, 2.3661 0.2927 0.6417, 2.3789 0.2797 0.6417, 2.3883 0.2641 0.6417, 2.394 0.2468 0.6417, 2.3954 0.2286 0.6417, 2.3927 0.2106 0.6417, 2.3859 0.1937 0.6417, 2.3775 0.2786 0.6466, 2.3647 0.2909 0.6473, 2.3642 0.2904 0.6478, 2.3856 0.1938 0.6438, 2.3857 0.1938 0.6435, 2.3925 0.2106 0.6435, 2.3787 0.2796 0.6435, 2.3882 0.264 0.6435, 2.3938 0.2467 0.6435, 2.3952 0.2286 0.6435, 2.3849 0.1942 0.6456, 2.3852 0.194 0.6451, 2.392 0.2108 0.6451, 2.3947 0.2286 0.6451, 2.3932 0.2466 0.6451, 2.3876 0.2638 0.6451, 2.3783 0.2792 0.6451, 2.3838 0.1948 0.6473, 2.3844 0.1945 0.6466, 2.391 0.211 0.6466, 2.366 0.2925 0.6435, 2.3659 0.2925 0.6438, 2.3656 0.292 0.6451, 2.3654 0.2919 0.6457, 2.3937 0.2287 0.6466, 2.3923 0.2464 0.6466, 2.3868 0.2634 0.6466, 2.3824 0.1956 0.6485, 2.3833 0.1951 0.6479, 2.3898 0.2114 0.6479, 2.3925 0.2287 0.6479, 2.3911 0.2462 0.6479, 2.3856 0.2629 0.6479, 2.3765 0.2779 0.6479, 2.3636 0.2896 0.6485, 2.3808 0.1965 0.6493, 2.382 0.1958 0.6488, 2.3884 0.2118 0.6488, 2.379 0.1974 0.6496, 2.3805 0.1966 0.6494, 2.3868 0.2122 0.6494, 2.391 0.2288 0.6488, 2.3896 0.2459 0.6488, 2.3843 0.2623 0.6488, 2.3754 0.277 0.6488, 2.3624 0.2881 0.6493, 2.3893 0.2288 0.6494, 2.388 0.2456 0.6494, 2.3828 0.2616 0.6494, 2.3741 0.2759 0.6494, 2.3623 0.2879 0.6494, 2.3851 0.2127 0.6496, 2.3876 0.2289 0.6496, 2.3862 0.2452 0.6496, 2.3812 0.2608 0.6496, 2.3727 0.2749 0.6496, 2.3612 0.2866 0.6496, 2.2336 0.0079 0.4134, 2.2487 0.0095 0.4134, 2.2336 0.0066 0.4136, 2.2491 0.0075 0.4136, 2.2336 0.0058 0.4136, 2.2336 0.0047 0.4141, 2.2495 0.0056 0.4144, 2.2336 0.0039 0.4144, 2.2336 0.0031 0.4151, 2.2499 0.0041 0.4157, 2.2336 0.0023 0.4157, 2.2336 0.0017 0.4165, 2.2502 0.0028 0.4173, 2.2336 0.0011 0.4173, 2.2336 0.0007 0.4181, 2.2503 0.0021 0.4192, 2.2336 0.0003 0.4192, 2.2336 0.0002 0.4199, 2.2504 0.0018 0.4213, 2.2336 0.0 0.4213, 2.2631 0.0143 0.4134, 2.2639 0.0124 0.4136, 2.2647 0.0107 0.4144, 2.2654 0.0092 0.4157, 2.2659 0.0081 0.4173, 2.2663 0.0074 0.4192, 2.2664 0.0071 0.4213, 2.2761 0.022 0.4134, 2.2774 0.0204 0.4136, 2.2785 0.0189 0.4144, 2.2795 0.0176 0.4157, 2.2802 0.0166 0.4173, 2.2807 0.0159 0.4192, 2.2809 0.0157 0.4213, 2.2872 0.0324 0.4134, 2.2888 0.031 0.4136, 2.2902 0.0298 0.4144, 2.2914 0.0287 0.4157, 2.2924 0.0279 0.4173, 2.293 0.0274 0.4192, 2.2932 0.0272 0.4213, 2.2959 0.0448 0.4134, 2.2977 0.0439 0.4136, 2.2993 0.043 0.4144, 2.3008 0.0422 0.4157, 2.3019 0.0416 0.4173, 2.3025 0.0412 0.4192, 2.3028 0.0411 0.4213, 2.3028 0.0411 0.6417, 2.2932 0.0272 0.6417, 2.2809 0.0157 0.6417, 2.2664 0.0071 0.6417, 2.2504 0.0018 0.6417, 2.2336 0.0 0.6417, 2.2336 0.0002 0.643, 2.2503 0.0021 0.6438, 2.2336 0.0003 0.6438, 2.2336 0.0007 0.6449, 2.2502 0.0028 0.6457, 2.2336 0.0011 0.6457, 2.2336 0.0017 0.6465, 2.2499 0.0041 0.6473, 2.2336 0.0023 0.6473, 2.2336 0.0031 0.6479, 2.2495 0.0056 0.6485, 2.2336 0.0039 0.6485, 2.2336 0.0047 0.6489, 2.2491 0.0075 0.6493, 2.2336 0.0058 0.6493, 2.2336 0.0066 0.6494, 2.2487 0.0095 0.6496, 2.2336 0.0079 0.6496, 2.2663 0.0074 0.6438, 2.2659 0.0081 0.6457, 2.2654 0.0092 0.6473, 2.2647 0.0107 0.6485, 2.2639 0.0124 0.6493, 2.2631 0.0143 0.6496, 2.2807 0.0159 0.6438, 2.2802 0.0166 0.6457, 2.2795 0.0176 0.6473, 2.2785 0.0189 0.6485, 2.2774 0.0204 0.6493, 2.2761 0.022 0.6496, 2.293 0.0274 0.6438, 2.2924 0.0279 0.6457, 2.2914 0.0287 0.6473, 2.2902 0.0298 0.6485, 2.2888 0.031 0.6493, 2.2872 0.0324 0.6496, 2.3025 0.0412 0.6438, 2.3019 0.0416 0.6457, 2.3008 0.0422 0.6473, 2.2993 0.043 0.6485, 2.2977 0.0439 0.6493, 2.2959 0.0448 0.6496, 1.5116 -0.5433 0.4134, 1.5248 -0.5416 0.4134, 1.5116 -0.5451 0.4136, 1.5253 -0.5435 0.4136, 1.5627 -0.4921 0.4134, 1.5641 -0.4921 0.4136, 1.561 -0.5054 0.4134, 1.563 -0.5059 0.4136, 1.5258 -0.5454 0.4144, 1.5116 -0.5467 0.4142, 1.5116 -0.5453 0.4136, 1.5648 -0.4921 0.4136, 1.5659 -0.4921 0.4141, 1.5648 -0.5064 0.4144, 1.5262 -0.5469 0.4157, 1.5116 -0.5482 0.4152, 1.5116 -0.5472 0.4144, 1.5667 -0.4921 0.4144, 1.5675 -0.4921 0.4151, 1.5664 -0.5068 0.4157, 1.5266 -0.5482 0.4173, 1.5116 -0.5494 0.4164, 1.5116 -0.5489 0.4157, 1.5683 -0.4921 0.4157, 1.5689 -0.4921 0.4165, 1.5676 -0.5071 0.4173, 1.5116 -0.551 0.4195, 1.5116 -0.5509 0.4192, 1.5268 -0.5489 0.4192, 1.5116 -0.5504 0.4179, 1.5116 -0.5501 0.4173, 1.5372 -0.5364 0.4134, 1.5382 -0.5382 0.4136, 1.5391 -0.5399 0.4144, 1.5399 -0.5413 0.4157, 1.5406 -0.5424 0.4173, 1.541 -0.543 0.4192, 1.5478 -0.5283 0.4134, 1.5492 -0.5298 0.4136, 1.5505 -0.5311 0.4144, 1.5517 -0.5323 0.4157, 1.5526 -0.5331 0.4173, 1.5531 -0.5337 0.4192, 1.5559 -0.5177 0.4134, 1.5577 -0.5187 0.4136, 1.5593 -0.5197 0.4144, 1.5607 -0.5205 0.4157, 1.5618 -0.5211 0.4173, 1.5625 -0.5215 0.4192, 1.5683 -0.5073 0.4192, 1.5268 -0.5492 0.4213, 1.5116 -0.5512 0.4213, 1.5696 -0.4921 0.4173, 1.5699 -0.4921 0.4181, 1.5703 -0.4921 0.4192, 1.5704 -0.4921 0.4199, 1.5411 -0.5433 0.4213, 1.5533 -0.5339 0.4213, 1.5627 -0.5217 0.4213, 1.5686 -0.5074 0.4213, 1.5706 -0.4921 0.4213, 1.5706 -0.4921 0.6417, 1.5686 -0.5074 0.6417, 1.5627 -0.5217 0.6417, 1.5533 -0.5339 0.6417, 1.5411 -0.5433 0.6417, 1.5268 -0.5492 0.6417, 1.5116 -0.5512 0.6417, 1.5704 -0.4921 0.643, 1.5683 -0.5073 0.6438, 1.5703 -0.4921 0.6438, 1.5699 -0.4921 0.6449, 1.5676 -0.5071 0.6457, 1.5696 -0.4921 0.6457, 1.5689 -0.4921 0.6465, 1.5664 -0.5068 0.6473, 1.5683 -0.4921 0.6473, 1.5675 -0.4921 0.6479, 1.5648 -0.5064 0.6485, 1.5116 -0.5509 0.6438, 1.5268 -0.5489 0.6438, 1.5116 -0.5501 0.6457, 1.5266 -0.5482 0.6457, 1.5116 -0.5489 0.6473, 1.5262 -0.5469 0.6473, 1.5116 -0.5472 0.6485, 1.5258 -0.5454 0.6485, 1.5116 -0.5453 0.6493, 1.5253 -0.5435 0.6493, 1.5116 -0.5433 0.6496, 1.541 -0.543 0.6438, 1.5406 -0.5424 0.6457, 1.5399 -0.5413 0.6473, 1.5391 -0.5399 0.6485, 1.5382 -0.5382 0.6493, 1.5531 -0.5337 0.6438, 1.5526 -0.5331 0.6457, 1.5517 -0.5323 0.6473, 1.5505 -0.5311 0.6485, 1.5492 -0.5298 0.6493, 1.5625 -0.5215 0.6438, 1.5618 -0.5211 0.6457, 1.5607 -0.5205 0.6473, 1.5593 -0.5197 0.6485, 1.5577 -0.5187 0.6493, 1.563 -0.5059 0.6493, 1.5667 -0.4921 0.6485, 1.5659 -0.4921 0.6489, 1.5648 -0.4921 0.6493, 1.5641 -0.4921 0.6494, 1.5248 -0.5416 0.6496, 1.5372 -0.5364 0.6496, 1.5478 -0.5283 0.6496, 1.5559 -0.5177 0.6496, 1.561 -0.5054 0.6496, 1.5627 -0.4921 0.6496, 1.5954 -0.0043 0.6424, 1.598 -0.0032 0.6429, 1.5956 -0.0029 0.6439, 1.5973 0.0038 0.6482, 1.5898 0.0047 0.6489, 1.5867 0.0019 0.6483, 1.5936 -0.0123 0.6262, 1.597 -0.0103 0.6262, 1.5963 -0.0101 0.6297, 1.6268 0.0004 0.643, 1.6247 0.0006 0.6439, 1.6121 -0.0016 0.6415, 1.6297 0.0 0.6417, 1.6272 0.0003 0.6428, 1.6142 -0.0017 0.6403, 1.6226 0.0009 0.6448, 1.6218 0.001 0.6452, 1.6097 -0.0015 0.6426, 1.5915 -0.0099 0.6378, 1.5927 -0.0101 0.6364, 1.6005 -0.0056 0.6369, 1.5777 -0.031 0.6262, 1.5809 -0.0265 0.6262, 1.5807 -0.0257 0.6296, 1.5718 -0.0492 0.6262, 1.572 -0.0476 0.6262, 1.5722 -0.0462 0.6374, 1.5724 -0.0447 0.6262, 1.5734 -0.042 0.6262, 1.5739 -0.0391 0.6349, 1.5709 -0.0512 0.6426, 1.5707 -0.049 0.6437, 1.57 -0.0541 0.644, 1.5703 -0.0563 0.643, 1.5703 -0.0566 0.6429, 1.571 -0.0528 0.6414, 1.5706 -0.0591 0.6417, 1.571 -0.0533 0.6399, 1.5706 -0.0591 0.6262, 1.5723 -0.0453 0.639, 1.5723 -0.0436 0.6404, 1.5722 -0.0415 0.6416, 1.5705 -0.0462 0.6445, 1.574 -0.0377 0.6366, 1.5751 -0.0343 0.6357, 1.5759 -0.0331 0.6336, 1.5761 -0.0316 0.6353, 1.5742 -0.0319 0.6407, 1.5742 -0.034 0.6395, 1.5753 -0.0288 0.6401, 1.5753 -0.0307 0.6387, 1.5763 -0.0264 0.6397, 1.5763 -0.0282 0.6383, 1.5784 -0.0257 0.6366, 1.5755 -0.0366 0.6262, 1.5754 -0.0355 0.6299, 1.5782 -0.0284 0.6333, 1.5763 -0.0299 0.6369, 1.5752 -0.0326 0.6373, 1.5742 -0.0359 0.6381, 1.5862 -0.0156 0.636, 1.5849 -0.0143 0.6389, 1.5833 -0.0188 0.6361, 1.576 -0.0354 0.6262, 1.5778 -0.0304 0.6297, 1.5808 -0.0242 0.6331, 1.5838 -0.0202 0.6329, 1.5867 -0.0161 0.6345, 1.5938 -0.0102 0.6348, 1.6022 -0.0055 0.6353, 1.6032 -0.0046 0.6372, 1.6038 -0.0053 0.6336, 1.6065 -0.0042 0.6339, 1.605 -0.0044 0.6357, 1.5948 -0.0102 0.6332, 1.5872 -0.0166 0.6329, 1.5956 -0.0101 0.6314, 1.5877 -0.0171 0.6295, 1.6051 -0.005 0.6318, 1.6061 -0.0048 0.6299, 1.6097 -0.0032 0.6348, 1.6127 -0.003 0.6262, 1.6168 -0.0015 0.6374, 1.6059 -0.005 0.6262, 1.6061 -0.0049 0.6262, 1.6071 -0.0046 0.6262, 1.6297 0.0 0.6411, 1.6159 -0.0017 0.6389, 1.6083 -0.0034 0.6365, 1.6065 -0.0036 0.638, 1.5902 -0.0097 0.6392, 1.5876 -0.0089 0.6417, 1.5833 -0.0127 0.6415, 1.5863 -0.003 0.6459, 1.5794 -0.0088 0.6454, 1.5814 -0.0108 0.6437, 1.585 -0.0076 0.6438, 1.5835 -0.001 0.6476, 1.5815 -0.0029 0.6471, 1.5792 -0.0049 0.6466, 1.5775 -0.0068 0.6469, 1.5917 0.0005 0.6469, 1.5888 -0.0013 0.6463, 1.5933 -0.0025 0.6448, 1.5933 -0.0053 0.6422, 1.5933 -0.004 0.6435, 1.5915 -0.0049 0.6432, 1.5897 -0.0044 0.6442, 1.5951 -0.0055 0.641, 1.597 -0.0057 0.6397, 1.5974 -0.0045 0.6413, 1.5994 -0.0046 0.64, 1.6003 -0.0034 0.6418, 1.6025 -0.0036 0.6407, 1.5979 -0.0004 0.6458, 1.601 -0.0008 0.6452, 1.6041 -0.0011 0.6444, 1.607 -0.0013 0.6435, 1.6197 0.0013 0.6461, 1.6184 0.0015 0.6462, 1.6157 0.0018 0.6465, 1.6144 0.0019 0.6466, 1.6102 0.0024 0.647, 1.6058 0.0029 0.6474, 1.6027 0.0032 0.6477, 1.6046 -0.0036 0.6394, 1.6014 -0.0047 0.6387, 1.5988 -0.0057 0.6383, 1.5659 -0.0192 0.6489, 1.5668 -0.0267 0.6482, 1.5701 -0.0211 0.6469, 1.5717 -0.013 0.6479, 1.571 -0.0273 0.6459, 1.5736 -0.0157 0.6459, 1.5736 -0.0109 0.6476, 1.5674 -0.0319 0.6477, 1.5677 -0.0352 0.6474, 1.5714 -0.0304 0.6452, 1.5682 -0.0395 0.6469, 1.5717 -0.0335 0.6445, 1.5687 -0.0438 0.6465, 1.5719 -0.0364 0.6436, 1.5688 -0.0448 0.6464, 1.5692 -0.0478 0.6461, 1.5694 -0.0498 0.6459, 1.5696 -0.0512 0.6453, 1.5697 -0.0522 0.6448, 1.5721 -0.0391 0.6426, 1.5735 -0.025 0.644, 1.5755 -0.0208 0.6432, 1.575 -0.019 0.6442, 1.5795 -0.017 0.6417, 1.5783 -0.0144 0.6438, 1.5738 -0.0274 0.643, 1.5741 -0.0297 0.6419, 1.5749 -0.0247 0.6425, 1.5751 -0.0268 0.6413, 1.5759 -0.0227 0.6422, 1.5762 -0.0245 0.641, 1.5799 -0.0183 0.6405, 1.5783 -0.0227 0.6394, 1.5803 -0.0196 0.6392, 1.5807 -0.022 0.6363, 1.6182 -0.0013 0.6262, 1.6198 -0.0009 0.6262, 1.6201 -0.0008 0.6262, 1.6297 0.0 0.6262, 1.5834 -0.023 0.6262, 1.5862 -0.0191 0.6262, 1.588 -0.0174 0.6262, 1.5934 -0.0125 0.6262
            ]
        }
        coordIndex [
            0,1,2,-1,2,1,3,-1,2,3,4,-1,4,3,5,-1,4,5,6,-1,6,5,7,-1,6,7,8,-1,8,7,9,-1,8,9,10,-1,10,9,11,-1,10,11,12,-1,12,11,13,-1,1,14,3,-1,3,14,15,-1,3,15,5,-1,5,15,16,-1,5,16,7,-1,7,16,17,-1,7,17,9,-1,9,17,18,-1,9,18,11,-1,11,18,19,-1,11,19,13,-1,13,19,20,-1,14,21,15,-1,15,21,22,-1,15,22,16,-1,16,22,23,-1,16,23,17,-1,17,23,24,-1,17,24,18,-1,18,24,25,-1,18,25,19,-1,19,25,26,-1,19,26,20,-1,20,26,27,-1,21,28,22,-1,22,28,29,-1,22,29,23,-1,23,29,30,-1,23,30,24,-1,24,30,31,-1,24,31,25,-1,25,31,32,-1,25,32,26,-1,26,32,33,-1,26,33,27,-1,27,33,34,-1,28,35,29,-1,29,35,36,-1,29,36,30,-1,30,36,37,-1,30,37,31,-1,31,37,38,-1,31,38,32,-1,32,38,39,-1,32,39,33,-1,33,39,40,-1,33,40,34,-1,34,40,41,-1,35,42,36,-1,36,42,43,-1,36,43,37,-1,37,43,44,-1,37,44,38,-1,38,44,45,-1,38,45,39,-1,39,45,46,-1,39,46,40,-1,40,46,47,-1,40,47,41,-1,41,47,48,-1,48,49,50,-1,48,50,41,-1,41,50,51,-1,41,51,34,-1,34,51,52,-1,34,52,27,-1,27,52,53,-1,27,53,20,-1,20,53,54,-1,20,54,13,-1,13,54,55,-1,13,55,12,-1,56,57,58,-1,59,60,61,-1,49,62,50,-1,50,62,63,-1,50,63,51,-1,51,63,64,-1,51,64,52,-1,52,64,65,-1,52,65,53,-1,53,65,61,-1,53,61,54,-1,54,61,60,-1,54,60,55,-1,66,67,68,-1,68,67,59,-1,59,61,68,-1,68,61,65,-1,68,65,69,-1,69,65,64,-1,69,64,70,-1,70,64,63,-1,70,63,71,-1,71,63,62,-1,71,62,72,-1,73,74,75,-1,75,74,66,-1,49,76,62,-1,62,76,77,-1,62,77,72,-1,72,77,78,-1,72,78,79,-1,66,68,75,-1,75,68,69,-1,75,69,80,-1,80,69,70,-1,80,70,81,-1,81,70,71,-1,81,71,82,-1,82,71,72,-1,82,72,56,-1,56,72,79,-1,56,79,57,-1,83,84,85,-1,85,84,73,-1,73,75,85,-1,85,75,80,-1,85,80,86,-1,86,80,81,-1,86,81,87,-1,87,81,82,-1,87,82,88,-1,88,82,56,-1,88,56,89,-1,89,56,58,-1,89,58,90,-1,91,92,93,-1,93,92,83,-1,94,95,96,-1,96,95,91,-1,83,85,93,-1,93,85,86,-1,93,86,97,-1,97,86,87,-1,97,87,98,-1,98,87,88,-1,98,88,99,-1,99,88,89,-1,99,89,100,-1,100,89,90,-1,100,90,101,-1,91,93,96,-1,96,93,97,-1,96,97,102,-1,102,97,98,-1,102,98,103,-1,103,98,99,-1,103,99,104,-1,104,99,100,-1,104,100,105,-1,105,100,101,-1,105,101,106,-1,94,96,107,-1,107,96,102,-1,107,102,108,-1,108,102,103,-1,108,103,109,-1,109,103,104,-1,109,104,110,-1,110,104,105,-1,110,105,111,-1,111,105,106,-1,111,106,112,-1,113,114,115,-1,115,114,116,-1,115,116,117,-1,117,116,118,-1,118,116,119,-1,118,119,120,-1,120,119,121,-1,121,119,122,-1,121,122,123,-1,123,122,124,-1,124,122,125,-1,124,125,126,-1,126,125,127,-1,127,125,128,-1,127,128,129,-1,129,128,130,-1,130,128,131,-1,130,131,132,-1,114,133,116,-1,116,133,134,-1,116,134,119,-1,119,134,135,-1,119,135,122,-1,122,135,136,-1,122,136,125,-1,125,136,137,-1,125,137,128,-1,128,137,138,-1,128,138,131,-1,131,138,139,-1,133,140,134,-1,134,140,141,-1,134,141,135,-1,135,141,142,-1,135,142,136,-1,136,142,143,-1,136,143,137,-1,137,143,144,-1,137,144,138,-1,138,144,145,-1,138,145,139,-1,139,145,146,-1,140,147,141,-1,141,147,148,-1,141,148,142,-1,142,148,149,-1,142,149,143,-1,143,149,150,-1,143,150,144,-1,144,150,151,-1,144,151,145,-1,145,151,152,-1,145,152,146,-1,146,152,153,-1,147,154,148,-1,148,154,155,-1,148,155,149,-1,149,155,156,-1,149,156,150,-1,150,156,157,-1,150,157,151,-1,151,157,158,-1,151,158,152,-1,152,158,159,-1,152,159,153,-1,153,159,160,-1,160,161,162,-1,160,162,153,-1,153,162,163,-1,153,163,146,-1,146,163,164,-1,146,164,139,-1,139,164,165,-1,139,165,131,-1,131,165,166,-1,131,166,132,-1,166,165,167,-1,167,165,168,-1,167,168,169,-1,169,168,170,-1,170,168,171,-1,170,171,172,-1,172,171,173,-1,173,171,174,-1,173,174,175,-1,175,174,176,-1,176,174,177,-1,176,177,178,-1,178,177,179,-1,179,177,180,-1,179,180,181,-1,181,180,182,-1,182,180,183,-1,182,183,184,-1,165,164,168,-1,168,164,185,-1,168,185,171,-1,171,185,186,-1,171,186,174,-1,174,186,187,-1,174,187,177,-1,177,187,188,-1,177,188,180,-1,180,188,189,-1,180,189,183,-1,183,189,190,-1,164,163,185,-1,185,163,191,-1,185,191,186,-1,186,191,192,-1,186,192,187,-1,187,192,193,-1,187,193,188,-1,188,193,194,-1,188,194,189,-1,189,194,195,-1,189,195,190,-1,190,195,196,-1,163,162,191,-1,191,162,197,-1,191,197,192,-1,192,197,198,-1,192,198,193,-1,193,198,199,-1,193,199,194,-1,194,199,200,-1,194,200,195,-1,195,200,201,-1,195,201,196,-1,196,201,202,-1,162,161,197,-1,197,161,203,-1,197,203,198,-1,198,203,204,-1,198,204,199,-1,199,204,205,-1,199,205,200,-1,200,205,206,-1,200,206,201,-1,201,206,207,-1,201,207,202,-1,202,207,208,-1,209,210,211,-1,211,210,212,-1,213,214,215,-1,215,214,216,-1,217,218,212,-1,212,218,219,-1,212,219,211,-1,214,220,216,-1,216,220,221,-1,216,221,222,-1,223,224,217,-1,217,224,225,-1,217,225,218,-1,221,226,222,-1,222,226,227,-1,222,227,228,-1,229,230,223,-1,223,230,231,-1,223,231,224,-1,227,232,228,-1,228,232,233,-1,228,233,234,-1,235,236,237,-1,237,236,238,-1,237,238,229,-1,229,238,239,-1,229,239,230,-1,210,240,212,-1,212,240,241,-1,212,241,217,-1,217,241,242,-1,217,242,223,-1,223,242,243,-1,223,243,229,-1,229,243,244,-1,229,244,237,-1,237,244,245,-1,240,246,241,-1,241,246,247,-1,241,247,242,-1,242,247,248,-1,242,248,243,-1,243,248,249,-1,243,249,244,-1,244,249,250,-1,244,250,245,-1,245,250,251,-1,246,252,247,-1,247,252,253,-1,247,253,248,-1,248,253,254,-1,248,254,249,-1,249,254,255,-1,249,255,250,-1,250,255,256,-1,250,256,251,-1,251,256,257,-1,252,215,253,-1,253,215,216,-1,253,216,254,-1,254,216,222,-1,254,222,255,-1,255,222,228,-1,255,228,256,-1,256,228,234,-1,256,234,257,-1,257,234,258,-1,259,260,235,-1,233,261,234,-1,234,261,262,-1,234,262,258,-1,258,262,263,-1,258,263,264,-1,235,237,259,-1,259,237,245,-1,259,245,265,-1,265,245,251,-1,265,251,266,-1,266,251,257,-1,266,257,267,-1,267,257,258,-1,267,258,268,-1,268,258,264,-1,268,264,269,-1,269,270,271,-1,269,271,268,-1,268,271,272,-1,268,272,267,-1,267,272,273,-1,267,273,266,-1,266,273,274,-1,266,274,265,-1,265,274,275,-1,265,275,259,-1,259,275,276,-1,259,276,260,-1,270,277,271,-1,271,277,278,-1,277,279,278,-1,278,279,280,-1,278,280,281,-1,280,282,281,-1,281,282,283,-1,281,283,284,-1,283,285,284,-1,284,285,286,-1,284,286,287,-1,276,275,288,-1,288,275,289,-1,288,289,290,-1,290,289,291,-1,290,291,292,-1,292,291,293,-1,292,293,294,-1,294,293,295,-1,294,295,296,-1,296,295,297,-1,296,297,298,-1,275,274,289,-1,289,274,299,-1,289,299,291,-1,291,299,300,-1,291,300,293,-1,293,300,301,-1,293,301,295,-1,295,301,302,-1,295,302,297,-1,297,302,303,-1,274,273,299,-1,299,273,304,-1,299,304,300,-1,300,304,305,-1,300,305,301,-1,301,305,306,-1,301,306,302,-1,302,306,307,-1,302,307,303,-1,303,307,308,-1,273,272,304,-1,304,272,309,-1,304,309,305,-1,305,309,310,-1,305,310,306,-1,306,310,311,-1,306,311,307,-1,307,311,312,-1,307,312,308,-1,308,312,313,-1,272,271,309,-1,309,271,278,-1,309,278,310,-1,310,278,281,-1,310,281,311,-1,311,281,284,-1,311,284,312,-1,312,284,287,-1,312,287,313,-1,313,287,314,-1,286,315,287,-1,287,315,316,-1,287,316,314,-1,314,316,317,-1,314,317,318,-1,298,297,319,-1,319,297,303,-1,319,303,320,-1,320,303,308,-1,320,308,321,-1,321,308,313,-1,321,313,322,-1,322,313,314,-1,322,314,323,-1,323,314,318,-1,323,318,324,-1,325,326,327,-1,328,329,330,-1,331,332,333,-1,334,335,336,-1,337,338,339,-1,340,341,342,-1,343,344,345,-1,346,347,348,-1,349,350,351,-1,352,353,354,-1,355,356,357,-1,357,358,355,-1,355,358,359,-1,355,359,360,-1,360,359,361,-1,360,361,362,-1,362,361,363,-1,363,349,362,-1,362,349,351,-1,362,351,360,-1,360,351,364,-1,360,364,355,-1,355,364,365,-1,355,365,356,-1,356,365,366,-1,356,366,367,-1,368,354,369,-1,369,354,370,-1,369,370,371,-1,372,373,374,-1,374,373,375,-1,374,375,376,-1,376,375,377,-1,376,377,378,-1,353,379,354,-1,354,379,380,-1,354,380,370,-1,370,380,381,-1,370,381,371,-1,371,381,382,-1,371,382,369,-1,369,382,383,-1,369,383,368,-1,368,383,384,-1,344,343,385,-1,385,343,386,-1,385,386,387,-1,388,346,389,-1,389,346,348,-1,389,348,390,-1,390,348,391,-1,390,391,387,-1,387,391,392,-1,387,392,385,-1,385,392,393,-1,385,393,344,-1,344,393,394,-1,344,394,345,-1,345,394,395,-1,396,397,398,-1,399,400,401,-1,401,400,402,-1,401,402,333,-1,396,403,397,-1,397,403,404,-1,397,404,405,-1,405,404,406,-1,405,406,407,-1,408,409,404,-1,404,409,410,-1,404,410,406,-1,332,408,333,-1,333,408,404,-1,333,404,401,-1,401,404,403,-1,401,403,399,-1,399,403,396,-1,411,337,412,-1,412,337,339,-1,412,339,413,-1,413,339,414,-1,413,414,398,-1,415,416,417,-1,418,419,420,-1,417,416,420,-1,420,416,421,-1,420,421,418,-1,330,422,418,-1,418,422,423,-1,418,423,419,-1,419,423,424,-1,419,424,425,-1,426,427,428,-1,429,430,431,-1,431,430,428,-1,431,428,432,-1,432,428,427,-1,433,434,435,-1,435,434,436,-1,435,436,437,-1,437,436,438,-1,437,438,342,-1,439,327,440,-1,440,327,326,-1,440,326,441,-1,441,326,442,-1,443,444,442,-1,442,444,445,-1,442,445,441,-1,441,445,446,-1,441,446,440,-1,440,446,447,-1,440,447,439,-1,439,447,448,-1,439,448,449,-1,429,325,430,-1,430,325,327,-1,430,327,428,-1,428,327,439,-1,428,439,426,-1,426,439,449,-1,335,340,336,-1,336,340,342,-1,336,342,450,-1,450,342,438,-1,450,438,451,-1,451,438,436,-1,451,436,452,-1,452,436,434,-1,452,434,415,-1,415,434,433,-1,415,433,416,-1,453,454,455,-1,453,455,456,-1,454,457,455,-1,455,457,458,-1,455,458,456,-1,456,458,459,-1,454,460,457,-1,457,460,461,-1,457,461,462,-1,462,461,463,-1,464,465,466,-1,466,465,467,-1,468,469,367,-1,367,469,470,-1,367,470,356,-1,356,470,471,-1,356,471,357,-1,467,468,466,-1,466,468,367,-1,466,367,472,-1,472,367,366,-1,472,366,384,-1,384,366,365,-1,384,365,368,-1,368,365,364,-1,368,364,354,-1,354,364,351,-1,354,351,352,-1,352,351,350,-1,473,474,475,-1,475,474,476,-1,475,476,477,-1,478,479,480,-1,480,479,481,-1,480,481,482,-1,482,481,483,-1,482,483,484,-1,484,483,485,-1,484,485,486,-1,487,486,378,-1,378,486,485,-1,378,485,376,-1,376,485,483,-1,376,483,374,-1,374,483,481,-1,374,481,372,-1,372,481,479,-1,477,458,475,-1,475,458,457,-1,475,457,473,-1,473,457,462,-1,473,462,464,-1,464,462,463,-1,464,463,465,-1,406,488,407,-1,407,488,489,-1,407,489,490,-1,398,397,413,-1,413,397,405,-1,413,405,412,-1,412,405,407,-1,412,407,411,-1,411,407,490,-1,411,490,491,-1,492,493,402,-1,402,493,494,-1,402,494,333,-1,333,494,495,-1,333,495,331,-1,347,492,348,-1,348,492,402,-1,348,402,391,-1,391,402,400,-1,391,400,392,-1,392,400,399,-1,392,399,393,-1,393,399,396,-1,393,396,394,-1,394,396,398,-1,394,398,395,-1,395,398,414,-1,341,443,342,-1,342,443,442,-1,342,442,437,-1,437,442,326,-1,437,326,435,-1,435,326,325,-1,435,325,433,-1,433,325,429,-1,433,429,416,-1,416,429,431,-1,416,431,421,-1,421,431,432,-1,421,432,418,-1,418,432,427,-1,418,427,330,-1,330,427,426,-1,330,426,328,-1,328,426,449,-1,338,334,339,-1,339,334,336,-1,339,336,414,-1,414,336,450,-1,414,450,395,-1,395,450,451,-1,395,451,345,-1,345,451,452,-1,345,452,343,-1,343,452,415,-1,343,415,386,-1,386,415,417,-1,386,417,476,-1,476,417,420,-1,476,420,477,-1,477,420,419,-1,477,419,458,-1,458,419,425,-1,458,425,459,-1,379,388,380,-1,380,388,389,-1,380,389,381,-1,381,389,390,-1,381,390,487,-1,487,390,387,-1,487,387,486,-1,486,387,386,-1,486,386,484,-1,484,386,476,-1,484,476,482,-1,482,476,474,-1,482,474,480,-1,480,474,473,-1,480,473,478,-1,478,473,464,-1,478,464,479,-1,479,464,466,-1,479,466,372,-1,372,466,472,-1,372,472,373,-1,373,472,384,-1,373,384,375,-1,375,384,383,-1,375,383,377,-1,377,383,382,-1,377,382,378,-1,378,382,381,-1,378,381,487,-1,
        ]
    }
}
Shape{
    appearance Appearance {
        material  Material 	{
            diffuseColor 1.0 1.0 1.0
            specularColor 0.5019607843137255 0.5019607843137255 0.5019607843137255
            ambientIntensity 1.0
            transparency 0.0
            shininess 0.5
        }
    }
    geometry IndexedFaceSet {
        ccw TRUE
        solid FALSE
        coord DEF co Coordinate {
            point [
                0.4486 -1.122 0.3511, 0.4486 -1.122 0.6496, 0.2911 -1.122 0.6496, 0.4322 -1.122 0.318, 0.4354 -1.122 0.3218, 0.8937 -1.122 0.2915, 0.8895 -1.122 0.289, 0.7832 -1.122 0.1772, 0.4454 -1.122 0.2876, 0.4407 -1.122 0.289, 0.547 -1.122 0.1772, 0.4365 -1.122 0.2915, 0.4305 -1.122 0.2992, 0.4291 -1.122 0.3039, 0.2911 -1.122 0.1968, 0.429 -1.122 0.3089, 0.43 -1.122 0.3137, 0.4477 -1.122 0.3429, 0.9012 -1.122 0.3089, 0.9011 -1.122 0.3039, 1.0391 -1.122 0.1968, 0.8997 -1.122 0.2992, 0.8972 -1.122 0.295, 0.9002 -1.122 0.3137, 1.0391 -1.122 0.6496, 0.898 -1.122 0.318, 0.3016 -1.122 0.1575, 0.3142 -1.122 0.1412, 0.433 -1.122 0.295, 0.3698 -1.122 0.1181, 0.547 -1.122 0.1181, 0.7832 -1.122 0.1181, 0.9604 -1.122 0.1181, 0.441 -1.122 0.3279, 0.4451 -1.122 0.335, 0.8848 -1.122 0.2876, 0.8799 -1.122 0.2875, 0.8751 -1.122 0.2885, 0.8816 -1.122 0.6496, 0.8816 -1.122 0.3511, 0.8825 -1.122 0.3429, 0.8851 -1.122 0.335, 0.8892 -1.122 0.3279, 0.8948 -1.122 0.3218, 0.2938 -1.122 0.1765, 0.3305 -1.122 0.1287, 0.3494 -1.122 0.1208, 0.4632 -1.122 0.294, 0.4595 -1.122 0.2907, 0.9808 -1.122 0.1208, 0.9998 -1.122 0.1287, 1.0161 -1.122 0.1412, 1.0286 -1.122 0.1575, 1.0364 -1.122 0.1765, 0.4551 -1.122 0.2885, 0.4503 -1.122 0.2875, 0.8707 -1.122 0.2907, 0.867 -1.122 0.294, 0.8608 -1.122 0.2995, 0.8376 -1.122 0.3071, 0.4926 -1.122 0.3071, 0.4844 -1.122 0.3062, 0.8537 -1.122 0.3037, 0.8458 -1.122 0.3062, 0.4765 -1.122 0.3037, 0.4694 -1.122 0.2995, -0.1814 -1.122 0.6693, -0.0436 -1.122 0.6693, -0.1814 -1.122 0.7087, -0.0436 -1.122 0.7087, 0.4365 1.122 0.2915, 0.4407 1.122 0.289, 0.547 1.122 0.1772, 0.8895 1.122 0.289, 0.8937 1.122 0.2915, 0.7832 1.122 0.1772, 0.8972 1.122 0.295, 0.9604 1.122 0.1181, 0.7832 1.122 0.1181, 1.0286 1.122 0.1575, 1.0161 1.122 0.1412, 0.8997 1.122 0.2992, 0.9011 1.122 0.3039, 1.0391 1.122 0.1968, 0.9012 1.122 0.3089, 1.0391 1.122 0.6496, 0.9002 1.122 0.3137, 0.898 1.122 0.318, 0.2911 1.122 0.1968, 0.429 1.122 0.3089, 0.4291 1.122 0.3039, 0.433 1.122 0.295, 0.547 1.122 0.1181, 0.3698 1.122 0.1181, 0.3142 1.122 0.1412, 0.3016 1.122 0.1575, 0.9998 1.122 0.1287, 0.9808 1.122 0.1208, 0.8707 1.122 0.2907, 0.8751 1.122 0.2885, 0.43 1.122 0.3137, 0.2911 1.122 0.6496, 0.4322 1.122 0.318, 0.4305 1.122 0.2992, 0.2938 1.122 0.1765, 1.0364 1.122 0.1765, 0.8948 1.122 0.3218, 0.8892 1.122 0.3279, 0.8851 1.122 0.335, 0.8825 1.122 0.3429, 0.8816 1.122 0.3511, 0.8816 1.122 0.6496, 0.4454 1.122 0.2876, 0.4503 1.122 0.2875, 0.4551 1.122 0.2885, 0.867 1.122 0.294, 0.8799 1.122 0.2875, 0.8848 1.122 0.2876, 0.4486 1.122 0.6496, 0.4486 1.122 0.3511, 0.4477 1.122 0.3429, 0.4451 1.122 0.335, 0.441 1.122 0.3279, 0.4354 1.122 0.3218, 0.3494 1.122 0.1208, 0.3305 1.122 0.1287, 0.4595 1.122 0.2907, 0.4632 1.122 0.294, 0.4694 1.122 0.2995, 0.4926 1.122 0.3071, 0.8376 1.122 0.3071, 0.8458 1.122 0.3062, 0.4765 1.122 0.3037, 0.4844 1.122 0.3062, 0.8537 1.122 0.3037, 0.8608 1.122 0.2995, 1.5116 1.122 0.6693, 1.3738 1.122 0.6693, 1.5116 1.122 0.7087, 1.3738 1.122 0.7087, 1.3483 -1.0688 0.6693, 1.3442 -1.0656 0.6693, 1.5312 1.1024 0.6693, 1.3514 -1.0728 0.6693, 1.5312 -1.1024 0.6693, 1.3534 -1.0776 0.6693, -0.0093 -1.0637 0.6693, -0.014 -1.0656 0.6693, -0.014 1.0656 0.6693, -0.201 1.1024 0.6693, -0.201 -1.1024 0.6693, -0.0181 -1.0688 0.6693, -0.0212 -1.0728 0.6693, -0.0232 -1.0776 0.6693, -0.0239 -1.0827 0.6693, -0.0239 -1.1024 0.6693, 1.5167 -1.1214 0.6693, 1.5116 -1.122 0.6693, 1.3395 1.0637 0.6693, 1.3442 1.0656 0.6693, 1.3541 -1.1024 0.6693, 1.3541 -1.0827 0.6693, -0.0239 1.0827 0.6693, -0.0232 1.0776 0.6693, -0.0212 1.0728 0.6693, -0.0181 1.0688 0.6693, 1.3483 1.0688 0.6693, 1.3514 1.0728 0.6693, 1.3534 1.0776 0.6693, 1.3541 1.0827 0.6693, 1.3541 1.1024 0.6693, -0.1953 -1.1163 0.6693, -0.1984 -1.1122 0.6693, -0.2004 -1.1075 0.6693, 1.3567 -1.1122 0.6693, 1.3687 -1.1214 0.6693, 1.3598 -1.1163 0.6693, 1.3639 -1.1194 0.6693, 1.3738 -1.122 0.6693, 1.3548 -1.1075 0.6693, 1.5306 -1.1075 0.6693, 1.5286 -1.1122 0.6693, 1.5214 -1.1194 0.6693, 1.5255 -1.1163 0.6693, -0.0239 1.1024 0.6693, -0.1814 1.122 0.6693, -0.0436 1.122 0.6693, -0.1912 -1.1194 0.6693, 0.8797 -1.0741 0.6693, 0.8773 -1.0704 0.6693, 1.0396 -1.0783 0.6693, 0.8742 -1.0673 0.6693, 0.8705 -1.0649 0.6693, 1.5214 1.1194 0.6693, 1.5255 1.1163 0.6693, 1.5286 1.1122 0.6693, -0.0245 -1.1075 0.6693, -0.0265 -1.1122 0.6693, -0.0385 -1.1214 0.6693, -0.0296 -1.1163 0.6693, -0.0337 -1.1194 0.6693, -0.1864 -1.1214 0.6693, -0.2005 1.1067 0.6693, -0.1991 1.1109 0.6693, -0.1857 1.1216 0.6693, -0.1967 1.1146 0.6693, -0.1899 1.1201 0.6693, -0.1936 1.1178 0.6693, -0.0392 1.1216 0.6693, -0.035 1.1201 0.6693, -0.0313 1.1178 0.6693, 0.4505 1.0741 0.6693, 0.4529 1.0704 0.6693, 0.2906 1.0783 0.6693, 0.456 1.0673 0.6693, 0.4597 1.0649 0.6693, 0.2758 -1.0635 0.6693, 0.2714 -1.063 0.6693, -0.0042 -1.063 0.6693, -0.0282 1.1146 0.6693, -0.0258 1.1109 0.6693, -0.0244 1.1067 0.6693, 1.0544 1.0635 0.6693, 1.0588 1.063 0.6693, 1.3344 1.063 0.6693, 1.3395 -1.0637 0.6693, 1.3344 -1.063 0.6693, 1.0588 -1.063 0.6693, 1.0544 -1.0635 0.6693, 1.0391 -1.0827 0.6693, 0.8816 -1.0827 0.6693, 0.8811 -1.0783 0.6693, 1.3548 1.1075 0.6693, 1.3687 1.1214 0.6693, 1.5306 1.1075 0.6693, 1.3567 1.1122 0.6693, 1.3598 1.1163 0.6693, 1.3639 1.1194 0.6693, 1.5167 1.1214 0.6693, 0.8742 1.0673 0.6693, 0.8773 1.0704 0.6693, 1.0411 1.0741 0.6693, 0.2911 1.0827 0.6693, 0.4486 1.0827 0.6693, 0.4491 1.0783 0.6693, 0.8663 -1.0635 0.6693, 0.862 -1.063 0.6693, 1.0411 -1.0741 0.6693, 0.8811 1.0783 0.6693, 0.8816 1.0827 0.6693, 1.0391 1.0827 0.6693, 0.4639 1.0635 0.6693, 0.4683 1.063 0.6693, 0.2891 1.0741 0.6693, 0.2891 -1.0741 0.6693, 0.4683 -1.063 0.6693, 0.4639 -1.0635 0.6693, 0.4597 -1.0649 0.6693, 0.456 -1.0673 0.6693, 0.4529 -1.0704 0.6693, 0.8797 1.0741 0.6693, 1.0396 1.0783 0.6693, 0.2714 1.063 0.6693, 0.2758 1.0635 0.6693, -0.0042 1.063 0.6693, 0.862 1.063 0.6693, 0.4491 -1.0783 0.6693, 0.4486 -1.0827 0.6693, 0.2911 -1.0827 0.6693, 0.8663 1.0635 0.6693, 0.8705 1.0649 0.6693, -0.0093 1.0637 0.6693, 1.0434 1.0704 0.6693, 1.0465 1.0673 0.6693, 1.0503 1.0649 0.6693, 0.4505 -1.0741 0.6693, 0.2906 -1.0783 0.6693, 0.2868 -1.0704 0.6693, 0.2837 -1.0673 0.6693, 0.2799 -1.0649 0.6693, 0.2799 1.0649 0.6693, 0.2837 1.0673 0.6693, 0.2868 1.0704 0.6693, 1.0503 -1.0649 0.6693, 1.0465 -1.0673 0.6693, 1.0434 -1.0704 0.6693, 1.5116 -1.122 0.7087, 1.3738 -1.122 0.7087, 1.3483 1.0688 0.7087, 1.3442 1.0656 0.7087, 1.5312 -1.1024 0.7087, 1.3514 1.0728 0.7087, 1.5312 1.1024 0.7087, 1.3534 1.0776 0.7087, -0.0212 -1.0728 0.7087, -0.0181 -1.0688 0.7087, -0.014 1.0656 0.7087, -0.014 -1.0656 0.7087, -0.0093 1.0637 0.7087, -0.0212 1.0728 0.7087, -0.0232 1.0776 0.7087, -0.201 1.1024 0.7087, -0.0239 1.0827 0.7087, -0.0239 1.1024 0.7087, 1.3541 1.1024 0.7087, 1.3541 1.0827 0.7087, 1.5286 1.1122 0.7087, 1.5255 1.1163 0.7087, 1.5214 1.1194 0.7087, -0.0232 -1.0776 0.7087, -0.201 -1.1024 0.7087, -0.0181 1.0688 0.7087, 1.3514 -1.0728 0.7087, 1.3534 -1.0776 0.7087, 1.3541 -1.0827 0.7087, 1.3541 -1.1024 0.7087, 1.5306 1.1075 0.7087, 1.5167 1.1214 0.7087, -0.2004 -1.1075 0.7087, -0.0239 -1.1024 0.7087, -0.0239 -1.0827 0.7087, 1.3344 -1.063 0.7087, 1.3395 -1.0637 0.7087, 1.3442 -1.0656 0.7087, 1.3483 -1.0688 0.7087, -0.0436 1.122 0.7087, -0.1814 1.122 0.7087, -0.2005 1.1067 0.7087, 1.3567 1.1122 0.7087, 1.3687 1.1214 0.7087, 1.3598 1.1163 0.7087, 1.3639 1.1194 0.7087, 1.3548 1.1075 0.7087, -0.0093 -1.0637 0.7087, 1.3395 1.0637 0.7087, 1.3344 1.063 0.7087, -0.1984 -1.1122 0.7087, -0.1953 -1.1163 0.7087, -0.0042 -1.063 0.7087, 0.2714 -1.063 0.7087, 0.4683 -1.063 0.7087, 1.0588 1.063 0.7087, 0.862 1.063 0.7087, 0.4683 1.063 0.7087, 0.2714 1.063 0.7087, -0.0042 1.063 0.7087, -0.0244 1.1067 0.7087, -0.0258 1.1109 0.7087, -0.0282 1.1146 0.7087, -0.0313 1.1178 0.7087, -0.035 1.1201 0.7087, -0.0392 1.1216 0.7087, -0.1991 1.1109 0.7087, -0.1857 1.1216 0.7087, -0.1967 1.1146 0.7087, -0.1899 1.1201 0.7087, -0.1936 1.1178 0.7087, -0.1912 -1.1194 0.7087, -0.1864 -1.1214 0.7087, -0.0265 -1.1122 0.7087, -0.0385 -1.1214 0.7087, -0.0296 -1.1163 0.7087, -0.0337 -1.1194 0.7087, -0.0245 -1.1075 0.7087, 1.3548 -1.1075 0.7087, 1.3687 -1.1214 0.7087, 1.3567 -1.1122 0.7087, 1.3598 -1.1163 0.7087, 1.3639 -1.1194 0.7087, 0.862 -1.063 0.7087, 1.0588 -1.063 0.7087, 1.5255 -1.1163 0.7087, 1.5286 -1.1122 0.7087, 1.5214 -1.1194 0.7087, 1.5167 -1.1214 0.7087, 1.5306 -1.1075 0.7087, 0.429 -1.0827 0.3089, 0.2911 -1.0827 0.1968, 0.43 -1.0827 0.3137, 0.4322 -1.0827 0.318, 0.4486 -1.0827 0.3511, 0.4477 -1.0827 0.3429, 0.4451 -1.0827 0.335, 0.441 -1.0827 0.3279, 0.4354 -1.0827 0.3218, 0.3698 -1.0827 0.1181, 0.8707 -1.0827 0.2907, 0.9604 -1.0827 0.1181, 0.8751 -1.0827 0.2885, 0.8799 -1.0827 0.2875, 0.4291 -1.0827 0.3039, 0.4305 -1.0827 0.2992, 0.2938 -1.0827 0.1765, 0.433 -1.0827 0.295, 0.3016 -1.0827 0.1575, 0.4365 -1.0827 0.2915, 0.3142 -1.0827 0.1412, 0.4454 -1.0827 0.2876, 0.4407 -1.0827 0.289, 0.3494 -1.0827 0.1208, 0.3305 -1.0827 0.1287, 0.4632 -1.0827 0.294, 0.867 -1.0827 0.294, 0.4595 -1.0827 0.2907, 0.4551 -1.0827 0.2885, 0.4503 -1.0827 0.2875, 0.8997 -1.0827 0.2992, 0.9011 -1.0827 0.3039, 1.0391 -1.0827 0.1968, 0.9012 -1.0827 0.3089, 0.9002 -1.0827 0.3137, 0.898 -1.0827 0.318, 0.8948 -1.0827 0.3218, 0.8892 -1.0827 0.3279, 0.8851 -1.0827 0.335, 1.0161 -1.0827 0.1412, 0.8937 -1.0827 0.2915, 1.0286 -1.0827 0.1575, 0.8972 -1.0827 0.295, 1.0364 -1.0827 0.1765, 0.8825 -1.0827 0.3429, 0.8816 -1.0827 0.3511, 0.4844 -1.0827 0.3062, 0.4926 -1.0827 0.3071, 0.4765 -1.0827 0.3037, 0.4694 -1.0827 0.2995, 0.8376 -1.0827 0.3071, 0.8458 -1.0827 0.3062, 0.8537 -1.0827 0.3037, 0.8848 -1.0827 0.2876, 0.8895 -1.0827 0.289, 0.9808 -1.0827 0.1208, 0.9998 -1.0827 0.1287, 0.8608 -1.0827 0.2995, 1.0391 1.0827 0.1968, 1.0391 1.1141 0.6791, 1.0391 1.1048 0.6914, 1.0391 1.0925 0.7007, 1.0391 1.0827 0.7053, 1.0391 1.12 0.6649, 0.4486 1.0827 0.3511, 0.4632 1.0827 0.294, 0.4595 1.0827 0.2907, 0.867 1.0827 0.294, 0.8895 1.0827 0.289, 0.8848 1.0827 0.2876, 0.9604 1.0827 0.1181, 0.3142 1.0827 0.1412, 0.4365 1.0827 0.2915, 0.3016 1.0827 0.1575, 0.433 1.0827 0.295, 0.4305 1.0827 0.2992, 0.2911 1.0827 0.1968, 0.2938 1.0827 0.1765, 0.3698 1.0827 0.1181, 0.4407 1.0827 0.289, 0.3494 1.0827 0.1208, 0.3305 1.0827 0.1287, 0.43 1.0827 0.3137, 0.429 1.0827 0.3089, 0.4291 1.0827 0.3039, 0.4551 1.0827 0.2885, 0.4503 1.0827 0.2875, 0.4454 1.0827 0.2876, 0.8799 1.0827 0.2875, 0.8751 1.0827 0.2885, 0.8707 1.0827 0.2907, 0.4322 1.0827 0.318, 0.4354 1.0827 0.3218, 0.441 1.0827 0.3279, 0.9012 1.0827 0.3089, 0.9002 1.0827 0.3137, 0.898 1.0827 0.318, 0.9011 1.0827 0.3039, 0.8997 1.0827 0.2992, 1.0364 1.0827 0.1765, 0.8972 1.0827 0.295, 1.0286 1.0827 0.1575, 0.8937 1.0827 0.2915, 1.0161 1.0827 0.1412, 0.9998 1.0827 0.1287, 0.4451 1.0827 0.335, 0.4477 1.0827 0.3429, 0.8816 1.0827 0.3511, 0.8825 1.0827 0.3429, 0.8851 1.0827 0.335, 0.8892 1.0827 0.3279, 0.8948 1.0827 0.3218, 0.9808 1.0827 0.1208, 0.8608 1.0827 0.2995, 0.8376 1.0827 0.3071, 0.8537 1.0827 0.3037, 0.8458 1.0827 0.3062, 0.4926 1.0827 0.3071, 0.4694 1.0827 0.2995, 0.4844 1.0827 0.3062, 0.4765 1.0827 0.3037, 0.2911 1.0827 0.7053, 0.2911 1.0925 0.7007, 0.2911 1.12 0.6649, 0.2911 1.1048 0.6914, 0.2911 1.1141 0.6791, 0.547 1.1444 0.1181, 0.7832 1.1444 0.1181, 1.0391 -1.0827 0.7053, 1.0391 -1.0925 0.7007, 1.0391 -1.1048 0.6914, 1.0391 -1.1141 0.6791, 1.0391 -1.12 0.6649, 0.2911 -1.1206 0.6627, 0.2911 -1.1162 0.6752, 0.2911 -1.1092 0.6864, 0.2911 -1.0998 0.6958, 0.2911 -1.0886 0.7028, 0.2911 -1.0827 0.7053, 0.7832 -1.1444 0.1181, 0.547 -1.1444 0.1181, 0.4486 1.12 0.6649, 0.4486 1.1141 0.6791, 0.4486 1.1048 0.6914, 0.4486 1.0925 0.7007, 0.4486 1.0827 0.7053, 0.8816 1.0827 0.7053, 0.8816 1.0925 0.7007, 0.8816 1.12 0.6649, 0.8816 1.1048 0.6914, 0.8816 1.1141 0.6791, 0.4486 -1.1206 0.6627, 0.4486 -1.0827 0.7053, 0.4486 -1.0886 0.7028, 0.4486 -1.0998 0.6958, 0.4486 -1.1092 0.6864, 0.4486 -1.1162 0.6752, 0.8816 -1.1141 0.6791, 0.8816 -1.1048 0.6914, 0.8816 -1.0925 0.7007, 0.8816 -1.0827 0.7053, 0.8816 -1.12 0.6649, 0.7832 1.1417 0.1575, 0.7832 1.1735 0.1575, 0.547 1.1417 0.1575, 0.547 1.1735 0.1575, 0.7832 1.2286 0.0185, 0.7832 1.1778 0.0996, 0.547 1.2286 0.0185, 0.547 1.1778 0.0996, 0.547 1.262 -0.0, 0.547 1.437 -0.0, 0.7832 1.262 -0.0, 0.7832 1.437 -0.0, 0.7832 1.437 0.0394, 0.547 1.437 0.0394, 0.7832 1.2905 0.0394, 0.547 1.2905 0.0394, 0.547 1.257 0.058, 0.547 1.207 0.1388, 0.7832 1.257 0.058, 0.7832 1.207 0.1388, 0.7832 1.1319 0.1601, 0.7832 1.1278 0.1632, 0.7832 1.1247 0.1673, 0.7832 1.1227 0.1721, 0.7832 1.2349 0.0108, 0.7832 1.2714 0.0443, 0.7832 1.2806 0.0406, 0.7832 1.2521 0.0012, 0.7832 1.2429 0.0049, 0.7832 1.1715 0.1073, 0.7832 1.1926 0.1525, 0.7832 1.1635 0.1132, 0.7832 1.1834 0.1562, 0.7832 1.1542 0.1169, 0.7832 1.1366 0.1581, 0.7832 1.2633 0.0503, 0.7832 1.2007 0.1466, 0.547 1.1227 0.1721, 0.547 1.1247 0.1673, 0.547 1.1278 0.1632, 0.547 1.2007 0.1466, 0.547 1.1715 0.1073, 0.547 1.2521 0.0012, 0.547 1.2714 0.0443, 0.547 1.2806 0.0406, 0.547 1.1319 0.1601, 0.547 1.1366 0.1581, 0.547 1.1542 0.1169, 0.547 1.1635 0.1132, 0.547 1.1834 0.1562, 0.547 1.1926 0.1525, 0.547 1.2429 0.0049, 0.547 1.2349 0.0108, 0.547 1.2633 0.0503, 0.547 -1.1417 0.1575, 0.547 -1.1735 0.1575, 0.7832 -1.1417 0.1575, 0.7832 -1.1735 0.1575, 0.7832 -1.257 0.058, 0.7832 -1.207 0.1388, 0.547 -1.257 0.058, 0.547 -1.207 0.1388, 0.547 -1.2905 0.0394, 0.547 -1.437 0.0394, 0.7832 -1.2905 0.0394, 0.7832 -1.437 0.0394, 0.7832 -1.437 -0.0, 0.547 -1.437 -0.0, 0.7832 -1.262 -0.0, 0.547 -1.262 -0.0, 0.547 -1.2286 0.0185, 0.547 -1.1778 0.0996, 0.7832 -1.2286 0.0185, 0.7832 -1.1778 0.0996, 0.7832 -1.1227 0.1721, 0.7832 -1.1247 0.1673, 0.7832 -1.1278 0.1632, 0.7832 -1.2007 0.1466, 0.7832 -1.1715 0.1073, 0.7832 -1.2521 0.0012, 0.7832 -1.2714 0.0443, 0.7832 -1.2806 0.0406, 0.7832 -1.1319 0.1601, 0.7832 -1.1366 0.1581, 0.7832 -1.1542 0.1169, 0.7832 -1.1635 0.1132, 0.7832 -1.1834 0.1562, 0.7832 -1.1926 0.1525, 0.7832 -1.2429 0.0049, 0.7832 -1.2349 0.0108, 0.7832 -1.2633 0.0503, 0.547 -1.1319 0.1601, 0.547 -1.1278 0.1632, 0.547 -1.1247 0.1673, 0.547 -1.1227 0.1721, 0.547 -1.2349 0.0108, 0.547 -1.2714 0.0443, 0.547 -1.2806 0.0406, 0.547 -1.2521 0.0012, 0.547 -1.2429 0.0049, 0.547 -1.1715 0.1073, 0.547 -1.1926 0.1525, 0.547 -1.1635 0.1132, 0.547 -1.1834 0.1562, 0.547 -1.1542 0.1169, 0.547 -1.1366 0.1581, 0.547 -1.2633 0.0503, 0.547 -1.2007 0.1466, 0.4491 1.0783 0.7066, 0.4491 1.0783 0.7066, 0.4597 1.0649 0.7086, 0.4639 1.0635 0.7087, 0.2906 1.0783 0.7066, 0.2906 1.0783 0.7066, 0.4505 1.0741 0.7076, 0.2891 1.0741 0.7076, 0.2868 1.0704 0.7082, 0.4529 1.0704 0.7082, 0.2837 1.0673 0.7085, 0.2799 1.0649 0.7086, 0.456 1.0673 0.7085, 0.2758 1.0635 0.7087, 1.0396 1.0783 0.7066, 1.0396 1.0783 0.7066, 1.0503 1.0649 0.7086, 1.0544 1.0635 0.7087, 0.8811 1.0783 0.7066, 0.8811 1.0783 0.7066, 1.0411 1.0741 0.7076, 0.8797 1.0741 0.7076, 0.8773 1.0704 0.7082, 1.0434 1.0704 0.7082, 0.8742 1.0673 0.7085, 0.8705 1.0649 0.7086, 1.0465 1.0673 0.7085, 0.8663 1.0635 0.7087, 0.8811 -1.0783 0.7066, 0.8811 -1.0783 0.7066, 0.8705 -1.0649 0.7086, 0.8663 -1.0635 0.7087, 1.0396 -1.0783 0.7066, 1.0396 -1.0783 0.7066, 0.8797 -1.0741 0.7076, 1.0411 -1.0741 0.7076, 1.0434 -1.0704 0.7082, 0.8773 -1.0704 0.7082, 1.0465 -1.0673 0.7085, 1.0503 -1.0649 0.7086, 0.8742 -1.0673 0.7085, 1.0544 -1.0635 0.7087, 0.4491 -1.0783 0.7066, 0.2906 -1.0783 0.7066, 0.2799 -1.0649 0.7086, 0.2758 -1.0635 0.7087, 0.2898 -1.0761 0.7071, 0.4498 -1.0761 0.7071, 0.2891 -1.0741 0.7076, 0.4505 -1.0741 0.7076, 0.2868 -1.0704 0.7082, 0.4529 -1.0704 0.7082, 0.456 -1.0673 0.7085, 0.4597 -1.0649 0.7086, 0.2837 -1.0673 0.7085, 0.4639 -1.0635 0.7087
            ]
        }
        coordIndex [
            0,1,2,-1,2,3,4,-1,5,6,7,-1,8,9,10,-1,10,9,11,-1,12,13,14,-1,14,13,15,-1,14,15,2,-1,2,15,16,-1,2,16,3,-1,0,2,17,-1,18,19,20,-1,20,19,21,-1,20,21,22,-1,18,20,23,-1,23,20,24,-1,23,24,25,-1,26,27,28,-1,11,28,10,-1,10,28,29,-1,10,29,30,-1,5,7,22,-1,22,7,31,-1,22,31,32,-1,4,33,2,-1,2,33,34,-1,2,34,17,-1,6,35,7,-1,7,35,36,-1,7,36,37,-1,38,39,24,-1,24,39,40,-1,24,40,41,-1,41,42,24,-1,24,42,43,-1,24,43,25,-1,12,14,28,-1,28,14,44,-1,28,44,26,-1,27,45,28,-1,28,45,46,-1,28,46,29,-1,47,48,10,-1,32,49,22,-1,22,49,50,-1,22,50,51,-1,51,52,22,-1,22,52,53,-1,22,53,20,-1,48,54,10,-1,10,54,55,-1,10,55,8,-1,37,56,7,-1,7,56,57,-1,7,57,58,-1,7,59,10,-1,10,59,60,-1,10,60,61,-1,58,62,7,-1,7,62,63,-1,7,63,59,-1,61,64,10,-1,10,64,65,-1,10,65,47,-1,66,67,68,-1,68,67,69,-1,70,71,72,-1,73,74,75,-1,74,76,75,-1,75,76,77,-1,75,77,78,-1,79,80,76,-1,81,82,83,-1,83,82,84,-1,83,84,85,-1,85,84,86,-1,85,86,87,-1,88,89,90,-1,70,72,91,-1,91,72,92,-1,91,92,93,-1,94,95,91,-1,80,96,76,-1,76,96,97,-1,76,97,77,-1,98,99,75,-1,89,88,100,-1,100,88,101,-1,100,101,102,-1,90,103,88,-1,88,103,91,-1,88,91,104,-1,104,91,95,-1,81,83,76,-1,76,83,105,-1,76,105,79,-1,87,106,85,-1,85,106,107,-1,85,107,108,-1,108,109,85,-1,85,109,110,-1,85,110,111,-1,71,112,72,-1,72,112,113,-1,72,113,114,-1,98,75,115,-1,99,116,75,-1,75,116,117,-1,75,117,73,-1,118,119,101,-1,101,119,120,-1,101,120,121,-1,121,122,101,-1,101,122,123,-1,101,123,102,-1,93,124,91,-1,91,124,125,-1,91,125,94,-1,114,126,72,-1,72,126,127,-1,72,127,128,-1,72,129,75,-1,75,129,130,-1,75,130,131,-1,128,132,72,-1,72,132,133,-1,72,133,129,-1,131,134,75,-1,75,134,135,-1,75,135,115,-1,136,137,138,-1,138,137,139,-1,140,141,142,-1,140,142,143,-1,143,142,144,-1,143,144,145,-1,146,147,148,-1,149,147,150,-1,150,147,151,-1,150,151,152,-1,152,153,150,-1,150,153,154,-1,150,154,155,-1,156,157,144,-1,158,159,141,-1,157,160,144,-1,144,160,161,-1,144,161,145,-1,162,163,149,-1,149,163,164,-1,149,164,147,-1,147,164,165,-1,147,165,148,-1,141,159,142,-1,142,159,166,-1,142,166,167,-1,167,168,142,-1,142,168,169,-1,142,169,170,-1,171,172,173,-1,174,175,176,-1,176,175,177,-1,157,178,160,-1,160,178,175,-1,160,175,179,-1,179,175,174,-1,144,180,156,-1,156,180,181,-1,156,181,182,-1,182,181,183,-1,162,149,184,-1,184,149,185,-1,184,185,186,-1,171,173,187,-1,188,189,190,-1,190,189,191,-1,190,191,192,-1,193,194,195,-1,196,197,198,-1,198,197,199,-1,198,199,200,-1,196,198,155,-1,155,198,67,-1,155,67,150,-1,150,67,66,-1,150,66,173,-1,173,66,201,-1,173,201,187,-1,149,202,185,-1,185,202,203,-1,185,203,204,-1,204,203,205,-1,204,205,206,-1,206,205,207,-1,186,208,184,-1,184,208,209,-1,184,209,210,-1,211,212,213,-1,213,212,214,-1,213,214,215,-1,216,217,148,-1,148,217,218,-1,148,218,146,-1,210,219,184,-1,184,219,220,-1,184,220,221,-1,222,223,141,-1,141,223,224,-1,141,224,158,-1,225,226,148,-1,148,226,227,-1,148,227,228,-1,229,230,190,-1,190,230,231,-1,190,231,188,-1,232,233,170,-1,170,233,137,-1,170,137,142,-1,142,137,136,-1,142,136,234,-1,232,235,233,-1,233,235,236,-1,233,236,237,-1,234,136,195,-1,195,136,238,-1,195,238,193,-1,239,240,241,-1,242,243,213,-1,213,243,244,-1,213,244,211,-1,192,245,190,-1,190,245,246,-1,190,246,247,-1,248,249,250,-1,215,251,213,-1,213,251,252,-1,213,252,253,-1,254,255,256,-1,256,257,254,-1,254,257,258,-1,254,258,259,-1,240,260,241,-1,241,260,248,-1,241,248,261,-1,261,248,250,-1,262,263,141,-1,262,141,264,-1,252,265,141,-1,266,267,268,-1,246,255,148,-1,265,269,241,-1,241,269,270,-1,241,270,239,-1,225,148,141,-1,141,148,271,-1,141,271,264,-1,241,272,265,-1,265,272,273,-1,265,273,141,-1,141,273,274,-1,141,274,222,-1,259,275,254,-1,254,275,266,-1,254,266,276,-1,276,266,268,-1,254,277,255,-1,255,277,278,-1,255,278,148,-1,148,278,279,-1,148,279,216,-1,263,280,141,-1,141,280,281,-1,141,281,252,-1,252,281,282,-1,252,282,253,-1,228,283,148,-1,148,283,284,-1,148,284,246,-1,246,284,285,-1,246,285,247,-1,286,287,157,-1,157,287,178,-1,288,289,290,-1,288,290,291,-1,291,290,292,-1,291,292,293,-1,294,295,296,-1,296,295,297,-1,296,297,298,-1,299,300,301,-1,301,300,302,-1,301,302,303,-1,138,304,292,-1,292,304,305,-1,292,305,293,-1,306,307,308,-1,309,294,310,-1,310,294,296,-1,310,296,301,-1,301,296,311,-1,301,311,299,-1,312,313,290,-1,290,313,314,-1,290,314,315,-1,292,316,138,-1,138,316,306,-1,138,306,317,-1,317,306,308,-1,68,310,318,-1,68,319,310,-1,310,319,320,-1,310,320,309,-1,321,322,289,-1,289,322,323,-1,289,323,290,-1,290,323,324,-1,290,324,312,-1,303,325,301,-1,301,325,326,-1,301,326,327,-1,328,329,330,-1,330,329,331,-1,138,139,304,-1,304,139,329,-1,304,329,332,-1,332,329,328,-1,333,289,297,-1,297,289,334,-1,297,334,335,-1,318,336,337,-1,333,338,289,-1,289,338,339,-1,289,339,340,-1,335,341,297,-1,297,341,342,-1,297,342,343,-1,343,344,297,-1,297,344,345,-1,297,345,298,-1,346,347,303,-1,303,347,348,-1,303,348,349,-1,349,350,303,-1,303,350,351,-1,303,351,325,-1,327,326,352,-1,352,326,353,-1,352,353,354,-1,354,353,355,-1,354,355,356,-1,337,357,318,-1,318,357,358,-1,318,358,68,-1,359,360,361,-1,361,360,362,-1,68,69,319,-1,319,69,360,-1,319,360,363,-1,363,360,359,-1,364,365,315,-1,315,365,287,-1,315,287,290,-1,364,366,365,-1,365,366,367,-1,365,367,368,-1,340,369,289,-1,289,369,370,-1,289,370,321,-1,371,372,373,-1,373,372,374,-1,287,286,290,-1,290,286,374,-1,290,374,375,-1,375,374,372,-1,376,377,378,-1,378,377,268,-1,378,268,379,-1,267,380,268,-1,268,380,381,-1,268,381,382,-1,382,383,268,-1,268,383,384,-1,268,384,379,-1,385,386,387,-1,387,386,388,-1,387,388,389,-1,376,390,377,-1,377,390,391,-1,377,391,392,-1,392,391,393,-1,392,393,394,-1,394,393,395,-1,394,395,396,-1,397,385,398,-1,398,385,399,-1,398,399,395,-1,395,399,400,-1,395,400,396,-1,401,402,403,-1,403,402,386,-1,403,386,404,-1,404,386,385,-1,404,385,405,-1,405,385,397,-1,406,407,408,-1,408,407,409,-1,408,409,229,-1,229,409,410,-1,229,410,411,-1,411,412,229,-1,229,412,413,-1,229,413,414,-1,415,416,417,-1,417,416,418,-1,406,408,418,-1,418,408,419,-1,418,419,417,-1,414,420,229,-1,229,420,421,-1,229,421,230,-1,422,423,424,-1,424,423,425,-1,426,427,428,-1,389,429,387,-1,387,429,430,-1,387,430,431,-1,431,430,416,-1,431,416,432,-1,432,416,415,-1,428,433,426,-1,426,433,402,-1,426,402,423,-1,423,402,401,-1,423,401,425,-1,149,150,301,-1,301,150,310,-1,292,290,142,-1,142,290,144,-1,186,185,325,-1,325,185,326,-1,434,83,85,-1,435,436,250,-1,250,436,437,-1,250,437,438,-1,434,85,250,-1,250,85,439,-1,250,439,435,-1,440,243,242,-1,441,442,443,-1,444,445,446,-1,447,448,449,-1,449,448,450,-1,451,452,450,-1,450,452,453,-1,450,453,449,-1,454,455,456,-1,456,455,448,-1,456,448,457,-1,457,448,447,-1,458,242,459,-1,459,242,452,-1,459,452,460,-1,460,452,451,-1,446,442,454,-1,454,442,461,-1,461,462,454,-1,454,462,463,-1,454,463,455,-1,445,464,446,-1,446,464,465,-1,446,465,442,-1,442,465,466,-1,442,466,443,-1,458,467,242,-1,242,467,468,-1,242,468,469,-1,470,434,471,-1,471,434,250,-1,471,250,472,-1,470,473,434,-1,434,473,474,-1,434,474,475,-1,475,474,476,-1,475,476,477,-1,477,476,478,-1,477,478,479,-1,479,478,480,-1,469,481,242,-1,242,481,482,-1,242,482,440,-1,249,483,250,-1,250,483,484,-1,250,484,485,-1,485,486,250,-1,250,486,487,-1,250,487,472,-1,444,446,478,-1,478,446,488,-1,478,488,480,-1,443,489,490,-1,490,489,491,-1,490,491,492,-1,443,490,441,-1,441,490,493,-1,441,493,494,-1,494,493,495,-1,494,495,496,-1,242,497,498,-1,88,452,101,-1,101,452,242,-1,101,242,499,-1,498,500,242,-1,242,500,501,-1,242,501,499,-1,78,77,446,-1,454,93,92,-1,502,503,92,-1,92,503,78,-1,92,78,454,-1,454,78,446,-1,20,408,24,-1,24,408,229,-1,504,505,229,-1,229,505,506,-1,506,507,229,-1,229,507,508,-1,229,508,24,-1,14,2,377,-1,377,2,268,-1,2,509,268,-1,268,509,510,-1,268,510,511,-1,511,512,268,-1,268,512,513,-1,268,513,514,-1,30,29,385,-1,387,32,31,-1,515,516,31,-1,31,516,30,-1,31,30,387,-1,387,30,385,-1,265,252,342,-1,342,252,343,-1,440,119,118,-1,440,118,243,-1,243,118,517,-1,243,517,518,-1,518,519,243,-1,243,519,520,-1,243,520,521,-1,130,129,490,-1,490,129,493,-1,249,522,523,-1,110,483,111,-1,111,483,249,-1,111,249,524,-1,523,525,249,-1,249,525,526,-1,249,526,524,-1,369,340,246,-1,246,340,255,-1,0,380,1,-1,1,380,267,-1,1,267,527,-1,528,529,267,-1,267,529,530,-1,530,531,267,-1,267,531,532,-1,267,532,527,-1,421,39,38,-1,533,534,230,-1,230,534,535,-1,230,535,536,-1,421,38,230,-1,230,38,537,-1,230,537,533,-1,426,423,59,-1,59,423,60,-1,538,539,540,-1,540,539,541,-1,542,543,544,-1,544,543,545,-1,546,547,548,-1,548,547,549,-1,550,549,551,-1,551,549,547,-1,552,550,553,-1,553,550,551,-1,554,555,556,-1,556,555,557,-1,558,559,78,-1,559,560,78,-1,78,560,561,-1,78,561,75,-1,548,549,550,-1,542,562,563,-1,550,552,548,-1,548,552,564,-1,548,564,565,-1,565,564,563,-1,565,563,566,-1,566,563,562,-1,567,568,569,-1,569,568,570,-1,569,570,571,-1,571,570,539,-1,571,539,503,-1,503,539,538,-1,503,538,78,-1,78,538,572,-1,78,572,558,-1,563,573,542,-1,542,573,556,-1,542,556,543,-1,543,556,557,-1,543,557,567,-1,567,557,574,-1,567,574,568,-1,72,575,92,-1,92,575,576,-1,92,576,577,-1,578,555,579,-1,546,580,581,-1,551,547,553,-1,553,547,546,-1,553,546,582,-1,582,546,581,-1,577,583,92,-1,92,583,584,-1,92,584,502,-1,502,584,540,-1,502,540,585,-1,585,540,541,-1,585,541,586,-1,586,541,587,-1,586,587,579,-1,579,587,588,-1,579,588,578,-1,580,589,581,-1,581,589,590,-1,581,590,591,-1,591,590,544,-1,591,544,554,-1,554,544,555,-1,555,544,545,-1,555,545,579,-1,592,593,594,-1,594,593,595,-1,596,597,598,-1,598,597,599,-1,600,601,602,-1,602,601,603,-1,604,603,605,-1,605,603,601,-1,606,604,607,-1,607,604,605,-1,608,609,610,-1,610,609,611,-1,7,612,31,-1,31,612,613,-1,31,613,614,-1,615,597,616,-1,606,617,618,-1,603,604,602,-1,602,604,606,-1,602,606,619,-1,619,606,618,-1,614,620,31,-1,31,620,621,-1,31,621,515,-1,515,621,594,-1,515,594,622,-1,622,594,595,-1,622,595,623,-1,623,595,624,-1,623,624,616,-1,616,624,625,-1,616,625,615,-1,617,626,618,-1,618,626,627,-1,618,627,628,-1,628,627,610,-1,628,610,596,-1,596,610,597,-1,597,610,611,-1,597,611,616,-1,629,630,30,-1,630,631,30,-1,30,631,632,-1,30,632,10,-1,607,605,601,-1,608,633,634,-1,601,600,607,-1,607,600,635,-1,607,635,636,-1,636,635,634,-1,636,634,637,-1,637,634,633,-1,638,639,640,-1,640,639,641,-1,640,641,642,-1,642,641,593,-1,642,593,516,-1,516,593,592,-1,516,592,30,-1,30,592,643,-1,30,643,629,-1,634,644,608,-1,608,644,598,-1,608,598,609,-1,609,598,599,-1,609,599,638,-1,638,599,645,-1,638,645,639,-1,155,154,319,-1,319,154,320,-1,339,338,217,-1,217,338,218,-1,321,370,226,-1,226,370,227,-1,315,314,160,-1,160,314,161,-1,262,264,344,-1,344,264,345,-1,162,184,302,-1,302,184,303,-1,170,169,304,-1,304,169,305,-1,224,223,335,-1,335,223,341,-1,497,646,498,-1,498,646,647,-1,498,647,521,-1,648,344,649,-1,649,344,343,-1,497,650,646,-1,646,650,651,-1,646,651,652,-1,651,653,652,-1,652,653,654,-1,652,654,655,-1,655,654,656,-1,655,656,657,-1,648,658,344,-1,344,658,655,-1,344,655,659,-1,659,655,657,-1,521,520,498,-1,498,520,519,-1,498,519,500,-1,500,519,518,-1,500,518,501,-1,501,518,517,-1,501,517,499,-1,499,517,118,-1,499,118,101,-1,522,660,523,-1,523,660,661,-1,523,661,438,-1,662,342,663,-1,663,342,341,-1,522,664,660,-1,660,664,665,-1,660,665,666,-1,665,667,666,-1,666,667,668,-1,666,668,669,-1,669,668,670,-1,669,670,671,-1,662,672,342,-1,342,672,669,-1,342,669,673,-1,673,669,671,-1,438,437,523,-1,523,437,436,-1,523,436,525,-1,525,436,435,-1,525,435,526,-1,526,435,439,-1,526,439,524,-1,524,439,85,-1,524,85,111,-1,504,674,505,-1,505,674,675,-1,505,675,536,-1,676,370,677,-1,677,370,369,-1,504,678,674,-1,674,678,679,-1,674,679,680,-1,679,681,680,-1,680,681,682,-1,680,682,683,-1,683,682,684,-1,683,684,685,-1,676,686,370,-1,370,686,683,-1,370,683,687,-1,687,683,685,-1,536,535,505,-1,505,535,534,-1,505,534,506,-1,506,534,533,-1,506,533,507,-1,507,533,537,-1,507,537,508,-1,508,537,38,-1,508,38,24,-1,529,528,514,-1,514,528,688,-1,514,688,689,-1,690,340,691,-1,691,340,339,-1,689,688,692,-1,692,688,693,-1,692,693,694,-1,694,693,695,-1,694,695,696,-1,695,697,696,-1,696,697,698,-1,696,698,699,-1,690,700,340,-1,340,700,696,-1,340,696,701,-1,701,696,699,-1,514,513,529,-1,529,513,512,-1,529,512,530,-1,530,512,511,-1,530,511,531,-1,531,511,510,-1,531,510,532,-1,532,510,509,-1,532,509,527,-1,527,509,2,-1,527,2,1,-1,292,142,234,-1,292,234,316,-1,316,234,195,-1,316,195,306,-1,306,195,194,-1,306,194,307,-1,307,194,193,-1,307,193,308,-1,308,193,238,-1,308,238,317,-1,317,238,136,-1,317,136,138,-1,170,304,332,-1,170,332,232,-1,232,332,328,-1,232,328,235,-1,235,328,330,-1,235,330,236,-1,236,330,331,-1,236,331,237,-1,237,331,329,-1,237,329,233,-1,233,329,139,-1,233,139,137,-1,305,169,293,-1,293,169,168,-1,293,168,291,-1,291,168,167,-1,291,167,288,-1,288,167,166,-1,288,166,289,-1,289,166,159,-1,289,159,334,-1,334,159,158,-1,334,158,335,-1,335,158,224,-1,341,223,222,-1,341,222,663,-1,663,222,274,-1,663,274,662,-1,662,274,273,-1,662,273,672,-1,672,273,272,-1,672,272,669,-1,669,272,241,-1,669,241,666,-1,666,241,660,-1,660,241,261,-1,660,261,661,-1,661,261,250,-1,661,250,438,-1,249,248,522,-1,522,248,664,-1,664,248,665,-1,665,248,260,-1,665,260,667,-1,667,260,240,-1,667,240,668,-1,668,240,239,-1,668,239,670,-1,670,239,270,-1,670,270,671,-1,671,270,269,-1,671,269,673,-1,673,269,265,-1,673,265,342,-1,343,252,251,-1,343,251,649,-1,649,251,215,-1,649,215,648,-1,648,215,214,-1,648,214,658,-1,658,214,212,-1,658,212,655,-1,655,212,211,-1,655,211,652,-1,652,211,646,-1,646,211,244,-1,646,244,647,-1,647,244,243,-1,647,243,521,-1,242,213,497,-1,497,213,650,-1,650,213,651,-1,651,213,253,-1,651,253,653,-1,653,253,282,-1,653,282,654,-1,654,282,281,-1,654,281,656,-1,656,281,280,-1,656,280,657,-1,657,280,263,-1,657,263,659,-1,659,263,262,-1,659,262,344,-1,345,264,298,-1,298,264,271,-1,298,271,296,-1,296,271,148,-1,296,148,311,-1,311,148,165,-1,311,165,299,-1,299,165,164,-1,299,164,300,-1,300,164,163,-1,300,163,302,-1,302,163,162,-1,186,325,351,-1,186,351,208,-1,208,351,350,-1,208,350,209,-1,209,350,349,-1,209,349,210,-1,210,349,348,-1,210,348,219,-1,219,348,347,-1,219,347,220,-1,220,347,346,-1,220,346,221,-1,221,346,303,-1,221,303,184,-1,326,185,204,-1,326,204,353,-1,353,204,206,-1,353,206,355,-1,355,206,207,-1,355,207,356,-1,356,207,205,-1,356,205,354,-1,354,205,203,-1,354,203,352,-1,352,203,202,-1,352,202,327,-1,327,202,149,-1,327,149,301,-1,286,157,156,-1,286,156,374,-1,374,156,182,-1,374,182,373,-1,373,182,183,-1,373,183,371,-1,371,183,181,-1,371,181,372,-1,372,181,180,-1,372,180,375,-1,375,180,144,-1,375,144,290,-1,178,287,365,-1,178,365,175,-1,175,365,368,-1,175,368,177,-1,177,368,367,-1,177,367,176,-1,176,367,366,-1,176,366,174,-1,174,366,364,-1,174,364,179,-1,179,364,315,-1,179,315,160,-1,321,226,322,-1,322,226,225,-1,322,225,323,-1,323,225,141,-1,323,141,324,-1,324,141,140,-1,324,140,312,-1,312,140,143,-1,312,143,313,-1,313,143,145,-1,313,145,314,-1,314,145,161,-1,229,190,504,-1,504,190,678,-1,678,190,679,-1,679,190,247,-1,679,247,681,-1,681,247,285,-1,681,285,682,-1,682,285,284,-1,682,284,684,-1,684,284,283,-1,684,283,685,-1,685,283,228,-1,685,228,687,-1,687,228,227,-1,687,227,370,-1,369,246,245,-1,369,245,677,-1,677,245,192,-1,677,192,676,-1,676,192,191,-1,676,191,686,-1,686,191,189,-1,686,189,683,-1,683,189,188,-1,683,188,680,-1,680,188,674,-1,674,188,231,-1,674,231,675,-1,675,231,230,-1,675,230,536,-1,267,266,528,-1,528,266,688,-1,688,266,693,-1,693,266,275,-1,693,275,695,-1,695,275,259,-1,695,259,697,-1,697,259,258,-1,697,258,698,-1,698,258,257,-1,698,257,699,-1,699,257,256,-1,699,256,701,-1,701,256,255,-1,701,255,340,-1,310,150,173,-1,310,173,318,-1,318,173,172,-1,318,172,336,-1,336,172,171,-1,336,171,337,-1,337,171,187,-1,337,187,357,-1,357,187,201,-1,357,201,358,-1,358,201,66,-1,358,66,68,-1,155,319,363,-1,155,363,196,-1,196,363,359,-1,196,359,197,-1,197,359,361,-1,197,361,199,-1,199,361,362,-1,199,362,200,-1,200,362,360,-1,200,360,198,-1,198,360,69,-1,198,69,67,-1,339,217,216,-1,339,216,691,-1,691,216,279,-1,691,279,690,-1,690,279,278,-1,690,278,700,-1,700,278,277,-1,700,277,696,-1,696,277,254,-1,696,254,694,-1,694,254,692,-1,692,254,276,-1,692,276,689,-1,689,276,268,-1,689,268,514,-1,320,154,309,-1,309,154,153,-1,309,153,294,-1,294,153,152,-1,294,152,295,-1,295,152,151,-1,295,151,297,-1,297,151,147,-1,297,147,333,-1,333,147,146,-1,333,146,338,-1,338,146,218,-1,14,377,392,-1,14,392,44,-1,44,392,394,-1,44,394,26,-1,26,394,396,-1,26,396,27,-1,27,396,400,-1,27,400,45,-1,45,400,399,-1,45,399,46,-1,46,399,385,-1,46,385,29,-1,408,20,53,-1,408,53,419,-1,419,53,52,-1,419,52,417,-1,417,52,51,-1,417,51,415,-1,415,51,50,-1,415,50,432,-1,432,50,49,-1,432,49,431,-1,431,49,32,-1,431,32,387,-1,446,77,97,-1,446,97,488,-1,488,97,96,-1,488,96,480,-1,480,96,80,-1,480,80,479,-1,479,80,79,-1,479,79,477,-1,477,79,105,-1,477,105,475,-1,475,105,83,-1,475,83,434,-1,93,454,456,-1,93,456,124,-1,124,456,457,-1,124,457,125,-1,125,457,447,-1,125,447,94,-1,94,447,449,-1,94,449,95,-1,95,449,453,-1,95,453,104,-1,104,453,452,-1,104,452,88,-1,600,602,635,-1,635,602,619,-1,635,619,634,-1,634,619,618,-1,634,618,644,-1,644,618,628,-1,644,628,598,-1,598,628,596,-1,595,593,641,-1,595,641,624,-1,624,641,639,-1,624,639,625,-1,625,639,645,-1,625,645,615,-1,615,645,599,-1,615,599,597,-1,606,607,636,-1,606,636,617,-1,617,636,637,-1,617,637,626,-1,626,637,633,-1,626,633,627,-1,627,633,608,-1,627,608,610,-1,516,515,642,-1,642,515,622,-1,642,622,640,-1,640,622,623,-1,640,623,638,-1,638,623,616,-1,638,616,609,-1,609,616,611,-1,542,544,590,-1,542,590,562,-1,562,590,589,-1,562,589,566,-1,566,589,580,-1,566,580,565,-1,565,580,546,-1,565,546,548,-1,503,502,571,-1,571,502,585,-1,571,585,569,-1,569,585,586,-1,569,586,567,-1,567,586,579,-1,567,579,543,-1,543,579,545,-1,554,556,591,-1,591,556,573,-1,591,573,581,-1,581,573,563,-1,581,563,582,-1,582,563,564,-1,582,564,553,-1,553,564,552,-1,557,555,578,-1,557,578,574,-1,574,578,588,-1,574,588,568,-1,568,588,587,-1,568,587,570,-1,570,587,541,-1,570,541,539,-1,72,75,575,-1,575,75,561,-1,575,561,576,-1,576,561,560,-1,576,560,577,-1,577,560,559,-1,577,559,583,-1,583,559,558,-1,583,558,584,-1,584,558,572,-1,584,572,540,-1,540,572,538,-1,592,594,643,-1,643,594,621,-1,643,621,629,-1,629,621,620,-1,629,620,630,-1,630,620,614,-1,630,614,631,-1,631,614,613,-1,631,613,632,-1,632,613,612,-1,632,612,10,-1,10,612,7,-1,43,412,25,-1,25,412,411,-1,25,411,23,-1,23,411,410,-1,23,410,18,-1,18,410,409,-1,18,409,19,-1,19,409,407,-1,19,407,21,-1,21,407,406,-1,21,406,22,-1,22,406,418,-1,22,418,5,-1,5,418,416,-1,5,416,6,-1,6,416,430,-1,6,430,35,-1,35,430,429,-1,35,429,36,-1,36,429,389,-1,36,389,37,-1,37,389,388,-1,37,388,56,-1,56,388,386,-1,56,386,57,-1,57,386,402,-1,47,401,48,-1,48,401,403,-1,48,403,54,-1,54,403,404,-1,54,404,55,-1,55,404,405,-1,55,405,8,-1,8,405,397,-1,8,397,9,-1,9,397,398,-1,9,398,11,-1,11,398,395,-1,11,395,28,-1,28,395,393,-1,28,393,12,-1,12,393,391,-1,12,391,13,-1,13,391,390,-1,13,390,15,-1,15,390,376,-1,15,376,16,-1,16,376,378,-1,16,378,3,-1,3,378,379,-1,3,379,4,-1,4,379,384,-1,487,106,472,-1,472,106,87,-1,472,87,471,-1,471,87,86,-1,471,86,470,-1,470,86,84,-1,470,84,473,-1,473,84,82,-1,473,82,474,-1,474,82,81,-1,474,81,476,-1,476,81,76,-1,476,76,478,-1,478,76,74,-1,478,74,444,-1,444,74,73,-1,444,73,445,-1,445,73,117,-1,445,117,464,-1,464,117,116,-1,464,116,465,-1,465,116,99,-1,465,99,466,-1,466,99,98,-1,466,98,443,-1,443,98,115,-1,441,127,442,-1,442,127,126,-1,442,126,461,-1,461,126,114,-1,461,114,462,-1,462,114,113,-1,462,113,463,-1,463,113,112,-1,463,112,455,-1,455,112,71,-1,455,71,448,-1,448,71,70,-1,448,70,450,-1,450,70,91,-1,450,91,451,-1,451,91,103,-1,451,103,460,-1,460,103,90,-1,460,90,459,-1,459,90,89,-1,459,89,458,-1,458,89,100,-1,458,100,467,-1,467,100,102,-1,467,102,468,-1,468,102,123,-1,39,421,420,-1,39,420,40,-1,40,420,414,-1,40,414,41,-1,41,414,413,-1,41,413,42,-1,42,413,412,-1,42,412,43,-1,57,402,433,-1,57,433,58,-1,58,433,428,-1,58,428,62,-1,62,428,427,-1,62,427,63,-1,63,427,426,-1,63,426,59,-1,4,384,383,-1,4,383,33,-1,33,383,382,-1,33,382,34,-1,34,382,381,-1,34,381,17,-1,17,381,380,-1,17,380,0,-1,60,423,422,-1,60,422,61,-1,61,422,424,-1,61,424,64,-1,64,424,425,-1,64,425,65,-1,65,425,401,-1,65,401,47,-1,483,110,109,-1,483,109,484,-1,484,109,108,-1,484,108,485,-1,485,108,107,-1,485,107,486,-1,486,107,106,-1,486,106,487,-1,443,115,135,-1,443,135,489,-1,489,135,134,-1,489,134,491,-1,491,134,131,-1,491,131,492,-1,492,131,130,-1,492,130,490,-1,493,129,133,-1,493,133,495,-1,495,133,132,-1,495,132,496,-1,496,132,128,-1,496,128,494,-1,494,128,127,-1,494,127,441,-1,468,123,122,-1,468,122,469,-1,469,122,121,-1,469,121,481,-1,481,121,120,-1,481,120,482,-1,482,120,119,-1,482,119,440,-1,
        ]
    }
}