#VRML V2.0 utf8
# 3D model generated by easyeda2kicad.py (https://github.com/uPesy/easyeda2kicad.py)

Shape{
    appearance Appearance {
        material  Material 	{
            diffuseColor 0.6666666666666666 0.6666666666666666 0.6666666666666666
            specularColor 0.4666666666666667 0.4666666666666667 0.4666666666666667
            ambientIntensity 0.6667
            transparency 0.0
            shininess 0.5
        }
    }
    geometry IndexedFaceSet {
        ccw TRUE
        solid FALSE
        coord DEF co Coordinate {
            point [
                -2.6257 -1.6178 0.7283, -2.5057 -1.0143 0.7283, -1.5623 -0.7487 0.7283, 2.8852 -2.3422 0.7283, 2.8839 -2.3524 0.7283, -2.4114 -2.6476 0.7283, 2.8891 -1.1713 0.7283, 2.8954 -1.1631 0.7283, 2.9035 -1.1568 0.7283, 2.8891 -2.3327 0.7283, -1.565 -0.7283 0.7283, -2.4237 -0.4045 0.7283, -1.565 0.6102 0.7283, -2.3799 0.2093 0.7283, -2.3746 0.8245 0.7283, -2.4114 -2.3524 0.7283, -2.4128 -2.3422 0.7283, 2.913 -1.1529 0.7283, -2.652 -1.6605 0.7283, -2.4229 -2.3245 0.7283, -2.4311 -2.3183 0.7283, 2.8852 -2.3625 0.7283, 2.8891 -2.372 0.7283, 3.002 -2.6476 0.7283, 2.8954 -2.3802 0.7283, 2.9035 -2.3865 0.7283, -2.4406 -2.3143 0.7283, -2.4508 -2.313 0.7283, -2.461 -2.3143 0.7283, 0.3821 2.3015 0.7283, 1.1094 2.2801 0.7283, -0.8794 0.6659 0.7283, 2.8839 -1.1909 0.7283, 2.9035 -2.3183 0.7283, 2.8954 -2.3245 0.7283, 2.913 -2.3904 0.7283, 2.9232 -2.3917 0.7283, 3.002 -2.3917 0.7283, -2.4786 -2.3245 0.7283, -2.9993 -1.8018 0.7283, -2.9914 -1.7829 0.7283, -2.4705 -2.3183 0.7283, -2.9789 -1.7665 0.7283, -2.9626 -1.754 0.7283, -3.002 -1.8222 0.7283, -2.4849 -2.3327 0.7283, -3.002 -2.3524 0.7283, -2.4888 -2.3422 0.7283, -2.4902 -2.3524 0.7283, 2.9035 2.7658 0.7283, -0.8668 2.4213 0.7283, -0.8794 2.4376 0.7283, -1.5256 -0.7965 0.7283, -1.5066 -0.8044 0.7283, -1.4862 -0.8071 0.7283, 0.3268 0.2982 0.7283, 0.3324 0.2842 0.7283, -0.859 0.6306 0.7283, 1.1094 1.6176 0.7283, 0.3821 1.5962 0.7283, 0.3324 1.5662 0.7283, 0.3268 1.5522 0.7283, 0.3248 1.5372 0.7283, -0.9147 0.9673 0.7283, -0.8957 0.9751 0.7283, 2.8924 -1.2155 0.7283, 2.8987 -1.2217 0.7283, 2.913 -2.3143 0.7283, -2.4167 -2.3327 0.7283, -1.5419 -0.784 0.7283, -1.5544 -0.7677 0.7283, -2.6402 -1.6483 0.7283, -2.6313 -1.6338 0.7283, -0.935 -0.8071 0.7283, -0.9147 -0.8044 0.7283, -0.8957 -0.7965 0.7283, -0.8794 -0.784 0.7283, -2.9436 -1.7462 0.7283, -2.682 -1.6761 0.7283, -2.6662 -1.6699 0.7283, 0.3415 -0.4689 0.7283, 0.3533 0.2627 0.7283, 0.3533 -0.4595 0.7283, 0.3672 -0.4534 0.7283, -0.8563 0.6102 0.7283, 0.3324 -0.481 0.7283, -0.8563 -0.7283 0.7283, 0.3478 1.4904 0.7283, 0.3594 1.4835 0.7283, -0.8668 0.6496 0.7283, 0.3856 2.4195 0.7283, 0.3722 2.4183 0.7283, -0.859 2.4023 0.7283, 2.8878 -1.208 0.7283, 2.8852 -1.1808 0.7283, 0.3415 0.2721 0.7283, 0.3672 1.5938 0.7283, 0.3533 1.5877 0.7283, 0.3415 1.5783 0.7283, -1.5623 1.0229 0.7283, -1.565 1.0433 0.7283, -2.4077 1.4389 0.7283, -1.565 2.3819 0.7283, -2.4791 2.0501 0.7283, -2.5886 2.6556 0.7283, -0.8957 2.4501 0.7283, -0.9147 2.458 0.7283, -2.5886 2.7658 0.7283, -0.935 2.4606 0.7283, -1.4862 2.4606 0.7283, -1.5037 2.4587 0.7283, -1.5204 2.4528 0.7283, -1.5353 2.4435 0.7283, 2.8848 -1.1997 0.7283, 0.3382 0.3506 0.7283, 0.3309 0.3393 0.7283, 0.3821 0.2542 0.7283, 1.1094 0.2328 0.7283, 1.1094 -0.4297 0.7283, 0.3268 -0.495 0.7283, 0.3248 -0.51 0.7283, -0.859 -0.7487 0.7283, 0.3263 -0.5234 0.7283, 0.3309 -0.5361 0.7283, 0.3382 -0.5474 0.7283, 0.3478 -0.5568 0.7283, -1.5066 0.9673 0.7283, -1.5353 0.6718 0.7283, -1.5478 0.6593 0.7283, 2.9429 2.628 0.7283, 2.9429 2.3443 0.7283, 2.9035 2.628 0.7283, 2.9429 -1.2303 0.7283, 2.9429 -2.313 0.7283, 2.9232 -1.2303 0.7283, 2.9232 -2.313 0.7283, 2.9145 -1.2293 0.7283, 2.9061 -1.2264 0.7283, 0.3263 0.3266 0.7283, 0.3248 0.3132 0.7283, 0.3672 0.2566 0.7283, 0.3821 -0.4511 0.7283, -1.5544 1.0039 0.7283, -1.5419 0.9876 0.7283, -1.5256 0.9751 0.7283, -1.563 0.6278 0.7283, -1.5572 0.6444 0.7283, 0.3263 2.3738 0.7283, 0.3248 2.3604 0.7283, -0.859 1.0229 0.7283, 0.3268 2.3455 0.7283, 0.3324 2.3314 0.7283, -0.8794 0.9876 0.7283, -0.8668 1.0039 0.7283, 0.3594 2.4142 0.7283, 0.3478 2.4072 0.7283, -0.8563 2.3819 0.7283, 0.3382 2.3978 0.7283, -0.8563 1.0433 0.7283, -0.8668 -0.7677 0.7283, 2.9232 -1.1516 0.7283, 2.9429 -1.1516 0.7283, 0.3263 1.5238 0.7283, 0.3309 1.5111 0.7283, 0.3382 1.4998 0.7283, -1.4862 0.9646 0.7283, -1.5037 0.687 0.7283, -1.5204 0.6812 0.7283, 0.3309 2.3865 0.7283, 0.3415 2.3193 0.7283, 0.3533 2.3099 0.7283, 0.3672 2.3038 0.7283, -1.5478 2.431 0.7283, -1.5572 2.4161 0.7283, -1.563 2.3994 0.7283, 2.9429 1.5534 0.7283, 2.9429 0.297 0.7283, 0.3856 0.3722 0.7283, 0.3722 0.3711 0.7283, 0.3594 0.3669 0.7283, 0.3478 0.36 0.7283, 0.3594 -0.5638 0.7283, 0.3722 -0.5679 0.7283, 0.3856 -0.5691 0.7283, 2.9429 -0.4939 0.7283, 0.3722 1.4793 0.7283, 0.3856 1.4782 0.7283, -0.8957 0.6784 0.7283, -0.9147 0.6863 0.7283, -0.935 0.9646 0.7283, -0.935 0.689 0.7283, -1.4862 0.689 0.7283, -2.4128 -2.3422 0.7874, 2.8891 -1.1713 0.7874, 2.8954 -1.1631 0.7874, -2.4114 -2.3524 0.7874, -2.4114 -2.6279 0.7874, 2.8891 -2.372 0.7874, 2.8852 -1.1808 0.7874, -0.8668 1.0039 0.7874, -0.8794 0.6659 0.7874, -0.859 1.0229 0.7874, 1.1122 2.28 0.7874, 0.3821 2.3015 0.7874, 0.3248 1.5372 0.7874, 0.3268 1.5522 0.7874, 0.3533 -0.4595 0.7874, 0.3672 -0.4534 0.7874, 0.3533 0.2627 0.7874, 2.9035 -1.1568 0.7874, 2.913 -1.1529 0.7874, -2.4167 -2.3327 0.7874, -2.4229 -2.3245 0.7874, 2.8852 -2.3422 0.7874, 2.8839 -2.3524 0.7874, 2.8852 -2.3625 0.7874, -0.8563 2.3819 0.7874, -0.8563 1.0433 0.7874, 0.3324 2.3314 0.7874, -0.8794 0.9876 0.7874, -0.8957 0.9751 0.7874, -0.9147 0.9673 0.7874, 2.9035 2.7461 0.7874, -0.8957 2.4501 0.7874, -0.8794 2.4376 0.7874, 0.3263 1.5238 0.7874, 1.1122 1.6177 0.7874, 0.3821 1.5962 0.7874, 0.3672 1.5938 0.7874, -0.8563 -0.7283 0.7874, 0.3268 -0.495 0.7874, -0.8563 0.6102 0.7874, 0.3324 -0.481 0.7874, 0.3415 -0.4689 0.7874, -2.4705 -2.3183 0.7874, -2.9436 -1.7462 0.7874, -2.9626 -1.754 0.7874, -0.9147 -0.8044 0.7874, -0.935 -0.8071 0.7874, -1.4862 -0.8071 0.7874, 3.002 -2.6279 0.7874, 3.002 -2.3917 0.7874, 2.9232 -2.3917 0.7874, 2.913 -2.3904 0.7874, 2.9035 -2.3865 0.7874, 2.8954 -2.3802 0.7874, 2.8954 -2.3245 0.7874, 2.9035 -2.3183 0.7874, 2.9232 -1.2303 0.7874, 2.913 -2.3143 0.7874, 2.9232 -2.313 0.7874, 0.3722 1.4793 0.7874, 0.3594 1.4835 0.7874, -0.8668 0.6496 0.7874, 0.3324 1.5662 0.7874, 0.3415 1.5783 0.7874, 0.3533 1.5877 0.7874, 0.3415 0.2721 0.7874, 0.3324 0.2842 0.7874, 0.3268 0.2982 0.7874, 0.3248 0.3132 0.7874, -2.9789 -1.7665 0.7874, -2.9914 -1.7829 0.7874, -2.4786 -2.3245 0.7874, -2.9993 -1.8018 0.7874, -2.4849 -2.3327 0.7874, -3.002 -1.8222 0.7874, -2.4888 -2.3422 0.7874, -3.002 -2.3524 0.7874, -2.4902 -2.3524 0.7874, -2.6402 -1.6483 0.7874, -2.461 -2.3143 0.7874, -2.6313 -1.6338 0.7874, -2.4508 -2.313 0.7874, -0.859 -0.7487 0.7874, -0.8668 -0.7677 0.7874, -0.8794 -0.784 0.7874, -0.8957 -0.7965 0.7874, 0.3672 2.3038 0.7874, 0.3533 2.3099 0.7874, 0.3415 2.3193 0.7874, -1.5478 0.6593 0.7874, -1.5353 0.6718 0.7874, -1.5066 0.9673 0.7874, -2.5057 -1.0143 0.7874, -2.6257 -1.6178 0.7874, -1.5544 -0.7677 0.7874, 0.3382 -0.5474 0.7874, 0.3478 -0.5568 0.7874, 0.3594 -0.5638 0.7874, 0.3309 -0.5361 0.7874, 0.3263 -0.5234 0.7874, 0.3248 -0.51 0.7874, -2.652 -1.6605 0.7874, -2.6662 -1.6699 0.7874, -2.682 -1.6761 0.7874, -1.5066 -0.8044 0.7874, -1.5256 -0.7965 0.7874, -2.4311 -2.3183 0.7874, -1.5419 -0.784 0.7874, -2.4406 -2.3143 0.7874, 2.8878 -1.208 0.7874, 2.8848 -1.1997 0.7874, 2.8839 -1.1909 0.7874, 1.1122 -0.4296 0.7874, 1.1122 0.2328 0.7874, 0.3821 -0.4511 0.7874, 0.3821 0.2542 0.7874, 0.3672 0.2566 0.7874, 2.9145 -1.2293 0.7874, 2.8891 -2.3327 0.7874, 0.3268 2.3455 0.7874, 0.3248 2.3604 0.7874, 0.3263 2.3738 0.7874, 0.3478 2.4072 0.7874, 0.3594 2.4142 0.7874, 0.3722 2.4183 0.7874, 0.3856 2.4195 0.7874, 2.9232 2.3448 0.7874, 2.9035 2.628 0.7874, 2.9232 2.628 0.7874, -1.5256 0.9751 0.7874, -1.5419 0.9876 0.7874, -2.3799 0.2093 0.7874, -1.5544 1.0039 0.7874, -2.3746 0.8245 0.7874, -1.5623 1.0229 0.7874, -1.565 1.0433 0.7874, -1.5572 2.4161 0.7874, -1.5478 2.431 0.7874, -2.5886 2.7461 0.7874, -1.5353 2.4435 0.7874, -1.5204 2.4528 0.7874, -1.5037 2.4587 0.7874, 2.9232 -1.1516 0.7874, 2.9232 -0.4944 0.7874, 0.3856 -0.5691 0.7874, 0.3722 -0.5679 0.7874, 0.3263 0.3266 0.7874, 0.3309 0.3393 0.7874, 0.3382 0.3506 0.7874, 2.9061 -1.2264 0.7874, 2.8987 -1.2217 0.7874, 2.8924 -1.2155 0.7874, 0.3309 2.3865 0.7874, 0.3382 2.3978 0.7874, -0.8668 2.4213 0.7874, -0.859 2.4023 0.7874, -1.5623 -0.7487 0.7874, -1.565 -0.7283 0.7874, -2.4237 -0.4045 0.7874, -1.565 0.6102 0.7874, -1.563 0.6278 0.7874, 0.3478 1.4904 0.7874, 0.3382 1.4998 0.7874, 0.3309 1.5111 0.7874, 0.3478 0.36 0.7874, 0.3594 0.3669 0.7874, 0.3722 0.3711 0.7874, 0.3856 0.3722 0.7874, 2.9232 0.2976 0.7874, -0.859 0.6306 0.7874, 2.9232 1.5528 0.7874, 0.3856 1.4782 0.7874, -0.935 0.9646 0.7874, -0.9147 0.6863 0.7874, -0.8957 0.6784 0.7874, -1.5572 0.6444 0.7874, -1.4862 2.4606 0.7874, -0.935 2.4606 0.7874, -0.9147 2.458 0.7874, -1.563 2.3994 0.7874, -2.5886 2.6556 0.7874, -1.565 2.3819 0.7874, -2.4791 2.0501 0.7874, -2.4077 1.4389 0.7874, -1.5204 0.6812 0.7874, -1.5037 0.687 0.7874, -1.4862 0.9646 0.7874, -1.4862 0.689 0.7874, -0.935 0.689 0.7874, 2.9213 -0.334 0.7087, 2.9232 -0.319 0.7087, 2.8659 -0.378 0.7087, 2.8947 -0.3695 0.7087, 2.9065 -0.3601 0.7087, 2.9156 -0.348 0.7087, 2.8659 0.1812 0.7087, 2.9232 0.1221 0.7087, 1.939 -0.4053 0.7087, 1.939 0.2084 0.7087, 2.8809 -0.3756 0.7087, 2.9213 0.1371 0.7087, 2.9156 0.1512 0.7087, 2.8809 0.1788 0.7087, 2.9065 0.1633 0.7087, 2.8947 0.1727 0.7087, 2.9232 -0.319 0.6496, 2.9232 0.1221 0.6496, 2.8659 -0.378 0.6496, 1.9362 -0.4054 0.6496, 1.9362 0.2085 0.6496, 2.8659 0.1812 0.6496, 2.9156 -0.348 0.6496, 2.9065 -0.3601 0.6496, 2.8947 -0.3695 0.6496, 2.9213 -0.334 0.6496, 2.8809 -0.3756 0.6496, 2.8947 0.1727 0.6496, 2.9065 0.1633 0.6496, 2.8809 0.1788 0.6496, 2.9156 0.1512 0.6496, 2.9213 0.1371 0.6496, 2.9436 -1.1516 0.7847, 2.9436 -0.4938 0.7847, 2.9626 -1.1516 0.7769, 2.9626 -0.4933 0.7769, 2.9789 -1.1516 0.7643, 2.9789 -0.4928 0.7643, 2.9857 -0.4926 0.7566, 2.9914 -1.1516 0.748, 2.9914 -0.4924 0.748, 2.996 -0.4923 0.7388, 2.9993 -1.1516 0.729, 2.9993 -0.4922 0.729, 3.0013 -0.4921 0.7189, 3.002 -1.1516 0.7087, 3.002 -0.4921 0.7087, 1.939 2.2557 0.7087, 1.939 1.642 0.7087, 2.8659 2.2284 0.7087, 2.8659 1.6692 0.7087, 2.9232 1.7283 0.7087, 2.8947 1.6777 0.7087, 2.9065 1.6871 0.7087, 2.9156 1.6992 0.7087, 2.8809 1.6716 0.7087, 2.9213 1.7133 0.7087, 2.8947 2.2199 0.7087, 2.9213 2.1844 0.7087, 2.9065 2.2105 0.7087, 2.9156 2.1984 0.7087, 2.9232 2.1694 0.7087, 2.8809 2.226 0.7087, 2.9232 1.7283 0.6496, 2.9232 2.1694 0.6496, 1.9362 1.6419 0.6496, 1.9362 2.2558 0.6496, 2.8659 1.6692 0.6496, 2.8659 2.2284 0.6496, 2.9213 1.7133 0.6496, 2.8947 1.6777 0.6496, 2.9156 1.6992 0.6496, 2.9065 1.6871 0.6496, 2.8809 1.6716 0.6496, 2.9213 2.1844 0.6496, 2.8809 2.226 0.6496, 2.8947 2.2199 0.6496, 2.9065 2.2105 0.6496, 2.9156 2.1984 0.6496, 2.9993 0.2954 0.729, 2.996 1.5549 0.7388, 2.996 0.2955 0.7388, 2.9914 1.5548 0.748, 2.9914 0.2956 0.748, 2.9857 1.5546 0.7566, 2.9857 0.2958 0.7566, 2.9789 1.5544 0.7643, 2.9789 0.296 0.7643, 2.9626 1.554 0.7769, 2.9626 0.2964 0.7769, 2.9436 1.5534 0.7847, 2.9436 0.297 0.7847, 3.002 0.2953 0.7087, 3.002 1.5551 0.7087, 3.0013 0.2953 0.7189, 3.0013 1.5551 0.7189, 2.9993 1.555 0.729, -3.002 -2.7067 0.0, -3.002 -2.7067 0.0591, -3.002 -2.4508 0.0, -3.002 -2.4508 0.0591, -3.002 -2.4304 0.0027, -3.002 -2.4457 0.0597, -3.002 -2.4114 0.0105, -3.002 -2.4409 0.0617, -3.002 -2.3951 0.0231, -3.002 -2.4369 0.0648, -3.002 -2.3826 0.0394, -3.002 -2.4337 0.0689, -3.002 -2.3747 0.0584, -3.002 -2.4318 0.0736, -3.002 -2.372 0.0787, -3.002 -2.4311 0.0787, -3.002 -2.372 0.7087, -3.002 -2.4311 0.7087, -3.002 -2.3714 0.7138, -3.002 -2.4284 0.729, -3.002 -2.3694 0.7185, -3.002 -2.4205 0.748, -3.002 -2.3663 0.7226, -3.002 -2.408 0.7643, -3.002 -2.3622 0.7257, -3.002 -2.3917 0.7769, -3.002 -2.3575 0.7277, -3.002 -2.3727 0.7847, -1.4862 2.8248 0.0197, 2.9035 2.8248 0.0197, -1.4862 2.7658 0.0197, 2.9035 2.7658 0.0197, -1.4862 2.7658 0.2559, -2.5886 2.7658 0.0787, -2.0768 2.7658 0.0787, -2.0768 2.7658 0.2559, -2.4114 -2.6476 0.0197, 3.002 -2.6476 0.0197, -2.4114 -2.7067 0.0197, 3.002 -2.7067 0.0197, 3.002 -2.7067 0.7087, -2.4114 -2.7067 0.7087, -2.0768 2.8248 0.0787, -2.5886 2.8248 0.0787, -2.0768 2.8248 0.2559, -2.5886 2.8248 0.7087, -1.4862 2.8248 0.2559, 2.9035 2.8248 0.7087, -2.4114 -2.6483 0.7847, 3.002 -2.6483 0.7847, -2.4114 -2.6673 0.7769, 3.002 -2.6673 0.7769, -2.4114 -2.6836 0.7643, 3.002 -2.6836 0.7643, -2.4114 -2.6961 0.748, 3.002 -2.6961 0.748, -2.4114 -2.704 0.729, 3.002 -2.704 0.729, -2.5886 2.8221 0.729, 2.9035 2.8221 0.729, -2.5886 2.8143 0.748, 2.9035 2.8143 0.748, -2.5886 2.8017 0.7643, 2.9035 2.8017 0.7643, -2.5886 2.7854 0.7769, 2.9035 2.7854 0.7769, -2.5886 2.7664 0.7847, 2.9035 2.7664 0.7847, -2.5886 2.4902 0.0, -2.5886 2.4902 0.0591, -2.5886 2.7461 0.0, -2.5886 2.7461 0.0591, -2.5886 2.7664 0.0027, -2.5886 2.7512 0.0597, -2.5886 2.7854 0.0105, -2.5886 2.7559 0.0617, -2.5886 2.8017 0.0231, -2.5886 2.76 0.0648, -2.5886 2.8143 0.0394, -2.5886 2.7631 0.0689, -2.5886 2.8221 0.0584, -2.5886 2.7651 0.0736, 2.9429 -1.1516 0.5512, 2.9429 -0.4939 0.6693, 2.9429 -1.1475 0.5206, 2.9429 0.297 0.6693, 2.9429 1.5534 0.6693, 2.9429 -1.0925 0.4489, 2.9429 -1.117 0.4677, 2.9429 -1.1357 0.4921, 2.9429 2.3443 0.6693, 2.9429 2.5404 0.4371, 2.9429 2.5098 0.4331, 2.9429 -1.0335 0.4331, 2.9429 -1.064 0.4371, 2.9429 2.628 0.5512, 2.9429 2.6239 0.5206, 2.9429 2.6121 0.4921, 2.9429 2.5934 0.4677, 2.9429 2.5689 0.4489, 2.9626 2.628 0.7769, 2.9789 2.628 0.7643, 2.9914 2.628 0.748, 3.002 2.628 0.5512, 3.002 2.628 0.7087, 2.9993 2.628 0.729, 2.9436 2.628 0.7847, 3.002 -1.1516 0.5512, 3.002 -1.0335 0.4331, 3.002 2.5098 0.4331, 3.002 0.2953 0.6693, 3.002 -0.4921 0.6693, 3.002 2.3425 0.7087, 3.002 2.3425 0.6693, 3.002 2.6239 0.5206, 3.002 1.5551 0.6693, 3.002 -1.1475 0.5206, 3.002 -1.1357 0.4921, 3.002 -1.117 0.4677, 3.002 2.5689 0.4489, 3.002 2.5934 0.4677, 3.002 2.6121 0.4921, 3.002 2.5404 0.4371, 3.002 -1.0925 0.4489, 3.002 -1.064 0.4371, 2.9429 -2.313 0.0787, 2.9429 -1.2303 0.0787, 2.9429 -1.25 0.0446, 2.9429 -1.2418 0.0509, 2.9429 -1.2317 0.0686, 2.9429 -1.2356 0.0591, 2.9429 -1.2595 0.0407, 2.9429 -1.2697 0.0394, 2.9429 -2.2736 0.0394, 2.9429 -2.3116 0.0686, 2.9429 -2.2838 0.0407, 2.9429 -2.2933 0.0446, 2.9429 -2.3015 0.0509, 2.9429 -2.3077 0.0591, 3.002 -1.2303 0.0787, 3.002 -1.2303 0.7087, 2.9993 -1.2303 0.729, 2.9914 -1.2303 0.748, 2.9436 -1.2303 0.7847, 2.9626 -1.2303 0.7769, 2.9789 -1.2303 0.7643, 3.002 -2.313 0.0787, 3.002 -2.313 0.7087, 2.9993 -2.313 0.729, 2.9626 -2.313 0.7769, 2.9436 -2.313 0.7847, 2.9914 -2.313 0.748, 2.9789 -2.313 0.7643, 3.002 -2.2736 0.0394, 3.002 -1.2697 0.0394, 3.002 -1.2595 0.0407, 3.002 -1.2356 0.0591, 3.002 -1.2317 0.0686, 3.002 -1.2418 0.0509, 3.002 -1.25 0.0446, 3.002 -2.2933 0.0446, 3.002 -2.3116 0.0686, 3.002 -2.3015 0.0509, 3.002 -2.3077 0.0591, 3.002 -2.2838 0.0407, 3.0013 2.3425 0.7189, 2.9993 2.3426 0.729, 2.996 2.3427 0.7388, 2.9914 2.3428 0.748, 2.9857 2.343 0.7566, 2.9789 2.3432 0.7643, 2.9626 2.3437 0.7769, 2.9436 2.3442 0.7847
            ]
        }
        coordIndex [
            0,1,2,-1,3,4,5,-1,6,5,7,-1,7,5,8,-1,3,5,9,-1,2,1,10,-1,10,1,11,-1,10,11,12,-1,12,11,13,-1,12,13,14,-1,5,15,8,-1,8,15,16,-1,8,16,17,-1,18,19,20,-1,4,21,5,-1,5,21,22,-1,5,22,23,-1,23,22,24,-1,23,24,25,-1,20,26,18,-1,18,26,27,-1,18,27,28,-1,29,30,31,-1,32,33,34,-1,25,35,23,-1,23,35,36,-1,23,36,37,-1,38,39,40,-1,38,40,41,-1,41,40,42,-1,41,42,43,-1,39,38,44,-1,44,38,45,-1,44,45,46,-1,46,45,47,-1,46,47,48,-1,49,50,51,-1,52,53,16,-1,16,53,54,-1,55,56,57,-1,30,58,59,-1,60,61,31,-1,31,61,62,-1,31,63,64,-1,65,66,67,-1,16,68,52,-1,52,68,19,-1,52,19,69,-1,69,19,18,-1,69,18,70,-1,70,18,71,-1,70,71,2,-1,2,71,72,-1,2,72,0,-1,54,73,16,-1,16,73,74,-1,16,74,17,-1,17,74,75,-1,17,75,76,-1,43,77,41,-1,41,77,78,-1,41,78,28,-1,28,78,79,-1,28,79,18,-1,80,81,82,-1,82,81,83,-1,57,80,84,-1,84,80,85,-1,84,85,86,-1,87,88,89,-1,90,91,92,-1,65,67,93,-1,6,94,5,-1,5,94,32,-1,5,32,9,-1,9,32,34,-1,57,56,80,-1,80,56,95,-1,80,95,81,-1,59,96,30,-1,30,96,97,-1,30,97,31,-1,31,97,98,-1,31,98,60,-1,99,14,100,-1,100,14,101,-1,100,101,102,-1,102,101,103,-1,102,103,104,-1,51,105,49,-1,49,105,106,-1,49,106,107,-1,107,106,108,-1,107,108,109,-1,109,110,107,-1,107,110,111,-1,107,111,112,-1,33,32,67,-1,67,32,113,-1,67,113,93,-1,114,115,57,-1,116,117,118,-1,85,119,86,-1,86,119,120,-1,86,120,121,-1,121,120,122,-1,122,123,121,-1,121,123,124,-1,121,124,125,-1,126,127,128,-1,129,130,131,-1,131,130,90,-1,131,90,49,-1,49,90,92,-1,49,92,50,-1,132,133,134,-1,134,133,135,-1,134,135,136,-1,136,135,67,-1,136,67,137,-1,137,67,66,-1,115,138,57,-1,57,138,139,-1,57,139,55,-1,81,140,83,-1,83,140,116,-1,83,116,141,-1,141,116,118,-1,99,142,14,-1,14,142,143,-1,14,143,12,-1,12,143,144,-1,12,144,145,-1,145,144,126,-1,145,126,146,-1,146,126,128,-1,147,148,149,-1,149,148,150,-1,149,150,151,-1,64,152,31,-1,31,152,153,-1,31,153,149,-1,91,154,92,-1,92,154,155,-1,92,155,156,-1,156,155,157,-1,156,157,158,-1,76,159,17,-1,17,159,121,-1,17,121,160,-1,160,121,161,-1,62,162,31,-1,31,162,163,-1,31,163,89,-1,89,163,164,-1,89,164,87,-1,165,166,126,-1,126,166,167,-1,126,167,127,-1,158,157,149,-1,149,157,168,-1,149,168,147,-1,151,169,149,-1,149,169,170,-1,149,170,31,-1,31,170,171,-1,31,171,29,-1,112,172,107,-1,107,172,173,-1,107,173,104,-1,104,173,174,-1,104,174,102,-1,175,176,177,-1,178,179,57,-1,57,179,180,-1,57,180,114,-1,125,181,121,-1,121,181,182,-1,121,182,161,-1,161,182,183,-1,161,183,184,-1,88,185,89,-1,89,185,186,-1,89,186,57,-1,57,186,175,-1,57,175,178,-1,178,175,177,-1,31,187,63,-1,63,187,188,-1,63,188,189,-1,189,188,190,-1,189,190,165,-1,165,190,191,-1,165,191,166,-1,192,193,194,-1,195,196,197,-1,193,192,198,-1,199,200,201,-1,201,200,202,-1,201,202,203,-1,204,205,200,-1,206,207,208,-1,194,209,192,-1,192,209,210,-1,192,210,211,-1,211,210,212,-1,213,192,214,-1,214,192,195,-1,214,195,215,-1,215,195,197,-1,216,217,218,-1,199,219,200,-1,200,219,220,-1,200,220,221,-1,222,223,224,-1,204,200,225,-1,226,202,227,-1,227,202,228,-1,229,230,231,-1,231,230,232,-1,231,232,233,-1,234,235,236,-1,237,238,212,-1,212,238,239,-1,240,241,242,-1,242,243,240,-1,240,243,244,-1,240,244,196,-1,196,244,245,-1,196,245,197,-1,246,247,248,-1,248,247,249,-1,248,249,250,-1,251,252,253,-1,205,254,200,-1,200,254,255,-1,200,255,202,-1,202,255,256,-1,202,256,228,-1,206,208,233,-1,233,208,257,-1,233,257,231,-1,257,258,231,-1,231,258,259,-1,231,259,260,-1,236,261,234,-1,234,261,262,-1,234,262,263,-1,263,262,264,-1,263,264,265,-1,265,264,266,-1,265,266,267,-1,267,266,268,-1,267,268,269,-1,270,271,272,-1,272,271,273,-1,274,275,210,-1,210,275,276,-1,210,276,212,-1,212,276,277,-1,212,277,237,-1,203,278,201,-1,201,278,279,-1,201,279,217,-1,217,279,280,-1,217,280,218,-1,281,282,283,-1,284,285,286,-1,287,274,288,-1,288,274,289,-1,287,290,274,-1,274,290,291,-1,274,291,229,-1,229,291,292,-1,229,292,230,-1,270,293,271,-1,271,293,294,-1,271,294,234,-1,234,294,295,-1,234,295,235,-1,239,296,212,-1,212,296,297,-1,212,297,298,-1,298,297,299,-1,298,299,300,-1,300,299,286,-1,300,286,273,-1,273,286,285,-1,273,285,272,-1,301,302,192,-1,192,302,303,-1,192,303,198,-1,304,305,306,-1,306,305,307,-1,306,307,207,-1,207,307,308,-1,207,308,208,-1,309,213,248,-1,248,213,310,-1,248,310,246,-1,218,311,216,-1,216,311,312,-1,216,312,313,-1,314,315,216,-1,216,315,316,-1,317,318,319,-1,319,318,320,-1,321,322,323,-1,323,322,324,-1,323,324,325,-1,325,324,326,-1,325,326,327,-1,328,329,330,-1,329,331,330,-1,330,331,332,-1,330,332,333,-1,334,335,210,-1,210,335,336,-1,210,336,274,-1,274,336,337,-1,274,337,289,-1,260,338,231,-1,231,338,339,-1,231,339,340,-1,309,341,213,-1,213,341,342,-1,213,342,192,-1,192,342,343,-1,192,343,301,-1,313,344,216,-1,216,344,345,-1,216,345,314,-1,224,346,222,-1,222,346,347,-1,222,347,319,-1,319,347,216,-1,319,216,317,-1,317,216,316,-1,286,348,284,-1,284,348,349,-1,284,349,350,-1,350,349,351,-1,350,351,352,-1,252,353,253,-1,253,353,354,-1,253,354,200,-1,200,354,355,-1,200,355,225,-1,340,356,231,-1,231,356,357,-1,231,357,358,-1,358,359,231,-1,231,359,360,-1,231,360,361,-1,361,360,362,-1,361,362,253,-1,253,362,363,-1,253,363,251,-1,364,365,221,-1,221,365,366,-1,221,366,200,-1,323,350,321,-1,321,350,352,-1,321,352,283,-1,283,352,367,-1,283,367,281,-1,333,368,330,-1,330,368,369,-1,330,369,222,-1,222,369,370,-1,222,370,223,-1,328,330,371,-1,371,330,372,-1,371,372,373,-1,373,372,374,-1,373,374,327,-1,327,374,375,-1,327,375,325,-1,282,376,283,-1,283,376,377,-1,283,377,378,-1,378,377,379,-1,378,379,364,-1,364,379,380,-1,364,380,365,-1,381,382,383,-1,384,385,386,-1,387,382,388,-1,383,382,389,-1,389,382,387,-1,389,387,390,-1,381,383,386,-1,386,383,391,-1,386,391,384,-1,388,392,387,-1,387,392,393,-1,387,393,394,-1,394,393,395,-1,394,395,396,-1,397,398,382,-1,382,398,388,-1,399,400,397,-1,400,401,397,-1,397,401,402,-1,397,402,398,-1,403,404,405,-1,397,406,399,-1,399,406,403,-1,399,403,407,-1,407,403,405,-1,408,409,410,-1,410,409,411,-1,410,411,402,-1,402,411,412,-1,402,412,398,-1,118,117,400,-1,400,117,401,-1,390,305,389,-1,389,305,304,-1,335,334,413,-1,335,413,414,-1,414,413,415,-1,414,415,416,-1,416,415,417,-1,416,417,418,-1,418,417,419,-1,419,417,420,-1,419,420,421,-1,421,420,422,-1,422,420,423,-1,422,423,424,-1,424,423,425,-1,425,423,426,-1,425,426,427,-1,428,429,430,-1,430,429,431,-1,430,431,432,-1,433,434,435,-1,431,436,432,-1,432,436,433,-1,432,433,437,-1,437,433,435,-1,438,439,440,-1,440,439,441,-1,432,442,430,-1,430,442,439,-1,430,439,443,-1,443,439,438,-1,444,445,432,-1,432,445,442,-1,446,447,448,-1,448,447,449,-1,444,450,451,-1,451,450,452,-1,451,452,453,-1,451,454,444,-1,444,454,448,-1,444,448,445,-1,445,448,449,-1,445,449,455,-1,455,449,456,-1,456,457,455,-1,455,457,458,-1,455,458,459,-1,58,30,446,-1,446,30,447,-1,428,202,429,-1,429,202,226,-1,460,461,462,-1,462,461,463,-1,462,463,464,-1,464,463,465,-1,464,465,466,-1,466,465,467,-1,466,467,468,-1,468,467,469,-1,468,469,470,-1,470,469,471,-1,470,471,472,-1,472,471,362,-1,472,362,360,-1,473,474,475,-1,475,474,476,-1,475,476,460,-1,460,476,477,-1,460,477,461,-1,478,479,480,-1,480,479,481,-1,480,481,482,-1,482,481,483,-1,482,483,484,-1,484,483,485,-1,484,485,486,-1,486,485,487,-1,486,487,488,-1,488,487,489,-1,488,489,490,-1,490,489,491,-1,490,491,492,-1,492,491,493,-1,492,493,494,-1,494,493,495,-1,494,495,496,-1,496,495,497,-1,496,497,498,-1,498,497,499,-1,498,499,500,-1,500,499,501,-1,500,501,502,-1,502,501,503,-1,502,503,504,-1,504,503,505,-1,504,505,46,-1,46,505,268,-1,46,268,44,-1,44,268,266,-1,506,507,508,-1,508,507,509,-1,510,508,509,-1,107,511,512,-1,512,513,107,-1,107,513,510,-1,107,510,49,-1,49,510,509,-1,5,23,514,-1,514,23,515,-1,514,515,516,-1,516,515,517,-1,517,518,516,-1,516,518,519,-1,520,521,522,-1,522,521,523,-1,522,523,524,-1,524,523,525,-1,524,525,506,-1,506,525,507,-1,240,196,526,-1,240,526,527,-1,527,526,528,-1,527,528,529,-1,529,528,530,-1,529,530,531,-1,531,530,532,-1,531,532,533,-1,533,532,534,-1,533,534,535,-1,535,534,519,-1,535,519,518,-1,525,523,536,-1,525,536,537,-1,537,536,538,-1,537,538,539,-1,539,538,540,-1,539,540,541,-1,541,540,542,-1,541,542,543,-1,543,542,544,-1,543,544,545,-1,545,544,330,-1,545,330,222,-1,0,285,1,-1,1,285,284,-1,1,284,11,-1,11,284,350,-1,11,350,13,-1,13,350,323,-1,13,323,14,-1,14,323,325,-1,14,325,101,-1,101,325,375,-1,101,375,103,-1,103,375,374,-1,103,374,104,-1,104,374,372,-1,235,295,77,-1,77,295,78,-1,104,372,107,-1,107,372,330,-1,107,330,544,-1,544,542,107,-1,107,542,540,-1,107,540,538,-1,546,547,548,-1,548,547,549,-1,548,549,550,-1,550,549,551,-1,550,551,552,-1,552,551,553,-1,552,553,554,-1,554,553,555,-1,554,555,556,-1,556,555,557,-1,556,557,558,-1,558,557,559,-1,558,559,521,-1,521,559,511,-1,521,511,523,-1,523,511,107,-1,523,107,536,-1,536,107,538,-1,235,77,43,-1,235,43,236,-1,236,43,42,-1,236,42,261,-1,261,42,40,-1,261,40,262,-1,262,40,39,-1,262,39,264,-1,264,39,44,-1,264,44,266,-1,78,295,79,-1,79,295,294,-1,79,294,18,-1,18,294,293,-1,18,293,71,-1,71,293,270,-1,71,270,72,-1,72,270,272,-1,72,272,0,-1,0,272,285,-1,161,184,560,-1,560,184,561,-1,560,561,562,-1,176,175,563,-1,563,175,564,-1,565,566,561,-1,561,566,567,-1,561,567,562,-1,568,130,129,-1,568,569,564,-1,564,569,570,-1,564,570,563,-1,563,570,571,-1,563,571,561,-1,561,571,572,-1,561,572,565,-1,129,573,568,-1,568,573,574,-1,568,574,575,-1,575,576,568,-1,568,576,577,-1,568,577,569,-1,131,319,320,-1,578,579,129,-1,129,579,580,-1,581,573,582,-1,582,573,129,-1,582,129,583,-1,583,129,580,-1,131,320,129,-1,129,320,584,-1,129,584,578,-1,334,160,413,-1,413,160,161,-1,413,161,415,-1,415,161,417,-1,560,585,161,-1,161,585,426,-1,426,423,161,-1,161,423,420,-1,161,420,417,-1,571,570,586,-1,586,570,587,-1,588,589,586,-1,427,426,589,-1,589,426,585,-1,582,590,581,-1,581,590,591,-1,581,591,592,-1,474,473,593,-1,593,473,588,-1,585,594,589,-1,589,594,595,-1,589,595,596,-1,597,598,591,-1,591,598,599,-1,591,599,592,-1,588,586,593,-1,593,586,587,-1,593,587,591,-1,591,587,600,-1,591,600,597,-1,596,601,589,-1,589,601,602,-1,589,602,586,-1,133,132,603,-1,603,132,604,-1,605,604,606,-1,606,604,607,-1,606,607,608,-1,605,609,604,-1,604,609,610,-1,604,610,603,-1,603,610,611,-1,603,611,612,-1,612,611,613,-1,613,614,612,-1,612,614,615,-1,612,615,616,-1,617,604,618,-1,618,604,132,-1,618,132,619,-1,619,132,620,-1,248,621,134,-1,134,621,622,-1,134,622,132,-1,132,622,623,-1,132,623,620,-1,603,624,133,-1,133,624,625,-1,133,625,626,-1,133,627,135,-1,135,627,628,-1,135,628,250,-1,626,629,133,-1,133,629,630,-1,133,630,627,-1,611,610,631,-1,631,610,632,-1,631,632,617,-1,617,632,633,-1,634,635,636,-1,636,635,617,-1,636,617,637,-1,637,617,633,-1,638,639,640,-1,640,639,641,-1,618,625,617,-1,617,625,624,-1,617,624,631,-1,631,624,639,-1,631,639,642,-1,642,639,638,-1,242,241,36,-1,36,241,37,-1,49,541,543,-1,509,507,49,-1,49,507,525,-1,319,131,222,-1,222,131,49,-1,222,49,545,-1,545,49,543,-1,525,537,49,-1,49,537,539,-1,49,539,541,-1,242,36,243,-1,243,36,35,-1,243,35,244,-1,244,35,25,-1,244,25,245,-1,245,25,24,-1,245,24,197,-1,197,24,22,-1,197,22,215,-1,215,22,21,-1,215,21,214,-1,214,21,4,-1,214,4,213,-1,213,4,3,-1,213,3,310,-1,310,3,9,-1,310,9,246,-1,246,9,34,-1,246,34,247,-1,247,34,33,-1,247,33,249,-1,249,33,67,-1,249,67,250,-1,250,67,135,-1,303,32,198,-1,198,32,94,-1,198,94,193,-1,193,94,6,-1,193,6,194,-1,194,6,7,-1,194,7,209,-1,209,7,8,-1,209,8,210,-1,210,8,17,-1,210,17,334,-1,334,17,160,-1,248,134,309,-1,309,134,136,-1,309,136,341,-1,341,136,137,-1,341,137,342,-1,342,137,66,-1,342,66,343,-1,343,66,65,-1,343,65,301,-1,301,65,93,-1,301,93,302,-1,302,93,113,-1,302,113,303,-1,303,113,32,-1,37,241,23,-1,23,241,240,-1,23,240,527,-1,517,515,518,-1,518,515,23,-1,518,23,535,-1,535,23,533,-1,527,529,23,-1,23,529,531,-1,23,531,533,-1,248,250,628,-1,248,628,621,-1,621,628,627,-1,621,627,622,-1,622,627,630,-1,622,630,623,-1,623,630,629,-1,623,629,620,-1,620,629,626,-1,620,626,619,-1,619,626,625,-1,619,625,618,-1,590,582,643,-1,643,582,583,-1,643,583,644,-1,644,583,645,-1,645,583,580,-1,645,580,646,-1,646,580,647,-1,647,580,579,-1,647,579,648,-1,648,579,578,-1,648,578,649,-1,649,578,584,-1,649,584,650,-1,650,584,320,-1,650,320,318,-1,585,560,562,-1,585,562,594,-1,594,562,567,-1,594,567,595,-1,595,567,566,-1,595,566,596,-1,596,566,565,-1,596,565,601,-1,601,565,572,-1,601,572,602,-1,602,572,571,-1,602,571,586,-1,587,570,569,-1,587,569,600,-1,600,569,577,-1,600,577,597,-1,597,577,576,-1,597,576,598,-1,598,576,575,-1,598,575,599,-1,599,575,574,-1,599,574,592,-1,592,574,573,-1,592,573,581,-1,624,603,612,-1,624,612,639,-1,639,612,616,-1,639,616,641,-1,641,616,615,-1,641,615,640,-1,640,615,614,-1,640,614,638,-1,638,614,613,-1,638,613,642,-1,642,613,611,-1,642,611,631,-1,632,610,609,-1,632,609,633,-1,633,609,605,-1,633,605,637,-1,637,605,606,-1,637,606,636,-1,636,606,608,-1,636,608,634,-1,634,608,607,-1,634,607,635,-1,635,607,604,-1,635,604,617,-1,195,15,196,-1,196,15,5,-1,514,516,5,-1,5,516,519,-1,530,528,5,-1,5,528,526,-1,5,526,196,-1,519,534,5,-1,5,534,532,-1,5,532,530,-1,
        ]
    }
}
Shape{
    appearance Appearance {
        material  Material 	{
            diffuseColor 0.8274509803921568 0.6666666666666666 0.12941176470588237
            specularColor 0.8274509803921568 0.6666666666666666 0.12941176470588237
            ambientIntensity 0.6535
            transparency 0.0
            shininess 0.5
        }
    }
    geometry IndexedFaceSet {
        ccw TRUE
        solid FALSE
        coord DEF co Coordinate {
            point [
                -2.4902 -2.4508 0.0, -2.4902 -2.7067 0.0, -3.002 -2.4508 0.0, -3.002 -2.7067 0.0
            ]
        }
        coordIndex [
            0,1,2,-1,2,1,3,-1,
        ]
    }
}
Shape{
    appearance Appearance {
        material  Material 	{
            diffuseColor 0.6666666666666666 0.6666666666666666 0.6666666666666666
            specularColor 0.4666666666666667 0.4666666666666667 0.4666666666666667
            ambientIntensity 0.6667
            transparency 0.0
            shininess 0.5
        }
    }
    geometry IndexedFaceSet {
        ccw TRUE
        solid FALSE
        coord DEF co Coordinate {
            point [
                -2.4902 -2.4508 0.0, -3.002 -2.4508 0.0, -3.002 -2.4304 0.0027, -2.4902 -2.4304 0.0027, -3.002 -2.4114 0.0105, -2.4902 -2.4114 0.0105, -3.002 -2.3951 0.0231, -2.4902 -2.3951 0.0231, -3.002 -2.3826 0.0394, -2.4902 -2.3826 0.0394, -3.002 -2.3747 0.0584, -2.4902 -2.3747 0.0584, -3.002 -2.372 0.0787, -2.4902 -2.372 0.0787, -2.4902 -2.372 0.7087, -3.002 -2.372 0.7087, -2.4902 -2.3714 0.7138, -3.002 -2.3714 0.7138, -2.4902 -2.3694 0.7185, -3.002 -2.3694 0.7185, -2.4902 -2.3663 0.7226, -3.002 -2.3663 0.7226, -2.4902 -2.3622 0.7257, -3.002 -2.3622 0.7257, -2.4902 -2.3575 0.7277, -3.002 -2.3575 0.7277, -2.4902 -2.3524 0.7283, -3.002 -2.3524 0.7283, -2.4902 -2.3524 0.7874, -3.002 -2.3524 0.7874, -3.002 -2.3727 0.7847, -2.4902 -2.3727 0.7847, -3.002 -2.3917 0.7769, -2.4902 -2.3917 0.7769, -3.002 -2.408 0.7643, -2.4902 -2.408 0.7643, -3.002 -2.4205 0.748, -2.4902 -2.4205 0.748, -3.002 -2.4284 0.729, -2.4902 -2.4284 0.729, -3.002 -2.4311 0.7087, -2.4902 -2.4311 0.7087, -2.4902 -2.4311 0.0787, -3.002 -2.4311 0.0787, -2.4902 -2.4318 0.0736, -3.002 -2.4318 0.0736, -2.4902 -2.4337 0.0689, -3.002 -2.4337 0.0689, -2.4902 -2.4369 0.0648, -3.002 -2.4369 0.0648, -2.4902 -2.4409 0.0617, -3.002 -2.4409 0.0617, -2.4902 -2.4457 0.0597, -3.002 -2.4457 0.0597, -2.4902 -2.4508 0.0591, -3.002 -2.4508 0.0591, -2.4902 -2.7067 0.0591, -3.002 -2.7067 0.0591, -2.4902 -2.7067 0.0, -3.002 -2.7067 0.0
            ]
        }
        coordIndex [
            0,1,2,-1,0,2,3,-1,3,2,4,-1,3,4,5,-1,5,4,6,-1,5,6,7,-1,7,6,8,-1,7,8,9,-1,9,8,10,-1,9,10,11,-1,11,10,12,-1,11,12,13,-1,14,13,15,-1,15,13,12,-1,14,15,16,-1,16,15,17,-1,16,17,18,-1,18,17,19,-1,18,19,20,-1,20,19,21,-1,20,21,22,-1,22,21,23,-1,22,23,24,-1,24,23,25,-1,24,25,26,-1,26,25,27,-1,28,29,30,-1,28,30,31,-1,31,30,32,-1,31,32,33,-1,33,32,34,-1,33,34,35,-1,35,34,36,-1,35,36,37,-1,37,36,38,-1,37,38,39,-1,39,38,40,-1,39,40,41,-1,42,41,43,-1,43,41,40,-1,42,43,44,-1,44,43,45,-1,44,45,46,-1,46,45,47,-1,46,47,48,-1,48,47,49,-1,48,49,50,-1,50,49,51,-1,50,51,52,-1,52,51,53,-1,52,53,54,-1,54,53,55,-1,56,54,57,-1,57,54,55,-1,58,56,59,-1,59,56,57,-1,56,58,54,-1,54,58,0,-1,54,0,52,-1,52,0,3,-1,52,3,50,-1,50,3,5,-1,50,5,48,-1,48,5,7,-1,48,7,46,-1,46,7,9,-1,46,9,44,-1,44,9,11,-1,44,11,42,-1,42,11,13,-1,42,13,41,-1,41,13,14,-1,41,14,39,-1,39,14,16,-1,39,16,37,-1,37,16,18,-1,37,18,35,-1,35,18,20,-1,35,20,33,-1,33,20,22,-1,33,22,31,-1,31,22,24,-1,31,24,28,-1,28,24,26,-1,
        ]
    }
}
Shape{
    appearance Appearance {
        material  Material 	{
            diffuseColor 1.0 1.0 1.0
            specularColor 0.8784313725490196 0.8784313725490196 0.8784313725490196
            ambientIntensity 1.0
            transparency 0.0
            shininess 0.5
        }
    }
    geometry IndexedFaceSet {
        ccw TRUE
        solid FALSE
        coord DEF co Coordinate {
            point [
                -2.4114 -2.3524 0.7283, -2.4114 -2.3524 0.7874, -2.4128 -2.3422 0.7283, -2.4128 -2.3422 0.7874, -2.4167 -2.3327 0.7283, -2.4167 -2.3327 0.7874, -2.4229 -2.3245 0.7283, -2.4229 -2.3245 0.7874, -2.4311 -2.3183 0.7283, -2.4311 -2.3183 0.7874, -2.4406 -2.3143 0.7283, -2.4406 -2.3143 0.7874, -2.4508 -2.313 0.7283, -2.4508 -2.313 0.7874, -2.4902 -2.3524 0.7874, -2.4902 -2.3524 0.7283, -2.4888 -2.3422 0.7874, -2.4888 -2.3422 0.7283, -2.4849 -2.3327 0.7874, -2.4849 -2.3327 0.7283, -2.4786 -2.3245 0.7874, -2.4786 -2.3245 0.7283, -2.4705 -2.3183 0.7874, -2.4705 -2.3183 0.7283, -2.461 -2.3143 0.7874, -2.461 -2.3143 0.7283
            ]
        }
        coordIndex [
            0,1,2,-1,2,1,3,-1,2,3,4,-1,4,3,5,-1,4,5,6,-1,6,5,7,-1,6,7,8,-1,8,7,9,-1,8,9,10,-1,10,9,11,-1,10,11,12,-1,12,11,13,-1,14,15,16,-1,16,15,17,-1,16,17,18,-1,18,17,19,-1,18,19,20,-1,20,19,21,-1,20,21,22,-1,22,21,23,-1,22,23,24,-1,24,23,25,-1,24,25,13,-1,13,25,12,-1,
        ]
    }
}
Shape{
    appearance Appearance {
        material  Material 	{
            diffuseColor 0.6666666666666666 0.6666666666666666 0.6666666666666666
            specularColor 0.4666666666666667 0.4666666666666667 0.4666666666666667
            ambientIntensity 0.6667
            transparency 0.0
            shininess 0.5
        }
    }
    geometry IndexedFaceSet {
        ccw TRUE
        solid FALSE
        coord DEF co Coordinate {
            point [
                -2.0768 2.4902 0.0591, -2.0768 2.4902 0.0, -2.0768 2.7461 0.0591, -2.0768 2.7461 0.0, -2.0768 2.7512 0.0597, -2.0768 2.7664 0.0027, -2.0768 2.7559 0.0617, -2.0768 2.7854 0.0105, -2.0768 2.76 0.0648, -2.0768 2.8017 0.0231, -2.0768 2.7631 0.0689, -2.0768 2.8143 0.0394, -2.0768 2.7651 0.0736, -2.0768 2.8221 0.0584, -2.0768 2.7658 0.0787, -2.0768 2.8248 0.0787, -2.0768 2.7658 0.2559, -2.0768 2.8248 0.2559, -2.5886 2.7461 0.0591, -2.5886 2.4902 0.0591, -2.5886 2.4902 0.0
            ]
        }
        coordIndex [
            0,1,2,-1,2,1,3,-1,2,3,4,-1,4,3,5,-1,4,5,6,-1,6,5,7,-1,6,7,8,-1,8,7,9,-1,8,9,10,-1,10,9,11,-1,10,11,12,-1,12,11,13,-1,12,13,14,-1,14,13,15,-1,14,15,16,-1,16,15,17,-1,18,19,2,-1,2,19,0,-1,0,19,1,-1,1,19,20,-1,
        ]
    }
}
Shape{
    appearance Appearance {
        material  Material 	{
            diffuseColor 0.8274509803921568 0.6666666666666666 0.12941176470588237
            specularColor 0.8274509803921568 0.6666666666666666 0.12941176470588237
            ambientIntensity 0.6535
            transparency 0.0
            shininess 0.5
        }
    }
    geometry IndexedFaceSet {
        ccw TRUE
        solid FALSE
        coord DEF co Coordinate {
            point [
                -2.0768 2.7461 0.0, -2.0768 2.4902 0.0, -2.5886 2.7461 0.0, -2.5886 2.4902 0.0
            ]
        }
        coordIndex [
            0,1,2,-1,2,1,3,-1,
        ]
    }
}
Shape{
    appearance Appearance {
        material  Material 	{
            diffuseColor 0.6666666666666666 0.6666666666666666 0.6666666666666666
            specularColor 0.4666666666666667 0.4666666666666667 0.4666666666666667
            ambientIntensity 0.6667
            transparency 0.0
            shininess 0.5
        }
    }
    geometry IndexedFaceSet {
        ccw TRUE
        solid FALSE
        coord DEF co Coordinate {
            point [
                -1.4862 2.7658 0.2559, -1.4862 2.8248 0.2559, -1.4862 2.7658 0.0197, -1.4862 2.8248 0.0197, -2.0768 2.7658 0.2559, -2.0768 2.8248 0.2559, -2.5886 2.8248 0.0787, -2.0768 2.8248 0.0787, -2.0768 2.8221 0.0584, -2.5886 2.8221 0.0584, -2.0768 2.8143 0.0394, -2.5886 2.8143 0.0394, -2.0768 2.8017 0.0231, -2.5886 2.8017 0.0231, -2.0768 2.7854 0.0105, -2.5886 2.7854 0.0105, -2.0768 2.7664 0.0027, -2.5886 2.7664 0.0027, -2.0768 2.7461 0.0, -2.5886 2.7461 0.0, -2.5886 2.7461 0.0591, -2.0768 2.7461 0.0591, -2.5886 2.7512 0.0597, -2.0768 2.7512 0.0597, -2.5886 2.7559 0.0617, -2.0768 2.7559 0.0617, -2.5886 2.76 0.0648, -2.0768 2.76 0.0648, -2.5886 2.7631 0.0689, -2.0768 2.7631 0.0689, -2.5886 2.7651 0.0736, -2.0768 2.7651 0.0736, -2.5886 2.7658 0.0787, -2.0768 2.7658 0.0787, -0.8563 0.6102 0.7283, -0.8563 0.6102 0.7874, -0.859 0.6306 0.7283, -0.859 0.6306 0.7874, -0.8668 0.6496 0.7283, -0.8668 0.6496 0.7874, -0.8794 0.6659 0.7283, -0.8794 0.6659 0.7874, -0.8957 0.6784 0.7283, -0.8957 0.6784 0.7874, -0.9147 0.6863 0.7283, -0.9147 0.6863 0.7874, -0.935 0.689 0.7283, -0.935 0.689 0.7874, -0.8563 -0.7283 0.7874, -0.8563 -0.7283 0.7283, -0.935 -0.8071 0.7283, -0.935 -0.8071 0.7874, -0.9147 -0.8044 0.7283, -0.9147 -0.8044 0.7874, -0.8957 -0.7965 0.7283, -0.8957 -0.7965 0.7874, -0.8794 -0.784 0.7283, -0.8794 -0.784 0.7874, -0.8668 -0.7677 0.7283, -0.8668 -0.7677 0.7874, -0.859 -0.7487 0.7283, -0.859 -0.7487 0.7874, -1.4862 -0.8071 0.7874, -1.4862 -0.8071 0.7283, -1.565 -0.7283 0.7283, -1.565 -0.7283 0.7874, -1.5623 -0.7487 0.7283, -1.5623 -0.7487 0.7874, -1.5544 -0.7677 0.7283, -1.5544 -0.7677 0.7874, -1.5419 -0.784 0.7283, -1.5419 -0.784 0.7874, -1.5256 -0.7965 0.7283, -1.5256 -0.7965 0.7874, -1.5066 -0.8044 0.7283, -1.5066 -0.8044 0.7874, -1.565 0.6102 0.7874, -1.565 0.6102 0.7283, -1.4862 0.689 0.7283, -1.4862 0.689 0.7874, -1.5037 0.687 0.7283, -1.5037 0.687 0.7874, -1.5204 0.6812 0.7283, -1.5204 0.6812 0.7874, -1.5353 0.6718 0.7283, -1.5353 0.6718 0.7874, -1.5478 0.6593 0.7283, -1.5478 0.6593 0.7874, -1.5572 0.6444 0.7283, -1.5572 0.6444 0.7874, -1.563 0.6278 0.7283, -1.563 0.6278 0.7874, -0.8563 2.3819 0.7283, -0.8563 2.3819 0.7874, -0.859 2.4023 0.7283, -0.859 2.4023 0.7874, -0.8668 2.4213 0.7283, -0.8668 2.4213 0.7874, -0.8794 2.4376 0.7283, -0.8794 2.4376 0.7874, -0.8957 2.4501 0.7283, -0.8957 2.4501 0.7874, -0.9147 2.458 0.7283, -0.9147 2.458 0.7874, -0.935 2.4606 0.7283, -0.935 2.4606 0.7874, -0.8563 1.0433 0.7874, -0.8563 1.0433 0.7283, -0.935 0.9646 0.7283, -0.935 0.9646 0.7874, -0.9147 0.9673 0.7283, -0.9147 0.9673 0.7874, -0.8957 0.9751 0.7283, -0.8957 0.9751 0.7874, -0.8794 0.9876 0.7283, -0.8794 0.9876 0.7874, -0.8668 1.0039 0.7283, -0.8668 1.0039 0.7874, -0.859 1.0229 0.7283, -0.859 1.0229 0.7874, -1.4862 0.9646 0.7874, -1.4862 0.9646 0.7283, -1.565 1.0433 0.7283, -1.565 1.0433 0.7874, -1.5623 1.0229 0.7283, -1.5623 1.0229 0.7874, -1.5544 1.0039 0.7283, -1.5544 1.0039 0.7874, -1.5419 0.9876 0.7283, -1.5419 0.9876 0.7874, -1.5256 0.9751 0.7283, -1.5256 0.9751 0.7874, -1.5066 0.9673 0.7283, -1.5066 0.9673 0.7874, -1.565 2.3819 0.7874, -1.565 2.3819 0.7283, -1.4862 2.4606 0.7283, -1.4862 2.4606 0.7874, -1.5037 2.4587 0.7283, -1.5037 2.4587 0.7874, -1.5204 2.4528 0.7283, -1.5204 2.4528 0.7874, -1.5353 2.4435 0.7283, -1.5353 2.4435 0.7874, -1.5478 2.431 0.7283, -1.5478 2.431 0.7874, -1.5572 2.4161 0.7283, -1.5572 2.4161 0.7874, -1.563 2.3994 0.7283, -1.563 2.3994 0.7874, 0.3248 1.5372 0.7283, 0.3248 1.5372 0.7874, 0.3263 1.5238 0.7283, 0.3263 1.5238 0.7874, 0.3309 1.5111 0.7283, 0.3309 1.5111 0.7874, 0.3382 1.4998 0.7283, 0.3382 1.4998 0.7874, 0.3478 1.4904 0.7283, 0.3478 1.4904 0.7874, 0.3594 1.4835 0.7283, 0.3594 1.4835 0.7874, 0.3722 1.4793 0.7283, 0.3722 1.4793 0.7874, 0.3856 1.4782 0.7283, 0.3856 1.4782 0.7874, 0.3856 2.4195 0.7283, 0.3856 2.4195 0.7874, 0.3722 2.4183 0.7283, 0.3722 2.4183 0.7874, 0.3594 2.4142 0.7283, 0.3594 2.4142 0.7874, 0.3478 2.4072 0.7283, 0.3478 2.4072 0.7874, 0.3382 2.3978 0.7283, 0.3382 2.3978 0.7874, 0.3309 2.3865 0.7283, 0.3309 2.3865 0.7874, 0.3263 2.3738 0.7283, 0.3263 2.3738 0.7874, 0.3248 2.3604 0.7283, 0.3248 2.3604 0.7874, 2.9429 1.5534 0.7283, 2.9232 1.5528 0.7874, 2.9436 1.5534 0.7847, 2.9626 1.554 0.7769, 2.9789 1.5544 0.7643, 2.9857 1.5546 0.7566, 2.9914 1.5548 0.748, 2.996 1.5549 0.7388, 2.9993 1.555 0.729, 3.002 1.5551 0.6693, 2.9429 1.5534 0.6693, 3.002 1.5551 0.7087, 3.0013 1.5551 0.7189, 2.9232 2.3448 0.7874, 2.9429 2.3443 0.7283, 2.9429 2.3443 0.6693, 3.002 2.3425 0.6693, 3.002 2.3425 0.7087, 2.9789 2.3432 0.7643, 2.9626 2.3437 0.7769, 2.9436 2.3442 0.7847, 2.996 2.3427 0.7388, 2.9914 2.3428 0.748, 2.9857 2.343 0.7566, 3.0013 2.3425 0.7189, 2.9993 2.3426 0.729, 2.8659 2.2284 0.7087, 2.8659 2.2284 0.6496, 1.939 2.2557 0.7087, 1.9362 2.2558 0.6496, 1.1122 2.28 0.7874, 1.1094 2.2801 0.7283, 0.3821 2.3015 0.7874, 0.3821 2.3015 0.7283, 2.8659 1.6692 0.6496, 2.8659 1.6692 0.7087, 1.9362 1.6419 0.6496, 1.939 1.642 0.7087, 1.1094 1.6176 0.7283, 1.1122 1.6177 0.7874, 0.3821 1.5962 0.7283, 0.3821 1.5962 0.7874, 2.9232 1.7283 0.6496, 2.9232 1.7283 0.7087, 2.9213 1.7133 0.7087, 2.9213 1.7133 0.6496, 2.9156 1.6992 0.7087, 2.9156 1.6992 0.6496, 2.9065 1.6871 0.7087, 2.9065 1.6871 0.6496, 2.8947 1.6777 0.7087, 2.8947 1.6777 0.6496, 2.8809 1.6716 0.7087, 2.8809 1.6716 0.6496, 2.9232 2.1694 0.7087, 2.9232 2.1694 0.6496, 2.9213 2.1844 0.6496, 2.9213 2.1844 0.7087, 2.9156 2.1984 0.6496, 2.9156 2.1984 0.7087, 2.9065 2.2105 0.6496, 2.9065 2.2105 0.7087, 2.8947 2.2199 0.6496, 2.8947 2.2199 0.7087, 2.8809 2.226 0.6496, 2.8809 2.226 0.7087, 0.3672 1.5938 0.7283, 0.3672 1.5938 0.7874, 0.3533 1.5877 0.7283, 0.3533 1.5877 0.7874, 0.3415 1.5783 0.7283, 0.3415 1.5783 0.7874, 0.3324 1.5662 0.7283, 0.3324 1.5662 0.7874, 0.3268 1.5522 0.7283, 0.3268 1.5522 0.7874, 0.3268 2.3455 0.7283, 0.3268 2.3455 0.7874, 0.3324 2.3314 0.7283, 0.3324 2.3314 0.7874, 0.3415 2.3193 0.7283, 0.3415 2.3193 0.7874, 0.3533 2.3099 0.7283, 0.3533 2.3099 0.7874, 0.3672 2.3038 0.7283, 0.3672 2.3038 0.7874, 0.3248 -0.51 0.7283, 0.3248 -0.51 0.7874, 0.3263 -0.5234 0.7283, 0.3263 -0.5234 0.7874, 0.3309 -0.5361 0.7283, 0.3309 -0.5361 0.7874, 0.3382 -0.5474 0.7283, 0.3382 -0.5474 0.7874, 0.3478 -0.5568 0.7283, 0.3478 -0.5568 0.7874, 0.3594 -0.5638 0.7283, 0.3594 -0.5638 0.7874, 0.3722 -0.5679 0.7283, 0.3722 -0.5679 0.7874, 0.3856 -0.5691 0.7283, 0.3856 -0.5691 0.7874, 0.3856 0.3722 0.7283, 0.3856 0.3722 0.7874, 0.3722 0.3711 0.7283, 0.3722 0.3711 0.7874, 0.3594 0.3669 0.7283, 0.3594 0.3669 0.7874, 0.3478 0.36 0.7283, 0.3478 0.36 0.7874, 0.3382 0.3506 0.7283, 0.3382 0.3506 0.7874, 0.3309 0.3393 0.7283, 0.3309 0.3393 0.7874, 0.3263 0.3266 0.7283, 0.3263 0.3266 0.7874, 0.3248 0.3132 0.7283, 0.3248 0.3132 0.7874, 2.9429 -0.4939 0.7283, 2.9232 -0.4944 0.7874, 2.9436 -0.4938 0.7847, 2.9626 -0.4933 0.7769, 2.9789 -0.4928 0.7643, 2.9857 -0.4926 0.7566, 2.9914 -0.4924 0.748, 2.996 -0.4923 0.7388, 2.9993 -0.4922 0.729, 3.002 -0.4921 0.6693, 2.9429 -0.4939 0.6693, 3.002 -0.4921 0.7087, 3.0013 -0.4921 0.7189, 2.9232 0.2976 0.7874, 2.9429 0.297 0.7283, 2.9429 0.297 0.6693, 3.002 0.2953 0.6693, 3.002 0.2953 0.7087, 2.9789 0.296 0.7643, 2.9626 0.2964 0.7769, 2.9436 0.297 0.7847, 2.996 0.2955 0.7388, 2.9914 0.2956 0.748, 2.9857 0.2958 0.7566, 3.0013 0.2953 0.7189, 2.9993 0.2954 0.729, 2.8659 0.1812 0.7087, 2.8659 0.1812 0.6496, 1.939 0.2084 0.7087, 1.9362 0.2085 0.6496, 1.1122 0.2328 0.7874, 1.1094 0.2328 0.7283, 0.3821 0.2542 0.7874, 0.3821 0.2542 0.7283, 0.3821 -0.4511 0.7874, 0.3821 -0.4511 0.7283, 1.1122 -0.4296 0.7874, 1.1094 -0.4297 0.7283, 1.939 -0.4053 0.7087, 1.9362 -0.4054 0.6496, 2.8659 -0.378 0.7087, 2.8659 -0.378 0.6496, 2.9232 -0.319 0.6496, 2.9232 -0.319 0.7087, 2.9213 -0.334 0.7087, 2.9213 -0.334 0.6496, 2.9156 -0.348 0.7087, 2.9156 -0.348 0.6496, 2.9065 -0.3601 0.7087, 2.9065 -0.3601 0.6496, 2.8947 -0.3695 0.7087, 2.8947 -0.3695 0.6496, 2.8809 -0.3756 0.7087, 2.8809 -0.3756 0.6496, 2.9232 0.1221 0.7087, 2.9232 0.1221 0.6496, 2.9213 0.1371 0.6496, 2.9213 0.1371 0.7087, 2.9156 0.1512 0.6496, 2.9156 0.1512 0.7087, 2.9065 0.1633 0.6496, 2.9065 0.1633 0.7087, 2.8947 0.1727 0.6496, 2.8947 0.1727 0.7087, 2.8809 0.1788 0.6496, 2.8809 0.1788 0.7087, 0.3672 -0.4534 0.7283, 0.3672 -0.4534 0.7874, 0.3533 -0.4595 0.7283, 0.3533 -0.4595 0.7874, 0.3415 -0.4689 0.7283, 0.3415 -0.4689 0.7874, 0.3324 -0.481 0.7283, 0.3324 -0.481 0.7874, 0.3268 -0.495 0.7283, 0.3268 -0.495 0.7874, 0.3268 0.2982 0.7283, 0.3268 0.2982 0.7874, 0.3324 0.2842 0.7283, 0.3324 0.2842 0.7874, 0.3415 0.2721 0.7283, 0.3415 0.2721 0.7874, 0.3533 0.2627 0.7283, 0.3533 0.2627 0.7874, 0.3672 0.2566 0.7283, 0.3672 0.2566 0.7874
            ]
        }
        coordIndex [
            0,1,2,-1,2,1,3,-1,0,4,1,-1,1,4,5,-1,6,7,8,-1,6,8,9,-1,9,8,10,-1,9,10,11,-1,11,10,12,-1,11,12,13,-1,13,12,14,-1,13,14,15,-1,15,14,16,-1,15,16,17,-1,17,16,18,-1,17,18,19,-1,20,21,22,-1,22,21,23,-1,22,23,24,-1,24,23,25,-1,24,25,26,-1,26,25,27,-1,26,27,28,-1,28,27,29,-1,28,29,30,-1,30,29,31,-1,30,31,32,-1,32,31,33,-1,34,35,36,-1,36,35,37,-1,36,37,38,-1,38,37,39,-1,38,39,40,-1,40,39,41,-1,40,41,42,-1,42,41,43,-1,42,43,44,-1,44,43,45,-1,44,45,46,-1,46,45,47,-1,35,34,48,-1,48,34,49,-1,50,51,52,-1,52,51,53,-1,52,53,54,-1,54,53,55,-1,54,55,56,-1,56,55,57,-1,56,57,58,-1,58,57,59,-1,58,59,60,-1,60,59,61,-1,60,61,49,-1,49,61,48,-1,51,50,62,-1,62,50,63,-1,64,65,66,-1,66,65,67,-1,66,67,68,-1,68,67,69,-1,68,69,70,-1,70,69,71,-1,70,71,72,-1,72,71,73,-1,72,73,74,-1,74,73,75,-1,74,75,63,-1,63,75,62,-1,65,64,76,-1,76,64,77,-1,78,79,80,-1,80,79,81,-1,80,81,82,-1,82,81,83,-1,82,83,84,-1,84,83,85,-1,84,85,86,-1,86,85,87,-1,86,87,88,-1,88,87,89,-1,88,89,90,-1,90,89,91,-1,90,91,77,-1,77,91,76,-1,79,78,47,-1,47,78,46,-1,92,93,94,-1,94,93,95,-1,94,95,96,-1,96,95,97,-1,96,97,98,-1,98,97,99,-1,98,99,100,-1,100,99,101,-1,100,101,102,-1,102,101,103,-1,102,103,104,-1,104,103,105,-1,93,92,106,-1,106,92,107,-1,108,109,110,-1,110,109,111,-1,110,111,112,-1,112,111,113,-1,112,113,114,-1,114,113,115,-1,114,115,116,-1,116,115,117,-1,116,117,118,-1,118,117,119,-1,118,119,107,-1,107,119,106,-1,109,108,120,-1,120,108,121,-1,122,123,124,-1,124,123,125,-1,124,125,126,-1,126,125,127,-1,126,127,128,-1,128,127,129,-1,128,129,130,-1,130,129,131,-1,130,131,132,-1,132,131,133,-1,132,133,121,-1,121,133,120,-1,123,122,134,-1,134,122,135,-1,136,137,138,-1,138,137,139,-1,138,139,140,-1,140,139,141,-1,140,141,142,-1,142,141,143,-1,142,143,144,-1,144,143,145,-1,144,145,146,-1,146,145,147,-1,146,147,148,-1,148,147,149,-1,148,149,135,-1,135,149,134,-1,137,136,105,-1,105,136,104,-1,150,151,152,-1,152,151,153,-1,152,153,154,-1,154,153,155,-1,154,155,156,-1,156,155,157,-1,156,157,158,-1,158,157,159,-1,158,159,160,-1,160,159,161,-1,160,161,162,-1,162,161,163,-1,162,163,164,-1,164,163,165,-1,166,167,168,-1,168,167,169,-1,168,169,170,-1,170,169,171,-1,170,171,172,-1,172,171,173,-1,172,173,174,-1,174,173,175,-1,174,175,176,-1,176,175,177,-1,176,177,178,-1,178,177,179,-1,178,179,180,-1,180,179,181,-1,164,165,182,-1,182,165,183,-1,182,183,184,-1,184,185,182,-1,182,185,186,-1,182,186,187,-1,187,188,182,-1,182,188,189,-1,182,189,190,-1,191,192,193,-1,193,192,182,-1,193,182,194,-1,194,182,190,-1,167,166,195,-1,195,166,196,-1,197,198,196,-1,196,198,199,-1,200,201,196,-1,196,201,202,-1,196,202,195,-1,203,204,196,-1,196,204,205,-1,196,205,200,-1,199,206,196,-1,196,206,207,-1,196,207,203,-1,191,198,192,-1,192,198,197,-1,208,209,210,-1,210,209,211,-1,210,211,212,-1,212,211,213,-1,212,213,214,-1,214,213,215,-1,216,217,218,-1,218,217,219,-1,218,219,220,-1,220,219,221,-1,220,221,222,-1,222,221,223,-1,224,225,226,-1,224,226,227,-1,227,226,228,-1,227,228,229,-1,229,228,230,-1,229,230,231,-1,231,230,232,-1,231,232,233,-1,233,232,234,-1,233,234,235,-1,235,234,217,-1,235,217,216,-1,236,237,238,-1,236,238,239,-1,239,238,240,-1,239,240,241,-1,241,240,242,-1,241,242,243,-1,243,242,244,-1,243,244,245,-1,245,244,246,-1,245,246,247,-1,247,246,209,-1,247,209,208,-1,222,223,248,-1,248,223,249,-1,248,249,250,-1,250,249,251,-1,250,251,252,-1,252,251,253,-1,252,253,254,-1,254,253,255,-1,254,255,256,-1,256,255,257,-1,256,257,150,-1,150,257,151,-1,180,181,258,-1,258,181,259,-1,258,259,260,-1,260,259,261,-1,260,261,262,-1,262,261,263,-1,262,263,264,-1,264,263,265,-1,264,265,266,-1,266,265,267,-1,266,267,215,-1,215,267,214,-1,268,269,270,-1,270,269,271,-1,270,271,272,-1,272,271,273,-1,272,273,274,-1,274,273,275,-1,274,275,276,-1,276,275,277,-1,276,277,278,-1,278,277,279,-1,278,279,280,-1,280,279,281,-1,280,281,282,-1,282,281,283,-1,284,285,286,-1,286,285,287,-1,286,287,288,-1,288,287,289,-1,288,289,290,-1,290,289,291,-1,290,291,292,-1,292,291,293,-1,292,293,294,-1,294,293,295,-1,294,295,296,-1,296,295,297,-1,296,297,298,-1,298,297,299,-1,282,283,300,-1,300,283,301,-1,300,301,302,-1,302,303,300,-1,300,303,304,-1,300,304,305,-1,305,306,300,-1,300,306,307,-1,300,307,308,-1,309,310,311,-1,311,310,300,-1,311,300,312,-1,312,300,308,-1,285,284,313,-1,313,284,314,-1,315,316,314,-1,314,316,317,-1,318,319,314,-1,314,319,320,-1,314,320,313,-1,321,322,314,-1,314,322,323,-1,314,323,318,-1,317,324,314,-1,314,324,325,-1,314,325,321,-1,309,316,310,-1,310,316,315,-1,326,327,328,-1,328,327,329,-1,328,329,330,-1,330,329,331,-1,330,331,332,-1,332,331,333,-1,334,335,336,-1,336,335,337,-1,336,337,338,-1,338,337,339,-1,338,339,340,-1,340,339,341,-1,342,343,344,-1,342,344,345,-1,345,344,346,-1,345,346,347,-1,347,346,348,-1,347,348,349,-1,349,348,350,-1,349,350,351,-1,351,350,352,-1,351,352,353,-1,353,352,340,-1,353,340,341,-1,354,355,356,-1,354,356,357,-1,357,356,358,-1,357,358,359,-1,359,358,360,-1,359,360,361,-1,361,360,362,-1,361,362,363,-1,363,362,364,-1,363,364,365,-1,365,364,327,-1,365,327,326,-1,335,334,366,-1,366,334,367,-1,366,367,368,-1,368,367,369,-1,368,369,370,-1,370,369,371,-1,370,371,372,-1,372,371,373,-1,372,373,374,-1,374,373,375,-1,374,375,268,-1,268,375,269,-1,298,299,376,-1,376,299,377,-1,376,377,378,-1,378,377,379,-1,378,379,380,-1,380,379,381,-1,380,381,382,-1,382,381,383,-1,382,383,384,-1,384,383,385,-1,384,385,333,-1,333,385,332,-1,
        ]
    }
}
Shape{
    appearance Appearance {
        material  Material 	{
            diffuseColor 0.20784313725490197 0.20784313725490197 0.20784313725490197
            specularColor 0.01568627450980392 0.01568627450980392 0.01568627450980392
            ambientIntensity 0.298
            transparency 0.0
            shininess 0.5
        }
    }
    geometry IndexedFaceSet {
        ccw TRUE
        solid FALSE
        coord DEF co Coordinate {
            point [
                2.369 -2.2509 0.0197, 2.0185 -2.2509 0.0197, 2.0185 -2.102 0.0197, -2.4114 -2.313 0.0197, -3.002 -2.313 0.0197, -3.002 -2.0852 0.0197, 1.6634 2.7658 0.0197, 1.9729 2.7658 0.0197, 1.9729 2.126 0.0197, -0.1476 -0.8465 0.0197, -0.0689 -0.8465 0.0197, -0.0689 -1.0794 0.0197, 1.9729 -1.8573 0.0197, 1.9729 -1.7371 0.0197, 1.9785 -1.8175 0.0197, 1.9957 -1.7755 0.0197, 2.3705 -1.8211 0.0197, 2.3582 -1.7755 0.0197, 2.9429 -1.7371 0.0197, 2.3054 -1.7755 0.0197, 2.0389 -1.7755 0.0197, 2.3244 -1.8199 0.0197, 2.035 -1.7826 0.0197, 2.3306 -1.8677 0.0197, 2.3262 -1.9065 0.0197, 2.9429 -2.0852 0.0197, 2.3021 -2.0246 0.0197, 2.3363 -1.989 0.0197, 1.9729 -1.907 0.0197, 1.9755 -1.9324 0.0197, 1.9729 -2.0852 0.0197, 1.9886 -1.9705 0.0197, 2.0089 -2.0022 0.0197, 2.1647 -2.0684 0.0197, 2.2207 -2.0628 0.0197, 2.2653 -2.0476 0.0197, 2.3156 -1.936 0.0197, 2.2974 -1.9632 0.0197, 2.2711 -1.987 0.0197, 2.1679 -2.0156 0.0197, 2.1253 -2.0116 0.0197, 2.0914 -2.0009 0.0197, 2.0178 -1.9133 0.0197, 2.0137 -1.8766 0.0197, 2.0284 -1.942 0.0197, 2.0447 -1.9662 0.0197, 2.0641 -1.9846 0.0197, 2.0195 -1.8243 0.0197, 2.04 -2.0318 0.0197, 2.0774 -2.0528 0.0197, 2.1191 -2.0646 0.0197, 2.2407 -2.0032 0.0197, 2.1986 -2.0137 0.0197, 2.3578 -1.9516 0.0197, 2.3706 -1.9077 0.0197, 2.3738 -1.8682 0.0197, 1.9707 -1.8731 0.0197, 1.6634 -1.7371 0.0197, 1.9705 -1.8839 0.0197, 1.6634 -2.0852 0.0197, -0.2264 0.4528 0.0197, -0.8169 0.3937 0.0197, -0.2264 0.7677 0.0197, -0.8169 0.8268 0.0197, -0.0689 0.8268 0.0197, -0.0689 0.3937 0.0197, -0.0689 0.4528 0.0197, 1.6634 0.3937 0.0197, 1.5846 0.4528 0.0197, 1.6634 0.8268 0.0197, 1.5846 0.7677 0.0197, -0.0689 0.7677 0.0197, -0.2264 1.3189 0.0197, -0.8169 1.2598 0.0197, -0.2264 1.6339 0.0197, -0.8169 1.6929 0.0197, -0.0689 1.6929 0.0197, -0.0689 1.2598 0.0197, -0.0689 1.3189 0.0197, 1.6634 1.2598 0.0197, 1.5846 1.3189 0.0197, 1.6634 1.6929 0.0197, 1.5846 1.6339 0.0197, -0.0689 1.6339 0.0197, 1.5846 -0.8465 0.0197, 1.6634 -1.0794 0.0197, -0.8169 -0.876 0.0197, -1.6142 -1.0794 0.0197, 1.6634 -0.4724 0.0197, 1.5846 -0.5315 0.0197, -0.0689 -0.4724 0.0197, -0.0689 -0.5315 0.0197, -0.1476 -0.5315 0.0197, -0.0689 -0.0394 0.0197, -0.0689 0.0197 0.0197, 1.6634 -0.0394 0.0197, 1.5846 0.0197 0.0197, 1.5846 0.3347 0.0197, -0.0689 0.3347 0.0197, -0.1476 0.3347 0.0197, -0.1476 0.0197 0.0197, -0.8169 -0.0394 0.0197, -0.0689 1.2008 0.0197, -0.1476 1.2008 0.0197, 1.5846 1.2008 0.0197, 1.5846 0.8858 0.0197, -0.0689 0.8858 0.0197, -0.1476 0.8858 0.0197, -0.0689 2.126 0.0197, -0.0689 2.0669 0.0197, -0.1476 2.0669 0.0197, 1.6634 2.126 0.0197, -0.0689 2.185 0.0197, 1.5846 2.185 0.0197, 1.5846 2.5 0.0197, -1.4862 2.8248 0.0197, -1.4862 2.7658 0.0197, -1.6142 2.5492 0.0197, -0.1476 2.5 0.0197, -0.0689 2.7658 0.0197, -0.0689 2.5 0.0197, -0.8169 2.5492 0.0197, -0.8169 2.4754 0.0197, -0.1476 2.185 0.0197, -0.8169 2.126 0.0197, 1.5846 2.0669 0.0197, 1.5846 1.752 0.0197, -0.0689 1.752 0.0197, -0.1476 1.752 0.0197, 2.9429 0.3937 0.0197, 2.9429 0.2343 0.0197, 2.6673 0.2343 0.0197, 2.5492 -0.435 0.0197, 1.9729 -0.4724 0.0197, 2.5492 -0.0394 0.0197, 1.9729 -0.0394 0.0197, 2.5492 0.0374 0.0197, 1.9729 0.3937 0.0197, 2.6673 0.0374 0.0197, 1.9729 1.6929 0.0197, 2.6673 1.6929 0.0197, 1.9729 1.2598 0.0197, 2.6673 1.6122 0.0197, 1.9729 0.8268 0.0197, 2.9429 0.8268 0.0197, 2.9429 1.2598 0.0197, 2.9429 1.6122 0.0197, 2.6673 2.4784 0.0197, 2.6673 2.2815 0.0197, 2.5492 2.2815 0.0197, 2.9429 2.7658 0.0197, 2.9429 2.4784 0.0197, 2.5492 2.126 0.0197, 2.5492 1.8091 0.0197, 2.6673 1.8091 0.0197, -1.9193 2.5492 0.0197, -1.9193 2.8248 0.0197, -1.6142 2.8248 0.0197, -0.8169 -0.4724 0.0197, -2.9605 -1.0794 0.0197, -2.6083 -0.876 0.0197, -1.6142 -0.876 0.0197, -3.002 -1.4491 0.0197, -3.002 -1.1033 0.0197, -2.4114 -2.4757 0.0197, -1.6142 -2.0852 0.0197, -1.6142 -2.4757 0.0197, -1.6142 -2.6476 0.0197, -2.4114 -2.6476 0.0197, 1.9753 -2.102 0.0197, 1.9753 -2.3037 0.0197, 1.9729 -2.4757 0.0197, 2.369 -2.3037 0.0197, 2.9429 -2.3917 0.0197, 3.002 -2.3917 0.0197, 3.002 -2.4757 0.0197, 2.0185 -1.4875 0.0197, 1.9753 -1.4875 0.0197, 1.9729 -1.4491 0.0197, 2.1529 -1.5067 0.0197, 2.1529 -1.6459 0.0197, 2.0185 -1.6459 0.0197, 1.9753 -1.6987 0.0197, 2.369 -1.6987 0.0197, 2.369 -1.4971 0.0197, 2.9429 -1.4491 0.0197, 2.3258 -1.6459 0.0197, 2.1961 -1.6459 0.0197, 2.3258 -1.4971 0.0197, 2.1961 -1.5067 0.0197, 2.369 -1.4106 0.0197, 2.369 -1.2995 0.0197, 2.9429 -1.0794 0.0197, 2.3629 -1.2427 0.0197, 2.3467 -1.1966 0.0197, 2.318 -1.1538 0.0197, 2.0832 -1.1134 0.0197, 2.048 -1.136 0.0197, 1.9729 -1.0794 0.0197, 2.0169 -1.1684 0.0197, 1.9931 -1.2095 0.0197, 2.3176 -1.1533 0.0197, 2.2868 -1.1255 0.0197, 2.2529 -1.1072 0.0197, 1.9795 -1.2549 0.0197, 1.9753 -1.3036 0.0197, 1.9753 -1.4106 0.0197, 2.2141 -1.0966 0.0197, 2.1771 -1.0938 0.0197, 2.1244 -1.0993 0.0197, 1.9753 -0.7673 0.0197, 2.0857 -0.8071 0.0197, 2.0857 -0.9698 0.0197, 2.6673 -0.6319 0.0197, 2.6673 -0.4724 0.0197, 2.6673 -0.435 0.0197, 2.9429 -0.6319 0.0197, 2.369 -0.9161 0.0197, 1.9753 -1.065 0.0197, 1.9753 -1.0073 0.0197, 1.9753 -0.7097 0.0197, 2.369 -0.8633 0.0197, 3.002 -2.6476 0.0197, 1.9729 -2.6476 0.0197, 1.6634 -1.4491 0.0197, 1.7421 -0.4134 0.0197, 1.7421 -0.0984 0.0197, 1.6634 -0.0984 0.0197, 0.0098 -0.0984 0.0197, 0.0098 -0.4134 0.0197, 1.6634 -0.4134 0.0197, 1.6634 -2.4757 0.0197, 1.6634 -2.6476 0.0197, -0.0689 -1.4491 0.0197, -0.0689 -1.7371 0.0197, -0.0689 -2.0852 0.0197, -0.0689 -2.4757 0.0197, -0.0689 -2.6476 0.0197, -1.6142 -1.4491 0.0197, -1.6142 -1.7371 0.0197, -3.002 -1.7371 0.0197, -0.8169 2.5492 0.0886, -0.8169 2.4754 0.0886, -0.8169 2.5492 0.374, -0.8169 2.4754 0.374, -0.8169 2.4016 0.2165, -0.8169 2.4016 0.1575, -0.8169 2.2835 0.1575, -0.8169 2.126 0.0886, -0.8169 2.2835 0.2165, -0.8169 2.126 0.374, -0.8169 1.9685 0.2165, -0.8169 1.9685 0.1575, -0.8169 1.8504 0.1575, -0.8169 1.6929 0.0886, -0.8169 1.8504 0.2165, -0.8169 1.6929 0.374, -0.8169 1.5354 0.2165, -0.8169 1.5354 0.1575, -0.8169 1.4173 0.1575, -0.8169 1.2598 0.0886, -0.8169 1.4173 0.2165, -0.8169 1.2598 0.374, -0.8169 1.1024 0.2165, -0.8169 1.1024 0.1575, -0.8169 0.9843 0.1575, -0.8169 0.8268 0.0886, -0.8169 0.9843 0.2165, -0.8169 0.8268 0.374, -0.8169 0.6693 0.2165, -0.8169 0.6693 0.1575, -0.8169 0.5512 0.1575, -0.8169 0.3937 0.0886, -0.8169 0.5512 0.2165, -0.8169 0.3937 0.374, -0.8169 0.2362 0.2165, -0.8169 0.2362 0.1575, -0.8169 0.1181 0.1575, -0.8169 -0.0394 0.0886, -0.8169 0.1181 0.2165, -0.8169 -0.0394 0.374, -0.8169 -0.1968 0.2165, -0.8169 -0.1968 0.1575, -0.8169 -0.315 0.1575, -0.8169 -0.4724 0.0886, -0.8169 -0.315 0.2165, -0.8169 -0.4724 0.374, -0.8169 -0.6299 0.2165, -0.8169 -0.6299 0.1575, -0.8169 -0.748 0.1575, -0.8169 -0.876 0.0886, -0.8169 -0.748 0.2165, -0.8169 -0.876 0.374, 2.9429 0.3765 0.7283, 2.9429 1.5029 0.7283, 2.5098 0.3765 0.7283, 2.5098 1.5029 0.7283, 2.5098 2.4237 0.7283, 2.9429 2.4237 0.7283, 2.5098 2.5492 0.7283, 2.9429 2.7658 0.7283, -1.9193 2.5492 0.7283, -1.9193 2.7658 0.7283, -1.9193 2.7658 0.2559, -1.4862 2.7658 0.2559, 2.9429 -2.3917 0.7283, 2.9429 -0.5443 0.7283, 2.9429 -0.5443 0.6496, 2.9429 -0.6319 0.4921, 2.9429 0.3765 0.6496, 2.9429 0.2343 0.4921, 2.9429 1.5029 0.6496, 2.9429 2.4784 0.4921, 2.9429 1.6122 0.4921, 2.9429 2.4237 0.6496, 3.002 -2.6476 0.7283, -2.4114 -2.6476 0.7283, -3.002 -2.313 0.7283, -3.002 -1.6437 0.7283, -3.002 -1.6437 0.374, -3.002 -1.2451 0.374, -3.002 -1.1033 0.374, 2.5098 -0.5443 0.7283, 2.5098 -1.6437 0.7283, -2.4114 -2.313 0.7283, 3.002 -2.3917 0.7283, -2.6083 -0.876 0.374, -1.6142 -0.876 0.374, -0.0689 2.5492 0.374, 1.6634 2.5492 0.374, 2.5098 2.5492 0.374, -1.9193 2.8248 0.2559, -1.6142 -1.6437 0.374, -0.0689 -0.4724 0.374, -1.6142 -1.2451 0.374, -0.0689 -1.2451 0.374, -0.1476 -0.8465 0.374, -0.0689 -0.8465 0.374, -0.2264 0.7677 0.374, -0.2264 0.4528 0.374, -0.0689 0.3937 0.374, -0.0689 0.8268 0.374, -0.0689 0.8858 0.374, -0.1476 0.8858 0.374, -0.2264 1.6339 0.374, -0.2264 1.3189 0.374, -0.0689 1.2598 0.374, -0.0689 1.6929 0.374, -0.0689 1.752 0.374, -0.1476 1.752 0.374, -0.0689 2.126 0.374, -0.0689 2.185 0.374, -0.1476 2.185 0.374, -0.1476 2.5 0.374, -0.0689 0.7677 0.374, 1.6634 0.8268 0.374, 1.5846 0.7677 0.374, 1.6634 0.3937 0.374, 1.5846 0.4528 0.374, -0.0689 0.4528 0.374, -0.0689 1.6339 0.374, 1.6634 1.6929 0.374, 1.5846 1.6339 0.374, 1.6634 1.2598 0.374, 1.5846 1.3189 0.374, -0.0689 1.3189 0.374, -0.1476 -0.5315 0.374, -0.0689 -0.5315 0.374, 1.6634 -0.4724 0.374, 1.5846 -0.5315 0.374, 1.5846 -0.8465 0.374, -0.0689 -0.0394 0.374, -0.1476 0.0197 0.374, -0.1476 0.3347 0.374, -0.0689 0.3347 0.374, 1.5846 0.3347 0.374, 1.6634 -0.0394 0.374, 1.5846 0.0197 0.374, -0.0689 0.0197 0.374, 1.5846 0.8858 0.374, 1.5846 1.2008 0.374, -0.0689 1.2008 0.374, -0.1476 1.2008 0.374, 1.5846 1.752 0.374, 1.5846 2.0669 0.374, 1.6634 2.126 0.374, -0.0689 2.0669 0.374, -0.1476 2.0669 0.374, 1.5846 2.185 0.374, 1.5846 2.5 0.374, -0.0689 2.5 0.374, 1.6634 -0.0984 0.374, 0.0098 -0.0984 0.374, 0.0098 -0.4134 0.374, 1.6634 -0.4134 0.374, 1.7421 -0.4134 0.374, 2.5098 -0.4724 0.374, 1.7421 -0.0984 0.374, 2.5098 -0.0394 0.374, 2.5098 0.3937 0.374, 2.5098 0.8268 0.374, 2.5098 1.2598 0.374, 2.5098 1.6929 0.374, 2.5098 2.126 0.374, 1.6634 -1.2451 0.374, 2.5098 -1.2451 0.374, -0.0689 -1.6437 0.374, 1.6634 -1.6437 0.374, 2.5098 -1.6437 0.374, 2.5098 2.4237 0.6496, 2.5098 -0.5443 0.6496, 2.5098 1.5029 0.6496, 2.5098 0.3765 0.6496, -1.4862 2.8248 0.2559, -0.2264 0.5118 0.2165, -0.2264 0.5118 0.1575, -0.2264 0.7087 0.1575, -0.2264 0.7087 0.2165, -0.2264 1.378 0.2165, -0.2264 1.378 0.1575, -0.2264 1.5748 0.1575, -0.2264 1.5748 0.2165, -0.1476 -0.7874 0.2165, -0.1476 -0.7874 0.1575, -0.1476 -0.5905 0.1575, -0.1476 -0.5905 0.2165, -0.1476 0.0787 0.2165, -0.1476 0.0787 0.1575, -0.1476 0.2756 0.1575, -0.1476 0.2756 0.2165, -0.1476 0.9449 0.2165, -0.1476 0.9449 0.1575, -0.1476 1.1417 0.1575, -0.1476 1.1417 0.2165, -0.1476 2.0079 0.2165, -0.1476 1.811 0.2165, -0.1476 1.811 0.1575, -0.1476 2.0079 0.1575, -0.1476 2.4409 0.2165, -0.1476 2.2441 0.2165, -0.1476 2.2441 0.1575, -0.1476 2.4409 0.1575, 0.0098 -0.1575 0.2165, 0.0098 -0.3543 0.2165, 0.0098 -0.3543 0.1575, 0.0098 -0.1575 0.1575
            ]
        }
        coordIndex [
            0,1,2,-1,3,4,5,-1,6,7,8,-1,9,10,11,-1,12,13,14,-1,14,13,15,-1,16,17,18,-1,18,17,19,-1,18,19,20,-1,20,19,21,-1,20,21,22,-1,22,21,23,-1,22,23,24,-1,25,26,27,-1,28,29,30,-1,30,29,31,-1,30,31,32,-1,33,34,25,-1,25,34,35,-1,25,35,26,-1,24,36,22,-1,22,36,37,-1,22,37,38,-1,39,40,22,-1,22,40,41,-1,42,43,44,-1,44,43,45,-1,41,46,22,-1,22,46,45,-1,22,45,47,-1,47,45,43,-1,32,48,30,-1,30,48,49,-1,30,49,50,-1,38,51,22,-1,22,51,52,-1,22,52,39,-1,27,53,25,-1,25,53,54,-1,25,54,18,-1,18,54,55,-1,18,55,16,-1,12,56,57,-1,57,56,58,-1,57,58,59,-1,59,58,28,-1,60,61,62,-1,62,61,63,-1,62,63,64,-1,65,66,67,-1,67,66,68,-1,67,68,69,-1,69,68,70,-1,69,70,64,-1,64,70,71,-1,64,71,62,-1,72,73,74,-1,74,73,75,-1,74,75,76,-1,77,78,79,-1,79,78,80,-1,79,80,81,-1,81,80,82,-1,81,82,76,-1,76,82,83,-1,76,83,74,-1,10,84,85,-1,86,9,87,-1,85,84,88,-1,88,84,89,-1,88,89,90,-1,90,89,91,-1,90,91,92,-1,93,94,95,-1,95,94,96,-1,95,96,67,-1,67,96,97,-1,67,97,65,-1,65,97,98,-1,65,98,99,-1,100,101,99,-1,99,101,61,-1,99,61,65,-1,65,61,60,-1,65,60,66,-1,77,102,103,-1,102,77,104,-1,104,77,79,-1,104,79,105,-1,105,79,69,-1,105,69,106,-1,106,69,64,-1,106,64,107,-1,107,64,63,-1,107,63,103,-1,103,63,73,-1,103,73,77,-1,77,73,72,-1,77,72,78,-1,108,109,110,-1,111,108,112,-1,112,113,111,-1,111,113,114,-1,111,114,6,-1,115,116,117,-1,118,116,119,-1,6,114,119,-1,119,114,120,-1,119,120,118,-1,117,116,121,-1,121,116,118,-1,121,118,122,-1,122,118,123,-1,122,123,124,-1,109,108,125,-1,125,108,111,-1,125,111,126,-1,126,111,81,-1,126,81,127,-1,127,81,76,-1,127,76,128,-1,128,76,75,-1,128,75,110,-1,110,75,124,-1,110,124,108,-1,108,124,123,-1,108,123,112,-1,129,130,131,-1,132,133,134,-1,134,133,135,-1,134,135,136,-1,136,135,137,-1,136,137,138,-1,138,137,131,-1,139,140,141,-1,141,140,142,-1,131,137,129,-1,129,137,143,-1,129,143,144,-1,144,143,141,-1,144,141,145,-1,145,141,142,-1,145,142,146,-1,147,148,149,-1,7,150,151,-1,151,147,7,-1,7,147,149,-1,7,149,8,-1,8,149,152,-1,8,152,139,-1,139,152,153,-1,139,153,140,-1,140,153,154,-1,155,156,117,-1,117,156,157,-1,117,157,115,-1,9,86,92,-1,92,86,158,-1,92,158,90,-1,90,158,101,-1,90,101,93,-1,93,101,100,-1,93,100,94,-1,159,160,161,-1,162,163,159,-1,164,3,165,-1,165,166,164,-1,164,166,167,-1,164,167,168,-1,2,169,30,-1,30,169,170,-1,30,170,171,-1,171,170,172,-1,173,174,175,-1,50,33,30,-1,30,33,25,-1,30,25,2,-1,2,25,173,-1,2,173,0,-1,0,173,175,-1,0,175,172,-1,176,177,178,-1,179,180,181,-1,178,177,13,-1,13,177,182,-1,13,182,183,-1,184,185,183,-1,183,185,18,-1,183,18,13,-1,13,18,20,-1,13,20,15,-1,186,187,188,-1,188,187,189,-1,184,188,185,-1,185,188,189,-1,185,189,178,-1,178,189,179,-1,178,179,176,-1,176,179,181,-1,178,190,185,-1,185,190,191,-1,185,191,192,-1,191,193,192,-1,192,193,194,-1,192,194,195,-1,196,197,198,-1,198,197,199,-1,198,199,200,-1,195,201,192,-1,192,201,202,-1,192,202,203,-1,200,204,198,-1,198,204,205,-1,198,205,178,-1,178,205,206,-1,178,206,190,-1,203,207,192,-1,192,207,208,-1,192,208,198,-1,198,208,209,-1,198,209,196,-1,210,211,212,-1,213,133,214,-1,214,133,132,-1,214,132,215,-1,213,216,217,-1,217,216,192,-1,217,192,218,-1,218,192,198,-1,218,198,219,-1,219,198,133,-1,212,219,210,-1,210,219,133,-1,210,133,220,-1,220,133,213,-1,220,213,221,-1,221,213,217,-1,172,175,171,-1,171,175,222,-1,171,222,223,-1,6,8,111,-1,111,8,139,-1,111,139,81,-1,81,139,141,-1,81,141,79,-1,79,141,143,-1,79,143,69,-1,69,143,137,-1,69,137,67,-1,67,137,135,-1,67,135,95,-1,12,57,13,-1,13,57,224,-1,13,224,178,-1,178,224,85,-1,178,85,198,-1,198,85,88,-1,198,88,133,-1,133,88,225,-1,133,225,135,-1,135,225,226,-1,135,226,95,-1,95,226,227,-1,95,227,93,-1,93,227,228,-1,93,228,90,-1,90,228,229,-1,90,229,88,-1,88,229,230,-1,88,230,225,-1,28,30,59,-1,59,30,171,-1,59,171,231,-1,231,171,223,-1,231,223,232,-1,10,85,11,-1,11,85,224,-1,11,224,233,-1,233,224,57,-1,233,57,234,-1,234,57,59,-1,234,59,235,-1,235,59,231,-1,235,231,236,-1,236,231,232,-1,236,232,237,-1,9,11,87,-1,87,11,233,-1,87,233,238,-1,238,233,234,-1,238,234,239,-1,239,234,235,-1,239,235,165,-1,165,235,236,-1,165,236,166,-1,166,236,237,-1,166,237,167,-1,3,5,165,-1,165,5,240,-1,165,240,239,-1,239,240,162,-1,239,162,238,-1,238,162,159,-1,238,159,87,-1,87,159,161,-1,87,161,86,-1,241,121,122,-1,241,242,243,-1,243,242,244,-1,245,244,246,-1,246,244,242,-1,246,242,247,-1,247,242,248,-1,247,248,249,-1,249,248,250,-1,249,250,245,-1,245,250,244,-1,251,250,252,-1,252,250,248,-1,252,248,253,-1,253,248,254,-1,253,254,255,-1,255,254,256,-1,255,256,251,-1,251,256,250,-1,257,256,258,-1,258,256,254,-1,258,254,259,-1,259,254,260,-1,259,260,261,-1,261,260,262,-1,261,262,257,-1,257,262,256,-1,263,262,264,-1,264,262,260,-1,264,260,265,-1,265,260,266,-1,265,266,267,-1,267,266,268,-1,267,268,263,-1,263,268,262,-1,269,268,270,-1,270,268,266,-1,270,266,271,-1,271,266,272,-1,271,272,273,-1,273,272,274,-1,273,274,269,-1,269,274,268,-1,275,274,276,-1,276,274,272,-1,276,272,277,-1,277,272,278,-1,277,278,279,-1,279,278,280,-1,279,280,275,-1,275,280,274,-1,281,280,282,-1,282,280,278,-1,282,278,283,-1,283,278,284,-1,283,284,285,-1,285,284,286,-1,285,286,281,-1,281,286,280,-1,287,286,288,-1,288,286,284,-1,288,284,289,-1,289,284,290,-1,289,290,291,-1,291,290,292,-1,291,292,287,-1,287,292,286,-1,241,122,242,-1,242,122,124,-1,242,124,248,-1,248,124,75,-1,248,75,254,-1,254,75,73,-1,254,73,260,-1,260,73,63,-1,260,63,266,-1,266,63,61,-1,266,61,272,-1,272,61,101,-1,272,101,278,-1,278,101,158,-1,278,158,284,-1,284,158,86,-1,284,86,290,-1,293,294,295,-1,295,294,296,-1,297,298,299,-1,299,298,300,-1,299,300,301,-1,301,300,302,-1,300,150,7,-1,303,302,304,-1,304,302,300,-1,116,304,119,-1,119,304,300,-1,119,300,6,-1,6,300,7,-1,305,173,25,-1,306,305,307,-1,307,305,308,-1,307,308,309,-1,309,308,310,-1,311,294,293,-1,151,150,312,-1,312,150,300,-1,25,18,305,-1,305,18,185,-1,305,185,308,-1,308,185,192,-1,308,192,216,-1,310,130,309,-1,309,130,129,-1,309,129,144,-1,293,309,311,-1,311,309,313,-1,311,313,314,-1,314,313,312,-1,314,312,298,-1,298,312,300,-1,144,145,309,-1,309,145,146,-1,309,146,313,-1,223,222,315,-1,168,167,316,-1,316,167,237,-1,316,237,315,-1,315,237,232,-1,315,232,223,-1,317,318,319,-1,162,319,163,-1,163,319,320,-1,163,320,321,-1,4,317,5,-1,5,317,319,-1,5,319,240,-1,240,319,162,-1,306,322,305,-1,305,322,323,-1,323,318,324,-1,324,318,317,-1,315,325,305,-1,323,324,305,-1,305,324,316,-1,305,316,315,-1,325,174,305,-1,305,174,173,-1,174,325,175,-1,175,325,315,-1,175,315,222,-1,3,324,4,-1,4,324,317,-1,168,316,164,-1,164,316,324,-1,164,324,3,-1,163,321,159,-1,159,321,326,-1,159,326,160,-1,290,86,161,-1,292,290,327,-1,327,290,161,-1,327,161,326,-1,326,161,160,-1,121,241,117,-1,117,241,301,-1,117,301,155,-1,241,243,301,-1,301,243,328,-1,301,328,299,-1,299,328,329,-1,299,329,330,-1,331,156,303,-1,303,156,155,-1,303,155,302,-1,302,155,301,-1,320,319,332,-1,280,286,333,-1,321,320,326,-1,326,320,334,-1,326,334,327,-1,334,335,336,-1,336,335,337,-1,338,268,339,-1,339,268,274,-1,339,274,340,-1,341,342,343,-1,344,256,345,-1,345,256,262,-1,345,262,346,-1,347,348,349,-1,350,351,352,-1,353,244,352,-1,352,244,250,-1,352,250,350,-1,341,354,355,-1,355,354,356,-1,355,356,357,-1,357,356,358,-1,357,358,340,-1,340,358,359,-1,340,359,339,-1,347,360,361,-1,361,360,362,-1,361,362,363,-1,363,362,364,-1,363,364,346,-1,346,364,365,-1,346,365,345,-1,327,334,292,-1,292,334,336,-1,292,336,286,-1,286,336,366,-1,286,366,333,-1,333,366,367,-1,333,367,368,-1,368,367,369,-1,368,369,370,-1,333,371,280,-1,280,371,372,-1,280,372,274,-1,274,372,373,-1,274,373,340,-1,340,373,374,-1,340,374,357,-1,357,374,375,-1,357,375,376,-1,376,375,377,-1,376,377,371,-1,371,377,378,-1,371,378,372,-1,342,341,379,-1,379,341,355,-1,379,355,380,-1,380,355,363,-1,380,363,381,-1,381,363,346,-1,381,346,382,-1,382,346,262,-1,382,262,343,-1,343,262,268,-1,343,268,341,-1,341,268,338,-1,341,338,354,-1,348,347,383,-1,383,347,361,-1,383,361,384,-1,384,361,385,-1,384,385,386,-1,386,385,350,-1,386,350,387,-1,387,350,250,-1,387,250,349,-1,349,250,256,-1,349,256,347,-1,347,256,344,-1,347,344,360,-1,351,350,388,-1,388,350,385,-1,388,385,389,-1,389,385,329,-1,389,329,390,-1,390,329,328,-1,390,328,353,-1,353,328,243,-1,353,243,244,-1,391,376,392,-1,392,376,371,-1,392,371,393,-1,393,371,333,-1,393,333,394,-1,394,333,368,-1,394,368,395,-1,395,368,396,-1,395,396,397,-1,397,396,398,-1,391,397,376,-1,376,397,398,-1,376,398,357,-1,357,398,399,-1,357,399,355,-1,355,399,400,-1,355,400,363,-1,363,400,401,-1,363,401,361,-1,361,401,402,-1,361,402,385,-1,385,402,403,-1,385,403,329,-1,329,403,330,-1,337,335,370,-1,370,335,404,-1,370,404,368,-1,368,404,405,-1,368,405,396,-1,320,332,334,-1,334,332,406,-1,334,406,335,-1,335,406,407,-1,335,407,404,-1,404,407,408,-1,404,408,405,-1,408,407,323,-1,323,407,406,-1,323,406,318,-1,318,406,332,-1,318,332,319,-1,409,297,299,-1,408,323,405,-1,405,323,322,-1,405,322,410,-1,299,330,409,-1,409,330,403,-1,409,403,411,-1,412,295,400,-1,400,295,296,-1,400,296,401,-1,401,296,411,-1,401,411,402,-1,402,411,403,-1,400,399,412,-1,412,399,398,-1,412,398,410,-1,410,398,396,-1,410,396,405,-1,156,331,157,-1,157,331,413,-1,157,413,115,-1,413,304,115,-1,115,304,116,-1,303,304,331,-1,331,304,413,-1,409,314,297,-1,297,314,298,-1,311,411,294,-1,294,411,296,-1,411,311,409,-1,409,311,314,-1,412,309,295,-1,295,309,293,-1,307,410,306,-1,306,410,322,-1,410,307,412,-1,412,307,309,-1,60,339,66,-1,66,339,359,-1,66,359,68,-1,68,359,358,-1,68,358,70,-1,70,358,356,-1,70,356,71,-1,71,356,354,-1,71,354,62,-1,62,354,338,-1,414,339,415,-1,415,339,60,-1,415,60,416,-1,416,60,62,-1,416,62,417,-1,417,62,338,-1,417,338,414,-1,414,338,339,-1,107,343,106,-1,106,343,342,-1,106,342,105,-1,105,342,379,-1,105,379,104,-1,104,379,380,-1,382,103,381,-1,381,103,102,-1,381,102,380,-1,380,102,104,-1,100,372,94,-1,94,372,378,-1,94,378,96,-1,96,378,377,-1,96,377,97,-1,97,377,375,-1,373,99,374,-1,374,99,98,-1,374,98,375,-1,375,98,97,-1,123,352,112,-1,112,352,351,-1,112,351,113,-1,113,351,388,-1,113,388,114,-1,114,388,389,-1,353,118,390,-1,390,118,120,-1,390,120,389,-1,389,120,114,-1,128,349,127,-1,127,349,348,-1,127,348,126,-1,126,348,383,-1,126,383,125,-1,125,383,384,-1,387,110,386,-1,386,110,109,-1,386,109,384,-1,384,109,125,-1,72,345,78,-1,78,345,365,-1,78,365,80,-1,80,365,364,-1,80,364,82,-1,82,364,362,-1,82,362,83,-1,83,362,360,-1,83,360,74,-1,74,360,344,-1,418,345,419,-1,419,345,72,-1,419,72,420,-1,420,72,74,-1,420,74,421,-1,421,74,344,-1,421,344,418,-1,418,344,345,-1,229,393,230,-1,230,393,394,-1,230,394,225,-1,225,394,395,-1,392,228,391,-1,391,228,227,-1,391,227,397,-1,397,227,226,-1,9,336,10,-1,10,336,337,-1,10,337,84,-1,84,337,370,-1,84,370,89,-1,89,370,369,-1,366,92,367,-1,367,92,91,-1,367,91,369,-1,369,91,89,-1,422,336,423,-1,423,336,9,-1,423,9,424,-1,424,9,92,-1,424,92,425,-1,425,92,366,-1,425,366,422,-1,422,366,336,-1,426,372,427,-1,427,372,100,-1,427,100,428,-1,428,100,99,-1,428,99,429,-1,429,99,373,-1,429,373,426,-1,426,373,372,-1,430,343,431,-1,431,343,107,-1,431,107,432,-1,432,107,103,-1,432,103,433,-1,433,103,382,-1,433,382,430,-1,430,382,343,-1,434,387,435,-1,435,387,349,-1,435,349,436,-1,436,349,128,-1,436,128,437,-1,437,128,110,-1,437,110,434,-1,434,110,387,-1,438,353,439,-1,439,353,352,-1,439,352,440,-1,440,352,123,-1,440,123,441,-1,441,123,118,-1,441,118,438,-1,438,118,353,-1,442,392,443,-1,443,392,393,-1,443,393,444,-1,444,393,229,-1,444,229,445,-1,445,229,228,-1,445,228,442,-1,442,228,392,-1,395,397,225,-1,225,397,226,-1,
        ]
    }
}
Shape{
    appearance Appearance {
        material  Material 	{
            diffuseColor 0.6666666666666666 0.6666666666666666 0.6666666666666666
            specularColor 0.4666666666666667 0.4666666666666667 0.4666666666666667
            ambientIntensity 0.6667
            transparency 0.0
            shininess 0.5
        }
    }
    geometry IndexedFaceSet {
        ccw TRUE
        solid FALSE
        coord DEF co Coordinate {
            point [
                -0.8169 -0.6299 0.2165, -1.0273 -0.6299 0.2165, -0.8169 -0.748 0.2165, -1.0273 -0.748 0.2165, -0.9997 -0.748 0.1575, -0.9997 -0.6299 0.1575, -0.8169 -0.748 0.1575, -0.8169 -0.6299 0.1575, -1.1594 -0.6299 0.0591, -1.1319 -0.6299 0.0, -1.3681 -0.6299 0.0591, -1.3681 -0.6299 0.0, -1.1319 -0.748 0.0, -1.1594 -0.748 0.0591, -1.3681 -0.748 0.0, -1.3681 -0.748 0.0591
            ]
        }
        coordIndex [
            0,1,2,-1,2,1,3,-1,4,5,6,-1,6,5,7,-1,0,7,1,-1,1,7,5,-1,1,5,8,-1,8,5,9,-1,8,9,10,-1,10,9,11,-1,6,2,4,-1,4,2,3,-1,4,3,12,-1,12,3,13,-1,12,13,14,-1,14,13,15,-1,9,5,12,-1,12,5,4,-1,11,9,14,-1,14,9,12,-1,10,11,15,-1,15,11,14,-1,8,10,13,-1,13,10,15,-1,1,8,3,-1,3,8,13,-1,
        ]
    }
}
Shape{
    appearance Appearance {
        material  Material 	{
            diffuseColor 0.8274509803921568 0.6666666666666666 0.12941176470588237
            specularColor 0.8274509803921568 0.6666666666666666 0.12941176470588237
            ambientIntensity 0.6535
            transparency 0.0
            shininess 0.5
        }
    }
    geometry IndexedFaceSet {
        ccw TRUE
        solid FALSE
        coord DEF co Coordinate {
            point [
                0.8711 -0.5905 0.4533, 0.8711 -0.7874 0.4533, 0.9183 -0.7874 0.5059, 0.9183 -0.5905 0.5059, 0.9766 -0.7874 0.5461, 0.9766 -0.5905 0.5461, 1.0427 -0.7874 0.5715, 1.0427 -0.5905 0.5715, 1.1128 -0.7874 0.5807, 1.1128 -0.5905 0.5807, 1.1832 -0.7874 0.5732, 1.1832 -0.5905 0.5732, 1.2499 -0.7874 0.5495, 1.2499 -0.5905 0.5495, 1.3091 -0.7874 0.5109, 1.3091 -0.5905 0.5109
            ]
        }
        coordIndex [
            0,1,2,-1,0,2,3,-1,3,2,4,-1,3,4,5,-1,5,4,6,-1,5,6,7,-1,7,6,8,-1,7,8,9,-1,9,8,10,-1,9,10,11,-1,11,10,12,-1,11,12,13,-1,13,12,14,-1,13,14,15,-1,
        ]
    }
}
Shape{
    appearance Appearance {
        material  Material 	{
            diffuseColor 0.6666666666666666 0.6666666666666666 0.6666666666666666
            specularColor 0.4666666666666667 0.4666666666666667 0.4666666666666667
            ambientIntensity 0.6667
            transparency 0.0
            shininess 0.5
        }
    }
    geometry IndexedFaceSet {
        ccw TRUE
        solid FALSE
        coord DEF co Coordinate {
            point [
                1.2713 -0.5905 0.4655, 1.3091 -0.5905 0.5109, 1.2713 -0.7874 0.4655, 1.3091 -0.7874 0.5109, 1.2211 -0.5905 0.4978, 1.2211 -0.7874 0.4978, 1.1646 -0.5905 0.5168, 1.1646 -0.7874 0.5168, 1.1051 -0.5905 0.5214, 1.1051 -0.7874 0.5214, 1.0463 -0.5905 0.5112, 1.0463 -0.7874 0.5112, 0.9918 -0.5905 0.4869, 0.9918 -0.7874 0.4869, 0.945 -0.5905 0.4499, 0.945 -0.7874 0.4499, 0.9086 -0.5905 0.4026, 0.9086 -0.7874 0.4026, 0.0532 -0.5905 0.1575, 0.0532 -0.7874 0.1575, -0.1476 -0.5905 0.1575, -0.1476 -0.7874 0.1575, 0.0449 -0.5905 0.2165, -0.1476 -0.5905 0.2165, 0.0449 -0.7874 0.2165, -0.1476 -0.7874 0.2165, 0.8711 -0.5905 0.4533, 0.8711 -0.7874 0.4533, 0.9183 -0.5905 0.5059, 0.9766 -0.5905 0.5461, 1.0427 -0.5905 0.5715, 1.1128 -0.5905 0.5807, 1.1832 -0.5905 0.5732, 1.2499 -0.5905 0.5495, 1.2499 -0.7874 0.5495, 1.1832 -0.7874 0.5732, 1.1128 -0.7874 0.5807, 1.0427 -0.7874 0.5715, 0.9766 -0.7874 0.5461, 0.9183 -0.7874 0.5059, -0.8169 -0.1968 0.2165, -0.8698 -0.1968 0.2165, -0.8169 -0.315 0.2165, -0.8698 -0.315 0.2165, -0.8423 -0.315 0.1575, -0.8423 -0.1968 0.1575, -0.8169 -0.315 0.1575, -0.8169 -0.1968 0.1575, -1.0019 -0.1968 0.0591, -0.9744 -0.1968 0.0, -1.2106 -0.1968 0.0591, -1.2106 -0.1968 0.0, -0.9744 -0.315 0.0, -1.0019 -0.315 0.0591, -1.2106 -0.315 0.0, -1.2106 -0.315 0.0591, -0.8169 0.2362 0.2165, -1.0273 0.2362 0.2165, -0.8169 0.1181 0.2165, -1.0273 0.1181 0.2165, -0.9997 0.1181 0.1575, -0.9997 0.2362 0.1575, -0.8169 0.1181 0.1575, -0.8169 0.2362 0.1575, -1.1594 0.2362 0.0591, -1.1319 0.2362 0.0, -1.3681 0.2362 0.0591, -1.3681 0.2362 0.0, -1.1319 0.1181 0.0, -1.1594 0.1181 0.0591, -1.3681 0.1181 0.0, -1.3681 0.1181 0.0591, -0.8169 0.6693 0.2165, -1.106 0.6693 0.2165, -0.8169 0.5512 0.2165, -1.106 0.5512 0.2165, -1.0785 0.6693 0.1575, -0.8169 0.6693 0.1575, -1.0785 0.5512 0.1575, -0.8169 0.5512 0.1575, -1.2106 0.6693 0.0, -1.2106 0.5512 0.0, -1.4469 0.6693 0.0, -1.4469 0.5512 0.0, -1.4469 0.6693 0.0591, -1.4469 0.5512 0.0591, -1.2382 0.6693 0.0591, -1.2382 0.5512 0.0591, -0.8169 1.1024 0.2165, -1.0273 1.1024 0.2165, -0.8169 0.9843 0.2165, -1.0273 0.9843 0.2165, -0.9997 0.9843 0.1575, -0.9997 1.1024 0.1575, -0.8169 0.9843 0.1575, -0.8169 1.1024 0.1575, -1.1594 1.1024 0.0591, -1.1319 1.1024 0.0, -1.3681 1.1024 0.0591, -1.3681 1.1024 0.0, -1.1319 0.9843 0.0, -1.1594 0.9843 0.0591, -1.3681 0.9843 0.0, -1.3681 0.9843 0.0591, -0.8169 1.5354 0.2165, -1.106 1.5354 0.2165, -0.8169 1.4173 0.2165, -1.106 1.4173 0.2165, -1.0785 1.5354 0.1575, -0.8169 1.5354 0.1575, -1.0785 1.4173 0.1575, -0.8169 1.4173 0.1575, -1.2106 1.5354 0.0, -1.2106 1.4173 0.0, -1.4469 1.5354 0.0, -1.4469 1.4173 0.0, -1.4469 1.5354 0.0591, -1.4469 1.4173 0.0591, -1.2382 1.5354 0.0591, -1.2382 1.4173 0.0591, -0.8169 1.9685 0.2165, -1.0273 1.9685 0.2165, -0.8169 1.8504 0.2165, -1.0273 1.8504 0.2165, -0.9997 1.8504 0.1575, -0.9997 1.9685 0.1575, -0.8169 1.8504 0.1575, -0.8169 1.9685 0.1575, -1.1594 1.9685 0.0591, -1.1319 1.9685 0.0, -1.3681 1.9685 0.0591, -1.3681 1.9685 0.0, -1.1319 1.8504 0.0, -1.1594 1.8504 0.0591, -1.3681 1.8504 0.0, -1.3681 1.8504 0.0591, -0.8169 2.4016 0.2165, -1.0273 2.4016 0.2165, -0.8169 2.2835 0.2165, -1.0273 2.2835 0.2165, -0.9997 2.2835 0.1575, -0.9997 2.4016 0.1575, -0.8169 2.2835 0.1575, -0.8169 2.4016 0.1575, -1.1594 2.4016 0.0591, -1.1319 2.4016 0.0, -1.3681 2.4016 0.0591, -1.3681 2.4016 0.0, -1.1319 2.2835 0.0, -1.1594 2.2835 0.0591, -1.3681 2.2835 0.0, -1.3681 2.2835 0.0591
            ]
        }
        coordIndex [
            0,1,2,-1,2,1,3,-1,0,2,4,-1,4,2,5,-1,4,5,6,-1,6,5,7,-1,6,7,8,-1,8,7,9,-1,8,9,10,-1,10,9,11,-1,10,11,12,-1,12,11,13,-1,12,13,14,-1,14,13,15,-1,14,15,16,-1,16,15,17,-1,18,16,19,-1,19,16,17,-1,20,18,21,-1,21,18,19,-1,22,23,24,-1,24,23,25,-1,26,22,27,-1,27,22,24,-1,20,23,18,-1,18,23,22,-1,18,22,16,-1,16,22,26,-1,16,26,14,-1,14,26,28,-1,14,28,12,-1,12,28,29,-1,12,29,10,-1,10,29,30,-1,10,30,8,-1,8,30,31,-1,8,31,6,-1,6,31,32,-1,6,32,4,-1,4,32,33,-1,4,33,0,-1,0,33,1,-1,2,3,5,-1,5,3,34,-1,5,34,7,-1,7,34,35,-1,7,35,9,-1,9,35,36,-1,9,36,11,-1,11,36,37,-1,11,37,13,-1,13,37,38,-1,13,38,15,-1,15,38,39,-1,15,39,17,-1,17,39,27,-1,17,27,19,-1,19,27,24,-1,19,24,21,-1,21,24,25,-1,40,41,42,-1,42,41,43,-1,44,45,46,-1,46,45,47,-1,40,47,41,-1,41,47,45,-1,41,45,48,-1,48,45,49,-1,48,49,50,-1,50,49,51,-1,46,42,44,-1,44,42,43,-1,44,43,52,-1,52,43,53,-1,52,53,54,-1,54,53,55,-1,49,45,52,-1,52,45,44,-1,51,49,54,-1,54,49,52,-1,50,51,55,-1,55,51,54,-1,48,50,53,-1,53,50,55,-1,41,48,43,-1,43,48,53,-1,56,57,58,-1,58,57,59,-1,60,61,62,-1,62,61,63,-1,56,63,57,-1,57,63,61,-1,57,61,64,-1,64,61,65,-1,64,65,66,-1,66,65,67,-1,62,58,60,-1,60,58,59,-1,60,59,68,-1,68,59,69,-1,68,69,70,-1,70,69,71,-1,65,61,68,-1,68,61,60,-1,67,65,70,-1,70,65,68,-1,66,67,71,-1,71,67,70,-1,64,66,69,-1,69,66,71,-1,57,64,59,-1,59,64,69,-1,72,73,74,-1,74,73,75,-1,76,77,78,-1,78,77,79,-1,80,76,81,-1,81,76,78,-1,82,80,83,-1,83,80,81,-1,84,82,85,-1,85,82,83,-1,86,84,87,-1,87,84,85,-1,73,86,75,-1,75,86,87,-1,72,77,73,-1,73,77,76,-1,73,76,86,-1,86,76,80,-1,86,80,84,-1,84,80,82,-1,79,74,78,-1,78,74,75,-1,78,75,81,-1,81,75,87,-1,81,87,83,-1,83,87,85,-1,88,89,90,-1,90,89,91,-1,92,93,94,-1,94,93,95,-1,88,95,89,-1,89,95,93,-1,89,93,96,-1,96,93,97,-1,96,97,98,-1,98,97,99,-1,94,90,92,-1,92,90,91,-1,92,91,100,-1,100,91,101,-1,100,101,102,-1,102,101,103,-1,97,93,100,-1,100,93,92,-1,99,97,102,-1,102,97,100,-1,98,99,103,-1,103,99,102,-1,96,98,101,-1,101,98,103,-1,89,96,91,-1,91,96,101,-1,104,105,106,-1,106,105,107,-1,108,109,110,-1,110,109,111,-1,112,108,113,-1,113,108,110,-1,114,112,115,-1,115,112,113,-1,116,114,117,-1,117,114,115,-1,118,116,119,-1,119,116,117,-1,105,118,107,-1,107,118,119,-1,104,109,105,-1,105,109,108,-1,105,108,118,-1,118,108,112,-1,118,112,116,-1,116,112,114,-1,111,106,110,-1,110,106,107,-1,110,107,113,-1,113,107,119,-1,113,119,115,-1,115,119,117,-1,120,121,122,-1,122,121,123,-1,124,125,126,-1,126,125,127,-1,120,127,121,-1,121,127,125,-1,121,125,128,-1,128,125,129,-1,128,129,130,-1,130,129,131,-1,126,122,124,-1,124,122,123,-1,124,123,132,-1,132,123,133,-1,132,133,134,-1,134,133,135,-1,129,125,132,-1,132,125,124,-1,131,129,134,-1,134,129,132,-1,130,131,135,-1,135,131,134,-1,128,130,133,-1,133,130,135,-1,121,128,123,-1,123,128,133,-1,136,137,138,-1,138,137,139,-1,140,141,142,-1,142,141,143,-1,136,143,137,-1,137,143,141,-1,137,141,144,-1,144,141,145,-1,144,145,146,-1,146,145,147,-1,142,138,140,-1,140,138,139,-1,140,139,148,-1,148,139,149,-1,148,149,150,-1,150,149,151,-1,145,141,148,-1,148,141,140,-1,147,145,150,-1,150,145,148,-1,146,147,151,-1,151,147,150,-1,144,146,149,-1,149,146,151,-1,137,144,139,-1,139,144,149,-1,
        ]
    }
}
Shape{
    appearance Appearance {
        material  Material 	{
            diffuseColor 0.8274509803921568 0.6666666666666666 0.12941176470588237
            specularColor 0.8274509803921568 0.6666666666666666 0.12941176470588237
            ambientIntensity 0.6535
            transparency 0.0
            shininess 0.5
        }
    }
    geometry IndexedFaceSet {
        ccw TRUE
        solid FALSE
        coord DEF co Coordinate {
            point [
                1.0285 -0.1575 0.4533, 1.0285 -0.3543 0.4533, 1.0758 -0.3543 0.5059, 1.0758 -0.1575 0.5059, 1.1341 -0.3543 0.5461, 1.1341 -0.1575 0.5461, 1.2001 -0.3543 0.5715, 1.2001 -0.1575 0.5715, 1.2703 -0.3543 0.5807, 1.2703 -0.1575 0.5807, 1.3407 -0.3543 0.5732, 1.3407 -0.1575 0.5732, 1.4073 -0.3543 0.5495, 1.4073 -0.1575 0.5495, 1.4666 -0.3543 0.5109, 1.4666 -0.1575 0.5109
            ]
        }
        coordIndex [
            0,1,2,-1,0,2,3,-1,3,2,4,-1,3,4,5,-1,5,4,6,-1,5,6,7,-1,7,6,8,-1,7,8,9,-1,9,8,10,-1,9,10,11,-1,11,10,12,-1,11,12,13,-1,13,12,14,-1,13,14,15,-1,
        ]
    }
}
Shape{
    appearance Appearance {
        material  Material 	{
            diffuseColor 0.6666666666666666 0.6666666666666666 0.6666666666666666
            specularColor 0.4666666666666667 0.4666666666666667 0.4666666666666667
            ambientIntensity 0.6667
            transparency 0.0
            shininess 0.5
        }
    }
    geometry IndexedFaceSet {
        ccw TRUE
        solid FALSE
        coord DEF co Coordinate {
            point [
                1.4288 -0.1575 0.4655, 1.4666 -0.1575 0.5109, 1.4288 -0.3543 0.4655, 1.4666 -0.3543 0.5109, 1.3786 -0.1575 0.4978, 1.3786 -0.3543 0.4978, 1.322 -0.1575 0.5168, 1.322 -0.3543 0.5168, 1.2626 -0.1575 0.5214, 1.2626 -0.3543 0.5214, 1.2038 -0.1575 0.5112, 1.2038 -0.3543 0.5112, 1.1493 -0.1575 0.4869, 1.1493 -0.3543 0.4869, 1.1024 -0.1575 0.4499, 1.1024 -0.3543 0.4499, 1.0661 -0.1575 0.4026, 1.0661 -0.3543 0.4026, 0.2107 -0.1575 0.1575, 0.2107 -0.3543 0.1575, 0.0098 -0.1575 0.1575, 0.0098 -0.3543 0.1575, 0.2024 -0.1575 0.2165, 0.0098 -0.1575 0.2165, 0.2024 -0.3543 0.2165, 0.0098 -0.3543 0.2165, 1.0285 -0.1575 0.4533, 1.0285 -0.3543 0.4533, 1.0758 -0.1575 0.5059, 1.1341 -0.1575 0.5461, 1.2001 -0.1575 0.5715, 1.2703 -0.1575 0.5807, 1.3407 -0.1575 0.5732, 1.4073 -0.1575 0.5495, 1.4073 -0.3543 0.5495, 1.3407 -0.3543 0.5732, 1.2703 -0.3543 0.5807, 1.2001 -0.3543 0.5715, 1.1341 -0.3543 0.5461, 1.0758 -0.3543 0.5059
            ]
        }
        coordIndex [
            0,1,2,-1,2,1,3,-1,0,2,4,-1,4,2,5,-1,4,5,6,-1,6,5,7,-1,6,7,8,-1,8,7,9,-1,8,9,10,-1,10,9,11,-1,10,11,12,-1,12,11,13,-1,12,13,14,-1,14,13,15,-1,14,15,16,-1,16,15,17,-1,18,16,19,-1,19,16,17,-1,20,18,21,-1,21,18,19,-1,22,23,24,-1,24,23,25,-1,26,22,27,-1,27,22,24,-1,20,23,18,-1,18,23,22,-1,18,22,16,-1,16,22,26,-1,16,26,14,-1,14,26,28,-1,14,28,12,-1,12,28,29,-1,12,29,10,-1,10,29,30,-1,10,30,8,-1,8,30,31,-1,8,31,6,-1,6,31,32,-1,6,32,4,-1,4,32,33,-1,4,33,0,-1,0,33,1,-1,2,3,5,-1,5,3,34,-1,5,34,7,-1,7,34,35,-1,7,35,9,-1,9,35,36,-1,9,36,11,-1,11,36,37,-1,11,37,13,-1,13,37,38,-1,13,38,15,-1,15,38,39,-1,15,39,17,-1,17,39,27,-1,17,27,19,-1,19,27,24,-1,19,24,21,-1,21,24,25,-1,
        ]
    }
}
Shape{
    appearance Appearance {
        material  Material 	{
            diffuseColor 0.8274509803921568 0.6666666666666666 0.12941176470588237
            specularColor 0.8274509803921568 0.6666666666666666 0.12941176470588237
            ambientIntensity 0.6535
            transparency 0.0
            shininess 0.5
        }
    }
    geometry IndexedFaceSet {
        ccw TRUE
        solid FALSE
        coord DEF co Coordinate {
            point [
                0.8711 0.2756 0.4533, 0.8711 0.0787 0.4533, 0.9183 0.0787 0.5059, 0.9183 0.2756 0.5059, 0.9766 0.0787 0.5461, 0.9766 0.2756 0.5461, 1.0427 0.0787 0.5715, 1.0427 0.2756 0.5715, 1.1128 0.0787 0.5807, 1.1128 0.2756 0.5807, 1.1832 0.0787 0.5732, 1.1832 0.2756 0.5732, 1.2499 0.0787 0.5495, 1.2499 0.2756 0.5495, 1.3091 0.0787 0.5109, 1.3091 0.2756 0.5109
            ]
        }
        coordIndex [
            0,1,2,-1,0,2,3,-1,3,2,4,-1,3,4,5,-1,5,4,6,-1,5,6,7,-1,7,6,8,-1,7,8,9,-1,9,8,10,-1,9,10,11,-1,11,10,12,-1,11,12,13,-1,13,12,14,-1,13,14,15,-1,
        ]
    }
}
Shape{
    appearance Appearance {
        material  Material 	{
            diffuseColor 0.6666666666666666 0.6666666666666666 0.6666666666666666
            specularColor 0.4666666666666667 0.4666666666666667 0.4666666666666667
            ambientIntensity 0.6667
            transparency 0.0
            shininess 0.5
        }
    }
    geometry IndexedFaceSet {
        ccw TRUE
        solid FALSE
        coord DEF co Coordinate {
            point [
                1.2713 0.2756 0.4655, 1.3091 0.2756 0.5109, 1.2713 0.0787 0.4655, 1.3091 0.0787 0.5109, 1.2211 0.2756 0.4978, 1.2211 0.0787 0.4978, 1.1646 0.2756 0.5168, 1.1646 0.0787 0.5168, 1.1051 0.2756 0.5214, 1.1051 0.0787 0.5214, 1.0463 0.2756 0.5112, 1.0463 0.0787 0.5112, 0.9918 0.2756 0.4869, 0.9918 0.0787 0.4869, 0.945 0.2756 0.4499, 0.945 0.0787 0.4499, 0.9086 0.2756 0.4026, 0.9086 0.0787 0.4026, 0.0532 0.2756 0.1575, 0.0532 0.0787 0.1575, -0.1476 0.2756 0.1575, -0.1476 0.0787 0.1575, 0.0449 0.2756 0.2165, -0.1476 0.2756 0.2165, 0.0449 0.0787 0.2165, -0.1476 0.0787 0.2165, 0.8711 0.2756 0.4533, 0.8711 0.0787 0.4533, 0.9183 0.2756 0.5059, 0.9766 0.2756 0.5461, 1.0427 0.2756 0.5715, 1.1128 0.2756 0.5807, 1.1832 0.2756 0.5732, 1.2499 0.2756 0.5495, 1.2499 0.0787 0.5495, 1.1832 0.0787 0.5732, 1.1128 0.0787 0.5807, 1.0427 0.0787 0.5715, 0.9766 0.0787 0.5461, 0.9183 0.0787 0.5059
            ]
        }
        coordIndex [
            0,1,2,-1,2,1,3,-1,0,2,4,-1,4,2,5,-1,4,5,6,-1,6,5,7,-1,6,7,8,-1,8,7,9,-1,8,9,10,-1,10,9,11,-1,10,11,12,-1,12,11,13,-1,12,13,14,-1,14,13,15,-1,14,15,16,-1,16,15,17,-1,18,16,19,-1,19,16,17,-1,20,18,21,-1,21,18,19,-1,22,23,24,-1,24,23,25,-1,26,22,27,-1,27,22,24,-1,20,23,18,-1,18,23,22,-1,18,22,16,-1,16,22,26,-1,16,26,14,-1,14,26,28,-1,14,28,12,-1,12,28,29,-1,12,29,10,-1,10,29,30,-1,10,30,8,-1,8,30,31,-1,8,31,6,-1,6,31,32,-1,6,32,4,-1,4,32,33,-1,4,33,0,-1,0,33,1,-1,2,3,5,-1,5,3,34,-1,5,34,7,-1,7,34,35,-1,7,35,9,-1,9,35,36,-1,9,36,11,-1,11,36,37,-1,11,37,13,-1,13,37,38,-1,13,38,15,-1,15,38,39,-1,15,39,17,-1,17,39,27,-1,17,27,19,-1,19,27,24,-1,19,24,21,-1,21,24,25,-1,
        ]
    }
}
Shape{
    appearance Appearance {
        material  Material 	{
            diffuseColor 0.8274509803921568 0.6666666666666666 0.12941176470588237
            specularColor 0.8274509803921568 0.6666666666666666 0.12941176470588237
            ambientIntensity 0.6535
            transparency 0.0
            shininess 0.5
        }
    }
    geometry IndexedFaceSet {
        ccw TRUE
        solid FALSE
        coord DEF co Coordinate {
            point [
                0.7923 0.7087 0.4533, 0.7923 0.5118 0.4533, 0.8396 0.5118 0.5059, 0.8396 0.7087 0.5059, 0.8979 0.5118 0.5461, 0.8979 0.7087 0.5461, 0.9639 0.5118 0.5715, 0.9639 0.7087 0.5715, 1.0341 0.5118 0.5807, 1.0341 0.7087 0.5807, 1.1045 0.5118 0.5732, 1.1045 0.7087 0.5732, 1.1711 0.5118 0.5495, 1.1711 0.7087 0.5495, 1.2304 0.5118 0.5109, 1.2304 0.7087 0.5109
            ]
        }
        coordIndex [
            0,1,2,-1,0,2,3,-1,3,2,4,-1,3,4,5,-1,5,4,6,-1,5,6,7,-1,7,6,8,-1,7,8,9,-1,9,8,10,-1,9,10,11,-1,11,10,12,-1,11,12,13,-1,13,12,14,-1,13,14,15,-1,
        ]
    }
}
Shape{
    appearance Appearance {
        material  Material 	{
            diffuseColor 0.6666666666666666 0.6666666666666666 0.6666666666666666
            specularColor 0.4666666666666667 0.4666666666666667 0.4666666666666667
            ambientIntensity 0.6667
            transparency 0.0
            shininess 0.5
        }
    }
    geometry IndexedFaceSet {
        ccw TRUE
        solid FALSE
        coord DEF co Coordinate {
            point [
                1.1925 0.7087 0.4655, 1.2304 0.7087 0.5109, 1.1925 0.5118 0.4655, 1.2304 0.5118 0.5109, 1.1424 0.7087 0.4978, 1.1424 0.5118 0.4978, 1.0858 0.7087 0.5168, 1.0858 0.5118 0.5168, 1.0263 0.7087 0.5214, 1.0263 0.5118 0.5214, 0.9675 0.7087 0.5112, 0.9675 0.5118 0.5112, 0.9131 0.7087 0.4869, 0.9131 0.5118 0.4869, 0.8662 0.7087 0.4499, 0.8662 0.5118 0.4499, 0.8299 0.7087 0.4026, 0.8299 0.5118 0.4026, -0.0255 0.7087 0.1575, -0.0255 0.5118 0.1575, -0.2264 0.7087 0.1575, -0.2264 0.5118 0.1575, -0.0338 0.7087 0.2165, -0.2264 0.7087 0.2165, -0.0338 0.5118 0.2165, -0.2264 0.5118 0.2165, 0.7923 0.7087 0.4533, 0.7923 0.5118 0.4533, 0.8396 0.7087 0.5059, 0.8979 0.7087 0.5461, 0.9639 0.7087 0.5715, 1.0341 0.7087 0.5807, 1.1045 0.7087 0.5732, 1.1711 0.7087 0.5495, 1.1711 0.5118 0.5495, 1.1045 0.5118 0.5732, 1.0341 0.5118 0.5807, 0.9639 0.5118 0.5715, 0.8979 0.5118 0.5461, 0.8396 0.5118 0.5059
            ]
        }
        coordIndex [
            0,1,2,-1,2,1,3,-1,0,2,4,-1,4,2,5,-1,4,5,6,-1,6,5,7,-1,6,7,8,-1,8,7,9,-1,8,9,10,-1,10,9,11,-1,10,11,12,-1,12,11,13,-1,12,13,14,-1,14,13,15,-1,14,15,16,-1,16,15,17,-1,18,16,19,-1,19,16,17,-1,20,18,21,-1,21,18,19,-1,22,23,24,-1,24,23,25,-1,26,22,27,-1,27,22,24,-1,20,23,18,-1,18,23,22,-1,18,22,16,-1,16,22,26,-1,16,26,14,-1,14,26,28,-1,14,28,12,-1,12,28,29,-1,12,29,10,-1,10,29,30,-1,10,30,8,-1,8,30,31,-1,8,31,6,-1,6,31,32,-1,6,32,4,-1,4,32,33,-1,4,33,0,-1,0,33,1,-1,2,3,5,-1,5,3,34,-1,5,34,7,-1,7,34,35,-1,7,35,9,-1,9,35,36,-1,9,36,11,-1,11,36,37,-1,11,37,13,-1,13,37,38,-1,13,38,15,-1,15,38,39,-1,15,39,17,-1,17,39,27,-1,17,27,19,-1,19,27,24,-1,19,24,21,-1,21,24,25,-1,
        ]
    }
}
Shape{
    appearance Appearance {
        material  Material 	{
            diffuseColor 0.8274509803921568 0.6666666666666666 0.12941176470588237
            specularColor 0.8274509803921568 0.6666666666666666 0.12941176470588237
            ambientIntensity 0.6535
            transparency 0.0
            shininess 0.5
        }
    }
    geometry IndexedFaceSet {
        ccw TRUE
        solid FALSE
        coord DEF co Coordinate {
            point [
                0.8711 1.1417 0.4533, 0.8711 0.9449 0.4533, 0.9183 0.9449 0.5059, 0.9183 1.1417 0.5059, 0.9766 0.9449 0.5461, 0.9766 1.1417 0.5461, 1.0427 0.9449 0.5715, 1.0427 1.1417 0.5715, 1.1128 0.9449 0.5807, 1.1128 1.1417 0.5807, 1.1832 0.9449 0.5732, 1.1832 1.1417 0.5732, 1.2499 0.9449 0.5495, 1.2499 1.1417 0.5495, 1.3091 0.9449 0.5109, 1.3091 1.1417 0.5109
            ]
        }
        coordIndex [
            0,1,2,-1,0,2,3,-1,3,2,4,-1,3,4,5,-1,5,4,6,-1,5,6,7,-1,7,6,8,-1,7,8,9,-1,9,8,10,-1,9,10,11,-1,11,10,12,-1,11,12,13,-1,13,12,14,-1,13,14,15,-1,
        ]
    }
}
Shape{
    appearance Appearance {
        material  Material 	{
            diffuseColor 0.6666666666666666 0.6666666666666666 0.6666666666666666
            specularColor 0.4666666666666667 0.4666666666666667 0.4666666666666667
            ambientIntensity 0.6667
            transparency 0.0
            shininess 0.5
        }
    }
    geometry IndexedFaceSet {
        ccw TRUE
        solid FALSE
        coord DEF co Coordinate {
            point [
                1.2713 1.1417 0.4655, 1.3091 1.1417 0.5109, 1.2713 0.9449 0.4655, 1.3091 0.9449 0.5109, 1.2211 1.1417 0.4978, 1.2211 0.9449 0.4978, 1.1646 1.1417 0.5168, 1.1646 0.9449 0.5168, 1.1051 1.1417 0.5214, 1.1051 0.9449 0.5214, 1.0463 1.1417 0.5112, 1.0463 0.9449 0.5112, 0.9918 1.1417 0.4869, 0.9918 0.9449 0.4869, 0.945 1.1417 0.4499, 0.945 0.9449 0.4499, 0.9086 1.1417 0.4026, 0.9086 0.9449 0.4026, 0.0532 1.1417 0.1575, 0.0532 0.9449 0.1575, -0.1476 1.1417 0.1575, -0.1476 0.9449 0.1575, 0.0449 1.1417 0.2165, -0.1476 1.1417 0.2165, 0.0449 0.9449 0.2165, -0.1476 0.9449 0.2165, 0.8711 1.1417 0.4533, 0.8711 0.9449 0.4533, 0.9183 1.1417 0.5059, 0.9766 1.1417 0.5461, 1.0427 1.1417 0.5715, 1.1128 1.1417 0.5807, 1.1832 1.1417 0.5732, 1.2499 1.1417 0.5495, 1.2499 0.9449 0.5495, 1.1832 0.9449 0.5732, 1.1128 0.9449 0.5807, 1.0427 0.9449 0.5715, 0.9766 0.9449 0.5461, 0.9183 0.9449 0.5059
            ]
        }
        coordIndex [
            0,1,2,-1,2,1,3,-1,0,2,4,-1,4,2,5,-1,4,5,6,-1,6,5,7,-1,6,7,8,-1,8,7,9,-1,8,9,10,-1,10,9,11,-1,10,11,12,-1,12,11,13,-1,12,13,14,-1,14,13,15,-1,14,15,16,-1,16,15,17,-1,18,16,19,-1,19,16,17,-1,20,18,21,-1,21,18,19,-1,22,23,24,-1,24,23,25,-1,26,22,27,-1,27,22,24,-1,20,23,18,-1,18,23,22,-1,18,22,16,-1,16,22,26,-1,16,26,14,-1,14,26,28,-1,14,28,12,-1,12,28,29,-1,12,29,10,-1,10,29,30,-1,10,30,8,-1,8,30,31,-1,8,31,6,-1,6,31,32,-1,6,32,4,-1,4,32,33,-1,4,33,0,-1,0,33,1,-1,2,3,5,-1,5,3,34,-1,5,34,7,-1,7,34,35,-1,7,35,9,-1,9,35,36,-1,9,36,11,-1,11,36,37,-1,11,37,13,-1,13,37,38,-1,13,38,15,-1,15,38,39,-1,15,39,17,-1,17,39,27,-1,17,27,19,-1,19,27,24,-1,19,24,21,-1,21,24,25,-1,
        ]
    }
}
Shape{
    appearance Appearance {
        material  Material 	{
            diffuseColor 0.8274509803921568 0.6666666666666666 0.12941176470588237
            specularColor 0.8274509803921568 0.6666666666666666 0.12941176470588237
            ambientIntensity 0.6535
            transparency 0.0
            shininess 0.5
        }
    }
    geometry IndexedFaceSet {
        ccw TRUE
        solid FALSE
        coord DEF co Coordinate {
            point [
                0.7923 1.5748 0.4533, 0.7923 1.378 0.4533, 0.8396 1.378 0.5059, 0.8396 1.5748 0.5059, 0.8979 1.378 0.5461, 0.8979 1.5748 0.5461, 0.9639 1.378 0.5715, 0.9639 1.5748 0.5715, 1.0341 1.378 0.5807, 1.0341 1.5748 0.5807, 1.1045 1.378 0.5732, 1.1045 1.5748 0.5732, 1.1711 1.378 0.5495, 1.1711 1.5748 0.5495, 1.2304 1.378 0.5109, 1.2304 1.5748 0.5109
            ]
        }
        coordIndex [
            0,1,2,-1,0,2,3,-1,3,2,4,-1,3,4,5,-1,5,4,6,-1,5,6,7,-1,7,6,8,-1,7,8,9,-1,9,8,10,-1,9,10,11,-1,11,10,12,-1,11,12,13,-1,13,12,14,-1,13,14,15,-1,
        ]
    }
}
Shape{
    appearance Appearance {
        material  Material 	{
            diffuseColor 0.6666666666666666 0.6666666666666666 0.6666666666666666
            specularColor 0.4666666666666667 0.4666666666666667 0.4666666666666667
            ambientIntensity 0.6667
            transparency 0.0
            shininess 0.5
        }
    }
    geometry IndexedFaceSet {
        ccw TRUE
        solid FALSE
        coord DEF co Coordinate {
            point [
                1.1925 1.5748 0.4655, 1.2304 1.5748 0.5109, 1.1925 1.378 0.4655, 1.2304 1.378 0.5109, 1.1424 1.5748 0.4978, 1.1424 1.378 0.4978, 1.0858 1.5748 0.5168, 1.0858 1.378 0.5168, 1.0263 1.5748 0.5214, 1.0263 1.378 0.5214, 0.9675 1.5748 0.5112, 0.9675 1.378 0.5112, 0.9131 1.5748 0.4869, 0.9131 1.378 0.4869, 0.8662 1.5748 0.4499, 0.8662 1.378 0.4499, 0.8299 1.5748 0.4026, 0.8299 1.378 0.4026, -0.0255 1.5748 0.1575, -0.0255 1.378 0.1575, -0.2264 1.5748 0.1575, -0.2264 1.378 0.1575, -0.0338 1.5748 0.2165, -0.2264 1.5748 0.2165, -0.0338 1.378 0.2165, -0.2264 1.378 0.2165, 0.7923 1.5748 0.4533, 0.7923 1.378 0.4533, 0.8396 1.5748 0.5059, 0.8979 1.5748 0.5461, 0.9639 1.5748 0.5715, 1.0341 1.5748 0.5807, 1.1045 1.5748 0.5732, 1.1711 1.5748 0.5495, 1.1711 1.378 0.5495, 1.1045 1.378 0.5732, 1.0341 1.378 0.5807, 0.9639 1.378 0.5715, 0.8979 1.378 0.5461, 0.8396 1.378 0.5059
            ]
        }
        coordIndex [
            0,1,2,-1,2,1,3,-1,0,2,4,-1,4,2,5,-1,4,5,6,-1,6,5,7,-1,6,7,8,-1,8,7,9,-1,8,9,10,-1,10,9,11,-1,10,11,12,-1,12,11,13,-1,12,13,14,-1,14,13,15,-1,14,15,16,-1,16,15,17,-1,18,16,19,-1,19,16,17,-1,20,18,21,-1,21,18,19,-1,22,23,24,-1,24,23,25,-1,26,22,27,-1,27,22,24,-1,20,23,18,-1,18,23,22,-1,18,22,16,-1,16,22,26,-1,16,26,14,-1,14,26,28,-1,14,28,12,-1,12,28,29,-1,12,29,10,-1,10,29,30,-1,10,30,8,-1,8,30,31,-1,8,31,6,-1,6,31,32,-1,6,32,4,-1,4,32,33,-1,4,33,0,-1,0,33,1,-1,2,3,5,-1,5,3,34,-1,5,34,7,-1,7,34,35,-1,7,35,9,-1,9,35,36,-1,9,36,11,-1,11,36,37,-1,11,37,13,-1,13,37,38,-1,13,38,15,-1,15,38,39,-1,15,39,17,-1,17,39,27,-1,17,27,19,-1,19,27,24,-1,19,24,21,-1,21,24,25,-1,
        ]
    }
}
Shape{
    appearance Appearance {
        material  Material 	{
            diffuseColor 0.8274509803921568 0.6666666666666666 0.12941176470588237
            specularColor 0.8274509803921568 0.6666666666666666 0.12941176470588237
            ambientIntensity 0.6535
            transparency 0.0
            shininess 0.5
        }
    }
    geometry IndexedFaceSet {
        ccw TRUE
        solid FALSE
        coord DEF co Coordinate {
            point [
                0.8711 2.0079 0.4533, 0.8711 1.811 0.4533, 0.9183 1.811 0.5059, 0.9183 2.0079 0.5059, 0.9766 1.811 0.5461, 0.9766 2.0079 0.5461, 1.0427 1.811 0.5715, 1.0427 2.0079 0.5715, 1.1128 1.811 0.5807, 1.1128 2.0079 0.5807, 1.1832 1.811 0.5732, 1.1832 2.0079 0.5732, 1.2499 1.811 0.5495, 1.2499 2.0079 0.5495, 1.3091 1.811 0.5109, 1.3091 2.0079 0.5109
            ]
        }
        coordIndex [
            0,1,2,-1,0,2,3,-1,3,2,4,-1,3,4,5,-1,5,4,6,-1,5,6,7,-1,7,6,8,-1,7,8,9,-1,9,8,10,-1,9,10,11,-1,11,10,12,-1,11,12,13,-1,13,12,14,-1,13,14,15,-1,
        ]
    }
}
Shape{
    appearance Appearance {
        material  Material 	{
            diffuseColor 0.6666666666666666 0.6666666666666666 0.6666666666666666
            specularColor 0.4666666666666667 0.4666666666666667 0.4666666666666667
            ambientIntensity 0.6667
            transparency 0.0
            shininess 0.5
        }
    }
    geometry IndexedFaceSet {
        ccw TRUE
        solid FALSE
        coord DEF co Coordinate {
            point [
                1.2713 2.0079 0.4655, 1.3091 2.0079 0.5109, 1.2713 1.811 0.4655, 1.3091 1.811 0.5109, 1.2211 2.0079 0.4978, 1.2211 1.811 0.4978, 1.1646 2.0079 0.5168, 1.1646 1.811 0.5168, 1.1051 2.0079 0.5214, 1.1051 1.811 0.5214, 1.0463 2.0079 0.5112, 1.0463 1.811 0.5112, 0.9918 2.0079 0.4869, 0.9918 1.811 0.4869, 0.945 2.0079 0.4499, 0.945 1.811 0.4499, 0.9086 2.0079 0.4026, 0.9086 1.811 0.4026, 0.0532 2.0079 0.1575, 0.0532 1.811 0.1575, -0.1476 2.0079 0.1575, -0.1476 1.811 0.1575, 0.0449 2.0079 0.2165, -0.1476 2.0079 0.2165, 0.0449 1.811 0.2165, -0.1476 1.811 0.2165, 0.8711 2.0079 0.4533, 0.8711 1.811 0.4533, 0.9183 2.0079 0.5059, 0.9766 2.0079 0.5461, 1.0427 2.0079 0.5715, 1.1128 2.0079 0.5807, 1.1832 2.0079 0.5732, 1.2499 2.0079 0.5495, 1.2499 1.811 0.5495, 1.1832 1.811 0.5732, 1.1128 1.811 0.5807, 1.0427 1.811 0.5715, 0.9766 1.811 0.5461, 0.9183 1.811 0.5059
            ]
        }
        coordIndex [
            0,1,2,-1,2,1,3,-1,0,2,4,-1,4,2,5,-1,4,5,6,-1,6,5,7,-1,6,7,8,-1,8,7,9,-1,8,9,10,-1,10,9,11,-1,10,11,12,-1,12,11,13,-1,12,13,14,-1,14,13,15,-1,14,15,16,-1,16,15,17,-1,18,16,19,-1,19,16,17,-1,20,18,21,-1,21,18,19,-1,22,23,24,-1,24,23,25,-1,26,22,27,-1,27,22,24,-1,20,23,18,-1,18,23,22,-1,18,22,16,-1,16,22,26,-1,16,26,14,-1,14,26,28,-1,14,28,12,-1,12,28,29,-1,12,29,10,-1,10,29,30,-1,10,30,8,-1,8,30,31,-1,8,31,6,-1,6,31,32,-1,6,32,4,-1,4,32,33,-1,4,33,0,-1,0,33,1,-1,2,3,5,-1,5,3,34,-1,5,34,7,-1,7,34,35,-1,7,35,9,-1,9,35,36,-1,9,36,11,-1,11,36,37,-1,11,37,13,-1,13,37,38,-1,13,38,15,-1,15,38,39,-1,15,39,17,-1,17,39,27,-1,17,27,19,-1,19,27,24,-1,19,24,21,-1,21,24,25,-1,
        ]
    }
}
Shape{
    appearance Appearance {
        material  Material 	{
            diffuseColor 0.8274509803921568 0.6666666666666666 0.12941176470588237
            specularColor 0.8274509803921568 0.6666666666666666 0.12941176470588237
            ambientIntensity 0.6535
            transparency 0.0
            shininess 0.5
        }
    }
    geometry IndexedFaceSet {
        ccw TRUE
        solid FALSE
        coord DEF co Coordinate {
            point [
                0.8711 2.4409 0.4533, 0.8711 2.2441 0.4533, 0.9183 2.2441 0.5059, 0.9183 2.4409 0.5059, 0.9766 2.2441 0.5461, 0.9766 2.4409 0.5461, 1.0427 2.2441 0.5715, 1.0427 2.4409 0.5715, 1.1128 2.2441 0.5807, 1.1128 2.4409 0.5807, 1.1832 2.2441 0.5732, 1.1832 2.4409 0.5732, 1.2499 2.2441 0.5495, 1.2499 2.4409 0.5495, 1.3091 2.2441 0.5109, 1.3091 2.4409 0.5109
            ]
        }
        coordIndex [
            0,1,2,-1,0,2,3,-1,3,2,4,-1,3,4,5,-1,5,4,6,-1,5,6,7,-1,7,6,8,-1,7,8,9,-1,9,8,10,-1,9,10,11,-1,11,10,12,-1,11,12,13,-1,13,12,14,-1,13,14,15,-1,
        ]
    }
}
Shape{
    appearance Appearance {
        material  Material 	{
            diffuseColor 0.6666666666666666 0.6666666666666666 0.6666666666666666
            specularColor 0.4666666666666667 0.4666666666666667 0.4666666666666667
            ambientIntensity 0.6667
            transparency 0.0
            shininess 0.5
        }
    }
    geometry IndexedFaceSet {
        ccw TRUE
        solid FALSE
        coord DEF co Coordinate {
            point [
                1.2713 2.4409 0.4655, 1.3091 2.4409 0.5109, 1.2713 2.2441 0.4655, 1.3091 2.2441 0.5109, 1.2211 2.4409 0.4978, 1.2211 2.2441 0.4978, 1.1646 2.4409 0.5168, 1.1646 2.2441 0.5168, 1.1051 2.4409 0.5214, 1.1051 2.2441 0.5214, 1.0463 2.4409 0.5112, 1.0463 2.2441 0.5112, 0.9918 2.4409 0.4869, 0.9918 2.2441 0.4869, 0.945 2.4409 0.4499, 0.945 2.2441 0.4499, 0.9086 2.4409 0.4026, 0.9086 2.2441 0.4026, 0.0532 2.4409 0.1575, 0.0532 2.2441 0.1575, -0.1476 2.4409 0.1575, -0.1476 2.2441 0.1575, 0.0449 2.4409 0.2165, -0.1476 2.4409 0.2165, 0.0449 2.2441 0.2165, -0.1476 2.2441 0.2165, 0.8711 2.4409 0.4533, 0.8711 2.2441 0.4533, 0.9183 2.4409 0.5059, 0.9766 2.4409 0.5461, 1.0427 2.4409 0.5715, 1.1128 2.4409 0.5807, 1.1832 2.4409 0.5732, 1.2499 2.4409 0.5495, 1.2499 2.2441 0.5495, 1.1832 2.2441 0.5732, 1.1128 2.2441 0.5807, 1.0427 2.2441 0.5715, 0.9766 2.2441 0.5461, 0.9183 2.2441 0.5059
            ]
        }
        coordIndex [
            0,1,2,-1,2,1,3,-1,0,2,4,-1,4,2,5,-1,4,5,6,-1,6,5,7,-1,6,7,8,-1,8,7,9,-1,8,9,10,-1,10,9,11,-1,10,11,12,-1,12,11,13,-1,12,13,14,-1,14,13,15,-1,14,15,16,-1,16,15,17,-1,18,16,19,-1,19,16,17,-1,20,18,21,-1,21,18,19,-1,22,23,24,-1,24,23,25,-1,26,22,27,-1,27,22,24,-1,20,23,18,-1,18,23,22,-1,18,22,16,-1,16,22,26,-1,16,26,14,-1,14,26,28,-1,14,28,12,-1,12,28,29,-1,12,29,10,-1,10,29,30,-1,10,30,8,-1,8,30,31,-1,8,31,6,-1,6,31,32,-1,6,32,4,-1,4,32,33,-1,4,33,0,-1,0,33,1,-1,2,3,5,-1,5,3,34,-1,5,34,7,-1,7,34,35,-1,7,35,9,-1,9,35,36,-1,9,36,11,-1,11,36,37,-1,11,37,13,-1,13,37,38,-1,13,38,15,-1,15,38,39,-1,15,39,17,-1,17,39,27,-1,17,27,19,-1,19,27,24,-1,19,24,21,-1,21,24,25,-1,
        ]
    }
}
Shape{
    appearance Appearance {
        material  Material 	{
            diffuseColor 0.20784313725490197 0.20784313725490197 0.20784313725490197
            specularColor 0.01568627450980392 0.01568627450980392 0.01568627450980392
            ambientIntensity 0.298
            transparency 0.0
            shininess 0.5
        }
    }
    geometry IndexedFaceSet {
        ccw TRUE
        solid FALSE
        coord DEF co Coordinate {
            point [
                2.6673 1.6122 0.4921, 2.9429 1.6122 0.4921, 2.6673 1.6122 0.0197, 2.9429 1.6122 0.0197, 2.9429 2.4784 0.4921, 2.6673 2.4784 0.4921, 2.9429 2.4784 0.0197, 2.6673 2.4784 0.0197, 2.6673 1.6929 0.0197, 2.6673 1.8091 0.0197, 2.6673 1.8091 0.0591, 2.6673 2.2815 0.0197, 2.6673 2.2815 0.0591, 2.6673 -0.6319 0.4921, 2.9429 -0.6319 0.4921, 2.6673 -0.6319 0.0197, 2.9429 -0.6319 0.0197, 2.9429 0.2343 0.4921, 2.6673 0.2343 0.4921, 2.9429 0.2343 0.0197, 2.6673 0.2343 0.0197, 2.6673 -0.4724 0.0197, 2.6673 -0.435 0.0197, 2.6673 -0.435 0.0591, 2.6673 0.0374 0.0197, 2.6673 0.0374 0.0591
            ]
        }
        coordIndex [
            0,1,2,-1,2,1,3,-1,4,5,6,-1,6,5,7,-1,8,9,10,-1,11,7,12,-1,12,7,5,-1,12,5,10,-1,10,5,0,-1,10,0,8,-1,8,0,2,-1,5,4,0,-1,0,4,1,-1,13,14,15,-1,15,14,16,-1,17,18,19,-1,19,18,20,-1,21,22,23,-1,24,20,25,-1,25,20,18,-1,25,18,23,-1,23,18,13,-1,23,13,21,-1,21,13,15,-1,18,17,13,-1,13,17,14,-1,
        ]
    }
}
Shape{
    appearance Appearance {
        material  Material 	{
            diffuseColor 0.8274509803921568 0.6666666666666666 0.12941176470588237
            specularColor 0.8274509803921568 0.6666666666666666 0.12941176470588237
            ambientIntensity 0.6535
            transparency 0.0
            shininess 0.5
        }
    }
    geometry IndexedFaceSet {
        ccw TRUE
        solid FALSE
        coord DEF co Coordinate {
            point [
                2.6673 1.8091 0.0591, 2.9429 1.8091 0.0591, 2.6673 2.2815 0.0591, 2.9429 2.2815 0.0591, 2.9429 1.8091 0.0, 2.6673 1.8091 0.0197, 2.6013 1.8091 0.0, 2.5492 1.8091 0.0197, 2.5648 1.8091 0.009, 2.5825 1.8091 0.0023, 2.9429 2.2815 0.0, 2.6673 2.2815 0.0197, 2.6013 2.2815 0.0, 2.5825 2.2815 0.0023, 2.5648 2.2815 0.009, 2.5492 2.2815 0.0197, 2.5492 2.126 0.0197, 2.6673 -0.435 0.0591, 2.9429 -0.435 0.0591, 2.6673 0.0374 0.0591, 2.9429 0.0374 0.0591, 2.9429 -0.435 0.0, 2.6673 -0.435 0.0197, 2.6013 -0.435 0.0, 2.5492 -0.435 0.0197, 2.5648 -0.435 0.009, 2.5825 -0.435 0.0023, 2.9429 0.0374 0.0, 2.6673 0.0374 0.0197, 2.6013 0.0374 0.0, 2.5825 0.0374 0.0023, 2.5648 0.0374 0.009, 2.5492 0.0374 0.0197, 2.5492 -0.0394 0.0197
            ]
        }
        coordIndex [
            0,1,2,-1,2,1,3,-1,1,0,4,-1,4,0,5,-1,4,5,6,-1,7,8,5,-1,5,8,9,-1,5,9,6,-1,3,1,10,-1,10,1,4,-1,2,3,11,-1,11,3,10,-1,11,10,12,-1,12,13,11,-1,11,13,14,-1,11,14,15,-1,12,10,6,-1,6,10,4,-1,16,15,14,-1,8,13,9,-1,9,13,12,-1,9,12,6,-1,7,16,8,-1,8,16,14,-1,8,14,13,-1,17,18,19,-1,19,18,20,-1,18,17,21,-1,21,17,22,-1,21,22,23,-1,24,25,22,-1,22,25,26,-1,22,26,23,-1,20,18,27,-1,27,18,21,-1,19,20,28,-1,28,20,27,-1,28,27,29,-1,29,30,28,-1,28,30,31,-1,28,31,32,-1,29,27,23,-1,23,27,21,-1,33,32,31,-1,25,30,26,-1,26,30,29,-1,26,29,23,-1,24,33,25,-1,25,33,31,-1,25,31,30,-1,
        ]
    }
}
Shape{
    appearance Appearance {
        material  Material 	{
            diffuseColor 1.0 1.0 1.0
            specularColor 0.8784313725490196 0.8784313725490196 0.8784313725490196
            ambientIntensity 1.0
            transparency 0.0
            shininess 0.5
        }
    }
    geometry IndexedFaceSet {
        ccw TRUE
        solid FALSE
        coord DEF co Coordinate {
            point [
                2.369 -0.8633 0.0276, 1.9753 -0.7097 0.0276, 2.369 -0.8633 0.0197, 1.9753 -0.7097 0.0197, 1.9753 -0.7673 0.0276, 1.9753 -0.7673 0.0197, 2.0857 -0.8071 0.0276, 2.0857 -0.8071 0.0197, 2.0857 -0.9698 0.0276, 2.0857 -0.9698 0.0197, 1.9753 -1.0073 0.0276, 1.9753 -1.0073 0.0197, 1.9753 -1.065 0.0276, 1.9753 -1.065 0.0197, 2.369 -0.9161 0.0276, 2.369 -0.9161 0.0197, 2.1289 -0.9565 0.0276, 2.2934 -0.8977 0.0276, 2.307 -0.894 0.0276, 2.321 -0.8914 0.0276, 2.321 -0.8902 0.0276, 2.3071 -0.8876 0.0276, 2.1289 -0.8248 0.0276, 2.2934 -0.8841 0.0276, 2.1289 -0.9565 0.0197, 2.1289 -0.8248 0.0197, 2.2934 -0.8977 0.0197, 2.307 -0.894 0.0197, 2.321 -0.8914 0.0197, 2.321 -0.8902 0.0197, 2.3071 -0.8876 0.0197, 2.2934 -0.8841 0.0197, 1.9753 -1.3036 0.0276, 1.9753 -1.4106 0.0276, 1.9753 -1.3036 0.0197, 1.9753 -1.4106 0.0197, 2.369 -1.4106 0.0276, 2.369 -1.4106 0.0197, 2.369 -1.2995 0.0276, 2.369 -1.2995 0.0197, 2.1771 -1.0938 0.0276, 2.1771 -1.0938 0.0197, 2.2141 -1.0966 0.0197, 2.2141 -1.0966 0.0276, 2.2529 -1.1072 0.0197, 2.2529 -1.1072 0.0276, 2.2868 -1.1255 0.0197, 2.2868 -1.1255 0.0276, 2.3176 -1.1533 0.0197, 2.3176 -1.1533 0.0276, 2.318 -1.1538 0.0197, 2.318 -1.1538 0.0276, 2.3467 -1.1966 0.0197, 2.3467 -1.1966 0.0276, 2.3629 -1.2427 0.0197, 2.3629 -1.2427 0.0276, 1.9795 -1.2549 0.0197, 1.9795 -1.2549 0.0276, 1.9931 -1.2095 0.0197, 1.9931 -1.2095 0.0276, 2.0169 -1.1684 0.0197, 2.0169 -1.1684 0.0276, 2.048 -1.136 0.0197, 2.048 -1.136 0.0276, 2.0832 -1.1134 0.0197, 2.0832 -1.1134 0.0276, 2.1244 -1.0993 0.0197, 2.1244 -1.0993 0.0276, 2.2706 -1.1728 0.0276, 2.2909 -1.1919 0.0276, 2.3094 -1.2207 0.0276, 2.3208 -1.2532 0.0276, 2.3258 -1.2998 0.0276, 2.3258 -1.3578 0.0276, 2.0185 -1.3578 0.0276, 2.0185 -1.3019 0.0276, 2.0224 -1.2604 0.0276, 2.0327 -1.2273 0.0276, 2.0486 -1.2004 0.0276, 2.0705 -1.1783 0.0276, 2.0976 -1.1617 0.0276, 2.1346 -1.1502 0.0276, 2.176 -1.1466 0.0276, 2.2151 -1.1499 0.0276, 2.2463 -1.1591 0.0276, 2.3258 -1.2998 0.0197, 2.3258 -1.3578 0.0197, 2.3208 -1.2532 0.0197, 2.3094 -1.2207 0.0197, 2.2909 -1.1919 0.0197, 2.2706 -1.1728 0.0197, 2.2463 -1.1591 0.0197, 2.2151 -1.1499 0.0197, 2.176 -1.1466 0.0197, 2.1346 -1.1502 0.0197, 2.0976 -1.1617 0.0197, 2.0705 -1.1783 0.0197, 2.0486 -1.2004 0.0197, 2.0327 -1.2273 0.0197, 2.0224 -1.2604 0.0197, 2.0185 -1.3019 0.0197, 2.0185 -1.3578 0.0197, 2.0185 -1.4875 0.0276, 1.9753 -1.4875 0.0276, 2.0185 -1.4875 0.0197, 1.9753 -1.4875 0.0197, 1.9753 -1.6987 0.0276, 1.9753 -1.6987 0.0197, 2.369 -1.6987 0.0276, 2.369 -1.6987 0.0197, 2.369 -1.4971 0.0276, 2.369 -1.4971 0.0197, 2.3258 -1.4971 0.0276, 2.3258 -1.4971 0.0197, 2.3258 -1.6459 0.0276, 2.3258 -1.6459 0.0197, 2.1961 -1.6459 0.0276, 2.1961 -1.6459 0.0197, 2.1961 -1.5067 0.0276, 2.1961 -1.5067 0.0197, 2.1529 -1.5067 0.0276, 2.1529 -1.5067 0.0197, 2.1529 -1.6459 0.0276, 2.1529 -1.6459 0.0197, 2.0185 -1.6459 0.0276, 2.0185 -1.6459 0.0197, 2.0389 -1.7755 0.0276, 1.9957 -1.7755 0.0276, 2.0389 -1.7755 0.0197, 1.9957 -1.7755 0.0197, 1.9785 -1.8175 0.0276, 1.9705 -1.8839 0.0276, 1.9705 -1.8839 0.0197, 1.9707 -1.8731 0.0197, 1.9707 -1.8731 0.0276, 1.9729 -1.8573 0.0197, 1.9785 -1.8175 0.0197, 2.1647 -2.0684 0.0276, 2.1647 -2.0684 0.0197, 2.1191 -2.0646 0.0197, 2.1191 -2.0646 0.0276, 2.0774 -2.0528 0.0197, 2.0774 -2.0528 0.0276, 2.04 -2.0318 0.0197, 2.04 -2.0318 0.0276, 2.0089 -2.0022 0.0197, 2.0089 -2.0022 0.0276, 1.9886 -1.9705 0.0197, 1.9886 -1.9705 0.0276, 1.9755 -1.9324 0.0197, 1.9755 -1.9324 0.0276, 1.9729 -1.907 0.0197, 2.3738 -1.8682 0.0276, 2.3738 -1.8682 0.0197, 2.3706 -1.9077 0.0197, 2.3706 -1.9077 0.0276, 2.3578 -1.9516 0.0197, 2.3578 -1.9516 0.0276, 2.3363 -1.989 0.0197, 2.3363 -1.989 0.0276, 2.3021 -2.0246 0.0197, 2.3021 -2.0246 0.0276, 2.2653 -2.0476 0.0197, 2.2653 -2.0476 0.0276, 2.2207 -2.0628 0.0197, 2.2207 -2.0628 0.0276, 2.3582 -1.7755 0.0276, 2.3582 -1.7755 0.0197, 2.3705 -1.8211 0.0197, 2.3705 -1.8211 0.0276, 2.3054 -1.7755 0.0276, 2.3054 -1.7755 0.0197, 2.3306 -1.8677 0.0276, 2.3306 -1.8677 0.0197, 2.3244 -1.8199 0.0197, 2.3244 -1.8199 0.0276, 2.1679 -2.0156 0.0276, 2.1679 -2.0156 0.0197, 2.1986 -2.0137 0.0197, 2.1986 -2.0137 0.0276, 2.2407 -2.0032 0.0197, 2.2407 -2.0032 0.0276, 2.2711 -1.987 0.0197, 2.2711 -1.987 0.0276, 2.2974 -1.9632 0.0197, 2.2974 -1.9632 0.0276, 2.3156 -1.936 0.0197, 2.3156 -1.936 0.0276, 2.3262 -1.9065 0.0197, 2.3262 -1.9065 0.0276, 2.0137 -1.8766 0.0276, 2.0137 -1.8766 0.0197, 2.0178 -1.9133 0.0197, 2.0178 -1.9133 0.0276, 2.0284 -1.942 0.0197, 2.0284 -1.942 0.0276, 2.0447 -1.9662 0.0197, 2.0447 -1.9662 0.0276, 2.0641 -1.9846 0.0197, 2.0641 -1.9846 0.0276, 2.0914 -2.0009 0.0197, 2.0914 -2.0009 0.0276, 2.1253 -2.0116 0.0197, 2.1253 -2.0116 0.0276, 2.035 -1.7826 0.0197, 2.035 -1.7826 0.0276, 2.0195 -1.8243 0.0197, 2.0195 -1.8243 0.0276, 2.0185 -2.102 0.0276, 1.9753 -2.102 0.0276, 2.0185 -2.102 0.0197, 1.9753 -2.102 0.0197, 1.9753 -2.3037 0.0276, 1.9753 -2.3037 0.0197, 2.369 -2.3037 0.0276, 2.369 -2.3037 0.0197, 2.369 -2.2509 0.0276, 2.369 -2.2509 0.0197, 2.0185 -2.2509 0.0276, 2.0185 -2.2509 0.0197
            ]
        }
        coordIndex [
            0,1,2,-1,2,1,3,-1,1,4,3,-1,3,4,5,-1,4,6,5,-1,5,6,7,-1,6,8,7,-1,7,8,9,-1,8,10,9,-1,9,10,11,-1,10,12,11,-1,11,12,13,-1,12,14,13,-1,13,14,15,-1,14,0,15,-1,15,0,2,-1,16,17,14,-1,12,10,8,-1,17,18,14,-1,14,18,19,-1,14,19,0,-1,0,19,20,-1,0,20,21,-1,14,12,16,-1,16,12,8,-1,16,8,22,-1,22,8,6,-1,21,23,0,-1,0,23,22,-1,0,22,1,-1,1,22,6,-1,1,6,4,-1,16,22,24,-1,24,22,25,-1,17,16,26,-1,26,16,24,-1,17,26,27,-1,17,27,18,-1,18,27,28,-1,18,28,19,-1,20,19,29,-1,29,19,28,-1,20,29,30,-1,20,30,21,-1,21,30,31,-1,21,31,23,-1,22,23,25,-1,25,23,31,-1,32,33,34,-1,34,33,35,-1,33,36,35,-1,35,36,37,-1,36,38,37,-1,37,38,39,-1,40,41,42,-1,40,42,43,-1,43,42,44,-1,43,44,45,-1,45,44,46,-1,45,46,47,-1,47,46,48,-1,47,48,49,-1,49,48,50,-1,49,50,51,-1,51,50,52,-1,51,52,53,-1,53,52,54,-1,53,54,55,-1,55,54,39,-1,55,39,38,-1,32,34,56,-1,32,56,57,-1,57,56,58,-1,57,58,59,-1,59,58,60,-1,59,60,61,-1,61,60,62,-1,61,62,63,-1,63,62,64,-1,63,64,65,-1,65,64,66,-1,65,66,67,-1,67,66,41,-1,67,41,40,-1,45,47,68,-1,68,47,49,-1,68,49,69,-1,69,49,51,-1,69,51,70,-1,70,51,53,-1,70,53,71,-1,71,53,55,-1,71,55,72,-1,72,55,38,-1,72,38,73,-1,73,38,36,-1,73,36,74,-1,74,36,33,-1,74,33,75,-1,75,33,32,-1,75,32,76,-1,76,32,57,-1,76,57,77,-1,77,57,59,-1,77,59,78,-1,78,59,61,-1,78,61,79,-1,79,61,63,-1,79,63,80,-1,80,63,65,-1,80,65,81,-1,81,65,67,-1,81,67,82,-1,82,67,40,-1,82,40,83,-1,83,40,43,-1,83,43,84,-1,84,43,45,-1,84,45,68,-1,72,73,85,-1,85,73,86,-1,72,85,87,-1,72,87,71,-1,71,87,88,-1,71,88,70,-1,70,88,89,-1,70,89,69,-1,69,89,90,-1,69,90,68,-1,68,90,91,-1,68,91,84,-1,84,91,92,-1,84,92,83,-1,83,92,93,-1,83,93,82,-1,82,93,94,-1,82,94,81,-1,81,94,95,-1,81,95,80,-1,80,95,96,-1,80,96,79,-1,79,96,97,-1,79,97,78,-1,78,97,98,-1,78,98,77,-1,77,98,99,-1,77,99,76,-1,76,99,100,-1,76,100,75,-1,74,75,101,-1,101,75,100,-1,73,74,86,-1,86,74,101,-1,102,103,104,-1,104,103,105,-1,103,106,105,-1,105,106,107,-1,106,108,107,-1,107,108,109,-1,108,110,109,-1,109,110,111,-1,110,112,111,-1,111,112,113,-1,112,114,113,-1,113,114,115,-1,114,116,115,-1,115,116,117,-1,116,118,117,-1,117,118,119,-1,118,120,119,-1,119,120,121,-1,120,122,121,-1,121,122,123,-1,122,124,123,-1,123,124,125,-1,124,102,125,-1,125,102,104,-1,106,103,102,-1,102,124,106,-1,106,124,122,-1,106,122,108,-1,112,110,114,-1,114,110,108,-1,114,108,116,-1,116,108,122,-1,116,122,118,-1,118,122,120,-1,126,127,128,-1,128,127,129,-1,129,127,130,-1,131,132,133,-1,131,133,134,-1,134,133,135,-1,134,135,130,-1,130,135,136,-1,130,136,129,-1,137,138,139,-1,137,139,140,-1,140,139,141,-1,140,141,142,-1,142,141,143,-1,142,143,144,-1,144,143,145,-1,144,145,146,-1,146,145,147,-1,146,147,148,-1,148,147,149,-1,148,149,150,-1,150,149,131,-1,131,149,151,-1,131,151,132,-1,152,153,154,-1,152,154,155,-1,155,154,156,-1,155,156,157,-1,157,156,158,-1,157,158,159,-1,159,158,160,-1,159,160,161,-1,161,160,162,-1,161,162,163,-1,163,162,164,-1,163,164,165,-1,165,164,138,-1,165,138,137,-1,166,167,168,-1,166,168,169,-1,169,168,153,-1,169,153,152,-1,166,170,167,-1,167,170,171,-1,172,173,174,-1,172,174,175,-1,175,174,171,-1,175,171,170,-1,176,177,178,-1,176,178,179,-1,179,178,180,-1,179,180,181,-1,181,180,182,-1,181,182,183,-1,183,182,184,-1,183,184,185,-1,185,184,186,-1,185,186,187,-1,187,186,188,-1,187,188,189,-1,189,188,173,-1,189,173,172,-1,190,191,192,-1,190,192,193,-1,193,192,194,-1,193,194,195,-1,195,194,196,-1,195,196,197,-1,197,196,198,-1,197,198,199,-1,199,198,200,-1,199,200,201,-1,201,200,202,-1,201,202,203,-1,203,202,177,-1,203,177,176,-1,126,128,204,-1,126,204,205,-1,205,204,206,-1,205,206,207,-1,207,206,191,-1,207,191,190,-1,193,131,190,-1,190,131,134,-1,190,134,207,-1,207,134,130,-1,207,130,205,-1,205,130,127,-1,205,127,126,-1,170,166,175,-1,175,166,169,-1,175,169,172,-1,172,169,152,-1,172,152,189,-1,189,152,155,-1,189,155,187,-1,187,155,157,-1,187,157,185,-1,185,157,159,-1,185,159,183,-1,183,159,161,-1,183,161,181,-1,181,161,163,-1,181,163,179,-1,179,163,165,-1,179,165,176,-1,176,165,137,-1,176,137,203,-1,203,137,140,-1,203,140,201,-1,201,140,142,-1,201,142,199,-1,199,142,144,-1,199,144,197,-1,197,144,146,-1,197,146,195,-1,195,146,148,-1,195,148,193,-1,193,148,150,-1,193,150,131,-1,208,209,210,-1,210,209,211,-1,209,212,211,-1,211,212,213,-1,212,214,213,-1,213,214,215,-1,214,216,215,-1,215,216,217,-1,216,218,217,-1,217,218,219,-1,218,208,219,-1,219,208,210,-1,216,214,218,-1,218,214,212,-1,218,212,208,-1,208,212,209,-1,
        ]
    }
}
Shape{
    appearance Appearance {
        material  Material 	{
            diffuseColor 0.20784313725490197 0.20784313725490197 0.20784313725490197
            specularColor 0.01568627450980392 0.01568627450980392 0.01568627450980392
            ambientIntensity 0.298
            transparency 0.0
            shininess 0.5
        }
    }
    geometry IndexedFaceSet {
        ccw TRUE
        solid FALSE
        coord DEF co Coordinate {
            point [
                2.1289 -0.9565 0.0197, 2.1289 -0.8248 0.0197, 2.2934 -0.8977 0.0197, 2.2934 -0.8841 0.0197, 2.307 -0.894 0.0197, 2.3071 -0.8876 0.0197, 2.321 -0.8914 0.0197, 2.321 -0.8902 0.0197, 2.3258 -1.3578 0.0197, 2.0185 -1.3578 0.0197, 2.3258 -1.2998 0.0197, 2.0185 -1.3019 0.0197, 2.0224 -1.2604 0.0197, 2.176 -1.1466 0.0197, 2.2151 -1.1499 0.0197, 2.2463 -1.1591 0.0197, 2.3208 -1.2532 0.0197, 2.0327 -1.2273 0.0197, 2.0486 -1.2004 0.0197, 2.0705 -1.1783 0.0197, 2.0976 -1.1617 0.0197, 2.1346 -1.1502 0.0197, 2.2706 -1.1728 0.0197, 2.2909 -1.1919 0.0197, 2.3094 -1.2207 0.0197
            ]
        }
        coordIndex [
            0,1,2,-1,2,1,3,-1,2,3,4,-1,4,3,5,-1,4,5,6,-1,6,5,7,-1,8,9,10,-1,10,9,11,-1,10,11,12,-1,13,14,10,-1,10,14,15,-1,10,15,16,-1,12,17,10,-1,10,17,18,-1,10,18,19,-1,19,20,10,-1,10,20,21,-1,10,21,13,-1,22,23,15,-1,15,23,24,-1,15,24,16,-1,
        ]
    }
}