#VRML V2.0 utf8
# 3D model generated by easyeda2kicad.py (https://github.com/uPesy/easyeda2kicad.py)

Shape{
    appearance Appearance {
        material  Material 	{
            diffuseColor 0.25098039215686274 0.25098039215686274 0.25098039215686274
            specularColor 0.12549019607843137 0.12549019607843137 0.12549019607843137
            ambientIntensity 0.251
            transparency 0.0
            shininess 0.5
        }
    }
    geometry IndexedFaceSet {
        ccw TRUE
        solid FALSE
        coord DEF co Coordinate {
            point [
                1.0984 0.5925 0.8642, 1.0984 0.7229 0.8642, 1.1024 0.5925 0.8642, 1.1024 0.7229 0.8642, 1.0984 0.7229 1.1457, 1.1024 0.7229 1.1457, 1.0984 0.5267 1.1465, 1.1024 0.5267 1.1465, 1.0984 0.5941 1.0813, 1.1024 0.5941 1.0813, -1.0984 0.7229 0.8642, -1.0984 0.5925 0.8642, -1.1024 0.7229 0.8642, -1.1024 0.5925 0.8642, -1.0984 0.7229 1.1457, -1.1024 0.7229 1.1457, -1.0984 0.5267 1.1465, -1.1024 0.5267 1.1465, -1.0984 0.5941 1.0813, -1.1024 0.5941 1.0813
            ]
        }
        coordIndex [
            0,1,2,-1,2,1,3,-1,1,4,3,-1,3,4,5,-1,4,6,5,-1,5,6,7,-1,6,8,7,-1,7,8,9,-1,8,0,9,-1,9,0,2,-1,1,0,4,-1,4,0,8,-1,4,8,6,-1,2,3,9,-1,9,3,5,-1,9,5,7,-1,10,11,12,-1,12,11,13,-1,14,10,15,-1,15,10,12,-1,16,14,17,-1,17,14,15,-1,18,16,19,-1,19,16,17,-1,11,18,13,-1,13,18,19,-1,11,10,18,-1,18,10,14,-1,18,14,16,-1,12,13,15,-1,15,13,19,-1,15,19,17,-1,
        ]
    }
}
Shape{
    appearance Appearance {
        material  Material 	{
            diffuseColor 0.0 0.0 0.0
            specularColor 0.0 0.0 0.0
            ambientIntensity 0.0
            transparency 0.0
            shininess 0.5
        }
    }
    geometry IndexedFaceSet {
        ccw TRUE
        solid FALSE
        coord DEF co Coordinate {
            point [
                0.0785 -0.1307 1.2677, 0.0785 -0.1413 1.2677, 0.0785 -0.1307 1.2638, 0.0785 -0.1413 1.2638, 0.0413 -0.1307 1.2677, 0.0413 -0.1307 1.2638, 0.0413 -0.0479 1.2677, 0.0413 -0.0479 1.2638, 0.0293 -0.0479 1.2677, 0.0293 -0.0479 1.2638, 0.0293 -0.1413 1.2677, 0.0293 -0.1413 1.2638, 0.1264 -0.1429 1.2677, 0.1264 -0.1429 1.2638, 0.1321 -0.1427 1.2638, 0.1321 -0.1427 1.2677, 0.1374 -0.1421 1.2638, 0.1374 -0.1421 1.2677, 0.1422 -0.1412 1.2638, 0.1422 -0.1412 1.2677, 0.1465 -0.1399 1.2638, 0.1465 -0.1399 1.2677, 0.1504 -0.1384 1.2638, 0.1504 -0.1384 1.2677, 0.1523 -0.1374 1.2638, 0.1523 -0.1374 1.2677, 0.1523 -0.1259 1.2677, 0.1523 -0.1259 1.2638, 0.1488 -0.1278 1.2638, 0.1488 -0.1278 1.2677, 0.1451 -0.1294 1.2638, 0.1451 -0.1294 1.2677, 0.1411 -0.1306 1.2638, 0.1411 -0.1306 1.2677, 0.1369 -0.1315 1.2638, 0.1369 -0.1315 1.2677, 0.1325 -0.132 1.2638, 0.1325 -0.132 1.2677, 0.1282 -0.1321 1.2638, 0.1282 -0.1321 1.2677, 0.1241 -0.1319 1.2638, 0.1241 -0.1319 1.2677, 0.1203 -0.1314 1.2638, 0.1203 -0.1314 1.2677, 0.1168 -0.1304 1.2638, 0.1168 -0.1304 1.2677, 0.1135 -0.1291 1.2638, 0.1135 -0.1291 1.2677, 0.1105 -0.1275 1.2638, 0.1105 -0.1275 1.2677, 0.1077 -0.1255 1.2638, 0.1077 -0.1255 1.2677, 0.1051 -0.1232 1.2638, 0.1051 -0.1232 1.2677, 0.1042 -0.1223 1.2638, 0.1042 -0.1223 1.2677, 0.1019 -0.1196 1.2638, 0.1019 -0.1196 1.2677, 0.1 -0.1166 1.2638, 0.1 -0.1166 1.2677, 0.0984 -0.1134 1.2638, 0.0984 -0.1134 1.2677, 0.097 -0.1099 1.2638, 0.097 -0.1099 1.2677, 0.096 -0.1062 1.2638, 0.096 -0.1062 1.2677, 0.0954 -0.1021 1.2638, 0.0954 -0.1021 1.2677, 0.095 -0.0976 1.2638, 0.095 -0.0976 1.2677, 0.095 -0.0957 1.2638, 0.095 -0.0957 1.2677, 0.0952 -0.0908 1.2638, 0.0952 -0.0908 1.2677, 0.0958 -0.0863 1.2638, 0.0958 -0.0863 1.2677, 0.0967 -0.0822 1.2638, 0.0967 -0.0822 1.2677, 0.098 -0.0784 1.2638, 0.098 -0.0784 1.2677, 0.0996 -0.0749 1.2638, 0.0996 -0.0749 1.2677, 0.1015 -0.0717 1.2638, 0.1015 -0.0717 1.2677, 0.1037 -0.0688 1.2638, 0.1037 -0.0688 1.2677, 0.1048 -0.0676 1.2638, 0.1048 -0.0676 1.2677, 0.1075 -0.065 1.2638, 0.1075 -0.065 1.2677, 0.1104 -0.0628 1.2638, 0.1104 -0.0628 1.2677, 0.1135 -0.061 1.2638, 0.1135 -0.061 1.2677, 0.1167 -0.0596 1.2638, 0.1167 -0.0596 1.2677, 0.1201 -0.0585 1.2638, 0.1201 -0.0585 1.2677, 0.1238 -0.0577 1.2638, 0.1238 -0.0577 1.2677, 0.1277 -0.0573 1.2638, 0.1277 -0.0573 1.2677, 0.1303 -0.0572 1.2638, 0.1303 -0.0572 1.2677, 0.1348 -0.0574 1.2638, 0.1348 -0.0574 1.2677, 0.1391 -0.058 1.2638, 0.1391 -0.058 1.2677, 0.1432 -0.059 1.2638, 0.1432 -0.059 1.2677, 0.1471 -0.0603 1.2638, 0.1471 -0.0603 1.2677, 0.1509 -0.062 1.2638, 0.1509 -0.062 1.2677, 0.1523 -0.0628 1.2638, 0.1523 -0.0628 1.2677, 0.1523 -0.0501 1.2677, 0.1523 -0.0501 1.2638, 0.1487 -0.0488 1.2638, 0.1487 -0.0488 1.2677, 0.1447 -0.0477 1.2638, 0.1447 -0.0477 1.2677, 0.1402 -0.047 1.2638, 0.1402 -0.047 1.2677, 0.1352 -0.0465 1.2638, 0.1352 -0.0465 1.2677, 0.1302 -0.0463 1.2638, 0.1302 -0.0463 1.2677, 0.1253 -0.0465 1.2638, 0.1253 -0.0465 1.2677, 0.1206 -0.0471 1.2638, 0.1206 -0.0471 1.2677, 0.1163 -0.0481 1.2638, 0.1163 -0.0481 1.2677, 0.1122 -0.0494 1.2638, 0.1122 -0.0494 1.2677, 0.1083 -0.051 1.2638, 0.1083 -0.051 1.2677, 0.1046 -0.053 1.2638, 0.1046 -0.053 1.2677, 0.1012 -0.0554 1.2638, 0.1012 -0.0554 1.2677, 0.0979 -0.0581 1.2638, 0.0979 -0.0581 1.2677, 0.0958 -0.0601 1.2638, 0.0958 -0.0601 1.2677, 0.093 -0.0633 1.2638, 0.093 -0.0633 1.2677, 0.0905 -0.0667 1.2638, 0.0905 -0.0667 1.2677, 0.0883 -0.0703 1.2638, 0.0883 -0.0703 1.2677, 0.0865 -0.0741 1.2638, 0.0865 -0.0741 1.2677, 0.085 -0.0782 1.2638, 0.085 -0.0782 1.2677, 0.0838 -0.0825 1.2638, 0.0838 -0.0825 1.2677, 0.083 -0.0871 1.2638, 0.083 -0.0871 1.2677, 0.0825 -0.092 1.2638, 0.0825 -0.092 1.2677, 0.0824 -0.0964 1.2638, 0.0824 -0.0964 1.2677, 0.0825 -0.1016 1.2638, 0.0825 -0.1016 1.2677, 0.0831 -0.1066 1.2638, 0.0831 -0.1066 1.2677, 0.0841 -0.1111 1.2638, 0.0841 -0.1111 1.2677, 0.0854 -0.1154 1.2638, 0.0854 -0.1154 1.2677, 0.087 -0.1193 1.2638, 0.087 -0.1193 1.2677, 0.0889 -0.123 1.2638, 0.0889 -0.123 1.2677, 0.0912 -0.1263 1.2638, 0.0912 -0.1263 1.2677, 0.0936 -0.1293 1.2638, 0.0936 -0.1293 1.2677, 0.0943 -0.1301 1.2638, 0.0943 -0.1301 1.2677, 0.0972 -0.1329 1.2638, 0.0972 -0.1329 1.2677, 0.1004 -0.1354 1.2638, 0.1004 -0.1354 1.2677, 0.1037 -0.1375 1.2638, 0.1037 -0.1375 1.2677, 0.1072 -0.1392 1.2638, 0.1072 -0.1392 1.2677, 0.1109 -0.1406 1.2638, 0.1109 -0.1406 1.2677, 0.1149 -0.1417 1.2638, 0.1149 -0.1417 1.2677, 0.1191 -0.1424 1.2638, 0.1191 -0.1424 1.2677, 0.1237 -0.1428 1.2638, 0.1237 -0.1428 1.2677, 0.2212 -0.1307 1.2677, 0.2212 -0.1413 1.2677, 0.2212 -0.1307 1.2638, 0.2212 -0.1413 1.2638, 0.183 -0.1307 1.2677, 0.183 -0.1307 1.2638, 0.183 -0.0992 1.2677, 0.183 -0.0992 1.2638, 0.2165 -0.0992 1.2677, 0.2165 -0.0992 1.2638, 0.2165 -0.0885 1.2677, 0.2165 -0.0885 1.2638, 0.183 -0.0885 1.2677, 0.183 -0.0885 1.2638, 0.183 -0.0586 1.2677, 0.183 -0.0586 1.2638, 0.2191 -0.0586 1.2677, 0.2191 -0.0586 1.2638, 0.2191 -0.0479 1.2677, 0.2191 -0.0479 1.2638, 0.171 -0.0479 1.2677, 0.171 -0.0479 1.2638, 0.171 -0.1413 1.2677, 0.171 -0.1413 1.2638, 0.2819 -0.1277 1.2677, 0.2883 -0.1366 1.2677, 0.2852 -0.1261 1.2677, 0.2922 -0.1346 1.2677, 0.2883 -0.1242 1.2677, 0.2958 -0.1323 1.2677, 0.2911 -0.122 1.2677, 0.2993 -0.1296 1.2677, 0.2923 -0.1209 1.2677, 0.3008 -0.1282 1.2677, 0.2946 -0.1184 1.2677, 0.3038 -0.1252 1.2677, 0.2967 -0.1155 1.2677, 0.3065 -0.1219 1.2677, 0.2984 -0.1125 1.2677, 0.3087 -0.1185 1.2677, 0.2998 -0.1092 1.2677, 0.3015 -0.0847 1.2677, 0.3132 -0.0798 1.2677, 0.3005 -0.0809 1.2677, 0.3119 -0.0759 1.2677, 0.2993 -0.0774 1.2677, 0.3102 -0.0722 1.2677, 0.2977 -0.0743 1.2677, 0.3082 -0.0688 1.2677, 0.2959 -0.0715 1.2677, 0.3106 -0.1148 1.2677, 0.3122 -0.111 1.2677, 0.3009 -0.1055 1.2677, 0.3134 -0.1069 1.2677, 0.3017 -0.1016 1.2677, 0.3142 -0.1025 1.2677, 0.3021 -0.0973 1.2677, 0.3148 -0.0979 1.2677, 0.3023 -0.0937 1.2677, 0.3149 -0.0934 1.2677, 0.3021 -0.0891 1.2677, 0.3147 -0.0886 1.2677, 0.3141 -0.0841 1.2677, 0.3059 -0.0656 1.2677, 0.3032 -0.0625 1.2677, 0.2937 -0.069 1.2677, 0.3008 -0.0603 1.2677, 0.292 -0.0674 1.2677, 0.2974 -0.0575 1.2677, 0.2891 -0.0652 1.2677, 0.2937 -0.0551 1.2677, 0.286 -0.0633 1.2677, 0.2899 -0.053 1.2677, 0.2826 -0.0617 1.2677, 0.2858 -0.0513 1.2677, 0.279 -0.0605 1.2677, 0.2816 -0.0499 1.2677, 0.275 -0.0595 1.2677, 0.2771 -0.0489 1.2677, 0.2707 -0.0589 1.2677, 0.2723 -0.0482 1.2677, 0.2662 -0.0587 1.2677, 0.2672 -0.0479 1.2677, 0.265 -0.0586 1.2677, 0.2655 -0.0479 1.2677, 0.2509 -0.0586 1.2677, 0.2389 -0.0479 1.2677, 0.2509 -0.1307 1.2677, 0.2389 -0.1413 1.2677, 0.2645 -0.1307 1.2677, 0.2646 -0.1413 1.2677, 0.2694 -0.1305 1.2677, 0.2699 -0.1411 1.2677, 0.274 -0.1299 1.2677, 0.275 -0.1405 1.2677, 0.2781 -0.1289 1.2677, 0.2797 -0.1396 1.2677, 0.2842 -0.1382 1.2677, 0.2891 -0.0652 1.2638, 0.2974 -0.0575 1.2638, 0.292 -0.0674 1.2638, 0.3008 -0.0603 1.2638, 0.2937 -0.069 1.2638, 0.3032 -0.0625 1.2638, 0.2959 -0.0715 1.2638, 0.3059 -0.0656 1.2638, 0.2977 -0.0743 1.2638, 0.3082 -0.0688 1.2638, 0.2993 -0.0774 1.2638, 0.3102 -0.0722 1.2638, 0.3005 -0.0809 1.2638, 0.2852 -0.1261 1.2638, 0.2883 -0.1366 1.2638, 0.2819 -0.1277 1.2638, 0.2842 -0.1382 1.2638, 0.2781 -0.1289 1.2638, 0.2797 -0.1396 1.2638, 0.274 -0.1299 1.2638, 0.275 -0.1405 1.2638, 0.2694 -0.1305 1.2638, 0.2699 -0.1411 1.2638, 0.2645 -0.1307 1.2638, 0.2646 -0.1413 1.2638, 0.2509 -0.1307 1.2638, 0.2389 -0.1413 1.2638, 0.2509 -0.0586 1.2638, 0.2389 -0.0479 1.2638, 0.265 -0.0586 1.2638, 0.2655 -0.0479 1.2638, 0.2662 -0.0587 1.2638, 0.2672 -0.0479 1.2638, 0.2707 -0.0589 1.2638, 0.2723 -0.0482 1.2638, 0.275 -0.0595 1.2638, 0.2771 -0.0489 1.2638, 0.279 -0.0605 1.2638, 0.2816 -0.0499 1.2638, 0.2826 -0.0617 1.2638, 0.2858 -0.0513 1.2638, 0.286 -0.0633 1.2638, 0.2899 -0.053 1.2638, 0.2937 -0.0551 1.2638, 0.3009 -0.1055 1.2638, 0.3122 -0.111 1.2638, 0.2998 -0.1092 1.2638, 0.3106 -0.1148 1.2638, 0.2984 -0.1125 1.2638, 0.3087 -0.1185 1.2638, 0.2967 -0.1155 1.2638, 0.3065 -0.1219 1.2638, 0.2946 -0.1184 1.2638, 0.3038 -0.1252 1.2638, 0.2923 -0.1209 1.2638, 0.3008 -0.1282 1.2638, 0.2911 -0.122 1.2638, 0.2993 -0.1296 1.2638, 0.2883 -0.1242 1.2638, 0.2958 -0.1323 1.2638, 0.2922 -0.1346 1.2638, 0.3119 -0.0759 1.2638, 0.3132 -0.0798 1.2638, 0.3015 -0.0847 1.2638, 0.3141 -0.0841 1.2638, 0.3021 -0.0891 1.2638, 0.3147 -0.0886 1.2638, 0.3023 -0.0937 1.2638, 0.3149 -0.0934 1.2638, 0.3021 -0.0973 1.2638, 0.3148 -0.0979 1.2638, 0.3017 -0.1016 1.2638, 0.3142 -0.1025 1.2638, 0.3134 -0.1069 1.2638, 0.3462 -0.1052 1.2677, 0.3424 -0.1158 1.2677, 0.3776 -0.1052 1.2677, 0.3813 -0.1158 1.2677, 0.3602 -0.0664 1.2677, 0.3557 -0.0479 1.2677, 0.3201 -0.1413 1.2677, 0.3334 -0.1413 1.2677, 0.361 -0.0636 1.2677, 0.3617 -0.0598 1.2677, 0.3686 -0.0479 1.2677, 0.362 -0.0598 1.2677, 0.3628 -0.0638 1.2677, 0.3635 -0.0664 1.2677, 0.4042 -0.1413 1.2677, 0.3908 -0.1413 1.2677, 0.3424 -0.1158 1.2638, 0.3462 -0.1052 1.2638, 0.3813 -0.1158 1.2638, 0.3776 -0.1052 1.2638, 0.3635 -0.0664 1.2638, 0.3686 -0.0479 1.2638, 0.4042 -0.1413 1.2638, 0.3908 -0.1413 1.2638, 0.3628 -0.0638 1.2638, 0.362 -0.0598 1.2638, 0.3557 -0.0479 1.2638, 0.3617 -0.0598 1.2638, 0.361 -0.0636 1.2638, 0.3602 -0.0664 1.2638, 0.3201 -0.1413 1.2638, 0.3334 -0.1413 1.2638, 0.0795 -0.2789 1.2677, 0.0795 -0.2895 1.2677, 0.0795 -0.2789 1.2638, 0.0795 -0.2895 1.2638, 0.0413 -0.2789 1.2677, 0.0413 -0.2789 1.2638, 0.0413 -0.2474 1.2677, 0.0413 -0.2474 1.2638, 0.0747 -0.2474 1.2677, 0.0747 -0.2474 1.2638, 0.0747 -0.2367 1.2677, 0.0747 -0.2367 1.2638, 0.0413 -0.2367 1.2677, 0.0413 -0.2367 1.2638, 0.0413 -0.2068 1.2677, 0.0413 -0.2068 1.2638, 0.0774 -0.2068 1.2677, 0.0774 -0.2068 1.2638, 0.0774 -0.1961 1.2677, 0.0774 -0.1961 1.2638, 0.0293 -0.1961 1.2677, 0.0293 -0.1961 1.2638, 0.0293 -0.2895 1.2677, 0.0293 -0.2895 1.2638, 0.1107 -0.2595 1.2677, 0.1133 -0.2588 1.2677, 0.1326 -0.2471 1.2677, 0.117 -0.2581 1.2677, 0.1285 -0.234 1.2677, 0.1347 -0.2247 1.2677, 0.1271 -0.2329 1.2677, 0.1327 -0.2236 1.2677, 0.1255 -0.232 1.2677, 0.1303 -0.2227 1.2677, 0.1237 -0.2313 1.2677, 0.1326 -0.263 1.2677, 0.1324 -0.2656 1.2677, 0.1443 -0.2466 1.2677, 0.1048 -0.2772 1.2677, 0.1038 -0.2759 1.2677, 0.0941 -0.2832 1.2677, 0.0963 -0.2568 1.2677, 0.1046 -0.2635 1.2677, 0.1057 -0.2622 1.2677, 0.1086 -0.2603 1.2677, 0.1128 -0.2499 1.2677, 0.1091 -0.2505 1.2677, 0.1326 -0.2895 1.2677, 0.1443 -0.2895 1.2677, 0.1326 -0.2792 1.2677, 0.132 -0.268 1.2677, 0.1306 -0.2369 1.2677, 0.1398 -0.2293 1.2677, 0.1296 -0.2353 1.2677, 0.1383 -0.2276 1.2677, 0.1366 -0.226 1.2677, 0.096 -0.2571 1.2677, 0.0945 -0.2589 1.2677, 0.1037 -0.265 1.2677, 0.0933 -0.2608 1.2677, 0.1031 -0.2666 1.2677, 0.1058 -0.2514 1.2677, 0.1028 -0.2525 1.2677, 0.107 -0.2612 1.2677, 0.1003 -0.2538 1.2677, 0.0982 -0.2552 1.2677, 0.132 -0.2409 1.2677, 0.1431 -0.2364 1.2677, 0.1314 -0.2387 1.2677, 0.1422 -0.2337 1.2677, 0.1411 -0.2314 1.2677, 0.106 -0.2785 1.2677, 0.1002 -0.2885 1.2677, 0.1074 -0.2796 1.2677, 0.1024 -0.2895 1.2677, 0.109 -0.2804 1.2677, 0.1048 -0.2903 1.2677, 0.1108 -0.281 1.2677, 0.0955 -0.2849 1.2677, 0.0964 -0.2858 1.2677, 0.0983 -0.2873 1.2677, 0.1027 -0.2726 1.2677, 0.0913 -0.2769 1.2677, 0.1031 -0.2743 1.2677, 0.092 -0.2792 1.2677, 0.0929 -0.2813 1.2677, 0.1442 -0.2428 1.2677, 0.1326 -0.256 1.2677, 0.1326 -0.2624 1.2677, 0.1324 -0.2434 1.2677, 0.1437 -0.2394 1.2677, 0.1326 -0.2463 1.2677, 0.0923 -0.2628 1.2677, 0.0915 -0.2651 1.2677, 0.1027 -0.2684 1.2677, 0.091 -0.2675 1.2677, 0.1026 -0.2707 1.2677, 0.1277 -0.222 1.2677, 0.1249 -0.2215 1.2677, 0.1215 -0.2309 1.2677, 0.1216 -0.2213 1.2677, 0.1191 -0.2308 1.2677, 0.1202 -0.2213 1.2677, 0.1179 -0.2308 1.2677, 0.1163 -0.2214 1.2677, 0.1148 -0.231 1.2677, 0.1125 -0.2218 1.2677, 0.1117 -0.2316 1.2677, 0.1089 -0.2226 1.2677, 0.1088 -0.2324 1.2677, 0.1055 -0.2235 1.2677, 0.1058 -0.2335 1.2677, 0.1023 -0.2248 1.2677, 0.1029 -0.235 1.2677, 0.0993 -0.2263 1.2677, 0.1 -0.2367 1.2677, 0.0972 -0.2275 1.2677, 0.0972 -0.2388 1.2677, 0.1313 -0.2702 1.2677, 0.1303 -0.2723 1.2677, 0.1323 -0.2792 1.2677, 0.1291 -0.2742 1.2677, 0.1317 -0.2802 1.2677, 0.1173 -0.2813 1.2677, 0.12 -0.2898 1.2677, 0.1196 -0.2809 1.2677, 0.1223 -0.2888 1.2677, 0.1217 -0.2802 1.2677, 0.1245 -0.2876 1.2677, 0.1237 -0.2792 1.2677, 0.0907 -0.2702 1.2677, 0.0907 -0.2716 1.2677, 0.0909 -0.2744 1.2677, 0.1265 -0.2862 1.2677, 0.1284 -0.2845 1.2677, 0.1255 -0.278 1.2677, 0.1301 -0.2825 1.2677, 0.1271 -0.2765 1.2677, 0.1276 -0.276 1.2677, 0.1074 -0.2908 1.2677, 0.1102 -0.291 1.2677, 0.1128 -0.2814 1.2677, 0.1119 -0.2911 1.2677, 0.1149 -0.2815 1.2677, 0.1148 -0.2909 1.2677, 0.1175 -0.2905 1.2677, 0.1 -0.2367 1.2638, 0.0972 -0.2388 1.2638, 0.0972 -0.2275 1.2638, 0.1271 -0.2329 1.2638, 0.1347 -0.2247 1.2638, 0.1285 -0.234 1.2638, 0.1366 -0.226 1.2638, 0.1296 -0.2353 1.2638, 0.1048 -0.2772 1.2638, 0.0941 -0.2832 1.2638, 0.1038 -0.2759 1.2638, 0.0929 -0.2813 1.2638, 0.1031 -0.2743 1.2638, 0.1057 -0.2622 1.2638, 0.1046 -0.2635 1.2638, 0.0963 -0.2568 1.2638, 0.132 -0.268 1.2638, 0.1324 -0.2656 1.2638, 0.1443 -0.2466 1.2638, 0.1027 -0.2726 1.2638, 0.0907 -0.2716 1.2638, 0.1026 -0.2707 1.2638, 0.0907 -0.2702 1.2638, 0.1027 -0.2684 1.2638, 0.1037 -0.265 1.2638, 0.0945 -0.2589 1.2638, 0.096 -0.2571 1.2638, 0.1383 -0.2276 1.2638, 0.1398 -0.2293 1.2638, 0.1306 -0.2369 1.2638, 0.1411 -0.2314 1.2638, 0.1314 -0.2387 1.2638, 0.1215 -0.2309 1.2638, 0.1249 -0.2215 1.2638, 0.1237 -0.2313 1.2638, 0.1277 -0.222 1.2638, 0.1255 -0.232 1.2638, 0.1303 -0.2227 1.2638, 0.1327 -0.2236 1.2638, 0.1313 -0.2702 1.2638, 0.1326 -0.2792 1.2638, 0.1326 -0.2895 1.2638, 0.1443 -0.2895 1.2638, 0.092 -0.2792 1.2638, 0.0913 -0.2769 1.2638, 0.0909 -0.2744 1.2638, 0.106 -0.2785 1.2638, 0.0964 -0.2858 1.2638, 0.0955 -0.2849 1.2638, 0.1074 -0.2796 1.2638, 0.1002 -0.2885 1.2638, 0.0983 -0.2873 1.2638, 0.0982 -0.2552 1.2638, 0.1003 -0.2538 1.2638, 0.107 -0.2612 1.2638, 0.1028 -0.2525 1.2638, 0.1086 -0.2603 1.2638, 0.1058 -0.2514 1.2638, 0.1107 -0.2595 1.2638, 0.1091 -0.2505 1.2638, 0.1133 -0.2588 1.2638, 0.1128 -0.2499 1.2638, 0.091 -0.2675 1.2638, 0.0915 -0.2651 1.2638, 0.1031 -0.2666 1.2638, 0.0923 -0.2628 1.2638, 0.0933 -0.2608 1.2638, 0.1326 -0.256 1.2638, 0.1442 -0.2428 1.2638, 0.1326 -0.2624 1.2638, 0.1326 -0.263 1.2638, 0.1422 -0.2337 1.2638, 0.1431 -0.2364 1.2638, 0.132 -0.2409 1.2638, 0.1437 -0.2394 1.2638, 0.1324 -0.2434 1.2638, 0.1326 -0.2463 1.2638, 0.1326 -0.2471 1.2638, 0.117 -0.2581 1.2638, 0.1317 -0.2802 1.2638, 0.1301 -0.2825 1.2638, 0.1255 -0.278 1.2638, 0.1284 -0.2845 1.2638, 0.1237 -0.2792 1.2638, 0.1265 -0.2862 1.2638, 0.1217 -0.2802 1.2638, 0.1245 -0.2876 1.2638, 0.1196 -0.2809 1.2638, 0.1029 -0.235 1.2638, 0.0993 -0.2263 1.2638, 0.1058 -0.2335 1.2638, 0.1023 -0.2248 1.2638, 0.1088 -0.2324 1.2638, 0.1055 -0.2235 1.2638, 0.1117 -0.2316 1.2638, 0.1089 -0.2226 1.2638, 0.1148 -0.231 1.2638, 0.1125 -0.2218 1.2638, 0.1179 -0.2308 1.2638, 0.1163 -0.2214 1.2638, 0.1191 -0.2308 1.2638, 0.1202 -0.2213 1.2638, 0.1216 -0.2213 1.2638, 0.1128 -0.2814 1.2638, 0.1102 -0.291 1.2638, 0.1108 -0.281 1.2638, 0.1074 -0.2908 1.2638, 0.109 -0.2804 1.2638, 0.1048 -0.2903 1.2638, 0.1024 -0.2895 1.2638, 0.1223 -0.2888 1.2638, 0.12 -0.2898 1.2638, 0.1173 -0.2813 1.2638, 0.1175 -0.2905 1.2638, 0.1149 -0.2815 1.2638, 0.1148 -0.2909 1.2638, 0.1119 -0.2911 1.2638, 0.1271 -0.2765 1.2638, 0.1276 -0.276 1.2638, 0.1323 -0.2792 1.2638, 0.1291 -0.2742 1.2638, 0.1303 -0.2723 1.2638, 0.1794 -0.2815 1.2677, 0.1794 -0.2815 1.2638, 0.1764 -0.2814 1.2638, 0.1764 -0.2814 1.2677, 0.1735 -0.281 1.2638, 0.1735 -0.281 1.2677, 0.1707 -0.2803 1.2638, 0.1707 -0.2803 1.2677, 0.1679 -0.2793 1.2638, 0.1679 -0.2793 1.2677, 0.1651 -0.2781 1.2638, 0.1651 -0.2781 1.2677, 0.1624 -0.2766 1.2638, 0.1624 -0.2766 1.2677, 0.1602 -0.2751 1.2638, 0.1602 -0.2751 1.2677, 0.1602 -0.2872 1.2677, 0.1602 -0.2872 1.2638, 0.163 -0.2884 1.2638, 0.163 -0.2884 1.2677, 0.1659 -0.2894 1.2638, 0.1659 -0.2894 1.2677, 0.1691 -0.2902 1.2638, 0.1691 -0.2902 1.2677, 0.1724 -0.2907 1.2638, 0.1724 -0.2907 1.2677, 0.176 -0.291 1.2638, 0.176 -0.291 1.2677, 0.1783 -0.2911 1.2638, 0.1783 -0.2911 1.2677, 0.182 -0.2909 1.2638, 0.182 -0.2909 1.2677, 0.1855 -0.2905 1.2638, 0.1855 -0.2905 1.2677, 0.1886 -0.2899 1.2638, 0.1886 -0.2899 1.2677, 0.1915 -0.289 1.2638, 0.1915 -0.289 1.2677, 0.1941 -0.2879 1.2638, 0.1941 -0.2879 1.2677, 0.1965 -0.2866 1.2638, 0.1965 -0.2866 1.2677, 0.1977 -0.2858 1.2638, 0.1977 -0.2858 1.2677, 0.1996 -0.2843 1.2638, 0.1996 -0.2843 1.2677, 0.2012 -0.2827 1.2638, 0.2012 -0.2827 1.2677, 0.2025 -0.281 1.2638, 0.2025 -0.281 1.2677, 0.2036 -0.2792 1.2638, 0.2036 -0.2792 1.2677, 0.2043 -0.2772 1.2638, 0.2043 -0.2772 1.2677, 0.2049 -0.2751 1.2638, 0.2049 -0.2751 1.2677, 0.2052 -0.2729 1.2638, 0.2052 -0.2729 1.2677, 0.2052 -0.2714 1.2638, 0.2052 -0.2714 1.2677, 0.2051 -0.269 1.2638, 0.2051 -0.269 1.2677, 0.2047 -0.2668 1.2638, 0.2047 -0.2668 1.2677, 0.204 -0.2647 1.2638, 0.204 -0.2647 1.2677, 0.2031 -0.2629 1.2638, 0.2031 -0.2629 1.2677, 0.202 -0.2612 1.2638, 0.202 -0.2612 1.2677, 0.2013 -0.2603 1.2638, 0.2013 -0.2603 1.2677, 0.1998 -0.2589 1.2638, 0.1998 -0.2589 1.2677, 0.198 -0.2574 1.2638, 0.198 -0.2574 1.2677, 0.1956 -0.2559 1.2638, 0.1956 -0.2559 1.2677, 0.1925 -0.2543 1.2638, 0.1925 -0.2543 1.2677, 0.1888 -0.2527 1.2638, 0.1888 -0.2527 1.2677, 0.1862 -0.2517 1.2638, 0.1862 -0.2517 1.2677, 0.1811 -0.2496 1.2638, 0.1811 -0.2496 1.2677, 0.178 -0.248 1.2638, 0.178 -0.248 1.2677, 0.1759 -0.2468 1.2638, 0.1759 -0.2468 1.2677, 0.1749 -0.246 1.2638, 0.1749 -0.246 1.2677, 0.1739 -0.2449 1.2638, 0.1739 -0.2449 1.2677, 0.1731 -0.2437 1.2638, 0.1731 -0.2437 1.2677, 0.1726 -0.2424 1.2638, 0.1726 -0.2424 1.2677, 0.1724 -0.2409 1.2638, 0.1724 -0.2409 1.2677, 0.1723 -0.2397 1.2638, 0.1723 -0.2397 1.2677, 0.1724 -0.2382 1.2638, 0.1724 -0.2382 1.2677, 0.1728 -0.2368 1.2638, 0.1728 -0.2368 1.2677, 0.1735 -0.2356 1.2638, 0.1735 -0.2356 1.2677, 0.1744 -0.2345 1.2638, 0.1744 -0.2345 1.2677, 0.1756 -0.2335 1.2638, 0.1756 -0.2335 1.2677, 0.1759 -0.2332 1.2638, 0.1759 -0.2332 1.2677, 0.1774 -0.2323 1.2638, 0.1774 -0.2323 1.2677, 0.1791 -0.2316 1.2638, 0.1791 -0.2316 1.2677, 0.1811 -0.2311 1.2638, 0.1811 -0.2311 1.2677, 0.1833 -0.2308 1.2638, 0.1833 -0.2308 1.2677, 0.1851 -0.2308 1.2638, 0.1851 -0.2308 1.2677, 0.1882 -0.2309 1.2638, 0.1882 -0.2309 1.2677, 0.1912 -0.2313 1.2638, 0.1912 -0.2313 1.2677, 0.1941 -0.232 1.2638, 0.1941 -0.232 1.2677, 0.1968 -0.2329 1.2638, 0.1968 -0.2329 1.2677, 0.1994 -0.2341 1.2638, 0.1994 -0.2341 1.2677, 0.202 -0.2356 1.2638, 0.202 -0.2356 1.2677, 0.202 -0.2242 1.2677, 0.202 -0.2242 1.2638, 0.199 -0.2231 1.2638, 0.199 -0.2231 1.2677, 0.1959 -0.2223 1.2638, 0.1959 -0.2223 1.2677, 0.1926 -0.2217 1.2638, 0.1926 -0.2217 1.2677, 0.1892 -0.2214 1.2638, 0.1892 -0.2214 1.2677, 0.1862 -0.2213 1.2638, 0.1862 -0.2213 1.2677, 0.1828 -0.2214 1.2638, 0.1828 -0.2214 1.2677, 0.1795 -0.2218 1.2638, 0.1795 -0.2218 1.2677, 0.1765 -0.2225 1.2638, 0.1765 -0.2225 1.2677, 0.1738 -0.2234 1.2638, 0.1738 -0.2234 1.2677, 0.1712 -0.2245 1.2638, 0.1712 -0.2245 1.2677, 0.1688 -0.2259 1.2638, 0.1688 -0.2259 1.2677, 0.1677 -0.2266 1.2638, 0.1677 -0.2266 1.2677, 0.1658 -0.2281 1.2638, 0.1658 -0.2281 1.2677, 0.1642 -0.2298 1.2638, 0.1642 -0.2298 1.2677, 0.1629 -0.2315 1.2638, 0.1629 -0.2315 1.2677, 0.1618 -0.2334 1.2638, 0.1618 -0.2334 1.2677, 0.1611 -0.2353 1.2638, 0.1611 -0.2353 1.2677, 0.1605 -0.2374 1.2638, 0.1605 -0.2374 1.2677, 0.1603 -0.2396 1.2638, 0.1603 -0.2396 1.2677, 0.1602 -0.2408 1.2638, 0.1602 -0.2408 1.2677, 0.1604 -0.2432 1.2638, 0.1604 -0.2432 1.2677, 0.1608 -0.2455 1.2638, 0.1608 -0.2455 1.2677, 0.1614 -0.2476 1.2638, 0.1614 -0.2476 1.2677, 0.1623 -0.2495 1.2638, 0.1623 -0.2495 1.2677, 0.1634 -0.2511 1.2638, 0.1634 -0.2511 1.2677, 0.1636 -0.2513 1.2638, 0.1636 -0.2513 1.2677, 0.1648 -0.2527 1.2638, 0.1648 -0.2527 1.2677, 0.1663 -0.254 1.2638, 0.1663 -0.254 1.2677, 0.1685 -0.2555 1.2638, 0.1685 -0.2555 1.2677, 0.1712 -0.2571 1.2638, 0.1712 -0.2571 1.2677, 0.1747 -0.2588 1.2638, 0.1747 -0.2588 1.2677, 0.178 -0.2602 1.2638, 0.178 -0.2602 1.2677, 0.1831 -0.2622 1.2638, 0.1831 -0.2622 1.2677, 0.1865 -0.2638 1.2638, 0.1865 -0.2638 1.2677, 0.1888 -0.2651 1.2638, 0.1888 -0.2651 1.2677, 0.1902 -0.2662 1.2638, 0.1902 -0.2662 1.2677, 0.1914 -0.2673 1.2638, 0.1914 -0.2673 1.2677, 0.1922 -0.2685 1.2638, 0.1922 -0.2685 1.2677, 0.1928 -0.2699 1.2638, 0.1928 -0.2699 1.2677, 0.1931 -0.2713 1.2638, 0.1931 -0.2713 1.2677, 0.1932 -0.2725 1.2638, 0.1932 -0.2725 1.2677, 0.1931 -0.2742 1.2638, 0.1931 -0.2742 1.2677, 0.1927 -0.2757 1.2638, 0.1927 -0.2757 1.2677, 0.1921 -0.277 1.2638, 0.1921 -0.277 1.2677, 0.1912 -0.2781 1.2638, 0.1912 -0.2781 1.2677, 0.1901 -0.279 1.2638, 0.1901 -0.279 1.2677, 0.1887 -0.2799 1.2638, 0.1887 -0.2799 1.2677, 0.1871 -0.2805 1.2638, 0.1871 -0.2805 1.2677, 0.185 -0.2811 1.2638, 0.185 -0.2811 1.2677, 0.1826 -0.2814 1.2638, 0.1826 -0.2814 1.2677, 0.2632 -0.2228 1.2677, 0.2754 -0.2228 1.2677, 0.2632 -0.2228 1.2638, 0.2754 -0.2228 1.2638, 0.245 -0.273 1.2677, 0.245 -0.273 1.2638, 0.2441 -0.2761 1.2638, 0.2441 -0.2761 1.2677, 0.2436 -0.2784 1.2638, 0.2436 -0.2784 1.2677, 0.2433 -0.2784 1.2677, 0.2433 -0.2784 1.2638, 0.2418 -0.2729 1.2677, 0.2418 -0.2729 1.2638, 0.2244 -0.2228 1.2677, 0.2244 -0.2228 1.2638, 0.2113 -0.2228 1.2677, 0.2113 -0.2228 1.2638, 0.2375 -0.2894 1.2677, 0.2375 -0.2894 1.2638, 0.2324 -0.3015 1.2677, 0.2324 -0.3015 1.2638, 0.231 -0.3043 1.2638, 0.231 -0.3043 1.2677, 0.2296 -0.3063 1.2638, 0.2296 -0.3063 1.2677, 0.2279 -0.3081 1.2638, 0.2279 -0.3081 1.2677, 0.2262 -0.3093 1.2638, 0.2262 -0.3093 1.2677, 0.2244 -0.3102 1.2638, 0.2244 -0.3102 1.2677, 0.2224 -0.3107 1.2638, 0.2224 -0.3107 1.2677, 0.2204 -0.3109 1.2638, 0.2204 -0.3109 1.2677, 0.2178 -0.3107 1.2638, 0.2178 -0.3107 1.2677, 0.2153 -0.3101 1.2638, 0.2153 -0.3101 1.2677, 0.2137 -0.3096 1.2638, 0.2137 -0.3096 1.2677, 0.2137 -0.32 1.2677, 0.2137 -0.32 1.2638, 0.2165 -0.3206 1.2638, 0.2165 -0.3206 1.2677, 0.2197 -0.3209 1.2638, 0.2197 -0.3209 1.2677, 0.2213 -0.3209 1.2638, 0.2213 -0.3209 1.2677, 0.2241 -0.3207 1.2638, 0.2241 -0.3207 1.2677, 0.2269 -0.3202 1.2638, 0.2269 -0.3202 1.2677, 0.2294 -0.3192 1.2638, 0.2294 -0.3192 1.2677, 0.2319 -0.3179 1.2638, 0.2319 -0.3179 1.2677, 0.2342 -0.3162 1.2638, 0.2342 -0.3162 1.2677, 0.2365 -0.314 1.2638, 0.2365 -0.314 1.2677, 0.2387 -0.3114 1.2638, 0.2387 -0.3114 1.2677, 0.2408 -0.3083 1.2638, 0.2408 -0.3083 1.2677, 0.2429 -0.3046 1.2638, 0.2429 -0.3046 1.2677, 0.2448 -0.3003 1.2638, 0.2448 -0.3003 1.2677, 0.2451 -0.2996 1.2638, 0.2451 -0.2996 1.2677, 0.3382 -0.2789 1.2677, 0.3382 -0.2895 1.2677, 0.3382 -0.2789 1.2638, 0.3382 -0.2895 1.2638, 0.3 -0.2789 1.2677, 0.3 -0.2789 1.2638, 0.3 -0.2474 1.2677, 0.3 -0.2474 1.2638, 0.3334 -0.2474 1.2677, 0.3334 -0.2474 1.2638, 0.3334 -0.2367 1.2677, 0.3334 -0.2367 1.2638, 0.3 -0.2367 1.2677, 0.3 -0.2367 1.2638, 0.3 -0.2068 1.2677, 0.3 -0.2068 1.2638, 0.3361 -0.2068 1.2677, 0.3361 -0.2068 1.2638, 0.3361 -0.1961 1.2677, 0.3361 -0.1961 1.2638, 0.288 -0.1961 1.2677, 0.288 -0.1961 1.2638, 0.288 -0.2895 1.2677, 0.288 -0.2895 1.2638, 0.3988 -0.2759 1.2677, 0.4053 -0.2848 1.2677, 0.4022 -0.2743 1.2677, 0.4092 -0.2828 1.2677, 0.4053 -0.2724 1.2677, 0.4128 -0.2805 1.2677, 0.4081 -0.2702 1.2677, 0.4163 -0.2778 1.2677, 0.4093 -0.2691 1.2677, 0.4178 -0.2764 1.2677, 0.4116 -0.2666 1.2677, 0.4208 -0.2734 1.2677, 0.4137 -0.2637 1.2677, 0.4234 -0.2701 1.2677, 0.4154 -0.2607 1.2677, 0.4257 -0.2667 1.2677, 0.4168 -0.2574 1.2677, 0.4185 -0.2329 1.2677, 0.4302 -0.228 1.2677, 0.4175 -0.2291 1.2677, 0.4289 -0.2241 1.2677, 0.4163 -0.2256 1.2677, 0.4272 -0.2204 1.2677, 0.4147 -0.2225 1.2677, 0.4252 -0.217 1.2677, 0.4128 -0.2197 1.2677, 0.4276 -0.263 1.2677, 0.4291 -0.2592 1.2677, 0.4179 -0.2537 1.2677, 0.4304 -0.2551 1.2677, 0.4187 -0.2498 1.2677, 0.4312 -0.2507 1.2677, 0.4191 -0.2455 1.2677, 0.4318 -0.2461 1.2677, 0.4192 -0.2419 1.2677, 0.4319 -0.2416 1.2677, 0.419 -0.2373 1.2677, 0.4317 -0.2368 1.2677, 0.4311 -0.2322 1.2677, 0.4229 -0.2137 1.2677, 0.4202 -0.2107 1.2677, 0.4107 -0.2172 1.2677, 0.4178 -0.2085 1.2677, 0.409 -0.2156 1.2677, 0.4144 -0.2057 1.2677, 0.4061 -0.2134 1.2677, 0.4107 -0.2033 1.2677, 0.403 -0.2115 1.2677, 0.4069 -0.2012 1.2677, 0.3996 -0.2099 1.2677, 0.4028 -0.1995 1.2677, 0.3959 -0.2087 1.2677, 0.3986 -0.1981 1.2677, 0.392 -0.2077 1.2677, 0.3941 -0.1971 1.2677, 0.3877 -0.2071 1.2677, 0.3893 -0.1964 1.2677, 0.3832 -0.2068 1.2677, 0.3842 -0.1961 1.2677, 0.382 -0.2068 1.2677, 0.3825 -0.1961 1.2677, 0.3679 -0.2068 1.2677, 0.3559 -0.1961 1.2677, 0.3679 -0.2789 1.2677, 0.3559 -0.2895 1.2677, 0.3815 -0.2789 1.2677, 0.3816 -0.2895 1.2677, 0.3864 -0.2787 1.2677, 0.3869 -0.2893 1.2677, 0.391 -0.2781 1.2677, 0.392 -0.2887 1.2677, 0.3951 -0.2771 1.2677, 0.3967 -0.2878 1.2677, 0.4012 -0.2864 1.2677, 0.4061 -0.2134 1.2638, 0.4144 -0.2057 1.2638, 0.409 -0.2156 1.2638, 0.4178 -0.2085 1.2638, 0.4107 -0.2172 1.2638, 0.4202 -0.2107 1.2638, 0.4128 -0.2197 1.2638, 0.4229 -0.2137 1.2638, 0.4147 -0.2225 1.2638, 0.4252 -0.217 1.2638, 0.4163 -0.2256 1.2638, 0.4272 -0.2204 1.2638, 0.4175 -0.2291 1.2638, 0.4022 -0.2743 1.2638, 0.4053 -0.2848 1.2638, 0.3988 -0.2759 1.2638, 0.4012 -0.2864 1.2638, 0.3951 -0.2771 1.2638, 0.3967 -0.2878 1.2638, 0.391 -0.2781 1.2638, 0.392 -0.2887 1.2638, 0.3864 -0.2787 1.2638, 0.3869 -0.2893 1.2638, 0.3815 -0.2789 1.2638, 0.3816 -0.2895 1.2638, 0.3679 -0.2789 1.2638, 0.3559 -0.2895 1.2638, 0.3679 -0.2068 1.2638, 0.3559 -0.1961 1.2638, 0.382 -0.2068 1.2638, 0.3825 -0.1961 1.2638, 0.3832 -0.2068 1.2638, 0.3842 -0.1961 1.2638, 0.3877 -0.2071 1.2638, 0.3893 -0.1964 1.2638, 0.392 -0.2077 1.2638, 0.3941 -0.1971 1.2638, 0.3959 -0.2087 1.2638, 0.3986 -0.1981 1.2638, 0.3996 -0.2099 1.2638, 0.4028 -0.1995 1.2638, 0.403 -0.2115 1.2638, 0.4069 -0.2012 1.2638, 0.4107 -0.2033 1.2638, 0.4179 -0.2537 1.2638, 0.4291 -0.2592 1.2638, 0.4168 -0.2574 1.2638, 0.4276 -0.263 1.2638, 0.4154 -0.2607 1.2638, 0.4257 -0.2667 1.2638, 0.4137 -0.2637 1.2638, 0.4234 -0.2701 1.2638, 0.4116 -0.2666 1.2638, 0.4208 -0.2734 1.2638, 0.4093 -0.2691 1.2638, 0.4178 -0.2764 1.2638, 0.4081 -0.2702 1.2638, 0.4163 -0.2778 1.2638, 0.4053 -0.2724 1.2638, 0.4128 -0.2805 1.2638, 0.4092 -0.2828 1.2638, 0.4289 -0.2241 1.2638, 0.4302 -0.228 1.2638, 0.4185 -0.2329 1.2638, 0.4311 -0.2322 1.2638, 0.419 -0.2373 1.2638, 0.4317 -0.2368 1.2638, 0.4192 -0.2419 1.2638, 0.4319 -0.2416 1.2638, 0.4191 -0.2455 1.2638, 0.4318 -0.2461 1.2638, 0.4187 -0.2498 1.2638, 0.4312 -0.2507 1.2638, 0.4304 -0.2551 1.2638, 0.4632 -0.2534 1.2677, 0.4594 -0.264 1.2677, 0.4946 -0.2534 1.2677, 0.4983 -0.264 1.2677, 0.4772 -0.2146 1.2677, 0.4727 -0.1961 1.2677, 0.4371 -0.2895 1.2677, 0.4504 -0.2895 1.2677, 0.478 -0.2118 1.2677, 0.4787 -0.208 1.2677, 0.4856 -0.1961 1.2677, 0.479 -0.208 1.2677, 0.4798 -0.212 1.2677, 0.4805 -0.2146 1.2677, 0.5212 -0.2895 1.2677, 0.5078 -0.2895 1.2677, 0.4594 -0.264 1.2638, 0.4632 -0.2534 1.2638, 0.4983 -0.264 1.2638, 0.4946 -0.2534 1.2638, 0.4805 -0.2146 1.2638, 0.4856 -0.1961 1.2638, 0.5212 -0.2895 1.2638, 0.5078 -0.2895 1.2638, 0.4798 -0.212 1.2638, 0.479 -0.208 1.2638, 0.4727 -0.1961 1.2638, 0.4787 -0.208 1.2638, 0.478 -0.2118 1.2638, 0.4772 -0.2146 1.2638, 0.4371 -0.2895 1.2638, 0.4504 -0.2895 1.2638, -0.3734 -0.315 1.2677, -0.3661 -0.321 1.2677, -0.3893 -0.244 1.2677, -0.3323 -0.1238 1.2677, -0.3275 -0.1264 1.2677, -0.3481 -0.078 1.2677, -0.277 -0.2227 1.2677, -0.3275 -0.242 1.2677, -0.323 -0.2424 1.2677, -0.2604 -0.2672 1.2677, -0.3017 -0.2702 1.2677, -0.261 -0.2758 1.2677, -0.3031 -0.2766 1.2677, -0.2887 -0.077 1.2677, -0.2774 -0.071 1.2677, -0.2981 -0.0364 1.2677, -0.1566 -0.1112 1.2677, -0.1511 -0.1229 1.2677, -0.113 -0.1098 1.2677, -0.1473 -0.1352 1.2677, -0.1455 -0.1457 1.2677, -0.3481 -0.2522 1.2677, -0.3863 -0.2372 1.2677, -0.3514 -0.2578 1.2677, -0.3531 -0.2641 1.2677, -0.1203 -0.2456 1.2677, -0.1295 -0.2484 1.2677, -0.1197 -0.2879 1.2677, -0.3899 -0.2885 1.2677, -0.3859 -0.2982 1.2677, -0.3803 -0.307 1.2677, -0.3068 -0.2524 1.2677, -0.3037 -0.2577 1.2677, -0.3019 -0.2637 1.2677, -0.1675 -0.2115 1.2677, -0.188 -0.1763 1.2677, -0.2604 -0.2606 1.2677, -0.3338 -0.2428 1.2677, -0.3234 -0.2003 1.2677, -0.3269 -0.2002 1.2677, -0.3819 -0.1193 1.2677, -0.3904 -0.0801 1.2677, -0.4034 -0.0844 1.2677, -0.3168 -0.2444 1.2677, -0.3113 -0.2478 1.2677, -0.3061 -0.2824 1.2677, -0.2673 -0.2966 1.2677, -0.2633 -0.2864 1.2677, -0.3449 -0.2871 1.2677, -0.3396 -0.2908 1.2677, -0.3569 -0.3266 1.2677, -0.3335 -0.2931 1.2677, -0.3396 -0.245 1.2677, -0.3653 -0.2126 1.2677, -0.3448 -0.2486 1.2677, -0.3735 -0.2196 1.2677, -0.3806 -0.2279 1.2677, -0.3374 -0.201 1.2677, -0.3475 -0.2035 1.2677, -0.3572 -0.2076 1.2677, -0.1323 -0.2898 1.2677, -0.1362 -0.2493 1.2677, -0.1714 -0.2898 1.2677, -0.1661 -0.2493 1.2677, -0.1747 -0.2893 1.2677, -0.284 -0.0305 1.2677, -0.2653 -0.0665 1.2677, -0.2695 -0.0263 1.2677, -0.3989 -0.2387 1.2677, -0.4102 -0.2812 1.2677, -0.3975 -0.2863 1.2677, -0.392 -0.1233 1.2677, -0.4157 -0.0903 1.2677, -0.4014 -0.129 1.2677, -0.4273 -0.0978 1.2677, -0.4096 -0.136 1.2677, -0.2845 -0.2153 1.2677, -0.2932 -0.2092 1.2677, -0.3029 -0.2046 1.2677, -0.3133 -0.2015 1.2677, -0.0906 -0.1826 1.2677, -0.0554 -0.1608 1.2677, -0.0942 -0.1737 1.2677, -0.0614 -0.1497 1.2677, -0.0994 -0.1656 1.2677, -0.069 -0.1393 1.2677, -0.106 -0.1587 1.2677, -0.078 -0.13 1.2677, -0.1136 -0.1531 1.2677, -0.4149 -0.2238 1.2677, -0.4431 -0.2566 1.2677, -0.4075 -0.2319 1.2677, -0.433 -0.2664 1.2677, -0.422 -0.2745 1.2677, -0.3771 -0.0775 1.2677, -0.3712 -0.117 1.2677, -0.3634 -0.0766 1.2677, -0.3627 -0.1165 1.2677, -0.3557 -0.077 1.2677, -0.3524 -0.1173 1.2677, -0.3423 -0.1198 1.2677, -0.3491 -0.2823 1.2677, -0.3519 -0.2768 1.2677, -0.3533 -0.2706 1.2677, -0.1077 -0.2843 1.2677, -0.0962 -0.279 1.2677, -0.1119 -0.2411 1.2677, -0.0855 -0.2722 1.2677, -0.1044 -0.2352 1.2677, -0.0756 -0.2639 1.2677, -0.1014 -0.2321 1.2677, -0.0718 -0.2599 1.2677, -0.0958 -0.2245 1.2677, -0.3117 -0.0439 1.2677, -0.3189 -0.0487 1.2677, -0.299 -0.0846 1.2677, -0.3294 -0.0572 1.2677, -0.3082 -0.0935 1.2677, -0.339 -0.067 1.2677, -0.3161 -0.1036 1.2677, -0.3226 -0.1146 1.2677, -0.1188 -0.0965 1.2677, -0.1262 -0.0839 1.2677, -0.1637 -0.1003 1.2677, -0.1352 -0.0717 1.2677, -0.1721 -0.0905 1.2677, -0.428 -0.1948 1.2677, -0.4675 -0.2112 1.2677, -0.4252 -0.2054 1.2677, -0.4632 -0.2242 1.2677, -0.4206 -0.2153 1.2677, -0.4573 -0.2367 1.2677, -0.4498 -0.2484 1.2677, -0.3154 -0.2908 1.2677, -0.2874 -0.3206 1.2677, -0.3103 -0.2873 1.2677, -0.2799 -0.3142 1.2677, -0.2729 -0.3059 1.2677, -0.3467 -0.3307 1.2677, -0.336 -0.333 1.2677, -0.3275 -0.2938 1.2677, -0.3269 -0.3337 1.2677, -0.3212 -0.293 1.2677, -0.0893 -0.207 1.2677, -0.0474 -0.2026 1.2677, -0.0884 -0.1975 1.2677, -0.0472 -0.1968 1.2677, -0.0887 -0.1921 1.2677, -0.0483 -0.1845 1.2677, -0.051 -0.1725 1.2677, -0.0639 -0.2501 1.2677, -0.0574 -0.2393 1.2677, -0.0918 -0.216 1.2677, -0.0525 -0.2277 1.2677, -0.0491 -0.2154 1.2677, -0.3162 -0.3328 1.2677, -0.3061 -0.3303 1.2677, -0.2964 -0.3262 1.2677, -0.1694 -0.2487 1.2677, -0.1855 -0.2827 1.2677, -0.1835 -0.2847 1.2677, -0.2392 -0.0228 1.2677, -0.2385 -0.0627 1.2677, -0.2346 -0.0229 1.2677, -0.2259 -0.0635 1.2677, -0.4217 -0.1524 1.2677, -0.4624 -0.1421 1.2677, -0.4258 -0.1621 1.2677, -0.4669 -0.155 1.2677, -0.4283 -0.1722 1.2677, -0.4698 -0.1685 1.2677, -0.4291 -0.1829 1.2677, -0.4709 -0.1814 1.2677, -0.4291 -0.1848 1.2677, -0.471 -0.1842 1.2677, -0.4701 -0.1978 1.2677, -0.1402 -0.1457 1.2677, -0.1308 -0.1466 1.2677, -0.1105 -0.1107 1.2677, -0.1219 -0.149 1.2677, -0.0994 -0.1154 1.2677, -0.0881 -0.122 1.2677, -0.1907 -0.2692 1.2677, -0.1901 -0.2741 1.2677, -0.1884 -0.2786 1.2677, -0.1674 -0.2492 1.2677, -0.1792 -0.2877 1.2677, -0.2545 -0.0237 1.2677, -0.2527 -0.0637 1.2677, -0.2405 -0.0627 1.2677, -0.1751 -0.2493 1.2677, -0.1796 -0.251 1.2677, -0.1906 -0.2673 1.2677, -0.1837 -0.2539 1.2677, -0.187 -0.2575 1.2677, -0.1894 -0.2622 1.2677, -0.4374 -0.1063 1.2677, -0.4398 -0.1085 1.2677, -0.416 -0.1434 1.2677, -0.4487 -0.1187 1.2677, -0.4563 -0.1299 1.2677, -0.1701 -0.2487 1.2677, -0.1458 -0.0603 1.2677, -0.1489 -0.0574 1.2677, -0.1803 -0.0832 1.2677, -0.1615 -0.0476 1.2677, -0.1907 -0.0759 1.2677, -0.175 -0.0393 1.2677, -0.2019 -0.0702 1.2677, -0.1893 -0.0326 1.2677, -0.2137 -0.0661 1.2677, -0.2041 -0.0276 1.2677, -0.2192 -0.0244 1.2677, -0.188 -0.1763 1.2638, -0.1675 -0.2115 1.2638, -0.277 -0.2227 1.2638, -0.2604 -0.2606 1.2638, -0.2964 -0.3262 1.2638, -0.3893 -0.244 1.2638, -0.3338 -0.2428 1.2638, -0.3396 -0.245 1.2638, -0.3514 -0.2578 1.2638, -0.3531 -0.2641 1.2638, -0.422 -0.2745 1.2638, -0.3533 -0.2706 1.2638, -0.4102 -0.2812 1.2638, -0.2604 -0.2672 1.2638, -0.261 -0.2758 1.2638, -0.2874 -0.3206 1.2638, -0.2799 -0.3142 1.2638, -0.4075 -0.2319 1.2638, -0.3989 -0.2387 1.2638, -0.2774 -0.071 1.2638, -0.2887 -0.077 1.2638, -0.3117 -0.0439 1.2638, -0.3396 -0.2908 1.2638, -0.3661 -0.321 1.2638, -0.3449 -0.2871 1.2638, -0.3734 -0.315 1.2638, -0.3491 -0.2823 1.2638, -0.3275 -0.2938 1.2638, -0.3212 -0.293 1.2638, -0.3162 -0.3328 1.2638, -0.3061 -0.2824 1.2638, -0.3031 -0.2766 1.2638, -0.3017 -0.2702 1.2638, -0.3019 -0.2637 1.2638, -0.3226 -0.1146 1.2638, -0.3275 -0.1264 1.2638, -0.3481 -0.078 1.2638, -0.3323 -0.1238 1.2638, -0.392 -0.1233 1.2638, -0.4034 -0.0844 1.2638, -0.3819 -0.1193 1.2638, -0.3904 -0.0801 1.2638, -0.3712 -0.117 1.2638, -0.3771 -0.0775 1.2638, -0.3627 -0.1165 1.2638, -0.433 -0.2664 1.2638, -0.4431 -0.2566 1.2638, -0.4149 -0.2238 1.2638, -0.4498 -0.2484 1.2638, -0.4206 -0.2153 1.2638, -0.4573 -0.2367 1.2638, -0.4252 -0.2054 1.2638, -0.3448 -0.2486 1.2638, -0.3481 -0.2522 1.2638, -0.1637 -0.1003 1.2638, -0.1262 -0.0839 1.2638, -0.1566 -0.1112 1.2638, -0.1188 -0.0965 1.2638, -0.1511 -0.1229 1.2638, -0.113 -0.1098 1.2638, -0.1473 -0.1352 1.2638, -0.3189 -0.0487 1.2638, -0.299 -0.0846 1.2638, -0.3294 -0.0572 1.2638, -0.1219 -0.149 1.2638, -0.1308 -0.1466 1.2638, -0.2633 -0.2864 1.2638, -0.2673 -0.2966 1.2638, -0.2729 -0.3059 1.2638, -0.3423 -0.1198 1.2638, -0.3524 -0.1173 1.2638, -0.3557 -0.077 1.2638, -0.3634 -0.0766 1.2638, -0.339 -0.067 1.2638, -0.3082 -0.0935 1.2638, -0.3161 -0.1036 1.2638, -0.0918 -0.216 1.2638, -0.0574 -0.2393 1.2638, -0.0958 -0.2245 1.2638, -0.0639 -0.2501 1.2638, -0.1014 -0.2321 1.2638, -0.0718 -0.2599 1.2638, -0.1044 -0.2352 1.2638, -0.0756 -0.2639 1.2638, -0.1119 -0.2411 1.2638, -0.0942 -0.1737 1.2638, -0.0554 -0.1608 1.2638, -0.0906 -0.1826 1.2638, -0.051 -0.1725 1.2638, -0.0887 -0.1921 1.2638, -0.0483 -0.1845 1.2638, -0.0884 -0.1975 1.2638, -0.1402 -0.1457 1.2638, -0.1455 -0.1457 1.2638, -0.3803 -0.307 1.2638, -0.3859 -0.2982 1.2638, -0.3519 -0.2768 1.2638, -0.3899 -0.2885 1.2638, -0.3975 -0.2863 1.2638, -0.3061 -0.3303 1.2638, -0.3154 -0.2908 1.2638, -0.3103 -0.2873 1.2638, -0.3275 -0.242 1.2638, -0.3234 -0.2003 1.2638, -0.323 -0.2424 1.2638, -0.3133 -0.2015 1.2638, -0.3168 -0.2444 1.2638, -0.3269 -0.3337 1.2638, -0.336 -0.333 1.2638, -0.3335 -0.2931 1.2638, -0.3467 -0.3307 1.2638, -0.3569 -0.3266 1.2638, -0.3029 -0.2046 1.2638, -0.2932 -0.2092 1.2638, -0.3113 -0.2478 1.2638, -0.2845 -0.2153 1.2638, -0.3068 -0.2524 1.2638, -0.3037 -0.2577 1.2638, -0.3572 -0.2076 1.2638, -0.3475 -0.2035 1.2638, -0.4258 -0.1621 1.2638, -0.4624 -0.1421 1.2638, -0.4217 -0.1524 1.2638, -0.4563 -0.1299 1.2638, -0.416 -0.1434 1.2638, -0.4632 -0.2242 1.2638, -0.4675 -0.2112 1.2638, -0.428 -0.1948 1.2638, -0.4701 -0.1978 1.2638, -0.4291 -0.1848 1.2638, -0.471 -0.1842 1.2638, -0.4291 -0.1829 1.2638, -0.4709 -0.1814 1.2638, -0.4283 -0.1722 1.2638, -0.4698 -0.1685 1.2638, -0.4669 -0.155 1.2638, -0.1835 -0.2847 1.2638, -0.1855 -0.2827 1.2638, -0.1694 -0.2487 1.2638, -0.1884 -0.2786 1.2638, -0.0472 -0.1968 1.2638, -0.0474 -0.2026 1.2638, -0.0893 -0.207 1.2638, -0.0491 -0.2154 1.2638, -0.0525 -0.2277 1.2638, -0.1105 -0.1107 1.2638, -0.0994 -0.1154 1.2638, -0.1136 -0.1531 1.2638, -0.0881 -0.122 1.2638, -0.106 -0.1587 1.2638, -0.078 -0.13 1.2638, -0.0994 -0.1656 1.2638, -0.069 -0.1393 1.2638, -0.0614 -0.1497 1.2638, -0.3806 -0.2279 1.2638, -0.3735 -0.2196 1.2638, -0.3653 -0.2126 1.2638, -0.3374 -0.201 1.2638, -0.3269 -0.2002 1.2638, -0.4487 -0.1187 1.2638, -0.4398 -0.1085 1.2638, -0.4096 -0.136 1.2638, -0.4374 -0.1063 1.2638, -0.4014 -0.129 1.2638, -0.4273 -0.0978 1.2638, -0.4157 -0.0903 1.2638, -0.0855 -0.2722 1.2638, -0.0962 -0.279 1.2638, -0.1203 -0.2456 1.2638, -0.1077 -0.2843 1.2638, -0.1295 -0.2484 1.2638, -0.1197 -0.2879 1.2638, -0.1362 -0.2493 1.2638, -0.1323 -0.2898 1.2638, -0.1661 -0.2493 1.2638, -0.1714 -0.2898 1.2638, -0.1674 -0.2492 1.2638, -0.1747 -0.2893 1.2638, -0.1792 -0.2877 1.2638, -0.1901 -0.2741 1.2638, -0.1907 -0.2692 1.2638, -0.1906 -0.2673 1.2638, -0.3863 -0.2372 1.2638, -0.1894 -0.2622 1.2638, -0.187 -0.2575 1.2638, -0.1837 -0.2539 1.2638, -0.1796 -0.251 1.2638, -0.1803 -0.0832 1.2638, -0.1489 -0.0574 1.2638, -0.1721 -0.0905 1.2638, -0.1458 -0.0603 1.2638, -0.1352 -0.0717 1.2638, -0.2981 -0.0364 1.2638, -0.284 -0.0305 1.2638, -0.2653 -0.0665 1.2638, -0.2695 -0.0263 1.2638, -0.2527 -0.0637 1.2638, -0.2545 -0.0237 1.2638, -0.2405 -0.0627 1.2638, -0.2392 -0.0228 1.2638, -0.2385 -0.0627 1.2638, -0.2346 -0.0229 1.2638, -0.2259 -0.0635 1.2638, -0.2192 -0.0244 1.2638, -0.2137 -0.0661 1.2638, -0.2041 -0.0276 1.2638, -0.2019 -0.0702 1.2638, -0.1893 -0.0326 1.2638, -0.1907 -0.0759 1.2638, -0.175 -0.0393 1.2638, -0.1615 -0.0476 1.2638, -0.1751 -0.2493 1.2638, -0.1701 -0.2487 1.2638
            ]
        }
        coordIndex [
            0,1,2,-1,2,1,3,-1,4,0,5,-1,5,0,2,-1,6,4,7,-1,7,4,5,-1,8,6,9,-1,9,6,7,-1,10,8,11,-1,11,8,9,-1,1,10,3,-1,3,10,11,-1,6,8,4,-1,4,8,10,-1,4,10,0,-1,0,10,1,-1,2,3,5,-1,5,3,11,-1,5,11,7,-1,7,11,9,-1,12,13,14,-1,12,14,15,-1,15,14,16,-1,15,16,17,-1,17,16,18,-1,17,18,19,-1,19,18,20,-1,19,20,21,-1,21,20,22,-1,21,22,23,-1,23,22,24,-1,23,24,25,-1,26,25,27,-1,27,25,24,-1,26,27,28,-1,26,28,29,-1,29,28,30,-1,29,30,31,-1,31,30,32,-1,31,32,33,-1,33,32,34,-1,33,34,35,-1,35,34,36,-1,35,36,37,-1,37,36,38,-1,37,38,39,-1,39,38,40,-1,39,40,41,-1,41,40,42,-1,41,42,43,-1,43,42,44,-1,43,44,45,-1,45,44,46,-1,45,46,47,-1,47,46,48,-1,47,48,49,-1,49,48,50,-1,49,50,51,-1,51,50,52,-1,51,52,53,-1,53,52,54,-1,53,54,55,-1,55,54,56,-1,55,56,57,-1,57,56,58,-1,57,58,59,-1,59,58,60,-1,59,60,61,-1,61,60,62,-1,61,62,63,-1,63,62,64,-1,63,64,65,-1,65,64,66,-1,65,66,67,-1,67,66,68,-1,67,68,69,-1,69,68,70,-1,69,70,71,-1,71,70,72,-1,71,72,73,-1,73,72,74,-1,73,74,75,-1,75,74,76,-1,75,76,77,-1,77,76,78,-1,77,78,79,-1,79,78,80,-1,79,80,81,-1,81,80,82,-1,81,82,83,-1,83,82,84,-1,83,84,85,-1,85,84,86,-1,85,86,87,-1,87,86,88,-1,87,88,89,-1,89,88,90,-1,89,90,91,-1,91,90,92,-1,91,92,93,-1,93,92,94,-1,93,94,95,-1,95,94,96,-1,95,96,97,-1,97,96,98,-1,97,98,99,-1,99,98,100,-1,99,100,101,-1,101,100,102,-1,101,102,103,-1,103,102,104,-1,103,104,105,-1,105,104,106,-1,105,106,107,-1,107,106,108,-1,107,108,109,-1,109,108,110,-1,109,110,111,-1,111,110,112,-1,111,112,113,-1,113,112,114,-1,113,114,115,-1,116,115,117,-1,117,115,114,-1,116,117,118,-1,116,118,119,-1,119,118,120,-1,119,120,121,-1,121,120,122,-1,121,122,123,-1,123,122,124,-1,123,124,125,-1,125,124,126,-1,125,126,127,-1,127,126,128,-1,127,128,129,-1,129,128,130,-1,129,130,131,-1,131,130,132,-1,131,132,133,-1,133,132,134,-1,133,134,135,-1,135,134,136,-1,135,136,137,-1,137,136,138,-1,137,138,139,-1,139,138,140,-1,139,140,141,-1,141,140,142,-1,141,142,143,-1,143,142,144,-1,143,144,145,-1,145,144,146,-1,145,146,147,-1,147,146,148,-1,147,148,149,-1,149,148,150,-1,149,150,151,-1,151,150,152,-1,151,152,153,-1,153,152,154,-1,153,154,155,-1,155,154,156,-1,155,156,157,-1,157,156,158,-1,157,158,159,-1,159,158,160,-1,159,160,161,-1,161,160,162,-1,161,162,163,-1,163,162,164,-1,163,164,165,-1,165,164,166,-1,165,166,167,-1,167,166,168,-1,167,168,169,-1,169,168,170,-1,169,170,171,-1,171,170,172,-1,171,172,173,-1,173,172,174,-1,173,174,175,-1,175,174,176,-1,175,176,177,-1,177,176,178,-1,177,178,179,-1,179,178,180,-1,179,180,181,-1,181,180,182,-1,181,182,183,-1,183,182,184,-1,183,184,185,-1,185,184,186,-1,185,186,187,-1,187,186,188,-1,187,188,189,-1,189,188,190,-1,189,190,191,-1,191,190,192,-1,191,192,193,-1,193,192,194,-1,193,194,195,-1,195,194,196,-1,195,196,197,-1,197,196,13,-1,197,13,12,-1,113,115,116,-1,57,177,179,-1,57,179,55,-1,55,179,181,-1,55,181,53,-1,53,181,183,-1,53,183,51,-1,51,183,185,-1,51,185,49,-1,49,185,187,-1,49,187,47,-1,33,21,31,-1,31,21,23,-1,31,23,29,-1,29,23,25,-1,29,25,26,-1,187,189,47,-1,47,189,191,-1,47,191,45,-1,45,191,193,-1,45,193,43,-1,43,193,195,-1,43,195,41,-1,41,195,197,-1,41,197,39,-1,39,197,12,-1,39,12,37,-1,37,12,15,-1,37,15,35,-1,35,15,17,-1,35,17,33,-1,33,17,19,-1,33,19,21,-1,89,143,87,-1,87,143,145,-1,87,145,85,-1,85,145,147,-1,85,147,83,-1,83,147,149,-1,83,149,81,-1,81,149,151,-1,81,151,79,-1,79,151,153,-1,79,153,77,-1,77,153,155,-1,77,155,75,-1,113,116,111,-1,111,116,119,-1,111,119,109,-1,109,119,121,-1,109,121,107,-1,107,121,123,-1,107,123,105,-1,105,123,125,-1,105,125,103,-1,103,125,127,-1,103,127,101,-1,101,127,129,-1,101,129,99,-1,99,129,131,-1,99,131,97,-1,97,131,133,-1,97,133,95,-1,95,133,135,-1,95,135,93,-1,93,135,137,-1,93,137,91,-1,91,137,139,-1,91,139,89,-1,89,139,141,-1,89,141,143,-1,177,57,175,-1,175,57,59,-1,175,59,173,-1,173,59,61,-1,173,61,171,-1,171,61,63,-1,171,63,169,-1,169,63,65,-1,169,65,167,-1,167,65,165,-1,165,65,67,-1,165,67,163,-1,155,157,75,-1,75,157,159,-1,75,159,73,-1,73,159,161,-1,73,161,71,-1,71,161,163,-1,71,163,69,-1,69,163,67,-1,28,27,24,-1,28,24,30,-1,44,190,46,-1,46,190,188,-1,46,188,48,-1,48,188,186,-1,48,186,50,-1,50,186,184,-1,50,184,52,-1,52,184,182,-1,52,182,54,-1,114,112,117,-1,117,112,110,-1,117,110,118,-1,118,110,108,-1,182,180,54,-1,54,180,178,-1,54,178,56,-1,56,178,176,-1,56,176,58,-1,58,176,174,-1,58,174,60,-1,60,174,172,-1,60,172,62,-1,24,22,30,-1,30,22,20,-1,30,20,32,-1,32,20,18,-1,32,18,34,-1,34,18,16,-1,34,16,36,-1,36,16,14,-1,36,14,38,-1,38,14,13,-1,38,13,40,-1,40,13,196,-1,40,196,42,-1,42,196,194,-1,42,194,44,-1,44,194,192,-1,44,192,190,-1,82,146,84,-1,84,146,144,-1,84,144,86,-1,86,144,142,-1,86,142,88,-1,88,142,140,-1,88,140,90,-1,90,140,138,-1,90,138,92,-1,92,138,136,-1,92,136,94,-1,94,136,134,-1,94,134,96,-1,96,134,132,-1,96,132,98,-1,98,132,130,-1,98,130,100,-1,100,130,128,-1,100,128,102,-1,102,128,126,-1,102,126,104,-1,104,126,124,-1,104,124,106,-1,106,124,122,-1,106,122,108,-1,108,122,120,-1,108,120,118,-1,162,160,72,-1,72,160,158,-1,72,158,74,-1,74,158,156,-1,74,156,76,-1,76,156,154,-1,76,154,78,-1,78,154,152,-1,78,152,80,-1,80,152,150,-1,80,150,82,-1,82,150,148,-1,82,148,146,-1,172,170,62,-1,62,170,168,-1,62,168,64,-1,64,168,166,-1,64,166,66,-1,66,166,164,-1,66,164,68,-1,68,164,162,-1,68,162,70,-1,70,162,72,-1,198,199,200,-1,200,199,201,-1,202,198,203,-1,203,198,200,-1,204,202,205,-1,205,202,203,-1,206,204,207,-1,207,204,205,-1,208,206,209,-1,209,206,207,-1,210,208,211,-1,211,208,209,-1,212,210,213,-1,213,210,211,-1,214,212,215,-1,215,212,213,-1,216,214,217,-1,217,214,215,-1,218,216,219,-1,219,216,217,-1,220,218,221,-1,221,218,219,-1,199,220,201,-1,201,220,221,-1,220,199,198,-1,198,202,220,-1,220,202,204,-1,220,204,218,-1,214,216,212,-1,212,216,218,-1,212,218,210,-1,210,218,204,-1,210,204,208,-1,208,204,206,-1,219,217,215,-1,215,213,219,-1,219,213,211,-1,219,211,221,-1,200,201,203,-1,203,201,221,-1,203,221,205,-1,205,221,211,-1,205,211,207,-1,207,211,209,-1,222,223,224,-1,224,223,225,-1,224,225,226,-1,226,225,227,-1,226,227,228,-1,228,227,229,-1,228,229,230,-1,230,229,231,-1,230,231,232,-1,232,231,233,-1,232,233,234,-1,234,233,235,-1,234,235,236,-1,236,235,237,-1,236,237,238,-1,239,240,241,-1,241,240,242,-1,241,242,243,-1,243,242,244,-1,243,244,245,-1,245,244,246,-1,245,246,247,-1,237,248,238,-1,238,248,249,-1,238,249,250,-1,250,249,251,-1,250,251,252,-1,252,251,253,-1,252,253,254,-1,254,253,255,-1,254,255,256,-1,256,255,257,-1,256,257,258,-1,258,257,259,-1,258,259,239,-1,239,259,260,-1,239,260,240,-1,246,261,247,-1,247,261,262,-1,247,262,263,-1,263,262,264,-1,263,264,265,-1,265,264,266,-1,265,266,267,-1,267,266,268,-1,267,268,269,-1,269,268,270,-1,269,270,271,-1,271,270,272,-1,271,272,273,-1,273,272,274,-1,273,274,275,-1,275,274,276,-1,275,276,277,-1,277,276,278,-1,277,278,279,-1,279,278,280,-1,279,280,281,-1,281,280,282,-1,281,282,283,-1,283,282,284,-1,283,284,285,-1,285,284,286,-1,285,286,287,-1,287,286,288,-1,287,288,289,-1,289,288,290,-1,289,290,291,-1,291,290,292,-1,291,292,293,-1,293,292,294,-1,293,294,222,-1,222,294,295,-1,222,295,223,-1,296,297,298,-1,298,297,299,-1,298,299,300,-1,300,299,301,-1,300,301,302,-1,302,301,303,-1,302,303,304,-1,304,303,305,-1,304,305,306,-1,306,305,307,-1,306,307,308,-1,309,310,311,-1,311,310,312,-1,311,312,313,-1,313,312,314,-1,313,314,315,-1,315,314,316,-1,315,316,317,-1,317,316,318,-1,317,318,319,-1,319,318,320,-1,319,320,321,-1,321,320,322,-1,321,322,323,-1,323,322,324,-1,323,324,325,-1,325,324,326,-1,325,326,327,-1,327,326,328,-1,327,328,329,-1,329,328,330,-1,329,330,331,-1,331,330,332,-1,331,332,333,-1,333,332,334,-1,333,334,335,-1,335,334,336,-1,335,336,337,-1,337,336,338,-1,337,338,296,-1,296,338,339,-1,296,339,297,-1,340,341,342,-1,342,341,343,-1,342,343,344,-1,344,343,345,-1,344,345,346,-1,346,345,347,-1,346,347,348,-1,348,347,349,-1,348,349,350,-1,350,349,351,-1,350,351,352,-1,352,351,353,-1,352,353,354,-1,354,353,355,-1,354,355,309,-1,309,355,356,-1,309,356,310,-1,307,357,308,-1,308,357,358,-1,308,358,359,-1,359,358,360,-1,359,360,361,-1,361,360,362,-1,361,362,363,-1,363,362,364,-1,363,364,365,-1,365,364,366,-1,365,366,367,-1,367,366,368,-1,367,368,340,-1,340,368,369,-1,340,369,341,-1,288,286,320,-1,320,286,322,-1,288,320,318,-1,288,318,290,-1,290,318,316,-1,290,316,292,-1,292,316,314,-1,292,314,294,-1,294,314,312,-1,294,312,295,-1,295,312,310,-1,295,310,223,-1,223,310,356,-1,223,356,225,-1,225,356,355,-1,225,355,227,-1,227,355,353,-1,227,353,229,-1,229,353,351,-1,229,351,231,-1,231,351,349,-1,231,349,233,-1,233,349,347,-1,233,347,235,-1,235,347,345,-1,235,345,237,-1,237,345,343,-1,237,343,248,-1,248,343,341,-1,248,341,249,-1,249,341,369,-1,249,369,251,-1,251,369,368,-1,251,368,253,-1,253,368,366,-1,253,366,255,-1,255,366,364,-1,255,364,257,-1,257,364,362,-1,257,362,259,-1,259,362,360,-1,259,360,260,-1,260,360,358,-1,260,358,240,-1,240,358,357,-1,240,357,242,-1,242,357,307,-1,242,307,244,-1,244,307,305,-1,244,305,246,-1,246,305,303,-1,246,303,261,-1,261,303,301,-1,261,301,262,-1,262,301,299,-1,262,299,264,-1,264,299,297,-1,264,297,266,-1,266,297,339,-1,266,339,268,-1,268,339,338,-1,268,338,270,-1,270,338,336,-1,270,336,272,-1,272,336,334,-1,272,334,274,-1,274,334,332,-1,274,332,276,-1,276,332,330,-1,276,330,278,-1,278,330,328,-1,278,328,280,-1,280,328,326,-1,280,326,282,-1,284,282,324,-1,324,282,326,-1,286,284,322,-1,322,284,324,-1,281,283,325,-1,325,283,323,-1,283,285,323,-1,323,285,321,-1,285,287,321,-1,321,287,319,-1,230,350,352,-1,230,352,228,-1,228,352,354,-1,228,354,226,-1,226,354,309,-1,226,309,224,-1,224,309,311,-1,224,311,222,-1,222,311,313,-1,222,313,293,-1,293,313,315,-1,293,315,291,-1,291,315,317,-1,291,317,289,-1,289,317,319,-1,289,319,287,-1,256,363,365,-1,256,365,254,-1,254,365,367,-1,254,367,252,-1,252,367,340,-1,252,340,250,-1,250,340,342,-1,250,342,238,-1,238,342,344,-1,238,344,236,-1,236,344,346,-1,236,346,234,-1,234,346,348,-1,234,348,232,-1,232,348,350,-1,232,350,230,-1,265,298,300,-1,265,300,263,-1,263,300,302,-1,263,302,247,-1,247,302,304,-1,247,304,245,-1,245,304,306,-1,245,306,243,-1,243,306,308,-1,243,308,241,-1,241,308,359,-1,241,359,239,-1,239,359,361,-1,239,361,258,-1,258,361,363,-1,258,363,256,-1,281,325,327,-1,281,327,279,-1,279,327,329,-1,279,329,277,-1,277,329,331,-1,277,331,275,-1,275,331,333,-1,275,333,273,-1,273,333,335,-1,273,335,271,-1,271,335,337,-1,271,337,269,-1,269,337,296,-1,269,296,267,-1,267,296,298,-1,267,298,265,-1,370,371,372,-1,372,371,373,-1,374,375,370,-1,370,375,376,-1,370,376,371,-1,371,376,377,-1,374,378,375,-1,375,378,379,-1,375,379,380,-1,380,379,381,-1,380,381,382,-1,382,383,380,-1,380,383,372,-1,380,372,384,-1,384,372,373,-1,384,373,385,-1,386,387,388,-1,388,387,389,-1,390,391,389,-1,389,391,392,-1,389,392,388,-1,388,392,393,-1,390,394,391,-1,391,394,395,-1,391,395,396,-1,396,395,397,-1,396,397,398,-1,398,399,396,-1,396,399,387,-1,396,387,400,-1,400,387,386,-1,400,386,401,-1,380,384,391,-1,391,384,392,-1,375,380,396,-1,396,380,391,-1,376,375,400,-1,400,375,396,-1,377,376,401,-1,401,376,400,-1,371,377,386,-1,386,377,401,-1,373,371,388,-1,388,371,386,-1,385,373,393,-1,393,373,388,-1,384,385,392,-1,392,385,393,-1,370,372,387,-1,387,372,389,-1,372,383,389,-1,389,383,390,-1,381,395,394,-1,381,394,382,-1,382,394,390,-1,382,390,383,-1,381,379,395,-1,395,379,397,-1,374,399,398,-1,374,398,378,-1,378,398,397,-1,378,397,379,-1,374,370,399,-1,399,370,387,-1,402,403,404,-1,404,403,405,-1,406,402,407,-1,407,402,404,-1,408,406,409,-1,409,406,407,-1,410,408,411,-1,411,408,409,-1,412,410,413,-1,413,410,411,-1,414,412,415,-1,415,412,413,-1,416,414,417,-1,417,414,415,-1,418,416,419,-1,419,416,417,-1,420,418,421,-1,421,418,419,-1,422,420,423,-1,423,420,421,-1,424,422,425,-1,425,422,423,-1,403,424,405,-1,405,424,425,-1,424,403,402,-1,402,406,424,-1,424,406,408,-1,424,408,422,-1,418,420,416,-1,416,420,422,-1,416,422,414,-1,414,422,408,-1,414,408,412,-1,412,408,410,-1,423,421,419,-1,419,417,423,-1,423,417,415,-1,423,415,425,-1,404,405,407,-1,407,405,425,-1,407,425,409,-1,409,425,415,-1,409,415,411,-1,411,415,413,-1,426,427,428,-1,428,427,429,-1,430,431,432,-1,432,431,433,-1,432,433,434,-1,434,433,435,-1,434,435,436,-1,437,438,439,-1,440,441,442,-1,443,444,445,-1,426,428,446,-1,446,428,447,-1,446,447,448,-1,449,450,451,-1,451,450,439,-1,451,439,452,-1,452,439,438,-1,453,454,455,-1,455,454,456,-1,455,456,430,-1,430,456,457,-1,430,457,431,-1,443,458,444,-1,444,458,459,-1,444,459,460,-1,460,459,461,-1,460,461,462,-1,448,463,446,-1,446,463,464,-1,446,464,465,-1,465,464,466,-1,465,466,445,-1,445,466,467,-1,445,467,443,-1,468,469,470,-1,470,469,471,-1,470,471,453,-1,453,471,472,-1,453,472,454,-1,473,474,475,-1,475,474,476,-1,475,476,477,-1,477,476,478,-1,477,478,479,-1,442,480,440,-1,440,480,481,-1,440,481,473,-1,473,481,482,-1,473,482,474,-1,483,484,485,-1,485,484,486,-1,485,486,441,-1,441,486,487,-1,441,487,442,-1,488,489,439,-1,439,489,490,-1,439,490,437,-1,491,488,468,-1,468,488,492,-1,468,492,469,-1,429,489,428,-1,428,489,488,-1,428,488,493,-1,493,488,491,-1,461,494,462,-1,462,494,495,-1,462,495,496,-1,496,495,497,-1,496,497,498,-1,435,499,436,-1,436,499,500,-1,436,500,501,-1,501,500,502,-1,501,502,503,-1,503,502,504,-1,503,504,505,-1,505,504,506,-1,505,506,507,-1,507,506,508,-1,507,508,509,-1,509,508,510,-1,509,510,511,-1,511,510,512,-1,511,512,513,-1,513,512,514,-1,513,514,515,-1,515,514,516,-1,515,516,517,-1,517,516,518,-1,517,518,519,-1,452,520,451,-1,451,520,521,-1,451,521,522,-1,522,521,523,-1,522,523,524,-1,525,526,527,-1,527,526,528,-1,527,528,529,-1,529,528,530,-1,529,530,531,-1,497,532,498,-1,498,532,533,-1,498,533,483,-1,483,533,534,-1,483,534,484,-1,530,535,531,-1,531,535,536,-1,531,536,537,-1,537,536,538,-1,537,538,539,-1,539,538,524,-1,539,524,540,-1,540,524,523,-1,478,541,479,-1,479,541,542,-1,479,542,543,-1,543,542,544,-1,543,544,545,-1,545,544,546,-1,545,546,525,-1,525,546,547,-1,525,547,526,-1,548,549,550,-1,551,552,553,-1,553,552,554,-1,553,554,555,-1,556,557,558,-1,558,557,559,-1,558,559,560,-1,561,562,563,-1,564,565,566,-1,567,568,569,-1,569,568,570,-1,569,570,571,-1,572,573,562,-1,562,573,574,-1,562,574,563,-1,554,575,555,-1,555,575,576,-1,555,576,577,-1,577,576,578,-1,577,578,579,-1,580,581,582,-1,582,581,583,-1,582,583,584,-1,584,583,585,-1,584,585,551,-1,551,585,586,-1,551,586,552,-1,587,564,588,-1,588,564,566,-1,588,566,589,-1,589,566,590,-1,559,591,560,-1,560,591,592,-1,560,592,567,-1,567,592,593,-1,567,593,568,-1,594,595,556,-1,556,595,596,-1,556,596,557,-1,597,598,594,-1,594,598,599,-1,594,599,595,-1,563,600,561,-1,561,600,601,-1,561,601,602,-1,602,601,603,-1,602,603,604,-1,604,603,605,-1,604,605,606,-1,606,605,607,-1,606,607,608,-1,608,607,609,-1,570,610,571,-1,571,610,611,-1,571,611,612,-1,612,611,613,-1,612,613,572,-1,572,613,614,-1,572,614,573,-1,615,616,617,-1,617,616,566,-1,617,566,618,-1,618,566,565,-1,578,619,579,-1,579,619,620,-1,579,620,621,-1,621,620,622,-1,621,622,623,-1,623,622,616,-1,623,616,624,-1,624,616,625,-1,625,616,615,-1,625,615,609,-1,609,615,626,-1,609,626,608,-1,627,628,629,-1,629,628,630,-1,629,630,631,-1,631,630,632,-1,631,632,633,-1,633,632,634,-1,633,634,635,-1,548,550,636,-1,636,550,637,-1,636,637,638,-1,638,637,639,-1,638,639,640,-1,640,639,641,-1,640,641,642,-1,642,641,643,-1,642,643,644,-1,644,643,645,-1,644,645,646,-1,646,645,647,-1,646,647,648,-1,648,647,649,-1,648,649,580,-1,580,649,650,-1,580,650,581,-1,651,652,653,-1,653,652,654,-1,653,654,655,-1,655,654,656,-1,655,656,597,-1,597,656,657,-1,597,657,598,-1,634,658,635,-1,635,658,659,-1,635,659,660,-1,660,659,661,-1,660,661,662,-1,662,661,663,-1,662,663,651,-1,651,663,664,-1,651,664,652,-1,629,665,627,-1,627,665,666,-1,627,666,667,-1,667,666,668,-1,667,668,588,-1,588,668,669,-1,588,669,587,-1,504,649,647,-1,504,647,506,-1,506,647,645,-1,506,645,508,-1,508,645,643,-1,508,643,510,-1,510,643,641,-1,510,641,512,-1,512,641,639,-1,512,639,514,-1,514,639,637,-1,514,637,516,-1,516,637,550,-1,516,550,518,-1,519,518,549,-1,549,518,550,-1,519,549,548,-1,519,548,517,-1,517,548,636,-1,517,636,515,-1,515,636,638,-1,515,638,513,-1,513,638,640,-1,513,640,511,-1,511,640,642,-1,511,642,509,-1,509,642,644,-1,509,644,507,-1,507,644,646,-1,507,646,505,-1,505,646,648,-1,505,648,503,-1,503,648,580,-1,503,580,501,-1,501,580,582,-1,501,582,436,-1,436,582,584,-1,436,584,434,-1,434,584,551,-1,434,551,432,-1,432,551,553,-1,432,553,430,-1,430,553,555,-1,430,555,455,-1,455,555,577,-1,455,577,453,-1,453,577,579,-1,453,579,470,-1,470,579,621,-1,470,621,468,-1,468,621,623,-1,468,623,491,-1,491,623,624,-1,491,624,493,-1,493,624,625,-1,493,625,428,-1,447,428,609,-1,609,428,625,-1,447,609,607,-1,447,607,448,-1,448,607,605,-1,448,605,463,-1,463,605,603,-1,463,603,464,-1,464,603,601,-1,464,601,466,-1,466,601,600,-1,466,600,467,-1,467,600,563,-1,467,563,443,-1,443,563,574,-1,443,574,458,-1,458,574,573,-1,458,573,459,-1,459,573,614,-1,459,614,461,-1,461,614,613,-1,461,613,494,-1,494,613,611,-1,494,611,495,-1,495,611,610,-1,495,610,497,-1,497,610,570,-1,497,570,532,-1,532,570,568,-1,532,568,533,-1,533,568,593,-1,533,593,534,-1,534,593,592,-1,534,592,484,-1,484,592,591,-1,484,591,486,-1,486,591,559,-1,486,559,487,-1,487,559,557,-1,487,557,442,-1,442,557,596,-1,442,596,480,-1,480,596,595,-1,480,595,481,-1,481,595,599,-1,481,599,482,-1,482,599,598,-1,482,598,474,-1,474,598,657,-1,474,657,476,-1,476,657,656,-1,476,656,478,-1,478,656,654,-1,478,654,541,-1,541,654,652,-1,541,652,542,-1,542,652,664,-1,542,664,544,-1,544,664,663,-1,544,663,546,-1,546,663,661,-1,546,661,547,-1,547,661,659,-1,547,659,526,-1,526,659,658,-1,526,658,528,-1,528,658,634,-1,528,634,530,-1,530,634,632,-1,530,632,535,-1,535,632,630,-1,535,630,536,-1,536,630,628,-1,536,628,538,-1,538,628,627,-1,538,627,524,-1,524,627,667,-1,524,667,522,-1,451,522,588,-1,588,522,667,-1,449,451,589,-1,589,451,588,-1,450,449,590,-1,590,449,589,-1,439,450,566,-1,566,450,590,-1,439,566,616,-1,439,616,488,-1,488,616,622,-1,488,622,492,-1,492,622,620,-1,492,620,469,-1,469,620,619,-1,469,619,471,-1,471,619,578,-1,471,578,472,-1,472,578,576,-1,472,576,454,-1,454,576,575,-1,454,575,456,-1,456,575,554,-1,456,554,457,-1,457,554,552,-1,457,552,431,-1,431,552,586,-1,431,586,433,-1,433,586,585,-1,433,585,435,-1,435,585,583,-1,435,583,499,-1,499,583,581,-1,499,581,500,-1,500,581,650,-1,500,650,502,-1,502,650,649,-1,502,649,504,-1,445,561,602,-1,445,602,465,-1,465,602,604,-1,465,604,446,-1,446,604,606,-1,446,606,426,-1,426,606,608,-1,426,608,427,-1,427,608,626,-1,427,626,429,-1,498,569,571,-1,498,571,496,-1,496,571,612,-1,496,612,462,-1,462,612,572,-1,462,572,460,-1,460,572,562,-1,460,562,444,-1,444,562,561,-1,444,561,445,-1,473,594,556,-1,473,556,440,-1,440,556,558,-1,440,558,441,-1,441,558,560,-1,441,560,485,-1,485,560,567,-1,485,567,483,-1,483,567,569,-1,483,569,498,-1,545,662,651,-1,545,651,543,-1,543,651,653,-1,543,653,479,-1,479,653,655,-1,479,655,477,-1,477,655,597,-1,477,597,475,-1,475,597,594,-1,475,594,473,-1,540,666,665,-1,540,665,539,-1,539,665,629,-1,539,629,537,-1,537,629,631,-1,537,631,531,-1,531,631,633,-1,531,633,529,-1,529,633,635,-1,529,635,527,-1,527,635,660,-1,527,660,525,-1,525,660,662,-1,525,662,545,-1,490,617,618,-1,490,618,437,-1,437,618,565,-1,437,565,438,-1,438,565,564,-1,438,564,452,-1,452,564,587,-1,452,587,520,-1,520,587,669,-1,520,669,521,-1,521,669,668,-1,521,668,523,-1,523,668,666,-1,523,666,540,-1,490,489,617,-1,617,489,615,-1,489,429,615,-1,615,429,626,-1,670,671,672,-1,670,672,673,-1,673,672,674,-1,673,674,675,-1,675,674,676,-1,675,676,677,-1,677,676,678,-1,677,678,679,-1,679,678,680,-1,679,680,681,-1,681,680,682,-1,681,682,683,-1,683,682,684,-1,683,684,685,-1,686,685,687,-1,687,685,684,-1,686,687,688,-1,686,688,689,-1,689,688,690,-1,689,690,691,-1,691,690,692,-1,691,692,693,-1,693,692,694,-1,693,694,695,-1,695,694,696,-1,695,696,697,-1,697,696,698,-1,697,698,699,-1,699,698,700,-1,699,700,701,-1,701,700,702,-1,701,702,703,-1,703,702,704,-1,703,704,705,-1,705,704,706,-1,705,706,707,-1,707,706,708,-1,707,708,709,-1,709,708,710,-1,709,710,711,-1,711,710,712,-1,711,712,713,-1,713,712,714,-1,713,714,715,-1,715,714,716,-1,715,716,717,-1,717,716,718,-1,717,718,719,-1,719,718,720,-1,719,720,721,-1,721,720,722,-1,721,722,723,-1,723,722,724,-1,723,724,725,-1,725,724,726,-1,725,726,727,-1,727,726,728,-1,727,728,729,-1,729,728,730,-1,729,730,731,-1,731,730,732,-1,731,732,733,-1,733,732,734,-1,733,734,735,-1,735,734,736,-1,735,736,737,-1,737,736,738,-1,737,738,739,-1,739,738,740,-1,739,740,741,-1,741,740,742,-1,741,742,743,-1,743,742,744,-1,743,744,745,-1,745,744,746,-1,745,746,747,-1,747,746,748,-1,747,748,749,-1,749,748,750,-1,749,750,751,-1,751,750,752,-1,751,752,753,-1,753,752,754,-1,753,754,755,-1,755,754,756,-1,755,756,757,-1,757,756,758,-1,757,758,759,-1,759,758,760,-1,759,760,761,-1,761,760,762,-1,761,762,763,-1,763,762,764,-1,763,764,765,-1,765,764,766,-1,765,766,767,-1,767,766,768,-1,767,768,769,-1,769,768,770,-1,769,770,771,-1,771,770,772,-1,771,772,773,-1,773,772,774,-1,773,774,775,-1,775,774,776,-1,775,776,777,-1,777,776,778,-1,777,778,779,-1,779,778,780,-1,779,780,781,-1,781,780,782,-1,781,782,783,-1,783,782,784,-1,783,784,785,-1,785,784,786,-1,785,786,787,-1,787,786,788,-1,787,788,789,-1,789,788,790,-1,789,790,791,-1,791,790,792,-1,791,792,793,-1,793,792,794,-1,793,794,795,-1,795,794,796,-1,795,796,797,-1,797,796,798,-1,797,798,799,-1,799,798,800,-1,799,800,801,-1,801,800,802,-1,801,802,803,-1,803,802,804,-1,803,804,805,-1,806,805,807,-1,807,805,804,-1,806,807,808,-1,806,808,809,-1,809,808,810,-1,809,810,811,-1,811,810,812,-1,811,812,813,-1,813,812,814,-1,813,814,815,-1,815,814,816,-1,815,816,817,-1,817,816,818,-1,817,818,819,-1,819,818,820,-1,819,820,821,-1,821,820,822,-1,821,822,823,-1,823,822,824,-1,823,824,825,-1,825,824,826,-1,825,826,827,-1,827,826,828,-1,827,828,829,-1,829,828,830,-1,829,830,831,-1,831,830,832,-1,831,832,833,-1,833,832,834,-1,833,834,835,-1,835,834,836,-1,835,836,837,-1,837,836,838,-1,837,838,839,-1,839,838,840,-1,839,840,841,-1,841,840,842,-1,841,842,843,-1,843,842,844,-1,843,844,845,-1,845,844,846,-1,845,846,847,-1,847,846,848,-1,847,848,849,-1,849,848,850,-1,849,850,851,-1,851,850,852,-1,851,852,853,-1,853,852,854,-1,853,854,855,-1,855,854,856,-1,855,856,857,-1,857,856,858,-1,857,858,859,-1,859,858,860,-1,859,860,861,-1,861,860,862,-1,861,862,863,-1,863,862,864,-1,863,864,865,-1,865,864,866,-1,865,866,867,-1,867,866,868,-1,867,868,869,-1,869,868,870,-1,869,870,871,-1,871,870,872,-1,871,872,873,-1,873,872,874,-1,873,874,875,-1,875,874,876,-1,875,876,877,-1,877,876,878,-1,877,878,879,-1,879,878,880,-1,879,880,881,-1,881,880,882,-1,881,882,883,-1,883,882,884,-1,883,884,885,-1,885,884,886,-1,885,886,887,-1,887,886,888,-1,887,888,889,-1,889,888,890,-1,889,890,891,-1,891,890,892,-1,891,892,893,-1,893,892,894,-1,893,894,895,-1,895,894,896,-1,895,896,897,-1,897,896,898,-1,897,898,899,-1,899,898,900,-1,899,900,901,-1,901,900,902,-1,901,902,903,-1,903,902,904,-1,903,904,905,-1,905,904,906,-1,905,906,907,-1,907,906,671,-1,907,671,670,-1,683,685,686,-1,803,805,806,-1,713,715,897,-1,897,715,895,-1,777,837,775,-1,775,837,839,-1,775,839,773,-1,715,717,895,-1,895,717,719,-1,895,719,893,-1,779,833,777,-1,777,833,835,-1,777,835,837,-1,713,897,711,-1,711,897,899,-1,711,899,709,-1,709,899,901,-1,709,901,707,-1,707,901,903,-1,707,903,705,-1,855,765,853,-1,853,765,767,-1,737,883,735,-1,735,883,885,-1,839,841,773,-1,773,841,843,-1,773,843,771,-1,843,845,771,-1,771,845,847,-1,771,847,769,-1,769,847,849,-1,769,849,767,-1,767,849,851,-1,767,851,853,-1,855,857,765,-1,765,857,859,-1,765,859,763,-1,763,859,861,-1,763,861,761,-1,761,861,863,-1,761,863,759,-1,759,863,865,-1,759,865,757,-1,889,729,887,-1,887,729,731,-1,887,731,885,-1,885,731,733,-1,885,733,735,-1,719,721,893,-1,893,721,723,-1,893,723,891,-1,891,723,725,-1,891,725,889,-1,889,725,727,-1,889,727,729,-1,737,739,883,-1,883,739,741,-1,883,741,881,-1,881,741,743,-1,881,743,879,-1,879,743,745,-1,879,745,877,-1,877,745,747,-1,877,747,875,-1,705,903,703,-1,703,903,905,-1,703,905,701,-1,701,905,907,-1,701,907,699,-1,699,907,670,-1,699,670,697,-1,697,670,673,-1,697,673,695,-1,695,673,675,-1,695,675,693,-1,693,675,677,-1,693,677,691,-1,691,677,679,-1,691,679,689,-1,689,679,686,-1,686,679,681,-1,686,681,683,-1,747,749,875,-1,875,749,751,-1,875,751,873,-1,873,751,753,-1,873,753,871,-1,871,753,755,-1,871,755,869,-1,869,755,757,-1,869,757,867,-1,867,757,865,-1,803,806,801,-1,801,806,809,-1,801,809,799,-1,799,809,811,-1,799,811,797,-1,797,811,813,-1,797,813,795,-1,795,813,815,-1,795,815,793,-1,793,815,817,-1,793,817,791,-1,791,817,819,-1,791,819,789,-1,789,819,821,-1,789,821,787,-1,787,821,823,-1,787,823,785,-1,785,823,825,-1,785,825,783,-1,783,825,827,-1,783,827,781,-1,781,827,829,-1,781,829,779,-1,779,829,831,-1,779,831,833,-1,894,714,896,-1,896,714,712,-1,896,712,898,-1,898,712,710,-1,898,710,900,-1,776,774,836,-1,856,764,858,-1,858,764,762,-1,892,718,894,-1,894,718,716,-1,894,716,714,-1,886,884,732,-1,732,884,734,-1,734,884,882,-1,734,882,736,-1,856,854,764,-1,764,854,852,-1,764,852,766,-1,766,852,850,-1,766,850,768,-1,880,740,882,-1,882,740,738,-1,882,738,736,-1,770,842,772,-1,772,842,840,-1,772,840,774,-1,774,840,838,-1,774,838,836,-1,890,722,892,-1,892,722,720,-1,892,720,718,-1,850,848,768,-1,768,848,846,-1,768,846,770,-1,770,846,844,-1,770,844,842,-1,710,708,900,-1,900,708,706,-1,900,706,902,-1,902,706,704,-1,902,704,904,-1,904,704,702,-1,904,702,906,-1,906,702,700,-1,906,700,671,-1,671,700,698,-1,671,698,672,-1,672,698,696,-1,672,696,674,-1,674,696,694,-1,674,694,676,-1,732,730,886,-1,886,730,728,-1,886,728,888,-1,888,728,726,-1,888,726,890,-1,890,726,724,-1,890,724,722,-1,694,692,676,-1,676,692,690,-1,676,690,678,-1,678,690,688,-1,678,688,680,-1,680,688,687,-1,680,687,682,-1,682,687,684,-1,872,870,754,-1,754,870,868,-1,754,868,756,-1,756,868,866,-1,756,866,758,-1,758,866,864,-1,758,864,760,-1,760,864,862,-1,760,862,762,-1,762,862,860,-1,762,860,858,-1,836,834,776,-1,776,834,832,-1,776,832,778,-1,778,832,830,-1,778,830,780,-1,780,830,828,-1,780,828,782,-1,782,828,826,-1,782,826,784,-1,784,826,824,-1,784,824,786,-1,786,824,822,-1,786,822,788,-1,788,822,820,-1,788,820,790,-1,790,820,818,-1,790,818,792,-1,792,818,816,-1,792,816,794,-1,794,816,814,-1,794,814,796,-1,796,814,812,-1,796,812,798,-1,798,812,810,-1,798,810,800,-1,800,810,808,-1,800,808,802,-1,802,808,807,-1,802,807,804,-1,754,752,872,-1,872,752,750,-1,872,750,874,-1,874,750,748,-1,874,748,876,-1,876,748,746,-1,876,746,878,-1,878,746,744,-1,878,744,880,-1,880,744,742,-1,880,742,740,-1,908,909,910,-1,910,909,911,-1,912,908,913,-1,913,908,910,-1,912,913,914,-1,912,914,915,-1,915,914,916,-1,915,916,917,-1,918,917,919,-1,919,917,916,-1,920,918,921,-1,921,918,919,-1,922,920,923,-1,923,920,921,-1,924,922,925,-1,925,922,923,-1,926,924,927,-1,927,924,925,-1,928,926,929,-1,929,926,927,-1,928,929,930,-1,928,930,931,-1,931,930,932,-1,931,932,933,-1,933,932,934,-1,933,934,935,-1,935,934,936,-1,935,936,937,-1,937,936,938,-1,937,938,939,-1,939,938,940,-1,939,940,941,-1,941,940,942,-1,941,942,943,-1,943,942,944,-1,943,944,945,-1,945,944,946,-1,945,946,947,-1,947,946,948,-1,947,948,949,-1,950,949,951,-1,951,949,948,-1,950,951,952,-1,950,952,953,-1,953,952,954,-1,953,954,955,-1,955,954,956,-1,955,956,957,-1,957,956,958,-1,957,958,959,-1,959,958,960,-1,959,960,961,-1,961,960,962,-1,961,962,963,-1,963,962,964,-1,963,964,965,-1,965,964,966,-1,965,966,967,-1,967,966,968,-1,967,968,969,-1,969,968,970,-1,969,970,971,-1,971,970,972,-1,971,972,973,-1,973,972,974,-1,973,974,975,-1,975,974,976,-1,975,976,977,-1,977,976,978,-1,977,978,979,-1,909,979,911,-1,911,979,978,-1,915,917,979,-1,909,908,979,-1,979,908,912,-1,979,912,915,-1,922,924,920,-1,920,924,926,-1,920,926,918,-1,933,935,967,-1,967,935,965,-1,965,935,937,-1,965,937,963,-1,963,937,939,-1,963,939,961,-1,961,939,959,-1,959,939,941,-1,959,941,957,-1,957,941,943,-1,957,943,955,-1,967,969,933,-1,933,969,971,-1,933,971,931,-1,931,971,973,-1,931,973,928,-1,955,943,953,-1,953,943,945,-1,953,945,950,-1,950,945,947,-1,950,947,949,-1,973,975,928,-1,928,975,977,-1,928,977,926,-1,926,977,979,-1,926,979,918,-1,918,979,917,-1,940,938,960,-1,927,925,923,-1,910,911,913,-1,913,911,978,-1,960,938,962,-1,962,938,936,-1,962,936,964,-1,960,958,940,-1,940,958,956,-1,940,956,942,-1,942,956,954,-1,942,954,944,-1,944,954,952,-1,944,952,946,-1,946,952,951,-1,946,951,948,-1,964,936,966,-1,966,936,934,-1,966,934,968,-1,968,934,932,-1,968,932,970,-1,970,932,930,-1,970,930,972,-1,972,930,974,-1,974,930,929,-1,974,929,976,-1,919,916,978,-1,978,916,914,-1,978,914,913,-1,923,921,927,-1,927,921,919,-1,927,919,929,-1,929,919,978,-1,929,978,976,-1,980,981,982,-1,982,981,983,-1,984,980,985,-1,985,980,982,-1,986,984,987,-1,987,984,985,-1,988,986,989,-1,989,986,987,-1,990,988,991,-1,991,988,989,-1,992,990,993,-1,993,990,991,-1,994,992,995,-1,995,992,993,-1,996,994,997,-1,997,994,995,-1,998,996,999,-1,999,996,997,-1,1000,998,1001,-1,1001,998,999,-1,1002,1000,1003,-1,1003,1000,1001,-1,981,1002,983,-1,983,1002,1003,-1,1002,981,980,-1,980,984,1002,-1,1002,984,986,-1,1002,986,1000,-1,996,998,994,-1,994,998,1000,-1,994,1000,992,-1,992,1000,986,-1,992,986,990,-1,990,986,988,-1,1001,999,997,-1,997,995,1001,-1,1001,995,993,-1,1001,993,1003,-1,982,983,985,-1,985,983,1003,-1,985,1003,987,-1,987,1003,993,-1,987,993,989,-1,989,993,991,-1,1004,1005,1006,-1,1006,1005,1007,-1,1006,1007,1008,-1,1008,1007,1009,-1,1008,1009,1010,-1,1010,1009,1011,-1,1010,1011,1012,-1,1012,1011,1013,-1,1012,1013,1014,-1,1014,1013,1015,-1,1014,1015,1016,-1,1016,1015,1017,-1,1016,1017,1018,-1,1018,1017,1019,-1,1018,1019,1020,-1,1021,1022,1023,-1,1023,1022,1024,-1,1023,1024,1025,-1,1025,1024,1026,-1,1025,1026,1027,-1,1027,1026,1028,-1,1027,1028,1029,-1,1019,1030,1020,-1,1020,1030,1031,-1,1020,1031,1032,-1,1032,1031,1033,-1,1032,1033,1034,-1,1034,1033,1035,-1,1034,1035,1036,-1,1036,1035,1037,-1,1036,1037,1038,-1,1038,1037,1039,-1,1038,1039,1040,-1,1040,1039,1041,-1,1040,1041,1021,-1,1021,1041,1042,-1,1021,1042,1022,-1,1028,1043,1029,-1,1029,1043,1044,-1,1029,1044,1045,-1,1045,1044,1046,-1,1045,1046,1047,-1,1047,1046,1048,-1,1047,1048,1049,-1,1049,1048,1050,-1,1049,1050,1051,-1,1051,1050,1052,-1,1051,1052,1053,-1,1053,1052,1054,-1,1053,1054,1055,-1,1055,1054,1056,-1,1055,1056,1057,-1,1057,1056,1058,-1,1057,1058,1059,-1,1059,1058,1060,-1,1059,1060,1061,-1,1061,1060,1062,-1,1061,1062,1063,-1,1063,1062,1064,-1,1063,1064,1065,-1,1065,1064,1066,-1,1065,1066,1067,-1,1067,1066,1068,-1,1067,1068,1069,-1,1069,1068,1070,-1,1069,1070,1071,-1,1071,1070,1072,-1,1071,1072,1073,-1,1073,1072,1074,-1,1073,1074,1075,-1,1075,1074,1076,-1,1075,1076,1004,-1,1004,1076,1077,-1,1004,1077,1005,-1,1078,1079,1080,-1,1080,1079,1081,-1,1080,1081,1082,-1,1082,1081,1083,-1,1082,1083,1084,-1,1084,1083,1085,-1,1084,1085,1086,-1,1086,1085,1087,-1,1086,1087,1088,-1,1088,1087,1089,-1,1088,1089,1090,-1,1091,1092,1093,-1,1093,1092,1094,-1,1093,1094,1095,-1,1095,1094,1096,-1,1095,1096,1097,-1,1097,1096,1098,-1,1097,1098,1099,-1,1099,1098,1100,-1,1099,1100,1101,-1,1101,1100,1102,-1,1101,1102,1103,-1,1103,1102,1104,-1,1103,1104,1105,-1,1105,1104,1106,-1,1105,1106,1107,-1,1107,1106,1108,-1,1107,1108,1109,-1,1109,1108,1110,-1,1109,1110,1111,-1,1111,1110,1112,-1,1111,1112,1113,-1,1113,1112,1114,-1,1113,1114,1115,-1,1115,1114,1116,-1,1115,1116,1117,-1,1117,1116,1118,-1,1117,1118,1119,-1,1119,1118,1120,-1,1119,1120,1078,-1,1078,1120,1121,-1,1078,1121,1079,-1,1122,1123,1124,-1,1124,1123,1125,-1,1124,1125,1126,-1,1126,1125,1127,-1,1126,1127,1128,-1,1128,1127,1129,-1,1128,1129,1130,-1,1130,1129,1131,-1,1130,1131,1132,-1,1132,1131,1133,-1,1132,1133,1134,-1,1134,1133,1135,-1,1134,1135,1136,-1,1136,1135,1137,-1,1136,1137,1091,-1,1091,1137,1138,-1,1091,1138,1092,-1,1089,1139,1090,-1,1090,1139,1140,-1,1090,1140,1141,-1,1141,1140,1142,-1,1141,1142,1143,-1,1143,1142,1144,-1,1143,1144,1145,-1,1145,1144,1146,-1,1145,1146,1147,-1,1147,1146,1148,-1,1147,1148,1149,-1,1149,1148,1150,-1,1149,1150,1122,-1,1122,1150,1151,-1,1122,1151,1123,-1,1070,1068,1102,-1,1102,1068,1104,-1,1070,1102,1100,-1,1070,1100,1072,-1,1072,1100,1098,-1,1072,1098,1074,-1,1074,1098,1096,-1,1074,1096,1076,-1,1076,1096,1094,-1,1076,1094,1077,-1,1077,1094,1092,-1,1077,1092,1005,-1,1005,1092,1138,-1,1005,1138,1007,-1,1007,1138,1137,-1,1007,1137,1009,-1,1009,1137,1135,-1,1009,1135,1011,-1,1011,1135,1133,-1,1011,1133,1013,-1,1013,1133,1131,-1,1013,1131,1015,-1,1015,1131,1129,-1,1015,1129,1017,-1,1017,1129,1127,-1,1017,1127,1019,-1,1019,1127,1125,-1,1019,1125,1030,-1,1030,1125,1123,-1,1030,1123,1031,-1,1031,1123,1151,-1,1031,1151,1033,-1,1033,1151,1150,-1,1033,1150,1035,-1,1035,1150,1148,-1,1035,1148,1037,-1,1037,1148,1146,-1,1037,1146,1039,-1,1039,1146,1144,-1,1039,1144,1041,-1,1041,1144,1142,-1,1041,1142,1042,-1,1042,1142,1140,-1,1042,1140,1022,-1,1022,1140,1139,-1,1022,1139,1024,-1,1024,1139,1089,-1,1024,1089,1026,-1,1026,1089,1087,-1,1026,1087,1028,-1,1028,1087,1085,-1,1028,1085,1043,-1,1043,1085,1083,-1,1043,1083,1044,-1,1044,1083,1081,-1,1044,1081,1046,-1,1046,1081,1079,-1,1046,1079,1048,-1,1048,1079,1121,-1,1048,1121,1050,-1,1050,1121,1120,-1,1050,1120,1052,-1,1052,1120,1118,-1,1052,1118,1054,-1,1054,1118,1116,-1,1054,1116,1056,-1,1056,1116,1114,-1,1056,1114,1058,-1,1058,1114,1112,-1,1058,1112,1060,-1,1060,1112,1110,-1,1060,1110,1062,-1,1062,1110,1108,-1,1062,1108,1064,-1,1066,1064,1106,-1,1106,1064,1108,-1,1068,1066,1104,-1,1104,1066,1106,-1,1063,1065,1107,-1,1107,1065,1105,-1,1065,1067,1105,-1,1105,1067,1103,-1,1067,1069,1103,-1,1103,1069,1101,-1,1012,1132,1134,-1,1012,1134,1010,-1,1010,1134,1136,-1,1010,1136,1008,-1,1008,1136,1091,-1,1008,1091,1006,-1,1006,1091,1093,-1,1006,1093,1004,-1,1004,1093,1095,-1,1004,1095,1075,-1,1075,1095,1097,-1,1075,1097,1073,-1,1073,1097,1099,-1,1073,1099,1071,-1,1071,1099,1101,-1,1071,1101,1069,-1,1038,1145,1147,-1,1038,1147,1036,-1,1036,1147,1149,-1,1036,1149,1034,-1,1034,1149,1122,-1,1034,1122,1032,-1,1032,1122,1124,-1,1032,1124,1020,-1,1020,1124,1126,-1,1020,1126,1018,-1,1018,1126,1128,-1,1018,1128,1016,-1,1016,1128,1130,-1,1016,1130,1014,-1,1014,1130,1132,-1,1014,1132,1012,-1,1047,1080,1082,-1,1047,1082,1045,-1,1045,1082,1084,-1,1045,1084,1029,-1,1029,1084,1086,-1,1029,1086,1027,-1,1027,1086,1088,-1,1027,1088,1025,-1,1025,1088,1090,-1,1025,1090,1023,-1,1023,1090,1141,-1,1023,1141,1021,-1,1021,1141,1143,-1,1021,1143,1040,-1,1040,1143,1145,-1,1040,1145,1038,-1,1063,1107,1109,-1,1063,1109,1061,-1,1061,1109,1111,-1,1061,1111,1059,-1,1059,1111,1113,-1,1059,1113,1057,-1,1057,1113,1115,-1,1057,1115,1055,-1,1055,1115,1117,-1,1055,1117,1053,-1,1053,1117,1119,-1,1053,1119,1051,-1,1051,1119,1078,-1,1051,1078,1049,-1,1049,1078,1080,-1,1049,1080,1047,-1,1152,1153,1154,-1,1154,1153,1155,-1,1156,1157,1152,-1,1152,1157,1158,-1,1152,1158,1153,-1,1153,1158,1159,-1,1156,1160,1157,-1,1157,1160,1161,-1,1157,1161,1162,-1,1162,1161,1163,-1,1162,1163,1164,-1,1164,1165,1162,-1,1162,1165,1154,-1,1162,1154,1166,-1,1166,1154,1155,-1,1166,1155,1167,-1,1168,1169,1170,-1,1170,1169,1171,-1,1172,1173,1171,-1,1171,1173,1174,-1,1171,1174,1170,-1,1170,1174,1175,-1,1172,1176,1173,-1,1173,1176,1177,-1,1173,1177,1178,-1,1178,1177,1179,-1,1178,1179,1180,-1,1180,1181,1178,-1,1178,1181,1169,-1,1178,1169,1182,-1,1182,1169,1168,-1,1182,1168,1183,-1,1162,1166,1173,-1,1173,1166,1174,-1,1157,1162,1178,-1,1178,1162,1173,-1,1158,1157,1182,-1,1182,1157,1178,-1,1159,1158,1183,-1,1183,1158,1182,-1,1153,1159,1168,-1,1168,1159,1183,-1,1155,1153,1170,-1,1170,1153,1168,-1,1167,1155,1175,-1,1175,1155,1170,-1,1166,1167,1174,-1,1174,1167,1175,-1,1152,1154,1169,-1,1169,1154,1171,-1,1154,1165,1171,-1,1171,1165,1172,-1,1163,1177,1176,-1,1163,1176,1164,-1,1164,1176,1172,-1,1164,1172,1165,-1,1163,1161,1177,-1,1177,1161,1179,-1,1156,1181,1180,-1,1156,1180,1160,-1,1160,1180,1179,-1,1160,1179,1161,-1,1156,1152,1181,-1,1181,1152,1169,-1,1184,1185,1186,-1,1187,1188,1189,-1,1190,1191,1192,-1,1193,1194,1195,-1,1195,1194,1196,-1,1197,1198,1199,-1,1200,1201,1202,-1,1202,1201,1203,-1,1202,1203,1204,-1,1205,1206,1207,-1,1207,1206,1186,-1,1207,1186,1208,-1,1209,1210,1211,-1,1212,1213,1186,-1,1186,1213,1214,-1,1186,1214,1184,-1,1215,1216,1193,-1,1193,1216,1217,-1,1193,1217,1194,-1,1218,1219,1220,-1,1220,1219,1190,-1,1221,1222,1223,-1,1224,1225,1226,-1,1190,1192,1220,-1,1220,1192,1227,-1,1220,1227,1193,-1,1193,1227,1228,-1,1193,1228,1215,-1,1229,1230,1196,-1,1196,1230,1231,-1,1196,1231,1195,-1,1232,1185,1233,-1,1233,1185,1234,-1,1233,1234,1235,-1,1236,1237,1238,-1,1238,1237,1239,-1,1238,1239,1205,-1,1205,1239,1240,-1,1205,1240,1206,-1,1223,1241,1221,-1,1221,1241,1242,-1,1221,1242,1236,-1,1236,1242,1243,-1,1236,1243,1237,-1,1211,1210,1244,-1,1244,1210,1245,-1,1244,1245,1246,-1,1246,1245,1247,-1,1246,1247,1248,-1,1199,1198,1249,-1,1249,1198,1250,-1,1249,1250,1251,-1,1252,1253,1186,-1,1186,1253,1254,-1,1186,1254,1212,-1,1224,1226,1255,-1,1255,1226,1256,-1,1255,1256,1257,-1,1257,1256,1258,-1,1257,1258,1259,-1,1191,1190,1221,-1,1221,1190,1260,-1,1221,1260,1261,-1,1261,1262,1221,-1,1221,1262,1263,-1,1221,1263,1222,-1,1264,1265,1266,-1,1266,1265,1267,-1,1266,1267,1268,-1,1268,1267,1269,-1,1268,1269,1270,-1,1270,1269,1271,-1,1270,1271,1272,-1,1273,1274,1275,-1,1275,1274,1276,-1,1275,1276,1252,-1,1252,1276,1277,-1,1252,1277,1253,-1,1225,1224,1278,-1,1278,1224,1279,-1,1278,1279,1280,-1,1280,1279,1281,-1,1280,1281,1282,-1,1282,1281,1283,-1,1282,1283,1189,-1,1189,1283,1284,-1,1189,1284,1187,-1,1232,1285,1185,-1,1185,1285,1286,-1,1185,1286,1186,-1,1186,1286,1287,-1,1186,1287,1208,-1,1211,1288,1209,-1,1209,1288,1289,-1,1209,1289,1290,-1,1290,1289,1291,-1,1290,1291,1292,-1,1292,1291,1293,-1,1292,1293,1294,-1,1294,1293,1295,-1,1294,1295,1296,-1,1199,1297,1197,-1,1197,1297,1298,-1,1197,1298,1299,-1,1299,1298,1300,-1,1299,1300,1301,-1,1301,1300,1302,-1,1301,1302,1303,-1,1303,1302,1189,-1,1303,1189,1304,-1,1304,1189,1188,-1,1202,1305,1200,-1,1200,1305,1306,-1,1200,1306,1307,-1,1307,1306,1308,-1,1307,1308,1309,-1,1310,1311,1312,-1,1312,1311,1313,-1,1312,1313,1314,-1,1314,1313,1315,-1,1314,1315,1273,-1,1273,1315,1316,-1,1273,1316,1274,-1,1317,1318,1319,-1,1319,1318,1320,-1,1319,1320,1229,-1,1229,1320,1321,-1,1229,1321,1230,-1,1234,1322,1235,-1,1235,1322,1323,-1,1235,1323,1324,-1,1324,1323,1325,-1,1324,1325,1326,-1,1327,1328,1329,-1,1329,1328,1330,-1,1329,1330,1331,-1,1331,1330,1332,-1,1331,1332,1264,-1,1264,1332,1333,-1,1264,1333,1265,-1,1295,1334,1296,-1,1296,1334,1335,-1,1296,1335,1336,-1,1336,1335,1337,-1,1336,1337,1327,-1,1327,1337,1338,-1,1327,1338,1328,-1,1325,1339,1326,-1,1326,1339,1340,-1,1326,1340,1317,-1,1317,1340,1341,-1,1317,1341,1318,-1,1342,1343,1344,-1,1345,1346,1347,-1,1347,1346,1348,-1,1349,1350,1351,-1,1351,1350,1352,-1,1351,1352,1353,-1,1353,1352,1354,-1,1353,1354,1355,-1,1355,1354,1356,-1,1355,1356,1357,-1,1357,1356,1358,-1,1357,1358,1310,-1,1310,1358,1359,-1,1310,1359,1311,-1,1204,1360,1202,-1,1202,1360,1361,-1,1202,1361,1362,-1,1362,1361,1363,-1,1362,1363,1364,-1,1364,1363,1272,-1,1364,1272,1365,-1,1365,1272,1271,-1,1366,1367,1342,-1,1342,1367,1368,-1,1342,1368,1343,-1,1247,1369,1248,-1,1248,1369,1342,-1,1248,1342,1370,-1,1370,1342,1344,-1,1251,1250,1371,-1,1371,1250,1372,-1,1371,1372,1345,-1,1345,1372,1373,-1,1345,1373,1346,-1,1374,1375,1376,-1,1375,1377,1376,-1,1376,1377,1378,-1,1376,1378,1379,-1,1258,1380,1259,-1,1259,1380,1381,-1,1259,1381,1382,-1,1382,1381,1383,-1,1382,1383,1349,-1,1349,1383,1384,-1,1349,1384,1350,-1,1366,1342,1376,-1,1376,1342,1385,-1,1376,1385,1374,-1,1308,1386,1309,-1,1309,1386,1387,-1,1309,1387,1388,-1,1388,1387,1389,-1,1388,1389,1390,-1,1390,1389,1391,-1,1390,1391,1392,-1,1392,1391,1393,-1,1392,1393,1394,-1,1394,1393,1395,-1,1394,1395,1348,-1,1348,1395,1396,-1,1348,1396,1347,-1,1397,1398,1399,-1,1399,1398,1400,-1,1399,1400,1401,-1,1402,1403,1404,-1,1405,1406,1407,-1,1407,1406,1408,-1,1407,1408,1409,-1,1400,1410,1401,-1,1401,1410,1411,-1,1401,1411,1412,-1,1412,1411,1413,-1,1414,1415,1407,-1,1407,1415,1402,-1,1407,1402,1405,-1,1416,1417,1418,-1,1419,1420,1421,-1,1421,1420,1422,-1,1421,1422,1423,-1,1424,1425,1426,-1,1427,1428,1401,-1,1401,1428,1429,-1,1401,1429,1399,-1,1399,1429,1430,-1,1431,1432,1433,-1,1433,1432,1434,-1,1435,1436,1437,-1,1437,1436,1438,-1,1437,1438,1439,-1,1439,1438,1440,-1,1439,1440,1441,-1,1407,1442,1414,-1,1414,1442,1443,-1,1414,1443,1444,-1,1444,1443,1445,-1,1444,1445,1446,-1,1446,1445,1447,-1,1446,1447,1448,-1,1404,1449,1402,-1,1402,1449,1450,-1,1402,1450,1405,-1,1451,1452,1453,-1,1453,1452,1454,-1,1453,1454,1455,-1,1455,1454,1456,-1,1455,1456,1457,-1,1418,1417,1458,-1,1458,1417,1459,-1,1458,1459,1460,-1,1461,1462,1456,-1,1463,1464,1411,-1,1411,1464,1465,-1,1411,1465,1413,-1,1434,1466,1433,-1,1433,1466,1467,-1,1433,1467,1468,-1,1468,1467,1441,-1,1468,1441,1469,-1,1469,1441,1440,-1,1460,1459,1470,-1,1470,1459,1471,-1,1470,1471,1433,-1,1433,1471,1472,-1,1433,1472,1431,-1,1473,1474,1475,-1,1475,1474,1476,-1,1475,1476,1477,-1,1477,1476,1478,-1,1477,1478,1479,-1,1479,1478,1480,-1,1479,1480,1481,-1,1482,1483,1484,-1,1484,1483,1485,-1,1484,1485,1486,-1,1486,1485,1487,-1,1486,1487,1488,-1,1462,1489,1456,-1,1456,1489,1490,-1,1456,1490,1457,-1,1422,1491,1423,-1,1423,1491,1492,-1,1423,1492,1493,-1,1493,1492,1494,-1,1493,1494,1408,-1,1408,1494,1495,-1,1408,1495,1409,-1,1426,1425,1496,-1,1496,1425,1497,-1,1496,1497,1401,-1,1401,1497,1498,-1,1401,1498,1427,-1,1499,1500,1501,-1,1501,1500,1502,-1,1501,1502,1503,-1,1426,1504,1424,-1,1424,1504,1505,-1,1424,1505,1506,-1,1506,1505,1507,-1,1506,1507,1419,-1,1419,1507,1508,-1,1419,1508,1420,-1,1502,1509,1503,-1,1503,1509,1510,-1,1503,1510,1511,-1,1511,1510,1512,-1,1511,1512,1513,-1,1513,1512,1399,-1,1513,1399,1514,-1,1514,1399,1430,-1,1499,1515,1516,-1,1517,1518,1519,-1,1519,1518,1520,-1,1519,1520,1521,-1,1447,1522,1448,-1,1448,1522,1523,-1,1448,1523,1524,-1,1524,1523,1525,-1,1524,1525,1526,-1,1526,1525,1527,-1,1526,1527,1528,-1,1528,1527,1529,-1,1528,1529,1530,-1,1530,1529,1531,-1,1530,1531,1517,-1,1517,1531,1532,-1,1517,1532,1518,-1,1533,1534,1535,-1,1535,1534,1536,-1,1487,1537,1488,-1,1488,1537,1538,-1,1488,1538,1539,-1,1539,1538,1540,-1,1539,1540,1473,-1,1473,1540,1541,-1,1473,1541,1474,-1,1456,1542,1461,-1,1461,1542,1543,-1,1461,1543,1544,-1,1544,1543,1545,-1,1544,1545,1546,-1,1546,1545,1547,-1,1546,1547,1548,-1,1548,1547,1549,-1,1548,1549,1482,-1,1482,1549,1550,-1,1482,1550,1483,-1,1551,1552,1499,-1,1499,1552,1553,-1,1499,1553,1515,-1,1516,1554,1499,-1,1499,1554,1555,-1,1499,1555,1500,-1,1520,1556,1521,-1,1521,1556,1557,-1,1521,1557,1558,-1,1558,1557,1559,-1,1558,1559,1560,-1,1560,1559,1561,-1,1560,1561,1435,-1,1435,1561,1562,-1,1435,1562,1436,-1,1480,1563,1481,-1,1481,1563,1564,-1,1481,1564,1565,-1,1565,1564,1566,-1,1565,1566,1567,-1,1567,1566,1568,-1,1567,1568,1569,-1,1569,1568,1570,-1,1569,1570,1571,-1,1571,1570,1572,-1,1571,1572,1573,-1,1573,1572,1574,-1,1573,1574,1535,-1,1535,1574,1575,-1,1535,1575,1533,-1,1536,1576,1535,-1,1535,1576,1577,-1,1535,1577,1578,-1,1403,1402,1499,-1,1499,1402,1579,-1,1499,1579,1551,-1,1580,1581,1578,-1,1578,1581,1582,-1,1578,1582,1583,-1,1584,1585,1586,-1,1586,1585,1587,-1,1586,1587,1451,-1,1451,1587,1588,-1,1451,1588,1452,-1,1418,1589,1416,-1,1416,1589,1590,-1,1416,1590,1591,-1,1591,1590,1592,-1,1591,1592,1593,-1,1593,1592,1594,-1,1593,1594,1595,-1,1595,1594,1596,-1,1595,1596,1597,-1,1597,1596,1598,-1,1597,1598,1599,-1,1599,1598,1600,-1,1599,1600,1601,-1,1601,1600,1602,-1,1601,1602,1603,-1,1603,1602,1604,-1,1603,1604,1605,-1,1605,1604,1606,-1,1605,1606,1584,-1,1584,1606,1607,-1,1584,1607,1585,-1,1583,1608,1578,-1,1578,1608,1609,-1,1578,1609,1535,-1,1330,1537,1487,-1,1330,1487,1332,-1,1332,1487,1485,-1,1332,1485,1333,-1,1333,1485,1483,-1,1333,1483,1265,-1,1265,1483,1550,-1,1265,1550,1267,-1,1267,1550,1549,-1,1267,1549,1269,-1,1269,1549,1547,-1,1269,1547,1271,-1,1271,1547,1545,-1,1271,1545,1365,-1,1365,1545,1543,-1,1365,1543,1364,-1,1364,1543,1542,-1,1364,1542,1362,-1,1362,1542,1456,-1,1362,1456,1202,-1,1202,1456,1454,-1,1202,1454,1305,-1,1305,1454,1452,-1,1305,1452,1306,-1,1306,1452,1588,-1,1306,1588,1308,-1,1308,1588,1587,-1,1308,1587,1386,-1,1386,1587,1585,-1,1386,1585,1387,-1,1387,1585,1607,-1,1387,1607,1389,-1,1389,1607,1606,-1,1389,1606,1391,-1,1391,1606,1604,-1,1391,1604,1393,-1,1393,1604,1602,-1,1393,1602,1395,-1,1395,1602,1600,-1,1395,1600,1396,-1,1396,1600,1598,-1,1396,1598,1347,-1,1347,1598,1596,-1,1347,1596,1345,-1,1345,1596,1594,-1,1345,1594,1371,-1,1371,1594,1592,-1,1371,1592,1251,-1,1251,1592,1590,-1,1251,1590,1249,-1,1249,1590,1589,-1,1249,1589,1199,-1,1199,1589,1418,-1,1199,1418,1297,-1,1297,1418,1458,-1,1297,1458,1298,-1,1298,1458,1460,-1,1298,1460,1300,-1,1300,1460,1470,-1,1300,1470,1302,-1,1302,1470,1433,-1,1302,1433,1189,-1,1189,1433,1468,-1,1189,1468,1282,-1,1282,1468,1469,-1,1282,1469,1280,-1,1280,1469,1440,-1,1280,1440,1278,-1,1278,1440,1438,-1,1278,1438,1225,-1,1225,1438,1436,-1,1225,1436,1226,-1,1226,1436,1562,-1,1226,1562,1256,-1,1256,1562,1561,-1,1256,1561,1258,-1,1258,1561,1559,-1,1258,1559,1380,-1,1380,1559,1557,-1,1380,1557,1381,-1,1381,1557,1556,-1,1381,1556,1383,-1,1383,1556,1520,-1,1383,1520,1384,-1,1384,1520,1518,-1,1384,1518,1350,-1,1350,1518,1532,-1,1350,1532,1352,-1,1352,1532,1531,-1,1352,1531,1354,-1,1354,1531,1529,-1,1354,1529,1356,-1,1356,1529,1527,-1,1356,1527,1358,-1,1358,1527,1525,-1,1358,1525,1359,-1,1359,1525,1523,-1,1359,1523,1311,-1,1311,1523,1522,-1,1311,1522,1313,-1,1313,1522,1447,-1,1313,1447,1315,-1,1315,1447,1445,-1,1315,1445,1316,-1,1316,1445,1443,-1,1316,1443,1274,-1,1274,1443,1442,-1,1274,1442,1276,-1,1276,1442,1407,-1,1276,1407,1277,-1,1277,1407,1409,-1,1277,1409,1253,-1,1253,1409,1495,-1,1253,1495,1254,-1,1254,1495,1494,-1,1254,1494,1212,-1,1212,1494,1492,-1,1212,1492,1213,-1,1213,1492,1491,-1,1213,1491,1214,-1,1214,1491,1422,-1,1214,1422,1184,-1,1184,1422,1420,-1,1184,1420,1185,-1,1185,1420,1508,-1,1185,1508,1234,-1,1234,1508,1507,-1,1234,1507,1322,-1,1322,1507,1505,-1,1322,1505,1323,-1,1323,1505,1504,-1,1323,1504,1325,-1,1325,1504,1426,-1,1325,1426,1339,-1,1339,1426,1496,-1,1339,1496,1340,-1,1340,1496,1401,-1,1340,1401,1341,-1,1341,1401,1412,-1,1341,1412,1318,-1,1318,1412,1413,-1,1318,1413,1320,-1,1320,1413,1465,-1,1320,1465,1321,-1,1321,1465,1464,-1,1321,1464,1230,-1,1230,1464,1463,-1,1230,1463,1231,-1,1231,1463,1411,-1,1231,1411,1195,-1,1195,1411,1410,-1,1195,1410,1193,-1,1220,1193,1400,-1,1400,1193,1410,-1,1218,1220,1398,-1,1398,1220,1400,-1,1219,1218,1397,-1,1397,1218,1398,-1,1190,1219,1399,-1,1399,1219,1397,-1,1190,1399,1512,-1,1190,1512,1260,-1,1260,1512,1510,-1,1260,1510,1261,-1,1261,1510,1509,-1,1261,1509,1262,-1,1262,1509,1502,-1,1262,1502,1263,-1,1263,1502,1500,-1,1263,1500,1222,-1,1222,1500,1555,-1,1222,1555,1223,-1,1223,1555,1554,-1,1223,1554,1241,-1,1241,1554,1516,-1,1241,1516,1242,-1,1242,1516,1515,-1,1242,1515,1243,-1,1243,1515,1553,-1,1243,1553,1237,-1,1237,1553,1552,-1,1237,1552,1239,-1,1239,1552,1551,-1,1239,1551,1240,-1,1240,1551,1579,-1,1240,1579,1206,-1,1206,1579,1402,-1,1206,1402,1186,-1,1186,1402,1415,-1,1186,1415,1252,-1,1252,1415,1414,-1,1252,1414,1275,-1,1275,1414,1444,-1,1275,1444,1273,-1,1273,1444,1446,-1,1273,1446,1314,-1,1314,1446,1448,-1,1314,1448,1312,-1,1312,1448,1524,-1,1312,1524,1310,-1,1310,1524,1526,-1,1310,1526,1357,-1,1357,1526,1528,-1,1357,1528,1355,-1,1355,1528,1530,-1,1355,1530,1353,-1,1353,1530,1517,-1,1353,1517,1351,-1,1351,1517,1519,-1,1351,1519,1349,-1,1349,1519,1521,-1,1349,1521,1382,-1,1382,1521,1558,-1,1382,1558,1259,-1,1259,1558,1560,-1,1259,1560,1257,-1,1257,1560,1435,-1,1257,1435,1255,-1,1255,1435,1437,-1,1255,1437,1224,-1,1224,1437,1439,-1,1224,1439,1279,-1,1279,1439,1441,-1,1279,1441,1281,-1,1281,1441,1467,-1,1281,1467,1283,-1,1283,1467,1466,-1,1283,1466,1284,-1,1284,1466,1434,-1,1284,1434,1187,-1,1187,1434,1432,-1,1187,1432,1188,-1,1188,1432,1431,-1,1188,1431,1304,-1,1304,1431,1472,-1,1304,1472,1303,-1,1303,1472,1471,-1,1303,1471,1301,-1,1301,1471,1459,-1,1301,1459,1299,-1,1299,1459,1417,-1,1299,1417,1197,-1,1197,1417,1416,-1,1197,1416,1198,-1,1198,1416,1591,-1,1198,1591,1250,-1,1250,1591,1593,-1,1250,1593,1372,-1,1372,1593,1595,-1,1372,1595,1373,-1,1373,1595,1597,-1,1373,1597,1346,-1,1346,1597,1599,-1,1346,1599,1348,-1,1348,1599,1601,-1,1348,1601,1394,-1,1394,1601,1603,-1,1394,1603,1392,-1,1392,1603,1605,-1,1392,1605,1390,-1,1390,1605,1584,-1,1390,1584,1388,-1,1388,1584,1586,-1,1388,1586,1309,-1,1309,1586,1451,-1,1309,1451,1307,-1,1307,1451,1453,-1,1307,1453,1200,-1,1200,1453,1455,-1,1200,1455,1201,-1,1201,1455,1457,-1,1201,1457,1203,-1,1203,1457,1490,-1,1203,1490,1204,-1,1360,1204,1489,-1,1489,1204,1490,-1,1360,1489,1462,-1,1360,1462,1361,-1,1361,1462,1461,-1,1361,1461,1363,-1,1363,1461,1544,-1,1363,1544,1272,-1,1272,1544,1546,-1,1272,1546,1270,-1,1270,1546,1548,-1,1270,1548,1268,-1,1268,1548,1482,-1,1268,1482,1266,-1,1266,1482,1484,-1,1266,1484,1264,-1,1264,1484,1486,-1,1264,1486,1331,-1,1331,1486,1488,-1,1331,1488,1329,-1,1329,1488,1539,-1,1329,1539,1327,-1,1327,1539,1473,-1,1327,1473,1336,-1,1336,1473,1475,-1,1336,1475,1296,-1,1296,1475,1477,-1,1296,1477,1294,-1,1294,1477,1479,-1,1294,1479,1292,-1,1292,1479,1481,-1,1292,1481,1290,-1,1290,1481,1565,-1,1290,1565,1209,-1,1209,1565,1567,-1,1209,1567,1210,-1,1210,1567,1569,-1,1210,1569,1245,-1,1247,1245,1571,-1,1571,1245,1569,-1,1247,1571,1573,-1,1247,1573,1369,-1,1369,1573,1535,-1,1369,1535,1342,-1,1342,1535,1609,-1,1342,1609,1385,-1,1385,1609,1608,-1,1385,1608,1374,-1,1374,1608,1583,-1,1374,1583,1375,-1,1375,1583,1582,-1,1375,1582,1377,-1,1377,1582,1581,-1,1377,1581,1378,-1,1378,1581,1580,-1,1378,1580,1379,-1,1379,1580,1578,-1,1379,1578,1376,-1,1376,1578,1577,-1,1376,1577,1366,-1,1366,1577,1576,-1,1366,1576,1367,-1,1367,1576,1536,-1,1367,1536,1368,-1,1368,1536,1534,-1,1368,1534,1343,-1,1343,1534,1533,-1,1343,1533,1344,-1,1344,1533,1575,-1,1344,1575,1370,-1,1370,1575,1574,-1,1370,1574,1248,-1,1248,1574,1572,-1,1248,1572,1246,-1,1244,1246,1570,-1,1570,1246,1572,-1,1244,1570,1568,-1,1244,1568,1211,-1,1211,1568,1566,-1,1211,1566,1288,-1,1288,1566,1564,-1,1288,1564,1289,-1,1289,1564,1563,-1,1289,1563,1291,-1,1291,1563,1480,-1,1291,1480,1293,-1,1293,1480,1478,-1,1293,1478,1295,-1,1295,1478,1476,-1,1295,1476,1334,-1,1334,1476,1474,-1,1334,1474,1335,-1,1335,1474,1541,-1,1335,1541,1337,-1,1337,1541,1540,-1,1337,1540,1338,-1,1338,1540,1538,-1,1338,1538,1328,-1,1328,1538,1537,-1,1328,1537,1330,-1,1191,1499,1501,-1,1191,1501,1192,-1,1192,1501,1503,-1,1192,1503,1227,-1,1227,1503,1511,-1,1227,1511,1228,-1,1228,1511,1513,-1,1228,1513,1215,-1,1215,1513,1514,-1,1215,1514,1216,-1,1216,1514,1430,-1,1216,1430,1217,-1,1217,1430,1429,-1,1217,1429,1194,-1,1194,1429,1428,-1,1194,1428,1196,-1,1196,1428,1427,-1,1196,1427,1229,-1,1229,1427,1498,-1,1229,1498,1319,-1,1319,1498,1497,-1,1319,1497,1317,-1,1317,1497,1425,-1,1317,1425,1326,-1,1326,1425,1424,-1,1326,1424,1324,-1,1324,1424,1506,-1,1324,1506,1235,-1,1235,1506,1419,-1,1235,1419,1233,-1,1233,1419,1421,-1,1233,1421,1232,-1,1232,1421,1423,-1,1232,1423,1285,-1,1285,1423,1493,-1,1285,1493,1286,-1,1286,1493,1408,-1,1286,1408,1287,-1,1287,1408,1406,-1,1287,1406,1208,-1,1208,1406,1405,-1,1208,1405,1207,-1,1207,1405,1450,-1,1207,1450,1205,-1,1205,1450,1449,-1,1205,1449,1238,-1,1238,1449,1404,-1,1238,1404,1236,-1,1236,1404,1403,-1,1236,1403,1221,-1,1221,1403,1499,-1,1221,1499,1191,-1,
        ]
    }
}
Shape{
    appearance Appearance {
        material  Material 	{
            diffuseColor 0.7529411764705882 0.7529411764705882 0.7529411764705882
            specularColor 0.3764705882352941 0.3764705882352941 0.3764705882352941
            ambientIntensity 0.7529
            transparency 0.0
            shininess 0.5
        }
    }
    geometry IndexedFaceSet {
        ccw TRUE
        solid FALSE
        coord DEF co Coordinate {
            point [
                1.6417 -0.9823 0.5315, 1.6417 -0.6674 0.2165, 1.6417 -0.9823 -0.2601, 1.6417 -0.6674 -0.2601, 1.6417 -0.668 -0.2673, 1.6417 -0.67 -0.2743, 1.6417 -0.9817 -0.2673, 1.6417 -0.4804 0.5826, 1.6417 -0.4926 0.5733, 1.6417 -1.8091 0.7717, 1.6417 -0.502 0.561, 1.6417 -0.5079 0.5468, 1.6417 -1.0808 0.5906, 1.6417 -1.096 0.5885, 1.6417 -1.1103 0.5826, 1.6417 -1.1225 0.5733, 1.6417 -1.1319 0.561, 1.6417 -1.1378 0.5468, 1.6417 -1.8091 0.5118, 1.6417 -1.1398 0.5315, 1.6417 -1.1398 0.5118, 1.6417 -0.7063 -0.3685, 1.6417 -0.9434 -0.3685, 1.6417 -0.9797 -0.2743, 1.6417 -0.3653 0.5683, 1.6417 -0.3746 0.5777, 1.6417 0.126 0.7717, 1.6417 -0.3858 0.5847, 1.6417 -0.3983 0.5891, 1.6417 -0.3583 0.5571, 1.6417 0.126 0.7687, 1.6417 -0.3539 0.5446, 1.6417 0.1259 0.7657, 1.6417 -0.3524 0.5315, 1.6417 0.1259 0.5177, 1.6417 -0.3524 0.5118, 1.6417 0.126 0.5148, 1.6417 0.126 0.5118, 1.6417 -0.9838 0.5446, 1.6417 -0.5099 0.5315, 1.6417 -0.4115 0.5906, 1.6417 -0.4508 0.5906, 1.6417 -0.4661 0.5885, 1.6417 -0.9952 0.5683, 1.6417 -1.0046 0.5777, 1.6417 -0.7431 -0.3937, 1.6417 -0.9066 -0.3937, 1.6417 -0.916 -0.3926, 1.6417 -0.9249 -0.3892, 1.6417 -0.9326 -0.3839, 1.6417 -0.9389 -0.3768, 1.6417 -0.9882 0.5571, 1.6417 -0.7108 -0.3768, 1.6417 -0.717 -0.3839, 1.6417 -0.5099 0.2559, 1.6417 -0.5493 0.2165, 1.6417 -0.5109 0.2471, 1.6417 -0.5138 0.2388, 1.6417 -1.0158 0.5847, 1.6417 -1.0282 0.5891, 1.6417 -1.0414 0.5906, 1.6417 -0.7248 -0.3892, 1.6417 -0.7337 -0.3926, 1.6417 -0.5185 0.2314, 1.6417 -0.5247 0.2251, 1.6417 -0.5405 0.2175, 1.6417 -0.5322 0.2204, 1.7599 -0.502 0.561, 1.7599 -0.4926 0.5733, 1.7599 -1.8485 0.7717, 1.7599 -0.4804 0.5826, 1.7599 -0.4661 0.5885, 1.7599 -0.9902 0.561, 1.7599 -0.9843 0.5468, 1.7599 -0.6674 0.2165, 1.7599 -0.9823 0.5315, 1.7599 -0.6674 -0.2601, 1.7599 -0.9823 -0.2601, 1.7599 -1.1378 0.5468, 1.7599 -1.1398 0.5315, 1.7599 -1.8485 0.5118, 1.7599 -1.1398 0.5118, 1.7599 -1.1319 0.561, 1.7599 -1.1225 0.5733, 1.7599 -1.1103 0.5826, 1.7599 0.3247 0.546, 1.7599 0.3341 0.5609, 1.7599 0.3465 0.5734, 1.7599 -0.7063 -0.3685, 1.7599 -0.67 -0.2743, 1.7599 -0.9434 -0.3685, 1.7599 -0.9797 -0.2743, 1.7599 -0.9817 -0.2673, 1.7599 -0.668 -0.2673, 1.7599 -1.096 0.5885, 1.7599 -1.0808 0.5906, 1.7599 -1.0414 0.5906, 1.7599 -1.0261 0.5885, 1.7599 -0.5079 0.5468, 1.7599 -1.0119 0.5826, 1.7599 -0.9996 0.5733, 1.7599 -0.5099 0.5315, 1.7599 -0.5099 0.2559, 1.7599 -0.3653 0.5683, 1.7599 -0.3746 0.5777, 1.7599 -0.3858 0.5847, 1.7599 0.5137 0.1772, 1.7599 0.8287 0.1772, 1.7599 0.5137 0.5118, 1.7599 0.8287 0.7717, 1.7599 0.5118 0.5293, 1.7599 -0.3524 0.5118, 1.7599 0.3169 0.5118, 1.7599 -0.3524 0.5315, 1.7599 0.3189 0.5293, 1.7599 -0.3539 0.5446, 1.7599 -0.3583 0.5571, 1.7599 0.435 0.5906, 1.7599 0.4525 0.5886, 1.7599 0.4692 0.5828, 1.7599 0.4841 0.5734, 1.7599 0.4966 0.5609, 1.7599 0.5059 0.546, 1.7599 -0.9249 -0.3892, 1.7599 -0.9326 -0.3839, 1.7599 -0.9389 -0.3768, 1.7599 -0.916 -0.3926, 1.7599 -0.9066 -0.3937, 1.7599 -0.7431 -0.3937, 1.7599 -0.7337 -0.3926, 1.7599 -0.4508 0.5906, 1.7599 -0.4115 0.5906, 1.7599 -0.3983 0.5891, 1.7599 0.3615 0.5828, 1.7599 0.3781 0.5886, 1.7599 0.3956 0.5906, 1.7599 -0.7248 -0.3892, 1.7599 -0.717 -0.3839, 1.7599 -0.7108 -0.3768, 1.7599 -0.5405 0.2175, 1.7599 -0.5322 0.2204, 1.7599 -0.5247 0.2251, 1.7599 -0.5138 0.2388, 1.7599 -0.5109 0.2471, 1.7599 -0.5493 0.2165, 1.7599 -0.5185 0.2314, -1.6417 -0.6674 0.2165, -1.6417 -0.9996 0.5733, -1.6417 -0.9902 0.561, -1.6417 -0.9843 0.5468, -1.6417 -0.9823 0.5315, -1.6417 -0.6674 -0.2601, -1.6417 -0.9823 -0.2601, -1.6417 -1.1383 0.5446, -1.6417 -1.134 0.5571, -1.6417 -1.8091 0.7717, -1.6417 -1.1269 0.5683, -1.6417 -1.1176 0.5777, -1.6417 -1.1064 0.5847, -1.6417 -1.0939 0.5891, -1.6417 -0.7063 -0.3685, -1.6417 -0.67 -0.2743, -1.6417 -0.9797 -0.2743, -1.6417 0.126 0.7687, -1.6417 0.126 0.7717, -1.6417 -0.3583 0.5571, -1.6417 -0.9817 -0.2673, -1.6417 -0.668 -0.2673, -1.6417 -1.1398 0.5315, -1.6417 -1.8091 0.5118, -1.6417 -1.1398 0.5118, -1.6417 -0.4115 0.5906, -1.6417 -0.3983 0.5891, -1.6417 -0.3858 0.5847, -1.6417 -1.0808 0.5906, -1.6417 -1.0414 0.5906, -1.6417 -1.0261 0.5885, -1.6417 -1.0119 0.5826, -1.6417 -0.497 0.5683, -1.6417 -0.4876 0.5777, -1.6417 -0.3746 0.5777, -1.6417 -0.3653 0.5683, -1.6417 -0.5099 0.2559, -1.6417 -0.5099 0.5315, -1.6417 -0.5084 0.5446, -1.6417 -0.504 0.5571, -1.6417 0.1259 0.7657, -1.6417 -0.3539 0.5446, -1.6417 0.1259 0.5177, -1.6417 -0.3524 0.5315, -1.6417 0.126 0.5148, -1.6417 -0.3524 0.5118, -1.6417 0.126 0.5118, -1.6417 -0.7248 -0.3892, -1.6417 -0.717 -0.3839, -1.6417 -0.7337 -0.3926, -1.6417 -0.7431 -0.3937, -1.6417 -0.9066 -0.3937, -1.6417 -0.7108 -0.3768, -1.6417 -0.4765 0.5847, -1.6417 -0.464 0.5891, -1.6417 -0.4508 0.5906, -1.6417 -0.9389 -0.3768, -1.6417 -0.9326 -0.3839, -1.6417 -0.9249 -0.3892, -1.6417 -0.9434 -0.3685, -1.6417 -0.916 -0.3926, -1.6417 -0.5493 0.2165, -1.6417 -0.5391 0.2179, -1.6417 -0.5152 0.2362, -1.6417 -0.5112 0.2457, -1.6417 -0.5214 0.2281, -1.6417 -0.5296 0.2218, -1.7598 -1.8485 0.7717, -1.7598 -0.4661 0.5885, -1.7598 -0.4804 0.5826, -1.7598 -0.4926 0.5733, -1.7598 -0.502 0.561, -1.7598 -0.5079 0.5468, -1.7598 -1.1225 0.5733, -1.7598 -1.1319 0.561, -1.7598 -1.1378 0.5468, -1.7598 -1.8485 0.5118, -1.7598 -1.1398 0.5315, -1.7598 -1.1398 0.5118, -1.7598 -0.6674 -0.2601, -1.7598 -0.668 -0.2673, -1.7598 -0.9797 -0.2743, -1.7598 -0.67 -0.2743, -1.7598 -0.7063 -0.3685, -1.7598 -1.0808 0.5906, -1.7598 -1.096 0.5885, -1.7598 -1.1103 0.5826, -1.7598 0.3465 0.5734, -1.7598 0.3341 0.5609, -1.7598 0.3247 0.546, -1.7598 -0.7108 -0.3768, -1.7598 -0.7431 -0.3937, -1.7598 -0.717 -0.3839, -1.7598 -0.7337 -0.3926, -1.7598 -0.7248 -0.3892, -1.7598 -0.9066 -0.3937, -1.7598 -0.9434 -0.3685, -1.7598 -0.9249 -0.3892, -1.7598 -0.9326 -0.3839, -1.7598 -0.9389 -0.3768, -1.7598 0.8287 0.1772, -1.7598 0.5137 0.1772, -1.7598 0.8287 0.7717, -1.7598 0.5137 0.5118, -1.7598 0.5118 0.5293, -1.7598 0.5059 0.546, -1.7598 0.4966 0.5609, -1.7598 0.4841 0.5734, -1.7598 0.4692 0.5828, -1.7598 0.4525 0.5886, -1.7598 0.435 0.5906, -1.7598 0.3956 0.5906, -1.7598 0.3781 0.5886, -1.7598 0.3615 0.5828, -1.7598 -0.5391 0.2179, -1.7598 -0.5493 0.2165, -1.7598 -0.5099 0.2559, -1.7598 -0.6674 0.2165, -1.7598 -0.5099 0.5315, -1.7598 -0.3858 0.5847, -1.7598 -0.3746 0.5777, -1.7598 -0.3653 0.5683, -1.7598 -0.9817 -0.2673, -1.7598 -0.9823 -0.2601, -1.7598 -0.9823 0.5315, -1.7598 -0.9838 0.5446, -1.7598 -0.5112 0.2457, -1.7598 -0.5152 0.2362, -1.7598 -0.5214 0.2281, -1.7598 -0.9882 0.5571, -1.7598 -0.9952 0.5683, -1.7598 -1.0046 0.5777, -1.7598 -0.916 -0.3926, -1.7598 0.3189 0.5293, -1.7598 0.3169 0.5118, -1.7598 -0.3524 0.5118, -1.7598 -0.3983 0.5891, -1.7598 -0.4115 0.5906, -1.7598 -0.4508 0.5906, -1.7598 -1.0158 0.5847, -1.7598 -1.0282 0.5891, -1.7598 -1.0414 0.5906, -1.7598 -0.3524 0.5315, -1.7598 -0.3539 0.5446, -1.7598 -0.3583 0.5571, -1.7598 -0.5296 0.2218, 0.0791 -0.0463 0.0197, 0.0791 -0.0463 0.1378, 0.0588 -0.0436 0.1378, 0.0588 -0.0436 0.0197, 0.0398 -0.0357 0.1378, 0.0398 -0.0357 0.0197, 0.0235 -0.0232 0.1378, 0.0235 -0.0232 0.0197, 0.011 -0.0069 0.1378, 0.011 -0.0069 0.0197, 0.0031 0.0121 0.1378, 0.0031 0.0121 0.0197, 0.0004 0.0325 0.1378, 0.0004 0.0325 0.0197, 0.2165 0.0087 0.1378, 0.2165 0.0087 0.0197, 0.2369 0.006 0.1378, 0.2369 0.006 0.0197, 0.2559 -0.0019 0.1378, 0.2559 -0.0019 0.0197, 0.2722 -0.0144 0.1378, 0.2722 -0.0144 0.0197, 0.2847 -0.0307 0.1378, 0.2847 -0.0307 0.0197, 0.2926 -0.0497 0.1378, 0.2926 -0.0497 0.0197, 0.2953 -0.07 0.1378, 0.2953 -0.07 0.0197, 0.0791 -0.4774 0.1378, 0.0791 -0.4774 0.0197, 0.0588 -0.4801 0.0197, 0.0588 -0.4801 0.1378, 0.0398 -0.488 0.0197, 0.0398 -0.488 0.1378, 0.0235 -0.5005 0.0197, 0.0235 -0.5005 0.1378, 0.011 -0.5168 0.0197, 0.011 -0.5168 0.1378, 0.0031 -0.5358 0.0197, 0.0031 -0.5358 0.1378, 0.0004 -0.5562 0.0197, 0.0004 -0.5562 0.1378, 0.0791 -1.0148 0.0197, 0.0791 -1.0148 0.1378, 0.0588 -1.0121 0.1378, 0.0588 -1.0121 0.0197, 0.0398 -1.0042 0.1378, 0.0398 -1.0042 0.0197, 0.0235 -0.9917 0.1378, 0.0235 -0.9917 0.0197, 0.011 -0.9754 0.1378, 0.011 -0.9754 0.0197, 0.0031 -0.9564 0.1378, 0.0031 -0.9564 0.0197, 0.0004 -0.936 0.1378, 0.0004 -0.936 0.0197, 0.2165 -1.5009 0.0197, 0.2165 -1.5009 0.1378, 0.2369 -1.4982 0.0197, 0.2369 -1.4982 0.1378, 0.2559 -1.4904 0.0197, 0.2559 -1.4904 0.1378, 0.2722 -1.4778 0.0197, 0.2722 -1.4778 0.1378, 0.2847 -1.4615 0.0197, 0.2847 -1.4615 0.1378, 0.2926 -1.4425 0.0197, 0.2926 -1.4425 0.1378, 0.2953 -1.4222 0.0197, 0.2953 -1.4222 0.1378, 0.0791 -1.4459 0.1378, 0.0791 -1.4459 0.0197, 0.0588 -1.4486 0.0197, 0.0588 -1.4486 0.1378, 0.0398 -1.4565 0.0197, 0.0398 -1.4565 0.1378, 0.0235 -1.469 0.0197, 0.0235 -1.469 0.1378, 0.011 -1.4853 0.0197, 0.011 -1.4853 0.1378, 0.0031 -1.5043 0.0197, 0.0031 -1.5043 0.1378, 0.0004 -1.5247 0.0197, 0.0004 -1.5247 0.1378, 0.2162 -1.4998 0.0197, 0.2162 -1.4998 0.1378, 0.1958 -1.4971 0.1378, 0.1958 -1.4971 0.0197, 0.1768 -1.4892 0.1378, 0.1768 -1.4892 0.0197, 0.0784 -1.0161 0.0197, 0.0784 -1.0161 0.1378, 0.0987 -1.0135 0.0197, 0.0987 -1.0135 0.1378, 0.1177 -1.0056 0.0197, 0.1177 -1.0056 0.1378, 0.2162 0.0076 0.1378, 0.2162 0.0076 0.0197, 0.1958 0.0049 0.0197, 0.1958 0.0049 0.1378, 0.1768 -0.003 0.0197, 0.1768 -0.003 0.1378, 0.0784 -0.0476 0.0197, 0.0784 -0.0476 0.1378, 0.0987 -0.045 0.0197, 0.0987 -0.045 0.1378, 0.1177 -0.0371 0.0197, 0.1177 -0.0371 0.1378, -0.0004 0.0311 0.0197, -0.0004 0.0311 0.1378, 0.0023 0.0107 0.0197, 0.0023 0.0107 0.1378, 0.0102 -0.0083 0.0197, 0.0102 -0.0083 0.1378, 0.0227 -0.0246 0.0197, 0.0227 -0.0246 0.1378, 0.039 -0.0371 0.0197, 0.039 -0.0371 0.1378, 0.058 -0.045 0.0197, 0.058 -0.045 0.1378, 0.2949 -0.0712 0.1378, 0.2949 -0.0712 0.0197, 0.2922 -0.0508 0.0197, 0.2922 -0.0508 0.1378, 0.2843 -0.0318 0.0197, 0.2843 -0.0318 0.1378, 0.2718 -0.0155 0.0197, 0.2718 -0.0155 0.1378, 0.2555 -0.003 0.0197, 0.2555 -0.003 0.1378, 0.2365 0.0049 0.0197, 0.2365 0.0049 0.1378, -0.0004 -0.9374 0.0197, -0.0004 -0.9374 0.1378, 0.0023 -0.9578 0.0197, 0.0023 -0.9578 0.1378, 0.0102 -0.9768 0.0197, 0.0102 -0.9768 0.1378, 0.0227 -0.9931 0.0197, 0.0227 -0.9931 0.1378, 0.039 -1.0056 0.0197, 0.039 -1.0056 0.1378, 0.058 -1.0135 0.0197, 0.058 -1.0135 0.1378, 0.2949 -1.421 0.0197, 0.2949 -1.421 0.1378, 0.2922 -1.4414 0.1378, 0.2922 -1.4414 0.0197, 0.2843 -1.4604 0.1378, 0.2843 -1.4604 0.0197, 0.2718 -1.4767 0.1378, 0.2718 -1.4767 0.0197, 0.2555 -1.4892 0.1378, 0.2555 -1.4892 0.0197, 0.2365 -1.4971 0.1378, 0.2365 -1.4971 0.0197, 0.1185 -1.4565 0.1378, 0.1185 -1.4565 0.0197, 0.0995 -1.4486 0.0197, 0.0995 -1.4486 0.1378, 0.1772 -1.4904 0.0197, 0.1772 -1.4904 0.1378, 0.1962 -1.4982 0.0197, 0.1962 -1.4982 0.1378, 0.1185 -1.0042 0.0197, 0.1185 -1.0042 0.1378, 0.0995 -1.0121 0.1378, 0.0995 -1.0121 0.0197, 0.1185 -0.488 0.1378, 0.1185 -0.488 0.0197, 0.0995 -0.4801 0.0197, 0.0995 -0.4801 0.1378, 0.1772 -0.0019 0.1378, 0.1772 -0.0019 0.0197, 0.1962 0.006 0.1378, 0.1962 0.006 0.0197, 0.1185 -0.0357 0.0197, 0.1185 -0.0357 0.1378, 0.0995 -0.0436 0.1378, 0.0995 -0.0436 0.0197, -1.1024 0.7696 1.1457, -1.1024 0.7696 1.2638, -1.1024 0.7229 1.1457, -1.1024 0.5137 1.2638, -1.1024 0.5925 0.8642, -1.1024 0.7229 0.8642, -1.1024 0.5941 1.0813, -1.1024 0.5267 1.1465, -1.1024 0.5137 1.1465, 1.1024 0.7696 1.2638, 1.1024 0.7696 1.1457, 1.1024 0.5137 1.2638, 1.1024 0.7229 1.1457, 1.1024 0.7229 0.8642, 1.1024 0.5925 0.8642, 1.1024 0.5941 1.0813, 1.1024 0.5267 1.1465, 1.1024 0.5137 1.1465, -0.9513 0.1988 1.2638, -0.9217 0.1988 1.26, -0.5054 0.1988 1.2638, -0.894 0.1988 1.249, -0.87 0.1988 1.2313, -0.5867 0.1988 1.2313, -0.5626 0.1988 1.249, -0.535 0.1988 1.26, -0.6056 0.1988 1.2083, -0.8511 0.1988 1.2083, -0.6331 0.1988 1.1642, -0.8236 0.1988 1.1642, -0.7902 0.1988 1.1457, -0.8 0.1988 1.1469, -0.8173 0.1988 1.1565, -0.8093 0.1988 1.1506, -0.6665 0.1988 1.1457, -0.6566 0.1988 1.1469, -0.6394 0.1988 1.1565, -0.6474 0.1988 1.1506, 0.87 0.1988 1.2313, 0.894 0.1988 1.249, 0.5867 0.1988 1.2313, 0.9513 0.1988 1.2638, 0.5054 0.1988 1.2638, 0.535 0.1988 1.26, 0.8511 0.1988 1.2083, 0.5627 0.1988 1.249, 0.9217 0.1988 1.26, 0.6394 0.1988 1.1565, 0.6474 0.1988 1.1506, 0.6331 0.1988 1.1642, 0.6567 0.1988 1.1469, 0.6665 0.1988 1.1457, 0.6056 0.1988 1.2083, 0.8236 0.1988 1.1642, 0.7902 0.1988 1.1457, 0.8001 0.1988 1.1469, 0.8093 0.1988 1.1506, 0.8173 0.1988 1.1565, 0.535 0.1988 0.0234, 0.5054 0.1988 0.0197, 0.9513 0.1988 0.0197, 0.5627 0.1988 0.0345, 0.6567 0.1988 0.1365, 0.894 0.1988 0.0345, 0.6665 0.1988 0.1378, 0.87 0.1988 0.0521, 0.5867 0.1988 0.0521, 0.9217 0.1988 0.0234, 0.6056 0.1988 0.0752, 0.6474 0.1988 0.1329, 0.6394 0.1988 0.127, 0.6331 0.1988 0.1193, 0.8511 0.1988 0.0752, 0.8236 0.1988 0.1193, 0.7902 0.1988 0.1378, 0.8173 0.1988 0.127, 0.8093 0.1988 0.1329, 0.8001 0.1988 0.1365, -0.9217 0.1988 0.0234, -0.9513 0.1988 0.0197, -0.5054 0.1988 0.0197, -0.894 0.1988 0.0345, -0.8 0.1988 0.1365, -0.5626 0.1988 0.0345, -0.7902 0.1988 0.1378, -0.5867 0.1988 0.0521, -0.87 0.1988 0.0521, -0.535 0.1988 0.0234, -0.8511 0.1988 0.0752, -0.8093 0.1988 0.1329, -0.8173 0.1988 0.127, -0.8236 0.1988 0.1193, -0.6056 0.1988 0.0752, -0.6331 0.1988 0.1193, -0.6665 0.1988 0.1378, -0.6394 0.1988 0.127, -0.6474 0.1988 0.1329, -0.6566 0.1988 0.1365, 2.252 0.7106 0.1378, 2.252 0.7106 0.0197, 2.249 0.7369 0.0197, 2.249 0.7369 0.1378, 2.2403 0.7618 0.0197, 2.2403 0.7618 0.1378, 2.2262 0.7842 0.0197, 2.2262 0.7842 0.1378, 2.2075 0.8029 0.0197, 2.2075 0.8029 0.1378, 2.1851 0.817 0.0197, 2.1851 0.817 0.1378, 2.1602 0.8257 0.0197, 2.1602 0.8257 0.1378, 2.1339 0.8287 0.0197, 2.1339 0.8287 0.1378, 2.252 0.6318 0.0197, 2.252 0.6318 0.1378, 2.248 0.6013 0.1378, 2.248 0.6013 0.0197, 2.2362 0.5728 0.1378, 2.2362 0.5728 0.0197, 2.2174 0.5483 0.1378, 2.2174 0.5483 0.0197, 2.1929 0.5296 0.1378, 2.1929 0.5296 0.0197, 2.1644 0.5178 0.1378, 2.1644 0.5178 0.0197, 2.1339 0.5137 0.1378, 2.1339 0.5137 0.0197, -2.1338 0.5137 0.0197, -2.1338 0.5137 0.1378, -2.1644 0.5178 0.1378, -2.1644 0.5178 0.0197, -2.1929 0.5296 0.1378, -2.1929 0.5296 0.0197, -2.2174 0.5483 0.1378, -2.2174 0.5483 0.0197, -2.2361 0.5728 0.1378, -2.2361 0.5728 0.0197, -2.2479 0.6013 0.1378, -2.2479 0.6013 0.0197, -2.252 0.6318 0.1378, -2.252 0.6318 0.0197, -2.1338 0.8287 0.1378, -2.1338 0.8287 0.0197, -2.1644 0.8247 0.0197, -2.1644 0.8247 0.1378, -2.1929 0.8129 0.0197, -2.1929 0.8129 0.1378, -2.2174 0.7941 0.0197, -2.2174 0.7941 0.1378, -2.2361 0.7696 0.0197, -2.2361 0.7696 0.1378, -2.2479 0.7412 0.0197, -2.2479 0.7412 0.1378, -2.252 0.7106 0.0197, -2.252 0.7106 0.1378, -1.6417 0.8287 0.1772, -1.6417 0.8283 0.1772, -1.6425 0.8283 0.1614, -1.6425 0.5137 0.1614, -1.6457 0.5137 0.1421, -1.6457 0.8287 0.1421, -1.6573 0.5137 0.1088, -1.6573 0.8287 0.1088, -1.6761 0.5137 0.079, -1.6761 0.8287 0.079, -1.701 0.5137 0.054, -1.701 0.8287 0.054, -1.7309 0.5137 0.0353, -1.7309 0.8287 0.0353, -1.7642 0.5137 0.0236, -1.7642 0.8287 0.0236, -1.7992 0.5137 0.0197, -1.7992 0.8287 0.0197, -1.7612 0.5137 0.167, -1.7612 0.8287 0.167, -1.7651 0.5137 0.1575, -1.7651 0.8287 0.1575, -1.7714 0.5137 0.1493, -1.7714 0.8287 0.1493, -1.7795 0.5137 0.1431, -1.7795 0.8287 0.1431, -1.789 0.5137 0.1391, -1.789 0.8287 0.1391, -1.7992 0.5137 0.1378, -1.7992 0.8287 0.1378, 1.6471 0.5137 0.1364, 1.6425 0.5137 0.1614, 1.6425 0.8283 0.1614, 1.6417 0.8283 0.1772, 1.6417 0.8287 0.1772, 1.6471 0.8287 0.1364, 1.6628 0.8287 0.0984, 1.6628 0.5137 0.0984, 1.6879 0.8287 0.0658, 1.6879 0.5137 0.0658, 1.7205 0.8287 0.0408, 1.7205 0.5137 0.0408, 1.7585 0.8287 0.0251, 1.7585 0.5137 0.0251, 1.7992 0.8287 0.0197, 1.7992 0.5137 0.0197, 1.7992 0.5137 0.1378, 1.7992 0.8287 0.1378, 1.789 0.5137 0.1391, 1.789 0.8287 0.1391, 1.7795 0.5137 0.1431, 1.7795 0.8287 0.1431, 1.7714 0.5137 0.1493, 1.7714 0.8287 0.1493, 1.7651 0.5137 0.1575, 1.7651 0.8287 0.1575, 1.7612 0.5137 0.167, 1.7612 0.8287 0.167, 1.6425 0.3169 0.5118, 1.6425 0.3189 0.5293, 1.6425 0.3247 0.546, 1.6425 0.3341 0.5609, 1.6425 0.3465 0.5734, 1.6425 0.3615 0.5828, 1.6425 0.3781 0.5886, 1.6425 0.3956 0.5906, 1.6425 0.5137 0.5118, 1.6425 0.5118 0.5293, 1.6425 0.5059 0.546, 1.6425 0.4966 0.5609, 1.6425 0.4841 0.5734, 1.6425 0.4692 0.5828, 1.6425 0.4525 0.5886, 1.6425 0.435 0.5906, 0.0004 0.3169 0.0256, 0.0004 0.3169 0.0197, 0.0004 0.3165 0.0256, 0.0004 0.3165 0.137, 0.0004 0.1267 0.137, 0.0004 0.1259 0.1378, 0.2953 -0.4537 0.0197, 0.2953 -0.4537 0.1378, 0.2926 -0.474 0.1378, 0.2926 -0.474 0.0197, 0.2847 -0.493 0.1378, 0.2847 -0.493 0.0197, 0.2722 -0.5093 0.1378, 0.2722 -0.5093 0.0197, 0.2559 -0.5218 0.1378, 0.2559 -0.5218 0.0197, 0.2369 -0.5297 0.1378, 0.2369 -0.5297 0.0197, 0.2165 -0.5324 0.1378, 0.2165 -0.5324 0.0197, 0.1962 -0.5297 0.1378, 0.1962 -0.5297 0.0197, 0.1772 -0.5218 0.1378, 0.1772 -0.5218 0.0197, 0.1772 -0.9704 0.1378, 0.1772 -0.9704 0.0197, 0.2953 -1.0386 0.0197, 0.2953 -1.0386 0.1378, 0.2926 -1.0182 0.0197, 0.2926 -1.0182 0.1378, 0.2847 -0.9992 0.0197, 0.2847 -0.9992 0.1378, 0.2722 -0.9829 0.0197, 0.2722 -0.9829 0.1378, 0.2559 -0.9704 0.0197, 0.2559 -0.9704 0.1378, 0.2369 -0.9625 0.0197, 0.2369 -0.9625 0.1378, 0.2165 -0.9598 0.0197, 0.2165 -0.9598 0.1378, 0.1962 -0.9625 0.0197, 0.1962 -0.9625 0.1378, 0.0004 -1.8091 0.1378, 0.0004 -1.8485 0.0197, 0.0004 -1.8485 0.0984, 1.2677 -1.8485 0.0984, 1.2677 -1.8091 0.1378, 1.2677 0.3169 0.0197, 1.2677 -0.3524 0.0197, 0.9513 0.0216 0.0197, 0.9252 -1.1398 0.0197, 1.2677 -1.1398 0.0197, 1.2677 -1.8485 0.0197, 0.5054 0.0216 0.0197, 0.9252 -0.3524 0.0197, 0.9099 -0.3544 0.0197, 0.8957 -0.3603 0.0197, 0.8834 -1.1225 0.0197, 0.8957 -1.1319 0.0197, 0.9099 -1.1378 0.0197, 0.8682 -1.096 0.0197, 0.8834 -0.3697 0.0197, 0.8741 -0.3819 0.0197, 0.8741 -1.1103 0.0197, 0.8682 -0.3962 0.0197, 0.8662 -0.4115 0.0197, 0.8662 -1.0808 0.0197, 0.5054 0.0216 0.1378, 0.9252 -0.3524 0.1378, 1.2677 -0.3524 0.1378, 0.9513 0.0216 0.1378, 0.5054 0.1988 0.1378, 0.4498 0.1988 0.1378, 0.4498 0.1259 0.1378, 1.0069 0.1988 0.1378, 0.9513 0.1988 0.1378, 1.0069 0.1259 0.1378, 1.2618 0.1259 0.1378, 1.2648 0.126 0.1378, 1.2677 0.126 0.1378, 0.9099 -0.3544 0.1378, 0.7902 0.0216 0.1378, 0.8957 -0.3603 0.1378, 0.6665 0.0216 0.1378, 0.8834 -0.3697 0.1378, 0.8741 -0.3819 0.1378, 1.2677 -1.1398 0.1378, 0.9252 -1.1398 0.1378, 0.9099 -1.1378 0.1378, 0.8957 -1.1319 0.1378, 0.8682 -1.096 0.1378, 0.8682 -0.3962 0.1378, 0.8662 -0.4115 0.1378, 0.8662 -1.0808 0.1378, 0.8834 -1.1225 0.1378, 0.8741 -1.1103 0.1378, 0.533 0.1988 0.1819, 0.533 0.0216 0.1819, 0.9237 0.0216 0.1819, 0.9237 0.1988 0.1819, 0.6271 0.0216 0.2509, 0.5902 0.0216 0.2362, 0.5581 0.0216 0.2127, 0.8986 0.0216 0.2127, 0.8665 0.0216 0.2362, 0.8296 0.0216 0.2509, 0.7902 0.0216 0.2559, 0.6665 0.0216 0.2559, 0.9217 0.0216 0.0234, 0.5867 0.0216 0.0521, 0.535 0.0216 0.0234, 0.5627 0.0216 0.0345, 0.8511 0.0216 0.0752, 0.87 0.0216 0.0521, 0.894 0.0216 0.0345, 0.6394 0.0216 0.127, 0.6474 0.0216 0.1329, 0.6331 0.0216 0.1193, 0.6567 0.0216 0.1365, 0.6056 0.0216 0.0752, 0.8236 0.0216 0.1193, 0.8001 0.0216 0.1365, 0.8093 0.0216 0.1329, 0.8173 0.0216 0.127, 0.6665 0.1988 0.2559, 0.6271 0.1988 0.2509, 0.5902 0.1988 0.2362, 0.5581 0.1988 0.2127, 0.7902 0.1988 0.2559, 0.8986 0.1988 0.2127, 0.8665 0.1988 0.2362, 0.8296 0.1988 0.2509, -1.2648 0.126 0.1378, -1.2677 0.126 0.1378, -1.2677 -0.3524 0.1378, -0.4498 0.1259 0.1378, -0.4498 0.1988 0.1378, -0.5054 0.1988 0.1378, -0.9513 0.1988 0.1378, -1.0069 0.1988 0.1378, -0.9513 0.0216 0.1378, -1.0069 0.1259 0.1378, -1.2618 0.1259 0.1378, -0.874 -1.1103 0.1378, -0.8834 -1.1225 0.1378, -0.0004 -1.8091 0.1378, -0.5054 0.0216 0.1378, -0.0004 0.1259 0.1378, -0.8834 -0.3697 0.1378, -0.874 -0.3819 0.1378, 0.2555 -0.5207 0.1378, 0.2718 -0.5082 0.1378, 0.1177 -0.4866 0.1378, 0.1768 -0.5207 0.1378, 0.1958 -0.5286 0.1378, 0.018 -0.5042 0.1378, -0.8681 -0.3962 0.1378, -0.8681 -1.096 0.1378, -0.8957 -1.1319 0.1378, -0.9099 -1.1378 0.1378, -1.2677 -1.8091 0.1378, -0.9252 -1.1398 0.1378, -1.2677 -1.1398 0.1378, 0.2843 -0.4919 0.1378, 0.2922 -0.4729 0.1378, 0.2949 -0.4525 0.1378, 0.2162 -0.5313 0.1378, 0.2365 -0.5286 0.1378, 0.0313 -0.4916 0.1378, -0.8661 -0.4115 0.1378, 0.0017 -0.5366 0.1378, 0.008 -0.5195 0.1378, 0.1009 -1.4479 0.1378, 0.1177 -1.4551 0.1378, 0.0472 -0.4825 0.1378, 0.0647 -0.4773 0.1378, 0.0829 -0.4762 0.1378, 0.1009 -0.4794 0.1378, -0.8957 -0.3603 0.1378, -0.6665 0.0216 0.1378, -0.9099 -0.3544 0.1378, -0.7902 0.0216 0.1378, -0.9252 -0.3524 0.1378, 0.018 -1.4727 0.1378, 0.0313 -1.4602 0.1378, 0.0829 -1.4447 0.1378, -0.8661 -1.0808 0.1378, -0.0004 -0.5548 0.1378, -0.0004 -1.5233 0.1378, 0.0017 -1.5052 0.1378, 0.008 -1.488 0.1378, 0.0472 -1.451 0.1378, 0.0647 -1.4458 0.1378, 0.2116 -0.9611 0.1378, 0.1936 -0.9643 0.1378, 0.2949 -1.0397 0.1378, 0.1768 -0.9715 0.1378, 0.2928 -1.0215 0.1378, 0.2865 -1.0044 0.1378, 0.2765 -0.9891 0.1378, 0.2632 -0.9765 0.1378, 0.2473 -0.9674 0.1378, 0.2298 -0.9621 0.1378, -0.9252 -1.1398 0.0197, -0.9099 -1.1378 0.0197, -0.8957 -1.1319 0.0197, -0.8834 -1.1225 0.0197, -0.874 -1.1103 0.0197, -0.8681 -1.096 0.0197, -0.8661 -1.0808 0.0197, 0.018 -0.5042 0.0197, -0.5054 0.0216 0.0197, -0.0004 -1.8485 0.0197, -0.0004 -1.5233 0.0197, -1.2677 -1.8485 0.0197, -1.2677 -1.1398 0.0197, 0.1177 -1.4551 0.0197, -0.8681 -0.3962 0.0197, -0.874 -0.3819 0.0197, -0.8834 -0.3697 0.0197, -0.8957 -0.3603 0.0197, -0.9513 0.0216 0.0197, -0.9099 -0.3544 0.0197, -0.9252 -0.3524 0.0197, -1.2677 -0.3524 0.0197, -1.2677 0.3169 0.0197, -0.0004 0.3169 0.0197, 0.0313 -0.4916 0.0197, 0.0472 -0.4825 0.0197, 0.0472 -1.451 0.0197, 0.0313 -1.4602 0.0197, 0.1768 -0.5207 0.0197, 0.1177 -0.4866 0.0197, 0.1009 -0.4794 0.0197, 0.0829 -0.4762 0.0197, 0.0647 -0.4773 0.0197, 0.1009 -1.4479 0.0197, 0.0829 -1.4447 0.0197, 0.0647 -1.4458 0.0197, 0.008 -0.5195 0.0197, 0.0017 -0.5366 0.0197, -0.8661 -0.4115 0.0197, -0.0004 -0.5548 0.0197, 0.018 -1.4727 0.0197, 0.008 -1.488 0.0197, 0.0017 -1.5052 0.0197, 0.1768 -0.9715 0.0197, 0.2843 -0.4919 0.0197, 0.2718 -0.5082 0.0197, 0.2555 -0.5207 0.0197, 0.2365 -0.5286 0.0197, 0.2162 -0.5313 0.0197, 0.1958 -0.5286 0.0197, 0.2949 -0.4525 0.0197, 0.2922 -0.4729 0.0197, 0.1936 -0.9643 0.0197, 0.2116 -0.9611 0.0197, 0.2298 -0.9621 0.0197, 0.2473 -0.9674 0.0197, 0.2632 -0.9765 0.0197, 0.2765 -0.9891 0.0197, 0.2865 -1.0044 0.0197, 0.2928 -1.0215 0.0197, 0.2949 -1.0397 0.0197, -1.2677 -1.8485 0.0984, -0.0004 -1.8485 0.0984, -0.0004 0.3165 0.0256, -0.0004 0.3169 0.0256, -0.0004 0.1267 0.137, -0.0004 0.3165 0.137, -0.9237 0.0216 0.1819, -0.533 0.0216 0.1819, -0.5581 0.0216 0.2127, -0.5902 0.0216 0.2362, -0.8296 0.0216 0.2509, -0.8665 0.0216 0.2362, -0.8986 0.0216 0.2127, -0.6271 0.0216 0.2509, -0.6665 0.0216 0.2559, -0.7902 0.0216 0.2559, -0.9237 0.1988 0.1819, -0.533 0.1988 0.1819, -0.535 0.0216 0.0234, -0.5626 0.0216 0.0345, -0.9217 0.0216 0.0234, -0.894 0.0216 0.0345, -0.87 0.0216 0.0521, -0.8236 0.0216 0.1193, -0.6331 0.0216 0.1193, -0.8511 0.0216 0.0752, -0.6056 0.0216 0.0752, -0.5867 0.0216 0.0521, -0.8173 0.0216 0.127, -0.8093 0.0216 0.1329, -0.8 0.0216 0.1365, -0.6566 0.0216 0.1365, -0.6474 0.0216 0.1329, -0.6394 0.0216 0.127, -0.7902 0.1988 0.2559, -0.8296 0.1988 0.2509, -0.8665 0.1988 0.2362, -0.8986 0.1988 0.2127, -0.6665 0.1988 0.2559, -0.6271 0.1988 0.2509, -0.5902 0.1988 0.2362, -0.5581 0.1988 0.2127, -1.3437 0.3169 0.0256, 1.3597 -1.8485 0.1088, 1.3772 -1.8485 0.032, 1.4471 -1.8485 0.1394, 1.4813 -1.8485 0.0684, 1.5255 -1.8485 0.1886, 1.5746 -1.8485 0.1271, 1.5909 -1.8485 0.2541, 1.6525 -1.8485 0.205, 1.6402 -1.8485 0.3325, 1.7111 -1.8485 0.2983, 1.6707 -1.8485 0.4198, 1.7475 -1.8485 0.4023, 1.6811 -1.8485 0.5118, 1.6811 -1.8485 0.7717, 1.6707 -1.8485 0.8636, 1.7475 -1.8485 0.8812, 1.6402 -1.8485 0.951, 1.7111 -1.8485 0.9852, 1.5909 -1.8485 1.0294, 1.6525 -1.8485 1.0785, 1.5255 -1.8485 1.0949, 1.5746 -1.8485 1.1564, 1.4471 -1.8485 1.1441, 1.4813 -1.8485 1.215, 1.3597 -1.8485 1.1747, 1.3772 -1.8485 1.2514, 1.2677 -1.8485 1.185, 1.2677 -1.8485 1.2638, -1.2677 -1.8485 1.185, -1.2677 -1.8485 1.2638, -1.3597 -1.8485 1.1747, -1.3772 -1.8485 1.2514, -1.4471 -1.8485 1.1441, -1.4812 -1.8485 1.215, -1.5254 -1.8485 1.0949, -1.5745 -1.8485 1.1564, -1.5909 -1.8485 1.0294, -1.6525 -1.8485 1.0785, -1.6402 -1.8485 0.951, -1.7111 -1.8485 0.9852, -1.6707 -1.8485 0.8636, -1.7475 -1.8485 0.8812, -1.6811 -1.8485 0.7717, -1.6811 -1.8485 0.5118, -1.6707 -1.8485 0.4198, -1.7475 -1.8485 0.4023, -1.6402 -1.8485 0.3325, -1.7111 -1.8485 0.2983, -1.5909 -1.8485 0.2541, -1.6525 -1.8485 0.205, -1.5254 -1.8485 0.1886, -1.5745 -1.8485 0.1271, -1.4471 -1.8485 0.1394, -1.4812 -1.8485 0.0684, -1.3597 -1.8485 0.1088, -1.3772 -1.8485 0.032, -1.5916 -0.3524 0.3248, -1.6525 -0.3524 0.205, -1.5322 -0.3524 0.2473, -1.5745 -0.3524 0.1271, -1.4547 -0.3524 0.1879, -1.4812 -0.3524 0.0684, -1.3645 -0.3524 0.1505, -1.3772 -0.3524 0.032, -1.629 -0.3524 0.415, -1.7475 -0.3524 0.4023, -1.7111 -0.3524 0.2983, -1.6323 -1.8091 0.4286, -1.6047 -1.8091 0.3495, -1.5601 -1.8091 0.2786, -1.5009 -1.8091 0.2194, -1.43 -1.8091 0.1748, -1.3509 -1.8091 0.1472, -1.7475 -1.1398 0.4023, -1.7111 -1.1398 0.2983, -1.6525 -1.1398 0.205, -1.5745 -1.1398 0.1271, -1.4812 -1.1398 0.0684, -1.3772 -1.1398 0.032, -1.3509 -1.1398 0.1472, -1.43 -1.1398 0.1748, -1.5009 -1.1398 0.2194, -1.5601 -1.1398 0.2786, -1.6047 -1.1398 0.3495, -1.6323 -1.1398 0.4286, -1.319 0.1267 0.1413, -1.319 0.3165 0.1413, -1.3645 0.3165 0.1505, -1.6408 0.1264 0.4861, -1.6382 0.1267 0.4605, -1.2934 0.1264 0.1387, -1.4108 0.3165 0.1663, -1.4547 0.3165 0.1879, -1.4954 0.3165 0.2151, -1.5322 0.3165 0.2473, -1.5644 0.3165 0.2841, -1.6382 0.3165 0.4605, -1.629 0.3165 0.415, -1.6133 0.3165 0.3687, -1.5916 0.3165 0.3248, 1.351 -1.8091 0.1472, 1.43 -1.8091 0.1748, 1.5009 -1.8091 0.2194, 1.5601 -1.8091 0.2786, 1.6047 -1.8091 0.3495, 1.6324 -1.8091 0.4286, 1.7475 -1.1398 0.4023, 1.7111 -1.1398 0.2983, 1.6525 -1.1398 0.205, 1.5746 -1.1398 0.1271, 1.4813 -1.1398 0.0684, 1.3772 -1.1398 0.032, 1.3645 -0.3524 0.1505, 1.3772 -0.3524 0.032, 1.4547 -0.3524 0.1879, 1.4813 -0.3524 0.0684, 1.5322 -0.3524 0.2473, 1.5746 -0.3524 0.1271, 1.6525 -0.3524 0.205, 1.5916 -0.3524 0.3248, 1.7111 -0.3524 0.2983, 1.629 -0.3524 0.415, 1.7475 -0.3524 0.4023, 1.6324 -1.1398 0.4286, 1.6047 -1.1398 0.3495, 1.5601 -1.1398 0.2786, 1.5009 -1.1398 0.2194, 1.43 -1.1398 0.1748, 1.351 -1.1398 0.1472, 1.6425 0.3165 0.1929, 1.6425 0.3169 0.1929, 1.6525 0.3169 0.205, 1.5746 0.3165 0.1271, 1.4813 0.3165 0.0684, 1.3772 0.3165 0.032, 1.3437 0.3169 0.0256, 1.3437 0.3165 0.0256, 1.7111 0.3169 0.2983, 1.7475 0.3169 0.4023, 1.6382 0.1267 0.4605, 1.6409 0.1264 0.4861, 1.2934 0.1264 0.1387, 1.319 0.1267 0.1413, 1.319 0.3165 0.1413, 1.3645 0.3165 0.1505, 1.4109 0.3165 0.1663, 1.4547 0.3165 0.1879, 1.4954 0.3165 0.2151, 1.5322 0.3165 0.2473, 1.5645 0.3165 0.2841, 1.5916 0.3165 0.3248, 1.6133 0.3165 0.3687, 1.629 0.3165 0.415, 1.6382 0.3165 0.4605, -1.7598 -0.9843 0.5468, -1.7598 -0.9902 0.561, -1.7598 -0.9996 0.5733, -1.7598 -1.0119 0.5826, -1.7598 -1.0261 0.5885, -1.6417 -0.5079 0.5468, -1.6417 -0.502 0.561, -1.6417 -0.4926 0.5733, -1.6417 -0.4804 0.5826, -1.6417 -0.4661 0.5885, -1.6417 -1.1378 0.5468, -1.6417 -1.1319 0.561, -1.6417 -1.1225 0.5733, -1.6417 -1.1103 0.5826, -1.6417 -1.096 0.5885, -1.2677 0.8287 1.2638, -1.3772 0.8287 1.2514, -1.4812 0.8287 1.215, -1.5745 0.8287 1.1564, -1.6525 0.8287 1.0785, -1.7111 0.8287 0.9852, -1.7475 0.8287 0.8812, -0.5054 0.0216 1.2638, -0.9513 0.0216 1.2638, -1.0946 0.4796 1.2638, -1.1004 0.4962 1.2638, 0.9513 0.0216 1.2638, 0.5054 0.0216 1.2638, 1.0918 0.4744 1.2638, 1.0793 0.4581 1.2638, 1.063 0.4455 1.2638, 1.1039 0.7828 1.2638, 1.1483 0.8272 1.2638, 1.0997 0.4934 1.2638, 1.2677 0.8287 1.2638, -1.1614 0.8287 1.2638, -1.1461 0.8267 1.2638, -1.0411 0.437 1.2638, -1.0578 0.4428 1.2638, -0.4331 0.4941 1.2638, -0.4331 0.5334 1.2638, -0.4331 0.8287 1.2638, 0.4769 0.437 1.2638, 0.4626 0.4429 1.2638, 0.4504 0.4523 1.2638, 0.441 0.4645 1.2638, 0.4351 0.4788 1.2638, 0.4331 0.4941 1.2638, 0.4331 0.5334 1.2638, 0.4331 0.8287 1.2638, 1.1614 0.8287 1.2638, -1.1103 0.7992 1.2638, -1.1196 0.8114 1.2638, -1.1319 0.8208 1.2638, -0.4351 0.4788 1.2638, -0.441 0.4645 1.2638, -0.4504 0.4523 1.2638, -0.4626 0.4429 1.2638, -1.0727 0.4522 1.2638, -1.0852 0.4646 1.2638, 1.044 0.4377 1.2638, 1.0236 0.435 1.2638, 0.4921 0.435 1.2638, -1.1044 0.7849 1.2638, 1.1358 0.8228 1.2638, 1.1246 0.8158 1.2638, -0.4768 0.437 1.2638, -0.4921 0.435 1.2638, -1.0236 0.435 1.2638, 1.1153 0.8065 1.2638, 1.1082 0.7953 1.2638, -1.1044 0.7849 1.1457, -1.1103 0.7992 1.1457, -1.1196 0.8114 1.1457, -1.1319 0.8208 1.1457, -1.1461 0.8267 1.1457, -1.1614 0.8287 1.1457, 1.2648 0.126 1.1457, 1.2677 0.126 1.1457, 1.2677 -1.8091 1.1457, 0.7902 0.0216 1.1457, 0.9513 0.0216 1.1457, -0.5054 0.1988 1.1457, -0.4498 0.1988 1.1457, -0.5054 0.0216 1.1457, -0.4498 0.1259 1.1457, 0.4498 0.1259 1.1457, -1.2677 -1.8091 1.1457, 0.5054 0.0216 1.1457, 0.6665 0.0216 1.1457, 0.9513 0.1988 1.1457, 1.0069 0.1988 1.1457, 1.0069 0.1259 1.1457, 1.2618 0.1259 1.1457, -1.0069 0.1988 1.1457, -0.9513 0.1988 1.1457, -1.0069 0.1259 1.1457, -0.9513 0.0216 1.1457, -1.2618 0.1259 1.1457, -1.2677 0.126 1.1457, -1.2648 0.126 1.1457, -0.7902 0.0216 1.1457, -0.6665 0.0216 1.1457, 0.5054 0.1988 1.1457, 0.4498 0.1988 1.1457, 1.6417 -0.9843 0.5468, 1.6417 -0.9902 0.561, 1.6417 -0.9996 0.5733, 1.6417 -1.0119 0.5826, 1.6417 -1.0261 0.5885, 1.3772 0.8287 1.2514, 1.4813 0.8287 1.215, 1.5746 0.8287 1.1564, 1.6525 0.8287 1.0785, 1.7111 0.8287 0.9852, 1.7475 0.8287 0.8812, 1.1614 0.8287 1.1457, 1.1483 0.8272 1.1457, 1.1358 0.8228 1.1457, 1.1246 0.8158 1.1457, 1.1153 0.8065 1.1457, 1.1082 0.7953 1.1457, 1.1039 0.7828 1.1457, -1.3509 -1.8091 1.1363, -1.43 -1.8091 1.1086, -1.5009 -1.8091 1.0641, -1.5601 -1.8091 1.0048, -1.6047 -1.8091 0.9339, -1.6323 -1.8091 0.8549, 1.6324 -1.8091 0.8549, 1.6047 -1.8091 0.9339, 1.5601 -1.8091 1.0048, 1.5009 -1.8091 1.0641, 1.43 -1.8091 1.1086, 1.351 -1.8091 1.1363, 0.8395 0.8287 1.0053, 0.7717 0.8287 0.9086, 0.5008 0.8287 1.2424, 0.4331 0.8287 1.1457, 0.4808 0.8287 1.2537, 0.4555 0.8287 1.2616, -0.7717 0.8287 0.9086, -0.8394 0.8287 1.0053, -0.4331 0.8287 1.1457, -0.5008 0.8287 1.2424, -0.4809 0.8287 1.2536, -0.4558 0.8287 1.2616, -0.4456 0.5697 1.2631, -0.4453 0.5694 1.2631, -0.4381 0.5573 1.2637, -0.4381 0.5572 1.2637, -0.4341 0.5446 1.2638, -0.434 0.5433 1.2638, -0.4684 0.5874 1.2583, -0.4662 0.5866 1.259, -0.4558 0.58 1.2615, -0.4558 0.5799 1.2616, -0.4553 0.5796 1.2617, -0.5008 0.5925 1.2424, -0.4921 0.5925 1.248, -0.4823 0.5913 1.2528, -0.4809 0.5912 1.2535, -0.4783 0.5909 1.2548, -0.4331 0.4941 1.1465, -0.4331 0.5267 1.1465, -0.4331 0.5275 1.1457, -0.4331 0.5334 1.1457, -0.4921 0.435 1.1465, -0.4768 0.437 1.1465, -0.4626 0.4429 1.1465, -0.4504 0.4523 1.1465, -0.441 0.4645 1.1465, -0.4351 0.4788 1.1465, -1.0236 0.435 1.1465, -1.0411 0.437 1.1465, -1.0578 0.4428 1.1465, -1.0727 0.4522 1.1465, -1.0852 0.4646 1.1465, -1.0946 0.4796 1.1465, -1.1004 0.4962 1.1465, 1.0997 0.4934 1.1465, 1.0918 0.4744 1.1465, 1.0793 0.4581 1.1465, 1.063 0.4455 1.1465, 1.044 0.4377 1.1465, 1.0236 0.435 1.1465, 0.4921 0.435 1.1465, 0.4769 0.437 1.1465, 0.4626 0.4429 1.1465, 0.4504 0.4523 1.1465, 0.441 0.4645 1.1465, 0.4351 0.4788 1.1465, 0.4331 0.4941 1.1465, 0.4331 0.5275 1.1457, 0.4331 0.5334 1.1457, 0.4331 0.5267 1.1465, 0.4921 0.5925 1.248, 0.5008 0.5925 1.2424, 0.4823 0.5916 1.253, 0.456 0.5798 1.2615, 0.4581 0.5817 1.2611, 0.4684 0.5874 1.2583, 0.4694 0.588 1.2581, 0.4808 0.5913 1.2537, 0.4816 0.5916 1.2534, 0.4343 0.5433 1.2638, 0.4349 0.5479 1.2638, 0.4385 0.5571 1.2636, 0.4402 0.5615 1.2636, 0.4458 0.5696 1.2631, 0.4476 0.5722 1.2629, 0.4555 0.5793 1.2615, 0.9217 0.0216 1.26, 0.894 0.0216 1.249, 0.87 0.0216 1.2313, 0.8511 0.0216 1.2083, 0.535 0.0216 1.26, 0.5867 0.0216 1.2313, 0.5627 0.0216 1.249, 0.6056 0.0216 1.2083, 0.6331 0.0216 1.1642, 0.8236 0.0216 1.1642, 0.6567 0.0216 1.1469, 0.6474 0.0216 1.1506, 0.6394 0.0216 1.1565, 0.8173 0.0216 1.1565, 0.8093 0.0216 1.1506, 0.8001 0.0216 1.1469, -0.535 0.0216 1.26, -0.5626 0.0216 1.249, -0.5867 0.0216 1.2313, -0.87 0.0216 1.2313, -0.894 0.0216 1.249, -0.9217 0.0216 1.26, -0.8236 0.0216 1.1642, -0.8511 0.0216 1.2083, -0.6331 0.0216 1.1642, -0.6056 0.0216 1.2083, -0.8093 0.0216 1.1506, -0.8173 0.0216 1.1565, -0.8 0.0216 1.1469, -0.6566 0.0216 1.1469, -0.6394 0.0216 1.1565, -0.6474 0.0216 1.1506, 0.8296 0.0216 1.0326, 0.8665 0.0216 1.0473, 0.8986 0.0216 1.0708, 0.9237 0.0216 1.1016, 0.533 0.0216 1.1016, 0.5581 0.0216 1.0708, 0.5902 0.0216 1.0473, 0.6271 0.0216 1.0326, 0.6665 0.0216 1.0276, 0.7902 0.0216 1.0276, 0.9237 0.1988 1.1016, 0.533 0.1988 1.1016, -0.9237 0.0216 1.1016, -0.9237 0.1988 1.1016, -0.533 0.0216 1.1016, -0.6271 0.0216 1.0326, -0.5902 0.0216 1.0473, -0.5581 0.0216 1.0708, -0.8986 0.0216 1.0708, -0.8665 0.0216 1.0473, -0.8296 0.0216 1.0326, -0.7902 0.0216 1.0276, -0.6665 0.0216 1.0276, -0.533 0.1988 1.1016, -0.7318 0.5925 1.0807, -0.8538 0.8267 0.9953, -0.8674 0.8209 0.9857, -0.8796 0.8115 0.9772, -0.8975 0.6371 0.9646, -0.8899 0.6221 0.97, -0.8394 0.5925 1.0053, -0.8899 0.7991 0.97, -0.8975 0.7841 0.9646, -0.9023 0.7675 0.9613, -0.9039 0.75 0.9601, -0.9039 0.6712 0.9601, -0.9023 0.6537 0.9613, -0.8796 0.6097 0.9772, -0.8674 0.6003 0.9857, -0.8538 0.5945 0.9953, 0.7318 0.5925 1.0807, 0.8561 0.826 0.9936, 0.8976 0.6371 0.9646, 0.9023 0.6537 0.9613, 0.904 0.6712 0.9601, 0.9018 0.7703 0.9617, 0.8953 0.7893 0.9662, 0.8395 0.5925 1.0053, 0.8538 0.5945 0.9953, 0.8674 0.6003 0.9857, 0.904 0.75 0.9601, 0.8851 0.8056 0.9734, 0.8717 0.8181 0.9827, 0.8797 0.6097 0.9772, 0.8899 0.6221 0.97, 0.7884 0.826 0.8969, 0.804 0.8181 0.886, 0.8173 0.8056 0.8766, 0.8276 0.7893 0.8694, 0.834 0.7703 0.8649, 0.8362 0.75 0.8634, -0.786 0.8267 0.8985, -0.7997 0.8209 0.889, -0.8119 0.8115 0.8804, -0.8221 0.7991 0.8733, -0.8298 0.7841 0.8679, -0.8346 0.7675 0.8645, -0.8362 0.75 0.8634, -0.4341 0.5433 1.145, -0.4343 0.5455 1.1448, -0.4381 0.5572 1.1421, -0.4456 0.5696 1.1369, -0.4449 0.569 1.1374, -0.4383 0.5577 1.142, -0.455 0.5793 1.1303, -0.4559 0.5799 1.1297, -0.4674 0.587 1.1217, -0.4683 0.5873 1.121, -0.4821 0.5916 1.1113, -0.4822 0.5916 1.1112, -0.4921 0.5925 1.1043, 0.4685 0.587 1.1208, 0.4743 0.5897 1.1168, 0.4823 0.591 1.1112, 0.4921 0.5925 1.1043, 0.4561 0.5797 1.1295, 0.4601 0.583 1.1268, 0.4458 0.5695 1.1368, 0.4483 0.573 1.135, 0.4406 0.5623 1.1404, 0.4384 0.5571 1.1419, 0.4354 0.5498 1.1441, 0.4342 0.5433 1.1449, 0.4332 0.5378 1.1456, 0.5259 0.5925 1.0807, 0.8368 0.6712 0.8642, 0.8363 0.6639 0.8642, 0.8351 0.6567 0.8642, 0.8346 0.6537 0.8645, 0.8298 0.6371 0.8679, 0.8221 0.6221 0.8733, 0.8119 0.6097 0.8804, 0.7997 0.6003 0.889, 0.7861 0.5945 0.8985, 0.7717 0.5925 0.9086, 0.6665 0.1988 1.0276, 0.6271 0.1988 1.0326, 0.5902 0.1988 1.0473, 0.5581 0.1988 1.0708, 0.7902 0.1988 1.0276, 0.8986 0.1988 1.0708, 0.8665 0.1988 1.0473, 0.8296 0.1988 1.0326, -0.8986 0.1988 1.0708, -0.8665 0.1988 1.0473, -0.8296 0.1988 1.0326, -0.7902 0.1988 1.0276, -0.6665 0.1988 1.0276, -0.6271 0.1988 1.0326, -0.5902 0.1988 1.0473, -0.5581 0.1988 1.0708, 1.2677 0.8287 1.1457, 1.351 0.8287 1.1363, 1.43 0.8287 1.1086, 1.5009 0.8287 1.0641, 1.5601 0.8287 1.0048, 1.6047 0.8287 0.9339, 1.6324 0.8287 0.8549, 1.6417 0.8287 0.7717, -1.2677 0.8287 1.1457, -1.3509 0.8287 1.1363, -1.43 0.8287 1.1086, -1.5009 0.8287 1.0641, -1.5601 0.8287 1.0048, -1.6047 0.8287 0.9339, -1.6323 0.8287 0.8549, -1.6417 0.8287 0.7717, -1.6425 0.3169 0.5118, -1.6425 0.3169 0.1929, -1.6525 0.3169 0.205, -1.7111 0.3169 0.2983, -1.7475 0.3169 0.4023, -1.3437 0.3165 0.0256, -1.3772 0.3165 0.032, -1.4812 0.3165 0.0684, -1.5745 0.3165 0.1271, -1.6425 0.3165 0.1929, -0.4297 0.5275 1.1457, -0.4297 0.7229 1.1457, 0.4297 0.7229 1.1457, 0.4297 0.5275 1.1457, -1.2677 0.7229 1.1457, 1.2677 0.7229 1.1457, -1.6382 0.1267 0.8229, -1.6408 0.1264 0.7974, -1.6417 0.8283 0.7717, -1.6382 0.8283 0.8229, -1.319 0.7229 1.1421, -1.2934 0.1264 1.1448, -1.3509 -1.8091 1.1363, -1.319 0.1267 1.1421, 1.6417 0.8283 0.7717, 1.2934 0.1264 1.1448, 1.319 0.7229 1.1421, 1.319 0.1267 1.1421, 1.6382 0.8283 0.8229, 1.6382 0.1267 0.8229, 1.6409 0.1264 0.7974, -0.8351 0.6567 0.8642, -0.8351 0.7229 0.8642, -0.8362 0.7229 0.8634, -0.8221 0.6221 0.8733, -0.8298 0.6371 0.8679, -0.8346 0.6537 0.8645, -0.786 0.5945 0.8985, -0.7997 0.6003 0.889, -0.8119 0.6097 0.8804, -0.5258 0.5925 1.0807, -0.7717 0.5925 0.9086, 0.8362 0.7229 0.8634, 0.8351 0.7229 0.8642, -0.8367 0.6712 0.8642, -0.8363 0.6639 0.8642, -0.8367 0.7229 0.8642, 0.8368 0.7229 0.8642, -1.6425 0.3189 0.5293, -1.6425 0.3247 0.546, -1.6425 0.3341 0.5609, -1.6425 0.3465 0.5734, -1.6425 0.3615 0.5828, -1.6425 0.3781 0.5886, -1.6425 0.3956 0.5906, -1.6425 0.5137 0.5118, -1.7598 0.5111 0.5322, -1.6425 0.5111 0.5322, -1.7598 0.5032 0.5512, -1.6425 0.5032 0.5512, -1.7598 0.4907 0.5675, -1.6425 0.4907 0.5675, -1.7598 0.4744 0.58, -1.6425 0.4744 0.58, -1.7598 0.4554 0.5879, -1.6425 0.4554 0.5879, -1.6425 0.435 0.5906, -1.0275 -0.5965 0.5138, -1.0275 -0.5965 0.5138, -1.0275 -0.5965 0.5039, -1.0275 -0.9336 0.5138, -1.0275 -0.5926 0.5, -1.0275 -1.4361 0.5062, -1.0275 -1.4192 0.5016, -1.0275 -1.4017 0.5, -1.0275 -1.452 0.5138, -1.1378 -0.5965 0.5039, -1.1378 -0.5926 0.5, -1.1378 -1.4017 0.5, -1.1378 -0.9336 0.5138, -1.1378 -0.5965 0.5138, -1.1378 -0.5965 0.5138, -1.1378 -1.4192 0.5016, -1.1378 -1.4361 0.5062, -1.1378 -1.452 0.5138, -1.3156 -1.2477 0.6024, -1.3169 -1.2579 0.6024, -1.3169 -1.2185 0.6024, -1.2775 -1.2185 0.6024, -1.2877 -1.2199 0.6024, -1.2972 -1.2238 0.6024, -1.3054 -1.2301 0.6024, -1.3116 -1.2382 0.6024, -1.2877 -1.2199 0.6811, -1.2775 -1.2185 0.6811, -1.3169 -1.2185 0.6811, -1.3169 -1.2579 0.6811, -1.3156 -1.2477 0.6811, -1.3116 -1.2382 0.6811, -1.3054 -1.2301 0.6811, -1.2972 -1.2238 0.6811, -1.2697 -1.2185 0.6024, -1.2697 -1.2185 0.6811, -1.2583 -1.2173 0.6024, -1.2583 -1.2173 0.6811, -1.2475 -1.2135 0.6024, -1.2475 -1.2135 0.6811, -1.2378 -1.2074 0.6024, -1.2378 -1.2074 0.6811, -1.2297 -1.1993 0.6024, -1.2297 -1.1993 0.6811, -1.2236 -1.1896 0.6024, -1.2236 -1.1896 0.6811, -1.2198 -1.1788 0.6024, -1.2198 -1.1788 0.6811, -1.2185 -1.1674 0.6024, -1.2185 -1.1674 0.6811, -1.2185 -1.2185 0.6024, -1.2185 -1.2185 0.6811, -0.9646 0.9626 0.0787, -1.2008 0.9626 0.0787, -0.9646 0.7275 0.0787, -1.2008 0.7275 0.0787, -1.2008 0.5689 0.1181, -0.9646 0.5689 0.1181, -1.2008 0.5689 0.1672, -0.9646 0.5689 0.1672, -1.2008 0.6871 0.0, -0.9646 0.6871 0.0, -0.9646 0.6565 0.004, -1.2008 0.6565 0.004, -0.9646 0.628 0.0158, -1.2008 0.628 0.0158, -0.9646 0.6035 0.0346, -1.2008 0.6035 0.0346, -0.9646 0.5848 0.0591, -1.2008 0.5848 0.0591, -0.9646 0.573 0.0875, -1.2008 0.573 0.0875, -0.9646 0.9626 0.0, -1.2008 0.9626 0.0, -0.3504 -1.2836 0.7835, -0.3504 -0.5926 0.7835, -0.3504 -0.5965 0.7795, -0.3504 -0.5965 0.7697, -0.3504 -0.9336 0.7697, -0.3504 -1.318 0.7773, -0.3504 -1.3011 0.7819, -0.3504 -1.3339 0.7697, -0.2401 -0.5926 0.7835, -0.2401 -1.2836 0.7835, -0.2401 -0.5965 0.7795, -0.2401 -0.9336 0.7697, -0.2401 -0.5965 0.7697, -0.2401 -1.3011 0.7819, -0.2401 -1.318 0.7773, -0.2401 -1.3339 0.7697, -0.3396 -1.3339 0.7697, -0.0945 0.9626 0.0787, -0.2992 0.9626 0.0787, -0.0945 0.7275 0.0787, -0.2992 0.7275 0.0787, -0.2992 0.5689 0.1181, -0.0945 0.5689 0.1181, -0.2992 0.5689 0.1672, -0.0945 0.5689 0.1672, -0.2992 0.9626 0.0, -0.0945 0.9626 0.0, -0.0945 0.6871 0.0, -0.2992 0.6871 0.0, -0.0945 0.6565 0.004, -0.2992 0.6565 0.004, -0.0945 0.628 0.0158, -0.2992 0.628 0.0158, -0.0945 0.6035 0.0346, -0.2992 0.6035 0.0346, -0.0945 0.5848 0.0591, -0.2992 0.5848 0.0591, -0.0945 0.573 0.0875, -0.2992 0.573 0.0875, 0.3504 -0.5965 0.5039, 0.3504 -0.5965 0.5138, 0.3504 -0.5965 0.5138, 0.3504 -1.318 0.5062, 0.3504 -1.3011 0.5016, 0.3504 -1.2836 0.5, 0.3504 -0.5926 0.5, 0.3504 -0.9336 0.5138, 0.3504 -1.3339 0.5138, 0.2402 -0.5965 0.5039, 0.2402 -0.5926 0.5, 0.2402 -1.2836 0.5, 0.2402 -0.9336 0.5138, 0.2402 -0.5965 0.5138, 0.2402 -0.5965 0.5138, 0.2402 -1.3011 0.5016, 0.2402 -1.318 0.5062, 0.2402 -1.3339 0.5138, 0.3396 -1.3339 0.5138, 0.2992 0.9626 0.0787, 0.0945 0.9626 0.0787, 0.2992 0.7275 0.0787, 0.0945 0.7275 0.0787, 0.0945 0.5689 0.1181, 0.2992 0.5689 0.1181, 0.0945 0.5689 0.1672, 0.2992 0.5689 0.1672, 0.0945 0.9626 0.0, 0.2992 0.9626 0.0, 0.2992 0.6871 0.0, 0.0945 0.6871 0.0, 0.2992 0.6565 0.004, 0.0945 0.6565 0.004, 0.2992 0.628 0.0158, 0.0945 0.628 0.0158, 0.2992 0.6035 0.0346, 0.0945 0.6035 0.0346, 0.2992 0.5848 0.0591, 0.0945 0.5848 0.0591, 0.2992 0.573 0.0875, 0.0945 0.573 0.0875, 1.0276 -0.5965 0.7795, 1.0276 -0.5965 0.7697, 1.0276 -0.9336 0.7697, 1.0276 -1.4391 0.7697, 1.0276 -1.452 0.7697, 1.0276 -1.4361 0.7773, 1.0276 -1.4192 0.7819, 1.0276 -1.4017 0.7835, 1.0276 -0.5926 0.7835, 1.1378 -0.5965 0.7795, 1.1378 -0.5926 0.7835, 1.1378 -1.4017 0.7835, 1.1378 -1.4361 0.7773, 1.1378 -1.452 0.7697, 1.1378 -1.4391 0.7697, 1.1378 -0.5965 0.7697, 1.1378 -0.9336 0.7697, 1.1378 -1.4192 0.7819, 1.2697 -1.2185 0.6811, 1.2697 -1.2185 0.6024, 1.2564 -1.2168 0.6811, 1.2564 -1.2168 0.6024, 1.2441 -1.2117 0.6811, 1.2441 -1.2117 0.6024, 1.2335 -1.2036 0.6811, 1.2335 -1.2036 0.6024, 1.2254 -1.193 0.6811, 1.2254 -1.193 0.6024, 1.2203 -1.1806 0.6811, 1.2203 -1.1806 0.6024, 1.2185 -1.1674 0.6811, 1.2185 -1.1674 0.6024, 1.2185 -1.2185 0.6811, 1.2185 -1.2185 0.6024, 1.3169 -1.2185 0.6024, 1.3169 -1.2579 0.6024, 1.3156 -1.2477 0.6024, 1.2776 -1.2185 0.6024, 1.2878 -1.2199 0.6024, 1.2973 -1.2238 0.6024, 1.3117 -1.2382 0.6024, 1.3054 -1.2301 0.6024, 1.2776 -1.2185 0.6811, 1.2878 -1.2199 0.6811, 1.3169 -1.2185 0.6811, 1.2973 -1.2238 0.6811, 1.3054 -1.2301 0.6811, 1.3117 -1.2382 0.6811, 1.3156 -1.2477 0.6811, 1.3169 -1.2579 0.6811, 1.2008 0.9626 0.0787, 0.9646 0.9626 0.0787, 1.2008 0.7275 0.0787, 0.9646 0.7275 0.0787, 0.9646 0.5689 0.1181, 1.2008 0.5689 0.1181, 0.9646 0.5689 0.1672, 1.2008 0.5689 0.1672, 1.2008 0.9626 0.0, 0.9646 0.9626 0.0, 1.2008 0.6871 0.0, 0.9646 0.6871 0.0, 1.2008 0.6565 0.004, 0.9646 0.6565 0.004, 1.2008 0.628 0.0158, 0.9646 0.628 0.0158, 1.2008 0.6035 0.0346, 0.9646 0.6035 0.0346, 1.2008 0.5848 0.0591, 0.9646 0.5848 0.0591, 1.2008 0.573 0.0875, 0.9646 0.573 0.0875, 0.437 -0.5965 0.7795, 0.437 -0.5965 0.7697, 0.437 -0.9336 0.7697, 0.437 -1.4391 0.7697, 0.437 -1.452 0.7697, 0.437 -1.4361 0.7773, 0.437 -1.4192 0.7819, 0.437 -1.4017 0.7835, 0.437 -0.5926 0.7835, 0.5473 -0.5965 0.7795, 0.5473 -0.5926 0.7835, 0.5473 -1.4017 0.7835, 0.5473 -1.4361 0.7773, 0.5473 -1.452 0.7697, 0.5473 -1.4391 0.7697, 0.5473 -0.5965 0.7697, 0.5473 -0.9336 0.7697, 0.5473 -1.4192 0.7819, 0.4478 -1.452 0.7697, 0.7087 0.9626 0.0787, 0.4882 0.9626 0.0787, 0.7087 0.7275 0.0787, 0.4882 0.7275 0.0787, 0.4882 0.5689 0.1181, 0.7087 0.5689 0.1181, 0.4882 0.5689 0.1672, 0.7087 0.5689 0.1672, 0.4882 0.9626 0.0, 0.7087 0.9626 0.0, 0.7087 0.6871 0.0, 0.4882 0.6871 0.0, 0.7087 0.6565 0.004, 0.4882 0.6565 0.004, 0.7087 0.628 0.0158, 0.4882 0.628 0.0158, 0.7087 0.6035 0.0346, 0.4882 0.6035 0.0346, 0.7087 0.5848 0.0591, 0.4882 0.5848 0.0591, 0.7087 0.573 0.0875, 0.4882 0.573 0.0875, -0.437 -0.5965 0.5138, -0.437 -0.5965 0.5138, -0.437 -0.5965 0.5039, -0.437 -0.9336 0.5138, -0.437 -0.5926 0.5, -0.437 -1.4361 0.5062, -0.437 -1.4192 0.5016, -0.437 -1.4017 0.5, -0.437 -1.452 0.5138, -0.5472 -0.5965 0.5039, -0.5472 -0.5926 0.5, -0.5472 -1.4017 0.5, -0.5472 -0.9336 0.5138, -0.5472 -0.5965 0.5138, -0.5472 -0.5965 0.5138, -0.5472 -1.4192 0.5016, -0.5472 -1.4361 0.5062, -0.5472 -1.452 0.5138, -0.4478 -1.452 0.5138, -0.4882 0.9626 0.0787, -0.7087 0.9626 0.0787, -0.4882 0.7275 0.0787, -0.7087 0.7275 0.0787, -0.7087 0.5689 0.1181, -0.4882 0.5689 0.1181, -0.7087 0.5689 0.1672, -0.4882 0.5689 0.1672, -0.7087 0.9626 0.0, -0.4882 0.9626 0.0, -0.4882 0.6871 0.0, -0.7087 0.6871 0.0, -0.4882 0.6565 0.004, -0.7087 0.6565 0.004, -0.4882 0.628 0.0158, -0.7087 0.628 0.0158, -0.4882 0.6035 0.0346, -0.7087 0.6035 0.0346, -0.4882 0.5848 0.0591, -0.7087 0.5848 0.0591, -0.4882 0.573 0.0875, -0.7087 0.573 0.0875
            ]
        }
        coordIndex [
            0,1,2,-1,2,1,3,-1,3,4,2,-1,2,4,5,-1,2,5,6,-1,7,8,9,-1,9,8,10,-1,9,10,11,-1,12,13,9,-1,9,13,14,-1,9,14,15,-1,15,16,9,-1,9,16,17,-1,9,17,18,-1,18,17,19,-1,18,19,20,-1,21,22,5,-1,5,22,23,-1,5,23,6,-1,24,25,26,-1,26,25,27,-1,26,27,28,-1,24,26,29,-1,29,26,30,-1,29,30,31,-1,31,30,32,-1,31,32,33,-1,33,32,34,-1,33,34,35,-1,35,34,36,-1,35,36,37,-1,0,38,39,-1,28,40,26,-1,26,40,41,-1,26,41,9,-1,9,41,42,-1,9,42,7,-1,43,44,11,-1,21,45,22,-1,22,45,46,-1,22,46,47,-1,47,48,22,-1,22,48,49,-1,22,49,50,-1,39,38,11,-1,11,38,51,-1,11,51,43,-1,21,52,53,-1,0,39,1,-1,1,39,54,-1,1,54,55,-1,55,54,56,-1,55,56,57,-1,44,58,11,-1,11,58,59,-1,11,59,9,-1,9,59,60,-1,9,60,12,-1,53,61,21,-1,21,61,62,-1,21,62,45,-1,57,63,55,-1,55,63,64,-1,55,64,65,-1,65,64,66,-1,67,68,69,-1,69,68,70,-1,69,70,71,-1,72,73,74,-1,74,73,75,-1,74,75,76,-1,76,75,77,-1,78,69,79,-1,79,69,80,-1,79,80,81,-1,78,82,69,-1,69,82,83,-1,69,83,84,-1,85,86,69,-1,69,86,87,-1,88,89,90,-1,90,89,91,-1,77,92,76,-1,76,92,91,-1,76,91,93,-1,93,91,89,-1,84,94,69,-1,69,94,95,-1,69,95,96,-1,96,97,69,-1,69,97,98,-1,69,98,67,-1,97,99,98,-1,98,99,100,-1,98,100,101,-1,101,100,102,-1,103,85,104,-1,104,85,105,-1,106,107,108,-1,108,107,109,-1,108,109,110,-1,111,112,113,-1,113,112,114,-1,113,114,115,-1,115,114,85,-1,115,85,116,-1,116,85,103,-1,117,118,109,-1,109,118,119,-1,109,119,120,-1,120,121,109,-1,109,121,122,-1,109,122,110,-1,123,90,124,-1,124,90,125,-1,123,126,90,-1,90,126,127,-1,90,127,88,-1,88,127,128,-1,88,128,129,-1,71,130,69,-1,69,130,131,-1,69,131,85,-1,85,131,132,-1,85,132,105,-1,87,133,69,-1,69,133,134,-1,69,134,109,-1,109,134,135,-1,109,135,117,-1,129,136,88,-1,88,136,137,-1,88,137,138,-1,139,140,141,-1,142,143,144,-1,144,143,102,-1,144,102,74,-1,74,102,100,-1,74,100,72,-1,139,141,144,-1,144,141,145,-1,144,145,142,-1,54,39,102,-1,102,39,101,-1,77,75,2,-1,2,75,0,-1,146,147,148,-1,148,149,146,-1,146,149,150,-1,146,150,151,-1,151,150,152,-1,153,154,155,-1,155,154,156,-1,156,157,155,-1,155,157,158,-1,155,158,159,-1,160,161,162,-1,163,164,165,-1,152,166,151,-1,151,166,162,-1,151,162,167,-1,167,162,161,-1,153,155,168,-1,168,155,169,-1,168,169,170,-1,171,172,164,-1,164,172,173,-1,159,174,155,-1,155,174,175,-1,155,175,164,-1,164,175,176,-1,164,176,177,-1,177,178,179,-1,173,180,164,-1,164,180,181,-1,164,181,165,-1,182,183,147,-1,147,183,184,-1,147,184,177,-1,177,184,185,-1,177,185,178,-1,163,165,186,-1,186,165,187,-1,186,187,188,-1,188,187,189,-1,188,189,190,-1,190,189,191,-1,190,191,192,-1,193,194,195,-1,195,194,196,-1,162,197,160,-1,160,197,196,-1,160,196,198,-1,198,196,194,-1,179,199,177,-1,177,199,200,-1,177,200,164,-1,164,200,201,-1,164,201,171,-1,202,203,204,-1,162,205,197,-1,197,205,202,-1,197,202,206,-1,206,202,204,-1,147,146,182,-1,182,146,207,-1,182,207,208,-1,209,210,211,-1,211,210,182,-1,211,182,212,-1,212,182,208,-1,213,214,215,-1,215,216,213,-1,213,216,217,-1,213,217,218,-1,219,220,213,-1,213,220,221,-1,213,221,222,-1,222,221,223,-1,222,223,224,-1,225,226,227,-1,227,226,228,-1,227,228,229,-1,230,231,213,-1,213,231,232,-1,213,232,219,-1,233,234,213,-1,213,234,235,-1,229,236,237,-1,237,236,238,-1,237,238,239,-1,239,238,240,-1,229,237,227,-1,227,237,241,-1,227,241,242,-1,243,244,245,-1,246,247,248,-1,248,247,249,-1,248,249,250,-1,250,251,248,-1,248,251,252,-1,248,252,253,-1,253,254,248,-1,248,254,255,-1,248,255,256,-1,256,257,248,-1,248,257,258,-1,248,258,213,-1,213,258,259,-1,213,259,233,-1,260,261,262,-1,262,261,263,-1,262,263,264,-1,265,235,266,-1,266,235,267,-1,227,268,225,-1,225,268,269,-1,225,269,263,-1,263,269,270,-1,263,270,264,-1,264,270,271,-1,264,271,218,-1,272,273,274,-1,271,275,218,-1,218,275,276,-1,218,276,277,-1,242,241,245,-1,245,241,278,-1,245,278,243,-1,279,280,281,-1,265,282,235,-1,235,282,283,-1,235,283,213,-1,213,283,284,-1,213,284,214,-1,277,285,218,-1,218,285,286,-1,218,286,213,-1,213,286,287,-1,213,287,230,-1,281,288,279,-1,279,288,289,-1,279,289,235,-1,235,289,290,-1,235,290,267,-1,272,274,262,-1,262,274,291,-1,262,291,260,-1,152,150,269,-1,269,150,270,-1,262,264,182,-1,182,264,183,-1,292,293,294,-1,292,294,295,-1,295,294,296,-1,295,296,297,-1,297,296,298,-1,297,298,299,-1,299,298,300,-1,299,300,301,-1,301,300,302,-1,301,302,303,-1,303,302,304,-1,303,304,305,-1,306,307,308,-1,308,307,309,-1,308,309,310,-1,310,309,311,-1,310,311,312,-1,312,311,313,-1,312,313,314,-1,314,313,315,-1,314,315,316,-1,316,315,317,-1,316,317,318,-1,318,317,319,-1,320,321,322,-1,320,322,323,-1,323,322,324,-1,323,324,325,-1,325,324,326,-1,325,326,327,-1,327,326,328,-1,327,328,329,-1,329,328,330,-1,329,330,331,-1,331,330,332,-1,331,332,333,-1,334,335,336,-1,334,336,337,-1,337,336,338,-1,337,338,339,-1,339,338,340,-1,339,340,341,-1,341,340,342,-1,341,342,343,-1,343,342,344,-1,343,344,345,-1,345,344,346,-1,345,346,347,-1,348,349,350,-1,350,349,351,-1,350,351,352,-1,352,351,353,-1,352,353,354,-1,354,353,355,-1,354,355,356,-1,356,355,357,-1,356,357,358,-1,358,357,359,-1,358,359,360,-1,360,359,361,-1,362,363,364,-1,362,364,365,-1,365,364,366,-1,365,366,367,-1,367,366,368,-1,367,368,369,-1,369,368,370,-1,369,370,371,-1,371,370,372,-1,371,372,373,-1,373,372,374,-1,373,374,375,-1,376,377,378,-1,376,378,379,-1,379,378,380,-1,379,380,381,-1,382,383,384,-1,384,383,385,-1,384,385,386,-1,386,385,387,-1,388,389,390,-1,388,390,391,-1,391,390,392,-1,391,392,393,-1,394,395,396,-1,396,395,397,-1,396,397,398,-1,398,397,399,-1,400,401,402,-1,402,401,403,-1,402,403,404,-1,404,403,405,-1,404,405,406,-1,406,405,407,-1,406,407,408,-1,408,407,409,-1,408,409,410,-1,410,409,411,-1,410,411,394,-1,394,411,395,-1,412,413,414,-1,412,414,415,-1,415,414,416,-1,415,416,417,-1,417,416,418,-1,417,418,419,-1,419,418,420,-1,419,420,421,-1,421,420,422,-1,421,422,423,-1,423,422,389,-1,423,389,388,-1,424,425,426,-1,426,425,427,-1,426,427,428,-1,428,427,429,-1,428,429,430,-1,430,429,431,-1,430,431,432,-1,432,431,433,-1,432,433,434,-1,434,433,435,-1,434,435,382,-1,382,435,383,-1,436,437,438,-1,436,438,439,-1,439,438,440,-1,439,440,441,-1,441,440,442,-1,441,442,443,-1,443,442,444,-1,443,444,445,-1,445,444,446,-1,445,446,447,-1,447,446,377,-1,447,377,376,-1,448,449,450,-1,448,450,451,-1,451,450,363,-1,451,363,362,-1,452,453,454,-1,454,453,455,-1,454,455,348,-1,348,455,349,-1,456,457,458,-1,456,458,459,-1,459,458,335,-1,459,335,334,-1,460,461,462,-1,460,462,463,-1,463,462,321,-1,463,321,320,-1,464,465,466,-1,466,465,467,-1,466,467,306,-1,306,467,307,-1,468,469,470,-1,468,470,471,-1,471,470,293,-1,471,293,292,-1,472,473,474,-1,474,473,475,-1,476,477,478,-1,478,477,474,-1,478,474,479,-1,479,474,475,-1,479,475,480,-1,481,482,483,-1,483,482,484,-1,485,486,484,-1,484,486,487,-1,484,487,483,-1,483,487,488,-1,483,488,489,-1,490,491,492,-1,492,491,493,-1,492,493,494,-1,495,496,494,-1,494,496,497,-1,494,497,492,-1,495,494,498,-1,498,494,499,-1,498,499,500,-1,500,499,501,-1,500,501,502,-1,502,501,503,-1,503,501,504,-1,503,504,505,-1,502,506,500,-1,500,506,507,-1,500,507,508,-1,508,507,509,-1,510,511,512,-1,513,514,515,-1,510,512,516,-1,515,517,513,-1,513,517,512,-1,513,512,518,-1,518,512,511,-1,519,520,521,-1,521,520,522,-1,521,522,523,-1,512,524,516,-1,516,524,521,-1,516,521,525,-1,525,521,523,-1,525,523,526,-1,526,527,525,-1,525,527,528,-1,525,528,529,-1,530,531,532,-1,530,532,533,-1,534,535,536,-1,536,535,537,-1,533,532,538,-1,538,532,539,-1,538,539,540,-1,534,541,535,-1,535,541,542,-1,535,542,539,-1,539,542,543,-1,539,543,540,-1,537,544,536,-1,536,544,545,-1,536,545,546,-1,547,548,545,-1,545,548,549,-1,545,549,546,-1,550,551,552,-1,550,552,553,-1,554,555,556,-1,556,555,557,-1,553,552,558,-1,558,552,559,-1,558,559,560,-1,554,561,555,-1,555,561,562,-1,555,562,559,-1,559,562,563,-1,559,563,560,-1,557,564,556,-1,556,564,565,-1,556,565,566,-1,567,568,565,-1,565,568,569,-1,565,569,566,-1,570,571,572,-1,570,572,573,-1,573,572,574,-1,573,574,575,-1,575,574,576,-1,575,576,577,-1,577,576,578,-1,577,578,579,-1,579,578,580,-1,579,580,581,-1,581,580,582,-1,581,582,583,-1,583,582,584,-1,583,584,585,-1,586,587,588,-1,586,588,589,-1,589,588,590,-1,589,590,591,-1,591,590,592,-1,591,592,593,-1,593,592,594,-1,593,594,595,-1,595,594,596,-1,595,596,597,-1,597,596,598,-1,597,598,599,-1,600,601,602,-1,600,602,603,-1,603,602,604,-1,603,604,605,-1,605,604,606,-1,605,606,607,-1,607,606,608,-1,607,608,609,-1,609,608,610,-1,609,610,611,-1,611,610,612,-1,611,612,613,-1,614,615,616,-1,614,616,617,-1,617,616,618,-1,617,618,619,-1,619,618,620,-1,619,620,621,-1,621,620,622,-1,621,622,623,-1,623,622,624,-1,623,624,625,-1,625,624,626,-1,625,626,627,-1,628,629,630,-1,630,631,632,-1,628,630,633,-1,630,632,633,-1,633,632,634,-1,633,634,635,-1,635,634,636,-1,635,636,637,-1,637,636,638,-1,637,638,639,-1,639,638,640,-1,639,640,641,-1,641,640,642,-1,641,642,643,-1,643,642,644,-1,643,644,645,-1,247,246,646,-1,646,246,647,-1,646,647,648,-1,648,647,649,-1,648,649,650,-1,650,649,651,-1,650,651,652,-1,652,651,653,-1,652,653,654,-1,654,653,655,-1,654,655,656,-1,656,655,657,-1,626,613,627,-1,627,613,612,-1,616,615,626,-1,626,615,645,-1,626,645,613,-1,622,620,618,-1,645,644,613,-1,613,644,600,-1,613,600,603,-1,616,626,618,-1,618,626,624,-1,618,624,622,-1,603,605,613,-1,613,605,607,-1,613,607,611,-1,611,607,609,-1,627,614,617,-1,612,656,627,-1,627,656,657,-1,627,657,614,-1,617,619,627,-1,627,619,621,-1,627,621,625,-1,625,621,623,-1,610,602,612,-1,612,602,601,-1,612,601,656,-1,610,608,602,-1,602,608,606,-1,602,606,604,-1,658,659,660,-1,661,662,660,-1,660,662,663,-1,660,663,658,-1,658,663,664,-1,658,664,665,-1,665,664,666,-1,665,666,667,-1,667,666,668,-1,667,668,669,-1,669,668,670,-1,669,670,671,-1,671,670,672,-1,671,672,673,-1,674,675,676,-1,676,675,677,-1,676,677,678,-1,678,677,679,-1,678,679,680,-1,680,679,681,-1,680,681,682,-1,682,681,683,-1,682,683,684,-1,684,683,685,-1,684,685,106,-1,106,685,107,-1,570,675,587,-1,587,675,674,-1,581,583,570,-1,570,583,585,-1,570,585,675,-1,570,573,575,-1,674,598,587,-1,587,598,596,-1,587,596,594,-1,594,592,587,-1,587,592,590,-1,587,590,588,-1,575,577,570,-1,570,577,579,-1,570,579,581,-1,586,571,587,-1,587,571,570,-1,571,584,582,-1,597,599,586,-1,586,599,571,-1,584,571,672,-1,672,571,599,-1,672,599,673,-1,591,593,595,-1,578,576,574,-1,582,580,571,-1,571,580,578,-1,571,578,572,-1,572,578,574,-1,597,586,595,-1,595,586,589,-1,595,589,591,-1,112,686,114,-1,114,686,687,-1,114,687,85,-1,85,687,688,-1,85,688,86,-1,86,688,689,-1,86,689,87,-1,87,689,690,-1,87,690,133,-1,133,690,691,-1,133,691,134,-1,134,691,692,-1,134,692,135,-1,135,692,693,-1,694,108,695,-1,695,108,110,-1,695,110,696,-1,696,110,122,-1,696,122,697,-1,697,122,121,-1,697,121,698,-1,698,121,120,-1,698,120,699,-1,699,120,119,-1,699,119,700,-1,700,119,118,-1,700,118,701,-1,701,118,117,-1,702,703,704,-1,704,703,305,-1,705,704,706,-1,706,704,305,-1,706,305,707,-1,707,305,304,-1,464,469,465,-1,465,469,468,-1,319,708,318,-1,318,708,709,-1,709,708,710,-1,710,708,711,-1,710,711,712,-1,712,711,713,-1,712,713,714,-1,714,713,715,-1,714,715,716,-1,716,715,717,-1,716,717,718,-1,718,717,719,-1,718,719,720,-1,720,719,721,-1,720,721,722,-1,722,721,723,-1,722,723,724,-1,724,723,725,-1,725,461,724,-1,724,461,460,-1,332,347,333,-1,333,347,346,-1,726,457,727,-1,727,457,456,-1,728,729,730,-1,730,729,731,-1,730,731,732,-1,732,731,733,-1,732,733,734,-1,734,733,735,-1,734,735,736,-1,736,735,737,-1,736,737,738,-1,738,737,739,-1,738,739,740,-1,740,739,741,-1,740,741,742,-1,742,741,743,-1,742,743,727,-1,727,743,726,-1,361,729,360,-1,360,729,728,-1,452,449,453,-1,453,449,448,-1,375,374,744,-1,744,374,745,-1,744,745,746,-1,746,747,744,-1,744,747,748,-1,749,750,751,-1,751,532,749,-1,749,532,531,-1,749,531,703,-1,752,753,754,-1,708,755,711,-1,711,755,713,-1,307,703,309,-1,309,703,531,-1,309,531,311,-1,311,531,313,-1,708,319,755,-1,755,319,317,-1,755,317,531,-1,531,317,315,-1,531,315,313,-1,307,467,703,-1,703,467,465,-1,703,465,305,-1,305,465,468,-1,305,468,471,-1,374,449,745,-1,745,449,452,-1,745,452,454,-1,719,732,734,-1,461,725,742,-1,742,725,723,-1,742,723,740,-1,740,723,721,-1,740,721,738,-1,738,721,719,-1,738,719,736,-1,736,719,734,-1,750,756,751,-1,751,756,757,-1,751,757,755,-1,755,757,758,-1,328,326,742,-1,742,326,324,-1,742,324,322,-1,347,456,459,-1,358,759,760,-1,322,321,742,-1,742,321,462,-1,742,462,461,-1,456,347,727,-1,727,347,332,-1,727,332,742,-1,742,332,330,-1,742,330,328,-1,364,363,374,-1,374,363,450,-1,374,450,449,-1,352,754,350,-1,350,754,745,-1,350,745,348,-1,348,745,454,-1,352,354,754,-1,754,354,356,-1,754,356,358,-1,471,292,305,-1,305,292,295,-1,305,295,297,-1,358,760,754,-1,754,760,761,-1,754,761,752,-1,459,334,347,-1,347,334,337,-1,347,337,339,-1,297,299,305,-1,305,299,301,-1,305,301,303,-1,374,372,370,-1,762,360,728,-1,758,763,755,-1,755,763,764,-1,755,764,713,-1,360,762,358,-1,358,762,765,-1,358,765,759,-1,339,341,347,-1,347,341,343,-1,347,343,345,-1,370,368,374,-1,374,368,366,-1,374,366,364,-1,715,762,717,-1,717,762,728,-1,717,728,719,-1,719,728,730,-1,719,730,732,-1,764,766,713,-1,713,766,767,-1,713,767,715,-1,715,767,768,-1,715,768,762,-1,318,709,769,-1,770,771,772,-1,773,774,769,-1,769,774,775,-1,466,306,707,-1,776,777,778,-1,778,777,772,-1,778,772,779,-1,779,772,771,-1,779,771,780,-1,780,771,781,-1,707,306,775,-1,775,306,308,-1,775,308,310,-1,310,312,775,-1,775,312,314,-1,775,314,769,-1,769,314,316,-1,769,316,318,-1,466,707,464,-1,464,707,304,-1,464,304,469,-1,748,359,357,-1,357,355,748,-1,748,355,353,-1,748,353,744,-1,744,353,351,-1,744,351,349,-1,770,772,782,-1,782,772,783,-1,782,783,784,-1,784,783,785,-1,784,785,786,-1,786,785,769,-1,786,769,787,-1,788,789,748,-1,748,789,790,-1,748,790,359,-1,359,790,791,-1,457,726,346,-1,733,718,735,-1,735,718,737,-1,294,293,304,-1,304,293,470,-1,304,470,469,-1,722,743,720,-1,720,743,741,-1,720,741,718,-1,718,741,739,-1,718,739,737,-1,304,302,300,-1,792,716,718,-1,349,455,744,-1,744,455,453,-1,744,453,375,-1,375,453,448,-1,375,448,451,-1,300,298,304,-1,304,298,296,-1,304,296,294,-1,787,769,793,-1,793,769,709,-1,793,709,794,-1,794,709,710,-1,794,710,795,-1,795,710,712,-1,795,712,792,-1,792,712,714,-1,792,714,716,-1,791,796,359,-1,359,796,797,-1,359,797,361,-1,361,797,792,-1,361,792,729,-1,729,792,718,-1,729,718,731,-1,731,718,733,-1,743,325,327,-1,722,724,743,-1,743,724,460,-1,743,460,463,-1,336,335,346,-1,346,335,458,-1,346,458,457,-1,327,329,743,-1,743,329,331,-1,743,331,726,-1,726,331,333,-1,726,333,346,-1,463,320,743,-1,743,320,323,-1,743,323,325,-1,362,365,451,-1,451,365,367,-1,451,367,369,-1,369,371,451,-1,451,371,373,-1,451,373,375,-1,346,344,342,-1,342,340,346,-1,346,340,338,-1,346,338,336,-1,789,752,790,-1,790,752,761,-1,790,761,791,-1,791,761,760,-1,791,760,796,-1,796,760,759,-1,796,759,797,-1,797,759,765,-1,797,765,792,-1,792,765,762,-1,792,762,795,-1,795,762,768,-1,794,795,767,-1,767,795,768,-1,794,767,793,-1,793,767,766,-1,793,766,787,-1,787,766,764,-1,787,764,786,-1,786,764,763,-1,786,763,784,-1,784,763,758,-1,784,758,782,-1,782,758,757,-1,782,757,770,-1,770,757,756,-1,798,773,799,-1,799,773,769,-1,800,772,801,-1,801,772,777,-1,799,769,785,-1,802,803,785,-1,785,803,804,-1,785,804,799,-1,772,800,783,-1,783,800,805,-1,783,805,806,-1,806,807,783,-1,783,807,808,-1,783,808,785,-1,785,808,809,-1,785,809,802,-1,810,751,811,-1,755,812,751,-1,751,812,813,-1,751,813,811,-1,814,815,811,-1,811,815,816,-1,811,816,810,-1,817,818,819,-1,819,818,820,-1,819,820,785,-1,811,821,814,-1,814,821,819,-1,814,819,822,-1,822,819,785,-1,822,785,783,-1,783,823,822,-1,822,823,824,-1,822,824,825,-1,755,531,530,-1,755,530,812,-1,812,530,533,-1,812,533,813,-1,813,533,538,-1,813,538,811,-1,811,538,540,-1,811,540,821,-1,532,751,810,-1,532,810,539,-1,539,810,816,-1,539,816,535,-1,535,816,815,-1,535,815,537,-1,537,815,814,-1,537,814,544,-1,809,826,827,-1,809,827,802,-1,802,827,828,-1,802,828,803,-1,803,828,829,-1,803,829,804,-1,804,829,798,-1,804,798,799,-1,809,808,826,-1,826,808,830,-1,800,801,831,-1,800,831,805,-1,805,831,832,-1,805,832,806,-1,806,832,833,-1,806,833,807,-1,807,833,830,-1,807,830,808,-1,536,546,785,-1,785,546,783,-1,545,544,822,-1,822,544,814,-1,545,822,547,-1,547,822,825,-1,547,825,548,-1,548,825,824,-1,548,824,549,-1,549,824,823,-1,549,823,546,-1,546,823,783,-1,819,543,817,-1,817,543,542,-1,817,542,818,-1,818,542,541,-1,818,541,820,-1,820,541,534,-1,820,534,785,-1,785,534,536,-1,819,821,543,-1,543,821,540,-1,834,835,836,-1,837,838,839,-1,840,841,842,-1,842,841,843,-1,834,836,844,-1,393,399,412,-1,845,846,847,-1,839,848,837,-1,837,848,401,-1,837,401,849,-1,407,405,848,-1,848,405,403,-1,848,403,401,-1,848,850,851,-1,383,435,437,-1,397,852,853,-1,854,855,397,-1,397,855,856,-1,407,848,857,-1,857,848,851,-1,857,851,858,-1,383,437,385,-1,433,431,859,-1,846,860,847,-1,847,860,861,-1,847,861,862,-1,862,861,863,-1,862,863,864,-1,853,865,397,-1,397,865,866,-1,397,866,399,-1,399,866,867,-1,399,867,412,-1,856,868,397,-1,397,868,869,-1,397,869,852,-1,870,411,857,-1,857,411,409,-1,857,409,407,-1,871,872,858,-1,858,872,873,-1,858,873,857,-1,874,875,437,-1,437,875,380,-1,423,388,412,-1,412,388,391,-1,412,391,393,-1,870,876,411,-1,411,876,877,-1,411,877,395,-1,395,877,878,-1,395,878,397,-1,397,878,879,-1,397,879,854,-1,850,848,880,-1,880,848,881,-1,880,881,882,-1,882,881,883,-1,882,883,884,-1,884,883,842,-1,884,842,836,-1,836,842,843,-1,836,843,844,-1,433,859,435,-1,885,886,859,-1,435,859,437,-1,437,859,887,-1,437,887,874,-1,412,415,417,-1,431,429,859,-1,859,429,427,-1,859,427,888,-1,888,427,425,-1,888,425,871,-1,871,425,889,-1,871,889,872,-1,847,890,845,-1,845,890,891,-1,845,891,859,-1,859,891,892,-1,859,892,885,-1,886,893,859,-1,859,893,894,-1,859,894,887,-1,417,419,412,-1,412,419,421,-1,412,421,423,-1,380,378,437,-1,437,378,377,-1,437,377,438,-1,438,377,440,-1,895,896,897,-1,897,896,898,-1,897,898,437,-1,437,898,387,-1,437,387,385,-1,440,377,442,-1,442,377,446,-1,442,446,444,-1,899,900,897,-1,897,900,901,-1,897,901,902,-1,902,903,897,-1,897,903,904,-1,897,904,895,-1,905,863,906,-1,906,863,861,-1,906,861,907,-1,907,861,860,-1,907,860,908,-1,908,860,846,-1,908,846,909,-1,909,846,845,-1,909,845,910,-1,910,845,859,-1,910,859,911,-1,911,859,888,-1,404,406,912,-1,913,402,404,-1,906,907,914,-1,914,907,908,-1,914,908,915,-1,915,908,909,-1,906,914,905,-1,905,914,916,-1,905,916,917,-1,381,918,436,-1,404,912,913,-1,913,912,919,-1,913,919,920,-1,381,436,379,-1,920,921,913,-1,913,921,922,-1,913,922,923,-1,923,922,924,-1,924,925,923,-1,923,925,926,-1,923,926,551,-1,551,926,927,-1,551,927,552,-1,552,927,928,-1,552,928,913,-1,913,928,400,-1,913,400,402,-1,406,408,912,-1,912,408,410,-1,912,410,929,-1,929,410,930,-1,931,932,910,-1,428,430,910,-1,910,430,432,-1,910,432,436,-1,436,432,434,-1,436,434,382,-1,933,934,396,-1,396,934,935,-1,396,935,394,-1,394,935,936,-1,394,936,410,-1,410,936,937,-1,410,937,930,-1,918,938,436,-1,436,938,939,-1,436,939,910,-1,910,939,940,-1,910,940,931,-1,912,941,919,-1,919,941,942,-1,919,942,943,-1,943,942,944,-1,943,944,911,-1,911,944,424,-1,911,424,910,-1,910,424,426,-1,910,426,428,-1,932,945,910,-1,910,945,946,-1,910,946,909,-1,909,946,947,-1,909,947,915,-1,382,384,436,-1,436,384,386,-1,436,386,948,-1,949,950,396,-1,396,950,951,-1,396,951,952,-1,413,392,390,-1,439,447,436,-1,436,447,376,-1,436,376,379,-1,439,441,447,-1,447,441,443,-1,447,443,445,-1,952,953,396,-1,396,953,954,-1,396,954,933,-1,392,413,398,-1,398,413,955,-1,398,955,396,-1,396,955,956,-1,396,956,949,-1,390,389,413,-1,413,389,422,-1,413,422,420,-1,957,958,948,-1,948,958,959,-1,948,959,960,-1,960,961,948,-1,948,961,962,-1,948,962,963,-1,963,964,948,-1,948,964,965,-1,948,965,436,-1,420,418,413,-1,413,418,416,-1,413,416,414,-1,966,967,862,-1,862,967,847,-1,943,871,919,-1,919,871,858,-1,919,858,920,-1,920,858,851,-1,920,851,921,-1,921,851,850,-1,921,850,922,-1,922,850,880,-1,922,880,924,-1,924,880,882,-1,924,882,925,-1,925,882,884,-1,967,914,847,-1,847,914,915,-1,847,915,890,-1,400,928,968,-1,968,928,969,-1,849,401,970,-1,970,401,400,-1,970,400,971,-1,971,400,968,-1,943,911,871,-1,871,911,888,-1,918,875,938,-1,938,875,874,-1,938,874,939,-1,939,874,887,-1,939,887,940,-1,940,887,894,-1,940,894,931,-1,931,894,893,-1,931,893,932,-1,932,893,886,-1,932,886,945,-1,945,886,885,-1,945,885,946,-1,946,885,892,-1,946,892,947,-1,947,892,891,-1,947,891,915,-1,915,891,890,-1,918,381,875,-1,875,381,380,-1,436,965,437,-1,437,965,897,-1,948,898,896,-1,948,896,957,-1,957,896,895,-1,957,895,958,-1,958,895,904,-1,958,904,959,-1,959,904,903,-1,959,903,960,-1,960,903,902,-1,960,902,961,-1,961,902,901,-1,961,901,962,-1,962,901,900,-1,962,900,963,-1,963,900,899,-1,963,899,964,-1,964,899,897,-1,964,897,965,-1,387,898,386,-1,386,898,948,-1,889,425,944,-1,944,425,424,-1,934,854,935,-1,935,854,879,-1,935,879,936,-1,936,879,878,-1,936,878,937,-1,937,878,877,-1,937,877,930,-1,930,877,876,-1,930,876,929,-1,929,876,870,-1,929,870,912,-1,912,870,857,-1,912,857,941,-1,941,857,873,-1,941,873,942,-1,942,873,872,-1,942,872,944,-1,944,872,889,-1,934,933,854,-1,854,933,855,-1,855,933,954,-1,855,954,856,-1,856,954,953,-1,856,953,868,-1,868,953,952,-1,868,952,869,-1,869,952,951,-1,869,951,852,-1,852,951,950,-1,852,950,853,-1,853,950,949,-1,853,949,865,-1,865,949,956,-1,865,956,866,-1,866,956,955,-1,866,955,867,-1,955,413,867,-1,867,413,412,-1,399,393,398,-1,398,393,392,-1,972,842,883,-1,848,973,881,-1,881,973,974,-1,881,974,975,-1,976,977,883,-1,883,977,978,-1,883,978,972,-1,975,979,881,-1,881,979,980,-1,881,980,883,-1,883,980,981,-1,883,981,976,-1,982,840,972,-1,972,840,842,-1,973,848,983,-1,983,848,839,-1,984,913,923,-1,984,923,985,-1,923,986,985,-1,985,986,987,-1,985,987,988,-1,989,990,991,-1,991,990,992,-1,991,992,988,-1,988,992,993,-1,988,993,985,-1,989,994,995,-1,995,996,989,-1,989,996,883,-1,989,883,990,-1,990,883,881,-1,881,997,990,-1,990,997,998,-1,990,998,999,-1,923,551,550,-1,923,550,986,-1,986,550,553,-1,986,553,987,-1,987,553,558,-1,987,558,988,-1,988,558,560,-1,988,560,991,-1,552,913,984,-1,552,984,559,-1,559,984,985,-1,559,985,555,-1,555,985,993,-1,555,993,557,-1,557,993,992,-1,557,992,564,-1,981,1000,1001,-1,981,1001,976,-1,976,1001,1002,-1,976,1002,977,-1,977,1002,1003,-1,977,1003,978,-1,978,1003,982,-1,978,982,972,-1,556,566,883,-1,883,566,881,-1,1004,980,979,-1,1004,979,1005,-1,1005,979,975,-1,1005,975,1006,-1,1006,975,974,-1,1006,974,1007,-1,1007,974,973,-1,1007,973,983,-1,981,980,1000,-1,1000,980,1004,-1,565,564,990,-1,990,564,992,-1,565,990,567,-1,567,990,999,-1,567,999,568,-1,568,999,998,-1,568,998,569,-1,569,998,997,-1,569,997,566,-1,566,997,881,-1,989,563,994,-1,994,563,562,-1,994,562,995,-1,995,562,561,-1,995,561,996,-1,996,561,554,-1,996,554,883,-1,883,554,556,-1,989,991,563,-1,563,991,560,-1,1008,969,927,-1,927,969,928,-1,746,745,747,-1,747,745,754,-1,747,754,1009,-1,1009,754,1010,-1,1009,1010,1011,-1,1011,1010,1012,-1,1011,1012,1013,-1,1013,1012,1014,-1,1013,1014,1015,-1,1015,1014,1016,-1,1015,1016,1017,-1,1017,1016,1018,-1,1017,1018,1019,-1,1019,1018,1020,-1,1019,1020,1021,-1,1021,1020,80,-1,1021,80,1022,-1,1022,80,69,-1,1022,69,1023,-1,1023,69,1024,-1,1023,1024,1025,-1,1025,1024,1026,-1,1025,1026,1027,-1,1027,1026,1028,-1,1027,1028,1029,-1,1029,1028,1030,-1,1029,1030,1031,-1,1031,1030,1032,-1,1031,1032,1033,-1,1033,1032,1034,-1,1033,1034,1035,-1,1035,1034,1036,-1,1035,1036,1037,-1,1037,1036,1038,-1,1037,1038,1039,-1,1039,1038,1040,-1,1039,1040,1041,-1,1041,1040,1042,-1,1041,1042,1043,-1,1043,1042,1044,-1,1043,1044,1045,-1,1045,1044,1046,-1,1045,1046,1047,-1,1047,1046,1048,-1,1047,1048,1049,-1,1049,1048,1050,-1,1049,1050,1051,-1,1051,1050,213,-1,1051,213,1052,-1,1052,213,222,-1,1052,222,1053,-1,1053,222,1054,-1,1053,1054,1055,-1,1055,1054,1056,-1,1055,1056,1057,-1,1057,1056,1058,-1,1057,1058,1059,-1,1059,1058,1060,-1,1059,1060,1061,-1,1061,1060,1062,-1,1061,1062,1063,-1,1063,1062,1064,-1,1063,1064,966,-1,966,1064,916,-1,966,916,967,-1,967,916,914,-1,1065,1066,1067,-1,1067,1066,1068,-1,1067,1068,1069,-1,1069,1068,1070,-1,1069,1070,1071,-1,1071,1070,1072,-1,1071,1072,836,-1,836,1072,926,-1,836,926,884,-1,884,926,925,-1,189,288,191,-1,191,288,281,-1,191,281,1073,-1,1073,281,1074,-1,1073,1074,1065,-1,1065,1074,1075,-1,1065,1075,1066,-1,169,1052,1076,-1,1076,1052,1053,-1,1076,1053,1077,-1,1077,1053,1055,-1,1077,1055,1078,-1,1078,1055,1057,-1,1078,1057,1079,-1,1079,1057,1059,-1,1079,1059,1080,-1,1080,1059,1061,-1,1080,1061,1081,-1,1081,1061,1063,-1,1081,1063,862,-1,862,1063,966,-1,222,224,1082,-1,222,1082,1054,-1,1054,1082,1083,-1,1054,1083,1056,-1,1056,1083,1084,-1,1056,1084,1058,-1,1058,1084,1085,-1,1058,1085,1060,-1,1060,1085,1086,-1,1060,1086,1062,-1,1062,1086,1087,-1,1062,1087,1064,-1,1064,1087,917,-1,1064,917,916,-1,862,864,1081,-1,1081,864,1088,-1,1081,1088,1080,-1,1080,1088,1089,-1,1080,1089,1079,-1,1079,1089,1090,-1,1079,1090,1078,-1,1078,1090,1091,-1,1078,1091,1077,-1,1077,1091,1092,-1,1077,1092,1076,-1,1076,1092,1093,-1,1076,1093,169,-1,169,1093,170,-1,863,905,864,-1,864,905,917,-1,864,917,1088,-1,1088,917,1087,-1,1088,1087,1089,-1,1089,1087,1086,-1,1089,1086,1090,-1,1090,1086,1085,-1,1090,1085,1091,-1,1091,1085,1084,-1,1091,1084,1092,-1,1092,1084,1083,-1,1092,1083,1093,-1,1093,1083,1082,-1,1093,1082,170,-1,170,1082,224,-1,170,224,168,-1,168,224,223,-1,1094,1095,1096,-1,192,191,1097,-1,1097,191,1073,-1,1097,1073,1098,-1,1094,1071,1099,-1,1099,1071,836,-1,1099,836,835,-1,1094,1096,1071,-1,1071,1096,1100,-1,1071,1100,1069,-1,1100,1101,1069,-1,1069,1101,1102,-1,1069,1102,1067,-1,1102,1103,1067,-1,1067,1103,1104,-1,1067,1104,1065,-1,1105,1098,1106,-1,1106,1098,1073,-1,1106,1073,1107,-1,1107,1073,1065,-1,1107,1065,1108,-1,1108,1065,1104,-1,748,747,1109,-1,1109,747,1009,-1,1109,1009,1110,-1,1110,1009,1011,-1,1110,1011,1111,-1,1111,1011,1013,-1,1111,1013,1112,-1,1112,1013,1015,-1,1112,1015,1113,-1,1113,1015,1017,-1,1113,1017,1114,-1,1114,1017,1019,-1,1114,1019,18,-1,18,1019,1021,-1,81,80,1020,-1,81,1020,1115,-1,1115,1020,1018,-1,1115,1018,1116,-1,1116,1018,1016,-1,1116,1016,1117,-1,1117,1016,1014,-1,1117,1014,1118,-1,1118,1014,1012,-1,1118,1012,1119,-1,1119,1012,1010,-1,1119,1010,1120,-1,1120,1010,754,-1,1120,754,753,-1,770,756,771,-1,771,756,750,-1,771,750,1121,-1,1121,750,1122,-1,1121,1122,1123,-1,1123,1122,1124,-1,1123,1124,1125,-1,1124,1126,1125,-1,1125,1126,1127,-1,1125,1127,1128,-1,1128,1127,1129,-1,1128,1129,1130,-1,1130,1129,1131,-1,1130,1131,35,-1,35,1131,111,-1,35,111,33,-1,33,111,113,-1,19,79,20,-1,20,79,81,-1,20,81,1132,-1,1132,81,1115,-1,1132,1115,1133,-1,1133,1115,1116,-1,1133,1116,1134,-1,1134,1116,1117,-1,1134,1117,1135,-1,1135,1117,1118,-1,1135,1118,1136,-1,1136,1118,1119,-1,1136,1119,1137,-1,1137,1119,1120,-1,1137,1120,788,-1,788,1120,753,-1,788,753,789,-1,789,753,752,-1,788,748,1137,-1,1137,748,1109,-1,1137,1109,1136,-1,1136,1109,1110,-1,1136,1110,1135,-1,1135,1110,1111,-1,1135,1111,1134,-1,1134,1111,1112,-1,1134,1112,1133,-1,1133,1112,1113,-1,1133,1113,1132,-1,1132,1113,1114,-1,1132,1114,20,-1,20,1114,18,-1,1138,1139,1140,-1,1141,1138,1127,-1,1127,1126,1141,-1,1141,1126,1124,-1,1141,1124,1142,-1,1142,1124,1122,-1,1142,1122,1143,-1,749,1144,1145,-1,1143,1122,1145,-1,1145,1122,750,-1,1145,750,749,-1,1138,1140,1127,-1,1127,1140,1146,-1,1127,1146,1129,-1,1129,1146,1147,-1,1129,1147,1131,-1,1131,1147,112,-1,1131,112,111,-1,1148,1130,1149,-1,1149,1130,35,-1,1149,35,37,-1,781,771,1150,-1,1150,771,1121,-1,1150,1121,1151,-1,1152,1151,1153,-1,1153,1151,1121,-1,1153,1121,1154,-1,1154,1121,1123,-1,1154,1123,1155,-1,1155,1123,1156,-1,1156,1123,1125,-1,1156,1125,1157,-1,1157,1125,1158,-1,1158,1125,1128,-1,1158,1128,1159,-1,1159,1128,1160,-1,1160,1128,1130,-1,1160,1130,1161,-1,1161,1130,1148,-1,1161,1148,1162,-1,703,702,749,-1,749,702,1144,-1,270,150,1163,-1,1163,150,149,-1,1163,149,1164,-1,1164,149,148,-1,1164,148,1165,-1,1165,148,147,-1,1165,147,1166,-1,1166,147,177,-1,1166,177,1167,-1,1167,177,176,-1,1167,176,287,-1,287,176,175,-1,183,264,1168,-1,1168,264,218,-1,1168,218,1169,-1,1169,218,217,-1,1169,217,1170,-1,1170,217,216,-1,1170,216,1171,-1,1171,216,215,-1,1171,215,1172,-1,1172,215,214,-1,1172,214,201,-1,201,214,284,-1,168,223,1173,-1,1173,223,221,-1,1173,221,1174,-1,1174,221,220,-1,1174,220,1175,-1,1175,220,219,-1,1175,219,1176,-1,1176,219,232,-1,1176,232,1177,-1,1177,232,231,-1,1177,231,174,-1,174,231,230,-1,169,155,1052,-1,1052,155,1051,-1,1038,1178,1179,-1,1038,1179,1040,-1,1040,1179,1180,-1,1040,1180,1042,-1,1042,1180,1181,-1,1042,1181,1044,-1,1044,1181,1182,-1,1044,1182,1046,-1,1046,1182,1183,-1,1046,1183,1048,-1,1048,1183,1184,-1,1048,1184,1050,-1,1050,1184,248,-1,1050,248,213,-1,1185,1186,1038,-1,1186,490,1187,-1,1186,1187,1038,-1,1038,1187,1188,-1,1038,1188,1178,-1,1036,1189,1190,-1,1191,1192,513,-1,513,1192,1193,-1,1194,481,1195,-1,513,1189,1191,-1,1191,1189,1036,-1,1191,1036,1196,-1,1196,1036,1197,-1,1196,1197,483,-1,1188,475,1178,-1,1178,475,473,-1,1178,473,1198,-1,1198,473,1199,-1,1200,1201,490,-1,1202,514,1203,-1,1203,514,1204,-1,1205,1206,514,-1,514,1206,1207,-1,514,1207,1204,-1,1204,1207,1208,-1,1204,1208,1209,-1,1209,1210,1204,-1,1204,1210,1211,-1,1204,1211,1212,-1,483,1197,481,-1,481,1197,1213,-1,481,1213,1195,-1,1214,1215,1216,-1,1217,1218,492,-1,492,1218,1219,-1,492,1219,1220,-1,1038,1036,1185,-1,1185,1036,1190,-1,1185,1190,492,-1,492,1190,514,-1,492,514,1217,-1,1217,514,1202,-1,1201,1221,490,-1,490,1221,1222,-1,490,1222,1187,-1,1193,1223,513,-1,513,1223,1224,-1,513,1224,514,-1,514,1224,1225,-1,514,1225,1205,-1,1199,473,1216,-1,1216,473,1226,-1,1216,1226,1214,-1,1195,1227,1228,-1,1220,1229,492,-1,492,1229,1230,-1,492,1230,490,-1,490,1230,1231,-1,490,1231,1200,-1,1228,1232,1195,-1,1195,1232,1233,-1,1195,1233,1194,-1,473,472,1234,-1,473,1234,1226,-1,1226,1234,1235,-1,1226,1235,1214,-1,1214,1235,1236,-1,1214,1236,1215,-1,1215,1236,1237,-1,1215,1237,1216,-1,1216,1237,1238,-1,1216,1238,1199,-1,1199,1238,1239,-1,1199,1239,1198,-1,1240,1241,1242,-1,1243,1244,1242,-1,1245,1246,1247,-1,1247,1246,1248,-1,1247,1248,1249,-1,1250,1251,1242,-1,1242,1251,1252,-1,1242,1252,1243,-1,1253,1254,1244,-1,1244,1254,1255,-1,1244,1255,1242,-1,1242,1255,1256,-1,1242,1256,1240,-1,1257,1258,1259,-1,1259,1258,1260,-1,1259,1260,1261,-1,1250,1262,1263,-1,1264,1250,1260,-1,1260,1250,1263,-1,1260,1263,1261,-1,1264,1265,1250,-1,1250,1265,1247,-1,1250,1247,1251,-1,1251,1247,1249,-1,1251,1249,1266,-1,1266,1249,1267,-1,175,174,287,-1,287,174,230,-1,171,201,283,-1,283,201,284,-1,288,189,289,-1,289,189,187,-1,289,187,290,-1,290,187,165,-1,290,165,267,-1,267,165,181,-1,267,181,266,-1,266,181,180,-1,266,180,265,-1,265,180,173,-1,265,173,282,-1,282,173,172,-1,282,172,283,-1,283,172,171,-1,0,75,1268,-1,1268,75,73,-1,1268,73,1269,-1,1269,73,72,-1,1269,72,1270,-1,1270,72,100,-1,1270,100,1271,-1,1271,100,99,-1,1271,99,1272,-1,1272,99,97,-1,1272,97,60,-1,60,97,96,-1,12,60,95,-1,95,60,96,-1,79,19,78,-1,78,19,17,-1,78,17,82,-1,82,17,16,-1,82,16,83,-1,83,16,15,-1,83,15,84,-1,84,15,14,-1,84,14,94,-1,94,14,13,-1,94,13,95,-1,95,13,12,-1,9,18,1022,-1,1022,18,1021,-1,117,135,701,-1,701,135,693,-1,33,113,31,-1,31,113,115,-1,31,115,29,-1,29,115,116,-1,29,116,24,-1,24,116,103,-1,24,103,25,-1,25,103,104,-1,25,104,27,-1,27,104,105,-1,27,105,28,-1,28,105,132,-1,28,132,40,-1,40,132,131,-1,41,40,130,-1,130,40,131,-1,101,39,98,-1,98,39,11,-1,98,11,67,-1,67,11,10,-1,67,10,68,-1,68,10,8,-1,68,8,70,-1,70,8,7,-1,70,7,71,-1,71,7,42,-1,71,42,130,-1,130,42,41,-1,1197,1036,1034,-1,1197,1034,1273,-1,1273,1034,1032,-1,1273,1032,1274,-1,1274,1032,1030,-1,1274,1030,1275,-1,1275,1030,1028,-1,1275,1028,1276,-1,1276,1028,1026,-1,1276,1026,1277,-1,1277,1026,1024,-1,1277,1024,1278,-1,1278,1024,69,-1,1278,69,109,-1,1213,1279,1280,-1,1213,1280,1195,-1,1195,1280,1281,-1,1195,1281,1227,-1,1227,1281,1282,-1,1227,1282,1228,-1,1228,1282,1283,-1,1228,1283,1232,-1,1232,1283,1284,-1,1232,1284,1233,-1,1233,1284,1285,-1,1233,1285,1194,-1,1194,1285,482,-1,1194,482,481,-1,1250,1037,1286,-1,1286,1037,1039,-1,1286,1039,1287,-1,1287,1039,1041,-1,1287,1041,1288,-1,1288,1041,1043,-1,1288,1043,1289,-1,1289,1043,1045,-1,1289,1045,1290,-1,1290,1045,1047,-1,1290,1047,1291,-1,1291,1047,1049,-1,1291,1049,155,-1,155,1049,1051,-1,1250,1242,1037,-1,1037,1242,1035,-1,9,1022,1292,-1,1292,1022,1023,-1,1292,1023,1293,-1,1293,1023,1025,-1,1293,1025,1294,-1,1294,1025,1027,-1,1294,1027,1295,-1,1295,1027,1029,-1,1295,1029,1296,-1,1296,1029,1031,-1,1296,1031,1297,-1,1297,1031,1033,-1,1297,1033,1242,-1,1242,1033,1035,-1,1298,1299,1300,-1,1300,1299,1301,-1,1300,1301,1302,-1,1302,1301,1303,-1,1304,1305,1306,-1,1306,1305,1307,-1,1306,1307,1308,-1,1308,1309,1306,-1,1306,1309,1204,-1,1306,1204,1301,-1,1301,1204,1212,-1,1301,1212,1303,-1,1310,1311,1204,-1,1204,1311,1312,-1,1204,1312,1313,-1,1313,1314,1204,-1,1204,1314,1315,-1,1204,1315,1203,-1,1316,1317,1309,-1,1317,1318,1309,-1,1309,1318,1319,-1,1309,1319,1204,-1,1204,1319,1320,-1,1204,1320,1310,-1,1307,1321,1308,-1,1308,1321,1322,-1,1322,1323,1308,-1,1308,1323,1324,-1,1308,1324,1309,-1,1309,1324,1325,-1,1309,1325,1316,-1,1326,1202,1327,-1,1327,1202,1203,-1,1327,1203,1328,-1,1328,1203,1329,-1,1330,1230,1331,-1,1331,1230,1229,-1,1331,1229,1332,-1,1332,1229,1220,-1,1332,1220,1333,-1,1333,1220,1219,-1,1333,1219,1334,-1,1334,1219,1218,-1,1334,1218,1335,-1,1335,1218,1217,-1,1335,1217,1326,-1,1326,1217,1202,-1,1336,1231,1330,-1,1330,1231,1230,-1,1231,1336,1200,-1,1200,1336,1337,-1,1200,1337,1201,-1,1201,1337,1338,-1,1201,1338,1221,-1,1221,1338,1339,-1,1221,1339,1222,-1,1222,1339,1340,-1,1222,1340,1187,-1,1187,1340,1341,-1,1187,1341,1188,-1,1188,1341,1342,-1,1188,1342,475,-1,475,1342,480,-1,483,489,1196,-1,1196,489,1343,-1,1196,1343,1191,-1,1191,1343,1344,-1,1191,1344,1192,-1,1192,1344,1345,-1,1192,1345,1193,-1,1193,1345,1346,-1,1193,1346,1223,-1,1223,1346,1347,-1,1223,1347,1224,-1,1224,1347,1348,-1,1349,1225,1348,-1,1348,1225,1224,-1,1225,1349,1205,-1,1205,1349,1350,-1,1205,1350,1206,-1,1206,1350,1351,-1,1206,1351,1207,-1,1207,1351,1352,-1,1207,1352,1208,-1,1208,1352,1353,-1,1208,1353,1209,-1,1209,1353,1354,-1,1209,1354,1210,-1,1210,1354,1355,-1,1356,1357,1358,-1,1358,1357,1211,-1,1358,1211,1355,-1,1355,1211,1210,-1,1359,1360,1300,-1,1359,1300,1361,-1,1362,1363,1303,-1,1363,1364,1303,-1,1303,1364,1365,-1,1303,1365,1302,-1,1302,1365,1366,-1,1302,1366,1300,-1,1300,1366,1367,-1,1300,1367,1361,-1,1212,1211,1368,-1,1368,1369,1212,-1,1212,1369,1370,-1,1212,1370,1371,-1,1371,1372,1212,-1,1212,1372,1373,-1,1212,1373,1303,-1,1303,1373,1374,-1,1303,1374,1362,-1,1189,513,518,-1,1189,518,1375,-1,1375,518,511,-1,1375,511,1376,-1,1376,511,510,-1,1376,510,1377,-1,1377,510,516,-1,1377,516,1378,-1,1379,1190,1189,-1,1375,1376,1380,-1,1375,1380,1189,-1,1189,1380,1381,-1,1189,1381,1379,-1,1376,1377,1380,-1,1380,1377,1378,-1,1380,1378,1382,-1,1243,1252,1383,-1,1382,1378,1383,-1,1383,1378,1384,-1,1383,1384,1243,-1,1252,1385,1383,-1,1383,1385,1386,-1,1383,1386,1387,-1,1388,1389,1384,-1,1384,1389,1390,-1,1384,1390,1243,-1,514,1190,1379,-1,514,1379,515,-1,515,1379,1381,-1,515,1381,517,-1,517,1381,1380,-1,517,1380,512,-1,512,1380,1382,-1,512,1382,524,-1,1185,1391,1186,-1,1186,1391,1392,-1,1186,1392,1393,-1,1394,1395,1393,-1,1393,1395,1396,-1,1393,1396,1186,-1,1397,1398,1399,-1,1394,1393,1398,-1,1398,1393,1400,-1,1398,1400,1399,-1,1401,1402,1403,-1,1403,1402,1397,-1,1403,1397,1264,-1,1264,1397,1265,-1,1265,1397,1399,-1,1265,1399,1404,-1,1404,1399,1405,-1,1404,1405,1406,-1,490,1186,1396,-1,490,1396,491,-1,491,1396,1395,-1,491,1395,493,-1,493,1395,1394,-1,493,1394,494,-1,494,1394,1398,-1,494,1398,499,-1,1185,492,497,-1,1185,497,1391,-1,1391,497,496,-1,1391,496,1392,-1,1392,496,495,-1,1392,495,1393,-1,1393,495,498,-1,1393,498,1400,-1,1243,1407,1408,-1,1408,1409,1243,-1,1243,1409,1410,-1,1243,1410,1244,-1,1251,1411,1252,-1,1252,1411,1412,-1,1252,1412,1413,-1,1413,1414,1252,-1,1252,1414,1415,-1,1252,1415,1243,-1,1243,1415,1416,-1,1243,1416,1407,-1,1417,1253,1410,-1,1410,1253,1244,-1,1411,1251,1418,-1,1418,1251,1266,-1,1419,1260,1420,-1,1420,1260,1258,-1,1421,1247,1265,-1,1422,1423,1265,-1,1265,1423,1424,-1,1265,1424,1421,-1,1260,1419,1264,-1,1264,1419,1425,-1,1264,1425,1426,-1,1426,1427,1264,-1,1264,1427,1428,-1,1264,1428,1265,-1,1265,1428,1429,-1,1265,1429,1422,-1,1430,1245,1421,-1,1421,1245,1247,-1,1321,1307,1431,-1,1431,1307,1305,-1,1305,1432,1431,-1,1431,1432,1433,-1,1431,1433,1434,-1,1435,1436,1437,-1,1434,1438,1431,-1,1431,1438,1439,-1,1431,1439,1440,-1,1440,1441,1431,-1,1431,1441,1442,-1,1431,1442,1437,-1,1437,1442,1443,-1,1437,1443,1435,-1,1436,1444,1437,-1,1437,1444,1445,-1,1437,1445,1446,-1,1300,1360,1298,-1,1298,1360,1447,-1,1298,1447,1448,-1,1449,1450,1451,-1,1452,1453,1447,-1,1454,1455,1451,-1,1451,1455,1456,-1,1454,1451,1447,-1,1447,1451,1457,-1,1447,1457,1452,-1,1453,1458,1447,-1,1447,1458,1459,-1,1447,1459,1448,-1,1456,1460,1451,-1,1451,1460,1461,-1,1451,1461,1449,-1,1299,1298,1448,-1,1299,1448,1462,-1,1462,1448,1459,-1,1462,1459,1463,-1,1463,1459,1458,-1,1463,1458,1464,-1,1464,1458,1453,-1,1464,1453,1465,-1,1465,1453,1452,-1,1465,1452,1466,-1,1466,1452,1457,-1,1466,1457,1467,-1,1305,1304,1468,-1,1305,1468,1432,-1,1432,1468,1469,-1,1432,1469,1433,-1,1433,1469,1470,-1,1433,1470,1434,-1,1434,1470,1471,-1,1434,1471,1438,-1,1438,1471,1472,-1,1438,1472,1439,-1,1439,1472,1473,-1,1439,1473,1440,-1,1440,1473,1474,-1,1440,1474,1441,-1,1475,1329,1203,-1,1203,1315,1475,-1,1475,1315,1314,-1,1475,1314,1476,-1,1476,1314,1313,-1,1476,1313,1477,-1,1478,1479,1310,-1,1310,1479,1480,-1,1310,1480,1311,-1,1311,1480,1477,-1,1311,1477,1312,-1,1312,1477,1313,-1,1310,1320,1478,-1,1478,1320,1319,-1,1478,1319,1481,-1,1481,1319,1318,-1,1481,1318,1482,-1,1482,1318,1317,-1,1482,1317,1483,-1,1483,1317,1316,-1,1483,1316,1484,-1,1484,1316,1485,-1,1316,1325,1485,-1,1485,1325,1324,-1,1485,1324,1486,-1,1324,1323,1486,-1,1486,1323,1322,-1,1486,1322,1487,-1,1366,1488,1367,-1,1367,1488,1489,-1,1367,1489,1361,-1,1361,1489,1490,-1,1361,1490,1359,-1,1359,1490,1491,-1,1362,1492,1363,-1,1363,1492,1493,-1,1363,1493,1364,-1,1364,1493,1488,-1,1364,1488,1365,-1,1365,1488,1366,-1,1374,1494,1362,-1,1362,1494,1495,-1,1362,1495,1492,-1,1368,1211,1357,-1,1374,1373,1494,-1,1494,1373,1372,-1,1494,1372,1496,-1,1496,1372,1371,-1,1496,1371,1497,-1,1497,1371,1370,-1,1497,1370,1498,-1,1498,1370,1369,-1,1498,1369,1499,-1,1499,1369,1368,-1,1499,1368,1500,-1,1500,1368,1357,-1,1501,1447,1491,-1,1491,1447,1360,-1,1491,1360,1359,-1,1384,1378,525,-1,525,1378,516,-1,1384,525,1388,-1,1388,525,529,-1,1388,529,1389,-1,1389,529,528,-1,1389,528,1390,-1,1390,528,527,-1,1390,527,1243,-1,1243,527,526,-1,521,1383,519,-1,519,1383,1387,-1,519,1387,520,-1,520,1387,1386,-1,520,1386,522,-1,522,1386,1385,-1,522,1385,523,-1,523,1385,1252,-1,521,524,1383,-1,1383,524,1382,-1,1399,1400,500,-1,500,1400,498,-1,1399,500,1405,-1,1405,500,508,-1,1405,508,1406,-1,1406,508,509,-1,1406,509,1404,-1,1404,509,507,-1,1404,507,1265,-1,1265,507,506,-1,501,1397,504,-1,504,1397,1402,-1,504,1402,505,-1,505,1402,1401,-1,505,1401,503,-1,503,1401,1403,-1,503,1403,502,-1,502,1403,1264,-1,501,499,1397,-1,1397,499,1398,-1,1502,1451,1503,-1,1503,1451,1450,-1,1503,1450,1504,-1,1504,1450,1505,-1,1505,1450,1449,-1,1505,1449,1506,-1,1506,1449,1461,-1,1506,1461,1507,-1,1507,1461,1460,-1,1507,1460,1508,-1,1508,1460,1456,-1,1508,1456,1509,-1,1509,1456,1455,-1,1509,1455,1510,-1,1510,1455,1454,-1,1510,1454,1511,-1,1512,1415,1414,-1,1512,1414,1513,-1,1513,1414,1413,-1,1513,1413,1514,-1,1514,1413,1412,-1,1514,1412,1515,-1,1515,1412,1411,-1,1515,1411,1418,-1,1416,1415,1516,-1,1516,1415,1512,-1,1417,1410,1409,-1,1417,1409,1517,-1,1517,1409,1408,-1,1517,1408,1518,-1,1518,1408,1407,-1,1518,1407,1519,-1,1519,1407,1416,-1,1519,1416,1516,-1,526,523,1243,-1,1243,523,1252,-1,1419,1420,1520,-1,1419,1520,1425,-1,1425,1520,1521,-1,1425,1521,1426,-1,1426,1521,1522,-1,1426,1522,1427,-1,1427,1522,1523,-1,1427,1523,1428,-1,1429,1428,1524,-1,1524,1428,1523,-1,1429,1524,1525,-1,1429,1525,1422,-1,1422,1525,1526,-1,1422,1526,1423,-1,1423,1526,1527,-1,1423,1527,1424,-1,1424,1527,1430,-1,1424,1430,1421,-1,506,502,1265,-1,1265,502,1264,-1,108,694,106,-1,106,694,659,-1,106,659,684,-1,684,659,658,-1,684,658,682,-1,682,658,665,-1,682,665,680,-1,680,665,667,-1,680,667,678,-1,678,667,669,-1,678,669,676,-1,676,669,671,-1,676,671,674,-1,674,671,673,-1,674,673,598,-1,598,673,599,-1,1279,1213,1528,-1,1528,1213,1197,-1,1528,1197,1529,-1,1529,1197,1273,-1,1529,1273,1530,-1,1530,1273,1274,-1,1530,1274,1531,-1,1531,1274,1275,-1,1531,1275,1532,-1,1532,1275,1276,-1,1532,1276,1533,-1,1533,1276,1277,-1,1533,1277,1534,-1,1534,1277,1278,-1,1534,1278,1535,-1,1535,1278,109,-1,1535,109,662,-1,662,109,107,-1,662,107,663,-1,663,107,685,-1,663,685,664,-1,664,685,683,-1,664,683,666,-1,666,683,681,-1,666,681,668,-1,668,681,679,-1,668,679,670,-1,670,679,677,-1,670,677,672,-1,672,677,675,-1,672,675,584,-1,584,675,585,-1,615,614,645,-1,645,614,657,-1,645,657,643,-1,643,657,655,-1,643,655,641,-1,641,655,653,-1,641,653,639,-1,639,653,651,-1,1198,1239,1178,-1,1178,1239,1536,-1,1178,1536,1179,-1,1179,1536,1537,-1,1179,1537,1180,-1,1180,1537,1538,-1,1180,1538,1181,-1,1181,1538,1539,-1,1181,1539,1182,-1,1182,1539,1540,-1,1182,1540,1183,-1,1183,1540,1541,-1,1183,1541,1184,-1,1184,1541,1542,-1,1184,1542,248,-1,248,1542,1543,-1,248,1543,246,-1,246,1543,628,-1,246,628,647,-1,647,628,633,-1,647,633,649,-1,649,633,635,-1,649,635,651,-1,651,635,637,-1,651,637,639,-1,1544,1545,1546,-1,1546,1547,1544,-1,1544,1547,1548,-1,1544,1548,280,-1,1008,927,1549,-1,1549,927,926,-1,1549,926,1550,-1,926,1072,1550,-1,1550,1072,1070,-1,1550,1070,1551,-1,1551,1070,1068,-1,1551,1068,1552,-1,1546,1545,1553,-1,1552,1068,1553,-1,1553,1068,1066,-1,1553,1066,1546,-1,1546,1066,1075,-1,1546,1075,1547,-1,1547,1075,1074,-1,1547,1074,1548,-1,1548,1074,281,-1,1548,281,280,-1,686,112,1147,-1,1147,1146,686,-1,686,1146,1140,-1,686,1140,1139,-1,1554,1328,1329,-1,1554,1329,1555,-1,1555,1329,1306,-1,1555,1306,1556,-1,1356,1557,1357,-1,1357,1557,1556,-1,1357,1556,1301,-1,1301,1556,1306,-1,472,474,1558,-1,472,1558,1234,-1,1536,1239,1558,-1,1558,1239,1238,-1,1558,1238,1237,-1,1237,1236,1558,-1,1558,1236,1235,-1,1558,1235,1234,-1,1279,1528,1559,-1,484,482,1559,-1,1559,482,1285,-1,1285,1284,1559,-1,1559,1284,1283,-1,1559,1283,1282,-1,1282,1281,1559,-1,1559,1281,1280,-1,1559,1280,1279,-1,1560,1291,1561,-1,1561,1291,155,-1,1561,155,164,-1,1562,1543,1563,-1,1563,1543,1542,-1,1536,1558,1537,-1,1537,1558,1564,-1,1262,1250,1565,-1,1565,1250,1566,-1,1565,1566,1567,-1,1564,1567,1537,-1,1537,1567,1566,-1,1537,1566,1538,-1,1538,1566,1287,-1,1538,1287,1539,-1,1539,1287,1288,-1,1539,1288,1540,-1,1540,1288,1289,-1,1540,1289,1541,-1,1541,1289,1290,-1,1541,1290,1542,-1,1542,1290,1291,-1,1542,1291,1563,-1,1563,1291,1560,-1,629,628,1562,-1,1562,628,1543,-1,1535,662,1568,-1,1568,662,661,-1,1241,1569,1242,-1,1242,1569,1297,-1,1559,1528,1570,-1,1570,1528,1529,-1,1570,1529,1571,-1,1292,1572,1573,-1,1292,1573,9,-1,9,1573,1574,-1,9,1574,26,-1,1569,1571,1297,-1,1297,1571,1529,-1,1297,1529,1296,-1,1296,1529,1530,-1,1296,1530,1295,-1,1295,1530,1531,-1,1295,1531,1294,-1,1294,1531,1532,-1,1294,1532,1293,-1,1293,1532,1533,-1,1293,1533,1292,-1,1292,1533,1534,-1,1292,1534,1572,-1,1572,1534,1535,-1,1572,1535,1568,-1,1575,1576,1304,-1,1304,1576,1577,-1,1329,1475,1306,-1,1306,1475,1476,-1,1306,1476,1477,-1,1577,1474,1304,-1,1304,1474,1473,-1,1304,1473,1468,-1,1468,1473,1469,-1,1477,1480,1306,-1,1306,1480,1479,-1,1306,1479,1478,-1,1469,1473,1470,-1,1470,1473,1472,-1,1470,1472,1471,-1,1478,1481,1306,-1,1306,1481,1482,-1,1306,1482,1483,-1,1483,1484,1306,-1,1306,1484,1485,-1,1306,1485,1486,-1,1578,1579,1304,-1,1304,1579,1580,-1,1304,1580,1575,-1,1581,1582,1304,-1,1304,1582,1583,-1,1304,1583,1578,-1,1486,1487,1306,-1,1306,1487,1584,-1,1306,1584,1304,-1,1304,1584,1585,-1,1304,1585,1581,-1,1431,1584,1321,-1,1321,1584,1487,-1,1321,1487,1322,-1,1586,1587,1467,-1,1467,1587,1299,-1,1467,1299,1462,-1,1494,1496,1301,-1,1301,1496,1497,-1,1301,1497,1498,-1,1498,1499,1301,-1,1301,1499,1500,-1,1301,1500,1357,-1,1462,1463,1467,-1,1467,1463,1464,-1,1467,1464,1466,-1,1466,1464,1465,-1,1301,1491,1490,-1,1490,1489,1301,-1,1301,1489,1488,-1,1301,1488,1493,-1,1493,1492,1301,-1,1301,1492,1495,-1,1301,1495,1494,-1,1587,1504,1299,-1,1299,1504,1505,-1,1299,1505,1506,-1,1506,1507,1299,-1,1299,1507,1508,-1,1299,1508,1509,-1,1509,1510,1299,-1,1299,1510,1511,-1,1299,1511,1301,-1,1301,1511,1501,-1,1301,1501,1491,-1,1442,1588,1443,-1,1443,1588,1589,-1,1443,1589,1575,-1,1575,1580,1443,-1,1443,1580,1579,-1,1443,1579,1435,-1,1435,1579,1578,-1,1435,1578,1436,-1,1436,1578,1583,-1,1436,1583,1444,-1,1444,1583,1582,-1,1444,1582,1445,-1,1445,1582,1581,-1,1445,1581,1446,-1,1446,1581,1585,-1,1446,1585,1437,-1,1474,1577,1590,-1,1588,1442,1590,-1,1590,1442,1441,-1,1590,1441,1474,-1,1586,1467,1591,-1,1591,1467,1457,-1,1591,1457,1502,-1,1502,1457,1451,-1,1544,280,1592,-1,1592,280,279,-1,1592,279,1593,-1,1593,279,235,-1,1593,235,1594,-1,1594,235,234,-1,1594,234,1595,-1,1595,234,233,-1,1595,233,1596,-1,1596,233,259,-1,1596,259,1597,-1,1597,259,258,-1,1597,258,1598,-1,1598,258,257,-1,249,1599,1600,-1,1600,1599,1601,-1,1600,1601,1602,-1,1602,1601,1603,-1,1602,1603,1604,-1,1604,1603,1605,-1,1604,1605,1606,-1,1606,1605,1607,-1,1606,1607,1608,-1,1608,1607,1609,-1,1608,1609,256,-1,256,1609,1610,-1,257,256,1598,-1,1598,256,1610,-1,601,600,656,-1,656,600,644,-1,656,644,654,-1,654,644,642,-1,654,642,652,-1,642,640,652,-1,652,640,638,-1,652,638,650,-1,650,638,636,-1,650,636,648,-1,648,636,634,-1,648,634,646,-1,646,634,632,-1,646,632,247,-1,247,632,631,-1,247,631,249,-1,249,631,1599,-1,1611,1612,1613,-1,1613,1612,1614,-1,1613,1614,1615,-1,1616,1617,1618,-1,1615,1614,1618,-1,1618,1614,1619,-1,1618,1619,1616,-1,1620,1621,1622,-1,1622,1623,1620,-1,1620,1623,1624,-1,1620,1624,1625,-1,1626,1627,1622,-1,1622,1627,1628,-1,1622,1628,1623,-1,1619,1628,1627,-1,1619,1627,1616,-1,1616,1627,1626,-1,1616,1626,1617,-1,1617,1626,1622,-1,1617,1622,1618,-1,1618,1622,1615,-1,1615,1622,1621,-1,1629,1630,1631,-1,1632,1633,1631,-1,1631,1633,1634,-1,1634,1635,1631,-1,1631,1635,1636,-1,1631,1636,1629,-1,1637,1638,1639,-1,1640,1641,1639,-1,1639,1641,1642,-1,1642,1643,1639,-1,1639,1643,1644,-1,1639,1644,1637,-1,1645,1646,1647,-1,1647,1646,1648,-1,1647,1648,1649,-1,1649,1648,1650,-1,1649,1650,1651,-1,1651,1650,1652,-1,1651,1652,1653,-1,1653,1652,1654,-1,1653,1654,1655,-1,1655,1654,1656,-1,1655,1656,1657,-1,1657,1656,1658,-1,1657,1658,1659,-1,1659,1658,1660,-1,1661,1645,1647,-1,1653,1655,1661,-1,1661,1655,1657,-1,1661,1657,1659,-1,1647,1649,1661,-1,1661,1649,1651,-1,1661,1651,1653,-1,1662,1660,1658,-1,1658,1656,1662,-1,1662,1656,1654,-1,1662,1654,1652,-1,1652,1650,1662,-1,1662,1650,1648,-1,1662,1648,1646,-1,1663,1664,1665,-1,1665,1664,1666,-1,1667,1668,1669,-1,1669,1668,1670,-1,1671,1672,1673,-1,1671,1673,1674,-1,1674,1673,1675,-1,1674,1675,1676,-1,1676,1675,1677,-1,1676,1677,1678,-1,1678,1677,1679,-1,1678,1679,1680,-1,1680,1679,1681,-1,1680,1681,1682,-1,1682,1681,1668,-1,1682,1668,1667,-1,1683,1672,1684,-1,1684,1672,1671,-1,1663,1683,1664,-1,1664,1683,1684,-1,1685,1686,1687,-1,1687,1688,1689,-1,1690,1691,1685,-1,1687,1689,1685,-1,1685,1689,1692,-1,1685,1692,1690,-1,1693,1694,1695,-1,1695,1694,1696,-1,1695,1696,1697,-1,1698,1699,1694,-1,1694,1699,1700,-1,1694,1700,1696,-1,1694,1685,1691,-1,1690,1692,1701,-1,1694,1691,1698,-1,1698,1691,1690,-1,1698,1690,1699,-1,1699,1690,1701,-1,1699,1701,1700,-1,1685,1694,1686,-1,1686,1694,1693,-1,1702,1703,1704,-1,1704,1703,1705,-1,1706,1707,1708,-1,1708,1707,1709,-1,1710,1703,1711,-1,1711,1703,1702,-1,1711,1712,1710,-1,1710,1712,1713,-1,1713,1712,1714,-1,1713,1714,1715,-1,1715,1714,1716,-1,1715,1716,1717,-1,1717,1716,1718,-1,1717,1718,1719,-1,1719,1718,1720,-1,1719,1720,1721,-1,1721,1720,1722,-1,1721,1722,1723,-1,1723,1722,1707,-1,1723,1707,1706,-1,1724,1725,1726,-1,1727,1728,1729,-1,1730,1724,1729,-1,1729,1724,1726,-1,1729,1726,1727,-1,1727,1726,1731,-1,1727,1731,1732,-1,1733,1734,1735,-1,1735,1736,1733,-1,1733,1736,1737,-1,1733,1737,1738,-1,1739,1740,1735,-1,1735,1740,1741,-1,1735,1741,1736,-1,1742,1741,1740,-1,1727,1732,1742,-1,1742,1740,1727,-1,1727,1740,1739,-1,1727,1739,1728,-1,1728,1739,1735,-1,1728,1735,1729,-1,1729,1735,1730,-1,1730,1735,1734,-1,1743,1744,1745,-1,1745,1744,1746,-1,1747,1748,1749,-1,1749,1748,1750,-1,1751,1744,1752,-1,1752,1744,1743,-1,1752,1753,1751,-1,1751,1753,1754,-1,1754,1753,1755,-1,1754,1755,1756,-1,1756,1755,1757,-1,1756,1757,1758,-1,1758,1757,1759,-1,1758,1759,1760,-1,1760,1759,1761,-1,1760,1761,1762,-1,1762,1761,1763,-1,1762,1763,1764,-1,1764,1763,1748,-1,1764,1748,1747,-1,1765,1766,1767,-1,1768,1769,1770,-1,1770,1771,1768,-1,1768,1771,1772,-1,1768,1772,1767,-1,1767,1772,1773,-1,1767,1773,1765,-1,1774,1775,1776,-1,1777,1778,1779,-1,1780,1774,1781,-1,1781,1774,1776,-1,1781,1776,1779,-1,1779,1776,1782,-1,1779,1782,1777,-1,1776,1772,1771,-1,1776,1771,1782,-1,1782,1771,1770,-1,1782,1770,1777,-1,1777,1770,1769,-1,1777,1769,1778,-1,1772,1776,1773,-1,1773,1776,1775,-1,1783,1784,1785,-1,1785,1784,1786,-1,1785,1786,1787,-1,1787,1786,1788,-1,1787,1788,1789,-1,1789,1788,1790,-1,1789,1790,1791,-1,1791,1790,1792,-1,1791,1792,1793,-1,1793,1792,1794,-1,1793,1794,1795,-1,1795,1794,1796,-1,1793,1795,1797,-1,1793,1797,1791,-1,1797,1783,1785,-1,1785,1787,1797,-1,1797,1787,1789,-1,1797,1789,1791,-1,1796,1794,1798,-1,1798,1794,1792,-1,1798,1792,1790,-1,1790,1788,1798,-1,1798,1788,1786,-1,1798,1786,1784,-1,1799,1800,1801,-1,1802,1799,1803,-1,1803,1799,1804,-1,1801,1805,1799,-1,1799,1805,1806,-1,1799,1806,1804,-1,1807,1808,1809,-1,1809,1808,1810,-1,1809,1810,1811,-1,1811,1812,1809,-1,1809,1812,1813,-1,1809,1813,1814,-1,1815,1816,1817,-1,1817,1816,1818,-1,1819,1820,1821,-1,1821,1820,1822,-1,1815,1823,1816,-1,1816,1823,1824,-1,1823,1825,1824,-1,1824,1825,1826,-1,1826,1825,1827,-1,1826,1827,1828,-1,1828,1827,1829,-1,1828,1829,1830,-1,1830,1829,1831,-1,1830,1831,1832,-1,1832,1831,1833,-1,1832,1833,1834,-1,1834,1833,1835,-1,1834,1835,1836,-1,1836,1835,1820,-1,1836,1820,1819,-1,1837,1838,1839,-1,1840,1841,1842,-1,1842,1843,1840,-1,1840,1843,1844,-1,1840,1844,1839,-1,1839,1844,1845,-1,1839,1845,1837,-1,1846,1847,1848,-1,1849,1850,1851,-1,1852,1846,1853,-1,1853,1846,1848,-1,1853,1848,1851,-1,1851,1848,1854,-1,1851,1854,1849,-1,1848,1844,1843,-1,1842,1841,1855,-1,1848,1843,1854,-1,1854,1843,1842,-1,1854,1842,1849,-1,1849,1842,1855,-1,1849,1855,1850,-1,1844,1848,1845,-1,1845,1848,1847,-1,1856,1857,1858,-1,1858,1857,1859,-1,1860,1861,1862,-1,1862,1861,1863,-1,1864,1857,1865,-1,1865,1857,1856,-1,1865,1866,1864,-1,1864,1866,1867,-1,1867,1866,1868,-1,1867,1868,1869,-1,1869,1868,1870,-1,1869,1870,1871,-1,1871,1870,1872,-1,1871,1872,1873,-1,1873,1872,1874,-1,1873,1874,1875,-1,1875,1874,1876,-1,1875,1876,1877,-1,1877,1876,1861,-1,1877,1861,1860,-1,1878,1879,1880,-1,1880,1879,1881,-1,1880,1881,1882,-1,1883,1884,1885,-1,1882,1881,1885,-1,1885,1881,1886,-1,1885,1886,1883,-1,1887,1888,1889,-1,1889,1890,1887,-1,1887,1890,1891,-1,1887,1891,1892,-1,1893,1894,1889,-1,1889,1894,1895,-1,1889,1895,1890,-1,1896,1895,1894,-1,1883,1886,1896,-1,1896,1894,1883,-1,1883,1894,1893,-1,1883,1893,1884,-1,1884,1893,1889,-1,1884,1889,1885,-1,1885,1889,1882,-1,1882,1889,1888,-1,1897,1898,1899,-1,1899,1898,1900,-1,1901,1902,1903,-1,1903,1902,1904,-1,1905,1898,1906,-1,1906,1898,1897,-1,1906,1907,1905,-1,1905,1907,1908,-1,1908,1907,1909,-1,1908,1909,1910,-1,1910,1909,1911,-1,1910,1911,1912,-1,1912,1911,1913,-1,1912,1913,1914,-1,1914,1913,1915,-1,1914,1915,1916,-1,1916,1915,1917,-1,1916,1917,1918,-1,1918,1917,1902,-1,1918,1902,1901,-1,
        ]
    }
}
Shape{
    appearance Appearance {
        material  Material 	{
            diffuseColor 0.25098039215686274 0.25098039215686274 0.25098039215686274
            specularColor 0.12549019607843137 0.12549019607843137 0.12549019607843137
            ambientIntensity 0.251
            transparency 0.0
            shininess 0.5
        }
    }
    geometry IndexedFaceSet {
        ccw TRUE
        solid FALSE
        coord DEF co Coordinate {
            point [
                1.1595 0.0019 0.4055, -1.1594 0.0019 0.4055, 1.1595 0.0107 0.4045, -1.1594 0.0107 0.4045, 1.1595 0.019 0.4016, -1.1594 0.019 0.4016, 1.1595 0.0265 0.3969, -1.1594 0.0265 0.3969, 1.1595 0.0327 0.3907, -1.1594 0.0327 0.3907, 1.1595 0.0374 0.3832, -1.1594 0.0374 0.3832, 1.1595 0.0403 0.3749, -1.1594 0.0403 0.3749, 1.1595 0.0413 0.3661, -1.1594 0.0413 0.3661
            ]
        }
        coordIndex [
            0,1,2,-1,2,1,3,-1,2,3,4,-1,4,3,5,-1,4,5,6,-1,6,5,7,-1,6,7,8,-1,8,7,9,-1,8,9,10,-1,10,9,11,-1,10,11,12,-1,12,11,13,-1,12,13,14,-1,14,13,15,-1,
        ]
    }
}
Shape{
    appearance Appearance {
        material  Material 	{
            diffuseColor 0.7529411764705882 0.7529411764705882 0.7529411764705882
            specularColor 0.3764705882352941 0.3764705882352941 0.3764705882352941
            ambientIntensity 0.7529
            transparency 0.0
            shininess 0.5
        }
    }
    geometry IndexedFaceSet {
        ccw TRUE
        solid FALSE
        coord DEF co Coordinate {
            point [
                1.3821 0.7229 0.3012, -1.3821 0.7229 0.3012, 1.3821 0.7347 0.3012, -1.3821 0.7347 0.3012
            ]
        }
        coordIndex [
            0,1,2,-1,2,1,3,-1,
        ]
    }
}
Shape{
    appearance Appearance {
        material  Material 	{
            diffuseColor 0.25098039215686274 0.25098039215686274 0.25098039215686274
            specularColor 0.12549019607843137 0.12549019607843137 0.12549019607843137
            ambientIntensity 0.251
            transparency 0.0
            shininess 0.5
        }
    }
    geometry IndexedFaceSet {
        ccw TRUE
        solid FALSE
        coord DEF co Coordinate {
            point [
                1.3821 0.7229 0.3012, 1.3821 0.7229 0.1672, 1.2008 0.7229 0.1672, 0.9646 0.7229 0.1672, 0.7087 0.7229 0.1672, 0.4882 0.7229 0.1672, -0.7087 0.7229 0.1672, -1.3821 0.7229 0.3012, -0.4882 0.7229 0.1672, -0.2992 0.7229 0.1672, -0.9646 0.7229 0.1672, -1.2008 0.7229 0.1672, -1.3821 0.7229 0.1672, 0.2992 0.7229 0.1672, 0.0945 0.7229 0.1672, -0.0945 0.7229 0.1672, 0.7087 0.5689 0.1672, -1.3821 0.456 0.1672, -1.2008 0.5689 0.1672, -0.9646 0.5689 0.1672, -0.7087 0.5689 0.1672, -0.4882 0.5689 0.1672, 1.2008 0.5689 0.1672, 1.3821 0.456 0.1672, 0.9646 0.5689 0.1672, -0.2992 0.5689 0.1672, -0.0945 0.5689 0.1672, 0.0945 0.5689 0.1672, 0.2992 0.5689 0.1672, 0.4882 0.5689 0.1672, -1.3821 0.456 0.0256, 1.3821 0.456 0.0256, -0.9252 0.1004 0.3012, -0.5315 0.1004 0.3012, -0.8957 0.0413 0.3602, -0.561 0.0413 0.3602, 0.5315 0.1004 0.3012, 0.9252 0.1004 0.3012, 0.561 0.0413 0.3602, 0.8957 0.0413 0.3602
            ]
        }
        coordIndex [
            0,1,2,-1,2,3,0,-1,0,3,4,-1,0,4,5,-1,6,7,8,-1,8,7,9,-1,6,10,7,-1,7,10,11,-1,7,11,12,-1,5,13,0,-1,0,13,14,-1,0,14,7,-1,7,14,15,-1,7,15,9,-1,16,4,3,-1,12,11,17,-1,17,11,18,-1,17,18,19,-1,10,6,19,-1,19,6,20,-1,19,20,17,-1,17,20,21,-1,2,1,22,-1,22,1,23,-1,22,23,24,-1,24,23,17,-1,8,9,21,-1,21,9,25,-1,21,25,17,-1,17,25,26,-1,15,14,26,-1,26,14,27,-1,26,27,17,-1,17,27,28,-1,13,5,28,-1,28,5,29,-1,28,29,17,-1,17,29,16,-1,17,16,24,-1,24,16,3,-1,17,23,30,-1,30,23,31,-1,32,33,34,-1,34,33,35,-1,36,37,38,-1,38,37,39,-1,
        ]
    }
}
Shape{
    appearance Appearance {
        material  Material 	{
            diffuseColor 0.7529411764705882 0.7529411764705882 0.7529411764705882
            specularColor 0.3764705882352941 0.3764705882352941 0.3764705882352941
            ambientIntensity 0.7529
            transparency 0.0
            shininess 0.5
        }
    }
    geometry IndexedFaceSet {
        ccw TRUE
        solid FALSE
        coord DEF co Coordinate {
            point [
                1.2008 0.7229 0.1672, 1.2008 0.7275 0.0787, 0.9646 0.7229 0.1672, 0.9646 0.7275 0.0787, 0.7087 0.7275 0.0787, 0.4882 0.7275 0.0787, 0.7087 0.7229 0.1672, 0.4882 0.7229 0.1672, 0.2992 0.7275 0.0787, 0.0945 0.7275 0.0787, 0.2992 0.7229 0.1672, 0.0945 0.7229 0.1672, -0.0945 0.7275 0.0787, -0.2992 0.7275 0.0787, -0.0945 0.7229 0.1672, -0.2992 0.7229 0.1672, -0.4882 0.7275 0.0787, -0.7087 0.7275 0.0787, -0.4882 0.7229 0.1672, -0.7087 0.7229 0.1672, -0.9646 0.7229 0.1672, -0.9646 0.7275 0.0787, -1.2008 0.7229 0.1672, -1.2008 0.7275 0.0787, -1.2008 0.5689 0.1181, -1.2008 0.5689 0.1672, -1.2008 0.9626 0.0787, -1.2008 0.9626 0.0, -1.2008 0.6871 0.0, -1.2008 0.6035 0.0346, -1.2008 0.5848 0.0591, -1.2008 0.573 0.0875, -1.2008 0.6565 0.004, -1.2008 0.628 0.0158, -0.9646 0.9626 0.0, -0.9646 0.9626 0.0787, -0.9646 0.6871 0.0, -0.9646 0.5689 0.1672, -0.9646 0.5689 0.1181, -0.9646 0.573 0.0875, -0.9646 0.628 0.0158, -0.9646 0.6565 0.004, -0.9646 0.5848 0.0591, -0.9646 0.6035 0.0346, -0.7087 0.5689 0.1181, -0.7087 0.5689 0.1672, -0.7087 0.9626 0.0787, -0.7087 0.9626 0.0, -0.7087 0.6871 0.0, -0.7087 0.6035 0.0346, -0.7087 0.5848 0.0591, -0.7087 0.573 0.0875, -0.7087 0.6565 0.004, -0.7087 0.628 0.0158, -0.4882 0.9626 0.0, -0.4882 0.9626 0.0787, -0.4882 0.6871 0.0, -0.4882 0.5689 0.1672, -0.4882 0.5689 0.1181, -0.4882 0.573 0.0875, -0.4882 0.5848 0.0591, -0.4882 0.6035 0.0346, -0.4882 0.628 0.0158, -0.4882 0.6565 0.004, -0.2992 0.5689 0.1181, -0.2992 0.5689 0.1672, -0.2992 0.9626 0.0787, -0.2992 0.9626 0.0, -0.2992 0.6871 0.0, -0.2992 0.6035 0.0346, -0.2992 0.5848 0.0591, -0.2992 0.573 0.0875, -0.2992 0.6565 0.004, -0.2992 0.628 0.0158, -0.0945 0.9626 0.0, -0.0945 0.9626 0.0787, -0.0945 0.6871 0.0, -0.0945 0.5689 0.1672, -0.0945 0.5689 0.1181, -0.0945 0.573 0.0875, -0.0945 0.5848 0.0591, -0.0945 0.6035 0.0346, -0.0945 0.628 0.0158, -0.0945 0.6565 0.004, 0.0945 0.5689 0.1181, 0.0945 0.5689 0.1672, 0.0945 0.9626 0.0787, 0.0945 0.9626 0.0, 0.0945 0.6871 0.0, 0.0945 0.6035 0.0346, 0.0945 0.5848 0.0591, 0.0945 0.573 0.0875, 0.0945 0.6565 0.004, 0.0945 0.628 0.0158, 0.2992 0.9626 0.0, 0.2992 0.9626 0.0787, 0.2992 0.6871 0.0, 0.2992 0.5689 0.1672, 0.2992 0.5689 0.1181, 0.2992 0.573 0.0875, 0.2992 0.5848 0.0591, 0.2992 0.6035 0.0346, 0.2992 0.628 0.0158, 0.2992 0.6565 0.004, 0.4882 0.5689 0.1181, 0.4882 0.5689 0.1672, 0.4882 0.9626 0.0787, 0.4882 0.9626 0.0, 0.4882 0.6871 0.0, 0.4882 0.6035 0.0346, 0.4882 0.5848 0.0591, 0.4882 0.573 0.0875, 0.4882 0.6565 0.004, 0.4882 0.628 0.0158, 0.7087 0.9626 0.0, 0.7087 0.9626 0.0787, 0.7087 0.6871 0.0, 0.7087 0.5689 0.1672, 0.7087 0.5689 0.1181, 0.7087 0.573 0.0875, 0.7087 0.5848 0.0591, 0.7087 0.6035 0.0346, 0.7087 0.628 0.0158, 0.7087 0.6565 0.004, 0.9646 0.5689 0.1181, 0.9646 0.5689 0.1672, 0.9646 0.9626 0.0787, 0.9646 0.9626 0.0, 0.9646 0.6871 0.0, 0.9646 0.6035 0.0346, 0.9646 0.5848 0.0591, 0.9646 0.573 0.0875, 0.9646 0.6565 0.004, 0.9646 0.628 0.0158, 1.2008 0.9626 0.0, 1.2008 0.9626 0.0787, 1.2008 0.6871 0.0, 1.2008 0.5689 0.1672, 1.2008 0.5689 0.1181, 1.2008 0.573 0.0875, 1.2008 0.628 0.0158, 1.2008 0.6565 0.004, 1.2008 0.5848 0.0591, 1.2008 0.6035 0.0346
            ]
        }
        coordIndex [
            0,1,2,-1,2,1,3,-1,4,5,6,-1,6,5,7,-1,8,9,10,-1,10,9,11,-1,12,13,14,-1,14,13,15,-1,16,17,18,-1,18,17,19,-1,20,21,22,-1,22,21,23,-1,24,25,22,-1,26,27,28,-1,29,30,22,-1,22,30,31,-1,22,31,24,-1,26,28,23,-1,23,28,32,-1,23,32,22,-1,22,32,33,-1,22,33,29,-1,34,35,36,-1,36,35,21,-1,37,38,20,-1,20,38,39,-1,20,40,21,-1,21,40,41,-1,21,41,36,-1,39,42,20,-1,20,42,43,-1,20,43,40,-1,44,45,19,-1,46,47,48,-1,49,50,19,-1,19,50,51,-1,19,51,44,-1,46,48,17,-1,17,48,52,-1,17,52,19,-1,19,52,53,-1,19,53,49,-1,54,55,56,-1,56,55,16,-1,57,58,18,-1,18,58,59,-1,18,59,60,-1,60,61,18,-1,18,61,62,-1,18,62,16,-1,16,62,63,-1,16,63,56,-1,64,65,15,-1,66,67,68,-1,69,70,15,-1,15,70,71,-1,15,71,64,-1,66,68,13,-1,13,68,72,-1,13,72,15,-1,15,72,73,-1,15,73,69,-1,74,75,76,-1,76,75,12,-1,77,78,14,-1,14,78,79,-1,14,79,80,-1,80,81,14,-1,14,81,82,-1,14,82,12,-1,12,82,83,-1,12,83,76,-1,84,85,11,-1,86,87,88,-1,89,90,11,-1,11,90,91,-1,11,91,84,-1,86,88,9,-1,9,88,92,-1,9,92,11,-1,11,92,93,-1,11,93,89,-1,94,95,96,-1,96,95,8,-1,97,98,10,-1,10,98,99,-1,10,99,100,-1,100,101,10,-1,10,101,102,-1,10,102,8,-1,8,102,103,-1,8,103,96,-1,104,105,7,-1,106,107,108,-1,109,110,7,-1,7,110,111,-1,7,111,104,-1,106,108,5,-1,5,108,112,-1,5,112,7,-1,7,112,113,-1,7,113,109,-1,114,115,116,-1,116,115,4,-1,117,118,6,-1,6,118,119,-1,6,119,120,-1,120,121,6,-1,6,121,122,-1,6,122,4,-1,4,122,123,-1,4,123,116,-1,124,125,2,-1,126,127,128,-1,129,130,2,-1,2,130,131,-1,2,131,124,-1,126,128,3,-1,3,128,132,-1,3,132,2,-1,2,132,133,-1,2,133,129,-1,134,135,136,-1,136,135,1,-1,137,138,0,-1,0,138,139,-1,0,140,1,-1,1,140,141,-1,1,141,136,-1,139,142,0,-1,0,142,143,-1,0,143,140,-1,
        ]
    }
}
Shape{
    appearance Appearance {
        material  Material 	{
            diffuseColor 0.25098039215686274 0.25098039215686274 0.25098039215686274
            specularColor 0.12549019607843137 0.12549019607843137 0.12549019607843137
            ambientIntensity 0.251
            transparency 0.0
            shininess 0.5
        }
    }
    geometry IndexedFaceSet {
        ccw TRUE
        solid FALSE
        coord DEF co Coordinate {
            point [
                -0.9252 0.1988 0.3012, -0.5315 0.1988 0.3012, -0.9252 0.1004 0.3012, -0.5315 0.1004 0.3012, 0.5315 0.1988 0.3012, 0.9252 0.1988 0.3012, 0.5315 0.1004 0.3012, 0.9252 0.1004 0.3012, -1.3821 0.7229 0.498, 1.3821 0.7229 0.498, -1.3821 0.7347 0.498, 1.3821 0.7347 0.498
            ]
        }
        coordIndex [
            0,1,2,-1,2,1,3,-1,4,5,6,-1,6,5,7,-1,8,9,10,-1,10,9,11,-1,
        ]
    }
}
Shape{
    appearance Appearance {
        material  Material 	{
            diffuseColor 0.7529411764705882 0.7529411764705882 0.7529411764705882
            specularColor 0.3764705882352941 0.3764705882352941 0.3764705882352941
            ambientIntensity 0.7529
            transparency 0.0
            shininess 0.5
        }
    }
    geometry IndexedFaceSet {
        ccw TRUE
        solid FALSE
        coord DEF co Coordinate {
            point [
                -0.3445 -0.7404 0.6326, -0.3445 -0.6144 0.6326, -0.3124 -0.7404 0.7047, -0.3124 -0.6144 0.7047, -0.2716 -0.7404 0.7047, -0.2716 -0.6144 0.7047, -0.2461 -0.6144 0.6471, -0.2461 -0.7404 0.6471
            ]
        }
        coordIndex [
            0,1,2,-1,2,1,3,-1,4,2,5,-1,5,2,3,-1,6,7,5,-1,5,7,4,-1,
        ]
    }
}
Shape{
    appearance Appearance {
        material  Material 	{
            diffuseColor 0.25098039215686274 0.25098039215686274 0.25098039215686274
            specularColor 0.12549019607843137 0.12549019607843137 0.12549019607843137
            ambientIntensity 0.251
            transparency 0.0
            shininess 0.5
        }
    }
    geometry IndexedFaceSet {
        ccw TRUE
        solid FALSE
        coord DEF co Coordinate {
            point [
                -0.2716 -0.6144 0.7047, -0.3124 -0.6144 0.7047, -0.2461 -0.6144 0.6471, -0.3445 -0.6144 0.6326, -0.2461 -0.6144 0.5138, -0.3445 -0.6144 0.5138
            ]
        }
        coordIndex [
            0,1,2,-1,2,1,3,-1,2,3,4,-1,4,3,5,-1,
        ]
    }
}
Shape{
    appearance Appearance {
        material  Material 	{
            diffuseColor 0.7529411764705882 0.7529411764705882 0.7529411764705882
            specularColor 0.3764705882352941 0.3764705882352941 0.3764705882352941
            ambientIntensity 0.7529
            transparency 0.0
            shininess 0.5
        }
    }
    geometry IndexedFaceSet {
        ccw TRUE
        solid FALSE
        coord DEF co Coordinate {
            point [
                -0.3445 -0.6144 0.5138, -0.3445 -0.6144 0.6326, -0.3445 -0.7404 0.5138, -0.3445 -0.7404 0.6326, -0.2461 -0.7404 0.5138, -0.2461 -0.7404 0.6471, -0.2716 -0.7404 0.7047, -0.3124 -0.7404 0.7047, -0.2461 -0.6144 0.5138, -0.2461 -0.6144 0.6471, 1.0655 -0.7404 0.7047, 1.0984 -0.7404 0.7047, 1.0335 -0.7404 0.6326, 1.124 -0.7404 0.6471, 1.0335 -0.7404 0.5138, 1.124 -0.7404 0.5138, 1.0335 -0.6144 0.5138, 1.0335 -0.6144 0.6326
            ]
        }
        coordIndex [
            0,1,2,-1,2,1,3,-1,4,2,5,-1,5,2,3,-1,5,3,6,-1,6,3,7,-1,4,5,8,-1,8,5,9,-1,10,11,12,-1,12,11,13,-1,12,13,14,-1,14,13,15,-1,16,17,14,-1,14,17,12,-1,
        ]
    }
}
Shape{
    appearance Appearance {
        material  Material 	{
            diffuseColor 0.25098039215686274 0.25098039215686274 0.25098039215686274
            specularColor 0.12549019607843137 0.12549019607843137 0.12549019607843137
            ambientIntensity 0.251
            transparency 0.0
            shininess 0.5
        }
    }
    geometry IndexedFaceSet {
        ccw TRUE
        solid FALSE
        coord DEF co Coordinate {
            point [
                1.0335 -0.6144 0.5138, 1.124 -0.6144 0.5138, 1.0335 -0.6144 0.6326, 1.124 -0.6144 0.6471, 1.0655 -0.6144 0.7047, 1.0984 -0.6144 0.7047
            ]
        }
        coordIndex [
            0,1,2,-1,2,1,3,-1,2,3,4,-1,4,3,5,-1,
        ]
    }
}
Shape{
    appearance Appearance {
        material  Material 	{
            diffuseColor 0.7529411764705882 0.7529411764705882 0.7529411764705882
            specularColor 0.3764705882352941 0.3764705882352941 0.3764705882352941
            ambientIntensity 0.7529
            transparency 0.0
            shininess 0.5
        }
    }
    geometry IndexedFaceSet {
        ccw TRUE
        solid FALSE
        coord DEF co Coordinate {
            point [
                1.124 -0.7404 0.5138, 1.124 -0.7404 0.6471, 1.124 -0.6144 0.5138, 1.124 -0.6144 0.6471, 1.0984 -0.6144 0.7047, 1.0984 -0.7404 0.7047, 1.0335 -0.7404 0.6326, 1.0335 -0.6144 0.6326, 1.0655 -0.7404 0.7047, 1.0655 -0.6144 0.7047, 0.5413 -0.7404 0.5138, 0.4429 -0.7404 0.5138, 0.5413 -0.7404 0.6471, 0.4429 -0.7404 0.6326, 0.5158 -0.7404 0.7047, 0.475 -0.7404 0.7047, 0.4429 -0.6144 0.5138, 0.4429 -0.6144 0.6326
            ]
        }
        coordIndex [
            0,1,2,-1,2,1,3,-1,3,1,4,-1,4,1,5,-1,6,7,8,-1,8,7,9,-1,5,8,4,-1,4,8,9,-1,10,11,12,-1,12,11,13,-1,12,13,14,-1,14,13,15,-1,16,17,11,-1,11,17,13,-1,
        ]
    }
}
Shape{
    appearance Appearance {
        material  Material 	{
            diffuseColor 0.25098039215686274 0.25098039215686274 0.25098039215686274
            specularColor 0.12549019607843137 0.12549019607843137 0.12549019607843137
            ambientIntensity 0.251
            transparency 0.0
            shininess 0.5
        }
    }
    geometry IndexedFaceSet {
        ccw TRUE
        solid FALSE
        coord DEF co Coordinate {
            point [
                0.4429 -0.6144 0.5138, 0.5413 -0.6144 0.5138, 0.4429 -0.6144 0.6326, 0.5413 -0.6144 0.6471, 0.475 -0.6144 0.7047, 0.5158 -0.6144 0.7047
            ]
        }
        coordIndex [
            0,1,2,-1,2,1,3,-1,2,3,4,-1,4,3,5,-1,
        ]
    }
}
Shape{
    appearance Appearance {
        material  Material 	{
            diffuseColor 0.7529411764705882 0.7529411764705882 0.7529411764705882
            specularColor 0.3764705882352941 0.3764705882352941 0.3764705882352941
            ambientIntensity 0.7529
            transparency 0.0
            shininess 0.5
        }
    }
    geometry IndexedFaceSet {
        ccw TRUE
        solid FALSE
        coord DEF co Coordinate {
            point [
                0.5413 -0.7404 0.5138, 0.5413 -0.7404 0.6471, 0.5413 -0.6144 0.5138, 0.5413 -0.6144 0.6471, 0.5158 -0.6144 0.7047, 0.5158 -0.7404 0.7047, 0.4429 -0.7404 0.6326, 0.4429 -0.6144 0.6326, 0.475 -0.7404 0.7047, 0.475 -0.6144 0.7047, 1.0335 -1.1268 0.5138, 1.0335 -1.1268 0.6326, 1.0335 -1.2528 0.5138, 1.0335 -1.2528 0.6326
            ]
        }
        coordIndex [
            0,1,2,-1,2,1,3,-1,3,1,4,-1,4,1,5,-1,6,7,8,-1,8,7,9,-1,5,8,4,-1,4,8,9,-1,10,11,12,-1,12,11,13,-1,
        ]
    }
}
Shape{
    appearance Appearance {
        material  Material 	{
            diffuseColor 0.25098039215686274 0.25098039215686274 0.25098039215686274
            specularColor 0.12549019607843137 0.12549019607843137 0.12549019607843137
            ambientIntensity 0.251
            transparency 0.0
            shininess 0.5
        }
    }
    geometry IndexedFaceSet {
        ccw TRUE
        solid FALSE
        coord DEF co Coordinate {
            point [
                1.0335 -1.1268 0.5138, 1.124 -1.1268 0.5138, 1.0335 -1.1268 0.6326, 1.124 -1.1268 0.6471, 1.0655 -1.1268 0.7047, 1.0984 -1.1268 0.7047
            ]
        }
        coordIndex [
            0,1,2,-1,2,1,3,-1,2,3,4,-1,4,3,5,-1,
        ]
    }
}
Shape{
    appearance Appearance {
        material  Material 	{
            diffuseColor 0.7529411764705882 0.7529411764705882 0.7529411764705882
            specularColor 0.3764705882352941 0.3764705882352941 0.3764705882352941
            ambientIntensity 0.7529
            transparency 0.0
            shininess 0.5
        }
    }
    geometry IndexedFaceSet {
        ccw TRUE
        solid FALSE
        coord DEF co Coordinate {
            point [
                1.124 -1.2528 0.5138, 1.124 -1.2528 0.6471, 1.124 -1.1268 0.5138, 1.124 -1.1268 0.6471, 1.0655 -1.2528 0.7047, 1.0984 -1.2528 0.7047, 1.0335 -1.2528 0.6326, 1.0335 -1.2528 0.5138, 1.0984 -1.1268 0.7047, 1.0655 -1.1268 0.7047, 1.0335 -1.1268 0.6326, 0.4429 -1.1268 0.5138, 0.4429 -1.1268 0.6326, 0.4429 -1.2528 0.5138, 0.4429 -1.2528 0.6326
            ]
        }
        coordIndex [
            0,1,2,-1,2,1,3,-1,4,5,6,-1,6,5,1,-1,6,1,7,-1,7,1,0,-1,3,1,8,-1,8,1,5,-1,5,4,8,-1,8,4,9,-1,6,10,4,-1,4,10,9,-1,11,12,13,-1,13,12,14,-1,
        ]
    }
}
Shape{
    appearance Appearance {
        material  Material 	{
            diffuseColor 0.25098039215686274 0.25098039215686274 0.25098039215686274
            specularColor 0.12549019607843137 0.12549019607843137 0.12549019607843137
            ambientIntensity 0.251
            transparency 0.0
            shininess 0.5
        }
    }
    geometry IndexedFaceSet {
        ccw TRUE
        solid FALSE
        coord DEF co Coordinate {
            point [
                0.4429 -1.1268 0.5138, 0.5413 -1.1268 0.5138, 0.4429 -1.1268 0.6326, 0.5413 -1.1268 0.6471, 0.475 -1.1268 0.7047, 0.5158 -1.1268 0.7047
            ]
        }
        coordIndex [
            0,1,2,-1,2,1,3,-1,2,3,4,-1,4,3,5,-1,
        ]
    }
}
Shape{
    appearance Appearance {
        material  Material 	{
            diffuseColor 0.7529411764705882 0.7529411764705882 0.7529411764705882
            specularColor 0.3764705882352941 0.3764705882352941 0.3764705882352941
            ambientIntensity 0.7529
            transparency 0.0
            shininess 0.5
        }
    }
    geometry IndexedFaceSet {
        ccw TRUE
        solid FALSE
        coord DEF co Coordinate {
            point [
                0.5413 -1.2528 0.5138, 0.5413 -1.2528 0.6471, 0.5413 -1.1268 0.5138, 0.5413 -1.1268 0.6471, 0.475 -1.2528 0.7047, 0.5158 -1.2528 0.7047, 0.4429 -1.2528 0.6326, 0.4429 -1.2528 0.5138, 0.5158 -1.1268 0.7047, 0.475 -1.1268 0.7047, 0.4429 -1.1268 0.6326, -0.3445 -1.1268 0.5138, -0.3445 -1.1268 0.6326, -0.3445 -1.2528 0.5138, -0.3445 -1.2528 0.6326
            ]
        }
        coordIndex [
            0,1,2,-1,2,1,3,-1,4,5,6,-1,6,5,1,-1,6,1,7,-1,7,1,0,-1,3,1,8,-1,8,1,5,-1,5,4,8,-1,8,4,9,-1,6,10,4,-1,4,10,9,-1,11,12,13,-1,13,12,14,-1,
        ]
    }
}
Shape{
    appearance Appearance {
        material  Material 	{
            diffuseColor 0.25098039215686274 0.25098039215686274 0.25098039215686274
            specularColor 0.12549019607843137 0.12549019607843137 0.12549019607843137
            ambientIntensity 0.251
            transparency 0.0
            shininess 0.5
        }
    }
    geometry IndexedFaceSet {
        ccw TRUE
        solid FALSE
        coord DEF co Coordinate {
            point [
                -0.3445 -1.1268 0.5138, -0.2461 -1.1268 0.5138, -0.3445 -1.1268 0.6326, -0.2461 -1.1268 0.6471, -0.3124 -1.1268 0.7047, -0.2716 -1.1268 0.7047
            ]
        }
        coordIndex [
            0,1,2,-1,2,1,3,-1,2,3,4,-1,4,3,5,-1,
        ]
    }
}
Shape{
    appearance Appearance {
        material  Material 	{
            diffuseColor 0.7529411764705882 0.7529411764705882 0.7529411764705882
            specularColor 0.3764705882352941 0.3764705882352941 0.3764705882352941
            ambientIntensity 0.7529
            transparency 0.0
            shininess 0.5
        }
    }
    geometry IndexedFaceSet {
        ccw TRUE
        solid FALSE
        coord DEF co Coordinate {
            point [
                -0.2461 -1.2528 0.5138, -0.2461 -1.2528 0.6471, -0.2461 -1.1268 0.5138, -0.2461 -1.1268 0.6471, -0.3445 -1.2528 0.5138, -0.3445 -1.2528 0.6326, -0.2716 -1.2528 0.7047, -0.3124 -1.2528 0.7047, -0.2716 -1.1268 0.7047, -0.3124 -1.1268 0.7047, -0.3445 -1.1268 0.6326
            ]
        }
        coordIndex [
            0,1,2,-1,2,1,3,-1,0,4,1,-1,1,4,5,-1,1,5,6,-1,6,5,7,-1,3,1,8,-1,8,1,6,-1,6,7,8,-1,8,7,9,-1,5,10,7,-1,7,10,9,-1,
        ]
    }
}
Shape{
    appearance Appearance {
        material  Material 	{
            diffuseColor 0.25098039215686274 0.25098039215686274 0.25098039215686274
            specularColor 0.12549019607843137 0.12549019607843137 0.12549019607843137
            ambientIntensity 0.251
            transparency 0.0
            shininess 0.5
        }
    }
    geometry IndexedFaceSet {
        ccw TRUE
        solid FALSE
        coord DEF co Coordinate {
            point [
                -1.0236 -1.1268 0.5138, -0.9331 -1.1268 0.5138, -1.0236 -1.1268 0.5347, -0.9331 -1.1268 0.6024, -0.9957 -1.1268 0.6024
            ]
        }
        coordIndex [
            0,1,2,-1,2,1,3,-1,2,3,4,-1,
        ]
    }
}
Shape{
    appearance Appearance {
        material  Material 	{
            diffuseColor 0.7529411764705882 0.7529411764705882 0.7529411764705882
            specularColor 0.3764705882352941 0.3764705882352941 0.3764705882352941
            ambientIntensity 0.7529
            transparency 0.0
            shininess 0.5
        }
    }
    geometry IndexedFaceSet {
        ccw TRUE
        solid FALSE
        coord DEF co Coordinate {
            point [
                -0.9331 -1.2528 0.5138, -0.9331 -1.2528 0.6024, -0.9331 -1.1268 0.5138, -0.9331 -1.1268 0.6024, -1.0236 -1.1268 0.5347, -1.0236 -1.2528 0.5347, -1.0236 -1.1268 0.5138, -1.0236 -1.2528 0.5138, -0.9957 -1.2528 0.6024, -0.9957 -1.1268 0.6024, -0.6417 -1.1268 0.5138, -0.6417 -1.1268 0.6024, -0.6417 -1.2528 0.5138, -0.6417 -1.2528 0.6024
            ]
        }
        coordIndex [
            0,1,2,-1,2,1,3,-1,4,5,6,-1,6,5,7,-1,8,1,5,-1,5,1,0,-1,5,0,7,-1,9,3,8,-1,8,3,1,-1,5,4,8,-1,8,4,9,-1,10,11,12,-1,12,11,13,-1,
        ]
    }
}
Shape{
    appearance Appearance {
        material  Material 	{
            diffuseColor 0.25098039215686274 0.25098039215686274 0.25098039215686274
            specularColor 0.12549019607843137 0.12549019607843137 0.12549019607843137
            ambientIntensity 0.251
            transparency 0.0
            shininess 0.5
        }
    }
    geometry IndexedFaceSet {
        ccw TRUE
        solid FALSE
        coord DEF co Coordinate {
            point [
                -0.5791 -1.1268 0.6024, -0.6417 -1.1268 0.6024, -0.5512 -1.1268 0.5347, -0.6417 -1.1268 0.5138, -0.5512 -1.1268 0.5138
            ]
        }
        coordIndex [
            0,1,2,-1,2,1,3,-1,2,3,4,-1,
        ]
    }
}
Shape{
    appearance Appearance {
        material  Material 	{
            diffuseColor 0.7529411764705882 0.7529411764705882 0.7529411764705882
            specularColor 0.3764705882352941 0.3764705882352941 0.3764705882352941
            ambientIntensity 0.7529
            transparency 0.0
            shininess 0.5
        }
    }
    geometry IndexedFaceSet {
        ccw TRUE
        solid FALSE
        coord DEF co Coordinate {
            point [
                -0.5512 -1.2528 0.5138, -0.6417 -1.2528 0.5138, -0.5512 -1.2528 0.5347, -0.6417 -1.2528 0.6024, -0.5791 -1.2528 0.6024, -0.5512 -1.1268 0.5347, -0.5512 -1.1268 0.5138, -0.5791 -1.1268 0.6024, -0.6417 -1.1268 0.6024, 0.1457 -1.1268 0.5138, 0.1457 -1.1268 0.6024, 0.1457 -1.2528 0.5138, 0.1457 -1.2528 0.6024
            ]
        }
        coordIndex [
            0,1,2,-1,2,1,3,-1,2,3,4,-1,2,5,0,-1,0,5,6,-1,5,2,7,-1,7,2,4,-1,4,3,7,-1,7,3,8,-1,9,10,11,-1,11,10,12,-1,
        ]
    }
}
Shape{
    appearance Appearance {
        material  Material 	{
            diffuseColor 0.25098039215686274 0.25098039215686274 0.25098039215686274
            specularColor 0.12549019607843137 0.12549019607843137 0.12549019607843137
            ambientIntensity 0.251
            transparency 0.0
            shininess 0.5
        }
    }
    geometry IndexedFaceSet {
        ccw TRUE
        solid FALSE
        coord DEF co Coordinate {
            point [
                0.2084 -1.1268 0.6024, 0.1457 -1.1268 0.6024, 0.2362 -1.1268 0.5347, 0.1457 -1.1268 0.5138, 0.2362 -1.1268 0.5138
            ]
        }
        coordIndex [
            0,1,2,-1,2,1,3,-1,2,3,4,-1,
        ]
    }
}
Shape{
    appearance Appearance {
        material  Material 	{
            diffuseColor 0.7529411764705882 0.7529411764705882 0.7529411764705882
            specularColor 0.3764705882352941 0.3764705882352941 0.3764705882352941
            ambientIntensity 0.7529
            transparency 0.0
            shininess 0.5
        }
    }
    geometry IndexedFaceSet {
        ccw TRUE
        solid FALSE
        coord DEF co Coordinate {
            point [
                0.2362 -1.2528 0.5138, 0.1457 -1.2528 0.5138, 0.2362 -1.2528 0.5347, 0.1457 -1.2528 0.6024, 0.2084 -1.2528 0.6024, 0.2362 -1.1268 0.5347, 0.2362 -1.1268 0.5138, 0.2084 -1.1268 0.6024, 0.1457 -1.1268 0.6024, 0.3445 -0.7404 0.6509, 0.3445 -0.7404 0.7697, 0.3445 -0.6144 0.6509, 0.3445 -0.6144 0.7697, 0.2461 -0.6144 0.6509, 0.2461 -0.6144 0.7697, 0.2461 -0.7404 0.6509, 0.2461 -0.7404 0.7697, 0.2781 -0.6144 0.5787, 0.2781 -0.7404 0.5787, 0.3124 -0.6144 0.5787, 0.3124 -0.7404 0.5787
            ]
        }
        coordIndex [
            0,1,2,-1,2,1,3,-1,2,3,4,-1,2,5,0,-1,0,5,6,-1,5,2,7,-1,7,2,4,-1,4,3,7,-1,7,3,8,-1,9,10,11,-1,11,10,12,-1,13,14,15,-1,15,14,16,-1,13,15,17,-1,17,15,18,-1,19,17,20,-1,20,17,18,-1,20,18,9,-1,9,18,15,-1,9,15,10,-1,10,15,16,-1,9,11,20,-1,20,11,19,-1,
        ]
    }
}
Shape{
    appearance Appearance {
        material  Material 	{
            diffuseColor 0.25098039215686274 0.25098039215686274 0.25098039215686274
            specularColor 0.12549019607843137 0.12549019607843137 0.12549019607843137
            ambientIntensity 0.251
            transparency 0.0
            shininess 0.5
        }
    }
    geometry IndexedFaceSet {
        ccw TRUE
        solid FALSE
        coord DEF co Coordinate {
            point [
                0.3445 -0.6144 0.7697, 0.2461 -0.6144 0.7697, 0.3445 -0.6144 0.6509, 0.2461 -0.6144 0.6509, 0.3124 -0.6144 0.5787, 0.2781 -0.6144 0.5787
            ]
        }
        coordIndex [
            0,1,2,-1,2,1,3,-1,2,3,4,-1,4,3,5,-1,
        ]
    }
}
Shape{
    appearance Appearance {
        material  Material 	{
            diffuseColor 0.7529411764705882 0.7529411764705882 0.7529411764705882
            specularColor 0.3764705882352941 0.3764705882352941 0.3764705882352941
            ambientIntensity 0.7529
            transparency 0.0
            shininess 0.5
        }
    }
    geometry IndexedFaceSet {
        ccw TRUE
        solid FALSE
        coord DEF co Coordinate {
            point [
                -0.5413 -0.6144 0.6509, -0.5413 -0.6144 0.7697, -0.5413 -0.7404 0.6509, -0.5413 -0.7404 0.7697, -0.475 -0.7404 0.5787, -0.5093 -0.7404 0.5787, -0.4429 -0.7404 0.6509, -0.4429 -0.7404 0.7697, -0.4429 -0.6144 0.6509, -0.4429 -0.6144 0.7697
            ]
        }
        coordIndex [
            0,1,2,-1,2,1,3,-1,4,5,6,-1,6,5,2,-1,6,2,7,-1,7,2,3,-1,6,7,8,-1,8,7,9,-1,
        ]
    }
}
Shape{
    appearance Appearance {
        material  Material 	{
            diffuseColor 0.25098039215686274 0.25098039215686274 0.25098039215686274
            specularColor 0.12549019607843137 0.12549019607843137 0.12549019607843137
            ambientIntensity 0.251
            transparency 0.0
            shininess 0.5
        }
    }
    geometry IndexedFaceSet {
        ccw TRUE
        solid FALSE
        coord DEF co Coordinate {
            point [
                -0.4429 -0.6144 0.7697, -0.5413 -0.6144 0.7697, -0.4429 -0.6144 0.6509, -0.5413 -0.6144 0.6509, -0.475 -0.6144 0.5787, -0.5093 -0.6144 0.5787
            ]
        }
        coordIndex [
            0,1,2,-1,2,1,3,-1,2,3,4,-1,4,3,5,-1,
        ]
    }
}
Shape{
    appearance Appearance {
        material  Material 	{
            diffuseColor 0.7529411764705882 0.7529411764705882 0.7529411764705882
            specularColor 0.3764705882352941 0.3764705882352941 0.3764705882352941
            ambientIntensity 0.7529
            transparency 0.0
            shininess 0.5
        }
    }
    geometry IndexedFaceSet {
        ccw TRUE
        solid FALSE
        coord DEF co Coordinate {
            point [
                -0.4429 -0.7404 0.6509, -0.4429 -0.6144 0.6509, -0.475 -0.7404 0.5787, -0.475 -0.6144 0.5787, -0.5093 -0.7404 0.5787, -0.5093 -0.6144 0.5787, -0.5413 -0.6144 0.6509, -0.5413 -0.7404 0.6509, -1.1319 -0.6144 0.6509, -1.1319 -0.6144 0.7697, -1.1319 -0.7404 0.6509, -1.1319 -0.7404 0.7697, -1.0335 -0.7404 0.7697, -1.0335 -0.7404 0.6509, -1.0998 -0.7404 0.5787, -1.0655 -0.7404 0.5787, -1.0335 -0.6144 0.6509, -1.0335 -0.6144 0.7697
            ]
        }
        coordIndex [
            0,1,2,-1,2,1,3,-1,4,2,5,-1,5,2,3,-1,6,7,5,-1,5,7,4,-1,8,9,10,-1,10,9,11,-1,11,12,10,-1,10,12,13,-1,10,13,14,-1,14,13,15,-1,13,12,16,-1,16,12,17,-1,
        ]
    }
}
Shape{
    appearance Appearance {
        material  Material 	{
            diffuseColor 0.25098039215686274 0.25098039215686274 0.25098039215686274
            specularColor 0.12549019607843137 0.12549019607843137 0.12549019607843137
            ambientIntensity 0.251
            transparency 0.0
            shininess 0.5
        }
    }
    geometry IndexedFaceSet {
        ccw TRUE
        solid FALSE
        coord DEF co Coordinate {
            point [
                -1.0335 -0.6144 0.7697, -1.1319 -0.6144 0.7697, -1.0335 -0.6144 0.6509, -1.1319 -0.6144 0.6509, -1.0655 -0.6144 0.5787, -1.0998 -0.6144 0.5787
            ]
        }
        coordIndex [
            0,1,2,-1,2,1,3,-1,2,3,4,-1,4,3,5,-1,
        ]
    }
}
Shape{
    appearance Appearance {
        material  Material 	{
            diffuseColor 0.7529411764705882 0.7529411764705882 0.7529411764705882
            specularColor 0.3764705882352941 0.3764705882352941 0.3764705882352941
            ambientIntensity 0.7529
            transparency 0.0
            shininess 0.5
        }
    }
    geometry IndexedFaceSet {
        ccw TRUE
        solid FALSE
        coord DEF co Coordinate {
            point [
                -1.0655 -0.6144 0.5787, -1.0998 -0.6144 0.5787, -1.0655 -0.7404 0.5787, -1.0998 -0.7404 0.5787, -1.1319 -0.6144 0.6509, -1.1319 -0.7404 0.6509, -1.0335 -0.7404 0.6509, -1.0335 -0.6144 0.6509, 0.3445 -1.1268 0.7697, 0.3445 -1.1268 0.6509, 0.3445 -1.2528 0.7697, 0.3445 -1.2528 0.6509
            ]
        }
        coordIndex [
            0,1,2,-1,2,1,3,-1,4,5,1,-1,1,5,3,-1,6,7,2,-1,2,7,0,-1,8,9,10,-1,10,9,11,-1,
        ]
    }
}
Shape{
    appearance Appearance {
        material  Material 	{
            diffuseColor 0.25098039215686274 0.25098039215686274 0.25098039215686274
            specularColor 0.12549019607843137 0.12549019607843137 0.12549019607843137
            ambientIntensity 0.251
            transparency 0.0
            shininess 0.5
        }
    }
    geometry IndexedFaceSet {
        ccw TRUE
        solid FALSE
        coord DEF co Coordinate {
            point [
                0.3445 -1.1268 0.7697, 0.2461 -1.1268 0.7697, 0.3445 -1.1268 0.6509, 0.2461 -1.1268 0.6509, 0.3124 -1.1268 0.5787, 0.2781 -1.1268 0.5787
            ]
        }
        coordIndex [
            0,1,2,-1,2,1,3,-1,2,3,4,-1,4,3,5,-1,
        ]
    }
}
Shape{
    appearance Appearance {
        material  Material 	{
            diffuseColor 0.7529411764705882 0.7529411764705882 0.7529411764705882
            specularColor 0.3764705882352941 0.3764705882352941 0.3764705882352941
            ambientIntensity 0.7529
            transparency 0.0
            shininess 0.5
        }
    }
    geometry IndexedFaceSet {
        ccw TRUE
        solid FALSE
        coord DEF co Coordinate {
            point [
                0.2461 -1.2528 0.7697, 0.2461 -1.2528 0.6509, 0.2461 -1.1268 0.7697, 0.2461 -1.1268 0.6509, 0.3445 -1.2528 0.7697, 0.3445 -1.2528 0.6509, 0.2781 -1.2528 0.5787, 0.3124 -1.2528 0.5787, 0.2781 -1.1268 0.5787, 0.3124 -1.1268 0.5787, 0.3445 -1.1268 0.6509, -0.4429 -1.1268 0.7697, -0.4429 -1.1268 0.6509, -0.4429 -1.2528 0.7697, -0.4429 -1.2528 0.6509
            ]
        }
        coordIndex [
            0,1,2,-1,2,1,3,-1,0,4,1,-1,1,4,5,-1,1,5,6,-1,6,5,7,-1,3,1,8,-1,8,1,6,-1,9,8,7,-1,7,8,6,-1,5,10,7,-1,7,10,9,-1,11,12,13,-1,13,12,14,-1,
        ]
    }
}
Shape{
    appearance Appearance {
        material  Material 	{
            diffuseColor 0.25098039215686274 0.25098039215686274 0.25098039215686274
            specularColor 0.12549019607843137 0.12549019607843137 0.12549019607843137
            ambientIntensity 0.251
            transparency 0.0
            shininess 0.5
        }
    }
    geometry IndexedFaceSet {
        ccw TRUE
        solid FALSE
        coord DEF co Coordinate {
            point [
                -0.4429 -1.1268 0.7697, -0.5413 -1.1268 0.7697, -0.4429 -1.1268 0.6509, -0.5413 -1.1268 0.6509, -0.475 -1.1268 0.5787, -0.5093 -1.1268 0.5787
            ]
        }
        coordIndex [
            0,1,2,-1,2,1,3,-1,2,3,4,-1,4,3,5,-1,
        ]
    }
}
Shape{
    appearance Appearance {
        material  Material 	{
            diffuseColor 0.7529411764705882 0.7529411764705882 0.7529411764705882
            specularColor 0.3764705882352941 0.3764705882352941 0.3764705882352941
            ambientIntensity 0.7529
            transparency 0.0
            shininess 0.5
        }
    }
    geometry IndexedFaceSet {
        ccw TRUE
        solid FALSE
        coord DEF co Coordinate {
            point [
                -0.5413 -1.2528 0.7697, -0.5413 -1.2528 0.6509, -0.5413 -1.1268 0.7697, -0.5413 -1.1268 0.6509, -0.475 -1.2528 0.5787, -0.5093 -1.2528 0.5787, -0.4429 -1.2528 0.6509, -0.4429 -1.2528 0.7697, -0.5093 -1.1268 0.5787, -0.475 -1.1268 0.5787, -0.4429 -1.1268 0.6509, -1.0335 -1.1268 0.7697, -1.0335 -1.1268 0.6509, -1.0335 -1.2528 0.7697, -1.0335 -1.2528 0.6509
            ]
        }
        coordIndex [
            0,1,2,-1,2,1,3,-1,4,5,6,-1,6,5,1,-1,6,1,7,-1,7,1,0,-1,3,1,8,-1,8,1,5,-1,9,8,4,-1,4,8,5,-1,6,10,4,-1,4,10,9,-1,11,12,13,-1,13,12,14,-1,
        ]
    }
}
Shape{
    appearance Appearance {
        material  Material 	{
            diffuseColor 0.25098039215686274 0.25098039215686274 0.25098039215686274
            specularColor 0.12549019607843137 0.12549019607843137 0.12549019607843137
            ambientIntensity 0.251
            transparency 0.0
            shininess 0.5
        }
    }
    geometry IndexedFaceSet {
        ccw TRUE
        solid FALSE
        coord DEF co Coordinate {
            point [
                -1.0335 -1.1268 0.7697, -1.1319 -1.1268 0.7697, -1.0335 -1.1268 0.6509, -1.1319 -1.1268 0.6509, -1.0655 -1.1268 0.5787, -1.0998 -1.1268 0.5787
            ]
        }
        coordIndex [
            0,1,2,-1,2,1,3,-1,2,3,4,-1,4,3,5,-1,
        ]
    }
}
Shape{
    appearance Appearance {
        material  Material 	{
            diffuseColor 0.7529411764705882 0.7529411764705882 0.7529411764705882
            specularColor 0.3764705882352941 0.3764705882352941 0.3764705882352941
            ambientIntensity 0.7529
            transparency 0.0
            shininess 0.5
        }
    }
    geometry IndexedFaceSet {
        ccw TRUE
        solid FALSE
        coord DEF co Coordinate {
            point [
                -1.1319 -1.2528 0.7697, -1.1319 -1.2528 0.6509, -1.1319 -1.1268 0.7697, -1.1319 -1.1268 0.6509, -1.0655 -1.2528 0.5787, -1.0998 -1.2528 0.5787, -1.0335 -1.2528 0.6509, -1.0335 -1.2528 0.7697, -1.0998 -1.1268 0.5787, -1.0655 -1.1268 0.5787, -1.0335 -1.1268 0.6509, 0.6417 -1.1268 0.7697, 0.6417 -1.1268 0.6811, 0.6417 -1.2528 0.7697, 0.6417 -1.2528 0.6811
            ]
        }
        coordIndex [
            0,1,2,-1,2,1,3,-1,4,5,6,-1,6,5,1,-1,6,1,7,-1,7,1,0,-1,3,1,8,-1,8,1,5,-1,9,8,4,-1,4,8,5,-1,6,10,4,-1,4,10,9,-1,11,12,13,-1,13,12,14,-1,
        ]
    }
}
Shape{
    appearance Appearance {
        material  Material 	{
            diffuseColor 0.25098039215686274 0.25098039215686274 0.25098039215686274
            specularColor 0.12549019607843137 0.12549019607843137 0.12549019607843137
            ambientIntensity 0.251
            transparency 0.0
            shininess 0.5
        }
    }
    geometry IndexedFaceSet {
        ccw TRUE
        solid FALSE
        coord DEF co Coordinate {
            point [
                0.5791 -1.1268 0.6811, 0.6417 -1.1268 0.6811, 0.5512 -1.1268 0.7488, 0.6417 -1.1268 0.7697, 0.5512 -1.1268 0.7697
            ]
        }
        coordIndex [
            0,1,2,-1,2,1,3,-1,2,3,4,-1,
        ]
    }
}
Shape{
    appearance Appearance {
        material  Material 	{
            diffuseColor 0.7529411764705882 0.7529411764705882 0.7529411764705882
            specularColor 0.3764705882352941 0.3764705882352941 0.3764705882352941
            ambientIntensity 0.7529
            transparency 0.0
            shininess 0.5
        }
    }
    geometry IndexedFaceSet {
        ccw TRUE
        solid FALSE
        coord DEF co Coordinate {
            point [
                0.5512 -1.2528 0.7697, 0.6417 -1.2528 0.7697, 0.5512 -1.2528 0.7488, 0.6417 -1.2528 0.6811, 0.5791 -1.2528 0.6811, 0.5512 -1.1268 0.7488, 0.5512 -1.1268 0.7697, 0.5791 -1.1268 0.6811, 0.6417 -1.1268 0.6811, -0.1457 -1.1268 0.7697, -0.1457 -1.1268 0.6811, -0.1457 -1.2528 0.7697, -0.1457 -1.2528 0.6811
            ]
        }
        coordIndex [
            0,1,2,-1,2,1,3,-1,2,3,4,-1,2,5,0,-1,0,5,6,-1,5,2,7,-1,7,2,4,-1,4,3,7,-1,7,3,8,-1,9,10,11,-1,11,10,12,-1,
        ]
    }
}
Shape{
    appearance Appearance {
        material  Material 	{
            diffuseColor 0.25098039215686274 0.25098039215686274 0.25098039215686274
            specularColor 0.12549019607843137 0.12549019607843137 0.12549019607843137
            ambientIntensity 0.251
            transparency 0.0
            shininess 0.5
        }
    }
    geometry IndexedFaceSet {
        ccw TRUE
        solid FALSE
        coord DEF co Coordinate {
            point [
                -0.2083 -1.1268 0.6811, -0.1457 -1.1268 0.6811, -0.2362 -1.1268 0.7488, -0.1457 -1.1268 0.7697, -0.2362 -1.1268 0.7697
            ]
        }
        coordIndex [
            0,1,2,-1,2,1,3,-1,2,3,4,-1,
        ]
    }
}
Shape{
    appearance Appearance {
        material  Material 	{
            diffuseColor 0.7529411764705882 0.7529411764705882 0.7529411764705882
            specularColor 0.3764705882352941 0.3764705882352941 0.3764705882352941
            ambientIntensity 0.7529
            transparency 0.0
            shininess 0.5
        }
    }
    geometry IndexedFaceSet {
        ccw TRUE
        solid FALSE
        coord DEF co Coordinate {
            point [
                -0.2362 -1.2528 0.7697, -0.1457 -1.2528 0.7697, -0.2362 -1.2528 0.7488, -0.1457 -1.2528 0.6811, -0.2083 -1.2528 0.6811, -0.2362 -1.1268 0.7488, -0.2362 -1.1268 0.7697, -0.2083 -1.1268 0.6811, -0.1457 -1.1268 0.6811
            ]
        }
        coordIndex [
            0,1,2,-1,2,1,3,-1,2,3,4,-1,2,5,0,-1,0,5,6,-1,5,2,7,-1,7,2,4,-1,4,3,7,-1,7,3,8,-1,
        ]
    }
}
Shape{
    appearance Appearance {
        material  Material 	{
            diffuseColor 0.25098039215686274 0.25098039215686274 0.25098039215686274
            specularColor 0.12549019607843137 0.12549019607843137 0.12549019607843137
            ambientIntensity 0.251
            transparency 0.0
            shininess 0.5
        }
    }
    geometry IndexedFaceSet {
        ccw TRUE
        solid FALSE
        coord DEF co Coordinate {
            point [
                1.0236 -1.1268 0.7697, 0.9331 -1.1268 0.7697, 1.0236 -1.1268 0.7488, 0.9331 -1.1268 0.6811, 0.9958 -1.1268 0.6811
            ]
        }
        coordIndex [
            0,1,2,-1,2,1,3,-1,2,3,4,-1,
        ]
    }
}
Shape{
    appearance Appearance {
        material  Material 	{
            diffuseColor 0.7529411764705882 0.7529411764705882 0.7529411764705882
            specularColor 0.3764705882352941 0.3764705882352941 0.3764705882352941
            ambientIntensity 0.7529
            transparency 0.0
            shininess 0.5
        }
    }
    geometry IndexedFaceSet {
        ccw TRUE
        solid FALSE
        coord DEF co Coordinate {
            point [
                0.9331 -1.2528 0.7697, 0.9331 -1.2528 0.6811, 0.9331 -1.1268 0.7697, 0.9331 -1.1268 0.6811, 0.9958 -1.2528 0.6811, 1.0236 -1.2528 0.7488, 1.0236 -1.2528 0.7697, 1.0236 -1.1268 0.7488, 1.0236 -1.1268 0.7697, 0.9958 -1.1268 0.6811, -0.9232 -0.1004 0.6811, -0.9232 -0.243 0.6811, -0.9232 -0.1004 0.5913, -0.9232 -0.243 0.5913, -0.8915 -0.1004 0.4724, -0.8915 -0.243 0.4724, -0.7226 -0.1004 0.4724, -0.7226 -0.243 0.4724, -0.6909 -0.1004 0.5913, -0.6909 -0.243 0.5913, -0.6909 -0.1004 0.6811, -0.6909 -0.243 0.6811, -0.6457 -0.243 0.878, -0.6457 -0.243 0.6811, -0.9685 -0.243 0.878, -0.9685 -0.243 0.6811, -0.6457 -0.1004 0.6811, -0.9685 -0.1004 0.6811, -0.6457 -0.1004 0.878, -0.9685 -0.1004 0.878
            ]
        }
        coordIndex [
            0,1,2,-1,2,1,3,-1,4,1,5,-1,5,1,0,-1,5,0,6,-1,7,5,8,-1,8,5,6,-1,5,7,4,-1,4,7,9,-1,9,3,4,-1,4,3,1,-1,10,11,12,-1,12,11,13,-1,12,13,14,-1,14,13,15,-1,14,15,16,-1,16,15,17,-1,16,17,18,-1,18,17,19,-1,18,19,20,-1,20,19,21,-1,22,23,24,-1,24,23,21,-1,25,24,11,-1,11,24,21,-1,11,21,13,-1,13,21,19,-1,13,19,15,-1,15,19,17,-1,23,26,21,-1,21,26,20,-1,25,11,27,-1,27,11,10,-1,26,23,28,-1,28,23,22,-1,25,27,24,-1,24,27,29,-1,
        ]
    }
}
Shape{
    appearance Appearance {
        material  Material 	{
            diffuseColor 0.25098039215686274 0.25098039215686274 0.25098039215686274
            specularColor 0.12549019607843137 0.12549019607843137 0.12549019607843137
            ambientIntensity 0.251
            transparency 0.0
            shininess 0.5
        }
    }
    geometry IndexedFaceSet {
        ccw TRUE
        solid FALSE
        coord DEF co Coordinate {
            point [
                -0.9685 -0.1004 0.878, -0.9685 -0.1004 0.6811, -0.6457 -0.1004 0.878, -0.9232 -0.1004 0.6811, -0.6457 -0.1004 0.6811, -0.6909 -0.1004 0.6811, -0.6909 -0.1004 0.5913, -0.9232 -0.1004 0.5913, -0.7226 -0.1004 0.4724, -0.8915 -0.1004 0.4724
            ]
        }
        coordIndex [
            0,1,2,-1,2,1,3,-1,4,2,5,-1,5,2,3,-1,5,3,6,-1,6,3,7,-1,6,7,8,-1,8,7,9,-1,
        ]
    }
}
Shape{
    appearance Appearance {
        material  Material 	{
            diffuseColor 0.7529411764705882 0.7529411764705882 0.7529411764705882
            specularColor 0.3764705882352941 0.3764705882352941 0.3764705882352941
            ambientIntensity 0.7529
            transparency 0.0
            shininess 0.5
        }
    }
    geometry IndexedFaceSet {
        ccw TRUE
        solid FALSE
        coord DEF co Coordinate {
            point [
                -0.5079 -0.1004 0.878, -0.5079 -0.243 0.878, -0.5079 -0.1004 0.6811, -0.5079 -0.243 0.6811, -0.4311 -0.243 0.6811, -0.2795 -0.243 0.878, -0.2795 -0.243 0.6811, -0.3563 -0.243 0.6811, -0.388 -0.243 0.4724, -0.3994 -0.243 0.4724, -0.3563 -0.243 0.5913, -0.4311 -0.243 0.5913, -0.2795 -0.1004 0.6811, -0.2795 -0.1004 0.878
            ]
        }
        coordIndex [
            0,1,2,-1,2,1,3,-1,4,3,1,-1,5,6,7,-1,8,9,10,-1,10,9,11,-1,10,11,7,-1,7,11,4,-1,7,4,5,-1,5,4,1,-1,12,6,13,-1,13,6,5,-1,
        ]
    }
}
Shape{
    appearance Appearance {
        material  Material 	{
            diffuseColor 0.25098039215686274 0.25098039215686274 0.25098039215686274
            specularColor 0.12549019607843137 0.12549019607843137 0.12549019607843137
            ambientIntensity 0.251
            transparency 0.0
            shininess 0.5
        }
    }
    geometry IndexedFaceSet {
        ccw TRUE
        solid FALSE
        coord DEF co Coordinate {
            point [
                -0.5079 -0.1004 0.878, -0.5079 -0.1004 0.6811, -0.2795 -0.1004 0.878, -0.4311 -0.1004 0.6811, -0.2795 -0.1004 0.6811, -0.3563 -0.1004 0.6811, -0.3563 -0.1004 0.5913, -0.4311 -0.1004 0.5913, -0.388 -0.1004 0.4724, -0.3994 -0.1004 0.4724
            ]
        }
        coordIndex [
            0,1,2,-1,2,1,3,-1,4,2,5,-1,5,2,3,-1,5,3,6,-1,6,3,7,-1,6,7,8,-1,8,7,9,-1,
        ]
    }
}
Shape{
    appearance Appearance {
        material  Material 	{
            diffuseColor 0.7529411764705882 0.7529411764705882 0.7529411764705882
            specularColor 0.3764705882352941 0.3764705882352941 0.3764705882352941
            ambientIntensity 0.7529
            transparency 0.0
            shininess 0.5
        }
    }
    geometry IndexedFaceSet {
        ccw TRUE
        solid FALSE
        coord DEF co Coordinate {
            point [
                -0.2795 -0.243 0.6811, -0.2795 -0.1004 0.6811, -0.3563 -0.243 0.6811, -0.3563 -0.1004 0.6811, -0.3563 -0.1004 0.5913, -0.3563 -0.243 0.5913, -0.388 -0.1004 0.4724, -0.388 -0.243 0.4724, -0.3994 -0.1004 0.4724, -0.3994 -0.243 0.4724, -0.4311 -0.1004 0.5913, -0.4311 -0.243 0.5913, -0.4311 -0.1004 0.6811, -0.4311 -0.243 0.6811, -0.5079 -0.243 0.6811, -0.5079 -0.1004 0.6811, -0.1224 -0.1004 0.878, -0.1224 -0.243 0.878, -0.1224 -0.1004 0.6811, -0.1224 -0.243 0.6811, -0.0772 -0.243 0.6811, 0.1225 -0.243 0.878, 0.1225 -0.243 0.6811, 0.0772 -0.243 0.6811, -0.0772 -0.243 0.5913, 0.0772 -0.243 0.5913, -0.0455 -0.243 0.4724, 0.0455 -0.243 0.4724, 0.1225 -0.1004 0.6811, 0.1225 -0.1004 0.878
            ]
        }
        coordIndex [
            0,1,2,-1,2,1,3,-1,4,5,3,-1,3,5,2,-1,6,7,4,-1,4,7,5,-1,8,9,6,-1,6,9,7,-1,10,11,8,-1,8,11,9,-1,12,13,10,-1,10,13,11,-1,14,13,15,-1,15,13,12,-1,16,17,18,-1,18,17,19,-1,20,19,17,-1,21,22,23,-1,17,21,20,-1,20,21,23,-1,20,23,24,-1,24,23,25,-1,24,25,26,-1,26,25,27,-1,28,22,29,-1,29,22,21,-1,
        ]
    }
}
Shape{
    appearance Appearance {
        material  Material 	{
            diffuseColor 0.25098039215686274 0.25098039215686274 0.25098039215686274
            specularColor 0.12549019607843137 0.12549019607843137 0.12549019607843137
            ambientIntensity 0.251
            transparency 0.0
            shininess 0.5
        }
    }
    geometry IndexedFaceSet {
        ccw TRUE
        solid FALSE
        coord DEF co Coordinate {
            point [
                -0.1224 -0.1004 0.878, -0.1224 -0.1004 0.6811, 0.1225 -0.1004 0.878, -0.0772 -0.1004 0.6811, -0.0455 -0.1004 0.4724, 0.0455 -0.1004 0.4724, -0.0772 -0.1004 0.5913, 0.0772 -0.1004 0.5913, 0.0772 -0.1004 0.6811, 0.1225 -0.1004 0.6811
            ]
        }
        coordIndex [
            0,1,2,-1,2,1,3,-1,4,5,6,-1,6,5,7,-1,6,7,3,-1,3,7,8,-1,3,8,2,-1,2,8,9,-1,
        ]
    }
}
Shape{
    appearance Appearance {
        material  Material 	{
            diffuseColor 0.7529411764705882 0.7529411764705882 0.7529411764705882
            specularColor 0.3764705882352941 0.3764705882352941 0.3764705882352941
            ambientIntensity 0.7529
            transparency 0.0
            shininess 0.5
        }
    }
    geometry IndexedFaceSet {
        ccw TRUE
        solid FALSE
        coord DEF co Coordinate {
            point [
                0.1225 -0.243 0.6811, 0.1225 -0.1004 0.6811, 0.0772 -0.243 0.6811, 0.0772 -0.1004 0.6811, 0.0772 -0.1004 0.5913, 0.0772 -0.243 0.5913, 0.0455 -0.1004 0.4724, 0.0455 -0.243 0.4724, -0.0455 -0.1004 0.4724, -0.0455 -0.243 0.4724, -0.0772 -0.1004 0.5913, -0.0772 -0.243 0.5913, -0.0772 -0.1004 0.6811, -0.0772 -0.243 0.6811, -0.1224 -0.243 0.6811, -0.1224 -0.1004 0.6811, 0.2795 -0.1004 0.878, 0.2795 -0.243 0.878, 0.2795 -0.1004 0.6811, 0.2795 -0.243 0.6811, 0.5079 -0.243 0.878, 0.5079 -0.243 0.6811, 0.4311 -0.243 0.6811, 0.3994 -0.243 0.4724, 0.388 -0.243 0.4724, 0.4311 -0.243 0.5913, 0.3563 -0.243 0.5913, 0.3563 -0.243 0.6811, 0.5079 -0.1004 0.6811, 0.5079 -0.1004 0.878
            ]
        }
        coordIndex [
            0,1,2,-1,2,1,3,-1,4,5,3,-1,3,5,2,-1,6,7,4,-1,4,7,5,-1,8,9,6,-1,6,9,7,-1,10,11,8,-1,8,11,9,-1,12,13,10,-1,10,13,11,-1,14,13,15,-1,15,13,12,-1,16,17,18,-1,18,17,19,-1,20,21,17,-1,17,21,22,-1,23,24,25,-1,25,24,26,-1,25,26,22,-1,22,26,27,-1,22,27,17,-1,17,27,19,-1,28,21,29,-1,29,21,20,-1,
        ]
    }
}
Shape{
    appearance Appearance {
        material  Material 	{
            diffuseColor 0.25098039215686274 0.25098039215686274 0.25098039215686274
            specularColor 0.12549019607843137 0.12549019607843137 0.12549019607843137
            ambientIntensity 0.251
            transparency 0.0
            shininess 0.5
        }
    }
    geometry IndexedFaceSet {
        ccw TRUE
        solid FALSE
        coord DEF co Coordinate {
            point [
                0.2795 -0.1004 0.878, 0.2795 -0.1004 0.6811, 0.5079 -0.1004 0.878, 0.3563 -0.1004 0.6811, 0.5079 -0.1004 0.6811, 0.4311 -0.1004 0.6811, 0.4311 -0.1004 0.5913, 0.3563 -0.1004 0.5913, 0.3994 -0.1004 0.4724, 0.388 -0.1004 0.4724
            ]
        }
        coordIndex [
            0,1,2,-1,2,1,3,-1,4,2,5,-1,5,2,3,-1,5,3,6,-1,6,3,7,-1,6,7,8,-1,8,7,9,-1,
        ]
    }
}
Shape{
    appearance Appearance {
        material  Material 	{
            diffuseColor 0.7529411764705882 0.7529411764705882 0.7529411764705882
            specularColor 0.3764705882352941 0.3764705882352941 0.3764705882352941
            ambientIntensity 0.7529
            transparency 0.0
            shininess 0.5
        }
    }
    geometry IndexedFaceSet {
        ccw TRUE
        solid FALSE
        coord DEF co Coordinate {
            point [
                0.5079 -0.243 0.6811, 0.5079 -0.1004 0.6811, 0.4311 -0.243 0.6811, 0.4311 -0.1004 0.6811, 0.4311 -0.1004 0.5913, 0.4311 -0.243 0.5913, 0.3994 -0.1004 0.4724, 0.3994 -0.243 0.4724, 0.388 -0.1004 0.4724, 0.388 -0.243 0.4724, 0.3563 -0.1004 0.5913, 0.3563 -0.243 0.5913, 0.3563 -0.1004 0.6811, 0.3563 -0.243 0.6811, 0.2795 -0.243 0.6811, 0.2795 -0.1004 0.6811, 0.6457 -0.1004 0.878, 0.6457 -0.243 0.878, 0.6457 -0.1004 0.6811, 0.6457 -0.243 0.6811, 0.9685 -0.243 0.878, 0.9685 -0.243 0.6811, 0.9232 -0.243 0.6811, 0.8915 -0.243 0.4724, 0.7227 -0.243 0.4724, 0.9232 -0.243 0.5913, 0.691 -0.243 0.5913, 0.691 -0.243 0.6811, 0.9685 -0.1004 0.6811, 0.9685 -0.1004 0.878
            ]
        }
        coordIndex [
            0,1,2,-1,2,1,3,-1,4,5,3,-1,3,5,2,-1,6,7,4,-1,4,7,5,-1,8,9,6,-1,6,9,7,-1,10,11,8,-1,8,11,9,-1,12,13,10,-1,10,13,11,-1,14,13,15,-1,15,13,12,-1,16,17,18,-1,18,17,19,-1,20,21,17,-1,17,21,22,-1,23,24,25,-1,25,24,26,-1,25,26,22,-1,22,26,27,-1,22,27,17,-1,17,27,19,-1,28,21,29,-1,29,21,20,-1,
        ]
    }
}
Shape{
    appearance Appearance {
        material  Material 	{
            diffuseColor 0.25098039215686274 0.25098039215686274 0.25098039215686274
            specularColor 0.12549019607843137 0.12549019607843137 0.12549019607843137
            ambientIntensity 0.251
            transparency 0.0
            shininess 0.5
        }
    }
    geometry IndexedFaceSet {
        ccw TRUE
        solid FALSE
        coord DEF co Coordinate {
            point [
                0.6457 -0.1004 0.878, 0.6457 -0.1004 0.6811, 0.9685 -0.1004 0.878, 0.691 -0.1004 0.6811, 0.9685 -0.1004 0.6811, 0.9232 -0.1004 0.6811, 0.9232 -0.1004 0.5913, 0.691 -0.1004 0.5913, 0.8915 -0.1004 0.4724, 0.7227 -0.1004 0.4724
            ]
        }
        coordIndex [
            0,1,2,-1,2,1,3,-1,4,2,5,-1,5,2,3,-1,5,3,6,-1,6,3,7,-1,6,7,8,-1,8,7,9,-1,
        ]
    }
}
Shape{
    appearance Appearance {
        material  Material 	{
            diffuseColor 0.7529411764705882 0.7529411764705882 0.7529411764705882
            specularColor 0.3764705882352941 0.3764705882352941 0.3764705882352941
            ambientIntensity 0.7529
            transparency 0.0
            shininess 0.5
        }
    }
    geometry IndexedFaceSet {
        ccw TRUE
        solid FALSE
        coord DEF co Coordinate {
            point [
                0.9685 -0.243 0.6811, 0.9685 -0.1004 0.6811, 0.9232 -0.243 0.6811, 0.9232 -0.1004 0.6811, 0.9232 -0.1004 0.5913, 0.9232 -0.243 0.5913, 0.8915 -0.1004 0.4724, 0.8915 -0.243 0.4724, 0.7227 -0.1004 0.4724, 0.7227 -0.243 0.4724, 0.691 -0.1004 0.5913, 0.691 -0.243 0.5913, 0.691 -0.1004 0.6811, 0.691 -0.243 0.6811, 0.6457 -0.243 0.6811, 0.6457 -0.1004 0.6811, -1.2697 -1.2185 0.6024, -1.2185 -1.2185 0.6024, -1.2185 -1.2185 0.5138, -1.2775 -1.2185 0.5138, -1.2775 -1.2185 0.6024, -1.2697 -1.2185 0.6811, -1.2185 -1.2185 0.7697, -1.2185 -1.2185 0.6811, -1.2244 -1.2185 0.7697, -1.3169 -1.2185 0.6024, -1.3169 -1.2185 0.6811, -1.2775 -1.2185 0.6811, -1.2775 -1.2185 0.7697
            ]
        }
        coordIndex [
            0,1,2,-1,2,1,3,-1,4,5,3,-1,3,5,2,-1,6,7,4,-1,4,7,5,-1,8,9,6,-1,6,9,7,-1,10,11,8,-1,8,11,9,-1,12,13,10,-1,10,13,11,-1,14,13,15,-1,15,13,12,-1,16,17,18,-1,18,19,16,-1,16,19,20,-1,16,20,21,-1,22,23,24,-1,24,23,21,-1,25,26,20,-1,20,26,27,-1,20,27,21,-1,21,27,28,-1,21,28,24,-1,
        ]
    }
}
Shape{
    appearance Appearance {
        material  Material 	{
            diffuseColor 0.25098039215686274 0.25098039215686274 0.25098039215686274
            specularColor 0.12549019607843137 0.12549019607843137 0.12549019607843137
            ambientIntensity 0.251
            transparency 0.0
            shininess 0.5
        }
    }
    geometry IndexedFaceSet {
        ccw TRUE
        solid FALSE
        coord DEF co Coordinate {
            point [
                -1.3169 -1.4154 0.7697, -1.3169 -1.2579 0.7697, -1.3169 -1.4154 0.5138, -1.3169 -1.2579 0.6811, -1.3169 -1.2579 0.5138, -1.3169 -1.2579 0.6024, -1.3169 -1.2185 0.6024, -1.3169 -1.2185 0.6811, -1.1792 -1.7107 0.7205, -1.219 -1.6254 0.7697, -1.1792 -1.7107 0.563, -1.219 -1.6254 0.5138, -1.3059 -1.4391 0.7697, -1.2244 -1.6138 0.7697, -0.7874 -1.6254 0.7697, 1.1792 -1.7107 0.7205, 1.219 -1.6254 0.7697, 0.7874 -1.6254 0.7697, 0.4478 -1.6254 0.7697, 0.0502 -1.6254 0.7697, -0.3396 -1.6254 0.7697, 1.1792 -1.7107 0.563, 1.219 -1.6254 0.5138, 1.2205 -1.6222 0.5138, 1.3059 -1.4391 0.7697, 1.3169 -1.4154 0.5138, 1.3169 -1.4154 0.7697, 1.3169 -1.2579 0.6811, 1.3169 -1.2579 0.7697, 1.3169 -1.2579 0.5138, 1.3169 -1.2579 0.6024, 1.3169 -1.2185 0.6024, 1.3169 -1.2185 0.6811, 0.7874 -1.6254 0.5138, -0.7874 -1.6254 0.5138, -0.4478 -1.6254 0.5138, -0.0502 -1.6254 0.5138, 0.3396 -1.6254 0.5138, -1.1594 -0.3705 0.878, -1.1594 0.0019 0.878, -1.2002 0.0019 0.8726, -1.3169 -0.4981 0.7205, -1.3147 -0.4981 0.7469, -1.3169 0.0019 0.7205, -1.3116 0.0019 0.7612, -1.3105 -0.4981 0.7609, -1.3035 -0.4981 0.784, -1.2958 0.0019 0.7992, -1.2948 -0.4981 0.7986, -1.2837 -0.4981 0.8173, -1.2708 0.0019 0.8318, -1.2699 -0.4981 0.831, -1.2562 -0.4981 0.8447, -1.2382 0.0019 0.8569, -1.2376 -0.4981 0.8558, -1.223 -0.4981 0.8646, -1.1594 -0.4981 0.878, -1.1858 -0.4981 0.8757, -1.1999 -0.4981 0.8715, -0.2401 -0.5926 0.7835, -0.2401 -0.5965 0.7795, 0.437 -0.5965 0.7795, 0.5473 -0.5926 0.7835, 1.1595 -0.4981 0.878, 0.437 -0.5926 0.7835, -0.201 -0.4981 0.878, -0.3504 -0.5926 0.7835, -0.3504 -0.5965 0.7795, -1.1594 -0.5965 0.7795, 1.1378 -0.5965 0.7795, 1.1595 -0.5965 0.7795, 1.1378 -0.5926 0.7835, 1.0276 -0.5926 0.7835, 1.0276 -0.5965 0.7795, 0.5473 -0.5965 0.7795, 1.283 -0.4981 0.8179, 1.2831 0.0019 0.818, 1.2581 0.0019 0.8432, 1.3169 -0.4981 0.7205, 1.3169 0.0019 0.7205, 1.3147 -0.4981 0.7469, 1.3133 0.0019 0.7543, 1.3126 -0.4981 0.7541, 1.3036 -0.4981 0.784, 1.3018 0.0019 0.7878, 1.3014 -0.4981 0.7876, 1.2837 -0.4981 0.8173, 1.2282 0.0019 0.8622, 1.2563 -0.4981 0.8447, 1.2579 -0.4981 0.843, 1.1947 0.0019 0.874, 1.1595 0.0019 0.878, 1.1595 -0.3705 0.878, 1.1858 -0.4981 0.8757, 1.1945 -0.4981 0.8731, 1.223 -0.4981 0.8646, 1.2279 -0.4981 0.8617, -0.201 0.0019 0.878, 1.1595 0.0107 0.8789, -1.1594 0.0107 0.8791, -1.1594 0.0121 0.8793, 1.1595 0.019 0.8819, -1.1594 0.0189 0.8821, -1.1594 0.0216 0.8832, 1.1595 0.0265 0.8865, -1.1594 0.0263 0.8868, -1.1594 0.0298 0.8895, 1.1595 0.0327 0.8928, -1.1594 0.0324 0.893, 1.1595 0.0374 0.9002, -1.1594 0.0371 0.9003, -1.1594 0.036 0.8976, 1.1595 0.0413 0.9173, -1.1594 0.0413 0.9173, 1.1595 0.0403 0.9086, -1.1594 0.0401 0.9086, -1.1594 0.04 0.9071, -1.3169 0.0019 0.563, -1.3169 -0.4981 0.563, -1.1987 -0.592 0.7697, -1.1921 -0.5965 0.7697, -1.1833 -0.5965 0.7745, -1.2185 -0.5904 0.7467, -1.2185 -0.5921 0.7434, -1.2185 -0.5953 0.7305, -1.2185 -0.5961 0.7273, -1.2185 -0.5965 0.7205, -1.2185 -0.5801 0.7669, -1.2185 -0.5787 0.7697, -1.1693 -0.5965 0.7787, -1.2104 0.0413 0.9106, -1.3475 0.0401 0.7205, -1.3461 0.04 0.7205, -1.3397 0.04 0.7688, -1.2078 0.04 0.9008, -1.3393 0.0371 0.7205, -1.3366 0.036 0.7205, -1.3306 0.036 0.7663, -1.2053 0.036 0.8916, -1.3319 0.0324 0.7205, -1.3285 0.0298 0.7205, -1.3227 0.0298 0.7642, -1.2032 0.0298 0.8837, -1.3258 0.0263 0.7205, -1.3222 0.0216 0.7205, -1.3166 0.0216 0.7626, -1.2016 0.0216 0.8777, -1.3211 0.0189 0.7205, -1.3183 0.0121 0.7205, -1.3128 0.0121 0.7616, -1.2005 0.0121 0.8739, -1.3181 0.0107 0.7205, -1.2388 0.0121 0.858, -1.2717 0.0121 0.8328, -1.297 0.0121 0.7999, -1.2408 0.0216 0.8614, -1.2745 0.0216 0.8356, -1.3004 0.0216 0.8019, -1.2439 0.0298 0.8668, -1.2789 0.0298 0.84, -1.3058 0.0298 0.805, -1.248 0.036 0.8739, -1.2847 0.036 0.8457, -1.3129 0.036 0.8091, -1.2528 0.04 0.8821, -1.2914 0.04 0.8525, -1.3211 0.04 0.8138, -1.2579 0.0413 0.891, -1.2986 0.0413 0.8597, -1.3299 0.0413 0.8189, -1.3496 0.0413 0.7714, -1.3563 0.0413 0.7205, -0.3504 -0.5965 0.7697, -0.7874 -0.5965 0.7697, 1.2185 -0.5863 0.7565, 1.2185 -0.59 0.7469, 1.1694 -0.5965 0.7787, 1.2185 -0.5952 0.7305, 1.2185 -0.5965 0.7205, 1.2185 -0.5947 0.7348, 1.2185 -0.5804 0.7667, 1.2185 -0.5787 0.7697, 1.1988 -0.592 0.7697, 1.1833 -0.5965 0.7745, 1.1921 -0.5965 0.7697, 1.3169 -0.4981 0.563, 1.3169 0.0019 0.563, 1.3461 0.04 0.7205, 1.3476 0.0401 0.7205, 1.3432 0.0403 0.7608, 1.3393 0.0371 0.7205, 1.332 0.0324 0.7205, 1.3366 0.036 0.7205, 1.335 0.0374 0.7591, 1.3258 0.0263 0.7205, 1.3285 0.0298 0.7205, 1.3277 0.0327 0.7575, 1.3211 0.0189 0.7205, 1.3222 0.0216 0.7205, 1.3217 0.0265 0.7561, 1.3181 0.0107 0.7205, 1.3142 0.0107 0.7545, 1.3027 0.0107 0.7883, 1.2839 0.0107 0.8186, 1.2588 0.0107 0.844, 1.2286 0.0107 0.8631, 1.1949 0.0107 0.8749, 1.3183 0.0121 0.7205, 1.3171 0.019 0.7551, 1.3053 0.019 0.7895, 1.2862 0.019 0.8204, 1.2606 0.019 0.8462, 1.2299 0.019 0.8657, 1.1956 0.019 0.8778, 1.3096 0.0265 0.7915, 1.2899 0.0265 0.8233, 1.2635 0.0265 0.8499, 1.2319 0.0265 0.8699, 1.1966 0.0265 0.8823, 1.3152 0.0327 0.7942, 1.2947 0.0327 0.8272, 1.2674 0.0327 0.8548, 1.2346 0.0327 0.8755, 1.198 0.0327 0.8884, 1.3219 0.0374 0.7974, 1.3006 0.0374 0.8318, 1.2721 0.0374 0.8606, 1.2379 0.0374 0.8822, 1.1997 0.0374 0.8957, 1.3295 0.0403 0.8009, 1.3071 0.0403 0.837, 1.2773 0.0403 0.8671, 1.2415 0.0403 0.8897, 1.2016 0.0403 0.9038, 1.3563 0.0413 0.7205, 1.3517 0.0413 0.7627, 1.3374 0.0413 0.8047, 1.314 0.0413 0.8424, 1.2828 0.0413 0.8739, 1.2453 0.0413 0.8976, 1.2035 0.0413 0.9123, 0.3504 -0.5965 0.5138, 0.3504 -0.5965 0.5039, 0.7874 -0.5965 0.5138, 1.1595 -0.5965 0.5039, 1.1921 -0.5965 0.5138, 1.1694 -0.5965 0.5048, 1.1833 -0.5965 0.509, -1.2185 -0.5965 0.563, -1.3179 0.0107 0.563, -1.3208 0.019 0.563, -1.3255 0.0265 0.563, -1.3317 0.0327 0.563, -1.3392 0.0374 0.563, -1.3475 0.0403 0.563, -1.3563 0.0413 0.563, 1.2185 -0.5965 0.563, 1.3179 0.0107 0.563, 1.3184 0.0121 0.563, 1.3208 0.019 0.563, 1.3224 0.0215 0.563, 1.3255 0.0265 0.563, 1.3286 0.0296 0.563, 1.3318 0.0327 0.563, 1.3367 0.0358 0.563, 1.3392 0.0374 0.563, 1.3462 0.0398 0.563, 1.3475 0.0403 0.563, 1.3563 0.0413 0.563, -1.6417 0.126 0.7687, -1.6417 0.1259 0.7657, -1.5571 0.0413 0.7657, -1.6417 0.126 0.7717, -1.547 0.0413 0.8422, -1.6382 0.1267 0.8229, -1.6408 0.1264 0.7974, -1.2618 0.1259 1.1457, -1.2648 0.126 1.1457, -1.2618 0.0413 1.061, -1.2677 0.126 1.1457, -1.2934 0.1264 1.1448, -1.319 0.1267 1.1421, -1.3382 0.0413 1.051, -1.3603 0.1267 1.1335, -1.4104 0.1267 1.1127, -1.4094 0.0413 1.0215, -1.4522 0.1267 1.0955, -1.4928 0.1267 1.0643, -1.4706 0.0413 0.9745, -1.531 0.1267 1.035, -1.5603 0.1267 0.9967, -1.5175 0.0413 0.9134, -1.5915 0.1267 0.9561, -1.6088 0.1267 0.9144, -1.6295 0.1267 0.8643, -1.5571 0.0413 0.5177, -1.6417 0.1259 0.5177, 0.5618 0.0414 0.9234, 0.8957 0.0413 0.9232, 0.5315 0.1003 0.9823, 0.9252 0.1004 0.9823, -1.0236 0.435 1.1465, -1.1024 0.5267 1.1465, -1.1024 0.5137 1.1465, -1.1004 0.4962 1.1465, -1.0946 0.4796 1.1465, -1.0852 0.4646 1.1465, -1.0727 0.4522 1.1465, -1.0578 0.4428 1.1465, -1.0411 0.437 1.1465, -0.4331 0.5267 1.1465, -0.4921 0.435 1.1465, -0.4331 0.4941 1.1465, -0.4768 0.437 1.1465, -0.4626 0.4429 1.1465, -0.4504 0.4523 1.1465, -0.441 0.4645 1.1465, -0.4351 0.4788 1.1465, -0.5324 0.1004 0.9823, -0.9252 0.1004 0.9823, -0.5618 0.0414 0.9234, -0.8957 0.0413 0.9232, 0.2362 -1.1268 0.5138, 0.1457 -1.1268 0.5138, -0.0502 -0.9336 0.5138, 0.7874 -0.5965 0.5138, 0.3504 -0.5965 0.5138, -1.1921 -0.5965 0.5138, -1.1378 -0.5965 0.5138, -1.1378 -0.5965 0.5138, -1.2185 -0.5965 0.5138, -1.1987 -0.592 0.5138, -1.2185 -0.5787 0.5138, -1.1378 -0.9336 0.5138, -1.2185 -0.9336 0.5138, -1.0275 -1.452 0.5138, -1.0275 -0.9336 0.5138, -1.0236 -1.2528 0.5138, -1.0236 -1.1268 0.5138, -0.9331 -1.1268 0.5138, -0.7874 -0.9336 0.5138, -0.9331 -1.2528 0.5138, -1.1378 -1.452 0.5138, -1.2185 -1.2185 0.5138, -1.2775 -1.2185 0.5138, -1.3156 -1.2477 0.5138, -1.3116 -1.2382 0.5138, -1.3054 -1.2301 0.5138, -1.2972 -1.2238 0.5138, -1.2877 -1.2199 0.5138, 1.0335 -1.2528 0.5138, 1.124 -1.2528 0.5138, 1.0335 -1.1268 0.5138, 0.7874 -0.9336 0.5138, 1.124 -1.1268 0.5138, 1.2185 -0.9336 0.5138, 1.2185 -1.2185 0.5138, 1.2205 -1.2185 0.5138, 1.2776 -1.2185 0.5138, 1.2878 -1.2199 0.5138, 1.2973 -1.2238 0.5138, 1.3054 -1.2301 0.5138, 1.3117 -1.2382 0.5138, 1.3156 -1.2477 0.5138, 1.2185 -0.5965 0.5138, 1.124 -0.6144 0.5138, 1.0335 -0.6144 0.5138, 1.124 -0.7404 0.5138, 1.0335 -0.7404 0.5138, 1.1988 -0.592 0.5138, 1.2185 -0.5787 0.5138, 0.4429 -0.7404 0.5138, 0.3504 -0.9336 0.5138, 0.4429 -0.6144 0.5138, 0.5413 -0.6144 0.5138, 0.5413 -0.7404 0.5138, 0.3504 -1.3339 0.5138, 0.4429 -1.2528 0.5138, 0.4429 -1.1268 0.5138, 0.5413 -1.1268 0.5138, 0.5413 -1.2528 0.5138, 0.2402 -0.9336 0.5138, 0.2402 -1.3339 0.5138, 0.3396 -1.3339 0.5138, 0.1457 -1.2528 0.5138, 0.2362 -1.2528 0.5138, -0.0502 -0.5965 0.5138, 0.2402 -0.5965 0.5138, -0.437 -0.5965 0.5138, -0.437 -0.5965 0.5138, -0.0502 -0.5965 0.5138, 0.2402 -0.5965 0.5138, -0.3445 -0.7404 0.5138, -0.437 -0.9336 0.5138, -0.3445 -0.6144 0.5138, -0.2461 -0.6144 0.5138, -0.2461 -0.7404 0.5138, -0.3445 -1.2528 0.5138, -0.437 -1.452 0.5138, -0.3445 -1.1268 0.5138, -0.2461 -1.1268 0.5138, -0.2461 -1.2528 0.5138, -0.4478 -1.452 0.5138, -0.5472 -1.452 0.5138, -0.5512 -1.1268 0.5138, -0.5472 -0.9336 0.5138, -0.5512 -1.2528 0.5138, -0.6417 -1.2528 0.5138, -0.6417 -1.1268 0.5138, -0.7874 -0.5965 0.5138, -0.5472 -0.5965 0.5138, -0.5472 -0.5965 0.5138, -0.7874 -0.5965 0.5138, -1.0275 -0.5965 0.5138, -1.0275 -0.5965 0.5138
            ]
        }
        coordIndex [
            0,1,2,-1,2,1,3,-1,4,2,5,-1,5,2,3,-1,5,3,6,-1,6,3,7,-1,8,9,10,-1,10,9,11,-1,0,2,12,-1,12,2,11,-1,12,11,13,-1,13,11,9,-1,14,9,8,-1,15,16,17,-1,17,18,15,-1,15,18,19,-1,15,19,8,-1,8,19,20,-1,8,20,14,-1,15,21,22,-1,15,22,16,-1,16,22,23,-1,16,23,24,-1,24,23,25,-1,24,25,26,-1,27,28,26,-1,25,29,30,-1,31,32,30,-1,30,32,27,-1,30,27,25,-1,25,27,26,-1,33,22,21,-1,10,11,34,-1,34,35,10,-1,10,35,36,-1,10,36,21,-1,21,36,37,-1,21,37,33,-1,8,10,15,-1,15,10,21,-1,38,39,40,-1,41,42,43,-1,43,42,44,-1,42,45,44,-1,44,45,46,-1,44,46,47,-1,46,48,47,-1,47,48,49,-1,47,49,50,-1,49,51,50,-1,50,51,52,-1,50,52,53,-1,52,54,53,-1,53,54,55,-1,53,55,40,-1,56,38,57,-1,57,38,40,-1,57,40,58,-1,58,40,55,-1,59,60,61,-1,62,63,64,-1,64,63,65,-1,61,64,59,-1,59,64,65,-1,59,65,66,-1,66,65,56,-1,66,56,67,-1,67,56,68,-1,69,70,71,-1,71,70,63,-1,71,63,72,-1,72,63,62,-1,72,62,73,-1,73,62,74,-1,75,76,77,-1,78,79,80,-1,80,79,81,-1,80,81,82,-1,82,81,83,-1,83,81,84,-1,83,84,85,-1,76,75,84,-1,84,75,86,-1,84,86,85,-1,87,88,77,-1,77,88,89,-1,77,89,75,-1,90,91,92,-1,63,93,92,-1,92,93,94,-1,92,94,90,-1,90,94,95,-1,90,95,87,-1,87,95,96,-1,87,96,88,-1,97,91,98,-1,39,97,99,-1,99,97,98,-1,99,98,100,-1,100,98,101,-1,100,101,102,-1,102,101,103,-1,103,101,104,-1,103,104,105,-1,105,104,106,-1,106,104,107,-1,106,107,108,-1,109,110,107,-1,107,110,111,-1,107,111,108,-1,112,113,114,-1,114,113,115,-1,114,115,109,-1,109,115,116,-1,109,116,110,-1,43,117,41,-1,41,117,118,-1,119,120,121,-1,48,46,122,-1,122,46,123,-1,123,46,45,-1,123,45,124,-1,124,45,42,-1,124,42,125,-1,125,42,41,-1,125,41,126,-1,48,122,49,-1,49,122,127,-1,49,127,51,-1,51,127,128,-1,51,128,52,-1,52,128,119,-1,52,119,54,-1,54,119,121,-1,54,121,55,-1,55,121,58,-1,58,121,129,-1,58,129,57,-1,57,129,68,-1,57,68,56,-1,115,113,130,-1,131,132,133,-1,110,116,134,-1,135,136,137,-1,108,111,138,-1,139,140,141,-1,105,106,142,-1,143,144,145,-1,102,103,146,-1,147,148,149,-1,99,100,150,-1,151,43,44,-1,39,99,40,-1,40,99,150,-1,40,150,53,-1,53,150,152,-1,53,152,50,-1,50,152,153,-1,50,153,47,-1,47,153,154,-1,47,154,44,-1,44,154,149,-1,44,149,151,-1,151,149,148,-1,100,102,150,-1,150,102,146,-1,150,146,152,-1,152,146,155,-1,152,155,153,-1,153,155,156,-1,153,156,154,-1,154,156,157,-1,154,157,149,-1,149,157,145,-1,149,145,147,-1,147,145,144,-1,103,105,146,-1,146,105,142,-1,146,142,155,-1,155,142,158,-1,155,158,156,-1,156,158,159,-1,156,159,157,-1,157,159,160,-1,157,160,145,-1,145,160,141,-1,145,141,143,-1,143,141,140,-1,106,108,142,-1,142,108,138,-1,142,138,158,-1,158,138,161,-1,158,161,159,-1,159,161,162,-1,159,162,160,-1,160,162,163,-1,160,163,141,-1,141,163,137,-1,141,137,139,-1,139,137,136,-1,111,110,138,-1,138,110,134,-1,138,134,161,-1,161,134,164,-1,161,164,162,-1,162,164,165,-1,162,165,163,-1,163,165,166,-1,163,166,137,-1,137,166,133,-1,137,133,135,-1,135,133,132,-1,116,115,134,-1,134,115,130,-1,134,130,164,-1,164,130,167,-1,164,167,165,-1,165,167,168,-1,165,168,166,-1,166,168,169,-1,166,169,133,-1,133,169,170,-1,133,170,131,-1,131,170,171,-1,172,67,173,-1,173,67,68,-1,173,68,120,-1,120,68,129,-1,120,129,121,-1,174,175,85,-1,63,70,176,-1,177,178,78,-1,78,80,177,-1,177,80,82,-1,177,82,179,-1,179,82,175,-1,175,82,83,-1,175,83,85,-1,174,85,180,-1,180,85,86,-1,180,86,181,-1,181,86,75,-1,181,75,182,-1,182,75,89,-1,182,89,88,-1,88,96,182,-1,182,96,183,-1,182,183,184,-1,96,95,183,-1,183,95,94,-1,183,94,176,-1,176,94,93,-1,176,93,63,-1,78,185,79,-1,79,185,186,-1,187,188,189,-1,187,189,190,-1,191,192,193,-1,194,195,196,-1,197,198,199,-1,79,200,81,-1,81,200,201,-1,81,201,84,-1,84,201,202,-1,84,202,76,-1,76,202,203,-1,76,203,77,-1,77,203,204,-1,77,204,87,-1,87,204,205,-1,87,205,90,-1,90,205,206,-1,90,206,91,-1,91,206,98,-1,200,207,201,-1,201,207,208,-1,201,208,202,-1,202,208,209,-1,202,209,203,-1,203,209,210,-1,203,210,204,-1,204,210,211,-1,204,211,205,-1,205,211,212,-1,205,212,206,-1,206,212,213,-1,206,213,98,-1,98,213,101,-1,207,197,208,-1,208,197,199,-1,208,199,209,-1,209,199,214,-1,209,214,210,-1,210,214,215,-1,210,215,211,-1,211,215,216,-1,211,216,212,-1,212,216,217,-1,212,217,213,-1,213,217,218,-1,213,218,101,-1,101,218,104,-1,198,194,199,-1,199,194,196,-1,199,196,214,-1,214,196,219,-1,214,219,215,-1,215,219,220,-1,215,220,216,-1,216,220,221,-1,216,221,217,-1,217,221,222,-1,217,222,218,-1,218,222,223,-1,218,223,104,-1,104,223,107,-1,195,191,196,-1,196,191,193,-1,196,193,219,-1,219,193,224,-1,219,224,220,-1,220,224,225,-1,220,225,221,-1,221,225,226,-1,221,226,222,-1,222,226,227,-1,222,227,223,-1,223,227,228,-1,223,228,107,-1,107,228,109,-1,192,190,193,-1,193,190,189,-1,193,189,224,-1,224,189,229,-1,224,229,225,-1,225,229,230,-1,225,230,226,-1,226,230,231,-1,226,231,227,-1,227,231,232,-1,227,232,228,-1,228,232,233,-1,228,233,109,-1,109,233,114,-1,188,234,189,-1,189,234,235,-1,189,235,229,-1,229,235,236,-1,229,236,230,-1,230,236,237,-1,230,237,231,-1,231,237,238,-1,231,238,232,-1,232,238,239,-1,232,239,233,-1,233,239,240,-1,233,240,114,-1,114,240,112,-1,241,242,243,-1,243,242,244,-1,243,244,245,-1,245,244,246,-1,245,246,247,-1,41,118,126,-1,126,118,248,-1,249,117,43,-1,43,151,249,-1,249,151,148,-1,249,148,250,-1,148,147,250,-1,250,147,144,-1,250,144,251,-1,144,143,251,-1,251,143,140,-1,251,140,252,-1,140,139,252,-1,252,139,136,-1,252,136,253,-1,136,135,253,-1,253,135,132,-1,253,132,254,-1,254,132,131,-1,254,131,255,-1,255,131,171,-1,178,256,78,-1,78,256,185,-1,79,186,200,-1,200,186,257,-1,200,257,207,-1,207,257,258,-1,207,258,197,-1,197,258,259,-1,197,259,198,-1,198,259,260,-1,198,260,194,-1,194,260,261,-1,194,261,195,-1,195,261,262,-1,195,262,191,-1,191,262,263,-1,191,263,192,-1,192,263,264,-1,192,264,190,-1,190,264,265,-1,190,265,187,-1,187,265,266,-1,187,266,188,-1,188,266,267,-1,188,267,234,-1,234,267,268,-1,269,270,271,-1,269,271,272,-1,273,274,271,-1,271,274,275,-1,271,275,272,-1,276,277,278,-1,278,277,279,-1,279,280,278,-1,278,280,281,-1,278,281,282,-1,281,283,282,-1,282,283,284,-1,282,284,285,-1,284,286,285,-1,285,286,287,-1,285,287,288,-1,287,289,288,-1,288,289,290,-1,288,290,291,-1,290,292,291,-1,291,292,293,-1,291,293,273,-1,273,293,294,-1,273,294,274,-1,295,271,296,-1,296,271,270,-1,297,298,299,-1,299,298,300,-1,301,302,303,-1,304,305,303,-1,303,305,306,-1,303,306,307,-1,307,308,303,-1,303,308,309,-1,303,309,301,-1,302,301,310,-1,310,301,311,-1,310,311,312,-1,312,311,313,-1,312,313,314,-1,315,316,314,-1,314,316,317,-1,314,317,312,-1,318,319,320,-1,320,319,321,-1,322,323,324,-1,325,326,241,-1,29,25,23,-1,327,328,329,-1,327,330,331,-1,331,330,332,-1,327,329,330,-1,330,329,333,-1,330,333,334,-1,335,336,337,-1,337,336,338,-1,339,340,341,-1,341,340,34,-1,337,341,335,-1,335,341,34,-1,335,34,342,-1,342,34,11,-1,334,333,343,-1,343,333,342,-1,343,342,344,-1,344,342,11,-1,344,11,2,-1,2,4,344,-1,344,4,345,-1,344,345,346,-1,346,347,344,-1,344,347,348,-1,344,348,349,-1,350,351,33,-1,33,351,23,-1,33,23,22,-1,350,33,352,-1,352,33,353,-1,352,353,354,-1,354,353,355,-1,354,355,351,-1,351,355,356,-1,351,356,23,-1,23,356,357,-1,23,357,29,-1,357,358,29,-1,29,358,359,-1,29,359,360,-1,360,361,29,-1,29,361,362,-1,29,362,363,-1,364,365,366,-1,365,364,367,-1,367,364,355,-1,367,355,368,-1,368,355,353,-1,368,353,366,-1,366,353,325,-1,366,325,364,-1,241,243,325,-1,325,243,245,-1,325,245,364,-1,364,245,369,-1,364,369,370,-1,371,372,373,-1,373,372,326,-1,373,326,374,-1,374,326,325,-1,374,325,375,-1,375,325,353,-1,375,353,371,-1,371,353,372,-1,33,37,376,-1,377,376,378,-1,378,376,372,-1,378,372,379,-1,379,372,353,-1,379,353,380,-1,380,353,33,-1,380,33,377,-1,377,33,376,-1,322,381,382,-1,36,382,37,-1,37,382,383,-1,37,383,376,-1,324,323,36,-1,36,323,384,-1,36,384,382,-1,382,384,385,-1,382,385,322,-1,322,324,381,-1,381,324,386,-1,381,386,387,-1,388,389,386,-1,386,389,390,-1,386,390,387,-1,387,390,391,-1,392,393,394,-1,394,393,388,-1,394,388,395,-1,395,388,386,-1,395,386,396,-1,396,386,324,-1,396,324,392,-1,392,324,393,-1,397,398,399,-1,399,398,393,-1,399,393,400,-1,400,393,324,-1,400,324,401,-1,401,324,36,-1,397,401,398,-1,398,401,36,-1,398,36,402,-1,402,36,35,-1,402,35,403,-1,403,35,34,-1,404,405,406,-1,406,405,403,-1,406,403,407,-1,407,403,34,-1,407,34,408,-1,408,34,340,-1,408,340,404,-1,404,340,405,-1,405,340,409,-1,405,409,410,-1,411,410,412,-1,412,410,409,-1,412,409,413,-1,413,409,414,-1,414,409,340,-1,414,340,336,-1,336,340,339,-1,336,339,338,-1,
        ]
    }
}
Shape{
    appearance Appearance {
        material  Material 	{
            diffuseColor 0.7529411764705882 0.7529411764705882 0.7529411764705882
            specularColor 0.3764705882352941 0.3764705882352941 0.3764705882352941
            ambientIntensity 0.7529
            transparency 0.0
            shininess 0.5
        }
    }
    geometry IndexedFaceSet {
        ccw TRUE
        solid FALSE
        coord DEF co Coordinate {
            point [
                -1.3821 0.7229 1.1268, -1.3821 0.8287 1.127, -1.4117 0.8283 1.1157, -1.6382 0.8283 0.8229, -1.6382 0.1267 0.8229, -1.6295 0.1267 0.8643, -1.6118 0.8283 0.9156, -1.6088 0.1267 0.9144, -1.5915 0.1267 0.9561, -1.5629 0.8283 0.9987, -1.5603 0.1267 0.9967, -1.531 0.1267 1.035, -1.4948 0.8283 1.0669, -1.319 0.1267 1.1421, -1.319 0.7229 1.1421, -1.3603 0.1267 1.1335, -1.4104 0.1267 1.1127, -1.4522 0.1267 1.0955, -1.4928 0.1267 1.0643
            ]
        }
        coordIndex [
            0,1,2,-1,3,4,5,-1,3,5,6,-1,5,7,6,-1,6,7,8,-1,6,8,9,-1,8,10,9,-1,9,10,11,-1,9,11,12,-1,13,14,15,-1,15,14,0,-1,15,0,16,-1,16,0,2,-1,16,2,17,-1,17,2,12,-1,17,12,18,-1,18,12,11,-1,
        ]
    }
}
Shape{
    appearance Appearance {
        material  Material 	{
            diffuseColor 0.25098039215686274 0.25098039215686274 0.25098039215686274
            specularColor 0.12549019607843137 0.12549019607843137 0.12549019607843137
            ambientIntensity 0.251
            transparency 0.0
            shininess 0.5
        }
    }
    geometry IndexedFaceSet {
        ccw TRUE
        solid FALSE
        coord DEF co Coordinate {
            point [
                1.4117 0.8283 1.1157, 1.3821 0.8283 1.127, 1.3821 0.7229 1.127, 1.6382 0.1267 0.8229, 1.6382 0.8283 0.8229, 1.6296 0.1267 0.8643, 1.6118 0.8283 0.9156, 1.6088 0.1267 0.9144, 1.5915 0.1267 0.9561, 1.5629 0.8283 0.9987, 1.5604 0.1267 0.9967, 1.531 0.1267 1.035, 1.4948 0.8283 1.0669, 1.4928 0.1267 1.0643, 1.4522 0.1267 1.0955, 1.4105 0.1267 1.1127, 1.3604 0.1267 1.1335, 1.319 0.7229 1.1421, 1.319 0.1267 1.1421, 0.9252 0.1988 0.9823, 0.5315 0.1988 0.9823, 0.9252 0.1004 0.9823, 0.5315 0.1003 0.9823, -1.1024 0.5941 1.0813, -1.1024 0.5267 1.1465, -0.7318 0.5925 1.0807, -0.4331 0.5267 1.1465, -0.5258 0.5925 1.0807, -0.4331 0.5275 1.1457, -0.468 0.5925 1.0807, -0.4297 0.5275 1.1457, 1.1024 0.5267 1.1465, 1.1024 0.5941 1.0813, 0.7318 0.5925 1.0807, 0.4676 0.5939 1.0807, 0.4297 0.5275 1.1457, 0.5259 0.5925 1.0807, 0.4331 0.5275 1.1457, 0.4331 0.5267 1.1465, -0.5315 0.1988 0.9823, -0.9252 0.1988 0.9823, -0.5324 0.1004 0.9823, -0.9252 0.1004 0.9823, 0.1225 -0.243 0.878, -0.1224 -0.243 0.878, -0.201 -0.3705 0.878, -0.201 0.0019 0.878, -0.1224 -0.1004 0.878, 0.1225 -0.1004 0.878, 0.6457 -0.1004 0.878, 1.1595 0.0019 0.878, 0.9685 -0.1004 0.878, 1.1595 -0.3705 0.878, 0.9685 -0.243 0.878, 0.6457 -0.243 0.878, 0.2795 -0.243 0.878, 0.5079 -0.243 0.878, 0.5079 -0.1004 0.878, -0.5079 -0.1004 0.878, -0.2795 -0.1004 0.878, -0.6457 -0.243 0.878, -0.9685 -0.243 0.878, -1.1594 -0.3705 0.878, -0.2795 -0.243 0.878, -0.5079 -0.243 0.878, -1.1594 0.0019 0.878, -0.9685 -0.1004 0.878, -0.6457 -0.1004 0.878, 0.2795 -0.1004 0.878, 1.1595 -0.4981 0.878, -0.201 -0.4981 0.878, -1.1594 -0.4981 0.878, -1.2244 -1.6138 0.7697, -1.2244 -1.4391 0.7697, -1.3059 -1.4391 0.7697, -1.219 -1.6254 0.7697, -0.7874 -1.6254 0.7697, 1.1921 -0.5965 0.7697, 1.1378 -0.5965 0.7697, 1.1378 -0.9336 0.7697, 0.2461 -0.6144 0.7697, 0.0502 -0.5965 0.7697, 0.2461 -0.7404 0.7697, 0.0502 -0.9336 0.7697, 0.3445 -0.7404 0.7697, 0.437 -0.9336 0.7697, 0.3445 -0.6144 0.7697, 0.437 -0.5965 0.7697, 0.0502 -1.4391 0.7697, 0.437 -1.4391 0.7697, 0.3445 -1.2528 0.7697, 0.3445 -1.1268 0.7697, 0.2461 -1.1268 0.7697, 0.2461 -1.2528 0.7697, 0.5512 -1.1268 0.7697, 0.6417 -1.1268 0.7697, 0.7874 -0.9336 0.7697, 0.7874 -1.4391 0.7697, 0.6417 -1.2528 0.7697, 0.5473 -1.4391 0.7697, 0.7874 -1.6254 0.7697, 0.5473 -1.452 0.7697, 0.4478 -1.6254 0.7697, 0.4478 -1.452 0.7697, 0.0502 -1.6254 0.7697, 0.437 -1.452 0.7697, 0.5512 -1.2528 0.7697, 0.5473 -0.9336 0.7697, 0.5473 -0.5965 0.7697, 0.7874 -0.5965 0.7697, 1.0276 -0.9336 0.7697, 1.0276 -0.5965 0.7697, 1.0236 -1.2528 0.7697, 0.9331 -1.2528 0.7697, 0.9331 -1.1268 0.7697, 1.0236 -1.1268 0.7697, 1.0276 -1.4391 0.7697, 1.0276 -1.452 0.7697, 1.1378 -1.452 0.7697, 1.219 -1.6254 0.7697, 1.1378 -1.4391 0.7697, 1.3059 -1.4391 0.7697, 1.2878 -1.2199 0.7697, 1.2776 -1.2185 0.7697, 1.3169 -1.2579 0.7697, 1.2185 -1.2185 0.7697, 1.3169 -1.4154 0.7697, 1.3156 -1.2477 0.7697, 1.3117 -1.2382 0.7697, 1.3054 -1.2301 0.7697, 1.2973 -1.2238 0.7697, 1.2185 -0.9336 0.7697, 1.2185 -0.5787 0.7697, 1.1988 -0.592 0.7697, -0.7874 -1.4391 0.7697, -1.2244 -1.2185 0.7697, -1.2775 -1.2185 0.7697, -1.3156 -1.2477 0.7697, -1.3169 -1.2579 0.7697, -1.2877 -1.2199 0.7697, -1.2972 -1.2238 0.7697, -1.3054 -1.2301 0.7697, -1.3169 -1.4154 0.7697, -1.3116 -1.2382 0.7697, -1.1319 -1.2528 0.7697, -1.0335 -1.2528 0.7697, -1.0335 -1.1268 0.7697, -1.2185 -1.2185 0.7697, -1.2185 -0.9336 0.7697, -1.1319 -1.1268 0.7697, -0.7874 -0.9336 0.7697, -1.1319 -0.7404 0.7697, -1.1319 -0.6144 0.7697, -1.0335 -0.7404 0.7697, -1.0335 -0.6144 0.7697, -0.7874 -0.5965 0.7697, -1.1921 -0.5965 0.7697, -1.1987 -0.592 0.7697, -1.2185 -0.5787 0.7697, -0.5413 -0.6144 0.7697, -0.5413 -0.7404 0.7697, -0.4429 -0.7404 0.7697, -0.3504 -0.9336 0.7697, -0.4429 -0.6144 0.7697, -0.3504 -0.5965 0.7697, -0.5413 -1.2528 0.7697, -0.3396 -1.4391 0.7697, -0.4429 -1.2528 0.7697, -0.3504 -1.3339 0.7697, -0.4429 -1.1268 0.7697, -0.5413 -1.1268 0.7697, -0.2401 -1.3339 0.7697, -0.3396 -1.3339 0.7697, -0.2362 -1.1268 0.7697, -0.1457 -1.1268 0.7697, -0.2401 -0.5965 0.7697, -0.2401 -0.9336 0.7697, -0.2362 -1.2528 0.7697, -0.1457 -1.2528 0.7697, -0.3396 -1.6254 0.7697, -1.3169 -0.4981 0.563, -1.3169 0.0019 0.563, -1.3147 -0.4981 0.5366, -1.3132 0.0019 0.5292, -1.3105 -0.4981 0.5226, -1.3109 0.0019 0.5224, -1.3035 -0.4981 0.4995, -1.3018 0.0019 0.4956, -1.2948 -0.4981 0.4849, -1.295 0.0019 0.4847, -1.2837 -0.4981 0.4662, -1.2831 0.0019 0.4655, -1.2699 -0.4981 0.4525, -1.2701 0.0019 0.4523, -1.2562 -0.4981 0.4388, -1.2581 0.0019 0.4403, -1.2376 -0.4981 0.4276, -1.2377 0.0019 0.4273, -1.223 -0.4981 0.4189, -1.2281 0.0019 0.4213, -1.1999 -0.4981 0.412, -1.2 0.0019 0.4114, -1.1858 -0.4981 0.4077, -1.1947 0.0019 0.4095, -1.1594 -0.4981 0.4055, -1.1594 0.0019 0.4055, 1.1595 -0.4981 0.4055, 1.1595 0.0019 0.4055, 1.1858 -0.4981 0.4077, 1.1947 0.0019 0.4095, 1.1999 -0.4981 0.412, 1.2 0.0019 0.4114, 1.223 -0.4981 0.4189, 1.2282 0.0019 0.4213, 1.2376 -0.4981 0.4276, 1.2377 0.0019 0.4273, 1.2563 -0.4981 0.4388, 1.2581 0.0019 0.4403, 1.27 -0.4981 0.4525, 1.2701 0.0019 0.4523, 1.2837 -0.4981 0.4662, 1.2831 0.0019 0.4655, 1.2948 -0.4981 0.4849, 1.2951 0.0019 0.4847, 1.3036 -0.4981 0.4995, 1.3018 0.0019 0.4956, 1.3105 -0.4981 0.5226, 1.311 0.0019 0.5224, 1.3133 0.0019 0.5292, 1.3147 -0.4981 0.5366, 1.3169 0.0019 0.563, 1.3169 -0.4981 0.563, 1.1595 -0.5965 0.5039, 0.3504 -0.5965 0.5039, 0.2402 -0.5965 0.5039, -0.437 -0.5965 0.5039, 0.2402 -0.5926 0.5, -0.437 -0.5926 0.5, 0.3504 -0.5926 0.5, -0.5472 -0.5926 0.5, -1.1378 -0.5965 0.5039, -1.1594 -0.5965 0.5039, -1.1378 -0.5926 0.5, -1.0275 -0.5926 0.5, -1.0275 -0.5965 0.5039, -0.5472 -0.5965 0.5039, -1.2185 -0.5965 0.563, -1.2185 -0.5952 0.5529, -1.2185 -0.5947 0.5487, -1.2185 -0.59 0.5366, -1.2185 -0.5863 0.527, -1.2185 -0.5804 0.5168, -1.2185 -0.5787 0.5138, -1.1987 -0.592 0.5138, -1.1833 -0.5965 0.509, -1.1921 -0.5965 0.5138, -1.1693 -0.5965 0.5048, 1.1988 -0.592 0.5138, 1.1921 -0.5965 0.5138, 1.1833 -0.5965 0.509, 1.2185 -0.5787 0.5138, 1.2185 -0.5801 0.5166, 1.2185 -0.5904 0.5368, 1.2185 -0.5921 0.5401, 1.2185 -0.5953 0.5529, 1.2185 -0.5961 0.5562, 1.2185 -0.5965 0.563, 1.1694 -0.5965 0.5048, -1.3821 0.7347 0.3012, -1.3821 0.7347 0.498, 1.3821 0.7347 0.3012, 1.3821 0.7347 0.498, -1.3179 0.0107 0.563, -1.3142 0.0107 0.529, -1.1949 0.0107 0.4085, -1.1594 0.0107 0.4045, -1.2286 0.0107 0.4204, -1.2587 0.0107 0.4395, -1.2839 0.0107 0.4649, -1.3027 0.0107 0.4952, -1.3208 0.019 0.563, -1.3171 0.019 0.5284, -1.3053 0.019 0.494, -1.2862 0.019 0.4631, -1.2606 0.019 0.4372, -1.2298 0.019 0.4178, -1.1956 0.019 0.4057, -1.1594 0.019 0.4016, -1.3255 0.0265 0.563, -1.3216 0.0265 0.5273, -1.3095 0.0265 0.4919, -1.2898 0.0265 0.4602, -1.2635 0.0265 0.4336, -1.2319 0.0265 0.4136, -1.1966 0.0265 0.4011, -1.1594 0.0265 0.3969, -1.3317 0.0327 0.563, -1.3277 0.0327 0.526, -1.3152 0.0327 0.4893, -1.2947 0.0327 0.4563, -1.2674 0.0327 0.4287, -1.2346 0.0327 0.408, -1.198 0.0327 0.3951, -1.1594 0.0327 0.3907, -1.3392 0.0374 0.563, -1.335 0.0374 0.5244, -1.3219 0.0374 0.4861, -1.3006 0.0374 0.4517, -1.2721 0.0374 0.4229, -1.2379 0.0374 0.4012, -1.1997 0.0374 0.3878, -1.1594 0.0374 0.3832, -1.3475 0.0403 0.563, -1.3431 0.0403 0.5226, -1.3294 0.0403 0.4825, -1.3071 0.0403 0.4465, -1.2773 0.0403 0.4164, -1.2415 0.0403 0.3938, -1.2015 0.0403 0.3797, -1.1594 0.0403 0.3749, -1.3563 0.0413 0.563, -1.3517 0.0413 0.5207, -1.3374 0.0413 0.4788, -1.314 0.0413 0.4411, -1.2828 0.0413 0.4096, -1.2453 0.0413 0.3859, -1.2035 0.0413 0.3711, -1.1594 0.0413 0.3661, 1.3462 0.0398 0.563, 1.3392 0.0374 0.563, 1.335 0.0374 0.5244, 1.3367 0.0358 0.563, 1.3318 0.0327 0.563, 1.3277 0.0327 0.526, 1.3286 0.0296 0.563, 1.3255 0.0265 0.563, 1.3217 0.0265 0.5273, 1.3224 0.0215 0.563, 1.3208 0.019 0.563, 1.3171 0.019 0.5284, 1.3184 0.0121 0.563, 1.3179 0.0107 0.563, 1.3142 0.0107 0.529, 1.3027 0.0107 0.4952, 1.2839 0.0107 0.4649, 1.2588 0.0107 0.4395, 1.2286 0.0107 0.4204, 1.1949 0.0107 0.4085, 1.1595 0.0107 0.4045, 1.1595 0.019 0.4016, 1.1956 0.019 0.4057, 1.2299 0.019 0.4178, 1.2606 0.019 0.4372, 1.2862 0.019 0.4631, 1.3053 0.019 0.494, 1.1595 0.0265 0.3969, 1.1966 0.0265 0.4011, 1.2319 0.0265 0.4136, 1.2635 0.0265 0.4336, 1.2899 0.0265 0.4602, 1.3096 0.0265 0.4919, 1.1595 0.0327 0.3907, 1.198 0.0327 0.3951, 1.2346 0.0327 0.408, 1.2674 0.0327 0.4287, 1.2947 0.0327 0.4563, 1.3152 0.0327 0.4893, 1.1595 0.0374 0.3832, 1.1997 0.0374 0.3878, 1.2379 0.0374 0.4012, 1.2721 0.0374 0.4229, 1.3006 0.0374 0.4517, 1.3219 0.0374 0.4861, 1.1595 0.0403 0.3749, 1.2016 0.0403 0.3797, 1.2415 0.0403 0.3938, 1.2773 0.0403 0.4164, 1.3071 0.0403 0.4465, 1.3295 0.0403 0.4825, 1.3432 0.0403 0.5226, 1.3475 0.0403 0.563, 1.1595 0.0413 0.3661, 1.2035 0.0413 0.3711, 1.2453 0.0413 0.3859, 1.2828 0.0413 0.4096, 1.314 0.0413 0.4411, 1.3374 0.0413 0.4788, 1.3517 0.0413 0.5207, 1.3563 0.0413 0.563, -1.3821 0.456 0.1672, -1.3821 0.456 0.0256, -1.3821 0.7229 0.1672, -1.3821 0.8283 0.0256, -1.3821 0.7229 0.3012, -1.3821 0.8287 1.127, -1.3821 0.7229 0.498, -1.3821 0.7229 1.1268, 1.3821 0.7229 0.498, 1.3821 0.456 0.0256, 1.3821 0.456 0.1672, 1.3821 0.8284 0.0256, 1.3821 0.7229 0.1672, 1.3821 0.7229 0.3012, 0.561 0.0413 0.3602, 0.8957 0.0413 0.3602, -0.5618 0.0414 0.9234, -0.8957 0.0413 0.9232, -1.1594 0.0413 0.9173, -1.2986 0.0413 0.8597, -1.2579 0.0413 0.891, -1.3382 0.0413 1.051, -0.8957 0.0413 0.3602, -0.561 0.0413 0.3602, -1.2618 0.0413 1.061, 0.4921 0.0413 0.2224, -0.4921 0.0413 0.2224, 1.2618 0.0413 1.061, 0.9646 0.0413 1.061, 0.8957 0.0413 0.9232, 1.1595 0.0413 0.9173, 0.5618 0.0414 0.9234, -0.4921 0.0413 1.061, 0.4921 0.0413 1.061, -0.9646 0.0413 1.061, -1.2104 0.0413 0.9106, 0.9646 0.0413 0.2224, 1.2618 0.0413 0.2224, -1.4094 0.0413 1.0215, -1.4706 0.0413 0.9745, -1.3299 0.0413 0.8189, -1.5175 0.0413 0.9134, -1.3496 0.0413 0.7714, -1.547 0.0413 0.8422, -1.3563 0.0413 0.7205, -1.5571 0.0413 0.7657, -1.5571 0.0413 0.5177, -1.547 0.0413 0.4413, -1.5175 0.0413 0.3701, -1.4706 0.0413 0.3089, -1.4094 0.0413 0.262, -1.3382 0.0413 0.2325, -1.2618 0.0413 0.2224, -0.9646 0.0413 0.2224, 1.3382 0.0413 0.2325, 1.4095 0.0413 0.262, 1.4706 0.0413 0.3089, 1.5175 0.0413 0.3701, 1.547 0.0413 0.4413, 1.5571 0.0413 0.5177, 1.3563 0.0413 0.7205, 1.5571 0.0413 0.7657, 1.3517 0.0413 0.7627, 1.547 0.0413 0.8422, 1.3374 0.0413 0.8047, 1.5175 0.0413 0.9134, 1.314 0.0413 0.8424, 1.4706 0.0413 0.9745, 1.2828 0.0413 0.8739, 1.4095 0.0413 1.0215, 1.2453 0.0413 0.8976, 1.3382 0.0413 1.051, 1.2035 0.0413 0.9123, -1.2648 0.126 0.1378, -1.2618 0.1259 0.1378, -1.2677 0.126 0.1378, -1.319 0.1267 0.1413, -1.2934 0.1264 0.1387, -1.6417 0.1259 0.5177, -1.6417 0.126 0.5148, -1.6417 0.126 0.5118, -1.6408 0.1264 0.4861, -1.6382 0.1267 0.4605, -1.6295 0.1267 0.4192, -1.6088 0.1267 0.3691, -1.5915 0.1267 0.3274, -1.5603 0.1267 0.2867, -1.531 0.1267 0.2485, -1.4928 0.1267 0.2192, -1.4522 0.1267 0.188, -1.4104 0.1267 0.1707, -1.3603 0.1267 0.15
            ]
        }
        coordIndex [
            0,1,2,-1,3,4,5,-1,5,4,6,-1,5,6,7,-1,7,6,8,-1,8,6,9,-1,8,9,10,-1,10,9,11,-1,11,9,12,-1,11,12,13,-1,13,12,14,-1,14,12,0,-1,14,0,15,-1,15,0,2,-1,15,2,16,-1,16,2,17,-1,16,17,18,-1,19,20,21,-1,21,20,22,-1,23,24,25,-1,25,24,26,-1,25,26,27,-1,27,26,28,-1,27,28,29,-1,29,28,30,-1,31,32,33,-1,34,35,36,-1,36,35,37,-1,36,37,33,-1,33,37,38,-1,33,38,31,-1,39,40,41,-1,41,40,42,-1,43,44,45,-1,45,44,46,-1,46,44,47,-1,46,47,48,-1,46,49,50,-1,50,49,51,-1,50,51,52,-1,52,51,53,-1,52,53,54,-1,55,52,56,-1,56,52,54,-1,56,54,57,-1,58,59,46,-1,60,61,62,-1,46,59,45,-1,45,59,63,-1,45,63,64,-1,62,61,65,-1,65,61,66,-1,65,66,67,-1,54,49,57,-1,57,49,46,-1,57,46,68,-1,68,46,48,-1,68,48,55,-1,55,48,43,-1,55,43,52,-1,52,43,45,-1,52,45,69,-1,69,45,70,-1,46,65,58,-1,58,65,67,-1,58,67,64,-1,64,67,60,-1,64,60,45,-1,45,60,62,-1,45,62,70,-1,70,62,71,-1,72,73,74,-1,72,75,76,-1,77,78,79,-1,80,81,82,-1,82,81,83,-1,82,83,84,-1,84,83,85,-1,84,85,86,-1,86,85,87,-1,86,87,80,-1,80,87,81,-1,88,89,90,-1,90,89,91,-1,91,89,85,-1,91,85,92,-1,92,85,83,-1,92,83,93,-1,94,95,96,-1,96,95,97,-1,95,98,97,-1,97,98,99,-1,97,99,100,-1,100,99,101,-1,100,101,102,-1,102,101,103,-1,102,103,104,-1,104,103,105,-1,98,106,99,-1,99,106,94,-1,99,94,107,-1,107,94,96,-1,107,96,108,-1,108,96,109,-1,109,96,110,-1,109,110,111,-1,112,113,97,-1,97,113,96,-1,96,113,114,-1,96,114,110,-1,110,114,115,-1,110,115,116,-1,115,112,116,-1,116,112,97,-1,116,97,117,-1,117,97,100,-1,117,100,118,-1,118,100,119,-1,118,119,120,-1,120,119,121,-1,122,123,124,-1,124,123,125,-1,124,125,126,-1,127,128,129,-1,127,129,124,-1,124,129,130,-1,124,130,122,-1,131,132,133,-1,133,77,131,-1,131,77,79,-1,131,79,125,-1,125,79,120,-1,125,120,126,-1,126,120,121,-1,73,72,134,-1,73,135,136,-1,137,138,136,-1,139,140,141,-1,136,138,73,-1,73,138,142,-1,73,142,74,-1,139,141,136,-1,136,141,143,-1,136,143,137,-1,144,73,145,-1,145,73,134,-1,145,134,146,-1,135,73,147,-1,147,73,144,-1,147,144,148,-1,148,144,149,-1,148,149,150,-1,148,151,152,-1,151,148,153,-1,153,148,150,-1,153,150,154,-1,154,150,155,-1,154,155,152,-1,152,155,156,-1,152,156,148,-1,148,156,157,-1,148,157,158,-1,159,155,160,-1,160,155,150,-1,160,150,161,-1,161,150,162,-1,161,162,163,-1,163,162,164,-1,163,164,159,-1,159,164,155,-1,149,146,150,-1,150,146,134,-1,150,134,165,-1,165,134,166,-1,165,166,167,-1,167,166,168,-1,167,168,169,-1,169,168,162,-1,169,162,170,-1,170,162,150,-1,170,150,165,-1,88,171,166,-1,166,171,172,-1,166,172,168,-1,173,174,83,-1,83,174,88,-1,83,88,93,-1,93,88,90,-1,81,175,83,-1,83,175,176,-1,83,176,173,-1,173,176,171,-1,173,171,177,-1,177,171,88,-1,177,88,178,-1,178,88,174,-1,72,76,134,-1,134,76,179,-1,134,179,166,-1,166,179,104,-1,166,104,88,-1,88,104,105,-1,88,105,89,-1,180,181,182,-1,182,181,183,-1,182,183,184,-1,184,183,185,-1,184,185,186,-1,186,185,187,-1,186,187,188,-1,188,187,189,-1,188,189,190,-1,190,189,191,-1,190,191,192,-1,192,191,193,-1,192,193,194,-1,194,193,195,-1,194,195,196,-1,196,195,197,-1,196,197,198,-1,198,197,199,-1,198,199,200,-1,200,199,201,-1,200,201,202,-1,202,201,203,-1,202,203,204,-1,204,203,205,-1,206,207,208,-1,208,207,209,-1,208,209,210,-1,210,209,211,-1,210,211,212,-1,212,211,213,-1,212,213,214,-1,214,213,215,-1,214,215,216,-1,216,215,217,-1,216,217,218,-1,218,217,219,-1,218,219,220,-1,220,219,221,-1,220,221,222,-1,222,221,223,-1,222,223,224,-1,224,223,225,-1,224,225,226,-1,225,227,226,-1,226,227,228,-1,226,228,229,-1,229,228,230,-1,229,230,231,-1,206,232,233,-1,234,235,236,-1,236,235,237,-1,233,238,206,-1,206,238,236,-1,206,236,204,-1,204,236,237,-1,204,237,239,-1,240,241,242,-1,242,241,204,-1,242,204,243,-1,243,204,239,-1,243,239,244,-1,244,239,245,-1,246,180,247,-1,247,180,182,-1,247,182,248,-1,248,182,184,-1,248,184,249,-1,249,184,186,-1,249,186,250,-1,250,186,188,-1,250,188,251,-1,251,188,190,-1,251,190,252,-1,252,190,192,-1,252,192,253,-1,254,255,253,-1,202,204,256,-1,256,204,241,-1,192,194,253,-1,253,194,196,-1,253,196,254,-1,254,196,198,-1,254,198,256,-1,256,198,200,-1,256,200,202,-1,257,258,259,-1,259,212,214,-1,259,214,257,-1,257,214,216,-1,257,216,260,-1,260,216,218,-1,260,218,261,-1,261,218,220,-1,261,220,262,-1,220,222,262,-1,262,222,224,-1,262,224,263,-1,263,224,226,-1,263,226,264,-1,264,226,229,-1,264,229,265,-1,265,229,231,-1,265,231,266,-1,212,259,210,-1,210,259,267,-1,210,267,208,-1,208,267,232,-1,208,232,206,-1,268,269,270,-1,270,269,271,-1,181,272,183,-1,183,272,273,-1,274,275,205,-1,205,203,274,-1,274,203,201,-1,274,201,276,-1,201,199,276,-1,276,199,197,-1,276,197,277,-1,197,195,277,-1,277,195,193,-1,277,193,278,-1,278,193,191,-1,278,191,279,-1,191,189,279,-1,279,189,187,-1,279,187,273,-1,273,187,185,-1,273,185,183,-1,272,280,273,-1,273,280,281,-1,273,281,279,-1,279,281,282,-1,279,282,278,-1,278,282,283,-1,278,283,277,-1,277,283,284,-1,277,284,276,-1,276,284,285,-1,276,285,274,-1,274,285,286,-1,274,286,275,-1,275,286,287,-1,280,288,281,-1,281,288,289,-1,281,289,282,-1,282,289,290,-1,282,290,283,-1,283,290,291,-1,283,291,284,-1,284,291,292,-1,284,292,285,-1,285,292,293,-1,285,293,286,-1,286,293,294,-1,286,294,287,-1,287,294,295,-1,288,296,289,-1,289,296,297,-1,289,297,290,-1,290,297,298,-1,290,298,291,-1,291,298,299,-1,291,299,292,-1,292,299,300,-1,292,300,293,-1,293,300,301,-1,293,301,294,-1,294,301,302,-1,294,302,295,-1,295,302,303,-1,296,304,297,-1,297,304,305,-1,297,305,298,-1,298,305,306,-1,298,306,299,-1,299,306,307,-1,299,307,300,-1,300,307,308,-1,300,308,301,-1,301,308,309,-1,301,309,302,-1,302,309,310,-1,302,310,303,-1,303,310,311,-1,304,312,305,-1,305,312,313,-1,305,313,306,-1,306,313,314,-1,306,314,307,-1,307,314,315,-1,307,315,308,-1,308,315,316,-1,308,316,309,-1,309,316,317,-1,309,317,310,-1,310,317,318,-1,310,318,311,-1,311,318,319,-1,312,320,313,-1,313,320,321,-1,313,321,314,-1,314,321,322,-1,314,322,315,-1,315,322,323,-1,315,323,316,-1,316,323,324,-1,316,324,317,-1,317,324,325,-1,317,325,318,-1,318,325,326,-1,318,326,319,-1,319,326,327,-1,328,329,330,-1,331,332,333,-1,334,335,336,-1,337,338,339,-1,340,341,342,-1,342,341,230,-1,230,228,342,-1,342,228,227,-1,342,227,343,-1,227,225,343,-1,343,225,223,-1,343,223,344,-1,344,223,221,-1,344,221,345,-1,221,219,345,-1,345,219,217,-1,345,217,346,-1,217,215,346,-1,346,215,213,-1,346,213,347,-1,207,348,209,-1,209,348,347,-1,209,347,211,-1,211,347,213,-1,348,349,347,-1,347,349,350,-1,347,350,346,-1,346,350,351,-1,346,351,345,-1,345,351,352,-1,345,352,344,-1,344,352,353,-1,344,353,343,-1,343,353,354,-1,343,354,342,-1,342,354,339,-1,342,339,340,-1,340,339,338,-1,349,355,350,-1,350,355,356,-1,350,356,351,-1,351,356,357,-1,351,357,352,-1,352,357,358,-1,352,358,353,-1,353,358,359,-1,353,359,354,-1,354,359,360,-1,354,360,339,-1,339,360,336,-1,339,336,337,-1,337,336,335,-1,355,361,356,-1,356,361,362,-1,356,362,357,-1,357,362,363,-1,357,363,358,-1,358,363,364,-1,358,364,359,-1,359,364,365,-1,359,365,360,-1,360,365,366,-1,360,366,336,-1,336,366,333,-1,336,333,334,-1,334,333,332,-1,361,367,362,-1,362,367,368,-1,362,368,363,-1,363,368,369,-1,363,369,364,-1,364,369,370,-1,364,370,365,-1,365,370,371,-1,365,371,366,-1,366,371,372,-1,366,372,333,-1,333,372,330,-1,333,330,331,-1,331,330,329,-1,367,373,368,-1,368,373,374,-1,368,374,369,-1,369,374,375,-1,369,375,370,-1,370,375,376,-1,370,376,371,-1,371,376,377,-1,371,377,372,-1,372,377,378,-1,372,378,330,-1,330,378,379,-1,330,379,328,-1,328,379,380,-1,373,381,374,-1,374,381,382,-1,374,382,375,-1,375,382,383,-1,375,383,376,-1,376,383,384,-1,376,384,377,-1,377,384,385,-1,377,385,378,-1,378,385,386,-1,378,386,379,-1,379,386,387,-1,379,387,380,-1,380,387,388,-1,389,390,391,-1,391,390,392,-1,393,391,268,-1,268,391,392,-1,268,392,269,-1,269,392,394,-1,269,394,395,-1,395,394,396,-1,271,397,2,-1,398,399,400,-1,400,399,401,-1,400,401,402,-1,402,270,400,-1,400,270,271,-1,400,271,1,-1,1,271,2,-1,403,404,381,-1,405,406,407,-1,408,409,410,-1,327,411,412,-1,410,409,413,-1,381,327,403,-1,403,327,412,-1,403,412,414,-1,414,412,415,-1,416,417,418,-1,407,419,405,-1,405,419,420,-1,405,420,421,-1,421,420,422,-1,406,423,407,-1,407,423,413,-1,407,413,424,-1,424,413,409,-1,404,425,381,-1,381,425,426,-1,381,426,382,-1,410,427,408,-1,408,427,428,-1,408,428,429,-1,429,428,430,-1,429,430,431,-1,431,430,432,-1,431,432,433,-1,433,432,434,-1,433,434,320,-1,320,434,435,-1,320,435,321,-1,321,435,436,-1,321,436,322,-1,322,436,437,-1,322,437,323,-1,323,437,438,-1,323,438,324,-1,324,438,439,-1,324,439,325,-1,325,439,440,-1,325,440,326,-1,326,440,441,-1,326,441,327,-1,327,441,442,-1,327,442,411,-1,382,426,383,-1,383,426,443,-1,383,443,384,-1,384,443,444,-1,384,444,385,-1,385,444,445,-1,385,445,386,-1,386,445,446,-1,386,446,387,-1,387,446,447,-1,387,447,388,-1,388,447,448,-1,388,448,449,-1,449,448,450,-1,449,450,451,-1,451,450,452,-1,451,452,453,-1,453,452,454,-1,453,454,455,-1,455,454,456,-1,455,456,457,-1,457,456,458,-1,457,458,459,-1,459,458,460,-1,459,460,461,-1,461,460,416,-1,461,416,419,-1,419,416,418,-1,419,418,420,-1,462,463,441,-1,462,441,464,-1,440,465,441,-1,441,465,466,-1,441,466,464,-1,467,468,435,-1,435,468,469,-1,469,470,435,-1,435,470,471,-1,435,471,436,-1,471,472,436,-1,436,472,473,-1,436,473,437,-1,473,474,437,-1,437,474,475,-1,437,475,438,-1,475,476,438,-1,438,476,477,-1,438,477,439,-1,477,478,439,-1,439,478,479,-1,439,479,440,-1,440,479,480,-1,440,480,465,-1,
        ]
    }
}
Shape{
    appearance Appearance {
        material  Material 	{
            diffuseColor 0.7529411764705882 0.7529411764705882 0.7529411764705882
            specularColor 0.3764705882352941 0.3764705882352941 0.3764705882352941
            ambientIntensity 0.7529
            transparency 0.0
            shininess 0.5
        }
    }
    geometry IndexedFaceSet {
        ccw TRUE
        solid FALSE
        coord DEF co Coordinate {
            point [
                -1.319 0.3165 0.1413, -1.319 0.1267 0.1413, -1.3662 0.3165 0.1516, -1.3603 0.1267 0.15, -1.4117 0.3165 0.1678, -1.4104 0.1267 0.1707, -1.4548 0.3165 0.1895, -1.4522 0.1267 0.188, -1.4948 0.3165 0.2166, -1.4928 0.1267 0.2192, -1.531 0.3165 0.2485, -1.531 0.1267 0.2485, -1.5629 0.3165 0.2848, -1.5603 0.1267 0.2867, -1.59 0.3165 0.3247, -1.5915 0.1267 0.3274, -1.6118 0.3165 0.3678, -1.6382 0.1267 0.4605, -1.6382 0.3165 0.4605, -1.6295 0.1267 0.4192, -1.6088 0.1267 0.3691, 1.319 0.1267 0.1413, 1.319 0.3165 0.1413, 1.3604 0.1267 0.15, 1.4117 0.3165 0.1678, 1.6382 0.3165 0.4605, 1.6382 0.1267 0.4605, 1.6279 0.3165 0.4133, 1.6296 0.1267 0.4192, 1.6118 0.3165 0.3678, 1.6088 0.1267 0.3691, 1.59 0.3165 0.3247, 1.5915 0.1267 0.3274, 1.5629 0.3165 0.2848, 1.5604 0.1267 0.2867, 1.531 0.3165 0.2485, 1.531 0.1267 0.2485, 1.4948 0.3165 0.2166, 1.4928 0.1267 0.2192, 1.4548 0.3165 0.1895, 1.4522 0.1267 0.188, 1.4105 0.1267 0.1707
            ]
        }
        coordIndex [
            0,1,2,-1,2,1,3,-1,2,3,4,-1,4,3,5,-1,4,5,6,-1,6,5,7,-1,6,7,8,-1,8,7,9,-1,8,9,10,-1,10,9,11,-1,10,11,12,-1,12,11,13,-1,12,13,14,-1,14,13,15,-1,14,15,16,-1,17,18,19,-1,19,18,16,-1,19,16,20,-1,20,16,15,-1,21,22,23,-1,23,22,24,-1,25,26,27,-1,27,26,28,-1,27,28,29,-1,29,28,30,-1,29,30,31,-1,31,30,32,-1,31,32,33,-1,33,32,34,-1,33,34,35,-1,35,34,36,-1,35,36,37,-1,37,36,38,-1,37,38,39,-1,39,38,40,-1,39,40,24,-1,24,40,41,-1,24,41,23,-1,
        ]
    }
}
Shape{
    appearance Appearance {
        material  Material 	{
            diffuseColor 0.25098039215686274 0.25098039215686274 0.25098039215686274
            specularColor 0.12549019607843137 0.12549019607843137 0.12549019607843137
            ambientIntensity 0.251
            transparency 0.0
            shininess 0.5
        }
    }
    geometry IndexedFaceSet {
        ccw TRUE
        solid FALSE
        coord DEF co Coordinate {
            point [
                -1.6425 0.8283 0.0256, -1.6425 0.8283 0.1614, -1.3821 0.8283 0.0256, -1.6417 0.8283 0.1772, -1.3821 0.8287 1.127, -1.6417 0.8283 0.7717, -1.4117 0.8283 1.1157, -1.6382 0.8283 0.8229, -1.6118 0.8283 0.9156, -1.5629 0.8283 0.9987, -1.4948 0.8283 1.0669
            ]
        }
        coordIndex [
            0,1,2,-1,2,1,3,-1,2,3,4,-1,4,3,5,-1,4,5,6,-1,6,5,7,-1,7,8,6,-1,6,8,9,-1,6,9,10,-1,
        ]
    }
}
Shape{
    appearance Appearance {
        material  Material 	{
            diffuseColor 0.7529411764705882 0.7529411764705882 0.7529411764705882
            specularColor 0.3764705882352941 0.3764705882352941 0.3764705882352941
            ambientIntensity 0.7529
            transparency 0.0
            shininess 0.5
        }
    }
    geometry IndexedFaceSet {
        ccw TRUE
        solid FALSE
        coord DEF co Coordinate {
            point [
                1.319 0.3165 0.1413, 1.3645 0.3165 0.1505, 1.4117 0.3165 0.1678, 1.4109 0.3165 0.1663, 1.4548 0.3165 0.1895, 1.4547 0.3165 0.1879, 1.4948 0.3165 0.2166, 1.4954 0.3165 0.2151, 1.531 0.3165 0.2485, 1.5322 0.3165 0.2473, 1.5629 0.3165 0.2848, 1.5645 0.3165 0.2841, 1.59 0.3165 0.3247, 1.5916 0.3165 0.3248, 1.6118 0.3165 0.3678, 1.6133 0.3165 0.3687, 1.6279 0.3165 0.4133, 1.629 0.3165 0.415, 1.6382 0.3165 0.4605
            ]
        }
        coordIndex [
            0,1,2,-1,2,1,3,-1,2,3,4,-1,4,3,5,-1,4,5,6,-1,6,5,7,-1,6,7,8,-1,8,7,9,-1,8,9,10,-1,10,9,11,-1,10,11,12,-1,12,11,13,-1,12,13,14,-1,14,13,15,-1,14,15,16,-1,16,15,17,-1,16,17,18,-1,
        ]
    }
}
Shape{
    appearance Appearance {
        material  Material 	{
            diffuseColor 0.25098039215686274 0.25098039215686274 0.25098039215686274
            specularColor 0.12549019607843137 0.12549019607843137 0.12549019607843137
            ambientIntensity 0.251
            transparency 0.0
            shininess 0.5
        }
    }
    geometry IndexedFaceSet {
        ccw TRUE
        solid FALSE
        coord DEF co Coordinate {
            point [
                1.6417 0.8283 0.7717, 1.6417 0.8283 0.1772, 1.3821 0.8284 0.0256, 1.6425 0.8283 0.1614, 1.6425 0.8283 0.0256, 1.5629 0.8283 0.9987, 1.6118 0.8283 0.9156, 1.6382 0.8283 0.8229, 1.3821 0.8283 1.127, 1.4117 0.8283 1.1157, 1.4948 0.8283 1.0669, 1.1595 0.0019 0.4055, 1.1595 -0.4981 0.4055, -1.1594 0.0019 0.4055, -1.1594 -0.4981 0.4055, -1.0275 -0.5965 0.5138, -1.0275 -0.5965 0.5039, -0.7874 -0.5965 0.5138, -0.5472 -0.5965 0.5039, -0.5472 -0.5965 0.5138, 1.0276 -0.5965 0.7697, 1.0276 -0.5965 0.7795, 0.7874 -0.5965 0.7697, 0.5473 -0.5965 0.7795, 0.5473 -0.5965 0.7697, 1.2776 -1.2185 0.6811, 1.2776 -1.2185 0.7697, 1.2878 -1.2199 0.7697, 1.2878 -1.2199 0.6811, 1.2973 -1.2238 0.7697, 1.2973 -1.2238 0.6811, 1.3054 -1.2301 0.7697, 1.3054 -1.2301 0.6811, 1.3117 -1.2382 0.7697, 1.3117 -1.2382 0.6811, 1.3156 -1.2477 0.7697, 1.3156 -1.2477 0.6811, 1.3169 -1.2579 0.7697, 1.3169 -1.2579 0.6811, 1.2776 -1.2185 0.5138, 1.2776 -1.2185 0.6024, 1.2878 -1.2199 0.6024, 1.2878 -1.2199 0.5138, 1.2973 -1.2238 0.6024, 1.2973 -1.2238 0.5138, 1.3054 -1.2301 0.6024, 1.3054 -1.2301 0.5138, 1.3117 -1.2382 0.6024, 1.3117 -1.2382 0.5138, 1.3156 -1.2477 0.6024, 1.3156 -1.2477 0.5138, 1.3169 -1.2579 0.6024, 1.3169 -1.2579 0.5138
            ]
        }
        coordIndex [
            0,1,2,-1,2,1,3,-1,2,3,4,-1,5,6,7,-1,2,8,0,-1,0,8,9,-1,0,9,7,-1,7,9,10,-1,7,10,5,-1,11,12,13,-1,13,12,14,-1,15,16,17,-1,17,16,18,-1,17,18,19,-1,20,21,22,-1,22,21,23,-1,22,23,24,-1,25,26,27,-1,25,27,28,-1,28,27,29,-1,28,29,30,-1,30,29,31,-1,30,31,32,-1,32,31,33,-1,32,33,34,-1,34,33,35,-1,34,35,36,-1,36,35,37,-1,36,37,38,-1,39,40,41,-1,39,41,42,-1,42,41,43,-1,42,43,44,-1,44,43,45,-1,44,45,46,-1,46,45,47,-1,46,47,48,-1,48,47,49,-1,48,49,50,-1,50,49,51,-1,50,51,52,-1,
        ]
    }
}
Shape{
    appearance Appearance {
        material  Material 	{
            diffuseColor 0.7529411764705882 0.7529411764705882 0.7529411764705882
            specularColor 0.3764705882352941 0.3764705882352941 0.3764705882352941
            ambientIntensity 0.7529
            transparency 0.0
            shininess 0.5
        }
    }
    geometry IndexedFaceSet {
        ccw TRUE
        solid FALSE
        coord DEF co Coordinate {
            point [
                1.2776 -1.2185 0.6811, 1.2697 -1.2185 0.6024, 1.2697 -1.2185 0.6811, 1.2185 -1.2185 0.6811, 1.2185 -1.2185 0.7697, 1.2776 -1.2185 0.7697, 1.2185 -1.2185 0.5138, 1.2185 -1.2185 0.6024, 1.2205 -1.2185 0.5138, 1.3169 -1.2185 0.6811, 1.3169 -1.2185 0.6024, 1.2776 -1.2185 0.6024, 1.2776 -1.2185 0.5138
            ]
        }
        coordIndex [
            0,1,2,-1,3,4,2,-1,2,4,5,-1,2,5,0,-1,6,7,8,-1,8,7,1,-1,9,10,0,-1,0,10,11,-1,0,11,1,-1,1,11,12,-1,1,12,8,-1,
        ]
    }
}
Shape{
    appearance Appearance {
        material  Material 	{
            diffuseColor 0.25098039215686274 0.25098039215686274 0.25098039215686274
            specularColor 0.12549019607843137 0.12549019607843137 0.12549019607843137
            ambientIntensity 0.251
            transparency 0.0
            shininess 0.5
        }
    }
    geometry IndexedFaceSet {
        ccw TRUE
        solid FALSE
        coord DEF co Coordinate {
            point [
                1.2185 -1.2185 0.6024, 1.2185 -1.2185 0.5138, 1.2185 -1.1674 0.6024, 1.2185 -0.9336 0.5138, 1.2185 -0.5952 0.7305, 1.2185 -0.5947 0.7348, 1.2185 -0.9336 0.7697, 1.2185 -0.59 0.7469, 1.2185 -0.5863 0.7565, 1.2185 -0.5804 0.7667, 1.2185 -0.5787 0.7697, 1.2185 -1.2185 0.7697, 1.2185 -1.2185 0.6811, 1.2185 -1.1674 0.6811, 1.2185 -0.5921 0.5401, 1.2185 -0.5904 0.5368, 1.2185 -0.5965 0.5138, 1.2185 -0.5801 0.5166, 1.2185 -0.5787 0.5138, 1.2185 -0.5953 0.5529, 1.2185 -0.5961 0.5562, 1.2185 -0.5965 0.563, 1.2185 -0.5965 0.7205
            ]
        }
        coordIndex [
            0,1,2,-1,2,1,3,-1,4,5,6,-1,6,5,7,-1,7,8,6,-1,6,8,9,-1,6,9,10,-1,11,12,6,-1,6,12,13,-1,6,13,2,-1,14,3,15,-1,15,3,16,-1,15,16,17,-1,17,16,18,-1,14,19,3,-1,3,19,20,-1,3,20,2,-1,2,20,21,-1,2,21,6,-1,6,21,22,-1,6,22,4,-1,
        ]
    }
}
Shape{
    appearance Appearance {
        material  Material 	{
            diffuseColor 0.7529411764705882 0.7529411764705882 0.7529411764705882
            specularColor 0.3764705882352941 0.3764705882352941 0.3764705882352941
            ambientIntensity 0.7529
            transparency 0.0
            shininess 0.5
        }
    }
    geometry IndexedFaceSet {
        ccw TRUE
        solid FALSE
        coord DEF co Coordinate {
            point [
                1.1595 -0.5965 0.7795, 1.1378 -0.5965 0.7795, 1.1378 -0.5965 0.7697, 1.1921 -0.5965 0.7697, 1.1833 -0.5965 0.7745, 1.1694 -0.5965 0.7787
            ]
        }
        coordIndex [
            0,1,2,-1,3,4,2,-1,2,4,5,-1,2,5,0,-1,
        ]
    }
}
Shape{
    appearance Appearance {
        material  Material 	{
            diffuseColor 0.25098039215686274 0.25098039215686274 0.25098039215686274
            specularColor 0.12549019607843137 0.12549019607843137 0.12549019607843137
            ambientIntensity 0.251
            transparency 0.0
            shininess 0.5
        }
    }
    geometry IndexedFaceSet {
        ccw TRUE
        solid FALSE
        coord DEF co Coordinate {
            point [
                -0.437 -0.5965 0.5138, -0.437 -0.5965 0.5039, -0.0502 -0.5965 0.5138, 0.2402 -0.5965 0.5039, 0.2402 -0.5965 0.5138, 0.437 -0.5965 0.7697, 0.437 -0.5965 0.7795, 0.0502 -0.5965 0.7697, -0.2401 -0.5965 0.7795, -0.2401 -0.5965 0.7697, -1.3169 -1.2579 0.5138, -1.3169 -1.2579 0.6024, -1.3156 -1.2477 0.6024, -1.3156 -1.2477 0.5138, -1.3116 -1.2382 0.6024, -1.3116 -1.2382 0.5138, -1.3054 -1.2301 0.6024, -1.3054 -1.2301 0.5138, -1.2972 -1.2238 0.6024, -1.2972 -1.2238 0.5138, -1.2877 -1.2199 0.6024, -1.2877 -1.2199 0.5138, -1.2775 -1.2185 0.6024, -1.2775 -1.2185 0.5138, -1.3169 -1.2579 0.6811, -1.3169 -1.2579 0.7697, -1.3156 -1.2477 0.7697, -1.3156 -1.2477 0.6811, -1.3116 -1.2382 0.7697, -1.3116 -1.2382 0.6811, -1.3054 -1.2301 0.7697, -1.3054 -1.2301 0.6811, -1.2972 -1.2238 0.7697, -1.2972 -1.2238 0.6811, -1.2877 -1.2199 0.7697, -1.2877 -1.2199 0.6811, -1.2775 -1.2185 0.7697, -1.2775 -1.2185 0.6811, -1.2185 -1.2185 0.6811, -1.2185 -1.2185 0.7697, -1.2185 -1.1674 0.6811, -1.2185 -0.9336 0.7697, -1.2185 -0.5952 0.5529, -1.2185 -0.5947 0.5487, -1.2185 -0.9336 0.5138, -1.2185 -0.5787 0.7697, -1.2185 -0.5801 0.7669, -1.2185 -0.5904 0.7467, -1.2185 -0.5921 0.7434, -1.2185 -1.2185 0.5138, -1.2185 -1.2185 0.6024, -1.2185 -1.1674 0.6024, -1.2185 -0.59 0.5366, -1.2185 -0.5863 0.527, -1.2185 -0.5965 0.5138, -1.2185 -0.5804 0.5168, -1.2185 -0.5787 0.5138, -1.2185 -0.5953 0.7305, -1.2185 -0.5961 0.7273, -1.2185 -0.5965 0.7205, -1.2185 -0.5965 0.563, -1.1594 -0.5965 0.5039, -1.1378 -0.5965 0.5039, -1.1378 -0.5965 0.5138, -1.1921 -0.5965 0.5138, -1.1833 -0.5965 0.509, -1.1693 -0.5965 0.5048, 0.0004 0.3169 0.0256, 0.0004 0.3165 0.0256, -0.0004 0.3165 0.0256, 1.3821 0.456 0.0256, 1.3821 0.8284 0.0256, 1.6425 0.8283 0.0256, -1.6425 0.8283 0.0256, -1.3821 0.8283 0.0256, -1.6425 0.3165 0.0256, -1.3821 0.456 0.0256, -1.3437 0.3165 0.0256, -1.3437 0.3169 0.0256, -0.0004 0.3169 0.0256, 1.3437 0.3169 0.0256, 1.3437 0.3165 0.0256, 1.6425 0.3165 0.0256, -1.0069 0.1259 0.1378, -0.9646 0.0413 0.2224, -1.2618 0.1259 0.1378, -1.2618 0.0413 0.2224, -0.9252 0.1004 0.3012, -0.8957 0.0413 0.3602, -0.9252 0.1988 0.3012, -1.0069 0.1988 0.1378, -0.4921 0.0413 0.2224, -0.561 0.0413 0.3602, -0.5315 0.1004 0.3012, -0.4498 0.1259 0.1378, -0.5315 0.1988 0.3012, -0.4498 0.1988 0.1378, 0.4921 0.0413 0.2224, -0.0004 0.1259 0.1378, 0.4498 0.1259 0.1378, 0.0004 0.1259 0.1378, 0.0004 0.1267 0.137, -0.0004 0.1267 0.137, 0.5315 0.1004 0.3012, 0.561 0.0413 0.3602, 0.5315 0.1988 0.3012, 0.4498 0.1988 0.1378, 0.9646 0.0413 0.2224, 0.8957 0.0413 0.3602, 0.9252 0.1004 0.3012, 1.0069 0.1259 0.1378, 0.9252 0.1988 0.3012, 1.0069 0.1988 0.1378, 1.2618 0.1259 0.1378, 1.2618 0.0413 0.2224
            ]
        }
        coordIndex [
            0,1,2,-1,2,1,3,-1,2,3,4,-1,5,6,7,-1,7,6,8,-1,7,8,9,-1,10,11,12,-1,10,12,13,-1,13,12,14,-1,13,14,15,-1,15,14,16,-1,15,16,17,-1,17,16,18,-1,17,18,19,-1,19,18,20,-1,19,20,21,-1,21,20,22,-1,21,22,23,-1,24,25,26,-1,24,26,27,-1,27,26,28,-1,27,28,29,-1,29,28,30,-1,29,30,31,-1,31,30,32,-1,31,32,33,-1,33,32,34,-1,33,34,35,-1,35,34,36,-1,35,36,37,-1,38,39,40,-1,40,39,41,-1,42,43,44,-1,45,46,41,-1,41,46,47,-1,41,47,48,-1,49,50,44,-1,44,50,51,-1,44,51,40,-1,43,52,44,-1,44,52,53,-1,44,53,54,-1,54,53,55,-1,54,55,56,-1,48,57,41,-1,41,57,58,-1,41,58,40,-1,40,58,59,-1,40,59,44,-1,44,59,60,-1,44,60,42,-1,61,62,63,-1,64,65,63,-1,63,65,66,-1,63,66,61,-1,67,68,69,-1,70,71,72,-1,73,74,75,-1,75,74,76,-1,77,75,78,-1,78,75,76,-1,78,76,79,-1,79,76,70,-1,69,79,67,-1,67,79,70,-1,67,70,80,-1,80,70,72,-1,80,72,81,-1,81,72,82,-1,83,84,85,-1,85,84,86,-1,87,88,84,-1,87,84,89,-1,89,84,83,-1,89,83,90,-1,91,92,93,-1,91,93,94,-1,94,93,95,-1,94,95,96,-1,97,91,98,-1,98,91,94,-1,99,97,100,-1,100,97,98,-1,100,98,101,-1,101,98,102,-1,103,104,97,-1,103,97,105,-1,105,97,99,-1,105,99,106,-1,107,108,109,-1,107,109,110,-1,110,109,111,-1,110,111,112,-1,113,114,110,-1,110,114,107,-1,
        ]
    }
}
Shape{
    appearance Appearance {
        material  Material 	{
            diffuseColor 0.7529411764705882 0.7529411764705882 0.7529411764705882
            specularColor 0.3764705882352941 0.3764705882352941 0.3764705882352941
            ambientIntensity 0.7529
            transparency 0.0
            shininess 0.5
        }
    }
    geometry IndexedFaceSet {
        ccw TRUE
        solid FALSE
        coord DEF co Coordinate {
            point [
                0.0004 0.3165 0.137, 0.0004 0.1267 0.137, -0.0004 0.3165 0.137, -0.0004 0.1267 0.137
            ]
        }
        coordIndex [
            0,1,2,-1,2,1,3,-1,
        ]
    }
}
Shape{
    appearance Appearance {
        material  Material 	{
            diffuseColor 0.25098039215686274 0.25098039215686274 0.25098039215686274
            specularColor 0.12549019607843137 0.12549019607843137 0.12549019607843137
            ambientIntensity 0.251
            transparency 0.0
            shininess 0.5
        }
    }
    geometry IndexedFaceSet {
        ccw TRUE
        solid FALSE
        coord DEF co Coordinate {
            point [
                -0.5315 0.1988 0.3012, -0.6271 0.1988 0.2509, -0.5902 0.1988 0.2362, -0.5054 0.1988 0.1378, -0.4498 0.1988 0.1378, -0.533 0.1988 0.1819, -0.5581 0.1988 0.2127, -0.8986 0.1988 0.2127, -0.8665 0.1988 0.2362, -0.9252 0.1988 0.3012, -0.8296 0.1988 0.2509, -0.7902 0.1988 0.2559, -0.6665 0.1988 0.2559, -1.0069 0.1988 0.1378, -0.9513 0.1988 0.1378, -0.9237 0.1988 0.1819, 0.9252 0.1988 0.3012, 0.8296 0.1988 0.2509, 0.8665 0.1988 0.2362, 0.9513 0.1988 0.1378, 1.0069 0.1988 0.1378, 0.9237 0.1988 0.1819, 0.8986 0.1988 0.2127, 0.5581 0.1988 0.2127, 0.5902 0.1988 0.2362, 0.5315 0.1988 0.3012, 0.6271 0.1988 0.2509, 0.6665 0.1988 0.2559, 0.7902 0.1988 0.2559, 0.4498 0.1988 0.1378, 0.5054 0.1988 0.1378, 0.533 0.1988 0.1819, -0.4498 0.1259 1.1457, -0.4921 0.0413 1.061, 0.4498 0.1259 1.1457, 0.4921 0.0413 1.061, 1.6417 0.1259 0.7657, 1.5571 0.0413 0.7657, 1.6417 0.1259 0.5177, 1.5571 0.0413 0.5177, 1.2648 0.126 1.1457, 1.2618 0.1259 1.1457, 1.2618 0.0413 1.061, 1.2677 0.126 1.1457, 1.3382 0.0413 1.051, 1.319 0.1267 1.1421, 1.2934 0.1264 1.1448, 1.6417 0.126 0.7687, 1.6417 0.126 0.7717, 1.6409 0.1264 0.7974, 1.6382 0.1267 0.8229, 1.547 0.0413 0.8422, 1.6296 0.1267 0.8643, 1.6088 0.1267 0.9144, 1.5175 0.0413 0.9134, 1.5915 0.1267 0.9561, 1.5604 0.1267 0.9967, 1.4706 0.0413 0.9745, 1.531 0.1267 1.035, 1.4928 0.1267 1.0643, 1.4095 0.0413 1.0215, 1.4522 0.1267 1.0955, 1.4105 0.1267 1.1127, 1.3604 0.1267 1.1335, 1.0069 0.1259 1.1457, 0.9646 0.0413 1.061, 0.9252 0.1004 0.9823, 0.8957 0.0413 0.9232, 0.9252 0.1988 0.9823, 1.0069 0.1988 1.1457, 0.5618 0.0414 0.9234, 0.5315 0.1003 0.9823, 0.5315 0.1988 0.9823, 0.4498 0.1988 1.1457, 0.4769 0.437 1.1465, 0.4921 0.435 1.1465, 0.4331 0.4941 1.1465, 0.441 0.4645 1.1465, 0.4504 0.4523 1.1465, 0.4626 0.4429 1.1465, 0.4331 0.5267 1.1465, 1.1024 0.5137 1.1465, 1.1024 0.5267 1.1465, 0.4351 0.4788 1.1465, 1.0793 0.4581 1.1465, 1.0918 0.4744 1.1465, 1.063 0.4455 1.1465, 1.044 0.4377 1.1465, 1.0236 0.435 1.1465, 1.0997 0.4934 1.1465, -0.5324 0.1004 0.9823, -0.5618 0.0414 0.9234, -0.5315 0.1988 0.9823, -0.4498 0.1988 1.1457, -0.9646 0.0413 1.061, -0.8957 0.0413 0.9232, -0.9252 0.1004 0.9823, -1.0069 0.1259 1.1457, -0.9252 0.1988 0.9823, -1.0069 0.1988 1.1457, -1.2618 0.1259 1.1457, -1.2618 0.0413 1.061, 0.8986 0.1988 1.0708, 0.8665 0.1988 1.0473, 0.5054 0.1988 1.1457, 0.533 0.1988 1.1016, 0.9513 0.1988 1.1457, 0.9237 0.1988 1.1016, 0.6271 0.1988 1.0326, 0.5902 0.1988 1.0473, 0.5581 0.1988 1.0708, 0.8296 0.1988 1.0326, 0.7902 0.1988 1.0276, 0.6665 0.1988 1.0276, -0.5581 0.1988 1.0708, -0.5902 0.1988 1.0473, -0.8296 0.1988 1.0326, -0.8665 0.1988 1.0473, -0.5054 0.1988 1.1457, -0.533 0.1988 1.1016, -0.9513 0.1988 1.1457, -0.9237 0.1988 1.1016, -0.8986 0.1988 1.0708, -0.6271 0.1988 1.0326, -0.6665 0.1988 1.0276, -0.7902 0.1988 1.0276, 0.5923 0.5925 0.8641, 0.5922 0.7229 0.8642, 0.4676 0.5939 1.0807, 0.4297 0.7229 1.1457, 0.4297 0.5275 1.1457, -0.5922 0.7229 0.8642, -0.5922 0.5925 0.8642, -0.4297 0.7229 1.1457, -0.468 0.5925 1.0807, -0.4297 0.5275 1.1457, -0.7717 0.5925 0.9086, -0.5258 0.5925 1.0807, -1.1024 0.5925 0.8642, -0.8394 0.5925 1.0053, -1.1024 0.5941 1.0813, -0.7318 0.5925 1.0807, -0.8351 0.7229 0.8642, -0.8351 0.6567 0.8642, -0.8363 0.6639 0.8642, -1.1024 0.7229 0.8642, -0.8367 0.6712 0.8642, -0.8367 0.7229 0.8642, 0.8363 0.6639 0.8642, 0.8351 0.6567 0.8642, 1.1024 0.5925 0.8642, 0.8351 0.7229 0.8642, 0.8368 0.6712 0.8642, 1.1024 0.7229 0.8642, 0.8368 0.7229 0.8642, 0.5259 0.5925 1.0807, 0.7717 0.5925 0.9086, 1.1024 0.5941 1.0813, 0.8395 0.5925 1.0053, 0.7318 0.5925 1.0807, 1.1024 0.7229 1.1457, 1.3821 0.7229 0.498, 0.8362 0.7229 0.8634, 1.2677 0.7229 1.1457, 1.319 0.7229 1.1421, 1.3821 0.7229 1.127, -1.3821 0.7229 0.498, -0.8362 0.7229 0.8634, -1.1024 0.7229 1.1457, -1.2677 0.7229 1.1457, -1.319 0.7229 1.1421, -1.3821 0.7229 1.1268, 1.6417 0.126 0.5148, 1.2618 0.1259 0.1378, 1.2648 0.126 0.1378, 1.2618 0.0413 0.2224, 1.2677 0.126 0.1378, 1.2934 0.1264 0.1387, 1.319 0.1267 0.1413, 1.3382 0.0413 0.2325, 1.6417 0.126 0.5118, 1.547 0.0413 0.4413, 1.6382 0.1267 0.4605, 1.6409 0.1264 0.4861, 1.3604 0.1267 0.15, 1.4105 0.1267 0.1707, 1.4095 0.0413 0.262, 1.4522 0.1267 0.188, 1.4928 0.1267 0.2192, 1.4706 0.0413 0.3089, 1.531 0.1267 0.2485, 1.5604 0.1267 0.2867, 1.5175 0.0413 0.3701, 1.5915 0.1267 0.3274, 1.6088 0.1267 0.3691, 1.6296 0.1267 0.4192, -1.6425 0.5137 0.1614, -1.6425 0.8283 0.1614, -1.6425 0.8283 0.0256, -1.6425 0.3165 0.0256, -1.6425 0.3165 0.1929, -1.6425 0.3169 0.1929, -1.6425 0.3956 0.5906, -1.6425 0.435 0.5906, -1.6425 0.5137 0.5118, -1.6425 0.4554 0.5879, -1.6425 0.3169 0.5118, -1.6425 0.3189 0.5293, -1.6425 0.3781 0.5886, -1.6425 0.3247 0.546, -1.6425 0.3341 0.5609, -1.6425 0.3465 0.5734, -1.6425 0.3615 0.5828, -1.6425 0.5032 0.5512, -1.6425 0.5111 0.5322, -1.6425 0.4907 0.5675, -1.6425 0.4744 0.58, 1.6425 0.8283 0.0256, 1.6425 0.8283 0.1614, 1.6425 0.3165 0.0256, 1.6425 0.5137 0.1614, 1.6425 0.4525 0.5886, 1.6425 0.435 0.5906, 1.6425 0.5059 0.546, 1.6425 0.3165 0.1929, 1.6425 0.3169 0.1929, 1.6425 0.3169 0.5118, 1.6425 0.5137 0.5118, 1.6425 0.5118 0.5293, 1.6425 0.4966 0.5609, 1.6425 0.4841 0.5734, 1.6425 0.4692 0.5828, 1.6425 0.3341 0.5609, 1.6425 0.3781 0.5886, 1.6425 0.3465 0.5734, 1.6425 0.3615 0.5828, 1.6425 0.3247 0.546, 1.6425 0.3189 0.5293, 1.6425 0.3956 0.5906
            ]
        }
        coordIndex [
            0,1,2,-1,3,4,5,-1,5,4,0,-1,5,0,6,-1,6,0,2,-1,7,8,9,-1,8,10,9,-1,9,10,11,-1,9,11,0,-1,0,11,12,-1,0,12,1,-1,13,14,9,-1,9,14,15,-1,9,15,7,-1,16,17,18,-1,19,20,21,-1,21,20,16,-1,21,16,22,-1,22,16,18,-1,23,24,25,-1,24,26,25,-1,25,26,27,-1,25,27,16,-1,16,27,28,-1,16,28,17,-1,29,30,25,-1,25,30,31,-1,25,31,23,-1,32,33,34,-1,34,33,35,-1,36,37,38,-1,38,37,39,-1,40,41,42,-1,40,42,43,-1,44,45,42,-1,42,45,46,-1,42,46,43,-1,36,47,37,-1,37,47,48,-1,48,49,37,-1,37,49,50,-1,37,50,51,-1,50,52,51,-1,51,52,53,-1,51,53,54,-1,53,55,54,-1,54,55,56,-1,54,56,57,-1,56,58,57,-1,57,58,59,-1,57,59,60,-1,59,61,60,-1,60,61,62,-1,60,62,44,-1,44,62,63,-1,44,63,45,-1,64,65,41,-1,41,65,42,-1,66,67,65,-1,66,65,68,-1,68,65,64,-1,68,64,69,-1,35,70,71,-1,35,71,34,-1,34,71,72,-1,34,72,73,-1,74,75,76,-1,77,78,79,-1,76,75,80,-1,80,75,81,-1,80,81,82,-1,74,76,79,-1,79,76,83,-1,79,83,77,-1,84,85,86,-1,86,85,87,-1,75,88,81,-1,81,88,87,-1,81,87,89,-1,89,87,85,-1,90,91,33,-1,90,33,92,-1,92,33,32,-1,92,32,93,-1,94,95,96,-1,94,96,97,-1,97,96,98,-1,97,98,99,-1,100,101,97,-1,97,101,94,-1,102,103,68,-1,104,73,105,-1,105,73,72,-1,69,106,68,-1,68,106,107,-1,68,107,102,-1,108,109,72,-1,72,109,110,-1,72,110,105,-1,103,111,68,-1,68,111,112,-1,68,112,72,-1,72,112,113,-1,72,113,108,-1,114,115,92,-1,116,117,98,-1,93,118,92,-1,92,118,119,-1,92,119,114,-1,120,99,121,-1,121,99,98,-1,121,98,122,-1,122,98,117,-1,115,123,92,-1,92,123,124,-1,92,124,98,-1,98,124,125,-1,98,125,116,-1,126,127,128,-1,128,127,129,-1,128,129,130,-1,131,132,133,-1,133,132,134,-1,133,134,135,-1,136,137,134,-1,134,132,136,-1,136,132,138,-1,136,138,139,-1,139,138,140,-1,139,140,141,-1,131,142,132,-1,132,142,143,-1,132,143,138,-1,138,143,144,-1,138,144,145,-1,145,144,146,-1,145,146,147,-1,148,149,150,-1,151,127,149,-1,149,127,126,-1,149,126,150,-1,148,150,152,-1,152,150,153,-1,152,153,154,-1,128,155,126,-1,126,155,156,-1,126,156,150,-1,150,156,157,-1,157,156,158,-1,157,158,159,-1,160,161,153,-1,153,161,162,-1,153,162,154,-1,160,163,161,-1,161,163,164,-1,161,164,165,-1,161,166,167,-1,167,166,145,-1,167,145,147,-1,168,145,169,-1,169,145,166,-1,169,166,170,-1,170,166,171,-1,133,129,131,-1,131,129,127,-1,151,162,127,-1,127,162,161,-1,127,161,131,-1,131,161,167,-1,131,167,142,-1,172,38,39,-1,173,174,175,-1,175,174,176,-1,176,177,175,-1,175,177,178,-1,175,178,179,-1,172,39,180,-1,181,182,39,-1,39,182,183,-1,39,183,180,-1,178,184,179,-1,179,184,185,-1,179,185,186,-1,185,187,186,-1,186,187,188,-1,186,188,189,-1,188,190,189,-1,189,190,191,-1,189,191,192,-1,191,193,192,-1,192,193,194,-1,192,194,181,-1,181,194,195,-1,181,195,182,-1,196,197,198,-1,199,200,201,-1,202,203,204,-1,204,203,205,-1,198,199,196,-1,196,199,201,-1,196,201,204,-1,204,201,206,-1,204,206,202,-1,202,206,207,-1,202,207,208,-1,208,207,209,-1,209,210,208,-1,208,210,211,-1,208,211,212,-1,213,214,215,-1,215,214,204,-1,215,204,216,-1,216,204,205,-1,217,218,219,-1,219,218,220,-1,221,222,223,-1,224,219,225,-1,225,219,220,-1,225,220,226,-1,226,220,227,-1,223,222,228,-1,229,230,223,-1,223,230,231,-1,223,231,221,-1,232,233,234,-1,234,233,235,-1,232,236,233,-1,233,236,237,-1,233,237,238,-1,238,237,226,-1,238,226,222,-1,222,226,227,-1,222,227,228,-1,
        ]
    }
}
Shape{
    appearance Appearance {
        material  Material 	{
            diffuseColor 0.7529411764705882 0.7529411764705882 0.7529411764705882
            specularColor 0.3764705882352941 0.3764705882352941 0.3764705882352941
            ambientIntensity 0.7529
            transparency 0.0
            shininess 0.5
        }
    }
    geometry IndexedFaceSet {
        ccw TRUE
        solid FALSE
        coord DEF co Coordinate {
            point [
                0.0004 0.3165 0.0256, 0.0004 0.3165 0.137, -0.0004 0.3165 0.0256, -0.0004 0.3165 0.137, -1.6382 0.3165 0.4605, -1.629 0.3165 0.415, -1.6118 0.3165 0.3678, -1.6133 0.3165 0.3687, -1.59 0.3165 0.3247, -1.5916 0.3165 0.3248, -1.5629 0.3165 0.2848, -1.5644 0.3165 0.2841, -1.531 0.3165 0.2485, -1.5322 0.3165 0.2473, -1.4948 0.3165 0.2166, -1.4954 0.3165 0.2151, -1.4548 0.3165 0.1895, -1.4547 0.3165 0.1879, -1.4117 0.3165 0.1678, -1.4108 0.3165 0.1663, -1.3662 0.3165 0.1516, -1.3645 0.3165 0.1505, -1.319 0.3165 0.1413
            ]
        }
        coordIndex [
            0,1,2,-1,2,1,3,-1,4,5,6,-1,6,5,7,-1,6,7,8,-1,8,7,9,-1,8,9,10,-1,10,9,11,-1,10,11,12,-1,12,11,13,-1,12,13,14,-1,14,13,15,-1,14,15,16,-1,16,15,17,-1,16,17,18,-1,18,17,19,-1,18,19,20,-1,20,19,21,-1,20,21,22,-1,
        ]
    }
}
Shape{
    appearance Appearance {
        material  Material 	{
            diffuseColor 0.25098039215686274 0.25098039215686274 0.25098039215686274
            specularColor 0.12549019607843137 0.12549019607843137 0.12549019607843137
            ambientIntensity 0.251
            transparency 0.0
            shininess 0.5
        }
    }
    geometry IndexedFaceSet {
        ccw TRUE
        solid FALSE
        coord DEF co Coordinate {
            point [
                -1.6425 0.3165 0.0256, -1.3437 0.3165 0.0256, -1.3772 0.3165 0.032, -1.4812 0.3165 0.0684, -1.5745 0.3165 0.1271, -1.6425 0.3165 0.1929, 1.6425 0.3165 0.0256, 1.6425 0.3165 0.1929, 1.5746 0.3165 0.1271, 1.4813 0.3165 0.0684, 1.3772 0.3165 0.032, 1.3437 0.3165 0.0256
            ]
        }
        coordIndex [
            0,1,2,-1,2,3,0,-1,0,3,4,-1,0,4,5,-1,6,7,8,-1,8,9,6,-1,6,9,10,-1,6,10,11,-1,
        ]
    }
}
Shape{
    appearance Appearance {
        material  Material 	{
            diffuseColor 0.7529411764705882 0.7529411764705882 0.7529411764705882
            specularColor 0.3764705882352941 0.3764705882352941 0.3764705882352941
            ambientIntensity 0.7529
            transparency 0.0
            shininess 0.5
        }
    }
    geometry IndexedFaceSet {
        ccw TRUE
        solid FALSE
        coord DEF co Coordinate {
            point [
                -1.6417 -0.5493 0.2165, -1.6417 -0.6674 0.2165, -1.7598 -0.5493 0.2165, -1.7598 -0.6674 0.2165, 1.7599 -0.5493 0.2165, 1.7599 -0.6674 0.2165, 1.6417 -0.5493 0.2165, 1.6417 -0.6674 0.2165, -1.7598 -0.9797 -0.2743, -1.7598 -0.9434 -0.3685, -1.6417 -0.9797 -0.2743, -1.6417 -0.9434 -0.3685, -1.7598 -0.9066 -0.3937, -1.7598 -0.7431 -0.3937, -1.6417 -0.9066 -0.3937, -1.6417 -0.7431 -0.3937, -1.7598 -0.7063 -0.3685, -1.7598 -0.67 -0.2743, -1.6417 -0.7063 -0.3685, -1.6417 -0.67 -0.2743, -1.7598 -0.6674 -0.2601, -1.6417 -0.6674 -0.2601, 1.6417 -0.6674 -0.2601, 1.7599 -0.6674 -0.2601, 1.6417 -0.7063 -0.3685, 1.6417 -0.67 -0.2743, 1.7599 -0.7063 -0.3685, 1.7599 -0.67 -0.2743, 1.6417 -0.9066 -0.3937, 1.6417 -0.7431 -0.3937, 1.7599 -0.9066 -0.3937, 1.7599 -0.7431 -0.3937, 1.6417 -0.9797 -0.2743, 1.6417 -0.9434 -0.3685, 1.7599 -0.9797 -0.2743, 1.7599 -0.9434 -0.3685, 1.7599 -0.9817 -0.2673, 1.6417 -0.9817 -0.2673, 1.7599 -0.9823 -0.2601, 1.6417 -0.9823 -0.2601, 1.7599 -0.916 -0.3926, 1.6417 -0.916 -0.3926, 1.7599 -0.9249 -0.3892, 1.6417 -0.9249 -0.3892, 1.7599 -0.9326 -0.3839, 1.6417 -0.9326 -0.3839, 1.7599 -0.9389 -0.3768, 1.6417 -0.9389 -0.3768, 1.7599 -0.7108 -0.3768, 1.6417 -0.7108 -0.3768, 1.7599 -0.717 -0.3839, 1.6417 -0.717 -0.3839, 1.7599 -0.7248 -0.3892, 1.6417 -0.7248 -0.3892, 1.7599 -0.7337 -0.3926, 1.6417 -0.7337 -0.3926, 1.7599 -0.668 -0.2673, 1.6417 -0.668 -0.2673, 1.6417 -0.5405 0.2175, 1.7599 -0.5405 0.2175, 1.6417 -0.5322 0.2204, 1.7599 -0.5322 0.2204, 1.6417 -0.5247 0.2251, 1.7599 -0.5247 0.2251, 1.6417 -0.5185 0.2314, 1.7599 -0.5185 0.2314, 1.6417 -0.5138 0.2388, 1.7599 -0.5138 0.2388, 1.6417 -0.5109 0.2471, 1.7599 -0.5109 0.2471, 1.6417 -0.5099 0.2559, 1.7599 -0.5099 0.2559, -1.6417 -0.9823 -0.2601, -1.7598 -0.9823 -0.2601, -1.7598 -0.9817 -0.2673, -1.6417 -0.9817 -0.2673, -1.7598 -0.9389 -0.3768, -1.6417 -0.9389 -0.3768, -1.7598 -0.9326 -0.3839, -1.6417 -0.9326 -0.3839, -1.7598 -0.9249 -0.3892, -1.6417 -0.9249 -0.3892, -1.7598 -0.916 -0.3926, -1.6417 -0.916 -0.3926, -1.7598 -0.7337 -0.3926, -1.6417 -0.7337 -0.3926, -1.7598 -0.7248 -0.3892, -1.6417 -0.7248 -0.3892, -1.7598 -0.717 -0.3839, -1.6417 -0.717 -0.3839, -1.7598 -0.7108 -0.3768, -1.6417 -0.7108 -0.3768, -1.7598 -0.668 -0.2673, -1.6417 -0.668 -0.2673, -1.7598 -0.5391 0.2179, -1.6417 -0.5391 0.2179, -1.7598 -0.5296 0.2218, -1.6417 -0.5296 0.2218, -1.7598 -0.5214 0.2281, -1.6417 -0.5214 0.2281, -1.7598 -0.5152 0.2362, -1.6417 -0.5152 0.2362, -1.7598 -0.5112 0.2457, -1.6417 -0.5112 0.2457, -1.7598 -0.5099 0.2559, -1.6417 -0.5099 0.2559
            ]
        }
        coordIndex [
            0,1,2,-1,2,1,3,-1,4,5,6,-1,6,5,7,-1,8,9,10,-1,10,9,11,-1,12,13,14,-1,14,13,15,-1,16,17,18,-1,18,17,19,-1,20,3,21,-1,21,3,1,-1,22,7,23,-1,23,7,5,-1,24,25,26,-1,26,25,27,-1,28,29,30,-1,30,29,31,-1,32,33,34,-1,34,33,35,-1,32,34,36,-1,32,36,37,-1,37,36,38,-1,37,38,39,-1,28,30,40,-1,28,40,41,-1,41,40,42,-1,41,42,43,-1,43,42,44,-1,43,44,45,-1,45,44,46,-1,45,46,47,-1,47,46,35,-1,47,35,33,-1,24,26,48,-1,24,48,49,-1,49,48,50,-1,49,50,51,-1,51,50,52,-1,51,52,53,-1,53,52,54,-1,53,54,55,-1,55,54,31,-1,55,31,29,-1,22,23,56,-1,22,56,57,-1,57,56,27,-1,57,27,25,-1,4,6,58,-1,4,58,59,-1,59,58,60,-1,59,60,61,-1,61,60,62,-1,61,62,63,-1,63,62,64,-1,63,64,65,-1,65,64,66,-1,65,66,67,-1,67,66,68,-1,67,68,69,-1,69,68,70,-1,69,70,71,-1,72,73,74,-1,72,74,75,-1,75,74,8,-1,75,8,10,-1,11,9,76,-1,11,76,77,-1,77,76,78,-1,77,78,79,-1,79,78,80,-1,79,80,81,-1,81,80,82,-1,81,82,83,-1,83,82,12,-1,83,12,14,-1,15,13,84,-1,15,84,85,-1,85,84,86,-1,85,86,87,-1,87,86,88,-1,87,88,89,-1,89,88,90,-1,89,90,91,-1,91,90,16,-1,91,16,18,-1,19,17,92,-1,19,92,93,-1,93,92,20,-1,93,20,21,-1,0,2,94,-1,0,94,95,-1,95,94,96,-1,95,96,97,-1,97,96,98,-1,97,98,99,-1,99,98,100,-1,99,100,101,-1,101,100,102,-1,101,102,103,-1,103,102,104,-1,103,104,105,-1,
        ]
    }
}